id,rank,priority,score,lat,lon,county,quad,gq,stream,channel,nhd,contact_class,geo_conf,line_symbol,polygon_pair,contact_style,unit_below,unit_above,interpretation,facies,elev_m,da_cross_km2,L_prim_km,DA_prim_km2,density,pen_pct,contact_slope_deg,relief_1km_m,incision_m,slope200_deg,grad300_pct,grad_prim_pct,prim_len_m,ext_len_m,S,D,E,I,Tt,Rg,G,dist_outline_km,doc_nearest,doc_nearest_km,doc_on_reach,report_on_reach,fault_dist_m,shares_reach_with_rank,reasons,negatives,evidence_quality,citation,walk_start_lat,walk_start_lon,source_zone_end_lat,source_zone_end_lon
1604,1,TOP PRIORITY,86.8,37.4972,-84.2321,Rockcastle,Johnetta,GQ-685,"Unnamed hollow head, tributary to Clear Creek",hollow head,not in NHD — DEM-derived channel (likely ephemeral hollow),VERIFIED TARGET CONTACT,High,Mbna,Mb|Mbr,CONTACT,"Nada Member (Mbna), Borden Fm",Renfro Member (Mbr),"Base of Renfro Member (Mbr) on Nada Member (Mbna), GQ-685.","West of the projected Locust Branch Fault trend: thick Renfro (16.7–17.5 m) with a cherty, geodiferous basal dolomite 1.5–5 m thick (Dever 1999, sections 83, 87); silica (chalcedony+quartz) geodes replacing upper Nada dolostone at KSPG Stop 6B.",377.0,0.016,45.2,9.05,5.0,25.0,22.6,165.0,40.0,23.9,16.5,5.0,1216.0,4013.0,1.0,0.76,0.532,0.803,0.923,1.0,1.0,0.0,"KSPG 2013 Stop 6B - Bighill roadcut, US-421",4.0,,,10712.0,,Mapped Nada/Renfro contact on Johnetta GQ (verified from the map legend) | Large source supply: 45.2 km of mapped target contact drains into the primary search reach | Concentrated source: 5.0 km of contact per km² of drainage (little dilution) | Deeply incised channel at the contact (40 m below the ±200 m mean surface) | Inside the KGS general Kentucky-agate area outline,Source channel is not in NHD — likely dry except after rain,"A — verified contact, documented technical locality within 5 km in the same facies belt","Geologic map of the Johnetta quadrangle, Rockcastle and Jackson Counties, Kentucky | James Louis Gualtieri | 1968 (GQ-685)",37.49197,-84.23952,37.49741,-84.23321
3506,2,TOP PRIORITY,86.4,37.5077,-84.2458,Rockcastle,Bighill,GQ-900,"Unnamed hollow head, tributary to Davis Branch",hollow head,not in NHD — DEM-derived channel (likely ephemeral hollow),VERIFIED TARGET CONTACT,High,Mbna,Mb|Msla,CONTACT,"Nada Member (Mbna), Borden Fm",Renfro Member (mapped Mbr on the GQ; merged into Slade Fm polygon Msla in KGS digital data),"Base of Renfro Member (Mbr) on top of Nada Member (Mbna), GQ-900.","West of the projected Locust Branch Fault trend: thick Renfro (16.7–17.5 m) with a cherty, geodiferous basal dolomite 1.5–5 m thick (Dever 1999, sections 83, 87); silica (chalcedony+quartz) geodes replacing upper Nada dolostone at KSPG Stop 6B.",390.0,0.031,22.8,3.5,6.51,18.0,23.1,159.0,41.0,22.3,10.6,5.2,1215.0,4014.0,0.853,0.935,0.555,0.784,0.908,1.0,1.0,0.0,"KSPG 2013 Stop 6B - Bighill roadcut, US-421",3.8,,,9396.0,,Mapped Nada/Renfro contact on Bighill GQ (verified from the map legend) | Large source supply: 22.8 km of mapped target contact drains into the primary search reach | Concentrated source: 6.5 km of contact per km² of drainage (little dilution) | Little Pennsylvanian sandstone upstream (18% of drainage) — fewer look-alike clasts | Deeply incised channel at the contact (41 m below the ±200 m mean surface) | Inside the KGS general Kentucky-agate area outline,Source channel is not in NHD — likely dry except after rain,"A — verified contact, documented technical locality within 5 km in the same facies belt","Geologic map of the Bighill quadrangle, east-central Kentucky | Gordon Whitney Weir, K. Y. Lee, and P.E. Cassity | 1971 (GQ-900)",37.50206,-84.25521,37.5071,-84.2471
1302,3,TOP PRIORITY,83.8,37.6333,-83.8883,Estill,Irvine,GQ-1285,"Unnamed hollow head, tributary to Buck Creek",hollow head,not in NHD — DEM-derived channel (likely ephemeral hollow),VERIFIED TARGET CONTACT (combined-unit top),Moderate-high,Mbna,Mb|Msla,SECONDARY,"Renfro and Nada Members, undivided (Mbrn) — digital polygon Mb",St. Louis Limestone Member of Newman/Slade (Msla) above the combined Renfro+Nada unit (Mbrn),"Top of mapped Renfro+Nada unit (Mbrn), GQ-1285. The Nada/Renfro contact itself is not drawn; it lies one Renfro thickness below this line (Renfro thickest NE, thinnest near Wagersville).",Northeast part of the belt: Renfro thin (GQ legends: ~5–10 ft in Powell County) and mapped with the Nada; the Nada/Renfro contact lies only a few feet to ~10 m below the mapped line. Historic collecting centre (Irvine–Estill–Powell).,309.0,0.015,41.4,7.41,5.58,27.0,31.4,199.0,23.0,20.1,28.7,9.6,1214.0,2626.0,1.0,0.843,0.971,0.718,0.583,1.0,0.95,0.0,Section 95 - Drip Rock (KY-89 roadcut),7.8,,,8701.0,,Mapped top of the Renfro+Nada unit; target contact lies a few feet to ~10 m lower in the same channel | Large source supply: 41.4 km of mapped target contact drains into the primary search reach | Concentrated source: 5.6 km of contact per km² of drainage (little dilution) | Steep slopes along the upstream contact (mean 31°) — active erosion/replenishment | Inside the KGS general Kentucky-agate area outline,"Nada/Renfro contact not drawn separately on this quadrangle | Steep reach (9.6%) — few bars; search pools, boulder lags and bank toes | Source channel is not in NHD — likely dry except after rain",B — verified contact inside KGS agate area; no measured section on this drainage,"Geologic map of the Irvine quadrangle, Estill County, Kentucky | Harry P. Hoge, Perry Braswell Wigley, and Fred R. Shawe | 1976 (GQ-1285)",37.63782,-83.88039,37.63405,-83.88802
2230,4,TOP PRIORITY,83.4,37.539,-84.2226,Madison,Bighill,GQ-900,"Unnamed hollow head, tributary to Cowbell Creek",hollow head,not in NHD — DEM-derived channel (likely ephemeral hollow),VERIFIED TARGET CONTACT,High,Mbna,Mb|Msla,CONTACT,"Nada Member (Mbna), Borden Fm",Renfro Member (mapped Mbr on the GQ; merged into Slade Fm polygon Msla in KGS digital data),"Base of Renfro Member (Mbr) on top of Nada Member (Mbna), GQ-900.","West of the projected Locust Branch Fault trend: thick Renfro (16.7–17.5 m) with a cherty, geodiferous basal dolomite 1.5–5 m thick (Dever 1999, sections 83, 87); silica (chalcedony+quartz) geodes replacing upper Nada dolostone at KSPG Stop 6B.",378.0,0.02,19.4,3.82,5.1,24.0,29.0,204.0,33.0,24.6,26.9,9.1,1214.0,4020.0,0.813,0.779,0.848,0.859,0.619,1.0,1.0,0.0,"KSPG 2013 Stop 6B - Bighill roadcut, US-421",1.5,,,6512.0,,"Mapped Nada/Renfro contact on Bighill GQ (verified from the map legend) | Concentrated source: 5.1 km of contact per km² of drainage (little dilution) | Steep slopes along the upstream contact (mean 29°) — active erosion/replenishment | Deeply incised channel at the contact (33 m below the ±200 m mean surface) | Inside the KGS general Kentucky-agate area outline | 1.5 km from documented locality: KSPG 2013 Stop 6B - Bighill roadcut, US-421","Steep reach (9.1%) — few bars; search pools, boulder lags and bank toes | Source channel is not in NHD — likely dry except after rain","A — verified contact, documented technical locality within 5 km in the same facies belt","Geologic map of the Bighill quadrangle, east-central Kentucky | Gordon Whitney Weir, K. Y. Lee, and P.E. Cassity | 1971 (GQ-900)",37.54718,-84.22707,37.53934,-84.22329
6519,5,TOP PRIORITY,82.9,37.5439,-84.1609,Jackson,Bighill,GQ-900,"Unnamed ravine / small hollow, tributary to Owsley Fork",ravine / small hollow,intermittent (NHD),VERIFIED TARGET CONTACT,High,Mbna,Mb|Msla,CONTACT,"Nada Member (Mbna), Borden Fm",Renfro Member (mapped Mbr on the GQ; merged into Slade Fm polygon Msla in KGS digital data),"Base of Renfro Member (Mbr) on top of Nada Member (Mbna), GQ-900.","West of the projected Locust Branch Fault trend: thick Renfro (16.7–17.5 m) with a cherty, geodiferous basal dolomite 1.5–5 m thick (Dever 1999, sections 83, 87); silica (chalcedony+quartz) geodes replacing upper Nada dolostone at KSPG Stop 6B.",345.0,0.252,31.6,10.58,2.98,23.0,30.1,227.0,36.0,20.4,19.4,8.0,1208.0,4026.0,0.938,0.458,0.906,0.953,0.699,1.0,1.0,0.0,Section 87 - Owsley Fork,3.3,,,7081.0,,Mapped Nada/Renfro contact on Bighill GQ (verified from the map legend) | Large source supply: 31.6 km of mapped target contact drains into the primary search reach | Steep slopes along the upstream contact (mean 30°) — active erosion/replenishment | Deeply incised channel at the contact (36 m below the ±200 m mean surface) | Inside the KGS general Kentucky-agate area outline,"Steep reach (8.0%) — few bars; search pools, boulder lags and bank toes","A — verified contact, documented technical locality within 5 km in the same facies belt","Geologic map of the Bighill quadrangle, east-central Kentucky | Gordon Whitney Weir, K. Y. Lee, and P.E. Cassity | 1971 (GQ-900)",37.53841,-84.16878,37.54311,-84.16181
1924,6,TOP PRIORITY,82.3,37.6144,-84.041,Estill,Alcorn,GQ-963,"Unnamed hollow head, tributary to Horns River",hollow head,not in NHD — DEM-derived channel (likely ephemeral hollow),VERIFIED TARGET CONTACT,High,Mbna,Mb|Msla,CONTACT,"Nada Member (Mbna), Borden Fm",Renfro Member (mapped Mbr on the GQ; merged into Slade Fm polygon Msla in KGS digital data),"Base of Renfro Member (Mbr) on top of Nada Member (Mbna). GQ-963 maps Renfro separately; KGS digital compilation merged Renfro into the Slade Formation polygon (Msla), so this line is the mapped Nada/Renfro contact.","Along/east of the projected Locust Branch Fault trend: Renfro 6.3–9.7 m resting on Nada shale (Dever 1999, sections 88–95); brecciated dolomite with quartz bodies as far NE as Drip Rock; epigenetic Zn-Pb at Rock Lick Creek shows fluid flow on this trend.",341.0,0.018,34.5,7.44,4.64,4.0,28.4,223.0,17.0,22.5,27.1,11.8,1217.0,1868.0,0.961,0.763,0.819,0.711,0.413,1.0,1.0,0.0,Section 95 - Drip Rock (KY-89 roadcut),7.0,,,1254.0,,Mapped Nada/Renfro contact on Alcorn GQ (verified from the map legend) | Large source supply: 34.5 km of mapped target contact drains into the primary search reach | Little Pennsylvanian sandstone upstream (4% of drainage) — fewer look-alike clasts | Steep slopes along the upstream contact (mean 28°) — active erosion/replenishment | Inside the KGS general Kentucky-agate area outline,"Steep reach (11.8%) — few bars; search pools, boulder lags and bank toes | Source channel is not in NHD — likely dry except after rain",B — verified contact inside KGS agate area; no measured section on this drainage,"Geologic map of the Alcorn quadrangle, east-central Kentucky | Charles L. Rice | 1972 (GQ-963)",37.6046,-84.03874,37.61365,-84.04042
3254,7,TOP PRIORITY,82.0,37.5841,-84.0106,Estill,Alcorn,GQ-963,"Unnamed hollow head, tributary to Middle Fork Station Camp Creek",hollow head,not in NHD — DEM-derived channel (likely ephemeral hollow),VERIFIED TARGET CONTACT,High,Mbna,Mb|Msla,CONTACT,"Nada Member (Mbna), Borden Fm",Renfro Member (mapped Mbr on the GQ; merged into Slade Fm polygon Msla in KGS digital data),"Base of Renfro Member (Mbr) on top of Nada Member (Mbna). GQ-963 maps Renfro separately; KGS digital compilation merged Renfro into the Slade Formation polygon (Msla), so this line is the mapped Nada/Renfro contact.","Along/east of the projected Locust Branch Fault trend: Renfro 6.3–9.7 m resting on Nada shale (Dever 1999, sections 88–95); brecciated dolomite with quartz bodies as far NE as Drip Rock; epigenetic Zn-Pb at Rock Lick Creek shows fluid flow on this trend.",301.0,0.028,25.2,8.85,2.84,55.0,30.1,199.0,40.0,24.3,9.8,4.7,1204.0,4024.0,0.879,0.383,0.903,0.922,0.949,1.0,1.0,0.0,Section 95 - Drip Rock (KY-89 roadcut),4.4,,Middle Fork Station Camp Creek,4776.0,,Mapped Nada/Renfro contact on Alcorn GQ (verified from the map legend) | Large source supply: 25.2 km of mapped target contact drains into the primary search reach | Steep slopes along the upstream contact (mean 30°) — active erosion/replenishment | Deeply incised channel at the contact (40 m below the ±200 m mean surface) | Inside the KGS general Kentucky-agate area outline,Source channel is not in NHD — likely dry except after rain,"A — verified contact, documented technical locality within 5 km in the same facies belt","Geologic map of the Alcorn quadrangle, east-central Kentucky | Charles L. Rice | 1972 (GQ-963)",37.57912,-84.00036,37.58349,-84.00924
3071,8,TOP PRIORITY,81.9,37.6333,-84.0131,Estill,Panola,GQ-686,"Unnamed hollow head, tributary to Henderson Branch",hollow head,not in NHD — DEM-derived channel (likely ephemeral hollow),VERIFIED TARGET CONTACT,High,Mbnc,Mb|Msla,CONTACT,"Nada and Cowbell Members, undivided (Mbnc), Borden Fm",Renfro Member (Mbr on GQ-686),"Base of Renfro Member (Mbr) on top of combined Nada and Cowbell Members (Mbnc), GQ-686. Upper edge of Mbnc is the top of the Nada.","Along/east of the projected Locust Branch Fault trend: Renfro 6.3–9.7 m resting on Nada shale (Dever 1999, sections 88–95); brecciated dolomite with quartz bodies as far NE as Drip Rock; epigenetic Zn-Pb at Rock Lick Creek shows fluid flow on this trend.",339.0,0.026,8.1,1.26,6.45,11.0,30.9,191.0,33.0,19.5,17.1,9.1,1204.0,2998.0,0.595,0.963,0.945,0.81,0.616,1.0,1.0,0.0,Section 95 - Drip Rock (KY-89 roadcut),5.9,,,1917.0,,Mapped Nada/Renfro contact on Panola GQ (verified from the map legend) | Concentrated source: 6.5 km of contact per km² of drainage (little dilution) | Little Pennsylvanian sandstone upstream (11% of drainage) — fewer look-alike clasts | Steep slopes along the upstream contact (mean 31°) — active erosion/replenishment | Deeply incised channel at the contact (33 m below the ±200 m mean surface) | Inside the KGS general Kentucky-agate area outline,"Steep reach (9.1%) — few bars; search pools, boulder lags and bank toes | Source channel is not in NHD — likely dry except after rain",B — verified contact inside KGS agate area; no measured section on this drainage,"Geologic map of the Panola quadrangle, Estill and Madison Counties, Kentucky | Robert C. Greene | 1968 (GQ-686)",37.62656,-84.01635,37.63317,-84.01404
3474,9,TOP PRIORITY,81.8,37.7654,-83.8586,Powell,Stanton,GQ-1182,"Unnamed hollow head, tributary to Hardwick Creek",hollow head,not in NHD — DEM-derived channel (likely ephemeral hollow),VERIFIED TARGET CONTACT (combined-unit top),Moderate-high,Mbna,Mb|Msla,SECONDARY,"Renfro and Nada Members, undivided (Mbrn) — digital polygon Mb",St. Louis Limestone Member of Newman/Slade (Msla) above the combined Renfro+Nada unit (Mbrn),"Top of mapped Renfro+Nada unit (Mbrn), GQ-1182. Renfro commonly about 5 ft thick, so the target contact lies a few feet below this line.",Northeast part of the belt: Renfro thin (GQ legends: ~5–10 ft in Powell County) and mapped with the Nada; the Nada/Renfro contact lies only a few feet to ~10 m below the mapped line. Historic collecting centre (Irvine–Estill–Powell).,319.0,0.03,52.7,9.69,5.44,15.0,24.4,178.0,30.0,17.0,22.1,8.1,1212.0,4022.0,1.0,0.858,0.618,0.72,0.695,1.0,0.95,0.0,Section 95 - Drip Rock (KY-89 roadcut),20.8,,,384.0,,Mapped top of the Renfro+Nada unit; target contact lies a few feet to ~10 m lower in the same channel | Large source supply: 52.7 km of mapped target contact drains into the primary search reach | Concentrated source: 5.4 km of contact per km² of drainage (little dilution) | Little Pennsylvanian sandstone upstream (15% of drainage) — fewer look-alike clasts | Inside the KGS general Kentucky-agate area outline,"Nada/Renfro contact not drawn separately on this quadrangle | Steep reach (8.1%) — few bars; search pools, boulder lags and bank toes | Source channel is not in NHD — likely dry except after rain",B — verified contact inside KGS agate area; no measured section on this drainage,"Geologic map of the Stanton quadrangle, Powell and Estill Counties, Kentucky | Gordon Whitney Weir | 1974 (GQ-1182)",37.77289,-83.86382,37.76627,-83.85888
1410,10,TOP PRIORITY,81.4,37.5699,-84.1621,Madison,Bighill,GQ-900,"Unnamed hollow head, tributary to Floyd Branch",hollow head,not in NHD — DEM-derived channel (likely ephemeral hollow),VERIFIED TARGET CONTACT,High,Mbna,Mb|Msla,CONTACT,"Nada Member (Mbna), Borden Fm",Renfro Member (mapped Mbr on the GQ; merged into Slade Fm polygon Msla in KGS digital data),"Base of Renfro Member (Mbr) on top of Nada Member (Mbna), GQ-900.","West of the projected Locust Branch Fault trend: thick Renfro (16.7–17.5 m) with a cherty, geodiferous basal dolomite 1.5–5 m thick (Dever 1999, sections 83, 87); silica (chalcedony+quartz) geodes replacing upper Nada dolostone at KSPG Stop 6B.",345.0,0.016,30.9,6.97,4.43,9.0,27.9,192.0,21.0,17.8,28.4,9.5,1201.0,2730.0,0.932,0.714,0.794,0.665,0.59,1.0,1.0,0.0,Section 83 - Bighill (US-421 roadcut),5.4,,,4264.0,,Mapped Nada/Renfro contact on Bighill GQ (verified from the map legend) | Large source supply: 30.9 km of mapped target contact drains into the primary search reach | Little Pennsylvanian sandstone upstream (9% of drainage) — fewer look-alike clasts | Steep slopes along the upstream contact (mean 28°) — active erosion/replenishment | Inside the KGS general Kentucky-agate area outline,"Steep reach (9.5%) — few bars; search pools, boulder lags and bank toes | Source channel is not in NHD — likely dry except after rain",B — verified contact inside KGS agate area; no measured section on this drainage,"Geologic map of the Bighill quadrangle, east-central Kentucky | Gordon Whitney Weir, K. Y. Lee, and P.E. Cassity | 1971 (GQ-900)",37.57298,-84.15253,37.56977,-84.16125
2796,11,STRONG TARGET,81.3,37.5385,-84.239,Madison,Bighill,GQ-900,"Unnamed hollow head, tributary to East Fork Silver Creek",hollow head,not in NHD — DEM-derived channel (likely ephemeral hollow),VERIFIED TARGET CONTACT,High,Mbna,Mb|Msla,CONTACT,"Nada Member (Mbna), Borden Fm",Renfro Member (mapped Mbr on the GQ; merged into Slade Fm polygon Msla in KGS digital data),"Base of Renfro Member (Mbr) on top of Nada Member (Mbna), GQ-900.","West of the projected Locust Branch Fault trend: thick Renfro (16.7–17.5 m) with a cherty, geodiferous basal dolomite 1.5–5 m thick (Dever 1999, sections 83, 87); silica (chalcedony+quartz) geodes replacing upper Nada dolostone at KSPG Stop 6B.",392.0,0.023,16.3,2.74,5.94,15.0,26.2,165.0,22.0,21.9,23.0,7.2,1212.0,4018.0,0.767,0.937,0.708,0.58,0.762,1.0,1.0,0.0,"KSPG 2013 Stop 6B - Bighill roadcut, US-421",2.7,,,6101.0,,"Mapped Nada/Renfro contact on Bighill GQ (verified from the map legend) | Concentrated source: 5.9 km of contact per km² of drainage (little dilution) | Little Pennsylvanian sandstone upstream (15% of drainage) — fewer look-alike clasts | Steep slopes along the upstream contact (mean 26°) — active erosion/replenishment | Inside the KGS general Kentucky-agate area outline | 2.7 km from documented locality: KSPG 2013 Stop 6B - Bighill roadcut, US-421",Source channel is not in NHD — likely dry except after rain,"A — verified contact, documented technical locality within 5 km in the same facies belt","Geologic map of the Bighill quadrangle, east-central Kentucky | Gordon Whitney Weir, K. Y. Lee, and P.E. Cassity | 1971 (GQ-900)",37.54594,-84.24319,37.53847,-84.23984
695,12,STRONG TARGET,81.0,37.5176,-84.2332,Rockcastle,Bighill,GQ-900,"Unnamed hollow head, tributary to Clear Creek",hollow head,not in NHD — DEM-derived channel (likely ephemeral hollow),VERIFIED TARGET CONTACT,High,Mbna,Mb|Msla,CONTACT,"Nada Member (Mbna), Borden Fm",Renfro Member (mapped Mbr on the GQ; merged into Slade Fm polygon Msla in KGS digital data),"Base of Renfro Member (Mbr) on top of Nada Member (Mbna), GQ-900.","West of the projected Locust Branch Fault trend: thick Renfro (16.7–17.5 m) with a cherty, geodiferous basal dolomite 1.5–5 m thick (Dever 1999, sections 83, 87); silica (chalcedony+quartz) geodes replacing upper Nada dolostone at KSPG Stop 6B.",378.0,0.013,24.7,5.39,4.58,34.0,23.9,147.0,33.0,19.9,9.5,4.1,1202.0,4008.0,0.874,0.673,0.596,0.652,0.995,1.0,1.0,0.0,"KSPG 2013 Stop 6B - Bighill roadcut, US-421",2.3,,,8473.0,,"Mapped Nada/Renfro contact on Bighill GQ (verified from the map legend) | Large source supply: 24.7 km of mapped target contact drains into the primary search reach | Deeply incised channel at the contact (33 m below the ±200 m mean surface) | Inside the KGS general Kentucky-agate area outline | 2.3 km from documented locality: KSPG 2013 Stop 6B - Bighill roadcut, US-421",Source channel is not in NHD — likely dry except after rain,"A — verified contact, documented technical locality within 5 km in the same facies belt","Geologic map of the Bighill quadrangle, east-central Kentucky | Gordon Whitney Weir, K. Y. Lee, and P.E. Cassity | 1971 (GQ-900)",37.50942,-84.23073,37.51703,-84.23249
2151,13,STRONG TARGET,80.9,37.6276,-84.0446,Estill,Panola,GQ-686,"Unnamed hollow head, tributary to Jenkins Branch",hollow head,not in NHD — DEM-derived channel (likely ephemeral hollow),VERIFIED TARGET CONTACT,High,Mbnc,Mb|Msla,CONTACT,"Nada and Cowbell Members, undivided (Mbnc), Borden Fm",Renfro Member (Mbr on GQ-686),"Base of Renfro Member (Mbr) on top of combined Nada and Cowbell Members (Mbnc), GQ-686. Upper edge of Mbnc is the top of the Nada.","Along/east of the projected Locust Branch Fault trend: Renfro 6.3–9.7 m resting on Nada shale (Dever 1999, sections 88–95); brecciated dolomite with quartz bodies as far NE as Drip Rock; epigenetic Zn-Pb at Rock Lick Creek shows fluid flow on this trend.",347.0,0.019,9.5,1.49,6.34,1.0,27.7,185.0,28.0,20.7,22.6,8.7,1216.0,3251.0,0.633,0.995,0.785,0.72,0.65,1.0,1.0,0.0,Section 95 - Drip Rock (KY-89 roadcut),7.8,,,1112.0,,Mapped Nada/Renfro contact on Panola GQ (verified from the map legend) | Concentrated source: 6.3 km of contact per km² of drainage (little dilution) | Little Pennsylvanian sandstone upstream (1% of drainage) — fewer look-alike clasts | Steep slopes along the upstream contact (mean 28°) — active erosion/replenishment | Inside the KGS general Kentucky-agate area outline,"Steep reach (8.7%) — few bars; search pools, boulder lags and bank toes | Source channel is not in NHD — likely dry except after rain",B — verified contact inside KGS agate area; no measured section on this drainage,"Geologic map of the Panola quadrangle, Estill and Madison Counties, Kentucky | Robert C. Greene | 1968 (GQ-686)",37.61869,-84.04,37.62708,-84.0442
5391,14,STRONG TARGET,80.6,37.5914,-83.9683,Estill,Leighton,GQ-1495,"Unnamed ravine / small hollow, tributary to Middle Fork Station Camp Creek",ravine / small hollow,intermittent (NHD),VERIFIED TARGET CONTACT (combined-unit top),Moderate-high,Mbna,Mb|Msla,SECONDARY,"Renfro and Nada Members, undivided (Mbrn) — digital polygon Mb",St. Louis Limestone Member of Newman/Slade (Msla) above the combined Renfro+Nada unit (Mbrn),"Top of mapped Renfro+Nada unit (Mbrn), GQ-1495. Nada: greenish and grayish-red shale with mid-unit glauconitic seam and silty dolomite beds near top.","Along/east of the projected Locust Branch Fault trend: Renfro 6.3–9.7 m resting on Nada shale (Dever 1999, sections 88–95); brecciated dolomite with quartz bodies as far NE as Drip Rock; epigenetic Zn-Pb at Rock Lick Creek shows fluid flow on this trend.",301.0,0.084,57.4,16.36,3.51,51.0,29.9,203.0,41.0,21.2,13.4,7.8,1219.0,4015.0,1.0,0.48,0.897,0.94,0.716,1.0,0.95,0.0,Section 95 - Drip Rock (KY-89 roadcut),0.8,,Middle Fork Station Camp Creek,6628.0,,Mapped top of the Renfro+Nada unit; target contact lies a few feet to ~10 m lower in the same channel | Large source supply: 57.4 km of mapped target contact drains into the primary search reach | Steep slopes along the upstream contact (mean 30°) — active erosion/replenishment | Deeply incised channel at the contact (41 m below the ±200 m mean surface) | Inside the KGS general Kentucky-agate area outline | 0.8 km from documented locality: Section 95 - Drip Rock (KY-89 roadcut),Nada/Renfro contact not drawn separately on this quadrangle,B — verified contact inside KGS agate area; no measured section on this drainage,"Geologic map of the Leighton quadrangle, east-central Kentucky | Donald C. Haney and Charles L. Rice | 1978 (GQ-1495)",37.59492,-83.97707,37.5913,-83.96929
5591,15,STRONG TARGET,80.6,37.6927,-83.8496,Estill,Cobhill,GQ-1347,"Unnamed ravine / small hollow, tributary to Furnace Fork",ravine / small hollow,not in NHD — DEM-derived channel (likely ephemeral hollow),VERIFIED TARGET CONTACT (combined-unit top),Moderate-high,Mbna,Mb|Msla,SECONDARY,"Renfro and Nada Members, undivided (Mbrn) — digital polygon Mb",St. Louis Limestone Member of Newman/Slade (Msla) above the combined Renfro+Nada unit (Mbrn),"Top of mapped Renfro+Nada unit (Mbrn), GQ-1347.",Northeast part of the belt: Renfro thin (GQ legends: ~5–10 ft in Powell County) and mapped with the Nada; the Nada/Renfro contact lies only a few feet to ~10 m below the mapped line. Historic collecting centre (Irvine–Estill–Powell).,301.0,0.096,118.0,25.9,4.55,23.0,30.2,172.0,31.0,17.3,19.0,9.0,1217.0,3880.0,1.0,0.69,0.911,0.712,0.624,1.0,0.95,0.0,Section 95 - Drip Rock (KY-89 roadcut),14.6,,,7198.0,,Mapped top of the Renfro+Nada unit; target contact lies a few feet to ~10 m lower in the same channel | Large source supply: 118.0 km of mapped target contact drains into the primary search reach | Steep slopes along the upstream contact (mean 30°) — active erosion/replenishment | Deeply incised channel at the contact (31 m below the ±200 m mean surface) | Inside the KGS general Kentucky-agate area outline,"Nada/Renfro contact not drawn separately on this quadrangle | Steep reach (9.0%) — few bars; search pools, boulder lags and bank toes | Source channel is not in NHD — likely dry except after rain",B — verified contact inside KGS agate area; no measured section on this drainage,"Geologic map of the Cobhill quadrangle, east-central Kentucky | Donald C. Haney | 1976 (GQ-1347)",37.68766,-83.85744,37.69218,-83.85112
6235,16,STRONG TARGET,79.6,37.5741,-83.9849,Jackson,Leighton,GQ-1495,"Unnamed ravine / small hollow, tributary to Middle Fork Station Camp Creek",ravine / small hollow,not in NHD — DEM-derived channel (likely ephemeral hollow),VERIFIED TARGET CONTACT (combined-unit top),Moderate-high,Mbna,Mb|Msla,SECONDARY,"Renfro and Nada Members, undivided (Mbrn) — digital polygon Mb",St. Louis Limestone Member of Newman/Slade (Msla) above the combined Renfro+Nada unit (Mbrn),"Top of mapped Renfro+Nada unit (Mbrn), GQ-1495. Nada: greenish and grayish-red shale with mid-unit glauconitic seam and silty dolomite beds near top.","Along/east of the projected Locust Branch Fault trend: Renfro 6.3–9.7 m resting on Nada shale (Dever 1999, sections 88–95); brecciated dolomite with quartz bodies as far NE as Drip Rock; epigenetic Zn-Pb at Rock Lick Creek shows fluid flow on this trend.",302.0,0.171,37.5,11.37,3.3,52.0,30.0,194.0,38.0,22.5,14.5,6.6,1214.0,4023.0,0.983,0.449,0.898,0.879,0.806,1.0,0.95,0.0,Section 95 - Drip Rock (KY-89 roadcut),3.2,,Middle Fork Station Camp Creek,6874.0,,Mapped top of the Renfro+Nada unit; target contact lies a few feet to ~10 m lower in the same channel | Large source supply: 37.5 km of mapped target contact drains into the primary search reach | Steep slopes along the upstream contact (mean 30°) — active erosion/replenishment | Deeply incised channel at the contact (38 m below the ±200 m mean surface) | Inside the KGS general Kentucky-agate area outline,Nada/Renfro contact not drawn separately on this quadrangle | Source channel is not in NHD — likely dry except after rain,B — verified contact inside KGS agate area; no measured section on this drainage,"Geologic map of the Leighton quadrangle, east-central Kentucky | Donald C. Haney and Charles L. Rice | 1978 (GQ-1495)",37.5823,-83.9837,37.57476,-83.98491
4483,17,STRONG TARGET,79.2,37.5742,-84.0551,Estill,Alcorn,GQ-963,"Unnamed hollow head, tributary to Bicknell Branch",hollow head,not in NHD — DEM-derived channel (likely ephemeral hollow),VERIFIED TARGET CONTACT,High,Mbna,Mb|Msla,CONTACT,"Nada Member (Mbna), Borden Fm",Renfro Member (mapped Mbr on the GQ; merged into Slade Fm polygon Msla in KGS digital data),"Base of Renfro Member (Mbr) on top of Nada Member (Mbna). GQ-963 maps Renfro separately; KGS digital compilation merged Renfro into the Slade Formation polygon (Msla), so this line is the mapped Nada/Renfro contact.","Along/east of the projected Locust Branch Fault trend: Renfro 6.3–9.7 m resting on Nada shale (Dever 1999, sections 88–95); brecciated dolomite with quartz bodies as far NE as Drip Rock; epigenetic Zn-Pb at Rock Lick Creek shows fluid flow on this trend.",327.0,0.049,20.0,4.81,4.15,35.0,31.9,199.0,25.0,20.0,22.2,9.9,1206.0,2291.0,0.82,0.606,0.997,0.736,0.558,1.0,1.0,0.0,Section 89 - Rock Lick Creek ('Platinum Mine' prospect),3.9,,,4708.0,,Mapped Nada/Renfro contact on Alcorn GQ (verified from the map legend) | Steep slopes along the upstream contact (mean 32°) — active erosion/replenishment | Inside the KGS general Kentucky-agate area outline,"Steep reach (9.9%) — few bars; search pools, boulder lags and bank toes | Source channel is not in NHD — likely dry except after rain","A — verified contact, documented technical locality within 5 km in the same facies belt","Geologic map of the Alcorn quadrangle, east-central Kentucky | Charles L. Rice | 1972 (GQ-963)",37.58333,-84.05317,37.57489,-84.05441
1682,18,STRONG TARGET,79.2,37.5291,-84.1929,Jackson,Bighill,GQ-900,"Unnamed hollow head, tributary to Owsley Fork",hollow head,not in NHD — DEM-derived channel (likely ephemeral hollow),VERIFIED TARGET CONTACT,High,Mbna,Mb|Msla,CONTACT,"Nada Member (Mbna), Borden Fm",Renfro Member (mapped Mbr on the GQ; merged into Slade Fm polygon Msla in KGS digital data),"Base of Renfro Member (Mbr) on top of Nada Member (Mbna), GQ-900.","West of the projected Locust Branch Fault trend: thick Renfro (16.7–17.5 m) with a cherty, geodiferous basal dolomite 1.5–5 m thick (Dever 1999, sections 83, 87); silica (chalcedony+quartz) geodes replacing upper Nada dolostone at KSPG Stop 6B.",364.0,0.017,15.6,4.22,3.7,13.0,33.2,231.0,28.0,19.9,23.5,9.6,1212.0,4006.0,0.757,0.589,1.0,0.844,0.583,1.0,1.0,0.0,Section 83 - Bighill (US-421 roadcut),0.1,Section 83 - Bighill (US-421 roadcut),,8346.0,,Mapped Nada/Renfro contact on Bighill GQ (verified from the map legend) | Little Pennsylvanian sandstone upstream (13% of drainage) — fewer look-alike clasts | Steep slopes along the upstream contact (mean 33°) — active erosion/replenishment | Inside the KGS general Kentucky-agate area outline | 0.1 km from documented locality: Section 83 - Bighill (US-421 roadcut),"Steep reach (9.6%) — few bars; search pools, boulder lags and bank toes | Source channel is not in NHD — likely dry except after rain","A — verified contact, documented technical locality within 5 km in the same facies belt","Geologic map of the Bighill quadrangle, east-central Kentucky | Gordon Whitney Weir, K. Y. Lee, and P.E. Cassity | 1971 (GQ-900)",37.53759,-84.18737,37.52979,-84.19287
5525,19,STRONG TARGET,79.1,37.6945,-83.8854,Estill,Irvine,GQ-1285,"Unnamed ravine / small hollow, tributary to Long Branch",ravine / small hollow,not in NHD — DEM-derived channel (likely ephemeral hollow),VERIFIED TARGET CONTACT (combined-unit top),Moderate-high,Mbna,Mb|Msla,SECONDARY,"Renfro and Nada Members, undivided (Mbrn) — digital polygon Mb",St. Louis Limestone Member of Newman/Slade (Msla) above the combined Renfro+Nada unit (Mbrn),"Top of mapped Renfro+Nada unit (Mbrn), GQ-1285. The Nada/Renfro contact itself is not drawn; it lies one Renfro thickness below this line (Renfro thickest NE, thinnest near Wagersville).",Northeast part of the belt: Renfro thin (GQ legends: ~5–10 ft in Powell County) and mapped with the Nada; the Nada/Renfro contact lies only a few feet to ~10 m below the mapped line. Historic collecting centre (Irvine–Estill–Powell).,324.0,0.092,16.5,2.97,5.58,29.0,31.7,180.0,32.0,16.3,14.4,9.2,1217.0,3766.0,0.771,0.835,0.985,0.754,0.61,1.0,0.95,0.0,Section 95 - Drip Rock (KY-89 roadcut),12.8,,,4442.0,,Mapped top of the Renfro+Nada unit; target contact lies a few feet to ~10 m lower in the same channel | Concentrated source: 5.6 km of contact per km² of drainage (little dilution) | Steep slopes along the upstream contact (mean 32°) — active erosion/replenishment | Deeply incised channel at the contact (32 m below the ±200 m mean surface) | Inside the KGS general Kentucky-agate area outline,"Nada/Renfro contact not drawn separately on this quadrangle | Steep reach (9.2%) — few bars; search pools, boulder lags and bank toes | Source channel is not in NHD — likely dry except after rain",B — verified contact inside KGS agate area; no measured section on this drainage,"Geologic map of the Irvine quadrangle, Estill County, Kentucky | Harry P. Hoge, Perry Braswell Wigley, and Fred R. Shawe | 1976 (GQ-1285)",37.68782,-83.87693,37.6936,-83.88417
5817,20,STRONG TARGET,79.0,37.6621,-83.9565,Estill,Irvine,GQ-1285,"Unnamed ravine / small hollow, tributary to Little Doe Creek",ravine / small hollow,not in NHD — DEM-derived channel (likely ephemeral hollow),VERIFIED TARGET CONTACT (combined-unit top),Moderate-high,Mbna,Mb|Msla,SECONDARY,"Renfro and Nada Members, undivided (Mbrn) — digital polygon Mb",St. Louis Limestone Member of Newman/Slade (Msla) above the combined Renfro+Nada unit (Mbrn),"Top of mapped Renfro+Nada unit (Mbrn), GQ-1285. The Nada/Renfro contact itself is not drawn; it lies one Renfro thickness below this line (Renfro thickest NE, thinnest near Wagersville).",Northeast part of the belt: Renfro thin (GQ legends: ~5–10 ft in Powell County) and mapped with the Nada; the Nada/Renfro contact lies only a few feet to ~10 m below the mapped line. Historic collecting centre (Irvine–Estill–Powell).,331.0,0.116,15.8,2.75,5.75,22.0,31.8,184.0,30.0,17.8,14.6,10.3,1224.0,2602.0,0.76,0.885,0.989,0.75,0.528,1.0,0.95,0.0,Section 95 - Drip Rock (KY-89 roadcut),7.2,,,2368.0,,Mapped top of the Renfro+Nada unit; target contact lies a few feet to ~10 m lower in the same channel | Concentrated source: 5.7 km of contact per km² of drainage (little dilution) | Steep slopes along the upstream contact (mean 32°) — active erosion/replenishment | Deeply incised channel at the contact (30 m below the ±200 m mean surface) | Inside the KGS general Kentucky-agate area outline,"Nada/Renfro contact not drawn separately on this quadrangle | Steep reach (10.3%) — few bars; search pools, boulder lags and bank toes | Source channel is not in NHD — likely dry except after rain",B — verified contact inside KGS agate area; no measured section on this drainage,"Geologic map of the Irvine quadrangle, Estill County, Kentucky | Harry P. Hoge, Perry Braswell Wigley, and Fred R. Shawe | 1976 (GQ-1285)",37.66552,-83.94723,37.66265,-83.95506
3989,21,STRONG TARGET,79.0,37.6521,-83.9238,Estill,Irvine,GQ-1285,"Unnamed hollow head, tributary to Big Doe Creek",hollow head,not in NHD — DEM-derived channel (likely ephemeral hollow),VERIFIED TARGET CONTACT (combined-unit top),Moderate-high,Mbna,Mb|Msla,SECONDARY,"Renfro and Nada Members, undivided (Mbrn) — digital polygon Mb",St. Louis Limestone Member of Newman/Slade (Msla) above the combined Renfro+Nada unit (Mbrn),"Top of mapped Renfro+Nada unit (Mbrn), GQ-1285. The Nada/Renfro contact itself is not drawn; it lies one Renfro thickness below this line (Renfro thickest NE, thinnest near Wagersville).",Northeast part of the belt: Renfro thin (GQ legends: ~5–10 ft in Powell County) and mapped with the Nada; the Nada/Renfro contact lies only a few feet to ~10 m below the mapped line. Historic collecting centre (Irvine–Estill–Powell).,341.0,0.038,24.0,4.08,5.88,16.0,32.0,182.0,17.0,15.9,24.0,11.5,1204.0,4020.0,0.867,0.925,0.999,0.572,0.438,1.0,0.95,0.0,Section 95 - Drip Rock (KY-89 roadcut),7.0,,,5044.0,,Mapped top of the Renfro+Nada unit; target contact lies a few feet to ~10 m lower in the same channel | Large source supply: 24.0 km of mapped target contact drains into the primary search reach | Concentrated source: 5.9 km of contact per km² of drainage (little dilution) | Little Pennsylvanian sandstone upstream (16% of drainage) — fewer look-alike clasts | Steep slopes along the upstream contact (mean 32°) — active erosion/replenishment | Inside the KGS general Kentucky-agate area outline,"Nada/Renfro contact not drawn separately on this quadrangle | Steep reach (11.5%) — few bars; search pools, boulder lags and bank toes | Source channel is not in NHD — likely dry except after rain",B — verified contact inside KGS agate area; no measured section on this drainage,"Geologic map of the Irvine quadrangle, Estill County, Kentucky | Harry P. Hoge, Perry Braswell Wigley, and Fred R. Shawe | 1976 (GQ-1285)",37.6599,-83.92548,37.65246,-83.92329
1906,22,STRONG TARGET,78.7,37.7989,-83.7545,Powell,Stanton,GQ-1182,"Unnamed hollow head, tributary to Gladie Branch",hollow head,not in NHD — DEM-derived channel (likely ephemeral hollow),VERIFIED TARGET CONTACT (combined-unit top),Moderate-high,Mbna,Mb|Msla,SECONDARY,"Renfro and Nada Members, undivided (Mbrn) — digital polygon Mb",St. Louis Limestone Member of Newman/Slade (Msla) above the combined Renfro+Nada unit (Mbrn),"Top of mapped Renfro+Nada unit (Mbrn), GQ-1182. Renfro commonly about 5 ft thick, so the target contact lies a few feet below this line.",Northeast part of the belt: Renfro thin (GQ legends: ~5–10 ft in Powell County) and mapped with the Nada; the Nada/Renfro contact lies only a few feet to ~10 m below the mapped line. Historic collecting centre (Irvine–Estill–Powell).,294.0,0.018,26.0,3.92,6.64,31.0,18.0,190.0,32.0,20.6,15.0,6.8,1217.0,4015.0,0.887,0.89,0.3,0.794,0.789,1.0,0.95,0.0,Section 95 - Drip Rock (KY-89 roadcut),29.0,,,2416.0,,Mapped top of the Renfro+Nada unit; target contact lies a few feet to ~10 m lower in the same channel | Large source supply: 26.0 km of mapped target contact drains into the primary search reach | Concentrated source: 6.6 km of contact per km² of drainage (little dilution) | Deeply incised channel at the contact (32 m below the ±200 m mean surface) | Inside the KGS general Kentucky-agate area outline,Nada/Renfro contact not drawn separately on this quadrangle | Source channel is not in NHD — likely dry except after rain,B — verified contact inside KGS agate area; no measured section on this drainage,"Geologic map of the Stanton quadrangle, Powell and Estill Counties, Kentucky | Gordon Whitney Weir | 1974 (GQ-1182)",37.7954,-83.74388,37.79837,-83.75374
4558,23,STRONG TARGET,78.6,37.7847,-83.8931,Powell,Clay City,GQ-663,"Unnamed ravine / small hollow, tributary to Hardwick Creek",ravine / small hollow,not in NHD — DEM-derived channel (likely ephemeral hollow),VERIFIED TARGET CONTACT,High,Mb,Mb|Msla,CONTACT,Borden Fm,Renfro Member,"Base of Renfro Member (Mbr) on Nada Member (Mbna); GQ-663 legend maps Mbr, Mbna and Mbc separately. The KGS digital line carries the generic symbol Mb because Renfro was merged into the Slade polygon.",Northeast part of the belt: Renfro thin (GQ legends: ~5–10 ft in Powell County) and mapped with the Nada; the Nada/Renfro contact lies only a few feet to ~10 m below the mapped line. Historic collecting centre (Irvine–Estill–Powell).,326.0,0.051,109.5,25.93,4.22,11.0,25.1,187.0,13.0,20.5,27.4,10.0,1227.0,4020.0,1.0,0.67,0.654,0.548,0.549,1.0,1.0,0.0,Section 95 - Drip Rock (KY-89 roadcut),21.7,,,175.0,,"Mapped Nada/Renfro contact on Clay City GQ (verified from the map legend) | Large source supply: 109.5 km of mapped target contact drains into the primary search reach | Little Pennsylvanian sandstone upstream (11% of drainage) — fewer look-alike clasts | Steep slopes along the upstream contact (mean 25°) — active erosion/replenishment | Inside the KGS general Kentucky-agate area outline | Mapped fault 175 m away (reported only, not scored)","Steep reach (10.0%) — few bars; search pools, boulder lags and bank toes | Source channel is not in NHD — likely dry except after rain",B — verified contact inside KGS agate area; no measured section on this drainage,"Geologic map of the Clay City quadrangle, Powell and Estill Counties, Kentucky | George Clarke Simmons | 1967 (GQ-663)",37.79297,-83.88727,37.78537,-83.89281
6020,24,STRONG TARGET,78.6,37.7242,-83.8446,Estill,Cobhill,GQ-1347,"Unnamed ravine / small hollow, tributary to Furnace Fork",ravine / small hollow,not in NHD — DEM-derived channel (likely ephemeral hollow),VERIFIED TARGET CONTACT (combined-unit top),Moderate-high,Mbna,Mb|Msla,SECONDARY,"Renfro and Nada Members, undivided (Mbrn) — digital polygon Mb",St. Louis Limestone Member of Newman/Slade (Msla) above the combined Renfro+Nada unit (Mbrn),"Top of mapped Renfro+Nada unit (Mbrn), GQ-1347.",Northeast part of the belt: Renfro thin (GQ legends: ~5–10 ft in Powell County) and mapped with the Nada; the Nada/Renfro contact lies only a few feet to ~10 m below the mapped line. Historic collecting centre (Irvine–Estill–Powell).,310.0,0.138,57.3,13.56,4.23,23.0,28.7,177.0,25.0,19.6,25.9,8.5,1214.0,4018.0,1.0,0.647,0.837,0.657,0.662,1.0,0.95,0.0,Section 95 - Drip Rock (KY-89 roadcut),17.6,,,4356.0,,Mapped top of the Renfro+Nada unit; target contact lies a few feet to ~10 m lower in the same channel | Large source supply: 57.3 km of mapped target contact drains into the primary search reach | Steep slopes along the upstream contact (mean 29°) — active erosion/replenishment | Inside the KGS general Kentucky-agate area outline,"Nada/Renfro contact not drawn separately on this quadrangle | Steep reach (8.5%) — few bars; search pools, boulder lags and bank toes | Source channel is not in NHD — likely dry except after rain",B — verified contact inside KGS agate area; no measured section on this drainage,"Geologic map of the Cobhill quadrangle, east-central Kentucky | Donald C. Haney | 1976 (GQ-1347)",37.71908,-83.85316,37.72374,-83.84548
1588,25,STRONG TARGET,78.5,37.6147,-83.9699,Estill,Leighton,GQ-1495,"Unnamed hollow head, tributary to Middle Fork Station Camp Creek",hollow head,not in NHD — DEM-derived channel (likely ephemeral hollow),VERIFIED TARGET CONTACT (combined-unit top),Moderate-high,Mbna,Mb|Msla,SECONDARY,"Renfro and Nada Members, undivided (Mbrn) — digital polygon Mb",St. Louis Limestone Member of Newman/Slade (Msla) above the combined Renfro+Nada unit (Mbrn),"Top of mapped Renfro+Nada unit (Mbrn), GQ-1495. Nada: greenish and grayish-red shale with mid-unit glauconitic seam and silty dolomite beds near top.","Along/east of the projected Locust Branch Fault trend: Renfro 6.3–9.7 m resting on Nada shale (Dever 1999, sections 88–95); brecciated dolomite with quartz bodies as far NE as Drip Rock; epigenetic Zn-Pb at Rock Lick Creek shows fluid flow on this trend.",307.0,0.016,96.0,24.9,3.85,45.0,30.9,219.0,21.0,22.5,23.2,9.4,1208.0,2339.0,1.0,0.542,0.945,0.759,0.596,1.0,0.95,0.0,Section 95 - Drip Rock (KY-89 roadcut),2.0,,Middle Fork Station Camp Creek,5509.0,,Mapped top of the Renfro+Nada unit; target contact lies a few feet to ~10 m lower in the same channel | Large source supply: 96.0 km of mapped target contact drains into the primary search reach | Steep slopes along the upstream contact (mean 31°) — active erosion/replenishment | Inside the KGS general Kentucky-agate area outline | 2.0 km from documented locality: Section 95 - Drip Rock (KY-89 roadcut),"Nada/Renfro contact not drawn separately on this quadrangle | Steep reach (9.4%) — few bars; search pools, boulder lags and bank toes | Source channel is not in NHD — likely dry except after rain",B — verified contact inside KGS agate area; no measured section on this drainage,"Geologic map of the Leighton quadrangle, east-central Kentucky | Donald C. Haney and Charles L. Rice | 1978 (GQ-1495)",37.61024,-83.96286,37.61422,-83.97063
20,26,STRONG TARGET,78.4,37.7223,-83.9247,Estill,Irvine,GQ-1285,"Unnamed hollow head, tributary to Tickey Fork",hollow head,not in NHD — DEM-derived channel (likely ephemeral hollow),VERIFIED TARGET CONTACT (combined-unit top),Moderate-high,Mbna,Mb|Msla,SECONDARY,"Renfro and Nada Members, undivided (Mbrn) — digital polygon Mb",St. Louis Limestone Member of Newman/Slade (Msla) above the combined Renfro+Nada unit (Mbrn),"Top of mapped Renfro+Nada unit (Mbrn), GQ-1285. The Nada/Renfro contact itself is not drawn; it lies one Renfro thickness below this line (Renfro thickest NE, thinnest near Wagersville).",Northeast part of the belt: Renfro thin (GQ legends: ~5–10 ft in Powell County) and mapped with the Nada; the Nada/Renfro contact lies only a few feet to ~10 m below the mapped line. Historic collecting centre (Irvine–Estill–Powell).,350.0,0.01,51.9,13.35,3.89,14.0,33.4,219.0,20.0,18.1,28.2,12.4,1219.0,4026.0,1.0,0.616,1.0,0.749,0.4,1.0,0.95,0.0,Section 95 - Drip Rock (KY-89 roadcut),14.3,,,148.0,,"Mapped top of the Renfro+Nada unit; target contact lies a few feet to ~10 m lower in the same channel | Large source supply: 51.9 km of mapped target contact drains into the primary search reach | Little Pennsylvanian sandstone upstream (14% of drainage) — fewer look-alike clasts | Steep slopes along the upstream contact (mean 33°) — active erosion/replenishment | Inside the KGS general Kentucky-agate area outline | Mapped fault 148 m away (reported only, not scored)","Nada/Renfro contact not drawn separately on this quadrangle | Steep reach (12.4%) — few bars; search pools, boulder lags and bank toes | Source channel is not in NHD — likely dry except after rain",B — verified contact inside KGS agate area; no measured section on this drainage,"Geologic map of the Irvine quadrangle, Estill County, Kentucky | Harry P. Hoge, Perry Braswell Wigley, and Fred R. Shawe | 1976 (GQ-1285)",37.7157,-83.91591,37.72187,-83.9245
5806,27,STRONG TARGET,78.4,37.7149,-83.8849,Estill,Irvine,GQ-1285,"Unnamed ravine / small hollow, tributary to Cow Creek",ravine / small hollow,not in NHD — DEM-derived channel (likely ephemeral hollow),VERIFIED TARGET CONTACT (combined-unit top),Moderate-high,Mbna,Mb|Msla,SECONDARY,"Renfro and Nada Members, undivided (Mbrn) — digital polygon Mb",St. Louis Limestone Member of Newman/Slade (Msla) above the combined Renfro+Nada unit (Mbrn),"Top of mapped Renfro+Nada unit (Mbrn), GQ-1285. The Nada/Renfro contact itself is not drawn; it lies one Renfro thickness below this line (Renfro thickest NE, thinnest near Wagersville).",Northeast part of the belt: Renfro thin (GQ legends: ~5–10 ft in Powell County) and mapped with the Nada; the Nada/Renfro contact lies only a few feet to ~10 m below the mapped line. Historic collecting centre (Irvine–Estill–Powell).,333.0,0.116,43.7,13.04,3.35,26.0,31.8,203.0,30.0,19.3,25.9,10.3,1224.0,4009.0,1.0,0.508,0.991,0.814,0.526,1.0,0.95,0.0,Section 95 - Drip Rock (KY-89 roadcut),14.8,,,3231.0,,Mapped top of the Renfro+Nada unit; target contact lies a few feet to ~10 m lower in the same channel | Large source supply: 43.7 km of mapped target contact drains into the primary search reach | Steep slopes along the upstream contact (mean 32°) — active erosion/replenishment | Deeply incised channel at the contact (30 m below the ±200 m mean surface) | Inside the KGS general Kentucky-agate area outline,"Nada/Renfro contact not drawn separately on this quadrangle | Steep reach (10.3%) — few bars; search pools, boulder lags and bank toes | Source channel is not in NHD — likely dry except after rain",B — verified contact inside KGS agate area; no measured section on this drainage,"Geologic map of the Irvine quadrangle, Estill County, Kentucky | Harry P. Hoge, Perry Braswell Wigley, and Fred R. Shawe | 1976 (GQ-1285)",37.71641,-83.89501,37.71508,-83.88577
2424,28,STRONG TARGET,78.2,37.7079,-83.868,Estill,Cobhill,GQ-1347,"Unnamed hollow head, tributary to Furnace Fork",hollow head,not in NHD — DEM-derived channel (likely ephemeral hollow),VERIFIED TARGET CONTACT (combined-unit top),Moderate-high,Mbna,Mb|Msla,SECONDARY,"Renfro and Nada Members, undivided (Mbrn) — digital polygon Mb",St. Louis Limestone Member of Newman/Slade (Msla) above the combined Renfro+Nada unit (Mbrn),"Top of mapped Renfro+Nada unit (Mbrn), GQ-1347.",Northeast part of the belt: Renfro thin (GQ legends: ~5–10 ft in Powell County) and mapped with the Nada; the Nada/Renfro contact lies only a few feet to ~10 m below the mapped line. Historic collecting centre (Irvine–Estill–Powell).,320.0,0.021,81.2,18.36,4.42,24.0,29.8,189.0,19.0,18.8,30.7,9.9,1222.0,4020.0,1.0,0.675,0.891,0.623,0.559,1.0,0.95,0.0,Section 95 - Drip Rock (KY-89 roadcut),14.9,,,4882.0,,Mapped top of the Renfro+Nada unit; target contact lies a few feet to ~10 m lower in the same channel | Large source supply: 81.2 km of mapped target contact drains into the primary search reach | Steep slopes along the upstream contact (mean 30°) — active erosion/replenishment | Inside the KGS general Kentucky-agate area outline,"Nada/Renfro contact not drawn separately on this quadrangle | Steep reach (9.9%) — few bars; search pools, boulder lags and bank toes | Source channel is not in NHD — likely dry except after rain",B — verified contact inside KGS agate area; no measured section on this drainage,"Geologic map of the Cobhill quadrangle, east-central Kentucky | Donald C. Haney | 1976 (GQ-1347)",37.70697,-83.85844,37.70828,-83.86723
3805,29,STRONG TARGET,78.2,37.5672,-84.099,Madison,Alcorn,GQ-963,"Unnamed hollow head, tributary to Long Branch",hollow head,not in NHD — DEM-derived channel (likely ephemeral hollow),VERIFIED TARGET CONTACT,High,Mbna,Mb|Msla,CONTACT,"Nada Member (Mbna), Borden Fm",Renfro Member (mapped Mbr on the GQ; merged into Slade Fm polygon Msla in KGS digital data),"Base of Renfro Member (Mbr) on top of Nada Member (Mbna). GQ-963 maps Renfro separately; KGS digital compilation merged Renfro into the Slade Formation polygon (Msla), so this line is the mapped Nada/Renfro contact.","Along/east of the projected Locust Branch Fault trend: Renfro 6.3–9.7 m resting on Nada shale (Dever 1999, sections 88–95); brecciated dolomite with quartz bodies as far NE as Drip Rock; epigenetic Zn-Pb at Rock Lick Creek shows fluid flow on this trend.",340.0,0.035,35.6,9.01,3.95,37.0,25.7,227.0,17.0,25.2,32.8,10.7,1217.0,2011.0,0.969,0.573,0.686,0.707,0.501,1.0,1.0,0.0,Section 87 - Owsley Fork,5.7,,,4188.0,,Mapped Nada/Renfro contact on Alcorn GQ (verified from the map legend) | Large source supply: 35.6 km of mapped target contact drains into the primary search reach | Steep slopes along the upstream contact (mean 26°) — active erosion/replenishment | Inside the KGS general Kentucky-agate area outline,"Steep reach (10.7%) — few bars; search pools, boulder lags and bank toes | Source channel is not in NHD — likely dry except after rain",B — verified contact inside KGS agate area; no measured section on this drainage,"Geologic map of the Alcorn quadrangle, east-central Kentucky | Charles L. Rice | 1972 (GQ-963)",37.57689,-84.09849,37.56807,-84.09906
1321,30,STRONG TARGET,78.0,37.5149,-84.2579,Rockcastle,Berea,GQ-649,"Unnamed hollow head, tributary to Davis Branch",hollow head,not in NHD — DEM-derived channel (likely ephemeral hollow),VERIFIED TARGET CONTACT,High,Mbna,Mb|Msla,CONTACT,"Nada Member (Mbna), Borden Fm",Renfro Member (mapped Mbr on the GQ; merged into Slade Fm polygon Msla in KGS digital data),"Base of Renfro Member (Mbr) on top of Nada Member (Mbna), GQ-649. Glauconitic clayey siltstone seam (to 0.2 ft) marks top of Nada.","West of the projected Locust Branch Fault trend: thick Renfro (16.7–17.5 m) with a cherty, geodiferous basal dolomite 1.5–5 m thick (Dever 1999, sections 83, 87); silica (chalcedony+quartz) geodes replacing upper Nada dolostone at KSPG Stop 6B.",401.0,0.015,12.8,1.28,9.98,3.0,17.7,140.0,28.0,19.5,7.8,4.9,1214.0,4013.0,0.707,0.988,0.286,0.563,0.932,1.0,1.0,0.0,"KSPG 2013 Stop 6B - Bighill roadcut, US-421",4.4,,,8577.0,,Mapped Nada/Renfro contact on Berea GQ (verified from the map legend) | Concentrated source: 10.0 km of contact per km² of drainage (little dilution) | Little Pennsylvanian sandstone upstream (3% of drainage) — fewer look-alike clasts | Inside the KGS general Kentucky-agate area outline,Source channel is not in NHD — likely dry except after rain,"A — verified contact, documented technical locality within 5 km in the same facies belt","Geologic map of the Berea quadrangle, east-central Kentucky | Gordon Whitney Weir | 1967 (GQ-649)",37.50728,-84.26271,37.51531,-84.25925
878,31,STRONG TARGET,78.0,37.6306,-84.0314,Estill,Panola,GQ-686,"Unnamed hollow head, tributary to Jenkins Branch",hollow head,not in NHD — DEM-derived channel (likely ephemeral hollow),VERIFIED TARGET CONTACT,High,Mbnc,Mb|Msla,CONTACT,"Nada and Cowbell Members, undivided (Mbnc), Borden Fm",Renfro Member (Mbr on GQ-686),"Base of Renfro Member (Mbr) on top of combined Nada and Cowbell Members (Mbnc), GQ-686. Upper edge of Mbnc is the top of the Nada.","Along/east of the projected Locust Branch Fault trend: Renfro 6.3–9.7 m resting on Nada shale (Dever 1999, sections 88–95); brecciated dolomite with quartz bodies as far NE as Drip Rock; epigenetic Zn-Pb at Rock Lick Creek shows fluid flow on this trend.",350.0,0.014,8.7,1.58,5.5,14.0,29.9,210.0,25.0,21.3,26.1,11.0,1217.0,2759.0,0.612,0.871,0.895,0.776,0.472,1.0,1.0,0.0,Section 95 - Drip Rock (KY-89 roadcut),7.0,,,750.0,,Mapped Nada/Renfro contact on Panola GQ (verified from the map legend) | Concentrated source: 5.5 km of contact per km² of drainage (little dilution) | Little Pennsylvanian sandstone upstream (14% of drainage) — fewer look-alike clasts | Steep slopes along the upstream contact (mean 30°) — active erosion/replenishment | Inside the KGS general Kentucky-agate area outline,"Steep reach (11.0%) — few bars; search pools, boulder lags and bank toes | Source channel is not in NHD — likely dry except after rain",B — verified contact inside KGS agate area; no measured section on this drainage,"Geologic map of the Panola quadrangle, Estill and Madison Counties, Kentucky | Robert C. Greene | 1968 (GQ-686)",37.62153,-84.03128,37.63017,-84.03093
3184,32,STRONG TARGET,78.0,37.5551,-84.1802,Madison,Bighill,GQ-900,"Unnamed hollow head, tributary to Owsley Fork",hollow head,not in NHD — DEM-derived channel (likely ephemeral hollow),VERIFIED TARGET CONTACT,High,Mbna,Mb|Msla,CONTACT,"Nada Member (Mbna), Borden Fm",Renfro Member (mapped Mbr on the GQ; merged into Slade Fm polygon Msla in KGS digital data),"Base of Renfro Member (Mbr) on top of Nada Member (Mbna), GQ-900.","West of the projected Locust Branch Fault trend: thick Renfro (16.7–17.5 m) with a cherty, geodiferous basal dolomite 1.5–5 m thick (Dever 1999, sections 83, 87); silica (chalcedony+quartz) geodes replacing upper Nada dolostone at KSPG Stop 6B.",366.0,0.027,59.3,21.63,2.74,14.0,31.5,222.0,12.0,20.2,28.4,11.1,1224.0,4015.0,1.0,0.434,0.975,0.654,0.47,1.0,1.0,0.0,Section 83 - Bighill (US-421 roadcut),3.2,,,5550.0,,Mapped Nada/Renfro contact on Bighill GQ (verified from the map legend) | Large source supply: 59.3 km of mapped target contact drains into the primary search reach | Little Pennsylvanian sandstone upstream (14% of drainage) — fewer look-alike clasts | Steep slopes along the upstream contact (mean 32°) — active erosion/replenishment | Inside the KGS general Kentucky-agate area outline,"Steep reach (11.1%) — few bars; search pools, boulder lags and bank toes | Source channel is not in NHD — likely dry except after rain","A — verified contact, documented technical locality within 5 km in the same facies belt","Geologic map of the Bighill quadrangle, east-central Kentucky | Gordon Whitney Weir, K. Y. Lee, and P.E. Cassity | 1971 (GQ-900)",37.56045,-84.18628,37.55528,-84.18082
452,33,STRONG TARGET,77.9,37.5362,-84.037,Jackson,Alcorn,GQ-963,"Unnamed hollow head, tributary to Rock Lick Creek",hollow head,intermittent (NHD),VERIFIED TARGET CONTACT,High,Mbna,Mb|Msla,CONTACT,"Nada Member (Mbna), Borden Fm",Renfro Member (mapped Mbr on the GQ; merged into Slade Fm polygon Msla in KGS digital data),"Base of Renfro Member (Mbr) on top of Nada Member (Mbna). GQ-963 maps Renfro separately; KGS digital compilation merged Renfro into the Slade Formation polygon (Msla), so this line is the mapped Nada/Renfro contact.","Along/east of the projected Locust Branch Fault trend: Renfro 6.3–9.7 m resting on Nada shale (Dever 1999, sections 88–95); brecciated dolomite with quartz bodies as far NE as Drip Rock; epigenetic Zn-Pb at Rock Lick Creek shows fluid flow on this trend.",303.0,0.012,50.8,35.97,1.41,71.0,26.7,176.0,38.0,22.4,11.0,3.9,1219.0,3065.0,1.0,0.158,0.736,0.824,1.0,1.0,1.0,0.0,Section 89 - Rock Lick Creek ('Platinum Mine' prospect),0.7,Section 89 - Rock Lick Creek ('Platinum Mine' prospect),"Rock Lick Creek, South Fork Station Camp Creek",9029.0,,Mapped Nada/Renfro contact on Alcorn GQ (verified from the map legend) | Large source supply: 50.8 km of mapped target contact drains into the primary search reach | Steep slopes along the upstream contact (mean 27°) — active erosion/replenishment | Deeply incised channel at the contact (38 m below the ±200 m mean surface) | Moderate reach gradient (3.9%) — gravel bars likely | Inside the KGS general Kentucky-agate area outline | 0.7 km from documented locality: Section 89 - Rock Lick Creek ('Platinum Mine' prospect),Diluted: only 1.4 km contact per km² drainage | 71% of drainage is Pennsylvanian sandstone/conglomerate — abundant non-target gravel,"A — verified contact, documented technical locality within 5 km in the same facies belt","Geologic map of the Alcorn quadrangle, east-central Kentucky | Charles L. Rice | 1972 (GQ-963)",37.53888,-84.02686,37.53676,-84.03577
5535,34,STRONG TARGET,77.9,37.6019,-83.9876,Estill,Leighton,GQ-1495,"Unnamed ravine / small hollow, tributary to Middle Fork Station Camp Creek",ravine / small hollow,not in NHD — DEM-derived channel (likely ephemeral hollow),VERIFIED TARGET CONTACT (combined-unit top),Moderate-high,Mbna,Mb|Msla,SECONDARY,"Renfro and Nada Members, undivided (Mbrn) — digital polygon Mb",St. Louis Limestone Member of Newman/Slade (Msla) above the combined Renfro+Nada unit (Mbrn),"Top of mapped Renfro+Nada unit (Mbrn), GQ-1495. Nada: greenish and grayish-red shale with mid-unit glauconitic seam and silty dolomite beds near top.","Along/east of the projected Locust Branch Fault trend: Renfro 6.3–9.7 m resting on Nada shale (Dever 1999, sections 88–95); brecciated dolomite with quartz bodies as far NE as Drip Rock; epigenetic Zn-Pb at Rock Lick Creek shows fluid flow on this trend.",315.0,0.093,66.5,18.36,3.62,49.0,30.2,192.0,31.0,20.0,15.7,9.2,1228.0,4015.0,1.0,0.501,0.911,0.781,0.61,1.0,0.95,0.0,Section 95 - Drip Rock (KY-89 roadcut),2.1,,Middle Fork Station Camp Creek,4561.0,,Mapped top of the Renfro+Nada unit; target contact lies a few feet to ~10 m lower in the same channel | Large source supply: 66.5 km of mapped target contact drains into the primary search reach | Steep slopes along the upstream contact (mean 30°) — active erosion/replenishment | Deeply incised channel at the contact (31 m below the ±200 m mean surface) | Inside the KGS general Kentucky-agate area outline | 2.1 km from documented locality: Section 95 - Drip Rock (KY-89 roadcut),"Nada/Renfro contact not drawn separately on this quadrangle | Steep reach (9.2%) — few bars; search pools, boulder lags and bank toes | Source channel is not in NHD — likely dry except after rain",B — verified contact inside KGS agate area; no measured section on this drainage,"Geologic map of the Leighton quadrangle, east-central Kentucky | Donald C. Haney and Charles L. Rice | 1978 (GQ-1495)",37.60082,-83.97502,37.60184,-83.98676
6284,35,STRONG TARGET,77.8,37.5511,-84.1631,Jackson,Bighill,GQ-900,"Unnamed ravine / small hollow, tributary to Floyd Branch",ravine / small hollow,not in NHD — DEM-derived channel (likely ephemeral hollow),VERIFIED TARGET CONTACT,High,Mbna,Mb|Msla,CONTACT,"Nada Member (Mbna), Borden Fm",Renfro Member (mapped Mbr on the GQ; merged into Slade Fm polygon Msla in KGS digital data),"Base of Renfro Member (Mbr) on top of Nada Member (Mbna), GQ-900.","West of the projected Locust Branch Fault trend: thick Renfro (16.7–17.5 m) with a cherty, geodiferous basal dolomite 1.5–5 m thick (Dever 1999, sections 83, 87); silica (chalcedony+quartz) geodes replacing upper Nada dolostone at KSPG Stop 6B.",348.0,0.184,10.0,2.39,4.18,9.0,27.7,218.0,31.0,19.5,19.4,7.8,1214.0,4023.0,0.646,0.674,0.784,0.881,0.714,1.0,1.0,0.0,Section 83 - Bighill (US-421 roadcut),3.7,,,6264.0,,Mapped Nada/Renfro contact on Bighill GQ (verified from the map legend) | Little Pennsylvanian sandstone upstream (9% of drainage) — fewer look-alike clasts | Steep slopes along the upstream contact (mean 28°) — active erosion/replenishment | Deeply incised channel at the contact (31 m below the ±200 m mean surface) | Inside the KGS general Kentucky-agate area outline,Source channel is not in NHD — likely dry except after rain,"A — verified contact, documented technical locality within 5 km in the same facies belt","Geologic map of the Bighill quadrangle, east-central Kentucky | Gordon Whitney Weir, K. Y. Lee, and P.E. Cassity | 1971 (GQ-900)",37.56041,-84.16183,37.55198,-84.16351
4014,36,STRONG TARGET,77.6,37.4861,-84.2263,Rockcastle,Johnetta,GQ-685,"Unnamed hollow head, tributary to Anglin Fork",hollow head,not in NHD — DEM-derived channel (likely ephemeral hollow),VERIFIED TARGET CONTACT,High,Mbna,Mb|Mbr,CONTACT,"Nada Member (Mbna), Borden Fm",Renfro Member (Mbr),"Base of Renfro Member (Mbr) on Nada Member (Mbna), GQ-685.","West of the projected Locust Branch Fault trend: thick Renfro (16.7–17.5 m) with a cherty, geodiferous basal dolomite 1.5–5 m thick (Dever 1999, sections 83, 87); silica (chalcedony+quartz) geodes replacing upper Nada dolostone at KSPG Stop 6B.",369.0,0.039,17.9,5.14,3.47,39.0,24.1,159.0,43.0,23.1,11.2,3.7,1209.0,4000.0,0.791,0.501,0.607,0.781,1.0,1.0,1.0,0.0,"KSPG 2013 Stop 6B - Bighill roadcut, US-421",4.9,,,12002.0,,Mapped Nada/Renfro contact on Johnetta GQ (verified from the map legend) | Deeply incised channel at the contact (43 m below the ±200 m mean surface) | Moderate reach gradient (3.7%) — gravel bars likely | Inside the KGS general Kentucky-agate area outline,Source channel is not in NHD — likely dry except after rain,"A — verified contact, documented technical locality within 5 km in the same facies belt","Geologic map of the Johnetta quadrangle, Rockcastle and Jackson Counties, Kentucky | James Louis Gualtieri | 1968 (GQ-685)",37.48962,-84.23146,37.48641,-84.22547
1309,37,STRONG TARGET,77.5,37.6083,-84.0682,Estill,Alcorn,GQ-963,"Unnamed hollow head, tributary to Horns River",hollow head,not in NHD — DEM-derived channel (likely ephemeral hollow),VERIFIED TARGET CONTACT,High,Mbna,Mb|Msla,CONTACT,"Nada Member (Mbna), Borden Fm",Renfro Member (mapped Mbr on the GQ; merged into Slade Fm polygon Msla in KGS digital data),"Base of Renfro Member (Mbr) on top of Nada Member (Mbna). GQ-963 maps Renfro separately; KGS digital compilation merged Renfro into the Slade Formation polygon (Msla), so this line is the mapped Nada/Renfro contact.","Along/east of the projected Locust Branch Fault trend: Renfro 6.3–9.7 m resting on Nada shale (Dever 1999, sections 88–95); brecciated dolomite with quartz bodies as far NE as Drip Rock; epigenetic Zn-Pb at Rock Lick Creek shows fluid flow on this trend.",345.0,0.015,17.2,3.68,4.67,2.0,26.0,197.0,21.0,19.5,29.7,10.3,1217.0,3972.0,0.781,0.771,0.701,0.687,0.526,1.0,1.0,0.0,Section 89 - Rock Lick Creek ('Platinum Mine' prospect),7.9,,,2169.0,,Mapped Nada/Renfro contact on Alcorn GQ (verified from the map legend) | Little Pennsylvanian sandstone upstream (2% of drainage) — fewer look-alike clasts | Steep slopes along the upstream contact (mean 26°) — active erosion/replenishment | Inside the KGS general Kentucky-agate area outline,"Steep reach (10.3%) — few bars; search pools, boulder lags and bank toes | Source channel is not in NHD — likely dry except after rain",B — verified contact inside KGS agate area; no measured section on this drainage,"Geologic map of the Alcorn quadrangle, east-central Kentucky | Charles L. Rice | 1972 (GQ-963)",37.61016,-84.05959,37.60875,-84.0678
4709,38,STRONG TARGET,77.5,37.5265,-84.1539,Jackson,Bighill,GQ-900,"Unnamed ravine / small hollow, tributary to Owsley Fork",ravine / small hollow,not in NHD — DEM-derived channel (likely ephemeral hollow),VERIFIED TARGET CONTACT,High,Mbna,Mb|Msla,CONTACT,"Nada Member (Mbna), Borden Fm",Renfro Member (mapped Mbr on the GQ; merged into Slade Fm polygon Msla in KGS digital data),"Base of Renfro Member (Mbr) on top of Nada Member (Mbna), GQ-900.","West of the projected Locust Branch Fault trend: thick Renfro (16.7–17.5 m) with a cherty, geodiferous basal dolomite 1.5–5 m thick (Dever 1999, sections 83, 87); silica (chalcedony+quartz) geodes replacing upper Nada dolostone at KSPG Stop 6B.",341.0,0.055,19.2,7.32,2.62,27.0,31.5,219.0,24.0,18.3,18.0,7.0,1227.0,4016.0,0.809,0.395,0.977,0.791,0.777,1.0,1.0,0.0,Section 87 - Owsley Fork,1.8,,,9107.0,,Mapped Nada/Renfro contact on Bighill GQ (verified from the map legend) | Steep slopes along the upstream contact (mean 32°) — active erosion/replenishment | Inside the KGS general Kentucky-agate area outline | 1.8 km from documented locality: Section 87 - Owsley Fork,Source channel is not in NHD — likely dry except after rain,"A — verified contact, documented technical locality within 5 km in the same facies belt","Geologic map of the Bighill quadrangle, east-central Kentucky | Gordon Whitney Weir, K. Y. Lee, and P.E. Cassity | 1971 (GQ-900)",37.53362,-84.15719,37.52671,-84.15451
5104,39,STRONG TARGET,77.4,37.8532,-83.7067,Powell,Slade,GQ-1183,"Unnamed ravine / small hollow, tributary to Spaas Creek",ravine / small hollow,not in NHD — DEM-derived channel (likely ephemeral hollow),VERIFIED TARGET CONTACT (combined-unit top),Moderate-high,Mbna,Mb|Msla,SECONDARY,"Renfro and Nada Members, undivided (Mbrn) — digital polygon Mb",St. Louis Limestone Member of Newman/Slade (Msla) above the combined Renfro+Nada unit (Mbrn),"Top of mapped Renfro+Nada unit (Mbrn), GQ-1183 (Nada type locality). Renfro commonly about 10 ft thick.",Northeast part of the belt: Renfro thin (GQ legends: ~5–10 ft in Powell County) and mapped with the Nada; the Nada/Renfro contact lies only a few feet to ~10 m below the mapped line. Historic collecting centre (Irvine–Estill–Powell).,272.0,0.069,80.8,14.18,5.7,47.0,19.9,182.0,39.0,25.3,10.8,5.3,1202.0,1902.0,1.0,0.794,0.393,0.848,0.901,0.75,0.95,3.5,Section 95 - Drip Rock (KY-89 roadcut),36.4,,,9310.0,,Mapped top of the Renfro+Nada unit; target contact lies a few feet to ~10 m lower in the same channel | Large source supply: 80.8 km of mapped target contact drains into the primary search reach | Concentrated source: 5.7 km of contact per km² of drainage (little dilution) | Deeply incised channel at the contact (39 m below the ±200 m mean surface),Nada/Renfro contact not drawn separately on this quadrangle | 3.5 km outside the KGS general agate area | Source channel is not in NHD — likely dry except after rain,C — verified contact outside the documented agate area,"Geologic map of the Slade quadrangle, east-central Kentucky | Gordon Whitney Weir | 1974 (GQ-1183)",37.85051,-83.71691,37.85385,-83.70767
2974,40,STRONG TARGET,77.2,37.6256,-84.0604,Estill,Panola,GQ-686,"Unnamed hollow head, tributary to Turkey Pen Branch",hollow head,not in NHD — DEM-derived channel (likely ephemeral hollow),VERIFIED TARGET CONTACT,High,Mbnc,Mb|Msla,CONTACT,"Nada and Cowbell Members, undivided (Mbnc), Borden Fm",Renfro Member (Mbr on GQ-686),"Base of Renfro Member (Mbr) on top of combined Nada and Cowbell Members (Mbnc), GQ-686. Upper edge of Mbnc is the top of the Nada.","Along/east of the projected Locust Branch Fault trend: Renfro 6.3–9.7 m resting on Nada shale (Dever 1999, sections 88–95); brecciated dolomite with quartz bodies as far NE as Drip Rock; epigenetic Zn-Pb at Rock Lick Creek shows fluid flow on this trend.",358.0,0.025,5.7,0.9,6.37,5.0,26.5,193.0,28.0,19.6,19.3,9.1,1219.0,4006.0,0.513,0.982,0.723,0.757,0.621,1.0,1.0,0.0,Section 95 - Drip Rock (KY-89 roadcut),9.0,,,1825.0,,Mapped Nada/Renfro contact on Panola GQ (verified from the map legend) | Concentrated source: 6.4 km of contact per km² of drainage (little dilution) | Little Pennsylvanian sandstone upstream (5% of drainage) — fewer look-alike clasts | Steep slopes along the upstream contact (mean 26°) — active erosion/replenishment | Inside the KGS general Kentucky-agate area outline,"Steep reach (9.1%) — few bars; search pools, boulder lags and bank toes | Source channel is not in NHD — likely dry except after rain",B — verified contact inside KGS agate area; no measured section on this drainage,"Geologic map of the Panola quadrangle, Estill and Madison Counties, Kentucky | Robert C. Greene | 1968 (GQ-686)",37.61775,-84.05317,37.62548,-84.05967
557,41,MODERATE TARGET,77.2,37.6296,-83.9411,Estill,Irvine,GQ-1285,"Unnamed hollow head, tributary to Jones Branch",hollow head,not in NHD — DEM-derived channel (likely ephemeral hollow),VERIFIED TARGET CONTACT (combined-unit top),Moderate-high,Mbna,Mb|Msla,SECONDARY,"Renfro and Nada Members, undivided (Mbrn) — digital polygon Mb",St. Louis Limestone Member of Newman/Slade (Msla) above the combined Renfro+Nada unit (Mbrn),"Top of mapped Renfro+Nada unit (Mbrn), GQ-1285. The Nada/Renfro contact itself is not drawn; it lies one Renfro thickness below this line (Renfro thickest NE, thinnest near Wagersville).",Northeast part of the belt: Renfro thin (GQ legends: ~5–10 ft in Powell County) and mapped with the Nada; the Nada/Renfro contact lies only a few feet to ~10 m below the mapped line. Historic collecting centre (Irvine–Estill–Powell).,323.0,0.012,27.2,5.19,5.24,21.0,30.4,211.0,4.0,23.1,31.3,9.8,1226.0,2714.0,0.899,0.808,0.918,0.521,0.563,1.0,0.95,0.0,Section 95 - Drip Rock (KY-89 roadcut),4.1,,,6141.0,,Mapped top of the Renfro+Nada unit; target contact lies a few feet to ~10 m lower in the same channel | Large source supply: 27.2 km of mapped target contact drains into the primary search reach | Concentrated source: 5.2 km of contact per km² of drainage (little dilution) | Steep slopes along the upstream contact (mean 30°) — active erosion/replenishment | Inside the KGS general Kentucky-agate area outline,"Nada/Renfro contact not drawn separately on this quadrangle | Weak incision at the contact (4 m) | Steep reach (9.8%) — few bars; search pools, boulder lags and bank toes | Source channel is not in NHD — likely dry except after rain",B — verified contact inside KGS agate area; no measured section on this drainage,"Geologic map of the Irvine quadrangle, Estill County, Kentucky | Harry P. Hoge, Perry Braswell Wigley, and Fred R. Shawe | 1976 (GQ-1285)",37.63022,-83.948,37.63002,-83.94053
900,42,MODERATE TARGET,77.1,37.5287,-84.254,Madison,Berea,GQ-649,"Unnamed hollow head, tributary to West Fork Silver Creek",hollow head,not in NHD — DEM-derived channel (likely ephemeral hollow),VERIFIED TARGET CONTACT,High,Mbna,Mb|Msla,CONTACT,"Nada Member (Mbna), Borden Fm",Renfro Member (mapped Mbr on the GQ; merged into Slade Fm polygon Msla in KGS digital data),"Base of Renfro Member (Mbr) on top of Nada Member (Mbna), GQ-649. Glauconitic clayey siltstone seam (to 0.2 ft) marks top of Nada.","West of the projected Locust Branch Fault trend: thick Renfro (16.7–17.5 m) with a cherty, geodiferous basal dolomite 1.5–5 m thick (Dever 1999, sections 83, 87); silica (chalcedony+quartz) geodes replacing upper Nada dolostone at KSPG Stop 6B.",398.0,0.014,5.8,0.95,6.06,17.0,24.0,178.0,32.0,21.6,16.2,6.7,1202.0,4000.0,0.516,0.942,0.599,0.756,0.799,1.0,1.0,0.0,"KSPG 2013 Stop 6B - Bighill roadcut, US-421",3.8,,,7045.0,,Mapped Nada/Renfro contact on Berea GQ (verified from the map legend) | Concentrated source: 6.1 km of contact per km² of drainage (little dilution) | Little Pennsylvanian sandstone upstream (17% of drainage) — fewer look-alike clasts | Deeply incised channel at the contact (32 m below the ±200 m mean surface) | Inside the KGS general Kentucky-agate area outline,Source channel is not in NHD — likely dry except after rain,"A — verified contact, documented technical locality within 5 km in the same facies belt","Geologic map of the Berea quadrangle, east-central Kentucky | Gordon Whitney Weir | 1967 (GQ-649)",37.53059,-84.26525,37.52908,-84.25444
5544,43,MODERATE TARGET,76.7,37.5641,-84.121,Jackson,Alcorn,GQ-963,"Unnamed ravine / small hollow, tributary to Shirley Branch",ravine / small hollow,not in NHD — DEM-derived channel (likely ephemeral hollow),VERIFIED TARGET CONTACT,High,Mbna,Mb|Msla,CONTACT,"Nada Member (Mbna), Borden Fm",Renfro Member (mapped Mbr on the GQ; merged into Slade Fm polygon Msla in KGS digital data),"Base of Renfro Member (Mbr) on top of Nada Member (Mbna). GQ-963 maps Renfro separately; KGS digital compilation merged Renfro into the Slade Formation polygon (Msla), so this line is the mapped Nada/Renfro contact.","Along/east of the projected Locust Branch Fault trend: Renfro 6.3–9.7 m resting on Nada shale (Dever 1999, sections 88–95); brecciated dolomite with quartz bodies as far NE as Drip Rock; epigenetic Zn-Pb at Rock Lick Creek shows fluid flow on this trend.",342.0,0.093,16.1,3.78,4.25,31.0,25.5,228.0,24.0,22.5,28.1,8.9,1214.0,3664.0,0.764,0.631,0.675,0.794,0.632,1.0,1.0,0.0,Section 87 - Owsley Fork,4.6,,,4809.0,,Mapped Nada/Renfro contact on Alcorn GQ (verified from the map legend) | Steep slopes along the upstream contact (mean 25°) — active erosion/replenishment | Inside the KGS general Kentucky-agate area outline,"Steep reach (8.9%) — few bars; search pools, boulder lags and bank toes | Source channel is not in NHD — likely dry except after rain","A — verified contact, documented technical locality within 5 km in the same facies belt","Geologic map of the Alcorn quadrangle, east-central Kentucky | Charles L. Rice | 1972 (GQ-963)",37.5719,-84.12291,37.56466,-84.1216
3252,44,MODERATE TARGET,76.7,37.628,-83.9294,Estill,Irvine,GQ-1285,"Unnamed hollow head, tributary to Scrivner Branch",hollow head,not in NHD — DEM-derived channel (likely ephemeral hollow),VERIFIED TARGET CONTACT (combined-unit top),Moderate-high,Mbna,Mb|Msla,SECONDARY,"Renfro and Nada Members, undivided (Mbrn) — digital polygon Mb",St. Louis Limestone Member of Newman/Slade (Msla) above the combined Renfro+Nada unit (Mbrn),"Top of mapped Renfro+Nada unit (Mbrn), GQ-1285. The Nada/Renfro contact itself is not drawn; it lies one Renfro thickness below this line (Renfro thickest NE, thinnest near Wagersville).",Northeast part of the belt: Renfro thin (GQ legends: ~5–10 ft in Powell County) and mapped with the Nada; the Nada/Renfro contact lies only a few feet to ~10 m below the mapped line. Historic collecting centre (Irvine–Estill–Powell).,315.0,0.028,12.4,2.2,5.62,34.0,30.2,213.0,26.0,22.0,27.6,9.7,1216.0,2126.0,0.698,0.824,0.909,0.8,0.571,1.0,0.95,0.0,Section 95 - Drip Rock (KY-89 roadcut),4.6,,,6842.0,,Mapped top of the Renfro+Nada unit; target contact lies a few feet to ~10 m lower in the same channel | Concentrated source: 5.6 km of contact per km² of drainage (little dilution) | Steep slopes along the upstream contact (mean 30°) — active erosion/replenishment | Inside the KGS general Kentucky-agate area outline,"Nada/Renfro contact not drawn separately on this quadrangle | Steep reach (9.7%) — few bars; search pools, boulder lags and bank toes | Source channel is not in NHD — likely dry except after rain",B — verified contact inside KGS agate area; no measured section on this drainage,"Geologic map of the Irvine quadrangle, Estill County, Kentucky | Harry P. Hoge, Perry Braswell Wigley, and Fred R. Shawe | 1976 (GQ-1285)",37.62256,-83.93789,37.62758,-83.92998
6356,45,MODERATE TARGET,76.6,37.7471,-83.8483,Estill,Cobhill,GQ-1347,"Unnamed ravine / small hollow, tributary to Furnace Fork",ravine / small hollow,intermittent (NHD),VERIFIED TARGET CONTACT (combined-unit top),Moderate-high,Mbna,Mb|Msla,SECONDARY,"Renfro and Nada Members, undivided (Mbrn) — digital polygon Mb",St. Louis Limestone Member of Newman/Slade (Msla) above the combined Renfro+Nada unit (Mbrn),"Top of mapped Renfro+Nada unit (Mbrn), GQ-1347.",Northeast part of the belt: Renfro thin (GQ legends: ~5–10 ft in Powell County) and mapped with the Nada; the Nada/Renfro contact lies only a few feet to ~10 m below the mapped line. Historic collecting centre (Irvine–Estill–Powell).,327.0,0.202,17.7,3.7,4.78,16.0,27.3,164.0,35.0,16.8,12.2,7.9,1214.0,4018.0,0.789,0.751,0.765,0.742,0.71,1.0,0.95,0.0,Section 95 - Drip Rock (KY-89 roadcut),19.5,,,1807.0,,Mapped top of the Renfro+Nada unit; target contact lies a few feet to ~10 m lower in the same channel | Little Pennsylvanian sandstone upstream (16% of drainage) — fewer look-alike clasts | Steep slopes along the upstream contact (mean 27°) — active erosion/replenishment | Deeply incised channel at the contact (35 m below the ±200 m mean surface) | Inside the KGS general Kentucky-agate area outline,Nada/Renfro contact not drawn separately on this quadrangle,B — verified contact inside KGS agate area; no measured section on this drainage,"Geologic map of the Cobhill quadrangle, east-central Kentucky | Donald C. Haney | 1976 (GQ-1347)",37.73821,-83.84736,37.74543,-83.84796
6455,46,MODERATE TARGET,76.5,37.6287,-83.8705,Estill,Cobhill,GQ-1347,"Unnamed ravine / small hollow, tributary to Buck Creek",ravine / small hollow,not in NHD — DEM-derived channel (likely ephemeral hollow),VERIFIED TARGET CONTACT (combined-unit top),Moderate-high,Mbna,Mb|Msla,SECONDARY,"Renfro and Nada Members, undivided (Mbrn) — digital polygon Mb",St. Louis Limestone Member of Newman/Slade (Msla) above the combined Renfro+Nada unit (Mbrn),"Top of mapped Renfro+Nada unit (Mbrn), GQ-1347.",Northeast part of the belt: Renfro thin (GQ legends: ~5–10 ft in Powell County) and mapped with the Nada; the Nada/Renfro contact lies only a few feet to ~10 m below the mapped line. Historic collecting centre (Irvine–Estill–Powell).,289.0,0.235,40.4,10.05,4.02,40.0,27.4,178.0,23.0,16.7,27.0,8.3,1208.0,2796.0,1.0,0.576,0.769,0.64,0.676,1.0,0.95,0.0,Section 95 - Drip Rock (KY-89 roadcut),9.0,,,10197.0,,Mapped top of the Renfro+Nada unit; target contact lies a few feet to ~10 m lower in the same channel | Large source supply: 40.4 km of mapped target contact drains into the primary search reach | Steep slopes along the upstream contact (mean 27°) — active erosion/replenishment | Inside the KGS general Kentucky-agate area outline,"Nada/Renfro contact not drawn separately on this quadrangle | Steep reach (8.3%) — few bars; search pools, boulder lags and bank toes | Source channel is not in NHD — likely dry except after rain",B — verified contact inside KGS agate area; no measured section on this drainage,"Geologic map of the Cobhill quadrangle, east-central Kentucky | Donald C. Haney | 1976 (GQ-1347)",37.63486,-83.87779,37.62876,-83.8717
1404,47,MODERATE TARGET,76.5,37.5919,-83.9452,Estill,Leighton,GQ-1495,"Unnamed hollow head, tributary to Sparks Branch",hollow head,not in NHD — DEM-derived channel (likely ephemeral hollow),VERIFIED TARGET CONTACT (combined-unit top),Moderate-high,Mbna,Mb|Msla,SECONDARY,"Renfro and Nada Members, undivided (Mbrn) — digital polygon Mb",St. Louis Limestone Member of Newman/Slade (Msla) above the combined Renfro+Nada unit (Mbrn),"Top of mapped Renfro+Nada unit (Mbrn), GQ-1495. Nada: greenish and grayish-red shale with mid-unit glauconitic seam and silty dolomite beds near top.","Along/east of the projected Locust Branch Fault trend: Renfro 6.3–9.7 m resting on Nada shale (Dever 1999, sections 88–95); brecciated dolomite with quartz bodies as far NE as Drip Rock; epigenetic Zn-Pb at Rock Lick Creek shows fluid flow on this trend.",286.0,0.016,18.3,5.18,3.54,55.0,30.9,206.0,40.0,19.7,20.9,7.4,1207.0,1552.0,0.797,0.477,0.945,0.948,0.741,1.0,0.95,0.0,Section 95 - Drip Rock (KY-89 roadcut),1.8,,,8382.0,,Mapped top of the Renfro+Nada unit; target contact lies a few feet to ~10 m lower in the same channel | Steep slopes along the upstream contact (mean 31°) — active erosion/replenishment | Deeply incised channel at the contact (40 m below the ±200 m mean surface) | Inside the KGS general Kentucky-agate area outline | 1.8 km from documented locality: Section 95 - Drip Rock (KY-89 roadcut),Nada/Renfro contact not drawn separately on this quadrangle | Source channel is not in NHD — likely dry except after rain,B — verified contact inside KGS agate area; no measured section on this drainage,"Geologic map of the Leighton quadrangle, east-central Kentucky | Donald C. Haney and Charles L. Rice | 1978 (GQ-1495)",37.59383,-83.93454,37.59155,-83.94415
5385,48,MODERATE TARGET,76.4,37.8745,-83.7221,Powell,Slade,GQ-1183,"Unnamed ravine / small hollow, tributary to Short Creek",ravine / small hollow,not in NHD — DEM-derived channel (likely ephemeral hollow),VERIFIED TARGET CONTACT (combined-unit top),Moderate-high,Mbna,Mb|Msla,SECONDARY,"Renfro and Nada Members, undivided (Mbrn) — digital polygon Mb",St. Louis Limestone Member of Newman/Slade (Msla) above the combined Renfro+Nada unit (Mbrn),"Top of mapped Renfro+Nada unit (Mbrn), GQ-1183 (Nada type locality). Renfro commonly about 10 ft thick.",Northeast part of the belt: Renfro thin (GQ legends: ~5–10 ft in Powell County) and mapped with the Nada; the Nada/Renfro contact lies only a few feet to ~10 m below the mapped line. Historic collecting centre (Irvine–Estill–Powell).,297.0,0.084,37.0,5.38,6.89,30.0,18.9,184.0,32.0,25.5,15.2,6.7,1202.0,3105.0,0.98,0.896,0.346,0.773,0.8,0.75,0.95,4.9,Section 95 - Drip Rock (KY-89 roadcut),37.4,,,11227.0,,Mapped top of the Renfro+Nada unit; target contact lies a few feet to ~10 m lower in the same channel | Large source supply: 37.0 km of mapped target contact drains into the primary search reach | Concentrated source: 6.9 km of contact per km² of drainage (little dilution) | Deeply incised channel at the contact (32 m below the ±200 m mean surface),Nada/Renfro contact not drawn separately on this quadrangle | 4.9 km outside the KGS general agate area | Source channel is not in NHD — likely dry except after rain,C — verified contact outside the documented agate area,"Geologic map of the Slade quadrangle, east-central Kentucky | Gordon Whitney Weir | 1974 (GQ-1183)",37.86828,-83.72749,37.87376,-83.72383
1597,49,MODERATE TARGET,76.4,37.5374,-84.2557,Madison,Berea,GQ-649,"Unnamed hollow head, tributary to East Fork Silver Creek",hollow head,not in NHD — DEM-derived channel (likely ephemeral hollow),VERIFIED TARGET CONTACT,High,Mbna,Mb|Msla,CONTACT,"Nada Member (Mbna), Borden Fm",Renfro Member (mapped Mbr on the GQ; merged into Slade Fm polygon Msla in KGS digital data),"Base of Renfro Member (Mbr) on top of Nada Member (Mbna), GQ-649. Glauconitic clayey siltstone seam (to 0.2 ft) marks top of Nada.","West of the projected Locust Branch Fault trend: thick Renfro (16.7–17.5 m) with a cherty, geodiferous basal dolomite 1.5–5 m thick (Dever 1999, sections 83, 87); silica (chalcedony+quartz) geodes replacing upper Nada dolostone at KSPG Stop 6B.",408.0,0.016,6.2,0.88,7.04,4.0,23.6,172.0,28.0,22.0,19.5,7.5,1215.0,4013.0,0.532,0.985,0.58,0.682,0.737,1.0,1.0,0.0,"KSPG 2013 Stop 6B - Bighill roadcut, US-421",4.0,,,6082.0,,Mapped Nada/Renfro contact on Berea GQ (verified from the map legend) | Concentrated source: 7.0 km of contact per km² of drainage (little dilution) | Little Pennsylvanian sandstone upstream (4% of drainage) — fewer look-alike clasts | Inside the KGS general Kentucky-agate area outline,Source channel is not in NHD — likely dry except after rain,"A — verified contact, documented technical locality within 5 km in the same facies belt","Geologic map of the Berea quadrangle, east-central Kentucky | Gordon Whitney Weir | 1967 (GQ-649)",37.54766,-84.25512,37.53794,-84.2557
5162,50,MODERATE TARGET,76.4,37.5532,-84.1531,Jackson,Bighill,GQ-900,"Unnamed ravine / small hollow, tributary to Floyd Branch",ravine / small hollow,intermittent (NHD),VERIFIED TARGET CONTACT,High,Mbna,Mb|Msla,CONTACT,"Nada Member (Mbna), Borden Fm",Renfro Member (mapped Mbr on the GQ; merged into Slade Fm polygon Msla in KGS digital data),"Base of Renfro Member (Mbr) on top of Nada Member (Mbna), GQ-900.","West of the projected Locust Branch Fault trend: thick Renfro (16.7–17.5 m) with a cherty, geodiferous basal dolomite 1.5–5 m thick (Dever 1999, sections 83, 87); silica (chalcedony+quartz) geodes replacing upper Nada dolostone at KSPG Stop 6B.",342.0,0.072,7.6,1.71,4.43,24.0,26.8,210.0,34.0,19.1,13.7,7.3,1202.0,4018.0,0.579,0.676,0.738,0.897,0.755,1.0,1.0,0.0,Section 87 - Owsley Fork,3.7,,,6277.0,,Mapped Nada/Renfro contact on Bighill GQ (verified from the map legend) | Steep slopes along the upstream contact (mean 27°) — active erosion/replenishment | Deeply incised channel at the contact (34 m below the ±200 m mean surface) | Inside the KGS general Kentucky-agate area outline,,"A — verified contact, documented technical locality within 5 km in the same facies belt","Geologic map of the Bighill quadrangle, east-central Kentucky | Gordon Whitney Weir, K. Y. Lee, and P.E. Cassity | 1971 (GQ-900)",37.56241,-84.15519,37.55442,-84.15255
6042,51,MODERATE TARGET,76.4,37.6768,-83.8344,Estill,Cobhill,GQ-1347,"Unnamed ravine / small hollow, tributary to Sudders Fork",ravine / small hollow,not in NHD — DEM-derived channel (likely ephemeral hollow),VERIFIED TARGET CONTACT (combined-unit top),Moderate-high,Mbna,Mb|Msla,SECONDARY,"Renfro and Nada Members, undivided (Mbrn) — digital polygon Mb",St. Louis Limestone Member of Newman/Slade (Msla) above the combined Renfro+Nada unit (Mbrn),"Top of mapped Renfro+Nada unit (Mbrn), GQ-1347.",Northeast part of the belt: Renfro thin (GQ legends: ~5–10 ft in Powell County) and mapped with the Nada; the Nada/Renfro contact lies only a few feet to ~10 m below the mapped line. Historic collecting centre (Irvine–Estill–Powell).,279.0,0.142,23.5,5.64,4.16,45.0,27.5,178.0,33.0,18.3,17.4,6.6,1226.0,3014.0,0.861,0.584,0.774,0.758,0.805,1.0,0.95,0.0,Section 95 - Drip Rock (KY-89 roadcut),14.4,,,9284.0,,Mapped top of the Renfro+Nada unit; target contact lies a few feet to ~10 m lower in the same channel | Large source supply: 23.5 km of mapped target contact drains into the primary search reach | Steep slopes along the upstream contact (mean 27°) — active erosion/replenishment | Deeply incised channel at the contact (33 m below the ±200 m mean surface) | Inside the KGS general Kentucky-agate area outline,Nada/Renfro contact not drawn separately on this quadrangle | Source channel is not in NHD — likely dry except after rain,B — verified contact inside KGS agate area; no measured section on this drainage,"Geologic map of the Cobhill quadrangle, east-central Kentucky | Donald C. Haney | 1976 (GQ-1347)",37.6785,-83.8449,37.67788,-83.83541
2231,52,MODERATE TARGET,76.2,37.5259,-84.1709,Jackson,Bighill,GQ-900,"Unnamed hollow head, tributary to Owsley Fork",hollow head,not in NHD — DEM-derived channel (likely ephemeral hollow),VERIFIED TARGET CONTACT,High,Mbna,Mb|Msla,CONTACT,"Nada Member (Mbna), Borden Fm",Renfro Member (mapped Mbr on the GQ; merged into Slade Fm polygon Msla in KGS digital data),"Base of Renfro Member (Mbr) on top of Nada Member (Mbna), GQ-900.","West of the projected Locust Branch Fault trend: thick Renfro (16.7–17.5 m) with a cherty, geodiferous basal dolomite 1.5–5 m thick (Dever 1999, sections 83, 87); silica (chalcedony+quartz) geodes replacing upper Nada dolostone at KSPG Stop 6B.",340.0,0.02,6.5,1.55,4.18,8.0,27.2,215.0,36.0,22.4,10.0,7.1,1212.0,4001.0,0.542,0.677,0.759,0.926,0.765,1.0,1.0,0.0,Section 83 - Bighill (US-421 roadcut),2.1,,,8880.0,,Mapped Nada/Renfro contact on Bighill GQ (verified from the map legend) | Little Pennsylvanian sandstone upstream (8% of drainage) — fewer look-alike clasts | Steep slopes along the upstream contact (mean 27°) — active erosion/replenishment | Deeply incised channel at the contact (36 m below the ±200 m mean surface) | Inside the KGS general Kentucky-agate area outline | 2.1 km from documented locality: Section 83 - Bighill (US-421 roadcut),Source channel is not in NHD — likely dry except after rain,"A — verified contact, documented technical locality within 5 km in the same facies belt","Geologic map of the Bighill quadrangle, east-central Kentucky | Gordon Whitney Weir, K. Y. Lee, and P.E. Cassity | 1971 (GQ-900)",37.53383,-84.16556,37.5264,-84.1715
6369,53,MODERATE TARGET,76.2,37.5837,-84.0335,Estill,Alcorn,GQ-963,Unnamed ravine / small hollow,ravine / small hollow,intermittent (NHD),VERIFIED TARGET CONTACT,High,Mbna,Mb|Msla,CONTACT,"Nada Member (Mbna), Borden Fm",Renfro Member (mapped Mbr on the GQ; merged into Slade Fm polygon Msla in KGS digital data),"Base of Renfro Member (Mbr) on top of Nada Member (Mbna). GQ-963 maps Renfro separately; KGS digital compilation merged Renfro into the Slade Formation polygon (Msla), so this line is the mapped Nada/Renfro contact.","Along/east of the projected Locust Branch Fault trend: Renfro 6.3–9.7 m resting on Nada shale (Dever 1999, sections 88–95); brecciated dolomite with quartz bodies as far NE as Drip Rock; epigenetic Zn-Pb at Rock Lick Creek shows fluid flow on this trend.",324.0,0.206,5.2,1.1,4.74,24.0,30.8,204.0,40.0,20.4,16.5,9.6,1207.0,1590.0,0.493,0.724,0.941,0.944,0.582,1.0,1.0,0.0,Section 89 - Rock Lick Creek ('Platinum Mine' prospect),4.6,,,4433.0,,Mapped Nada/Renfro contact on Alcorn GQ (verified from the map legend) | Steep slopes along the upstream contact (mean 31°) — active erosion/replenishment | Deeply incised channel at the contact (40 m below the ±200 m mean surface) | Inside the KGS general Kentucky-agate area outline,"Steep reach (9.6%) — few bars; search pools, boulder lags and bank toes","A — verified contact, documented technical locality within 5 km in the same facies belt","Geologic map of the Alcorn quadrangle, east-central Kentucky | Charles L. Rice | 1972 (GQ-963)",37.59062,-84.04202,37.58413,-84.0348
6832,54,MODERATE TARGET,76.0,37.7157,-83.8079,Estill,Cobhill,GQ-1347,"Unnamed ravine / small hollow, tributary to Wodward Creek",ravine / small hollow,intermittent (NHD),VERIFIED TARGET CONTACT (combined-unit top),Moderate-high,Mbna,Mb|Msla,SECONDARY,"Renfro and Nada Members, undivided (Mbrn) — digital polygon Mb",St. Louis Limestone Member of Newman/Slade (Msla) above the combined Renfro+Nada unit (Mbrn),"Top of mapped Renfro+Nada unit (Mbrn), GQ-1347.",Northeast part of the belt: Renfro thin (GQ legends: ~5–10 ft in Powell County) and mapped with the Nada; the Nada/Renfro contact lies only a few feet to ~10 m below the mapped line. Historic collecting centre (Irvine–Estill–Powell).,288.0,0.398,59.8,22.65,2.64,57.0,26.1,171.0,37.0,18.5,11.3,5.2,1202.0,4013.0,1.0,0.352,0.704,0.787,0.906,1.0,0.95,0.0,Section 95 - Drip Rock (KY-89 roadcut),19.0,,,5934.0,,Mapped top of the Renfro+Nada unit; target contact lies a few feet to ~10 m lower in the same channel | Large source supply: 59.8 km of mapped target contact drains into the primary search reach | Steep slopes along the upstream contact (mean 26°) — active erosion/replenishment | Deeply incised channel at the contact (37 m below the ±200 m mean surface) | Inside the KGS general Kentucky-agate area outline,Nada/Renfro contact not drawn separately on this quadrangle,B — verified contact inside KGS agate area; no measured section on this drainage,"Geologic map of the Cobhill quadrangle, east-central Kentucky | Donald C. Haney | 1976 (GQ-1347)",37.70654,-83.80878,37.71388,-83.80733
5695,55,MODERATE TARGET,75.9,37.7086,-83.838,Estill,Cobhill,GQ-1347,"Unnamed ravine / small hollow, tributary to Furnace Fork",ravine / small hollow,not in NHD — DEM-derived channel (likely ephemeral hollow),VERIFIED TARGET CONTACT (combined-unit top),Moderate-high,Mbna,Mb|Msla,SECONDARY,"Renfro and Nada Members, undivided (Mbrn) — digital polygon Mb",St. Louis Limestone Member of Newman/Slade (Msla) above the combined Renfro+Nada unit (Mbrn),"Top of mapped Renfro+Nada unit (Mbrn), GQ-1347.",Northeast part of the belt: Renfro thin (GQ legends: ~5–10 ft in Powell County) and mapped with the Nada; the Nada/Renfro contact lies only a few feet to ~10 m below the mapped line. Historic collecting centre (Irvine–Estill–Powell).,297.0,0.104,15.2,3.05,4.98,36.0,32.3,158.0,26.0,19.3,18.6,7.2,1224.0,4021.0,0.75,0.725,1.0,0.601,0.764,1.0,0.95,0.0,Section 95 - Drip Rock (KY-89 roadcut),16.6,,,6144.0,,Mapped top of the Renfro+Nada unit; target contact lies a few feet to ~10 m lower in the same channel | Steep slopes along the upstream contact (mean 32°) — active erosion/replenishment | Inside the KGS general Kentucky-agate area outline,Nada/Renfro contact not drawn separately on this quadrangle | Source channel is not in NHD — likely dry except after rain,B — verified contact inside KGS agate area; no measured section on this drainage,"Geologic map of the Cobhill quadrangle, east-central Kentucky | Donald C. Haney | 1976 (GQ-1347)",37.70744,-83.84912,37.70825,-83.83888
331,56,MODERATE TARGET,75.8,37.5669,-84.0584,Estill,Alcorn,GQ-963,"Unnamed hollow head, tributary to Kissey Branch",hollow head,not in NHD — DEM-derived channel (likely ephemeral hollow),VERIFIED TARGET CONTACT,High,Mbna,Mb|Msla,CONTACT,"Nada Member (Mbna), Borden Fm",Renfro Member (mapped Mbr on the GQ; merged into Slade Fm polygon Msla in KGS digital data),"Base of Renfro Member (Mbr) on top of Nada Member (Mbna). GQ-963 maps Renfro separately; KGS digital compilation merged Renfro into the Slade Formation polygon (Msla), so this line is the mapped Nada/Renfro contact.","Along/east of the projected Locust Branch Fault trend: Renfro 6.3–9.7 m resting on Nada shale (Dever 1999, sections 88–95); brecciated dolomite with quartz bodies as far NE as Drip Rock; epigenetic Zn-Pb at Rock Lick Creek shows fluid flow on this trend.",317.0,0.012,9.5,2.3,4.15,24.0,23.8,219.0,36.0,21.1,16.2,7.7,1219.0,3182.0,0.634,0.634,0.588,0.942,0.726,1.0,1.0,0.0,Section 89 - Rock Lick Creek ('Platinum Mine' prospect),3.4,,,5147.0,,Mapped Nada/Renfro contact on Alcorn GQ (verified from the map legend) | Deeply incised channel at the contact (36 m below the ±200 m mean surface) | Inside the KGS general Kentucky-agate area outline,Source channel is not in NHD — likely dry except after rain,"A — verified contact, documented technical locality within 5 km in the same facies belt","Geologic map of the Alcorn quadrangle, east-central Kentucky | Charles L. Rice | 1972 (GQ-963)",37.57529,-84.063,37.56727,-84.05924
6806,57,MODERATE TARGET,75.6,37.5916,-83.8634,Lee,Heidelberg,GQ-1340,"Unnamed ravine / small hollow, tributary to Ross Creek",ravine / small hollow,intermittent (NHD),VERIFIED TARGET CONTACT (combined-unit top),Moderate-high,Mbna,Mb|Msla,SECONDARY,"Renfro and Nada Members, undivided (Mbrn) — digital polygon Mb",St. Louis Limestone Member of Newman/Slade (Msla) above the combined Renfro+Nada unit (Mbrn),"Top of mapped Renfro+Nada unit (Mbrn), GQ-1340.",Northeast part of the belt: Renfro thin (GQ legends: ~5–10 ft in Powell County) and mapped with the Nada; the Nada/Renfro contact lies only a few feet to ~10 m below the mapped line. Historic collecting centre (Irvine–Estill–Powell).,261.0,0.38,59.4,25.25,2.35,73.0,26.5,178.0,41.0,20.1,14.3,5.6,1224.0,4016.0,1.0,0.291,0.727,0.851,0.877,1.0,0.95,0.0,Section 95 - Drip Rock (KY-89 roadcut),8.9,,,13619.0,,Mapped top of the Renfro+Nada unit; target contact lies a few feet to ~10 m lower in the same channel | Large source supply: 59.4 km of mapped target contact drains into the primary search reach | Steep slopes along the upstream contact (mean 27°) — active erosion/replenishment | Deeply incised channel at the contact (41 m below the ±200 m mean surface) | Inside the KGS general Kentucky-agate area outline,Nada/Renfro contact not drawn separately on this quadrangle | 73% of drainage is Pennsylvanian sandstone/conglomerate — abundant non-target gravel,B — verified contact inside KGS agate area; no measured section on this drainage,"Geologic map of the Heidelberg quadrangle, east-central Kentucky | Douglas F. B. Black | 1977 (GQ-1340)",37.59744,-83.86645,37.59184,-83.86578
2888,58,MODERATE TARGET,75.5,37.5003,-84.2664,Rockcastle,Berea,GQ-649,"Unnamed hollow head, tributary to Davis Branch",hollow head,not in NHD — DEM-derived channel (likely ephemeral hollow),VERIFIED TARGET CONTACT,High,Mbna,Mb|Msla,CONTACT,"Nada Member (Mbna), Borden Fm",Renfro Member (mapped Mbr on the GQ; merged into Slade Fm polygon Msla in KGS digital data),"Base of Renfro Member (Mbr) on top of Nada Member (Mbna), GQ-649. Glauconitic clayey siltstone seam (to 0.2 ft) marks top of Nada.","West of the projected Locust Branch Fault trend: thick Renfro (16.7–17.5 m) with a cherty, geodiferous basal dolomite 1.5–5 m thick (Dever 1999, sections 83, 87); silica (chalcedony+quartz) geodes replacing upper Nada dolostone at KSPG Stop 6B.",387.0,0.024,4.8,0.67,7.06,4.0,25.1,135.0,30.0,19.0,11.6,5.5,1210.0,4009.0,0.472,0.985,0.653,0.575,0.887,1.0,1.0,0.0,"KSPG 2013 Stop 6B - Bighill roadcut, US-421",5.8,,,8623.0,,Mapped Nada/Renfro contact on Berea GQ (verified from the map legend) | Concentrated source: 7.1 km of contact per km² of drainage (little dilution) | Little Pennsylvanian sandstone upstream (4% of drainage) — fewer look-alike clasts | Steep slopes along the upstream contact (mean 25°) — active erosion/replenishment | Deeply incised channel at the contact (30 m below the ±200 m mean surface) | Inside the KGS general Kentucky-agate area outline,Small source supply (4.8 km of contact upstream of reach end) | Source channel is not in NHD — likely dry except after rain,B — verified contact inside KGS agate area; no measured section on this drainage,"Geologic map of the Berea quadrangle, east-central Kentucky | Gordon Whitney Weir | 1967 (GQ-649)",37.4932,-84.26141,37.49982,-84.26728
6118,59,MODERATE TARGET,75.5,37.6914,-83.8078,Estill,Cobhill,GQ-1347,"Unnamed ravine / small hollow, tributary to Wodward Creek",ravine / small hollow,not in NHD — DEM-derived channel (likely ephemeral hollow),VERIFIED TARGET CONTACT (combined-unit top),Moderate-high,Mbna,Mb|Msla,SECONDARY,"Renfro and Nada Members, undivided (Mbrn) — digital polygon Mb",St. Louis Limestone Member of Newman/Slade (Msla) above the combined Renfro+Nada unit (Mbrn),"Top of mapped Renfro+Nada unit (Mbrn), GQ-1347.",Northeast part of the belt: Renfro thin (GQ legends: ~5–10 ft in Powell County) and mapped with the Nada; the Nada/Renfro contact lies only a few feet to ~10 m below the mapped line. Historic collecting centre (Irvine–Estill–Powell).,273.0,0.152,80.7,29.02,2.78,55.0,27.7,157.0,36.0,19.0,9.8,5.9,1208.0,3109.0,1.0,0.357,0.785,0.726,0.856,1.0,0.95,0.0,Section 95 - Drip Rock (KY-89 roadcut),17.3,,,8520.0,,Mapped top of the Renfro+Nada unit; target contact lies a few feet to ~10 m lower in the same channel | Large source supply: 80.7 km of mapped target contact drains into the primary search reach | Steep slopes along the upstream contact (mean 28°) — active erosion/replenishment | Deeply incised channel at the contact (36 m below the ±200 m mean surface) | Inside the KGS general Kentucky-agate area outline,Nada/Renfro contact not drawn separately on this quadrangle | Source channel is not in NHD — likely dry except after rain,B — verified contact inside KGS agate area; no measured section on this drainage,"Geologic map of the Cobhill quadrangle, east-central Kentucky | Donald C. Haney | 1976 (GQ-1347)",37.68439,-83.80951,37.69088,-83.80968
1584,60,MODERATE TARGET,75.5,37.6345,-84.0103,Estill,Panola,GQ-686,Unnamed hollow head,hollow head,not in NHD — DEM-derived channel (likely ephemeral hollow),VERIFIED TARGET CONTACT,High,Mbnc,Mb|Msla,CONTACT,"Nada and Cowbell Members, undivided (Mbnc), Borden Fm",Renfro Member (Mbr on GQ-686),"Base of Renfro Member (Mbr) on top of combined Nada and Cowbell Members (Mbnc), GQ-686. Upper edge of Mbnc is the top of the Nada.","Along/east of the projected Locust Branch Fault trend: Renfro 6.3–9.7 m resting on Nada shale (Dever 1999, sections 88–95); brecciated dolomite with quartz bodies as far NE as Drip Rock; epigenetic Zn-Pb at Rock Lick Creek shows fluid flow on this trend.",339.0,0.016,5.0,0.86,5.86,20.0,30.2,181.0,29.0,17.6,13.8,10.2,1208.0,2355.0,0.483,0.908,0.909,0.722,0.533,1.0,1.0,0.0,Section 95 - Drip Rock (KY-89 roadcut),5.8,,,2198.0,,Mapped Nada/Renfro contact on Panola GQ (verified from the map legend) | Concentrated source: 5.9 km of contact per km² of drainage (little dilution) | Little Pennsylvanian sandstone upstream (20% of drainage) — fewer look-alike clasts | Steep slopes along the upstream contact (mean 30°) — active erosion/replenishment | Inside the KGS general Kentucky-agate area outline,"Steep reach (10.2%) — few bars; search pools, boulder lags and bank toes | Source channel is not in NHD — likely dry except after rain",B — verified contact inside KGS agate area; no measured section on this drainage,"Geologic map of the Panola quadrangle, Estill and Madison Counties, Kentucky | Robert C. Greene | 1968 (GQ-686)",37.62997,-84.00148,37.63504,-84.00966
5514,61,MODERATE TARGET,75.3,37.5694,-84.1166,Madison,Alcorn,GQ-963,"Unnamed ravine / small hollow, tributary to Shirley Branch",ravine / small hollow,not in NHD — DEM-derived channel (likely ephemeral hollow),VERIFIED TARGET CONTACT,High,Mbna,Mb|Msla,CONTACT,"Nada Member (Mbna), Borden Fm",Renfro Member (mapped Mbr on the GQ; merged into Slade Fm polygon Msla in KGS digital data),"Base of Renfro Member (Mbr) on top of Nada Member (Mbna). GQ-963 maps Renfro separately; KGS digital compilation merged Renfro into the Slade Formation polygon (Msla), so this line is the mapped Nada/Renfro contact.","Along/east of the projected Locust Branch Fault trend: Renfro 6.3–9.7 m resting on Nada shale (Dever 1999, sections 88–95); brecciated dolomite with quartz bodies as far NE as Drip Rock; epigenetic Zn-Pb at Rock Lick Creek shows fluid flow on this trend.",349.0,0.091,4.2,0.74,5.69,12.0,25.8,226.0,29.0,20.2,19.8,9.1,1207.0,2909.0,0.444,0.91,0.69,0.862,0.618,1.0,1.0,0.0,Section 87 - Owsley Fork,5.3,,,4252.0,,Mapped Nada/Renfro contact on Alcorn GQ (verified from the map legend) | Concentrated source: 5.7 km of contact per km² of drainage (little dilution) | Little Pennsylvanian sandstone upstream (12% of drainage) — fewer look-alike clasts | Steep slopes along the upstream contact (mean 26°) — active erosion/replenishment | Inside the KGS general Kentucky-agate area outline,"Small source supply (4.2 km of contact upstream of reach end) | Steep reach (9.1%) — few bars; search pools, boulder lags and bank toes | Source channel is not in NHD — likely dry except after rain",B — verified contact inside KGS agate area; no measured section on this drainage,"Geologic map of the Alcorn quadrangle, east-central Kentucky | Charles L. Rice | 1972 (GQ-963)",37.57659,-84.10824,37.5701,-84.11573
6828,62,MODERATE TARGET,75.3,37.5618,-84.0052,Jackson,Alcorn,GQ-963,"Unnamed ravine / small hollow, tributary to South Fork Station Camp Creek",ravine / small hollow,intermittent (NHD),VERIFIED TARGET CONTACT,High,Mbna,Mb|Msla,CONTACT,"Nada Member (Mbna), Borden Fm",Renfro Member (mapped Mbr on the GQ; merged into Slade Fm polygon Msla in KGS digital data),"Base of Renfro Member (Mbr) on top of Nada Member (Mbna). GQ-963 maps Renfro separately; KGS digital compilation merged Renfro into the Slade Formation polygon (Msla), so this line is the mapped Nada/Renfro contact.","Along/east of the projected Locust Branch Fault trend: Renfro 6.3–9.7 m resting on Nada shale (Dever 1999, sections 88–95); brecciated dolomite with quartz bodies as far NE as Drip Rock; epigenetic Zn-Pb at Rock Lick Creek shows fluid flow on this trend.",304.0,0.394,110.9,100.93,1.1,62.0,29.3,194.0,38.0,21.4,16.7,8.5,848.0,848.0,1.0,0.086,0.864,0.886,0.665,1.0,1.0,0.0,Section 89 - Rock Lick Creek ('Platinum Mine' prospect),3.4,,South Fork Station Camp Creek,7262.0,,Mapped Nada/Renfro contact on Alcorn GQ (verified from the map legend) | Large source supply: 110.9 km of mapped target contact drains into the primary search reach | Steep slopes along the upstream contact (mean 29°) — active erosion/replenishment | Deeply incised channel at the contact (38 m below the ±200 m mean surface) | Inside the KGS general Kentucky-agate area outline,"Diluted: only 1.1 km contact per km² drainage | 62% of drainage is Pennsylvanian sandstone/conglomerate — abundant non-target gravel | Steep reach (8.5%) — few bars; search pools, boulder lags and bank toes","A — verified contact, documented technical locality within 5 km in the same facies belt","Geologic map of the Alcorn quadrangle, east-central Kentucky | Charles L. Rice | 1972 (GQ-963)",37.56173,-83.99675,37.56209,-84.00398
1772,63,MODERATE TARGET,75.3,37.5797,-84.1289,Madison,Bighill,GQ-900,"Unnamed hollow head, tributary to Red Lick Creek",hollow head,not in NHD — DEM-derived channel (likely ephemeral hollow),VERIFIED TARGET CONTACT,High,Mbna,Mb|Msla,CONTACT,"Nada Member (Mbna), Borden Fm",Renfro Member (mapped Mbr on the GQ; merged into Slade Fm polygon Msla in KGS digital data),"Base of Renfro Member (Mbr) on top of Nada Member (Mbna), GQ-900.","West of the projected Locust Branch Fault trend: thick Renfro (16.7–17.5 m) with a cherty, geodiferous basal dolomite 1.5–5 m thick (Dever 1999, sections 83, 87); silica (chalcedony+quartz) geodes replacing upper Nada dolostone at KSPG Stop 6B.",353.0,0.017,5.1,0.9,5.67,7.0,27.0,211.0,25.0,20.2,23.3,10.1,1202.0,2279.0,0.487,0.923,0.752,0.777,0.546,1.0,1.0,0.0,Section 87 - Owsley Fork,6.3,,,3095.0,,Mapped Nada/Renfro contact on Bighill GQ (verified from the map legend) | Concentrated source: 5.7 km of contact per km² of drainage (little dilution) | Little Pennsylvanian sandstone upstream (7% of drainage) — fewer look-alike clasts | Steep slopes along the upstream contact (mean 27°) — active erosion/replenishment | Inside the KGS general Kentucky-agate area outline,"Steep reach (10.1%) — few bars; search pools, boulder lags and bank toes | Source channel is not in NHD — likely dry except after rain",B — verified contact inside KGS agate area; no measured section on this drainage,"Geologic map of the Bighill quadrangle, east-central Kentucky | Gordon Whitney Weir, K. Y. Lee, and P.E. Cassity | 1971 (GQ-900)",37.58128,-84.13817,37.57908,-84.1292
1908,64,MODERATE TARGET,75.2,37.7788,-83.8949,Powell,Clay City,GQ-663,"Unnamed hollow head, tributary to Ballard Branch",hollow head,not in NHD — DEM-derived channel (likely ephemeral hollow),VERIFIED TARGET CONTACT,High,Mb,Mb|Msla,CONTACT,Borden Fm,Renfro Member,"Base of Renfro Member (Mbr) on Nada Member (Mbna); GQ-663 legend maps Mbr, Mbna and Mbc separately. The KGS digital line carries the generic symbol Mb because Renfro was merged into the Slade polygon.",Northeast part of the belt: Renfro thin (GQ legends: ~5–10 ft in Powell County) and mapped with the Nada; the Nada/Renfro contact lies only a few feet to ~10 m below the mapped line. Historic collecting centre (Irvine–Estill–Powell).,336.0,0.018,12.0,2.3,5.21,4.0,24.6,201.0,13.0,19.0,26.3,9.9,1207.0,4019.0,0.69,0.856,0.632,0.597,0.557,1.0,1.0,0.0,Section 95 - Drip Rock (KY-89 roadcut),21.0,,,833.0,,Mapped Nada/Renfro contact on Clay City GQ (verified from the map legend) | Concentrated source: 5.2 km of contact per km² of drainage (little dilution) | Little Pennsylvanian sandstone upstream (4% of drainage) — fewer look-alike clasts | Inside the KGS general Kentucky-agate area outline,"Steep reach (9.9%) — few bars; search pools, boulder lags and bank toes | Source channel is not in NHD — likely dry except after rain",B — verified contact inside KGS agate area; no measured section on this drainage,"Geologic map of the Clay City quadrangle, Powell and Estill Counties, Kentucky | George Clarke Simmons | 1967 (GQ-663)",37.78495,-83.90418,37.77913,-83.89534
4432,65,MODERATE TARGET,75.1,37.7167,-83.9293,Estill,Irvine,GQ-1285,"Unnamed hollow head, tributary to Campbell Creek",hollow head,not in NHD — DEM-derived channel (likely ephemeral hollow),VERIFIED TARGET CONTACT (combined-unit top),Moderate-high,Mbna,Mb|Msla,SECONDARY,"Renfro and Nada Members, undivided (Mbrn) — digital polygon Mb",St. Louis Limestone Member of Newman/Slade (Msla) above the combined Renfro+Nada unit (Mbrn),"Top of mapped Renfro+Nada unit (Mbrn), GQ-1285. The Nada/Renfro contact itself is not drawn; it lies one Renfro thickness below this line (Renfro thickest NE, thinnest near Wagersville).",Northeast part of the belt: Renfro thin (GQ legends: ~5–10 ft in Powell County) and mapped with the Nada; the Nada/Renfro contact lies only a few feet to ~10 m below the mapped line. Historic collecting centre (Irvine–Estill–Powell).,357.0,0.048,16.2,3.32,4.88,14.0,34.7,195.0,23.0,17.1,24.0,12.6,1206.0,4018.0,0.766,0.773,1.0,0.699,0.4,1.0,0.95,0.0,Section 95 - Drip Rock (KY-89 roadcut),13.6,,,122.0,,"Mapped top of the Renfro+Nada unit; target contact lies a few feet to ~10 m lower in the same channel | Little Pennsylvanian sandstone upstream (14% of drainage) — fewer look-alike clasts | Steep slopes along the upstream contact (mean 35°) — active erosion/replenishment | Inside the KGS general Kentucky-agate area outline | Mapped fault 122 m away (reported only, not scored)","Nada/Renfro contact not drawn separately on this quadrangle | Steep reach (12.6%) — few bars; search pools, boulder lags and bank toes | Source channel is not in NHD — likely dry except after rain",B — verified contact inside KGS agate area; no measured section on this drainage,"Geologic map of the Irvine quadrangle, Estill County, Kentucky | Harry P. Hoge, Perry Braswell Wigley, and Fred R. Shawe | 1976 (GQ-1285)",37.70734,-83.93418,37.71605,-83.92928
4527,66,MODERATE TARGET,75.1,37.5196,-84.2577,Madison,Berea,GQ-649,"Unnamed ravine / small hollow, tributary to West Fork Silver Creek",ravine / small hollow,not in NHD — DEM-derived channel (likely ephemeral hollow),VERIFIED TARGET CONTACT,High,Mbna,Mb|Msla,CONTACT,"Nada Member (Mbna), Borden Fm",Renfro Member (mapped Mbr on the GQ; merged into Slade Fm polygon Msla in KGS digital data),"Base of Renfro Member (Mbr) on top of Nada Member (Mbna), GQ-649. Glauconitic clayey siltstone seam (to 0.2 ft) marks top of Nada.","West of the projected Locust Branch Fault trend: thick Renfro (16.7–17.5 m) with a cherty, geodiferous basal dolomite 1.5–5 m thick (Dever 1999, sections 83, 87); silica (chalcedony+quartz) geodes replacing upper Nada dolostone at KSPG Stop 6B.",401.0,0.05,8.7,1.31,6.6,16.0,20.0,135.0,28.0,15.9,11.8,5.5,1209.0,4019.0,0.611,0.942,0.4,0.545,0.885,1.0,1.0,0.0,"KSPG 2013 Stop 6B - Bighill roadcut, US-421",4.2,,,8059.0,,Mapped Nada/Renfro contact on Berea GQ (verified from the map legend) | Concentrated source: 6.6 km of contact per km² of drainage (little dilution) | Little Pennsylvanian sandstone upstream (16% of drainage) — fewer look-alike clasts | Inside the KGS general Kentucky-agate area outline,Source channel is not in NHD — likely dry except after rain,"A — verified contact, documented technical locality within 5 km in the same facies belt","Geologic map of the Berea quadrangle, east-central Kentucky | Gordon Whitney Weir | 1967 (GQ-649)",37.52201,-84.26828,37.51982,-84.25931
5161,67,MODERATE TARGET,75.1,37.5633,-84.1402,Jackson,Bighill,GQ-900,Unnamed ravine / small hollow,ravine / small hollow,not in NHD — DEM-derived channel (likely ephemeral hollow),VERIFIED TARGET CONTACT,High,Mbna,Mb|Msla,CONTACT,"Nada Member (Mbna), Borden Fm",Renfro Member (mapped Mbr on the GQ; merged into Slade Fm polygon Msla in KGS digital data),"Base of Renfro Member (Mbr) on top of Nada Member (Mbna), GQ-900.","West of the projected Locust Branch Fault trend: thick Renfro (16.7–17.5 m) with a cherty, geodiferous basal dolomite 1.5–5 m thick (Dever 1999, sections 83, 87); silica (chalcedony+quartz) geodes replacing upper Nada dolostone at KSPG Stop 6B.",347.0,0.072,7.0,1.21,5.73,7.0,22.9,156.0,33.0,18.5,17.9,8.3,1222.0,3299.0,0.558,0.933,0.544,0.682,0.679,1.0,1.0,0.0,Section 87 - Owsley Fork,4.5,,,5080.0,,Mapped Nada/Renfro contact on Bighill GQ (verified from the map legend) | Concentrated source: 5.7 km of contact per km² of drainage (little dilution) | Little Pennsylvanian sandstone upstream (7% of drainage) — fewer look-alike clasts | Deeply incised channel at the contact (33 m below the ±200 m mean surface) | Inside the KGS general Kentucky-agate area outline,"Steep reach (8.3%) — few bars; search pools, boulder lags and bank toes | Source channel is not in NHD — likely dry except after rain","A — verified contact, documented technical locality within 5 km in the same facies belt","Geologic map of the Bighill quadrangle, east-central Kentucky | Gordon Whitney Weir, K. Y. Lee, and P.E. Cassity | 1971 (GQ-900)",37.57289,-84.14121,37.5642,-84.13973
2364,68,MODERATE TARGET,74.9,37.6064,-83.91,Estill,Leighton,GQ-1495,"Unnamed hollow head, tributary to Searcy Branch",hollow head,not in NHD — DEM-derived channel (likely ephemeral hollow),VERIFIED TARGET CONTACT (combined-unit top),Moderate-high,Mbna,Mb|Msla,SECONDARY,"Renfro and Nada Members, undivided (Mbrn) — digital polygon Mb",St. Louis Limestone Member of Newman/Slade (Msla) above the combined Renfro+Nada unit (Mbrn),"Top of mapped Renfro+Nada unit (Mbrn), GQ-1495. Nada: greenish and grayish-red shale with mid-unit glauconitic seam and silty dolomite beds near top.","Along/east of the projected Locust Branch Fault trend: Renfro 6.3–9.7 m resting on Nada shale (Dever 1999, sections 88–95); brecciated dolomite with quartz bodies as far NE as Drip Rock; epigenetic Zn-Pb at Rock Lick Creek shows fluid flow on this trend.",296.0,0.02,13.3,2.93,4.53,40.0,28.9,197.0,33.0,21.1,17.1,8.0,1217.0,1650.0,0.716,0.649,0.844,0.835,0.702,1.0,0.95,0.0,Section 95 - Drip Rock (KY-89 roadcut),4.9,,,9781.0,,Mapped top of the Renfro+Nada unit; target contact lies a few feet to ~10 m lower in the same channel | Steep slopes along the upstream contact (mean 29°) — active erosion/replenishment | Deeply incised channel at the contact (33 m below the ±200 m mean surface) | Inside the KGS general Kentucky-agate area outline,Nada/Renfro contact not drawn separately on this quadrangle | Source channel is not in NHD — likely dry except after rain,B — verified contact inside KGS agate area; no measured section on this drainage,"Geologic map of the Leighton quadrangle, east-central Kentucky | Donald C. Haney and Charles L. Rice | 1978 (GQ-1495)",37.60205,-83.91812,37.60561,-83.90982
6329,69,MODERATE TARGET,74.8,37.5874,-84.0283,Estill,Alcorn,GQ-963,"Unnamed ravine / small hollow, tributary to Sang Branch",ravine / small hollow,intermittent (NHD),VERIFIED TARGET CONTACT,High,Mbna,Mb|Msla,CONTACT,"Nada Member (Mbna), Borden Fm",Renfro Member (mapped Mbr on the GQ; merged into Slade Fm polygon Msla in KGS digital data),"Base of Renfro Member (Mbr) on top of Nada Member (Mbna). GQ-963 maps Renfro separately; KGS digital compilation merged Renfro into the Slade Formation polygon (Msla), so this line is the mapped Nada/Renfro contact.","Along/east of the projected Locust Branch Fault trend: Renfro 6.3–9.7 m resting on Nada shale (Dever 1999, sections 88–95); brecciated dolomite with quartz bodies as far NE as Drip Rock; epigenetic Zn-Pb at Rock Lick Creek shows fluid flow on this trend.",321.0,0.194,6.3,1.64,3.83,31.0,30.5,229.0,42.0,21.6,20.6,9.6,1217.0,1924.0,0.535,0.57,0.923,1.0,0.581,1.0,1.0,0.0,Section 89 - Rock Lick Creek ('Platinum Mine' prospect),5.0,,,4047.0,,Mapped Nada/Renfro contact on Alcorn GQ (verified from the map legend) | Steep slopes along the upstream contact (mean 30°) — active erosion/replenishment | Deeply incised channel at the contact (42 m below the ±200 m mean surface) | Inside the KGS general Kentucky-agate area outline,"Steep reach (9.6%) — few bars; search pools, boulder lags and bank toes",B — verified contact inside KGS agate area; no measured section on this drainage,"Geologic map of the Alcorn quadrangle, east-central Kentucky | Charles L. Rice | 1972 (GQ-963)",37.59701,-84.03067,37.58812,-84.0283
5057,70,MODERATE TARGET,74.7,37.5732,-84.0747,Estill,Alcorn,GQ-963,Unnamed ravine / small hollow,ravine / small hollow,not in NHD — DEM-derived channel (likely ephemeral hollow),VERIFIED TARGET CONTACT,High,Mbna,Mb|Msla,CONTACT,"Nada Member (Mbna), Borden Fm",Renfro Member (mapped Mbr on the GQ; merged into Slade Fm polygon Msla in KGS digital data),"Base of Renfro Member (Mbr) on top of Nada Member (Mbna). GQ-963 maps Renfro separately; KGS digital compilation merged Renfro into the Slade Formation polygon (Msla), so this line is the mapped Nada/Renfro contact.","Along/east of the projected Locust Branch Fault trend: Renfro 6.3–9.7 m resting on Nada shale (Dever 1999, sections 88–95); brecciated dolomite with quartz bodies as far NE as Drip Rock; epigenetic Zn-Pb at Rock Lick Creek shows fluid flow on this trend.",342.0,0.068,4.1,0.78,5.21,4.0,32.6,185.0,27.0,18.3,19.7,9.4,1202.0,2316.0,0.438,0.857,1.0,0.709,0.596,1.0,1.0,0.0,Section 89 - Rock Lick Creek ('Platinum Mine' prospect),4.9,,,3815.0,,Mapped Nada/Renfro contact on Alcorn GQ (verified from the map legend) | Concentrated source: 5.2 km of contact per km² of drainage (little dilution) | Little Pennsylvanian sandstone upstream (4% of drainage) — fewer look-alike clasts | Steep slopes along the upstream contact (mean 33°) — active erosion/replenishment | Inside the KGS general Kentucky-agate area outline,"Small source supply (4.1 km of contact upstream of reach end) | Steep reach (9.4%) — few bars; search pools, boulder lags and bank toes | Source channel is not in NHD — likely dry except after rain","A — verified contact, documented technical locality within 5 km in the same facies belt","Geologic map of the Alcorn quadrangle, east-central Kentucky | Charles L. Rice | 1972 (GQ-963)",37.58166,-84.07294,37.57377,-84.07438
3689,71,MODERATE TARGET,74.6,37.5451,-84.0617,Jackson,Alcorn,GQ-963,"Unnamed hollow head, tributary to Rock Lick Creek",hollow head,intermittent (NHD),VERIFIED TARGET CONTACT,High,Mbna,Mb|Msla,CONTACT,"Nada Member (Mbna), Borden Fm",Renfro Member (mapped Mbr on the GQ; merged into Slade Fm polygon Msla in KGS digital data),"Base of Renfro Member (Mbr) on top of Nada Member (Mbna). GQ-963 maps Renfro separately; KGS digital compilation merged Renfro into the Slade Formation polygon (Msla), so this line is the mapped Nada/Renfro contact.","Along/east of the projected Locust Branch Fault trend: Renfro 6.3–9.7 m resting on Nada shale (Dever 1999, sections 88–95); brecciated dolomite with quartz bodies as far NE as Drip Rock; epigenetic Zn-Pb at Rock Lick Creek shows fluid flow on this trend.",308.0,0.034,31.5,28.76,1.1,72.0,24.2,173.0,40.0,21.7,5.4,3.0,1219.0,4006.0,0.937,0.131,0.612,0.829,1.0,1.0,1.0,0.0,Section 89 - Rock Lick Creek ('Platinum Mine' prospect),2.3,Section 89 - Rock Lick Creek ('Platinum Mine' prospect),Rock Lick Creek,7132.0,,Mapped Nada/Renfro contact on Alcorn GQ (verified from the map legend) | Large source supply: 31.5 km of mapped target contact drains into the primary search reach | Deeply incised channel at the contact (40 m below the ±200 m mean surface) | Moderate reach gradient (3.0%) — gravel bars likely | Inside the KGS general Kentucky-agate area outline | 2.3 km from documented locality: Section 89 - Rock Lick Creek ('Platinum Mine' prospect),Diluted: only 1.1 km contact per km² drainage | 72% of drainage is Pennsylvanian sandstone/conglomerate — abundant non-target gravel,"A — verified contact, documented technical locality within 5 km in the same facies belt","Geologic map of the Alcorn quadrangle, east-central Kentucky | Charles L. Rice | 1972 (GQ-963)",37.54273,-84.05093,37.54438,-84.05924
644,72,MODERATE TARGET,74.5,37.8782,-83.7525,Powell,Means,GQ-1324,"Unnamed hollow head, tributary to Right Fork Cane Creek",hollow head,not in NHD — DEM-derived channel (likely ephemeral hollow),VERIFIED TARGET CONTACT (combined-unit top),Moderate-high,Mbna,Mb|Msla,SECONDARY,"Renfro and Nada Members, undivided (Mbrn) — digital polygon Mb",St. Louis Limestone Member of Newman/Slade (Msla) above the combined Renfro+Nada unit (Mbrn),"Top of mapped Renfro+Nada unit (Mbrn), GQ-1324. Target contact lies one Renfro thickness below this line.",Northeast part of the belt: Renfro thin (GQ legends: ~5–10 ft in Powell County) and mapped with the Nada; the Nada/Renfro contact lies only a few feet to ~10 m below the mapped line. Historic collecting centre (Irvine–Estill–Powell).,307.0,0.013,101.6,15.39,6.6,25.0,18.1,190.0,21.0,21.9,20.6,7.7,1209.0,4026.0,1.0,0.914,0.306,0.656,0.726,0.75,0.95,4.7,Section 95 - Drip Rock (KY-89 roadcut),36.3,,,10491.0,,Mapped top of the Renfro+Nada unit; target contact lies a few feet to ~10 m lower in the same channel | Large source supply: 101.6 km of mapped target contact drains into the primary search reach | Concentrated source: 6.6 km of contact per km² of drainage (little dilution),Nada/Renfro contact not drawn separately on this quadrangle | 4.7 km outside the KGS general agate area | Source channel is not in NHD — likely dry except after rain,C — verified contact outside the documented agate area,"Geologic map of the Means quadrangle, east-central Kentucky | Gordon Whitney Weir | 1976 (GQ-1324)",37.87406,-83.76042,37.87837,-83.75341
6017,73,MODERATE TARGET,74.5,37.7992,-83.8554,Powell,Stanton,GQ-1182,"Unnamed ravine / small hollow, tributary to Hatton Creek",ravine / small hollow,not in NHD — DEM-derived channel (likely ephemeral hollow),VERIFIED TARGET CONTACT (combined-unit top),Moderate-high,Mbna,Mb|Msla,SECONDARY,"Renfro and Nada Members, undivided (Mbrn) — digital polygon Mb",St. Louis Limestone Member of Newman/Slade (Msla) above the combined Renfro+Nada unit (Mbrn),"Top of mapped Renfro+Nada unit (Mbrn), GQ-1182. Renfro commonly about 5 ft thick, so the target contact lies a few feet below this line.",Northeast part of the belt: Renfro thin (GQ legends: ~5–10 ft in Powell County) and mapped with the Nada; the Nada/Renfro contact lies only a few feet to ~10 m below the mapped line. Historic collecting centre (Irvine–Estill–Powell).,339.0,0.137,9.5,1.71,5.57,4.0,27.1,171.0,30.0,17.7,18.8,9.0,1219.0,4012.0,0.634,0.915,0.756,0.697,0.627,1.0,0.95,0.0,Section 95 - Drip Rock (KY-89 roadcut),24.4,,,2623.0,,Mapped top of the Renfro+Nada unit; target contact lies a few feet to ~10 m lower in the same channel | Concentrated source: 5.6 km of contact per km² of drainage (little dilution) | Little Pennsylvanian sandstone upstream (4% of drainage) — fewer look-alike clasts | Steep slopes along the upstream contact (mean 27°) — active erosion/replenishment | Inside the KGS general Kentucky-agate area outline,"Nada/Renfro contact not drawn separately on this quadrangle | Steep reach (9.0%) — few bars; search pools, boulder lags and bank toes | Source channel is not in NHD — likely dry except after rain",B — verified contact inside KGS agate area; no measured section on this drainage,"Geologic map of the Stanton quadrangle, Powell and Estill Counties, Kentucky | Gordon Whitney Weir | 1974 (GQ-1182)",37.8062,-83.86286,37.79953,-83.85633
5376,74,MODERATE TARGET,74.4,37.516,-84.2103,Rockcastle,Bighill,GQ-900,"Unnamed ravine / small hollow, tributary to Clear Creek",ravine / small hollow,not in NHD — DEM-derived channel (likely ephemeral hollow),VERIFIED TARGET CONTACT,High,Mbna,Mb|Msla,CONTACT,"Nada Member (Mbna), Borden Fm",Renfro Member (mapped Mbr on the GQ; merged into Slade Fm polygon Msla in KGS digital data),"Base of Renfro Member (Mbr) on top of Nada Member (Mbna), GQ-900.","West of the projected Locust Branch Fault trend: thick Renfro (16.7–17.5 m) with a cherty, geodiferous basal dolomite 1.5–5 m thick (Dever 1999, sections 83, 87); silica (chalcedony+quartz) geodes replacing upper Nada dolostone at KSPG Stop 6B.",371.0,0.083,13.9,3.23,4.29,37.0,24.1,133.0,26.0,17.9,5.8,2.5,1209.0,4008.0,0.727,0.624,0.607,0.514,1.0,1.0,1.0,0.0,"KSPG 2013 Stop 6B - Bighill roadcut, US-421",1.4,,,9285.0,,"Mapped Nada/Renfro contact on Bighill GQ (verified from the map legend) | Moderate reach gradient (2.5%) — gravel bars likely | Inside the KGS general Kentucky-agate area outline | 1.4 km from documented locality: KSPG 2013 Stop 6B - Bighill roadcut, US-421",Source channel is not in NHD — likely dry except after rain,"A — verified contact, documented technical locality within 5 km in the same facies belt","Geologic map of the Bighill quadrangle, east-central Kentucky | Gordon Whitney Weir, K. Y. Lee, and P.E. Cassity | 1971 (GQ-900)",37.51443,-84.2215,37.51526,-84.21061
5197,75,MODERATE TARGET,74.4,37.6198,-83.9167,Estill,Leighton,GQ-1495,"Unnamed ravine / small hollow, tributary to Station Camp Creek",ravine / small hollow,not in NHD — DEM-derived channel (likely ephemeral hollow),VERIFIED TARGET CONTACT (combined-unit top),Moderate-high,Mbna,Mb|Msla,SECONDARY,"Renfro and Nada Members, undivided (Mbrn) — digital polygon Mb",St. Louis Limestone Member of Newman/Slade (Msla) above the combined Renfro+Nada unit (Mbrn),"Top of mapped Renfro+Nada unit (Mbrn), GQ-1495. Nada: greenish and grayish-red shale with mid-unit glauconitic seam and silty dolomite beds near top.","Along/east of the projected Locust Branch Fault trend: Renfro 6.3–9.7 m resting on Nada shale (Dever 1999, sections 88–95); brecciated dolomite with quartz bodies as far NE as Drip Rock; epigenetic Zn-Pb at Rock Lick Creek shows fluid flow on this trend.",292.0,0.073,10.4,2.08,5.03,43.0,26.4,212.0,35.0,22.2,20.5,8.1,1209.0,1587.0,0.656,0.711,0.72,0.906,0.689,1.0,0.95,0.0,Section 95 - Drip Rock (KY-89 roadcut),4.9,,,8214.0,,Mapped top of the Renfro+Nada unit; target contact lies a few feet to ~10 m lower in the same channel | Concentrated source: 5.0 km of contact per km² of drainage (little dilution) | Steep slopes along the upstream contact (mean 26°) — active erosion/replenishment | Deeply incised channel at the contact (35 m below the ±200 m mean surface) | Inside the KGS general Kentucky-agate area outline,"Nada/Renfro contact not drawn separately on this quadrangle | Steep reach (8.1%) — few bars; search pools, boulder lags and bank toes | Source channel is not in NHD — likely dry except after rain",B — verified contact inside KGS agate area; no measured section on this drainage,"Geologic map of the Leighton quadrangle, east-central Kentucky | Donald C. Haney and Charles L. Rice | 1978 (GQ-1495)",37.61448,-83.92508,37.61894,-83.91652
422,76,MODERATE TARGET,74.4,37.6673,-83.9682,Estill,Irvine,GQ-1285,Unnamed hollow head,hollow head,not in NHD — DEM-derived channel (likely ephemeral hollow),VERIFIED TARGET CONTACT (combined-unit top),Moderate-high,Mbna,Mb|Msla,SECONDARY,"Renfro and Nada Members, undivided (Mbrn) — digital polygon Mb",St. Louis Limestone Member of Newman/Slade (Msla) above the combined Renfro+Nada unit (Mbrn),"Top of mapped Renfro+Nada unit (Mbrn), GQ-1285. The Nada/Renfro contact itself is not drawn; it lies one Renfro thickness below this line (Renfro thickest NE, thinnest near Wagersville).",Northeast part of the belt: Renfro thin (GQ legends: ~5–10 ft in Powell County) and mapped with the Nada; the Nada/Renfro contact lies only a few feet to ~10 m below the mapped line. Historic collecting centre (Irvine–Estill–Powell).,340.0,0.012,6.5,0.96,6.71,19.0,33.7,185.0,28.0,20.2,18.7,10.4,1201.0,2255.0,0.542,0.932,1.0,0.727,0.521,1.0,0.95,0.0,Section 95 - Drip Rock (KY-89 roadcut),7.7,,,1320.0,,Mapped top of the Renfro+Nada unit; target contact lies a few feet to ~10 m lower in the same channel | Concentrated source: 6.7 km of contact per km² of drainage (little dilution) | Little Pennsylvanian sandstone upstream (19% of drainage) — fewer look-alike clasts | Steep slopes along the upstream contact (mean 34°) — active erosion/replenishment | Inside the KGS general Kentucky-agate area outline,"Nada/Renfro contact not drawn separately on this quadrangle | Steep reach (10.4%) — few bars; search pools, boulder lags and bank toes | Source channel is not in NHD — likely dry except after rain",B — verified contact inside KGS agate area; no measured section on this drainage,"Geologic map of the Irvine quadrangle, Estill County, Kentucky | Harry P. Hoge, Perry Braswell Wigley, and Fred R. Shawe | 1976 (GQ-1285)",37.67461,-83.97157,37.66734,-83.96915
1852,77,MODERATE TARGET,74.3,37.5282,-84.0099,Jackson,Alcorn,GQ-963,"Unnamed hollow head, tributary to South Fork Station Camp Creek",hollow head,intermittent (NHD),VERIFIED TARGET CONTACT,High,Mbna,Mb|Msla,CONTACT,"Nada Member (Mbna), Borden Fm",Renfro Member (mapped Mbr on the GQ; merged into Slade Fm polygon Msla in KGS digital data),"Base of Renfro Member (Mbr) on top of Nada Member (Mbna). GQ-963 maps Renfro separately; KGS digital compilation merged Renfro into the Slade Formation polygon (Msla), so this line is the mapped Nada/Renfro contact.","Along/east of the projected Locust Branch Fault trend: Renfro 6.3–9.7 m resting on Nada shale (Dever 1999, sections 88–95); brecciated dolomite with quartz bodies as far NE as Drip Rock; epigenetic Zn-Pb at Rock Lick Creek shows fluid flow on this trend.",287.0,0.018,25.4,54.67,0.46,57.0,30.4,179.0,36.0,20.8,10.8,3.5,1207.0,1582.0,0.881,0.048,0.922,0.804,1.0,1.0,1.0,0.0,Section 89 - Rock Lick Creek ('Platinum Mine' prospect),2.7,,"Rock Lick Creek, South Fork Station Camp Creek",10777.0,,Mapped Nada/Renfro contact on Alcorn GQ (verified from the map legend) | Large source supply: 25.4 km of mapped target contact drains into the primary search reach | Steep slopes along the upstream contact (mean 30°) — active erosion/replenishment | Deeply incised channel at the contact (36 m below the ±200 m mean surface) | Moderate reach gradient (3.5%) — gravel bars likely | Inside the KGS general Kentucky-agate area outline | 2.7 km from documented locality: Section 89 - Rock Lick Creek ('Platinum Mine' prospect),Diluted: only 0.5 km contact per km² drainage,"A — verified contact, documented technical locality within 5 km in the same facies belt","Geologic map of the Alcorn quadrangle, east-central Kentucky | Charles L. Rice | 1972 (GQ-963)",37.53727,-84.01312,37.52928,-84.0105
3111,78,MODERATE TARGET,74.2,37.6291,-84.0244,Estill,Panola,GQ-686,"Unnamed hollow head, tributary to Jenkins Branch",hollow head,not in NHD — DEM-derived channel (likely ephemeral hollow),VERIFIED TARGET CONTACT,High,Mbnc,Mb|Msla,CONTACT,"Nada and Cowbell Members, undivided (Mbnc), Borden Fm",Renfro Member (Mbr on GQ-686),"Base of Renfro Member (Mbr) on top of combined Nada and Cowbell Members (Mbnc), GQ-686. Upper edge of Mbnc is the top of the Nada.","Along/east of the projected Locust Branch Fault trend: Renfro 6.3–9.7 m resting on Nada shale (Dever 1999, sections 88–95); brecciated dolomite with quartz bodies as far NE as Drip Rock; epigenetic Zn-Pb at Rock Lick Creek shows fluid flow on this trend.",347.0,0.026,4.1,0.62,6.59,5.0,30.1,182.0,25.0,18.8,12.8,11.4,1203.0,2324.0,0.439,0.983,0.907,0.673,0.444,1.0,1.0,0.0,Section 95 - Drip Rock (KY-89 roadcut),6.4,,,842.0,,Mapped Nada/Renfro contact on Panola GQ (verified from the map legend) | Concentrated source: 6.6 km of contact per km² of drainage (little dilution) | Little Pennsylvanian sandstone upstream (5% of drainage) — fewer look-alike clasts | Steep slopes along the upstream contact (mean 30°) — active erosion/replenishment | Inside the KGS general Kentucky-agate area outline,"Small source supply (4.1 km of contact upstream of reach end) | Steep reach (11.4%) — few bars; search pools, boulder lags and bank toes | Source channel is not in NHD — likely dry except after rain",B — verified contact inside KGS agate area; no measured section on this drainage,"Geologic map of the Panola quadrangle, Estill and Madison Counties, Kentucky | Robert C. Greene | 1968 (GQ-686)",37.61887,-84.02572,37.62784,-84.02445
7131,79,MODERATE TARGET,74.2,37.5312,-83.9045,Jackson,Leighton,GQ-1495,Ash Gut Branch,branch,intermittent (NHD),VERIFIED TARGET CONTACT (combined-unit top),Moderate-high,Mbna,Mb|Msla,SECONDARY,"Renfro and Nada Members, undivided (Mbrn) — digital polygon Mb",St. Louis Limestone Member of Newman/Slade (Msla) above the combined Renfro+Nada unit (Mbrn),"Top of mapped Renfro+Nada unit (Mbrn), GQ-1495. Nada: greenish and grayish-red shale with mid-unit glauconitic seam and silty dolomite beds near top.","Along/east of the projected Locust Branch Fault trend: Renfro 6.3–9.7 m resting on Nada shale (Dever 1999, sections 88–95); brecciated dolomite with quartz bodies as far NE as Drip Rock; epigenetic Zn-Pb at Rock Lick Creek shows fluid flow on this trend.",239.0,0.872,260.7,232.19,1.12,71.0,29.7,197.0,39.0,23.0,9.9,4.6,736.0,736.0,1.0,0.056,0.884,0.908,0.955,1.0,0.95,0.0,Section 95 - Drip Rock (KY-89 roadcut),9.1,,Station Camp Creek,15201.0,,Mapped top of the Renfro+Nada unit; target contact lies a few feet to ~10 m lower in the same channel | Large source supply: 260.7 km of mapped target contact drains into the primary search reach | Steep slopes along the upstream contact (mean 30°) — active erosion/replenishment | Deeply incised channel at the contact (39 m below the ±200 m mean surface) | Inside the KGS general Kentucky-agate area outline,Nada/Renfro contact not drawn separately on this quadrangle | Diluted: only 1.1 km contact per km² drainage | 71% of drainage is Pennsylvanian sandstone/conglomerate — abundant non-target gravel,B — verified contact inside KGS agate area; no measured section on this drainage,"Geologic map of the Leighton quadrangle, east-central Kentucky | Donald C. Haney and Charles L. Rice | 1978 (GQ-1495)",37.53493,-83.90799,37.53144,-83.90565
551,80,MODERATE TARGET,74.1,37.6781,-83.8819,Estill,Irvine,GQ-1285,"Unnamed hollow head, tributary to Long Branch",hollow head,not in NHD — DEM-derived channel (likely ephemeral hollow),VERIFIED TARGET CONTACT (combined-unit top),Moderate-high,Mbna,Mb|Msla,SECONDARY,"Renfro and Nada Members, undivided (Mbrn) — digital polygon Mb",St. Louis Limestone Member of Newman/Slade (Msla) above the combined Renfro+Nada unit (Mbrn),"Top of mapped Renfro+Nada unit (Mbrn), GQ-1285. The Nada/Renfro contact itself is not drawn; it lies one Renfro thickness below this line (Renfro thickest NE, thinnest near Wagersville).",Northeast part of the belt: Renfro thin (GQ legends: ~5–10 ft in Powell County) and mapped with the Nada; the Nada/Renfro contact lies only a few feet to ~10 m below the mapped line. Historic collecting centre (Irvine–Estill–Powell).,312.0,0.012,10.0,1.55,6.45,10.0,27.8,210.0,12.0,20.6,31.8,10.1,1209.0,2151.0,0.646,0.965,0.79,0.618,0.54,1.0,0.95,0.0,Section 95 - Drip Rock (KY-89 roadcut),11.5,,,5774.0,,Mapped top of the Renfro+Nada unit; target contact lies a few feet to ~10 m lower in the same channel | Concentrated source: 6.4 km of contact per km² of drainage (little dilution) | Little Pennsylvanian sandstone upstream (10% of drainage) — fewer look-alike clasts | Steep slopes along the upstream contact (mean 28°) — active erosion/replenishment | Inside the KGS general Kentucky-agate area outline,"Nada/Renfro contact not drawn separately on this quadrangle | Steep reach (10.1%) — few bars; search pools, boulder lags and bank toes | Source channel is not in NHD — likely dry except after rain",B — verified contact inside KGS agate area; no measured section on this drainage,"Geologic map of the Irvine quadrangle, Estill County, Kentucky | Harry P. Hoge, Perry Braswell Wigley, and Fred R. Shawe | 1976 (GQ-1285)",37.68103,-83.87223,37.67857,-83.8814
6636,81,MODERATE TARGET,74.1,37.6136,-83.8451,Lee,Heidelberg,GQ-1340,"Unnamed ravine / small hollow, tributary to Kentucky River",ravine / small hollow,intermittent (NHD),VERIFIED TARGET CONTACT (combined-unit top),Moderate-high,Mbna,Mb|Msla,SECONDARY,"Renfro and Nada Members, undivided (Mbrn) — digital polygon Mb",St. Louis Limestone Member of Newman/Slade (Msla) above the combined Renfro+Nada unit (Mbrn),"Top of mapped Renfro+Nada unit (Mbrn), GQ-1340.",Northeast part of the belt: Renfro thin (GQ legends: ~5–10 ft in Powell County) and mapped with the Nada; the Nada/Renfro contact lies only a few feet to ~10 m below the mapped line. Historic collecting centre (Irvine–Estill–Powell).,258.0,0.292,71.1,30.65,2.32,70.0,27.4,173.0,34.0,17.5,13.6,6.1,1217.0,1532.0,1.0,0.275,0.771,0.757,0.843,1.0,0.95,0.0,Section 95 - Drip Rock (KY-89 roadcut),10.7,,,12990.0,,Mapped top of the Renfro+Nada unit; target contact lies a few feet to ~10 m lower in the same channel | Large source supply: 71.1 km of mapped target contact drains into the primary search reach | Steep slopes along the upstream contact (mean 27°) — active erosion/replenishment | Deeply incised channel at the contact (34 m below the ±200 m mean surface) | Inside the KGS general Kentucky-agate area outline,Nada/Renfro contact not drawn separately on this quadrangle | 70% of drainage is Pennsylvanian sandstone/conglomerate — abundant non-target gravel,B — verified contact inside KGS agate area; no measured section on this drainage,"Geologic map of the Heidelberg quadrangle, east-central Kentucky | Douglas F. B. Black | 1977 (GQ-1340)",37.6114,-83.85612,37.61386,-83.84696
539,82,MODERATE TARGET,74.1,37.7629,-83.9351,Estill,Clay City,GQ-663,"Unnamed hollow head, tributary to White Oak Creek",hollow head,not in NHD — DEM-derived channel (likely ephemeral hollow),VERIFIED TARGET CONTACT,High,Mb,Mb|Msla,CONTACT,Borden Fm,Renfro Member,"Base of Renfro Member (Mbr) on Nada Member (Mbna); GQ-663 legend maps Mbr, Mbna and Mbc separately. The KGS digital line carries the generic symbol Mb because Renfro was merged into the Slade polygon.",Northeast part of the belt: Renfro thin (GQ legends: ~5–10 ft in Powell County) and mapped with the Nada; the Nada/Renfro contact lies only a few feet to ~10 m below the mapped line. Historic collecting centre (Irvine–Estill–Powell).,372.0,0.012,5.2,0.89,5.82,1.0,28.0,177.0,20.0,19.7,18.9,10.0,1208.0,4000.0,0.49,0.967,0.8,0.6,0.548,1.0,1.0,0.0,Section 95 - Drip Rock (KY-89 roadcut),18.5,,,1424.0,,Mapped Nada/Renfro contact on Clay City GQ (verified from the map legend) | Concentrated source: 5.8 km of contact per km² of drainage (little dilution) | Little Pennsylvanian sandstone upstream (1% of drainage) — fewer look-alike clasts | Steep slopes along the upstream contact (mean 28°) — active erosion/replenishment | Inside the KGS general Kentucky-agate area outline,"Steep reach (10.0%) — few bars; search pools, boulder lags and bank toes | Source channel is not in NHD — likely dry except after rain",B — verified contact inside KGS agate area; no measured section on this drainage,"Geologic map of the Clay City quadrangle, Powell and Estill Counties, Kentucky | George Clarke Simmons | 1967 (GQ-663)",37.75829,-83.94592,37.76325,-83.93595
6878,83,MODERATE TARGET,74.0,37.5624,-83.9109,Estill,Leighton,GQ-1495,"Unnamed ravine / small hollow, tributary to Station Camp Creek",ravine / small hollow,intermittent (NHD),VERIFIED TARGET CONTACT (combined-unit top),Moderate-high,Mbna,Mb|Msla,SECONDARY,"Renfro and Nada Members, undivided (Mbrn) — digital polygon Mb",St. Louis Limestone Member of Newman/Slade (Msla) above the combined Renfro+Nada unit (Mbrn),"Top of mapped Renfro+Nada unit (Mbrn), GQ-1495. Nada: greenish and grayish-red shale with mid-unit glauconitic seam and silty dolomite beds near top.","Along/east of the projected Locust Branch Fault trend: Renfro 6.3–9.7 m resting on Nada shale (Dever 1999, sections 88–95); brecciated dolomite with quartz bodies as far NE as Drip Rock; epigenetic Zn-Pb at Rock Lick Creek shows fluid flow on this trend.",258.0,0.435,289.4,239.76,1.21,71.0,29.6,213.0,39.0,22.9,16.4,6.0,1041.0,1041.0,1.0,0.061,0.882,0.958,0.854,1.0,0.95,0.0,Section 95 - Drip Rock (KY-89 roadcut),6.1,,,12629.0,,Mapped top of the Renfro+Nada unit; target contact lies a few feet to ~10 m lower in the same channel | Large source supply: 289.4 km of mapped target contact drains into the primary search reach | Steep slopes along the upstream contact (mean 30°) — active erosion/replenishment | Deeply incised channel at the contact (39 m below the ±200 m mean surface) | Inside the KGS general Kentucky-agate area outline,Nada/Renfro contact not drawn separately on this quadrangle | Diluted: only 1.2 km contact per km² drainage | 71% of drainage is Pennsylvanian sandstone/conglomerate — abundant non-target gravel,B — verified contact inside KGS agate area; no measured section on this drainage,"Geologic map of the Leighton quadrangle, east-central Kentucky | Donald C. Haney and Charles L. Rice | 1978 (GQ-1495)",37.56391,-83.92083,37.56224,-83.91207
5970,84,MODERATE TARGET,74.0,37.601,-83.9476,Estill,Leighton,GQ-1495,Unnamed ravine / small hollow,ravine / small hollow,not in NHD — DEM-derived channel (likely ephemeral hollow),VERIFIED TARGET CONTACT (combined-unit top),Moderate-high,Mbna,Mb|Msla,SECONDARY,"Renfro and Nada Members, undivided (Mbrn) — digital polygon Mb",St. Louis Limestone Member of Newman/Slade (Msla) above the combined Renfro+Nada unit (Mbrn),"Top of mapped Renfro+Nada unit (Mbrn), GQ-1495. Nada: greenish and grayish-red shale with mid-unit glauconitic seam and silty dolomite beds near top.","Along/east of the projected Locust Branch Fault trend: Renfro 6.3–9.7 m resting on Nada shale (Dever 1999, sections 88–95); brecciated dolomite with quartz bodies as far NE as Drip Rock; epigenetic Zn-Pb at Rock Lick Creek shows fluid flow on this trend.",306.0,0.132,5.6,0.91,6.09,34.0,30.1,180.0,36.0,20.5,13.1,8.5,1207.0,1625.0,0.507,0.88,0.905,0.801,0.66,1.0,0.95,0.0,Section 95 - Drip Rock (KY-89 roadcut),1.5,,,7810.0,,Mapped top of the Renfro+Nada unit; target contact lies a few feet to ~10 m lower in the same channel | Concentrated source: 6.1 km of contact per km² of drainage (little dilution) | Steep slopes along the upstream contact (mean 30°) — active erosion/replenishment | Deeply incised channel at the contact (36 m below the ±200 m mean surface) | Inside the KGS general Kentucky-agate area outline | 1.5 km from documented locality: Section 95 - Drip Rock (KY-89 roadcut),"Nada/Renfro contact not drawn separately on this quadrangle | Steep reach (8.5%) — few bars; search pools, boulder lags and bank toes | Source channel is not in NHD — likely dry except after rain",B — verified contact inside KGS agate area; no measured section on this drainage,"Geologic map of the Leighton quadrangle, east-central Kentucky | Donald C. Haney and Charles L. Rice | 1978 (GQ-1495)",37.60987,-83.94158,37.60171,-83.94668
6034,85,MODERATE TARGET,73.9,37.5528,-83.9836,Jackson,Leighton,GQ-1495,Unnamed ravine / small hollow,ravine / small hollow,not in NHD — DEM-derived channel (likely ephemeral hollow),VERIFIED TARGET CONTACT (combined-unit top),Moderate-high,Mbna,Mb|Msla,SECONDARY,"Renfro and Nada Members, undivided (Mbrn) — digital polygon Mb",St. Louis Limestone Member of Newman/Slade (Msla) above the combined Renfro+Nada unit (Mbrn),"Top of mapped Renfro+Nada unit (Mbrn), GQ-1495. Nada: greenish and grayish-red shale with mid-unit glauconitic seam and silty dolomite beds near top.","Along/east of the projected Locust Branch Fault trend: Renfro 6.3–9.7 m resting on Nada shale (Dever 1999, sections 88–95); brecciated dolomite with quartz bodies as far NE as Drip Rock; epigenetic Zn-Pb at Rock Lick Creek shows fluid flow on this trend.",291.0,0.14,122.0,104.01,1.17,61.0,29.4,215.0,43.0,22.1,14.7,7.3,839.0,839.0,1.0,0.09,0.871,0.983,0.749,1.0,0.95,0.0,Section 89 - Rock Lick Creek ('Platinum Mine' prospect),4.7,,South Fork Station Camp Creek,8933.0,,Mapped top of the Renfro+Nada unit; target contact lies a few feet to ~10 m lower in the same channel | Large source supply: 122.0 km of mapped target contact drains into the primary search reach | Steep slopes along the upstream contact (mean 29°) — active erosion/replenishment | Deeply incised channel at the contact (43 m below the ±200 m mean surface) | Inside the KGS general Kentucky-agate area outline,Nada/Renfro contact not drawn separately on this quadrangle | Diluted: only 1.2 km contact per km² drainage | 61% of drainage is Pennsylvanian sandstone/conglomerate — abundant non-target gravel | Source channel is not in NHD — likely dry except after rain,B — verified contact inside KGS agate area; no measured section on this drainage,"Geologic map of the Leighton quadrangle, east-central Kentucky | Donald C. Haney and Charles L. Rice | 1978 (GQ-1495)",37.55868,-83.98307,37.55362,-83.98282
7060,86,MODERATE TARGET,73.7,37.5551,-84.0105,Jackson,Alcorn,GQ-963,Unnamed branch,branch,intermittent (NHD),VERIFIED TARGET CONTACT,High,Mbna,Mb|Msla,CONTACT,"Nada Member (Mbna), Borden Fm",Renfro Member (mapped Mbr on the GQ; merged into Slade Fm polygon Msla in KGS digital data),"Base of Renfro Member (Mbr) on top of Nada Member (Mbna). GQ-963 maps Renfro separately; KGS digital compilation merged Renfro into the Slade Formation polygon (Msla), so this line is the mapped Nada/Renfro contact.","Along/east of the projected Locust Branch Fault trend: Renfro 6.3–9.7 m resting on Nada shale (Dever 1999, sections 88–95); brecciated dolomite with quartz bodies as far NE as Drip Rock; epigenetic Zn-Pb at Rock Lick Creek shows fluid flow on this trend.",303.0,0.708,98.0,97.62,1.0,62.0,29.0,195.0,36.0,19.8,10.3,9.8,671.0,671.0,1.0,0.08,0.852,0.862,0.566,1.0,1.0,0.0,Section 89 - Rock Lick Creek ('Platinum Mine' prospect),2.6,,South Fork Station Camp Creek,7844.0,,Mapped Nada/Renfro contact on Alcorn GQ (verified from the map legend) | Large source supply: 98.0 km of mapped target contact drains into the primary search reach | Steep slopes along the upstream contact (mean 29°) — active erosion/replenishment | Deeply incised channel at the contact (36 m below the ±200 m mean surface) | Inside the KGS general Kentucky-agate area outline | 2.6 km from documented locality: Section 89 - Rock Lick Creek ('Platinum Mine' prospect),"Diluted: only 1.0 km contact per km² drainage | 62% of drainage is Pennsylvanian sandstone/conglomerate — abundant non-target gravel | Steep reach (9.8%) — few bars; search pools, boulder lags and bank toes","A — verified contact, documented technical locality within 5 km in the same facies belt","Geologic map of the Alcorn quadrangle, east-central Kentucky | Charles L. Rice | 1972 (GQ-963)",37.55239,-84.00505,37.55377,-84.00997
5071,87,MODERATE TARGET,73.6,37.7421,-83.9187,Estill,Irvine,GQ-1285,"Unnamed ravine / small hollow, tributary to Tickey Fork",ravine / small hollow,not in NHD — DEM-derived channel (likely ephemeral hollow),VERIFIED TARGET CONTACT (combined-unit top),Moderate-high,Mbna,Mb|Msla,SECONDARY,"Renfro and Nada Members, undivided (Mbrn) — digital polygon Mb",St. Louis Limestone Member of Newman/Slade (Msla) above the combined Renfro+Nada unit (Mbrn),"Top of mapped Renfro+Nada unit (Mbrn), GQ-1285. The Nada/Renfro contact itself is not drawn; it lies one Renfro thickness below this line (Renfro thickest NE, thinnest near Wagersville).",Northeast part of the belt: Renfro thin (GQ legends: ~5–10 ft in Powell County) and mapped with the Nada; the Nada/Renfro contact lies only a few feet to ~10 m below the mapped line. Historic collecting centre (Irvine–Estill–Powell).,357.0,0.068,15.3,3.25,4.72,12.0,33.3,177.0,18.0,17.8,28.9,10.7,1204.0,4013.0,0.752,0.753,1.0,0.577,0.5,1.0,0.95,0.0,Section 95 - Drip Rock (KY-89 roadcut),16.5,,,987.0,,Mapped top of the Renfro+Nada unit; target contact lies a few feet to ~10 m lower in the same channel | Little Pennsylvanian sandstone upstream (12% of drainage) — fewer look-alike clasts | Steep slopes along the upstream contact (mean 33°) — active erosion/replenishment | Inside the KGS general Kentucky-agate area outline,"Nada/Renfro contact not drawn separately on this quadrangle | Steep reach (10.7%) — few bars; search pools, boulder lags and bank toes | Source channel is not in NHD — likely dry except after rain",B — verified contact inside KGS agate area; no measured section on this drainage,"Geologic map of the Irvine quadrangle, Estill County, Kentucky | Harry P. Hoge, Perry Braswell Wigley, and Fred R. Shawe | 1976 (GQ-1285)",37.73425,-83.9224,37.74192,-83.91936
1673,88,MODERATE TARGET,73.6,37.6553,-83.9424,Estill,Irvine,GQ-1285,"Unnamed hollow head, tributary to Big Doe Creek",hollow head,not in NHD — DEM-derived channel (likely ephemeral hollow),VERIFIED TARGET CONTACT (combined-unit top),Moderate-high,Mbna,Mb|Msla,SECONDARY,"Renfro and Nada Members, undivided (Mbrn) — digital polygon Mb",St. Louis Limestone Member of Newman/Slade (Msla) above the combined Renfro+Nada unit (Mbrn),"Top of mapped Renfro+Nada unit (Mbrn), GQ-1285. The Nada/Renfro contact itself is not drawn; it lies one Renfro thickness below this line (Renfro thickest NE, thinnest near Wagersville).",Northeast part of the belt: Renfro thin (GQ legends: ~5–10 ft in Powell County) and mapped with the Nada; the Nada/Renfro contact lies only a few feet to ~10 m below the mapped line. Historic collecting centre (Irvine–Estill–Powell).,329.0,0.017,5.9,0.79,7.45,15.0,31.3,175.0,24.0,18.9,17.2,8.9,1212.0,4004.0,0.519,0.946,0.965,0.636,0.636,1.0,0.95,0.0,Section 95 - Drip Rock (KY-89 roadcut),6.7,,,3699.0,,Mapped top of the Renfro+Nada unit; target contact lies a few feet to ~10 m lower in the same channel | Concentrated source: 7.5 km of contact per km² of drainage (little dilution) | Little Pennsylvanian sandstone upstream (15% of drainage) — fewer look-alike clasts | Steep slopes along the upstream contact (mean 31°) — active erosion/replenishment | Inside the KGS general Kentucky-agate area outline,"Nada/Renfro contact not drawn separately on this quadrangle | Steep reach (8.9%) — few bars; search pools, boulder lags and bank toes | Source channel is not in NHD — likely dry except after rain",B — verified contact inside KGS agate area; no measured section on this drainage,"Geologic map of the Irvine quadrangle, Estill County, Kentucky | Harry P. Hoge, Perry Braswell Wigley, and Fred R. Shawe | 1976 (GQ-1285)",37.66418,-83.93732,37.65528,-83.94153
6124,89,MODERATE TARGET,73.6,37.5457,-83.9519,Jackson,Leighton,GQ-1495,"Unnamed ravine / small hollow, tributary to Cavanaugh Creek",ravine / small hollow,not in NHD — DEM-derived channel (likely ephemeral hollow),VERIFIED TARGET CONTACT (combined-unit top),Moderate-high,Mbna,Mb|Msla,SECONDARY,"Renfro and Nada Members, undivided (Mbrn) — digital polygon Mb",St. Louis Limestone Member of Newman/Slade (Msla) above the combined Renfro+Nada unit (Mbrn),"Top of mapped Renfro+Nada unit (Mbrn), GQ-1495. Nada: greenish and grayish-red shale with mid-unit glauconitic seam and silty dolomite beds near top.","Along/east of the projected Locust Branch Fault trend: Renfro 6.3–9.7 m resting on Nada shale (Dever 1999, sections 88–95); brecciated dolomite with quartz bodies as far NE as Drip Rock; epigenetic Zn-Pb at Rock Lick Creek shows fluid flow on this trend.",275.0,0.153,41.2,32.7,1.26,78.0,27.5,181.0,37.0,20.7,15.1,4.6,1204.0,1917.0,1.0,0.141,0.775,0.821,0.954,1.0,0.95,0.0,Section 95 - Drip Rock (KY-89 roadcut),5.9,,South Fork Station Camp Creek,11153.0,,Mapped top of the Renfro+Nada unit; target contact lies a few feet to ~10 m lower in the same channel | Large source supply: 41.2 km of mapped target contact drains into the primary search reach | Steep slopes along the upstream contact (mean 27°) — active erosion/replenishment | Deeply incised channel at the contact (37 m below the ±200 m mean surface) | Inside the KGS general Kentucky-agate area outline,Nada/Renfro contact not drawn separately on this quadrangle | Diluted: only 1.3 km contact per km² drainage | 78% of drainage is Pennsylvanian sandstone/conglomerate — abundant non-target gravel | Source channel is not in NHD — likely dry except after rain,B — verified contact inside KGS agate area; no measured section on this drainage,"Geologic map of the Leighton quadrangle, east-central Kentucky | Donald C. Haney and Charles L. Rice | 1978 (GQ-1495)",37.55422,-83.94997,37.54651,-83.95142
7140,90,MODERATE TARGET,73.5,37.5372,-84.002,Jackson,Alcorn,GQ-963,"Unnamed branch, tributary to South Fork Station Camp Creek",branch,intermittent (NHD),VERIFIED TARGET CONTACT,High,Mbna,Mb|Msla,CONTACT,"Nada Member (Mbna), Borden Fm",Renfro Member (mapped Mbr on the GQ; merged into Slade Fm polygon Msla in KGS digital data),"Base of Renfro Member (Mbr) on top of Nada Member (Mbna). GQ-963 maps Renfro separately; KGS digital compilation merged Renfro into the Slade Formation polygon (Msla), so this line is the mapped Nada/Renfro contact.","Along/east of the projected Locust Branch Fault trend: Renfro 6.3–9.7 m resting on Nada shale (Dever 1999, sections 88–95); brecciated dolomite with quartz bodies as far NE as Drip Rock; epigenetic Zn-Pb at Rock Lick Creek shows fluid flow on this trend.",298.0,0.902,90.1,95.24,0.95,62.0,28.7,185.0,42.0,21.7,10.2,9.9,579.0,579.0,1.0,0.076,0.834,0.874,0.558,1.0,1.0,0.0,Section 89 - Rock Lick Creek ('Platinum Mine' prospect),3.0,,South Fork Station Camp Creek,9953.0,,Mapped Nada/Renfro contact on Alcorn GQ (verified from the map legend) | Large source supply: 90.1 km of mapped target contact drains into the primary search reach | Steep slopes along the upstream contact (mean 29°) — active erosion/replenishment | Deeply incised channel at the contact (42 m below the ±200 m mean surface) | Inside the KGS general Kentucky-agate area outline,"Diluted: only 0.9 km contact per km² drainage | 62% of drainage is Pennsylvanian sandstone/conglomerate — abundant non-target gravel | Steep reach (9.9%) — few bars; search pools, boulder lags and bank toes","A — verified contact, documented technical locality within 5 km in the same facies belt","Geologic map of the Alcorn quadrangle, east-central Kentucky | Charles L. Rice | 1972 (GQ-963)",37.54156,-84.00435,37.53863,-84.00266
2562,91,MODERATE TARGET,73.5,37.5088,-84.2882,Rockcastle,Berea,GQ-649,"Unnamed hollow head, tributary to Little Clear Creek",hollow head,not in NHD — DEM-derived channel (likely ephemeral hollow),VERIFIED TARGET CONTACT,High,Mbna,Mb|Msla,CONTACT,"Nada Member (Mbna), Borden Fm",Renfro Member (mapped Mbr on the GQ; merged into Slade Fm polygon Msla in KGS digital data),"Base of Renfro Member (Mbr) on top of Nada Member (Mbna), GQ-649. Glauconitic clayey siltstone seam (to 0.2 ft) marks top of Nada.","West of the projected Locust Branch Fault trend: thick Renfro (16.7–17.5 m) with a cherty, geodiferous basal dolomite 1.5–5 m thick (Dever 1999, sections 83, 87); silica (chalcedony+quartz) geodes replacing upper Nada dolostone at KSPG Stop 6B.",403.0,0.022,30.8,4.48,6.87,0.0,14.7,97.0,-4.0,14.4,19.5,6.7,1204.0,4019.0,0.932,1.0,0.134,0.06,0.799,1.0,1.0,0.0,"KSPG 2013 Stop 6B - Bighill roadcut, US-421",7.1,,,7008.0,,Mapped Nada/Renfro contact on Berea GQ (verified from the map legend) | Large source supply: 30.8 km of mapped target contact drains into the primary search reach | Concentrated source: 6.9 km of contact per km² of drainage (little dilution) | Little Pennsylvanian sandstone upstream (0% of drainage) — fewer look-alike clasts | Inside the KGS general Kentucky-agate area outline,Gentle slopes on upstream contact (mean 15°) — slow replenishment | Weak incision at the contact (-4 m) | Source channel is not in NHD — likely dry except after rain,B — verified contact inside KGS agate area; no measured section on this drainage,"Geologic map of the Berea quadrangle, east-central Kentucky | Gordon Whitney Weir | 1967 (GQ-649)",37.51134,-84.29785,37.50933,-84.28865
4574,92,MODERATE TARGET,73.4,37.7941,-83.8203,Powell,Stanton,GQ-1182,"Unnamed ravine / small hollow, tributary to Cat Creek",ravine / small hollow,intermittent (NHD),VERIFIED TARGET CONTACT (combined-unit top),Moderate-high,Mbna,Mb|Msla,SECONDARY,"Renfro and Nada Members, undivided (Mbrn) — digital polygon Mb",St. Louis Limestone Member of Newman/Slade (Msla) above the combined Renfro+Nada unit (Mbrn),"Top of mapped Renfro+Nada unit (Mbrn), GQ-1182. Renfro commonly about 5 ft thick, so the target contact lies a few feet below this line.",Northeast part of the belt: Renfro thin (GQ legends: ~5–10 ft in Powell County) and mapped with the Nada; the Nada/Renfro contact lies only a few feet to ~10 m below the mapped line. Historic collecting centre (Irvine–Estill–Powell).,323.0,0.052,44.1,12.66,3.48,31.0,19.8,182.0,32.0,18.1,14.6,8.5,1217.0,4000.0,1.0,0.518,0.389,0.762,0.66,1.0,0.95,0.0,Section 95 - Drip Rock (KY-89 roadcut),25.2,,,902.0,,Mapped top of the Renfro+Nada unit; target contact lies a few feet to ~10 m lower in the same channel | Large source supply: 44.1 km of mapped target contact drains into the primary search reach | Deeply incised channel at the contact (32 m below the ±200 m mean surface) | Inside the KGS general Kentucky-agate area outline,"Nada/Renfro contact not drawn separately on this quadrangle | Steep reach (8.5%) — few bars; search pools, boulder lags and bank toes",B — verified contact inside KGS agate area; no measured section on this drainage,"Geologic map of the Stanton quadrangle, Powell and Estill Counties, Kentucky | Gordon Whitney Weir | 1974 (GQ-1182)",37.79978,-83.81204,37.79551,-83.8204
6765,93,MODERATE TARGET,73.4,37.6092,-83.8417,Lee,Heidelberg,GQ-1340,"Unnamed ravine / small hollow, tributary to Ross Creek",ravine / small hollow,intermittent (NHD),VERIFIED TARGET CONTACT (combined-unit top),Moderate-high,Mbna,Mb|Msla,SECONDARY,"Renfro and Nada Members, undivided (Mbrn) — digital polygon Mb",St. Louis Limestone Member of Newman/Slade (Msla) above the combined Renfro+Nada unit (Mbrn),"Top of mapped Renfro+Nada unit (Mbrn), GQ-1340.",Northeast part of the belt: Renfro thin (GQ legends: ~5–10 ft in Powell County) and mapped with the Nada; the Nada/Renfro contact lies only a few feet to ~10 m below the mapped line. Historic collecting centre (Irvine–Estill–Powell).,264.0,0.355,79.7,30.13,2.64,69.0,26.7,154.0,34.0,19.1,14.0,6.5,1211.0,1637.0,1.0,0.317,0.737,0.695,0.813,1.0,0.95,0.0,Section 95 - Drip Rock (KY-89 roadcut),10.9,,,13532.0,,Mapped top of the Renfro+Nada unit; target contact lies a few feet to ~10 m lower in the same channel | Large source supply: 79.7 km of mapped target contact drains into the primary search reach | Steep slopes along the upstream contact (mean 27°) — active erosion/replenishment | Deeply incised channel at the contact (34 m below the ±200 m mean surface) | Inside the KGS general Kentucky-agate area outline,Nada/Renfro contact not drawn separately on this quadrangle | 69% of drainage is Pennsylvanian sandstone/conglomerate — abundant non-target gravel,B — verified contact inside KGS agate area; no measured section on this drainage,"Geologic map of the Heidelberg quadrangle, east-central Kentucky | Douglas F. B. Black | 1977 (GQ-1340)",37.60956,-83.85461,37.60962,-83.84329
3077,94,MODERATE TARGET,73.4,37.4643,-84.2527,Rockcastle,Wildie,GQ-684,"Unnamed hollow head, tributary to Clear Creek",hollow head,not in NHD — DEM-derived channel (likely ephemeral hollow),PROBABLE STRATIGRAPHIC EQUIVALENT,Moderate,Mbw,Mb|Mbr,CONTACT,"Wildie Member (Mbw), Borden Fm",Renfro Member (Mbr),"Base of Renfro Member on Wildie Member (Mbw), GQ-684; upper-Nada stratigraphic equivalent.",Rockcastle County Wildie belt: upper-Nada lithosome (Wildie Member) beneath the Renfro south of the arbitrary Berea cutoff; quartz geodes documented in Renfro/Muldraugh-equivalent carbonates nearby.,349.0,0.026,186.7,35.98,5.19,18.0,22.3,157.0,49.0,22.5,9.5,3.9,1209.0,4001.0,1.0,0.726,0.515,0.776,1.0,1.0,0.85,0.0,"KSPG 2013 Stop 6B - Bighill roadcut, US-421",8.0,,,10017.0,,Large source supply: 186.7 km of mapped target contact drains into the primary search reach | Concentrated source: 5.2 km of contact per km² of drainage (little dilution) | Little Pennsylvanian sandstone upstream (18% of drainage) — fewer look-alike clasts | Deeply incised channel at the contact (49 m below the ±200 m mean surface) | Moderate reach gradient (3.9%) — gravel bars likely | Inside the KGS general Kentucky-agate area outline,"Wildie Member = upper-Nada equivalent under a different name (probable, not verified) | Source channel is not in NHD — likely dry except after rain",C — probable equivalent,"Geologic map of the Wildie quadrangle, Garrard and Rockcastle Counties, Kentucky | James Louis Gualtieri | 1968 (GQ-684)",37.46295,-84.26274,37.46509,-84.25407
3781,95,MODERATE TARGET,73.3,37.4538,-84.2783,Rockcastle,Wildie,GQ-684,"Unnamed hollow head, tributary to Scaffold Cane Branch",hollow head,not in NHD — DEM-derived channel (likely ephemeral hollow),PROBABLE STRATIGRAPHIC EQUIVALENT,Moderate,Mbw,Mb|Mbr,CONTACT,"Wildie Member (Mbw), Borden Fm",Renfro Member (Mbr),"Base of Renfro Member on Wildie Member (Mbw), GQ-684; upper-Nada stratigraphic equivalent.",Rockcastle County Wildie belt: upper-Nada lithosome (Wildie Member) beneath the Renfro south of the arbitrary Berea cutoff; quartz geodes documented in Renfro/Muldraugh-equivalent carbonates nearby.,339.0,0.035,39.1,8.05,4.86,6.0,20.3,154.0,40.0,20.9,10.6,3.6,1209.0,4004.0,0.994,0.793,0.414,0.763,1.0,1.0,0.85,0.0,"KSPG 2013 Stop 6B - Bighill roadcut, US-421",10.2,,,8291.0,,Large source supply: 39.1 km of mapped target contact drains into the primary search reach | Little Pennsylvanian sandstone upstream (6% of drainage) — fewer look-alike clasts | Deeply incised channel at the contact (40 m below the ±200 m mean surface) | Moderate reach gradient (3.6%) — gravel bars likely | Inside the KGS general Kentucky-agate area outline,"Wildie Member = upper-Nada equivalent under a different name (probable, not verified) | Source channel is not in NHD — likely dry except after rain",C — probable equivalent,"Geologic map of the Wildie quadrangle, Garrard and Rockcastle Counties, Kentucky | James Louis Gualtieri | 1968 (GQ-684)",37.44715,-84.28072,37.45379,-84.27958
3401,96,MODERATE TARGET,73.3,37.8627,-83.7643,Powell,Stanton,GQ-1182,"Unnamed hollow head, tributary to Right Fork Cane Creek",hollow head,not in NHD — DEM-derived channel (likely ephemeral hollow),VERIFIED TARGET CONTACT (combined-unit top),Moderate-high,Mbna,Mb|Msla,SECONDARY,"Renfro and Nada Members, undivided (Mbrn) — digital polygon Mb",St. Louis Limestone Member of Newman/Slade (Msla) above the combined Renfro+Nada unit (Mbrn),"Top of mapped Renfro+Nada unit (Mbrn), GQ-1182. Renfro commonly about 5 ft thick, so the target contact lies a few feet below this line.",Northeast part of the belt: Renfro thin (GQ legends: ~5–10 ft in Powell County) and mapped with the Nada; the Nada/Renfro contact lies only a few feet to ~10 m below the mapped line. Historic collecting centre (Irvine–Estill–Powell).,310.0,0.03,121.5,18.67,6.51,23.0,18.2,201.0,13.0,22.8,23.0,8.5,1206.0,4001.0,1.0,0.921,0.312,0.599,0.665,0.75,0.95,2.9,Section 95 - Drip Rock (KY-89 roadcut),34.3,,,8509.0,,Mapped top of the Renfro+Nada unit; target contact lies a few feet to ~10 m lower in the same channel | Large source supply: 121.5 km of mapped target contact drains into the primary search reach | Concentrated source: 6.5 km of contact per km² of drainage (little dilution),"Nada/Renfro contact not drawn separately on this quadrangle | Steep reach (8.5%) — few bars; search pools, boulder lags and bank toes | 2.9 km outside the KGS general agate area | Source channel is not in NHD — likely dry except after rain",C — verified contact outside the documented agate area,"Geologic map of the Stanton quadrangle, Powell and Estill Counties, Kentucky | Gordon Whitney Weir | 1974 (GQ-1182)",37.86547,-83.76921,37.86353,-83.76429
890,97,MODERATE TARGET,73.3,37.5708,-84.1653,Madison,Bighill,GQ-900,"Unnamed hollow head, tributary to Red Lick Creek",hollow head,not in NHD — DEM-derived channel (likely ephemeral hollow),VERIFIED TARGET CONTACT,High,Mbna,Mb|Msla,CONTACT,"Nada Member (Mbna), Borden Fm",Renfro Member (mapped Mbr on the GQ; merged into Slade Fm polygon Msla in KGS digital data),"Base of Renfro Member (Mbr) on top of Nada Member (Mbna), GQ-900.","West of the projected Locust Branch Fault trend: thick Renfro (16.7–17.5 m) with a cherty, geodiferous basal dolomite 1.5–5 m thick (Dever 1999, sections 83, 87); silica (chalcedony+quartz) geodes replacing upper Nada dolostone at KSPG Stop 6B.",351.0,0.014,3.2,0.59,5.45,1.0,33.6,176.0,24.0,17.0,23.3,9.6,1206.0,1902.0,0.388,0.906,1.0,0.647,0.579,1.0,1.0,0.0,Section 83 - Bighill (US-421 roadcut),5.3,,,4095.0,,Mapped Nada/Renfro contact on Bighill GQ (verified from the map legend) | Concentrated source: 5.5 km of contact per km² of drainage (little dilution) | Little Pennsylvanian sandstone upstream (1% of drainage) — fewer look-alike clasts | Steep slopes along the upstream contact (mean 34°) — active erosion/replenishment | Inside the KGS general Kentucky-agate area outline,"Small source supply (3.2 km of contact upstream of reach end) | Steep reach (9.6%) — few bars; search pools, boulder lags and bank toes | Source channel is not in NHD — likely dry except after rain",B — verified contact inside KGS agate area; no measured section on this drainage,"Geologic map of the Bighill quadrangle, east-central Kentucky | Gordon Whitney Weir, K. Y. Lee, and P.E. Cassity | 1971 (GQ-900)",37.58002,-84.16811,37.57131,-84.1655
424,98,MODERATE TARGET,73.3,37.6472,-83.9465,Estill,Irvine,GQ-1285,"Unnamed hollow head, tributary to Jones Branch",hollow head,not in NHD — DEM-derived channel (likely ephemeral hollow),VERIFIED TARGET CONTACT (combined-unit top),Moderate-high,Mbna,Mb|Msla,SECONDARY,"Renfro and Nada Members, undivided (Mbrn) — digital polygon Mb",St. Louis Limestone Member of Newman/Slade (Msla) above the combined Renfro+Nada unit (Mbrn),"Top of mapped Renfro+Nada unit (Mbrn), GQ-1285. The Nada/Renfro contact itself is not drawn; it lies one Renfro thickness below this line (Renfro thickest NE, thinnest near Wagersville).",Northeast part of the belt: Renfro thin (GQ legends: ~5–10 ft in Powell County) and mapped with the Nada; the Nada/Renfro contact lies only a few feet to ~10 m below the mapped line. Historic collecting centre (Irvine–Estill–Powell).,326.0,0.012,13.6,2.22,6.12,19.0,28.9,180.0,-3.0,21.9,26.6,8.5,1214.0,3740.0,0.722,0.933,0.844,0.356,0.663,1.0,0.95,0.0,Section 95 - Drip Rock (KY-89 roadcut),5.7,,,4237.0,,Mapped top of the Renfro+Nada unit; target contact lies a few feet to ~10 m lower in the same channel | Concentrated source: 6.1 km of contact per km² of drainage (little dilution) | Little Pennsylvanian sandstone upstream (19% of drainage) — fewer look-alike clasts | Steep slopes along the upstream contact (mean 29°) — active erosion/replenishment | Inside the KGS general Kentucky-agate area outline,"Nada/Renfro contact not drawn separately on this quadrangle | Weak incision at the contact (-3 m) | Steep reach (8.5%) — few bars; search pools, boulder lags and bank toes | Source channel is not in NHD — likely dry except after rain",B — verified contact inside KGS agate area; no measured section on this drainage,"Geologic map of the Irvine quadrangle, Estill County, Kentucky | Harry P. Hoge, Perry Braswell Wigley, and Fred R. Shawe | 1976 (GQ-1285)",37.63787,-83.94451,37.64674,-83.94596
4993,99,MODERATE TARGET,73.2,37.642,-83.9144,Estill,Irvine,GQ-1285,Unnamed ravine / small hollow,ravine / small hollow,not in NHD — DEM-derived channel (likely ephemeral hollow),VERIFIED TARGET CONTACT (combined-unit top),Moderate-high,Mbna,Mb|Msla,SECONDARY,"Renfro and Nada Members, undivided (Mbrn) — digital polygon Mb",St. Louis Limestone Member of Newman/Slade (Msla) above the combined Renfro+Nada unit (Mbrn),"Top of mapped Renfro+Nada unit (Mbrn), GQ-1285. The Nada/Renfro contact itself is not drawn; it lies one Renfro thickness below this line (Renfro thickest NE, thinnest near Wagersville).",Northeast part of the belt: Renfro thin (GQ legends: ~5–10 ft in Powell County) and mapped with the Nada; the Nada/Renfro contact lies only a few feet to ~10 m below the mapped line. Historic collecting centre (Irvine–Estill–Powell).,325.0,0.065,6.8,1.14,5.99,31.0,32.1,166.0,19.0,19.3,15.2,7.8,1207.0,4000.0,0.553,0.891,1.0,0.547,0.718,1.0,0.95,0.0,Section 95 - Drip Rock (KY-89 roadcut),6.6,,,6438.0,,Mapped top of the Renfro+Nada unit; target contact lies a few feet to ~10 m lower in the same channel | Concentrated source: 6.0 km of contact per km² of drainage (little dilution) | Steep slopes along the upstream contact (mean 32°) — active erosion/replenishment | Inside the KGS general Kentucky-agate area outline,Nada/Renfro contact not drawn separately on this quadrangle | Source channel is not in NHD — likely dry except after rain,B — verified contact inside KGS agate area; no measured section on this drainage,"Geologic map of the Irvine quadrangle, Estill County, Kentucky | Harry P. Hoge, Perry Braswell Wigley, and Fred R. Shawe | 1976 (GQ-1285)",37.63851,-83.90665,37.64267,-83.91418
903,100,MODERATE TARGET,73.1,37.4771,-84.2731,Rockcastle,Wildie,GQ-684,"Unnamed hollow head, tributary to Todd Branch",hollow head,not in NHD — DEM-derived channel (likely ephemeral hollow),PROBABLE STRATIGRAPHIC EQUIVALENT,Moderate,Mbw,Mb|Mbr,CONTACT,"Wildie Member (Mbw), Borden Fm",Renfro Member (Mbr),"Base of Renfro Member on Wildie Member (Mbw), GQ-684; upper-Nada stratigraphic equivalent.",Rockcastle County Wildie belt: upper-Nada lithosome (Wildie Member) beneath the Renfro south of the arbitrary Berea cutoff; quartz geodes documented in Renfro/Muldraugh-equivalent carbonates nearby.,369.0,0.014,29.0,4.46,6.5,2.0,20.8,143.0,33.0,20.1,8.2,5.0,1201.0,4008.0,0.916,0.992,0.441,0.639,0.922,1.0,0.85,0.0,"KSPG 2013 Stop 6B - Bighill roadcut, US-421",7.9,,,7972.0,,Large source supply: 29.0 km of mapped target contact drains into the primary search reach | Concentrated source: 6.5 km of contact per km² of drainage (little dilution) | Little Pennsylvanian sandstone upstream (2% of drainage) — fewer look-alike clasts | Deeply incised channel at the contact (33 m below the ±200 m mean surface) | Inside the KGS general Kentucky-agate area outline,"Wildie Member = upper-Nada equivalent under a different name (probable, not verified) | Source channel is not in NHD — likely dry except after rain",C — probable equivalent,"Geologic map of the Wildie quadrangle, Garrard and Rockcastle Counties, Kentucky | James Louis Gualtieri | 1968 (GQ-684)",37.47788,-84.26129,37.47705,-84.27218
6263,101,MODERATE TARGET,73.0,37.7267,-83.8628,Estill,Cobhill,GQ-1347,"Unnamed ravine / small hollow, tributary to Furnace Fork",ravine / small hollow,not in NHD — DEM-derived channel (likely ephemeral hollow),VERIFIED TARGET CONTACT (combined-unit top),Moderate-high,Mbna,Mb|Msla,SECONDARY,"Renfro and Nada Members, undivided (Mbrn) — digital polygon Mb",St. Louis Limestone Member of Newman/Slade (Msla) above the combined Renfro+Nada unit (Mbrn),"Top of mapped Renfro+Nada unit (Mbrn), GQ-1347.",Northeast part of the belt: Renfro thin (GQ legends: ~5–10 ft in Powell County) and mapped with the Nada; the Nada/Renfro contact lies only a few feet to ~10 m below the mapped line. Historic collecting centre (Irvine–Estill–Powell).,322.0,0.18,8.6,1.71,5.04,33.0,32.0,166.0,30.0,17.9,19.9,8.6,1207.0,4016.0,0.609,0.742,1.0,0.681,0.658,1.0,0.95,0.0,Section 95 - Drip Rock (KY-89 roadcut),16.9,,,3399.0,,Mapped top of the Renfro+Nada unit; target contact lies a few feet to ~10 m lower in the same channel | Concentrated source: 5.0 km of contact per km² of drainage (little dilution) | Steep slopes along the upstream contact (mean 32°) — active erosion/replenishment | Inside the KGS general Kentucky-agate area outline,"Nada/Renfro contact not drawn separately on this quadrangle | Steep reach (8.6%) — few bars; search pools, boulder lags and bank toes | Source channel is not in NHD — likely dry except after rain",B — verified contact inside KGS agate area; no measured section on this drainage,"Geologic map of the Cobhill quadrangle, east-central Kentucky | Donald C. Haney | 1976 (GQ-1347)",37.71844,-83.86272,37.72583,-83.86286
5436,102,MODERATE TARGET,72.9,37.6037,-84.0161,Estill,Alcorn,GQ-963,"Unnamed ravine / small hollow, tributary to Red Lick Creek",ravine / small hollow,intermittent (NHD),VERIFIED TARGET CONTACT,High,Mbna,Mb|Msla,CONTACT,"Nada Member (Mbna), Borden Fm",Renfro Member (mapped Mbr on the GQ; merged into Slade Fm polygon Msla in KGS digital data),"Base of Renfro Member (Mbr) on top of Nada Member (Mbna). GQ-963 maps Renfro separately; KGS digital compilation merged Renfro into the Slade Formation polygon (Msla), so this line is the mapped Nada/Renfro contact.","Along/east of the projected Locust Branch Fault trend: Renfro 6.3–9.7 m resting on Nada shale (Dever 1999, sections 88–95); brecciated dolomite with quartz bodies as far NE as Drip Rock; epigenetic Zn-Pb at Rock Lick Creek shows fluid flow on this trend.",331.0,0.087,404.2,162.95,2.48,9.0,28.8,222.0,23.0,20.0,23.5,11.9,1144.0,1144.0,1.0,0.184,0.842,0.788,0.404,1.0,1.0,0.0,Section 95 - Drip Rock (KY-89 roadcut),4.6,,,2604.0,,Mapped Nada/Renfro contact on Alcorn GQ (verified from the map legend) | Large source supply: 404.2 km of mapped target contact drains into the primary search reach | Little Pennsylvanian sandstone upstream (9% of drainage) — fewer look-alike clasts | Steep slopes along the upstream contact (mean 29°) — active erosion/replenishment | Inside the KGS general Kentucky-agate area outline,"Steep reach (11.9%) — few bars; search pools, boulder lags and bank toes","A — verified contact, documented technical locality within 5 km in the same facies belt","Geologic map of the Alcorn quadrangle, east-central Kentucky | Charles L. Rice | 1972 (GQ-963)",37.6077,-84.02616,37.6044,-84.01678
5684,103,MODERATE TARGET,72.9,37.5296,-84.1813,Jackson,Bighill,GQ-900,"Unnamed ravine / small hollow, tributary to Owsley Fork",ravine / small hollow,not in NHD — DEM-derived channel (likely ephemeral hollow),VERIFIED TARGET CONTACT,High,Mbna,Mb|Msla,CONTACT,"Nada Member (Mbna), Borden Fm",Renfro Member (mapped Mbr on the GQ; merged into Slade Fm polygon Msla in KGS digital data),"Base of Renfro Member (Mbr) on top of Nada Member (Mbna), GQ-900.","West of the projected Locust Branch Fault trend: thick Renfro (16.7–17.5 m) with a cherty, geodiferous basal dolomite 1.5–5 m thick (Dever 1999, sections 83, 87); silica (chalcedony+quartz) geodes replacing upper Nada dolostone at KSPG Stop 6B.",357.0,0.103,3.6,0.83,4.31,0.0,34.5,197.0,31.0,19.0,14.2,9.0,1212.0,4011.0,0.409,0.718,1.0,0.801,0.627,1.0,1.0,0.0,Section 83 - Bighill (US-421 roadcut),1.1,,,8349.0,,Mapped Nada/Renfro contact on Bighill GQ (verified from the map legend) | Little Pennsylvanian sandstone upstream (0% of drainage) — fewer look-alike clasts | Steep slopes along the upstream contact (mean 35°) — active erosion/replenishment | Deeply incised channel at the contact (31 m below the ±200 m mean surface) | Inside the KGS general Kentucky-agate area outline | 1.1 km from documented locality: Section 83 - Bighill (US-421 roadcut),"Small source supply (3.6 km of contact upstream of reach end) | Steep reach (9.0%) — few bars; search pools, boulder lags and bank toes | Source channel is not in NHD — likely dry except after rain","A — verified contact, documented technical locality within 5 km in the same facies belt","Geologic map of the Bighill quadrangle, east-central Kentucky | Gordon Whitney Weir, K. Y. Lee, and P.E. Cassity | 1971 (GQ-900)",37.53943,-84.18141,37.53023,-84.18108
6949,104,MODERATE TARGET,72.8,37.596,-83.9557,Estill,Leighton,GQ-1495,"Unnamed branch, tributary to Middle Fork Station Camp Creek",branch,not in NHD — DEM-derived channel (likely ephemeral hollow),VERIFIED TARGET CONTACT (combined-unit top),Moderate-high,Mbna,Mb|Msla,SECONDARY,"Renfro and Nada Members, undivided (Mbrn) — digital polygon Mb",St. Louis Limestone Member of Newman/Slade (Msla) above the combined Renfro+Nada unit (Mbrn),"Top of mapped Renfro+Nada unit (Mbrn), GQ-1495. Nada: greenish and grayish-red shale with mid-unit glauconitic seam and silty dolomite beds near top.","Along/east of the projected Locust Branch Fault trend: Renfro 6.3–9.7 m resting on Nada shale (Dever 1999, sections 88–95); brecciated dolomite with quartz bodies as far NE as Drip Rock; epigenetic Zn-Pb at Rock Lick Creek shows fluid flow on this trend.",306.0,0.52,7.1,1.59,4.49,44.0,32.5,173.0,37.0,20.4,12.8,6.8,1208.0,3082.0,0.565,0.634,1.0,0.793,0.793,1.0,0.95,0.0,Section 95 - Drip Rock (KY-89 roadcut),0.8,,Middle Fork Station Camp Creek,7352.0,,Mapped top of the Renfro+Nada unit; target contact lies a few feet to ~10 m lower in the same channel | Steep slopes along the upstream contact (mean 33°) — active erosion/replenishment | Deeply incised channel at the contact (37 m below the ±200 m mean surface) | Inside the KGS general Kentucky-agate area outline | 0.8 km from documented locality: Section 95 - Drip Rock (KY-89 roadcut),Nada/Renfro contact not drawn separately on this quadrangle | Source channel is not in NHD — likely dry except after rain,B — verified contact inside KGS agate area; no measured section on this drainage,"Geologic map of the Leighton quadrangle, east-central Kentucky | Donald C. Haney and Charles L. Rice | 1978 (GQ-1495)",37.60586,-83.95375,37.59671,-83.95549
3115,105,MODERATE TARGET,72.7,37.5686,-84.1691,Madison,Bighill,GQ-900,"Unnamed hollow head, tributary to Owsley Fork",hollow head,not in NHD — DEM-derived channel (likely ephemeral hollow),VERIFIED TARGET CONTACT,High,Mbna,Mb|Msla,CONTACT,"Nada Member (Mbna), Borden Fm",Renfro Member (mapped Mbr on the GQ; merged into Slade Fm polygon Msla in KGS digital data),"Base of Renfro Member (Mbr) on top of Nada Member (Mbna), GQ-900.","West of the projected Locust Branch Fault trend: thick Renfro (16.7–17.5 m) with a cherty, geodiferous basal dolomite 1.5–5 m thick (Dever 1999, sections 83, 87); silica (chalcedony+quartz) geodes replacing upper Nada dolostone at KSPG Stop 6B.",357.0,0.026,4.0,0.78,5.14,1.0,34.9,177.0,23.0,18.6,26.2,10.3,1217.0,3873.0,0.435,0.854,1.0,0.635,0.525,1.0,1.0,0.0,Section 83 - Bighill (US-421 roadcut),5.0,,,4250.0,,Mapped Nada/Renfro contact on Bighill GQ (verified from the map legend) | Concentrated source: 5.1 km of contact per km² of drainage (little dilution) | Little Pennsylvanian sandstone upstream (1% of drainage) — fewer look-alike clasts | Steep slopes along the upstream contact (mean 35°) — active erosion/replenishment | Inside the KGS general Kentucky-agate area outline,"Small source supply (4.0 km of contact upstream of reach end) | Steep reach (10.3%) — few bars; search pools, boulder lags and bank toes | Source channel is not in NHD — likely dry except after rain","A — verified contact, documented technical locality within 5 km in the same facies belt","Geologic map of the Bighill quadrangle, east-central Kentucky | Gordon Whitney Weir, K. Y. Lee, and P.E. Cassity | 1971 (GQ-900)",37.57024,-84.18116,37.56871,-84.1699
6838,106,MODERATE TARGET,72.6,37.528,-84.2027,Madison,Bighill,GQ-900,"Unnamed ravine / small hollow, tributary to Red Lick Branch",ravine / small hollow,intermittent (NHD),VERIFIED TARGET CONTACT,High,Mbna,Mb|Msla,CONTACT,"Nada Member (Mbna), Borden Fm",Renfro Member (mapped Mbr on the GQ; merged into Slade Fm polygon Msla in KGS digital data),"Base of Renfro Member (Mbr) on top of Nada Member (Mbna), GQ-900.","West of the projected Locust Branch Fault trend: thick Renfro (16.7–17.5 m) with a cherty, geodiferous basal dolomite 1.5–5 m thick (Dever 1999, sections 83, 87); silica (chalcedony+quartz) geodes replacing upper Nada dolostone at KSPG Stop 6B.",370.0,0.402,7.1,2.52,2.82,26.0,30.6,201.0,39.0,21.0,18.2,8.3,1227.0,4002.0,0.564,0.428,0.93,0.925,0.681,1.0,1.0,0.0,Section 83 - Bighill (US-421 roadcut),0.8,"KSPG 2013 Stop 6B - Bighill roadcut, US-421",,8286.0,,Mapped Nada/Renfro contact on Bighill GQ (verified from the map legend) | Steep slopes along the upstream contact (mean 31°) — active erosion/replenishment | Deeply incised channel at the contact (39 m below the ±200 m mean surface) | Inside the KGS general Kentucky-agate area outline | 0.8 km from documented locality: Section 83 - Bighill (US-421 roadcut),"Steep reach (8.3%) — few bars; search pools, boulder lags and bank toes","A — verified contact, documented technical locality within 5 km in the same facies belt","Geologic map of the Bighill quadrangle, east-central Kentucky | Gordon Whitney Weir, K. Y. Lee, and P.E. Cassity | 1971 (GQ-900)",37.53507,-84.21032,37.52843,-84.20378
5255,107,MODERATE TARGET,72.4,37.6076,-84.0047,Estill,Alcorn,GQ-963,Unnamed ravine / small hollow,ravine / small hollow,not in NHD — DEM-derived channel (likely ephemeral hollow),VERIFIED TARGET CONTACT,High,Mbna,Mb|Msla,CONTACT,"Nada Member (Mbna), Borden Fm",Renfro Member (mapped Mbr on the GQ; merged into Slade Fm polygon Msla in KGS digital data),"Base of Renfro Member (Mbr) on top of Nada Member (Mbna). GQ-963 maps Renfro separately; KGS digital compilation merged Renfro into the Slade Formation polygon (Msla), so this line is the mapped Nada/Renfro contact.","Along/east of the projected Locust Branch Fault trend: Renfro 6.3–9.7 m resting on Nada shale (Dever 1999, sections 88–95); brecciated dolomite with quartz bodies as far NE as Drip Rock; epigenetic Zn-Pb at Rock Lick Creek shows fluid flow on this trend.",325.0,0.076,439.6,171.78,2.56,9.0,29.1,265.0,18.0,24.2,34.8,11.6,1184.0,1184.0,1.0,0.183,0.853,0.726,0.432,1.0,1.0,0.0,Section 95 - Drip Rock (KY-89 roadcut),3.7,,,2956.0,,Mapped Nada/Renfro contact on Alcorn GQ (verified from the map legend) | Large source supply: 439.6 km of mapped target contact drains into the primary search reach | Little Pennsylvanian sandstone upstream (9% of drainage) — fewer look-alike clasts | Steep slopes along the upstream contact (mean 29°) — active erosion/replenishment | Inside the KGS general Kentucky-agate area outline,"Steep reach (11.6%) — few bars; search pools, boulder lags and bank toes | Source channel is not in NHD — likely dry except after rain","A — verified contact, documented technical locality within 5 km in the same facies belt","Geologic map of the Alcorn quadrangle, east-central Kentucky | Charles L. Rice | 1972 (GQ-963)",37.61546,-84.00501,37.60808,-84.00531
5602,108,MODERATE TARGET,72.4,37.8005,-83.8711,Powell,Stanton,GQ-1182,"Unnamed ravine / small hollow, tributary to Hardwick Creek",ravine / small hollow,intermittent (NHD),VERIFIED TARGET CONTACT (combined-unit top),Moderate-high,Mbna,Mb|Msla,SECONDARY,"Renfro and Nada Members, undivided (Mbrn) — digital polygon Mb",St. Louis Limestone Member of Newman/Slade (Msla) above the combined Renfro+Nada unit (Mbrn),"Top of mapped Renfro+Nada unit (Mbrn), GQ-1182. Renfro commonly about 5 ft thick, so the target contact lies a few feet below this line.",Northeast part of the belt: Renfro thin (GQ legends: ~5–10 ft in Powell County) and mapped with the Nada; the Nada/Renfro contact lies only a few feet to ~10 m below the mapped line. Historic collecting centre (Irvine–Estill–Powell).,348.0,0.097,6.6,1.12,5.9,7.0,29.0,167.0,24.0,17.5,24.3,9.7,1214.0,4011.0,0.547,0.96,0.848,0.607,0.574,1.0,0.95,0.0,Section 95 - Drip Rock (KY-89 roadcut),24.0,,,2223.0,,Mapped top of the Renfro+Nada unit; target contact lies a few feet to ~10 m lower in the same channel | Concentrated source: 5.9 km of contact per km² of drainage (little dilution) | Little Pennsylvanian sandstone upstream (7% of drainage) — fewer look-alike clasts | Steep slopes along the upstream contact (mean 29°) — active erosion/replenishment | Inside the KGS general Kentucky-agate area outline,"Nada/Renfro contact not drawn separately on this quadrangle | Steep reach (9.7%) — few bars; search pools, boulder lags and bank toes",B — verified contact inside KGS agate area; no measured section on this drainage,"Geologic map of the Stanton quadrangle, Powell and Estill Counties, Kentucky | Gordon Whitney Weir | 1974 (GQ-1182)",37.79097,-83.87305,37.79975,-83.87109
1768,109,MODERATE TARGET,72.4,37.6088,-83.9917,Estill,Leighton,GQ-1495,"Unnamed hollow head, tributary to Edwards Branch",hollow head,not in NHD — DEM-derived channel (likely ephemeral hollow),VERIFIED TARGET CONTACT (combined-unit top),Moderate-high,Mbna,Mb|Msla,SECONDARY,"Renfro and Nada Members, undivided (Mbrn) — digital polygon Mb",St. Louis Limestone Member of Newman/Slade (Msla) above the combined Renfro+Nada unit (Mbrn),"Top of mapped Renfro+Nada unit (Mbrn), GQ-1495. Nada: greenish and grayish-red shale with mid-unit glauconitic seam and silty dolomite beds near top.","Along/east of the projected Locust Branch Fault trend: Renfro 6.3–9.7 m resting on Nada shale (Dever 1999, sections 88–95); brecciated dolomite with quartz bodies as far NE as Drip Rock; epigenetic Zn-Pb at Rock Lick Creek shows fluid flow on this trend.",316.0,0.017,15.0,3.27,4.59,46.0,31.9,200.0,7.0,23.0,23.2,8.1,1202.0,4014.0,0.747,0.643,0.994,0.52,0.691,1.0,0.95,0.0,Section 95 - Drip Rock (KY-89 roadcut),2.7,,Middle Fork Station Camp Creek,3874.0,,Mapped top of the Renfro+Nada unit; target contact lies a few feet to ~10 m lower in the same channel | Steep slopes along the upstream contact (mean 32°) — active erosion/replenishment | Inside the KGS general Kentucky-agate area outline | 2.7 km from documented locality: Section 95 - Drip Rock (KY-89 roadcut),"Nada/Renfro contact not drawn separately on this quadrangle | Weak incision at the contact (7 m) | Steep reach (8.1%) — few bars; search pools, boulder lags and bank toes | Source channel is not in NHD — likely dry except after rain",B — verified contact inside KGS agate area; no measured section on this drainage,"Geologic map of the Leighton quadrangle, east-central Kentucky | Donald C. Haney and Charles L. Rice | 1978 (GQ-1495)",37.61052,-83.98075,37.60844,-83.99125
2289,110,MODERATE TARGET,72.3,37.5407,-83.9341,Jackson,Leighton,GQ-1495,"Unnamed hollow head, tributary to Mill Seat Branch",hollow head,not in NHD — DEM-derived channel (likely ephemeral hollow),VERIFIED TARGET CONTACT (combined-unit top),Moderate-high,Mbna,Mb|Msla,SECONDARY,"Renfro and Nada Members, undivided (Mbrn) — digital polygon Mb",St. Louis Limestone Member of Newman/Slade (Msla) above the combined Renfro+Nada unit (Mbrn),"Top of mapped Renfro+Nada unit (Mbrn), GQ-1495. Nada: greenish and grayish-red shale with mid-unit glauconitic seam and silty dolomite beds near top.","Along/east of the projected Locust Branch Fault trend: Renfro 6.3–9.7 m resting on Nada shale (Dever 1999, sections 88–95); brecciated dolomite with quartz bodies as far NE as Drip Rock; epigenetic Zn-Pb at Rock Lick Creek shows fluid flow on this trend.",250.0,0.02,219.7,151.57,1.45,64.0,29.2,185.0,48.0,21.1,9.1,7.2,570.0,570.0,1.0,0.09,0.861,0.876,0.757,1.0,0.95,0.0,Section 95 - Drip Rock (KY-89 roadcut),6.9,,South Fork Station Camp Creek,12610.0,,Mapped top of the Renfro+Nada unit; target contact lies a few feet to ~10 m lower in the same channel | Large source supply: 219.7 km of mapped target contact drains into the primary search reach | Steep slopes along the upstream contact (mean 29°) — active erosion/replenishment | Deeply incised channel at the contact (48 m below the ±200 m mean surface) | Inside the KGS general Kentucky-agate area outline,Nada/Renfro contact not drawn separately on this quadrangle | Diluted: only 1.4 km contact per km² drainage | 64% of drainage is Pennsylvanian sandstone/conglomerate — abundant non-target gravel | Source channel is not in NHD — likely dry except after rain,B — verified contact inside KGS agate area; no measured section on this drainage,"Geologic map of the Leighton quadrangle, east-central Kentucky | Donald C. Haney and Charles L. Rice | 1978 (GQ-1495)",37.54014,-83.92814,37.54026,-83.93266
5588,111,MODERATE TARGET,72.3,37.7853,-83.7265,Powell,Slade,GQ-1183,"Unnamed ravine / small hollow, tributary to South Fork Red River",ravine / small hollow,not in NHD — DEM-derived channel (likely ephemeral hollow),VERIFIED TARGET CONTACT (combined-unit top),Moderate-high,Mbna,Mb|Msla,SECONDARY,"Renfro and Nada Members, undivided (Mbrn) — digital polygon Mb",St. Louis Limestone Member of Newman/Slade (Msla) above the combined Renfro+Nada unit (Mbrn),"Top of mapped Renfro+Nada unit (Mbrn), GQ-1183 (Nada type locality). Renfro commonly about 10 ft thick.",Northeast part of the belt: Renfro thin (GQ legends: ~5–10 ft in Powell County) and mapped with the Nada; the Nada/Renfro contact lies only a few feet to ~10 m below the mapped line. Historic collecting centre (Irvine–Estill–Powell).,272.0,0.096,115.1,49.79,2.31,70.0,22.7,195.0,30.0,20.6,8.9,4.9,1219.0,4009.0,1.0,0.233,0.534,0.784,0.932,1.0,0.95,0.0,Section 95 - Drip Rock (KY-89 roadcut),29.6,,,1841.0,,Mapped top of the Renfro+Nada unit; target contact lies a few feet to ~10 m lower in the same channel | Large source supply: 115.1 km of mapped target contact drains into the primary search reach | Inside the KGS general Kentucky-agate area outline,Nada/Renfro contact not drawn separately on this quadrangle | 70% of drainage is Pennsylvanian sandstone/conglomerate — abundant non-target gravel | Source channel is not in NHD — likely dry except after rain,B — verified contact inside KGS agate area; no measured section on this drainage,"Geologic map of the Slade quadrangle, east-central Kentucky | Gordon Whitney Weir | 1974 (GQ-1183)",37.78617,-83.73588,37.78413,-83.72757
5844,112,MODERATE TARGET,72.2,37.7359,-83.8995,Estill,Irvine,GQ-1285,"Unnamed ravine / small hollow, tributary to Rogers Fork",ravine / small hollow,not in NHD — DEM-derived channel (likely ephemeral hollow),VERIFIED TARGET CONTACT (combined-unit top),Moderate-high,Mbna,Mb|Msla,SECONDARY,"Renfro and Nada Members, undivided (Mbrn) — digital polygon Mb",St. Louis Limestone Member of Newman/Slade (Msla) above the combined Renfro+Nada unit (Mbrn),"Top of mapped Renfro+Nada unit (Mbrn), GQ-1285. The Nada/Renfro contact itself is not drawn; it lies one Renfro thickness below this line (Renfro thickest NE, thinnest near Wagersville).",Northeast part of the belt: Renfro thin (GQ legends: ~5–10 ft in Powell County) and mapped with the Nada; the Nada/Renfro contact lies only a few feet to ~10 m below the mapped line. Historic collecting centre (Irvine–Estill–Powell).,350.0,0.119,18.1,5.63,3.21,25.0,31.3,196.0,27.0,17.4,19.4,10.1,1217.0,4018.0,0.794,0.488,0.963,0.754,0.544,1.0,0.95,0.0,Section 95 - Drip Rock (KY-89 roadcut),16.4,,,1041.0,,Mapped top of the Renfro+Nada unit; target contact lies a few feet to ~10 m lower in the same channel | Steep slopes along the upstream contact (mean 31°) — active erosion/replenishment | Inside the KGS general Kentucky-agate area outline,"Nada/Renfro contact not drawn separately on this quadrangle | Steep reach (10.1%) — few bars; search pools, boulder lags and bank toes | Source channel is not in NHD — likely dry except after rain",B — verified contact inside KGS agate area; no measured section on this drainage,"Geologic map of the Irvine quadrangle, Estill County, Kentucky | Harry P. Hoge, Perry Braswell Wigley, and Fred R. Shawe | 1976 (GQ-1285)",37.73018,-83.89103,37.73525,-83.89876
4127,113,MODERATE TARGET,72.1,37.6701,-83.9785,Estill,Irvine,GQ-1285,"Unnamed hollow head, tributary to Scrivener Branch",hollow head,not in NHD — DEM-derived channel (likely ephemeral hollow),VERIFIED TARGET CONTACT (combined-unit top),Moderate-high,Mbna,Mb|Msla,SECONDARY,"Renfro and Nada Members, undivided (Mbrn) — digital polygon Mb",St. Louis Limestone Member of Newman/Slade (Msla) above the combined Renfro+Nada unit (Mbrn),"Top of mapped Renfro+Nada unit (Mbrn), GQ-1285. The Nada/Renfro contact itself is not drawn; it lies one Renfro thickness below this line (Renfro thickest NE, thinnest near Wagersville).",Northeast part of the belt: Renfro thin (GQ legends: ~5–10 ft in Powell County) and mapped with the Nada; the Nada/Renfro contact lies only a few feet to ~10 m below the mapped line. Historic collecting centre (Irvine–Estill–Powell).,345.0,0.041,10.9,2.04,5.34,13.0,34.2,206.0,8.0,19.2,30.4,13.3,1203.0,1541.0,0.666,0.848,1.0,0.551,0.4,1.0,0.95,0.0,Section 95 - Drip Rock (KY-89 roadcut),8.2,,,598.0,,Mapped top of the Renfro+Nada unit; target contact lies a few feet to ~10 m lower in the same channel | Concentrated source: 5.3 km of contact per km² of drainage (little dilution) | Little Pennsylvanian sandstone upstream (13% of drainage) — fewer look-alike clasts | Steep slopes along the upstream contact (mean 34°) — active erosion/replenishment | Inside the KGS general Kentucky-agate area outline,"Nada/Renfro contact not drawn separately on this quadrangle | Weak incision at the contact (8 m) | Steep reach (13.3%) — few bars; search pools, boulder lags and bank toes | Source channel is not in NHD — likely dry except after rain",B — verified contact inside KGS agate area; no measured section on this drainage,"Geologic map of the Irvine quadrangle, Estill County, Kentucky | Harry P. Hoge, Perry Braswell Wigley, and Fred R. Shawe | 1976 (GQ-1285)",37.66192,-83.98252,37.66976,-83.97925
6346,114,MODERATE TARGET,72.0,37.8838,-83.6976,Menifee,Frenchburg,GQ-1390,"Unnamed ravine / small hollow, tributary to Camp Branch",ravine / small hollow,not in NHD — DEM-derived channel (likely ephemeral hollow),VERIFIED TARGET CONTACT (combined-unit top),Moderate-high,Mbna,Mb|Msla,SECONDARY,"Renfro and Nada Members, undivided (Mbrn) — digital polygon Mb",St. Louis Limestone Member of Newman/Slade (Msla) above the combined Renfro+Nada unit (Mbrn),"Top of mapped Renfro+Nada unit (Mbrn), GQ-1390. Target contact lies one Renfro thickness below this line.",Northeast part of the belt: Renfro thin (GQ legends: ~5–10 ft in Powell County) and mapped with the Nada; the Nada/Renfro contact lies only a few feet to ~10 m below the mapped line. Historic collecting centre (Irvine–Estill–Powell).,284.0,0.2,42.7,7.81,5.47,46.0,20.2,154.0,42.0,25.5,8.2,3.5,1222.0,4018.0,1.0,0.764,0.409,0.764,1.0,0.5,0.95,6.8,Section 95 - Drip Rock (KY-89 roadcut),39.5,,,12759.0,,Mapped top of the Renfro+Nada unit; target contact lies a few feet to ~10 m lower in the same channel | Large source supply: 42.7 km of mapped target contact drains into the primary search reach | Concentrated source: 5.5 km of contact per km² of drainage (little dilution) | Deeply incised channel at the contact (42 m below the ±200 m mean surface) | Moderate reach gradient (3.5%) — gravel bars likely,Nada/Renfro contact not drawn separately on this quadrangle | 6.8 km outside the KGS general agate area | Source channel is not in NHD — likely dry except after rain,C — verified contact outside the documented agate area,"Geologic map of the Frenchburg quadrangle, east-central Kentucky | Harry P. Hoge | 1977 (GQ-1390)",37.87846,-83.70498,37.88371,-83.69952
5094,115,MODERATE TARGET,72.0,37.7637,-83.7376,Powell,Slade,GQ-1183,"Unnamed ravine / small hollow, tributary to Stump Cave Branch",ravine / small hollow,not in NHD — DEM-derived channel (likely ephemeral hollow),VERIFIED TARGET CONTACT (combined-unit top),Moderate-high,Mbna,Mb|Msla,SECONDARY,"Renfro and Nada Members, undivided (Mbrn) — digital polygon Mb",St. Louis Limestone Member of Newman/Slade (Msla) above the combined Renfro+Nada unit (Mbrn),"Top of mapped Renfro+Nada unit (Mbrn), GQ-1183 (Nada type locality). Renfro commonly about 10 ft thick.",Northeast part of the belt: Renfro thin (GQ legends: ~5–10 ft in Powell County) and mapped with the Nada; the Nada/Renfro contact lies only a few feet to ~10 m below the mapped line. Historic collecting centre (Irvine–Estill–Powell).,239.0,0.069,61.1,27.21,2.25,65.0,21.0,160.0,34.0,21.0,3.3,1.7,1217.0,4009.0,1.0,0.282,0.451,0.712,1.0,1.0,0.95,0.0,Section 95 - Drip Rock (KY-89 roadcut),27.2,,,325.0,,Mapped top of the Renfro+Nada unit; target contact lies a few feet to ~10 m lower in the same channel | Large source supply: 61.1 km of mapped target contact drains into the primary search reach | Deeply incised channel at the contact (34 m below the ±200 m mean surface) | Moderate reach gradient (1.7%) — gravel bars likely | Inside the KGS general Kentucky-agate area outline,Nada/Renfro contact not drawn separately on this quadrangle | 65% of drainage is Pennsylvanian sandstone/conglomerate — abundant non-target gravel | Source channel is not in NHD — likely dry except after rain,B — verified contact inside KGS agate area; no measured section on this drainage,"Geologic map of the Slade quadrangle, east-central Kentucky | Gordon Whitney Weir | 1974 (GQ-1183)",37.77202,-83.73923,37.76824,-83.7394
5704,116,MODERATE TARGET,72.0,37.5538,-83.9633,Jackson,Leighton,GQ-1495,Unnamed ravine / small hollow,ravine / small hollow,not in NHD — DEM-derived channel (likely ephemeral hollow),VERIFIED TARGET CONTACT (combined-unit top),Moderate-high,Mbna,Mb|Msla,SECONDARY,"Renfro and Nada Members, undivided (Mbrn) — digital polygon Mb",St. Louis Limestone Member of Newman/Slade (Msla) above the combined Renfro+Nada unit (Mbrn),"Top of mapped Renfro+Nada unit (Mbrn), GQ-1495. Nada: greenish and grayish-red shale with mid-unit glauconitic seam and silty dolomite beds near top.","Along/east of the projected Locust Branch Fault trend: Renfro 6.3–9.7 m resting on Nada shale (Dever 1999, sections 88–95); brecciated dolomite with quartz bodies as far NE as Drip Rock; epigenetic Zn-Pb at Rock Lick Creek shows fluid flow on this trend.",274.0,0.105,144.0,109.78,1.31,61.0,29.3,187.0,37.0,19.8,11.1,7.2,723.0,723.0,1.0,0.099,0.866,0.84,0.759,1.0,0.95,0.0,Section 95 - Drip Rock (KY-89 roadcut),4.9,,South Fork Station Camp Creek,9817.0,,Mapped top of the Renfro+Nada unit; target contact lies a few feet to ~10 m lower in the same channel | Large source supply: 144.0 km of mapped target contact drains into the primary search reach | Steep slopes along the upstream contact (mean 29°) — active erosion/replenishment | Deeply incised channel at the contact (37 m below the ±200 m mean surface) | Inside the KGS general Kentucky-agate area outline,Nada/Renfro contact not drawn separately on this quadrangle | Diluted: only 1.3 km contact per km² drainage | 61% of drainage is Pennsylvanian sandstone/conglomerate — abundant non-target gravel | Source channel is not in NHD — likely dry except after rain,B — verified contact inside KGS agate area; no measured section on this drainage,"Geologic map of the Leighton quadrangle, east-central Kentucky | Donald C. Haney and Charles L. Rice | 1978 (GQ-1495)",37.55712,-83.95778,37.55418,-83.96242
3055,117,MODERATE TARGET,72.0,37.4466,-84.2596,Rockcastle,Wildie,GQ-684,"Unnamed hollow head, tributary to Clear Creek",hollow head,intermittent (NHD),PROBABLE STRATIGRAPHIC EQUIVALENT,Moderate,Mbw,Mb|Mbr,CONTACT,"Wildie Member (Mbw), Borden Fm",Renfro Member (Mbr),"Base of Renfro Member on Wildie Member (Mbw), GQ-684; upper-Nada stratigraphic equivalent.",Rockcastle County Wildie belt: upper-Nada lithosome (Wildie Member) beneath the Renfro south of the arbitrary Berea cutoff; quartz geodes documented in Renfro/Muldraugh-equivalent carbonates nearby.,339.0,0.026,220.1,43.06,5.11,21.0,22.7,146.0,43.0,25.3,6.8,3.7,1207.0,4002.0,1.0,0.666,0.533,0.737,1.0,1.0,0.85,0.0,"KSPG 2013 Stop 6B - Bighill roadcut, US-421",10.1,,,8195.0,,Large source supply: 220.1 km of mapped target contact drains into the primary search reach | Concentrated source: 5.1 km of contact per km² of drainage (little dilution) | Deeply incised channel at the contact (43 m below the ±200 m mean surface) | Moderate reach gradient (3.7%) — gravel bars likely | Inside the KGS general Kentucky-agate area outline,"Wildie Member = upper-Nada equivalent under a different name (probable, not verified)",C — probable equivalent,"Geologic map of the Wildie quadrangle, Garrard and Rockcastle Counties, Kentucky | James Louis Gualtieri | 1968 (GQ-684)",37.44529,-84.27062,37.44669,-84.26108
4821,118,MODERATE TARGET,71.9,37.6557,-83.9696,Estill,Irvine,GQ-1285,Unnamed ravine / small hollow,ravine / small hollow,not in NHD — DEM-derived channel (likely ephemeral hollow),VERIFIED TARGET CONTACT (combined-unit top),Moderate-high,Mbna,Mb|Msla,SECONDARY,"Renfro and Nada Members, undivided (Mbrn) — digital polygon Mb",St. Louis Limestone Member of Newman/Slade (Msla) above the combined Renfro+Nada unit (Mbrn),"Top of mapped Renfro+Nada unit (Mbrn), GQ-1285. The Nada/Renfro contact itself is not drawn; it lies one Renfro thickness below this line (Renfro thickest NE, thinnest near Wagersville).",Northeast part of the belt: Renfro thin (GQ legends: ~5–10 ft in Powell County) and mapped with the Nada; the Nada/Renfro contact lies only a few feet to ~10 m below the mapped line. Historic collecting centre (Irvine–Estill–Powell).,331.0,0.059,6.3,0.93,6.75,18.0,28.5,179.0,28.0,21.7,17.2,11.0,1202.0,1968.0,0.535,0.938,0.823,0.705,0.477,1.0,0.95,0.0,Section 95 - Drip Rock (KY-89 roadcut),6.5,,,2385.0,,Mapped top of the Renfro+Nada unit; target contact lies a few feet to ~10 m lower in the same channel | Concentrated source: 6.8 km of contact per km² of drainage (little dilution) | Little Pennsylvanian sandstone upstream (18% of drainage) — fewer look-alike clasts | Steep slopes along the upstream contact (mean 28°) — active erosion/replenishment | Inside the KGS general Kentucky-agate area outline,"Nada/Renfro contact not drawn separately on this quadrangle | Steep reach (11.0%) — few bars; search pools, boulder lags and bank toes | Source channel is not in NHD — likely dry except after rain",B — verified contact inside KGS agate area; no measured section on this drainage,"Geologic map of the Irvine quadrangle, Estill County, Kentucky | Harry P. Hoge, Perry Braswell Wigley, and Fred R. Shawe | 1976 (GQ-1285)",37.6477,-83.97629,37.65494,-83.97033
6716,119,MODERATE TARGET,71.9,37.5708,-83.9532,Jackson,Leighton,GQ-1495,Unnamed ravine / small hollow,ravine / small hollow,intermittent (NHD),VERIFIED TARGET CONTACT (combined-unit top),Moderate-high,Mbna,Mb|Msla,SECONDARY,"Renfro and Nada Members, undivided (Mbrn) — digital polygon Mb",St. Louis Limestone Member of Newman/Slade (Msla) above the combined Renfro+Nada unit (Mbrn),"Top of mapped Renfro+Nada unit (Mbrn), GQ-1495. Nada: greenish and grayish-red shale with mid-unit glauconitic seam and silty dolomite beds near top.","Along/east of the projected Locust Branch Fault trend: Renfro 6.3–9.7 m resting on Nada shale (Dever 1999, sections 88–95); brecciated dolomite with quartz bodies as far NE as Drip Rock; epigenetic Zn-Pb at Rock Lick Creek shows fluid flow on this trend.",288.0,0.333,153.0,111.68,1.37,60.0,29.3,193.0,35.0,18.7,11.4,7.6,886.0,886.0,1.0,0.102,0.864,0.848,0.729,1.0,0.95,0.0,Section 95 - Drip Rock (KY-89 roadcut),3.1,,South Fork Station Camp Creek,9065.0,,Mapped top of the Renfro+Nada unit; target contact lies a few feet to ~10 m lower in the same channel | Large source supply: 153.0 km of mapped target contact drains into the primary search reach | Steep slopes along the upstream contact (mean 29°) — active erosion/replenishment | Deeply incised channel at the contact (35 m below the ±200 m mean surface) | Inside the KGS general Kentucky-agate area outline,Nada/Renfro contact not drawn separately on this quadrangle | Diluted: only 1.4 km contact per km² drainage | 60% of drainage is Pennsylvanian sandstone/conglomerate — abundant non-target gravel,B — verified contact inside KGS agate area; no measured section on this drainage,"Geologic map of the Leighton quadrangle, east-central Kentucky | Donald C. Haney and Charles L. Rice | 1978 (GQ-1495)",37.56397,-83.95071,37.56995,-83.95182
7218,120,MODERATE TARGET,71.9,37.5694,-83.9673,Jackson,Leighton,GQ-1495,Unnamed branch,branch,intermittent (NHD),VERIFIED TARGET CONTACT (combined-unit top),Moderate-high,Mbna,Mb|Msla,SECONDARY,"Renfro and Nada Members, undivided (Mbrn) — digital polygon Mb",St. Louis Limestone Member of Newman/Slade (Msla) above the combined Renfro+Nada unit (Mbrn),"Top of mapped Renfro+Nada unit (Mbrn), GQ-1495. Nada: greenish and grayish-red shale with mid-unit glauconitic seam and silty dolomite beds near top.","Along/east of the projected Locust Branch Fault trend: Renfro 6.3–9.7 m resting on Nada shale (Dever 1999, sections 88–95); brecciated dolomite with quartz bodies as far NE as Drip Rock; epigenetic Zn-Pb at Rock Lick Creek shows fluid flow on this trend.",290.0,1.352,136.1,108.12,1.26,61.0,29.4,158.0,42.0,22.3,5.9,6.1,1069.0,1069.0,1.0,0.095,0.871,0.777,0.839,1.0,0.95,0.0,Section 95 - Drip Rock (KY-89 roadcut),3.1,,South Fork Station Camp Creek,8272.0,,Mapped top of the Renfro+Nada unit; target contact lies a few feet to ~10 m lower in the same channel | Large source supply: 136.1 km of mapped target contact drains into the primary search reach | Steep slopes along the upstream contact (mean 29°) — active erosion/replenishment | Deeply incised channel at the contact (42 m below the ±200 m mean surface) | Inside the KGS general Kentucky-agate area outline,Nada/Renfro contact not drawn separately on this quadrangle | Diluted: only 1.3 km contact per km² drainage | 61% of drainage is Pennsylvanian sandstone/conglomerate — abundant non-target gravel,B — verified contact inside KGS agate area; no measured section on this drainage,"Geologic map of the Leighton quadrangle, east-central Kentucky | Donald C. Haney and Charles L. Rice | 1978 (GQ-1495)",37.56114,-83.96667,37.56692,-83.96711
