{"type":"FeatureCollection","features":[{"type":"Feature","properties":{"quad":"Panola","gq_number":"686","source_pub":"Geologic map of the Panola quadrangle, Estill and Madison Counties, Kentucky | Robert C. Greene | 1968, GQ-686","source_url":"https://pubs.usgs.gov/publication/gq686","original_line_symbol":"Mnu","polygon_pair_below_above":"Mb|Msla","contact_style":"CONTACT","contact_comments":"Upper part of Newman Limestone","meaning":"Not interpreted as the target contact.","class_label":"AMBIGUOUS","confidence":"Not used"},"geometry":{"type":"LineString","coordinates":[[-84.0002,37.62509],[-83.99993,37.62519]]}},{"type":"Feature","properties":{"quad":"Paint Lick","gq_number":"800","source_pub":"Paint Lick","source_url":"","original_line_symbol":"Mbw","polygon_pair_below_above":"Mb|Msla","contact_style":"CONTACT","contact_comments":"Wildie Member","meaning":"Not interpreted as the target contact.","class_label":"AMBIGUOUS","confidence":"Not used"},"geometry":{"type":"LineString","coordinates":[[-84.44099,37.51239],[-84.44094,37.51251],[-84.44069,37.51248],[-84.44083,37.51224],[-84.44099,37.51239]]}},{"type":"Feature","properties":{"quad":"Bighill","gq_number":"900","source_pub":"Geologic map of the Bighill quadrangle, east-central Kentucky | Gordon Whitney Weir, K. Y. Lee, and P.E. Cassity | 1971, GQ-900","source_url":"https://pubs.usgs.gov/publication/gq900","original_line_symbol":"Mbna","polygon_pair_below_above":"Mb|Mbr","contact_style":"CONTACT","contact_comments":"Nada Member","meaning":"Line coded Mbna, but the quadrangle legend was not verified as mapping the Nada/Renfro boundary; not used.","class_label":"AMBIGUOUS","confidence":"Not used"},"geometry":{"type":"LineString","coordinates":[[-84.22818,37.50015],[-84.22788,37.50026]]}},{"type":"Feature","properties":{"quad":"Bighill","gq_number":"900","source_pub":"Geologic map of the Bighill quadrangle, east-central Kentucky | Gordon Whitney Weir, K. Y. Lee, and P.E. Cassity | 1971, GQ-900","source_url":"https://pubs.usgs.gov/publication/gq900","original_line_symbol":"Mbna","polygon_pair_below_above":"Mb|Mbr","contact_style":"CONTACT","contact_comments":"Nada Member","meaning":"Line coded Mbna, but the quadrangle legend was not verified as mapping the Nada/Renfro boundary; not used.","class_label":"AMBIGUOUS","confidence":"Not used"},"geometry":{"type":"MultiLineString","coordinates":[[[-84.23255,37.5002],[-84.23263,37.5001]],[[-84.23052,37.5001],[-84.23079,37.50025]]]}},{"type":"Feature","properties":{"quad":"Bighill","gq_number":"900","source_pub":"Geologic map of the Bighill quadrangle, east-central Kentucky | Gordon Whitney Weir, K. Y. Lee, and P.E. Cassity | 1971, GQ-900","source_url":"https://pubs.usgs.gov/publication/gq900","original_line_symbol":"Mbna","polygon_pair_below_above":"Mb|Mbr","contact_style":"CONTACT","contact_comments":"Nada Member","meaning":"Line coded Mbna, but the quadrangle legend was not verified as mapping the Nada/Renfro boundary; not used.","class_label":"AMBIGUOUS","confidence":"Not used"},"geometry":{"type":"LineString","coordinates":[[-84.22848,37.5001],[-84.22863,37.50019]]}},{"type":"Feature","properties":{"quad":"Bighill","gq_number":"900","source_pub":"Geologic map of the Bighill quadrangle, east-central Kentucky | Gordon Whitney Weir, K. Y. Lee, and P.E. Cassity | 1971, GQ-900","source_url":"https://pubs.usgs.gov/publication/gq900","original_line_symbol":"Mbna","polygon_pair_below_above":"Mb|Mbr","contact_style":"CONTACT","contact_comments":"Nada Member","meaning":"Line coded Mbna, but the quadrangle legend was not verified as mapping the Nada/Renfro boundary; not used.","class_label":"AMBIGUOUS","confidence":"Not used"},"geometry":{"type":"LineString","coordinates":[[-84.24516,37.50017],[-84.24503,37.5001]]}},{"type":"Feature","properties":{"quad":"Berea","gq_number":"649","source_pub":"Geologic map of the Berea quadrangle, east-central Kentucky | Gordon Whitney Weir | 1967, GQ-649","source_url":"https://pubs.usgs.gov/publication/gq649","original_line_symbol":"Mbna","polygon_pair_below_above":"Mb|Mbr","contact_style":"CONTACT","contact_comments":"Nada Member","meaning":"Line coded Mbna, but the quadrangle legend was not verified as mapping the Nada/Renfro boundary; not used.","class_label":"AMBIGUOUS","confidence":"Not used"},"geometry":{"type":"LineString","coordinates":[[-84.25306,37.50023],[-84.25347,37.50009]]}},{"type":"Feature","properties":{"quad":"Bighill","gq_number":"900","source_pub":"Geologic map of the Bighill quadrangle, east-central Kentucky | Gordon Whitney Weir, K. Y. Lee, and P.E. Cassity | 1971, GQ-900","source_url":"https://pubs.usgs.gov/publication/gq900","original_line_symbol":"Mbna","polygon_pair_below_above":"Mb|Mbr","contact_style":"CONTACT","contact_comments":"Nada Member","meaning":"Line coded Mbna, but the quadrangle legend was not verified as mapping the Nada/Renfro boundary; not used.","class_label":"AMBIGUOUS","confidence":"Not used"},"geometry":{"type":"LineString","coordinates":[[-84.24896,37.50026],[-84.24918,37.50009]]}},{"type":"Feature","properties":{"quad":"Scranton","gq_number":"1488","source_pub":"Geologic map of the Scranton quadrangle, Menifee County, Kentucky | Donald C. Haney and Norman C. Hester | 1978, GQ-1488","source_url":"https://pubs.usgs.gov/publication/gq1488","original_line_symbol":"Mn","polygon_pair_below_above":"Mb|Pg","contact_style":"CONTACT","contact_comments":"Newman Limestone","meaning":"Not interpreted as the target contact.","class_label":"AMBIGUOUS","confidence":"Not used"},"geometry":{"type":"MultiLineString","coordinates":[[[-83.60463,37.97004],[-83.60449,37.97005]],[[-83.604,37.96664],[-83.60408,37.96657]]]}},{"type":"Feature","properties":{"quad":"Scranton","gq_number":"1488","source_pub":"Geologic map of the Scranton quadrangle, Menifee County, Kentucky | Donald C. Haney and Norman C. Hester | 1978, GQ-1488","source_url":"https://pubs.usgs.gov/publication/gq1488","original_line_symbol":"Mbna","polygon_pair_below_above":"Mb|Pg","contact_style":"SECONDARY","contact_comments":"Nada Member, Borden Formation","meaning":"Line coded Mbna, but the quadrangle legend was not verified as mapping the Nada/Renfro boundary; not used.","class_label":"AMBIGUOUS","confidence":"Not used"},"geometry":{"type":"MultiLineString","coordinates":[[[-83.60474,37.97014],[-83.60444,37.9702]],[[-83.6038,37.96661],[-83.60405,37.96639]]]}},{"type":"Feature","properties":{"quad":"Frenchburg","gq_number":"1390","source_pub":"Geologic map of the Frenchburg quadrangle, east-central Kentucky | Harry P. Hoge | 1977, GQ-1390","source_url":"https://pubs.usgs.gov/publication/gq1390","original_line_symbol":"Mn","polygon_pair_below_above":"Mb|Pg","contact_style":"CONTACT","contact_comments":"Newman Limestone","meaning":"Not interpreted as the target contact.","class_label":"AMBIGUOUS","confidence":"Not used"},"geometry":{"type":"LineString","coordinates":[[-83.72399,37.96295],[-83.72397,37.96304]]}},{"type":"Feature","properties":{"quad":"Frenchburg","gq_number":"1390","source_pub":"Geologic map of the Frenchburg quadrangle, east-central Kentucky | Harry P. Hoge | 1977, GQ-1390","source_url":"https://pubs.usgs.gov/publication/gq1390","original_line_symbol":"Mbna","polygon_pair_below_above":"Mb|Pg","contact_style":"SECONDARY","contact_comments":"Nada Member, Borden Formation","meaning":"Line coded Mbna, but the quadrangle legend was not verified as mapping the Nada/Renfro boundary; not used.","class_label":"AMBIGUOUS","confidence":"Not used"},"geometry":{"type":"LineString","coordinates":[[-83.72408,37.96319],[-83.72421,37.96285]]}},{"type":"Feature","properties":{"quad":"Ezel","gq_number":"721","source_pub":"Geologic map of the Ezel quadrangle, Morgan and Menifee Counties, Kentucky | G. N. Pipiringos, S.C. Bergman, and Virgil A. Trent | 1968, GQ-721","source_url":"https://pubs.usgs.gov/publication/gq721","original_line_symbol":"Mbna","polygon_pair_below_above":"Mb|Msla","contact_style":"SECONDARY","contact_comments":"Nada Member, Borden Formation","meaning":"Line coded Mbna, but the quadrangle legend was not verified as mapping the Nada/Renfro boundary; not used.","class_label":"AMBIGUOUS","confidence":"Not used"},"geometry":{"type":"LineString","coordinates":[[-83.49991,37.96174],[-83.49913,37.96098],[-83.49845,37.96057],[-83.49834,37.96066],[-83.49882,37.96148],[-83.49889,37.96211],[-83.49874,37.96262],[-83.49961,37.96264],[-83.49991,37.96296]]}},{"type":"Feature","properties":{"quad":"Ezel","gq_number":"721","source_pub":"Geologic map of the Ezel quadrangle, Morgan and Menifee Counties, Kentucky | G. N. Pipiringos, S.C. Bergman, and Virgil A. Trent | 1968, GQ-721","source_url":"https://pubs.usgs.gov/publication/gq721","original_line_symbol":"Mbna","polygon_pair_below_above":"Mb|Msla","contact_style":"SECONDARY","contact_comments":"Nada Member, Borden Formation","meaning":"Line coded Mbna, but the quadrangle legend was not verified as mapping the Nada/Renfro boundary; not used.","class_label":"AMBIGUOUS","confidence":"Not used"},"geometry":{"type":"MultiLineString","coordinates":[[[-83.49358,37.97189],[-83.49227,37.97298],[-83.49214,37.97319],[-83.49232,37.9741],[-83.49248,37.97437],[-83.49294,37.97462],[-83.49339,37.97463],[-83.49464,37.97431],[-83.49491,37.97436],[-83.49536,37.97428],[-83.49548,37.97484],[-83.49529,37.97524],[-83.49534,37.97542],[-83.49506,37.97553],[-83.49481,37.97588],[-83.49488,37.97632],[-83.49477,37.97743],[-83.49488,37.97802],[-83.49517,37.97842],[-83.4954,37.97854],[-83.49573,37.97855],[-83.49797,37.97827],[-83.49822,37.97855],[-83.49654,37.9797],[-83.49642,37.98],[-83.49596,37.9803],[-83.49588,37.98054],[-83.49605,37.98109],[-83.49632,37.98134],[-83.49655,37.98141],[-83.49728,37.98137],[-83.4976,37.98169],[-83.4976,37.98208],[-83.4972,37.98273],[-83.4971,37.98343],[-83.49725,37.98384],[-83.49753,37.98416],[-83.49839,37.98438],[-83.49867,37.9849],[-83.49849,37.98548],[-83.49853,37.98566],[-83.4987,37.98587],[-83.49907,37.98596],[-83.49991,37.98595]],[[-83.49582,38.00009],[-83.49574,37.99964],[-83.49468,37.99803],[-83.494,37.9972],[-83.49359,37.9964],[-83.49319,37.99601],[-83.4927,37.99594],[-83.49256,37.99575],[-83.49266,37.99552],[-83.49349,37.9946],[-83.49461,37.99413],[-83.49525,37.99357],[-83.49539,37.99331],[-83.49553,37.99243],[-83.49528,37.99167],[-83.49478,37.99139],[-83.49373,37.9916],[-83.49315,37.9914],[-83.49287,37.99142],[-83.49142,37.9919],[-83.49081,37.99223],[-83.49023,37.99129],[-83.4904,37.99099],[-83.49107,37.99069],[-83.49165,37.99023],[-83.49251,37.98993],[-83.49311,37.98941],[-83.49461,37.98897],[-83.49509,37.98872],[-83.49535,37.98833],[-83.4954,37.98736],[-83.49506,37.98655],[-83.49455,37.98626],[-83.49362,37.98605],[-83.49355,37.98552],[-83.49422,37.98486],[-83.49415,37.98443],[-83.49394,37.98408],[-83.49392,37.98349],[-83.49368,37.98312],[-83.49286,37.98252],[-83.49258,37.98202],[-83.49221,37.98161],[-83.4919,37.98152],[-83.49121,37.98162],[-83.4908,37.98181],[-83.49058,37.98202],[-83.49046,37.98239],[-83.4906,37.98282],[-83.49048,37.98324],[-83.4901,37.98329],[-83.48964,37.98363],[-83.48945,37.98412],[-83.48946,37.98466],[-83.48917,37.98509],[-83.48905,37.98587],[-83.48828,37.9864],[-83.48789,37.98683],[-83.48727,37.98799],[-83.48612,37.98842],[-83.4849,37.98912]],[[-83.48347,37.96146],[-83.48386,37.96248],[-83.48453,37.96313],[-83.48516,37.96338],[-83.48595,37.96327],[-83.48553,37.96386],[-83.48561,37.96419],[-83.48632,37.96477],[-83.48766,37.96647],[-83.4888,37.96691],[-83.48818,37.9673],[-83.48799,37.96791],[-83.48845,37.96851],[-83.48861,37.96898],[-83.48889,37.9692],[-83.48951,37.96938],[-83.49031,37.96943],[-83.49037,37.96952],[-83.49004,37.96972],[-83.48944,37.9703],[-83.48931,37.97064],[-83.4894,37.9712],[-83.48953,37.97135],[-83.49015,37.97151],[-83.49002,37.97182],[-83.49013,37.97216],[-83.49048,37.97232],[-83.49165,37.97203],[-83.49238,37.972],[-83.49296,37.9718],[-83.49381,37.97168]],[[-83.48498,37.98888],[-83.48543,37.98812],[-83.48616,37.98737],[-83.48629,37.98695],[-83.4868,37.98609],[-83.48694,37.98532],[-83.48672,37.98497],[-83.48721,37.98472],[-83.48759,37.98391],[-83.4875,37.98352],[-83.48694,37.98304],[-83.4871,37.9827],[-83.48756,37.98234],[-83.48757,37.98193],[-83.48715,37.98161],[-83.48664,37.98142],[-83.48579,37.98134],[-83.48551,37.98145],[-83.48544,37.98124],[-83.48506,37.98094],[-83.48377,37.98077],[-83.48259,37.98101]],[[-83.48243,37.98096],[-83.48218,37.98052],[-83.48152,37.98],[-83.48236,37.97989],[-83.48278,37.98004],[-83.48303,37.97985],[-83.48344,37.9798],[-83.48498,37.97977],[-83.48558,37.97981],[-83.48583,37.97991],[-83.48626,37.97984],[-83.48701,37.98017],[-83.48866,37.98056],[-83.48935,37.98052],[-83.49107,37.97971],[-83.4923,37.97937],[-83.49253,37.97915],[-83.4928,37.97857],[-83.4927,37.97792],[-83.49238,37.97711],[-83.49196,37.9765],[-83.4907,37.97599],[-83.49025,37.97624],[-83.48974,37.97627],[-83.48967,37.97588],[-83.49028,37.97538],[-83.49027,37.97513],[-83.48995,37.97483],[-83.48994,37.97454],[-83.4897,37.97409],[-83.4894,37.97379],[-83.48863,37.97333],[-83.48772,37.97318],[-83.48663,37.97364],[-83.48657,37.97374],[-83.48593,37.9736],[-83.48463,37.97367],[-83.48434,37.97346],[-83.48361,37.97329],[-83.48238,37.97324],[-83.48135,37.97293],[-83.48152,37.97283],[-83.48307,37.97279],[-83.48339,37.97253],[-83.4844,37.97272],[-83.48582,37.97262],[-83.48722,37.97222],[-83.48751,37.97204],[-83.48767,37.97174],[-83.48771,37.9715],[-83.48744,37.9707],[-83.48764,37.97024],[-83.48757,37.96982],[-83.48731,37.96928],[-83.48675,37.96868],[-83.48677,37.9683],[-83.48639,37.96715],[-83.48612,37.96693],[-83.48618,37.96638],[-83.48602,37.96589],[-83.48568,37.96537],[-83.48507,37.96474],[-83.48437,37.96368],[-83.48311,37.96274],[-83.48274,37.96264],[-83.48324,37.96212],[-83.48332,37.96183],[-83.48325,37.96129]],[[-83.48143,37.95924],[-83.48211,37.96015],[-83.48271,37.96035],[-83.48339,37.96033],[-83.48325,37.96058],[-83.48322,37.96095]],[[-83.48311,37.96108],[-83.48262,37.9606],[-83.48203,37.96028],[-83.48162,37.96019],[-83.48168,37.95997],[-83.48124,37.9593]]]}},{"type":"Feature","properties":{"quad":"Frenchburg","gq_number":"1390","source_pub":"Geologic map of the Frenchburg quadrangle, east-central Kentucky | Harry P. Hoge | 1977, GQ-1390","source_url":"https://pubs.usgs.gov/publication/gq1390","original_line_symbol":"Mbna","polygon_pair_below_above":"Mb|Pg","contact_style":"SECONDARY","contact_comments":"Nada Member, Borden Formation","meaning":"Line coded Mbna, but the quadrangle legend was not verified as mapping the Nada/Renfro boundary; not used.","class_label":"AMBIGUOUS","confidence":"Not used"},"geometry":{"type":"MultiLineString","coordinates":[[[-83.65012,37.96597],[-83.65031,37.96587]],[[-83.65009,37.96518],[-83.65004,37.96536]],[[-83.64975,37.96289],[-83.64959,37.96302]]]}},{"type":"Feature","properties":{"quad":"Frenchburg","gq_number":"1390","source_pub":"Geologic map of the Frenchburg quadrangle, east-central Kentucky | Harry P. Hoge | 1977, GQ-1390","source_url":"https://pubs.usgs.gov/publication/gq1390","original_line_symbol":"Mn","polygon_pair_below_above":"Mb|Pg","contact_style":"CONTACT","contact_comments":"Newman Limestone","meaning":"Not interpreted as the target contact.","class_label":"AMBIGUOUS","confidence":"Not used"},"geometry":{"type":"MultiLineString","coordinates":[[[-83.65036,37.966],[-83.65029,37.96604]],[[-83.64433,37.96273],[-83.64456,37.96375]]]}},{"type":"Feature","properties":{"quad":"Frenchburg","gq_number":"1390","source_pub":"Geologic map of the Frenchburg quadrangle, east-central Kentucky | Harry P. Hoge | 1977, GQ-1390","source_url":"https://pubs.usgs.gov/publication/gq1390","original_line_symbol":"Mbna","polygon_pair_below_above":"Mb|Pg","contact_style":"SECONDARY","contact_comments":"Nada Member, Borden Formation","meaning":"Line coded Mbna, but the quadrangle legend was not verified as mapping the Nada/Renfro boundary; not used.","class_label":"AMBIGUOUS","confidence":"Not used"},"geometry":{"type":"MultiLineString","coordinates":[[[-83.64439,37.96376],[-83.64424,37.96343],[-83.64417,37.96271]],[[-83.64417,37.96254],[-83.64426,37.96237]]]}},{"type":"Feature","properties":{"quad":"Levee","gq_number":"1478","source_pub":"Geologic map of the Levee quadrangle, east-central Kentucky | Robert C. McDowell | 1978, GQ-1478","source_url":"https://pubs.usgs.gov/publication/gq1478","original_line_symbol":"Mn","polygon_pair_below_above":"Mb|Pg","contact_style":"CONTACT","contact_comments":"Newman Limestone","meaning":"Not interpreted as the target contact.","class_label":"AMBIGUOUS","confidence":"Not used"},"geometry":{"type":"LineString","coordinates":[[-83.88745,37.92848],[-83.88693,37.92817]]}},{"type":"Feature","properties":{"quad":"Levee","gq_number":"1478","source_pub":"Geologic map of the Levee quadrangle, east-central Kentucky | Robert C. McDowell | 1978, GQ-1478","source_url":"https://pubs.usgs.gov/publication/gq1478","original_line_symbol":"Mbna","polygon_pair_below_above":"Mb|Pg","contact_style":"CONTACT","contact_comments":"Nada Member, Borden Formation","meaning":"Line coded Mbna, but the quadrangle legend was not verified as mapping the Nada/Renfro boundary; not used.","class_label":"AMBIGUOUS","confidence":"Not used"},"geometry":{"type":"LineString","coordinates":[[-83.88674,37.92824],[-83.88724,37.92845],[-83.88747,37.92866]]}},{"type":"Feature","properties":{"quad":"Levee","gq_number":"1478","source_pub":"Geologic map of the Levee quadrangle, east-central Kentucky | Robert C. McDowell | 1978, GQ-1478","source_url":"https://pubs.usgs.gov/publication/gq1478","original_line_symbol":"Mbc","polygon_pair_below_above":"Mb|Pg","contact_style":"CONTACT","contact_comments":"Cowbell Member, Borden Formation","meaning":"Not interpreted as the target contact.","class_label":"AMBIGUOUS","confidence":"Not used"},"geometry":{"type":"LineString","coordinates":[[-83.92022,37.92218],[-83.91992,37.92259],[-83.9194,37.92265],[-83.92008,37.92196],[-83.92019,37.92197],[-83.92022,37.92218]]}},{"type":"Feature","properties":{"quad":"Frenchburg","gq_number":"1390","source_pub":"Geologic map of the Frenchburg quadrangle, east-central Kentucky | Harry P. Hoge | 1977, GQ-1390","source_url":"https://pubs.usgs.gov/publication/gq1390","original_line_symbol":"Mn","polygon_pair_below_above":"Mb|Pg","contact_style":"CONTACT","contact_comments":"Newman Limestone","meaning":"Not interpreted as the target contact.","class_label":"AMBIGUOUS","confidence":"Not used"},"geometry":{"type":"MultiLineString","coordinates":[[[-83.73885,37.93304],[-83.7388,37.93296]],[[-83.73819,37.93339],[-83.7387,37.93338]]]}},{"type":"Feature","properties":{"quad":"Frenchburg","gq_number":"1390","source_pub":"Geologic map of the Frenchburg quadrangle, east-central Kentucky | Harry P. Hoge | 1977, GQ-1390","source_url":"https://pubs.usgs.gov/publication/gq1390","original_line_symbol":"Mbna","polygon_pair_below_above":"Mb|Pg","contact_style":"SECONDARY","contact_comments":"Nada Member, Borden Formation","meaning":"Line coded Mbna, but the quadrangle legend was not verified as mapping the Nada/Renfro boundary; not used.","class_label":"AMBIGUOUS","confidence":"Not used"},"geometry":{"type":"MultiLineString","coordinates":[[[-83.73905,37.93311],[-83.73897,37.93296]],[[-83.73809,37.93351],[-83.73877,37.93351]]]}},{"type":"Feature","properties":{"quad":"Levee","gq_number":"1478","source_pub":"Geologic map of the Levee quadrangle, east-central Kentucky | Robert C. McDowell | 1978, GQ-1478","source_url":"https://pubs.usgs.gov/publication/gq1478","original_line_symbol":"Mbc","polygon_pair_below_above":"Mb|Pg","contact_style":"CONTACT","contact_comments":"Cowbell Member, Borden Formation","meaning":"Not interpreted as the target contact.","class_label":"AMBIGUOUS","confidence":"Not used"},"geometry":{"type":"LineString","coordinates":[[-83.92066,37.91866],[-83.92087,37.91794],[-83.9211,37.91771],[-83.92162,37.91767],[-83.92204,37.9179],[-83.9219,37.91808],[-83.92114,37.9184],[-83.92081,37.91867]]}},{"type":"Feature","properties":{"quad":"Levee","gq_number":"1478","source_pub":"Geologic map of the Levee quadrangle, east-central Kentucky | Robert C. McDowell | 1978, GQ-1478","source_url":"https://pubs.usgs.gov/publication/gq1478","original_line_symbol":"Mbna","polygon_pair_below_above":"Mb|Pg","contact_style":"CONTACT","contact_comments":"Nada Member, Borden Formation","meaning":"Line coded Mbna, but the quadrangle legend was not verified as mapping the Nada/Renfro boundary; not used.","class_label":"AMBIGUOUS","confidence":"Not used"},"geometry":{"type":"LineString","coordinates":[[-83.90928,37.91722],[-83.90903,37.91751],[-83.90832,37.91722],[-83.90771,37.91676]]}},{"type":"Feature","properties":{"quad":"Levee","gq_number":"1478","source_pub":"Geologic map of the Levee quadrangle, east-central Kentucky | Robert C. McDowell | 1978, GQ-1478","source_url":"https://pubs.usgs.gov/publication/gq1478","original_line_symbol":"Mbna","polygon_pair_below_above":"Mb|Pg","contact_style":"CONTACT","contact_comments":"Nada Member, Borden Formation","meaning":"Line coded Mbna, but the quadrangle legend was not verified as mapping the Nada/Renfro boundary; not used.","class_label":"AMBIGUOUS","confidence":"Not used"},"geometry":{"type":"MultiLineString","coordinates":[[[-83.90694,37.91621],[-83.90698,37.91614],[-83.9075,37.91614],[-83.90864,37.9165],[-83.90926,37.91688],[-83.90935,37.91708],[-83.90928,37.91722]],[[-83.90771,37.91676],[-83.90734,37.91653],[-83.90715,37.91627]]]}},{"type":"Feature","properties":{"quad":"Levee","gq_number":"1478","source_pub":"Geologic map of the Levee quadrangle, east-central Kentucky | Robert C. McDowell | 1978, GQ-1478","source_url":"https://pubs.usgs.gov/publication/gq1478","original_line_symbol":"Mbc","polygon_pair_below_above":"Mb|Pg","contact_style":"CONTACT","contact_comments":"Cowbell Member, Borden Formation","meaning":"Not interpreted as the target contact.","class_label":"AMBIGUOUS","confidence":"Not used"},"geometry":{"type":"LineString","coordinates":[[-83.93688,37.91075],[-83.93668,37.91063],[-83.93602,37.9107],[-83.93554,37.91063],[-83.93458,37.9102],[-83.93386,37.91002],[-83.93297,37.91009],[-83.93369,37.91061],[-83.93421,37.91123],[-83.93437,37.91335],[-83.93461,37.91381],[-83.9353,37.9144],[-83.93573,37.91393],[-83.93579,37.91314],[-83.93592,37.9129],[-83.93671,37.91196],[-83.93688,37.91075]]}},{"type":"Feature","properties":{"quad":"Levee","gq_number":"1478","source_pub":"Geologic map of the Levee quadrangle, east-central Kentucky | Robert C. McDowell | 1978, GQ-1478","source_url":"https://pubs.usgs.gov/publication/gq1478","original_line_symbol":"Mbc","polygon_pair_below_above":"Mb|Pg","contact_style":"CONTACT","contact_comments":"Cowbell Member, Borden Formation","meaning":"Not interpreted as the target contact.","class_label":"AMBIGUOUS","confidence":"Not used"},"geometry":{"type":"LineString","coordinates":[[-83.92945,37.91576],[-83.92818,37.9158],[-83.92747,37.91593],[-83.92614,37.91704],[-83.92573,37.91762],[-83.92555,37.91812],[-83.92574,37.919],[-83.92623,37.92015],[-83.9268,37.92082],[-83.92691,37.92118],[-83.92659,37.92155],[-83.92631,37.92155],[-83.92615,37.92142],[-83.92582,37.92061],[-83.92549,37.92018],[-83.92544,37.91971],[-83.92491,37.91837],[-83.92421,37.91785],[-83.92519,37.91753],[-83.9257,37.91716],[-83.92607,37.91657],[-83.92598,37.91597],[-83.9261,37.91566],[-83.927,37.91532],[-83.92747,37.91499],[-83.92789,37.91454],[-83.92816,37.91274],[-83.92757,37.91221],[-83.92663,37.91168],[-83.92597,37.9118],[-83.92534,37.91207],[-83.92448,37.91216],[-83.92366,37.91181],[-83.92355,37.91148],[-83.92397,37.91073],[-83.92406,37.91003],[-83.92399,37.90967],[-83.92424,37.90882],[-83.92459,37.90857],[-83.92496,37.90805],[-83.9256,37.90778],[-83.92696,37.90692],[-83.92869,37.9068],[-83.92879,37.90702],[-83.92868,37.90761],[-83.92804,37.9085],[-83.92803,37.90869],[-83.92824,37.90899],[-83.92829,37.90926],[-83.92745,37.90971],[-83.92691,37.90989],[-83.92671,37.91014],[-83.92714,37.91065],[-83.92767,37.91086],[-83.92853,37.91144],[-83.929,37.91374],[-83.92918,37.91413],[-83.92916,37.91505],[-83.92945,37.91576]]}},{"type":"Feature","properties":{"quad":"Slade","gq_number":"1183","source_pub":"Geologic map of the Slade quadrangle, east-central Kentucky | Gordon Whitney Weir | 1974, GQ-1183","source_url":"https://pubs.usgs.gov/publication/gq1183","original_line_symbol":"Mbna","polygon_pair_below_above":"Mb|Pg","contact_style":"SECONDARY","contact_comments":"Nada Member, Borden Formation","meaning":"Line coded Mbna, but the quadrangle legend was not verified as mapping the Nada/Renfro boundary; not used.","class_label":"AMBIGUOUS","confidence":"Not used"},"geometry":{"type":"MultiLineString","coordinates":[[[-83.6535,37.86881],[-83.65292,37.86827]],[[-83.65009,37.8733],[-83.64997,37.87296],[-83.64981,37.87283],[-83.64902,37.87247],[-83.6484,37.87225],[-83.64751,37.87231]],[[-83.64683,37.87125],[-83.64668,37.87112]],[[-83.64587,37.86947],[-83.64598,37.86963]]]}},{"type":"Feature","properties":{"quad":"Slade","gq_number":"1183","source_pub":"Geologic map of the Slade quadrangle, east-central Kentucky | Gordon Whitney Weir | 1974, GQ-1183","source_url":"https://pubs.usgs.gov/publication/gq1183","original_line_symbol":"Mn","polygon_pair_below_above":"Mb|Pg","contact_style":"CONTACT","contact_comments":"Newman Limestone","meaning":"Not interpreted as the target contact.","class_label":"AMBIGUOUS","confidence":"Not used"},"geometry":{"type":"MultiLineString","coordinates":[[[-83.65309,37.86862],[-83.65334,37.86885]],[[-83.64762,37.8724],[-83.6481,37.87234],[-83.64843,37.87239],[-83.64937,37.87271],[-83.64985,37.87301],[-83.64991,37.87337]],[[-83.64616,37.86959],[-83.64598,37.86938]]]}},{"type":"Feature","properties":{"quad":"Pomeroyton","gq_number":"1184","source_pub":"Geologic map of the Pomeroyton quadrangle, east-central Kentucky | Gordon Whitney Weir and Paul W. Richards | 1974, GQ-1184","source_url":"https://pubs.usgs.gov/publication/gq1184","original_line_symbol":"Mn","polygon_pair_below_above":"Mb|Pg","contact_style":"CONTACT","contact_comments":"Newman Limestone","meaning":"Not interpreted as the target contact.","class_label":"AMBIGUOUS","confidence":"Not used"},"geometry":{"type":"MultiLineString","coordinates":[[[-83.61092,37.84979],[-83.61103,37.85016]],[[-83.61105,37.84795],[-83.61081,37.84778],[-83.61065,37.84739],[-83.61062,37.84683]],[[-83.61055,37.84931],[-83.61083,37.84971]],[[-83.61041,37.84921],[-83.61048,37.84925]],[[-83.61041,37.84665],[-83.6103,37.84658]],[[-83.61003,37.849],[-83.61018,37.84912]],[[-83.60981,37.84849],[-83.61,37.84895]],[[-83.61001,37.84637],[-83.60974,37.84616],[-83.60955,37.84541],[-83.60892,37.84518],[-83.60843,37.84463],[-83.60825,37.84413]],[[-83.60883,37.8471],[-83.60901,37.84732]],[[-83.60801,37.84396],[-83.60754,37.84375]],[[-83.60651,37.84502],[-83.6067,37.84507],[-83.60726,37.84573]]]}},{"type":"Feature","properties":{"quad":"Pomeroyton","gq_number":"1184","source_pub":"Geologic map of the Pomeroyton quadrangle, east-central Kentucky | Gordon Whitney Weir and Paul W. Richards | 1974, GQ-1184","source_url":"https://pubs.usgs.gov/publication/gq1184","original_line_symbol":"Mbna","polygon_pair_below_above":"Mb|Pg","contact_style":"SECONDARY","contact_comments":"Nada Member, Borden Formation","meaning":"Line coded Mbna, but the quadrangle legend was not verified as mapping the Nada/Renfro boundary; not used.","class_label":"AMBIGUOUS","confidence":"Not used"},"geometry":{"type":"MultiLineString","coordinates":[[[-83.61075,37.84103],[-83.61104,37.84148],[-83.6122,37.8419]],[[-83.61117,37.85027],[-83.6111,37.84977]],[[-83.61128,37.8424],[-83.61117,37.84222],[-83.61073,37.84199],[-83.61002,37.84186],[-83.60954,37.84152],[-83.60924,37.84149],[-83.60897,37.84151],[-83.60871,37.84169],[-83.60814,37.84235]],[[-83.61091,37.84952],[-83.61064,37.84917],[-83.61047,37.84909]],[[-83.61043,37.84701],[-83.61058,37.84754],[-83.61092,37.84803]],[[-83.61019,37.84666],[-83.61034,37.84676]],[[-83.61008,37.84882],[-83.60991,37.84837]],[[-83.60742,37.84382],[-83.60808,37.84409],[-83.60823,37.84457],[-83.60841,37.84476],[-83.60892,37.84527],[-83.60947,37.84553],[-83.60966,37.84614],[-83.60991,37.84645]],[[-83.60905,37.84714],[-83.60895,37.84702]],[[-83.608,37.84252],[-83.60785,37.84269]],[[-83.6073,37.84552],[-83.60667,37.84493]]]}},{"type":"Feature","properties":{"quad":"Slade","gq_number":"1183","source_pub":"Geologic map of the Slade quadrangle, east-central Kentucky | Gordon Whitney Weir | 1974, GQ-1183","source_url":"https://pubs.usgs.gov/publication/gq1183","original_line_symbol":"Mn","polygon_pair_below_above":"Mb|Pg","contact_style":"CONTACT","contact_comments":"Newman Limestone","meaning":"Not interpreted as the target contact.","class_label":"AMBIGUOUS","confidence":"Not used"},"geometry":{"type":"MultiLineString","coordinates":[[[-83.65263,37.83641],[-83.65274,37.83615]],[[-83.65138,37.83729],[-83.65166,37.8373],[-83.65199,37.83745]],[[-83.65063,37.83737],[-83.65085,37.83729]]]}},{"type":"Feature","properties":{"quad":"Pomeroyton","gq_number":"1184","source_pub":"Geologic map of the Pomeroyton quadrangle, east-central Kentucky | Gordon Whitney Weir and Paul W. Richards | 1974, GQ-1184","source_url":"https://pubs.usgs.gov/publication/gq1184","original_line_symbol":"Mn","polygon_pair_below_above":"Mb|Pg","contact_style":"CONTACT","contact_comments":"Newman Limestone","meaning":"Not interpreted as the target contact.","class_label":"AMBIGUOUS","confidence":"Not used"},"geometry":{"type":"MultiLineString","coordinates":[[[-83.62298,37.83372],[-83.62319,37.83234],[-83.62357,37.83149]],[[-83.62033,37.83924],[-83.62062,37.83917]],[[-83.6203,37.84028],[-83.62028,37.83946]],[[-83.61963,37.83601],[-83.62036,37.83588]],[[-83.62019,37.83874],[-83.61996,37.8386],[-83.61943,37.83795]],[[-83.61974,37.83973],[-83.61987,37.83991],[-83.61981,37.84006]],[[-83.61864,37.83869],[-83.61923,37.83908]],[[-83.61804,37.83841],[-83.61844,37.83863]],[[-83.61661,37.83729],[-83.6168,37.83753],[-83.61666,37.83852]],[[-83.61374,37.83684],[-83.61484,37.83663],[-83.61599,37.83659]],[[-83.61355,37.83688],[-83.6137,37.83683]],[[-83.61272,37.83642],[-83.61277,37.83657]],[[-83.61245,37.83634],[-83.61256,37.83635]],[[-83.61208,37.84171],[-83.61182,37.84156]],[[-83.61174,37.84154],[-83.61145,37.84154],[-83.61115,37.8414],[-83.61095,37.8411]],[[-83.60967,37.84169],[-83.60989,37.84191],[-83.61071,37.84209],[-83.6111,37.84235]],[[-83.6083,37.8424],[-83.60887,37.8417],[-83.60903,37.8416],[-83.60926,37.84162]],[[-83.60914,37.83842],[-83.60921,37.83837]],[[-83.60793,37.84284],[-83.60805,37.84269]]]}},{"type":"Feature","properties":{"quad":"Pomeroyton","gq_number":"1184","source_pub":"Geologic map of the Pomeroyton quadrangle, east-central Kentucky | Gordon Whitney Weir and Paul W. Richards | 1974, GQ-1184","source_url":"https://pubs.usgs.gov/publication/gq1184","original_line_symbol":"Mn","polygon_pair_below_above":"Mb|Pg","contact_style":"CONTACT","contact_comments":"Newman Limestone","meaning":"Not interpreted as the target contact.","class_label":"AMBIGUOUS","confidence":"Not used"},"geometry":{"type":"LineString","coordinates":[[-83.60266,37.83063],[-83.60179,37.83064],[-83.60132,37.8308]]}},{"type":"Feature","properties":{"quad":"Pomeroyton","gq_number":"1184","source_pub":"Geologic map of the Pomeroyton quadrangle, east-central Kentucky | Gordon Whitney Weir and Paul W. Richards | 1974, GQ-1184","source_url":"https://pubs.usgs.gov/publication/gq1184","original_line_symbol":"Mbna","polygon_pair_below_above":"Mb|Pg","contact_style":"SECONDARY","contact_comments":"Nada Member, Borden Formation","meaning":"Line coded Mbna, but the quadrangle legend was not verified as mapping the Nada/Renfro boundary; not used.","class_label":"AMBIGUOUS","confidence":"Not used"},"geometry":{"type":"MultiLineString","coordinates":[[[-83.62336,37.83151],[-83.62278,37.83357],[-83.62291,37.83387]],[[-83.62045,37.83907],[-83.62019,37.83914],[-83.62013,37.83935],[-83.62019,37.84039]],[[-83.62047,37.83575],[-83.61937,37.83596]],[[-83.61999,37.83993],[-83.61986,37.83961]],[[-83.61934,37.83805],[-83.61993,37.83872]],[[-83.61938,37.83903],[-83.61876,37.83863]],[[-83.61842,37.83845],[-83.61815,37.83833]],[[-83.61678,37.83856],[-83.61693,37.8376],[-83.61673,37.83719]],[[-83.61604,37.83646],[-83.61491,37.83652],[-83.61344,37.83678]],[[-83.61293,37.83666],[-83.61283,37.83632]],[[-83.61265,37.83623],[-83.61233,37.83619]]]}},{"type":"Feature","properties":{"quad":"Pomeroyton","gq_number":"1184","source_pub":"Geologic map of the Pomeroyton quadrangle, east-central Kentucky | Gordon Whitney Weir and Paul W. Richards | 1974, GQ-1184","source_url":"https://pubs.usgs.gov/publication/gq1184","original_line_symbol":"Mn","polygon_pair_below_above":"Mb|Pg","contact_style":"CONTACT","contact_comments":"Newman Limestone","meaning":"Not interpreted as the target contact.","class_label":"AMBIGUOUS","confidence":"Not used"},"geometry":{"type":"MultiLineString","coordinates":[[[-83.60742,37.83668],[-83.6076,37.83641]],[[-83.60712,37.83692],[-83.60726,37.83683]],[[-83.60704,37.83316],[-83.60687,37.83311]],[[-83.6067,37.83731],[-83.60685,37.83715]],[[-83.60649,37.8394],[-83.60639,37.83923]],[[-83.60626,37.83846],[-83.60658,37.83789],[-83.60656,37.83747]],[[-83.60429,37.84244],[-83.60542,37.84153]],[[-83.60457,37.8315],[-83.6049,37.83063]],[[-83.60374,37.84343],[-83.60399,37.84314],[-83.60402,37.8426]],[[-83.60101,37.84406],[-83.60159,37.84405],[-83.60308,37.84439]],[[-83.6033,37.83067],[-83.60266,37.83063]],[[-83.60078,37.84324],[-83.60084,37.84373]],[[-83.60023,37.84345],[-83.60038,37.84301]],[[-83.59977,37.84375],[-83.60015,37.84351]],[[-83.59891,37.84596],[-83.59922,37.84548],[-83.59976,37.84504]],[[-83.59969,37.84493],[-83.59921,37.84491],[-83.59847,37.84506]],[[-83.59764,37.84464],[-83.59845,37.84452],[-83.59905,37.84415]]]}},{"type":"Feature","properties":{"quad":"Pomeroyton","gq_number":"1184","source_pub":"Geologic map of the Pomeroyton quadrangle, east-central Kentucky | Gordon Whitney Weir and Paul W. Richards | 1974, GQ-1184","source_url":"https://pubs.usgs.gov/publication/gq1184","original_line_symbol":"Mbna","polygon_pair_below_above":"Mb|Pg","contact_style":"SECONDARY","contact_comments":"Nada Member, Borden Formation","meaning":"Line coded Mbna, but the quadrangle legend was not verified as mapping the Nada/Renfro boundary; not used.","class_label":"AMBIGUOUS","confidence":"Not used"},"geometry":{"type":"MultiLineString","coordinates":[[[-83.6076,37.83671],[-83.60777,37.83636]],[[-83.60729,37.83697],[-83.60747,37.83686]],[[-83.60722,37.83308],[-83.60693,37.83299]],[[-83.60677,37.83747],[-83.60691,37.83729]],[[-83.60673,37.83991],[-83.60675,37.83974]],[[-83.6067,37.83947],[-83.60646,37.83911]],[[-83.60661,37.83808],[-83.60674,37.8376]],[[-83.60645,37.83843],[-83.60652,37.83825]],[[-83.60656,37.83294],[-83.60623,37.83288]],[[-83.60434,37.84256],[-83.60553,37.84161]],[[-83.60483,37.8312],[-83.60505,37.83067]],[[-83.60392,37.84346],[-83.60414,37.84314],[-83.60421,37.84268]],[[-83.60064,37.84339],[-83.60071,37.84393],[-83.60085,37.84411],[-83.60206,37.84422],[-83.60264,37.84433],[-83.60295,37.84449]],[[-83.60333,37.83054],[-83.60302,37.83051],[-83.60266,37.83063]],[[-83.60041,37.84349],[-83.60048,37.84331]],[[-83.59984,37.84387],[-83.60021,37.84366]],[[-83.59943,37.84548],[-83.59989,37.84511]],[[-83.59978,37.84483],[-83.59937,37.84481],[-83.59846,37.84492]],[[-83.59905,37.84602],[-83.59928,37.84565]],[[-83.59759,37.84479],[-83.59856,37.84458],[-83.59914,37.84422]]]}},{"type":"Feature","properties":{"quad":"Slade","gq_number":"1183","source_pub":"Geologic map of the Slade quadrangle, east-central Kentucky | Gordon Whitney Weir | 1974, GQ-1183","source_url":"https://pubs.usgs.gov/publication/gq1183","original_line_symbol":"Mbna","polygon_pair_below_above":"Mb|Pg","contact_style":"SECONDARY","contact_comments":"Nada Member, Borden Formation","meaning":"Line coded Mbna, but the quadrangle legend was not verified as mapping the Nada/Renfro boundary; not used.","class_label":"AMBIGUOUS","confidence":"Not used"},"geometry":{"type":"MultiLineString","coordinates":[[[-83.73321,37.83737],[-83.73285,37.83739]],[[-83.73089,37.83748],[-83.72945,37.83732],[-83.72835,37.83797],[-83.72667,37.83852]],[[-83.72584,37.83905],[-83.72504,37.83956]],[[-83.72004,37.83632],[-83.71965,37.83582]],[[-83.7161,37.83385],[-83.71569,37.83377]],[[-83.71214,37.82886],[-83.71209,37.82859]],[[-83.70498,37.82794],[-83.70441,37.82817],[-83.70376,37.82818],[-83.70341,37.82792]]]}},{"type":"Feature","properties":{"quad":"Slade","gq_number":"1183","source_pub":"Geologic map of the Slade quadrangle, east-central Kentucky | Gordon Whitney Weir | 1974, GQ-1183","source_url":"https://pubs.usgs.gov/publication/gq1183","original_line_symbol":"Mn","polygon_pair_below_above":"Mb|Pg","contact_style":"CONTACT","contact_comments":"Newman Limestone","meaning":"Not interpreted as the target contact.","class_label":"AMBIGUOUS","confidence":"Not used"},"geometry":{"type":"MultiLineString","coordinates":[[[-83.73344,37.83724],[-83.73272,37.83728]],[[-83.73088,37.83734],[-83.72947,37.83719],[-83.72898,37.83745]],[[-83.72893,37.83747],[-83.72815,37.83792],[-83.72659,37.8384]],[[-83.72576,37.83893],[-83.72507,37.83941]],[[-83.72028,37.83646],[-83.71982,37.83576]],[[-83.71624,37.83375],[-83.71593,37.8337]],[[-83.71231,37.82883],[-83.71226,37.82861]]]}},{"type":"Feature","properties":{"quad":"Slade","gq_number":"1183","source_pub":"Geologic map of the Slade quadrangle, east-central Kentucky | Gordon Whitney Weir | 1974, GQ-1183","source_url":"https://pubs.usgs.gov/publication/gq1183","original_line_symbol":"Mn","polygon_pair_below_above":"Mb|Pg","contact_style":"CONTACT","contact_comments":"Newman Limestone","meaning":"Not interpreted as the target contact.","class_label":"AMBIGUOUS","confidence":"Not used"},"geometry":{"type":"MultiLineString","coordinates":[[[-83.64033,37.84163],[-83.64025,37.84242]],[[-83.63293,37.83508],[-83.63285,37.83492]],[[-83.63141,37.82737],[-83.63185,37.82734],[-83.63288,37.82747]],[[-83.63091,37.8281],[-83.63095,37.82791]],[[-83.63086,37.82914],[-83.63081,37.82892]]]}},{"type":"Feature","properties":{"quad":"Slade","gq_number":"1183","source_pub":"Geologic map of the Slade quadrangle, east-central Kentucky | Gordon Whitney Weir | 1974, GQ-1183","source_url":"https://pubs.usgs.gov/publication/gq1183","original_line_symbol":"Mbna","polygon_pair_below_above":"Mb|Pg","contact_style":"SECONDARY","contact_comments":"Nada Member, Borden Formation","meaning":"Line coded Mbna, but the quadrangle legend was not verified as mapping the Nada/Renfro boundary; not used.","class_label":"AMBIGUOUS","confidence":"Not used"},"geometry":{"type":"MultiLineString","coordinates":[[[-83.65258,37.83611],[-83.65246,37.83641]],[[-83.65215,37.83739],[-83.6515,37.83716]],[[-83.65136,37.83713],[-83.65095,37.83714],[-83.65055,37.83729]],[[-83.64044,37.84241],[-83.64049,37.84157]],[[-83.63312,37.82743],[-83.63229,37.82726],[-83.63124,37.82726]],[[-83.63081,37.82778],[-83.63075,37.82803]]]}},{"type":"Feature","properties":{"quad":"Pomeroyton","gq_number":"1184","source_pub":"Geologic map of the Pomeroyton quadrangle, east-central Kentucky | Gordon Whitney Weir and Paul W. Richards | 1974, GQ-1184","source_url":"https://pubs.usgs.gov/publication/gq1184","original_line_symbol":"Mn","polygon_pair_below_above":"Mb|Pg","contact_style":"CONTACT","contact_comments":"Newman Limestone","meaning":"Not interpreted as the target contact.","class_label":"AMBIGUOUS","confidence":"Not used"},"geometry":{"type":"MultiLineString","coordinates":[[[-83.60083,37.83098],[-83.60132,37.8308]],[[-83.5984,37.82868],[-83.59883,37.8304],[-83.6005,37.83103]],[[-83.5964,37.82724],[-83.59706,37.82666],[-83.59721,37.82668],[-83.59771,37.82703],[-83.59812,37.82748],[-83.59832,37.82851]]]}},{"type":"Feature","properties":{"quad":"Slade","gq_number":"1183","source_pub":"Geologic map of the Slade quadrangle, east-central Kentucky | Gordon Whitney Weir | 1974, GQ-1183","source_url":"https://pubs.usgs.gov/publication/gq1183","original_line_symbol":"Mbna","polygon_pair_below_above":"Mb|Pg","contact_style":"SECONDARY","contact_comments":"Nada Member, Borden Formation","meaning":"Line coded Mbna, but the quadrangle legend was not verified as mapping the Nada/Renfro boundary; not used.","class_label":"AMBIGUOUS","confidence":"Not used"},"geometry":{"type":"MultiLineString","coordinates":[[[-83.70341,37.82792],[-83.70322,37.82747]],[[-83.70024,37.8297],[-83.70003,37.82962]]]}},{"type":"Feature","properties":{"quad":"Slade","gq_number":"1183","source_pub":"Geologic map of the Slade quadrangle, east-central Kentucky | Gordon Whitney Weir | 1974, GQ-1183","source_url":"https://pubs.usgs.gov/publication/gq1183","original_line_symbol":"Mn","polygon_pair_below_above":"Mb|Pg","contact_style":"CONTACT","contact_comments":"Newman Limestone","meaning":"Not interpreted as the target contact.","class_label":"AMBIGUOUS","confidence":"Not used"},"geometry":{"type":"MultiLineString","coordinates":[[[-83.70494,37.82785],[-83.70438,37.82807],[-83.70385,37.82806],[-83.7036,37.82795],[-83.70342,37.82761]],[[-83.70035,37.8296],[-83.69994,37.82946]]]}},{"type":"Feature","properties":{"quad":"Slade","gq_number":"1183","source_pub":"Geologic map of the Slade quadrangle, east-central Kentucky | Gordon Whitney Weir | 1974, GQ-1183","source_url":"https://pubs.usgs.gov/publication/gq1183","original_line_symbol":"Mn","polygon_pair_below_above":"Mb|Pg","contact_style":"CONTACT","contact_comments":"Newman Limestone","meaning":"Not interpreted as the target contact.","class_label":"AMBIGUOUS","confidence":"Not used"},"geometry":{"type":"MultiLineString","coordinates":[[[-83.63078,37.83453],[-83.63059,37.8349],[-83.63025,37.83522],[-83.62976,37.83545]],[[-83.62947,37.83673],[-83.6294,37.83699]],[[-83.62867,37.82621],[-83.6286,37.8264]]]}},{"type":"Feature","properties":{"quad":"Slade","gq_number":"1183","source_pub":"Geologic map of the Slade quadrangle, east-central Kentucky | Gordon Whitney Weir | 1974, GQ-1183","source_url":"https://pubs.usgs.gov/publication/gq1183","original_line_symbol":"Mbna","polygon_pair_below_above":"Mb|Pg","contact_style":"SECONDARY","contact_comments":"Nada Member, Borden Formation","meaning":"Line coded Mbna, but the quadrangle legend was not verified as mapping the Nada/Renfro boundary; not used.","class_label":"AMBIGUOUS","confidence":"Not used"},"geometry":{"type":"MultiLineString","coordinates":[[[-83.63092,37.83459],[-83.63101,37.83432]],[[-83.62983,37.83559],[-83.6303,37.83534],[-83.63073,37.83495]],[[-83.62944,37.83717],[-83.6296,37.83687]]]}},{"type":"Feature","properties":{"quad":"Slade","gq_number":"1183","source_pub":"Geologic map of the Slade quadrangle, east-central Kentucky | Gordon Whitney Weir | 1974, GQ-1183","source_url":"https://pubs.usgs.gov/publication/gq1183","original_line_symbol":"Mbna","polygon_pair_below_above":"Mb|Pg","contact_style":"SECONDARY","contact_comments":"Nada Member, Borden Formation","meaning":"Line coded Mbna, but the quadrangle legend was not verified as mapping the Nada/Renfro boundary; not used.","class_label":"AMBIGUOUS","confidence":"Not used"},"geometry":{"type":"LineString","coordinates":[[-83.62511,37.8225],[-83.62492,37.82272]]}},{"type":"Feature","properties":{"quad":"Pomeroyton","gq_number":"1184","source_pub":"Geologic map of the Pomeroyton quadrangle, east-central Kentucky | Gordon Whitney Weir and Paul W. Richards | 1974, GQ-1184","source_url":"https://pubs.usgs.gov/publication/gq1184","original_line_symbol":"Mbna","polygon_pair_below_above":"Mb|Pg","contact_style":"SECONDARY","contact_comments":"Nada Member, Borden Formation","meaning":"Line coded Mbna, but the quadrangle legend was not verified as mapping the Nada/Renfro boundary; not used.","class_label":"AMBIGUOUS","confidence":"Not used"},"geometry":{"type":"MultiLineString","coordinates":[[[-83.62492,37.82035],[-83.62412,37.82062]],[[-83.62342,37.8213],[-83.62461,37.82134]]]}},{"type":"Feature","properties":{"quad":"Pomeroyton","gq_number":"1184","source_pub":"Geologic map of the Pomeroyton quadrangle, east-central Kentucky | Gordon Whitney Weir and Paul W. Richards | 1974, GQ-1184","source_url":"https://pubs.usgs.gov/publication/gq1184","original_line_symbol":"Mn","polygon_pair_below_above":"Mb|Pg","contact_style":"CONTACT","contact_comments":"Newman Limestone","meaning":"Not interpreted as the target contact.","class_label":"AMBIGUOUS","confidence":"Not used"},"geometry":{"type":"MultiLineString","coordinates":[[[-83.62477,37.82025],[-83.62392,37.82056]],[[-83.62349,37.82145],[-83.62456,37.82148]]]}},{"type":"Feature","properties":{"quad":"Slade","gq_number":"1183","source_pub":"Geologic map of the Slade quadrangle, east-central Kentucky | Gordon Whitney Weir | 1974, GQ-1183","source_url":"https://pubs.usgs.gov/publication/gq1183","original_line_symbol":"Mn","polygon_pair_below_above":"Mb|Pg","contact_style":"CONTACT","contact_comments":"Newman Limestone","meaning":"Not interpreted as the target contact.","class_label":"AMBIGUOUS","confidence":"Not used"},"geometry":{"type":"LineString","coordinates":[[-83.62491,37.81978],[-83.62506,37.81995]]}},{"type":"Feature","properties":{"quad":"Slade","gq_number":"1183","source_pub":"Geologic map of the Slade quadrangle, east-central Kentucky | Gordon Whitney Weir | 1974, GQ-1183","source_url":"https://pubs.usgs.gov/publication/gq1183","original_line_symbol":"Mbna","polygon_pair_below_above":"Mb|Pg","contact_style":"SECONDARY","contact_comments":"Nada Member, Borden Formation","meaning":"Line coded Mbna, but the quadrangle legend was not verified as mapping the Nada/Renfro boundary; not used.","class_label":"AMBIGUOUS","confidence":"Not used"},"geometry":{"type":"LineString","coordinates":[[-83.62491,37.81967],[-83.62522,37.81988]]}},{"type":"Feature","properties":{"quad":"Pomeroyton","gq_number":"1184","source_pub":"Geologic map of the Pomeroyton quadrangle, east-central Kentucky | Gordon Whitney Weir and Paul W. Richards | 1974, GQ-1184","source_url":"https://pubs.usgs.gov/publication/gq1184","original_line_symbol":"Mn","polygon_pair_below_above":"Mb|Pg","contact_style":"CONTACT","contact_comments":"Newman Limestone","meaning":"Not interpreted as the target contact.","class_label":"AMBIGUOUS","confidence":"Not used"},"geometry":{"type":"MultiLineString","coordinates":[[[-83.59714,37.82348],[-83.59699,37.82417],[-83.59681,37.82443],[-83.59635,37.82475]],[[-83.59686,37.82568],[-83.59651,37.82588]],[[-83.59652,37.82505],[-83.597,37.82523],[-83.59702,37.8255],[-83.59685,37.82564]],[[-83.59632,37.82603],[-83.59573,37.82671],[-83.59547,37.82716]]]}},{"type":"Feature","properties":{"quad":"Pomeroyton","gq_number":"1184","source_pub":"Geologic map of the Pomeroyton quadrangle, east-central Kentucky | Gordon Whitney Weir and Paul W. Richards | 1974, GQ-1184","source_url":"https://pubs.usgs.gov/publication/gq1184","original_line_symbol":"Mbna","polygon_pair_below_above":"Mb|Pg","contact_style":"SECONDARY","contact_comments":"Nada Member, Borden Formation","meaning":"Line coded Mbna, but the quadrangle legend was not verified as mapping the Nada/Renfro boundary; not used.","class_label":"AMBIGUOUS","confidence":"Not used"},"geometry":{"type":"MultiLineString","coordinates":[[[-83.60132,37.8308],[-83.60069,37.83085]],[[-83.60043,37.83088],[-83.59905,37.83038]],[[-83.59893,37.83027],[-83.59836,37.82812],[-83.59833,37.82766],[-83.59811,37.82724],[-83.59717,37.82656],[-83.59693,37.82662],[-83.59641,37.82707]],[[-83.59644,37.82485],[-83.59692,37.82448],[-83.59713,37.82418],[-83.59731,37.82357]],[[-83.59669,37.82595],[-83.59708,37.82558],[-83.59708,37.82526],[-83.59691,37.82505],[-83.59651,37.82491]],[[-83.59566,37.82715],[-83.59634,37.82621]]]}},{"type":"Feature","properties":{"quad":"Slade","gq_number":"1183","source_pub":"Geologic map of the Slade quadrangle, east-central Kentucky | Gordon Whitney Weir | 1974, GQ-1183","source_url":"https://pubs.usgs.gov/publication/gq1183","original_line_symbol":"Mbna","polygon_pair_below_above":"Mb|Pg","contact_style":"SECONDARY","contact_comments":"Nada Member, Borden Formation","meaning":"Line coded Mbna, but the quadrangle legend was not verified as mapping the Nada/Renfro boundary; not used.","class_label":"AMBIGUOUS","confidence":"Not used"},"geometry":{"type":"MultiLineString","coordinates":[[[-83.63606,37.82385],[-83.63641,37.82422]],[[-83.63634,37.82504],[-83.63513,37.82506]],[[-83.63343,37.82504],[-83.63303,37.82503]],[[-83.63183,37.82471],[-83.63173,37.82465]]]}},{"type":"Feature","properties":{"quad":"Slade","gq_number":"1183","source_pub":"Geologic map of the Slade quadrangle, east-central Kentucky | Gordon Whitney Weir | 1974, GQ-1183","source_url":"https://pubs.usgs.gov/publication/gq1183","original_line_symbol":"Mbna","polygon_pair_below_above":"Mb|Pg","contact_style":"SECONDARY","contact_comments":"Nada Member, Borden Formation","meaning":"Line coded Mbna, but the quadrangle legend was not verified as mapping the Nada/Renfro boundary; not used.","class_label":"AMBIGUOUS","confidence":"Not used"},"geometry":{"type":"MultiLineString","coordinates":[[[-83.638,37.822],[-83.63749,37.82193]],[[-83.63727,37.82154],[-83.63718,37.82096]]]}},{"type":"Feature","properties":{"quad":"Slade","gq_number":"1183","source_pub":"Geologic map of the Slade quadrangle, east-central Kentucky | Gordon Whitney Weir | 1974, GQ-1183","source_url":"https://pubs.usgs.gov/publication/gq1183","original_line_symbol":"Mbna","polygon_pair_below_above":"Mb|Pg","contact_style":"SECONDARY","contact_comments":"Nada Member, Borden Formation","meaning":"Line coded Mbna, but the quadrangle legend was not verified as mapping the Nada/Renfro boundary; not used.","class_label":"AMBIGUOUS","confidence":"Not used"},"geometry":{"type":"LineString","coordinates":[[-83.62502,37.81693],[-83.62492,37.81669]]}},{"type":"Feature","properties":{"quad":"Slade","gq_number":"1183","source_pub":"Geologic map of the Slade quadrangle, east-central Kentucky | Gordon Whitney Weir | 1974, GQ-1183","source_url":"https://pubs.usgs.gov/publication/gq1183","original_line_symbol":"Mn","polygon_pair_below_above":"Mb|Pg","contact_style":"CONTACT","contact_comments":"Newman Limestone","meaning":"Not interpreted as the target contact.","class_label":"AMBIGUOUS","confidence":"Not used"},"geometry":{"type":"MultiLineString","coordinates":[[[-83.63014,37.82262],[-83.63006,37.82236]],[[-83.62515,37.81685],[-83.62511,37.81673]]]}},{"type":"Feature","properties":{"quad":"Slade","gq_number":"1183","source_pub":"Geologic map of the Slade quadrangle, east-central Kentucky | Gordon Whitney Weir | 1974, GQ-1183","source_url":"https://pubs.usgs.gov/publication/gq1183","original_line_symbol":"Mn","polygon_pair_below_above":"Mb|Pg","contact_style":"CONTACT","contact_comments":"Newman Limestone","meaning":"Not interpreted as the target contact.","class_label":"AMBIGUOUS","confidence":"Not used"},"geometry":{"type":"MultiLineString","coordinates":[[[-83.71248,37.81781],[-83.71234,37.81822]],[[-83.71235,37.81843],[-83.71232,37.81912]],[[-83.71201,37.82004],[-83.71197,37.82025]]]}},{"type":"Feature","properties":{"quad":"Slade","gq_number":"1183","source_pub":"Geologic map of the Slade quadrangle, east-central Kentucky | Gordon Whitney Weir | 1974, GQ-1183","source_url":"https://pubs.usgs.gov/publication/gq1183","original_line_symbol":"Mbna","polygon_pair_below_above":"Mb|Pg","contact_style":"SECONDARY","contact_comments":"Nada Member, Borden Formation","meaning":"Line coded Mbna, but the quadrangle legend was not verified as mapping the Nada/Renfro boundary; not used.","class_label":"AMBIGUOUS","confidence":"Not used"},"geometry":{"type":"MultiLineString","coordinates":[[[-83.71261,37.81771],[-83.71253,37.81809]],[[-83.71252,37.81836],[-83.71247,37.81922]],[[-83.71219,37.81996],[-83.71216,37.82012]]]}},{"type":"Feature","properties":{"quad":"Slade","gq_number":"1183","source_pub":"Geologic map of the Slade quadrangle, east-central Kentucky | Gordon Whitney Weir | 1974, GQ-1183","source_url":"https://pubs.usgs.gov/publication/gq1183","original_line_symbol":"Mn","polygon_pair_below_above":"Mb|Pg","contact_style":"CONTACT","contact_comments":"Newman Limestone","meaning":"Not interpreted as the target contact.","class_label":"AMBIGUOUS","confidence":"Not used"},"geometry":{"type":"MultiLineString","coordinates":[[[-83.63599,37.824],[-83.63621,37.8242]],[[-83.6361,37.82493],[-83.63565,37.8249]],[[-83.63356,37.82491],[-83.6334,37.82489]],[[-83.63337,37.82491],[-83.63303,37.8249]],[[-83.63181,37.82456],[-83.63181,37.82455]]]}},{"type":"Feature","properties":{"quad":"Slade","gq_number":"1183","source_pub":"Geologic map of the Slade quadrangle, east-central Kentucky | Gordon Whitney Weir | 1974, GQ-1183","source_url":"https://pubs.usgs.gov/publication/gq1183","original_line_symbol":"Mn","polygon_pair_below_above":"Mb|Pg","contact_style":"CONTACT","contact_comments":"Newman Limestone","meaning":"Not interpreted as the target contact.","class_label":"AMBIGUOUS","confidence":"Not used"},"geometry":{"type":"MultiLineString","coordinates":[[[-83.6605,37.82789],[-83.66089,37.82825]],[[-83.65642,37.83089],[-83.65615,37.8311]],[[-83.65581,37.83128],[-83.65506,37.8314]],[[-83.65374,37.82301],[-83.65402,37.82336]],[[-83.65336,37.82253],[-83.65343,37.82259]],[[-83.65169,37.83211],[-83.6517,37.83249],[-83.6516,37.83273]],[[-83.65102,37.83281],[-83.65061,37.83263]],[[-83.63803,37.82186],[-83.63763,37.82181]],[[-83.63741,37.82145],[-83.63734,37.82095]]]}},{"type":"Feature","properties":{"quad":"Pomeroyton","gq_number":"1184","source_pub":"Geologic map of the Pomeroyton quadrangle, east-central Kentucky | Gordon Whitney Weir and Paul W. Richards | 1974, GQ-1184","source_url":"https://pubs.usgs.gov/publication/gq1184","original_line_symbol":"Mbna","polygon_pair_below_above":"Mb|Pg","contact_style":"SECONDARY","contact_comments":"Nada Member, Borden Formation","meaning":"Line coded Mbna, but the quadrangle legend was not verified as mapping the Nada/Renfro boundary; not used.","class_label":"AMBIGUOUS","confidence":"Not used"},"geometry":{"type":"MultiLineString","coordinates":[[[-83.62492,37.82272],[-83.62476,37.82291]],[[-83.62461,37.8231],[-83.62391,37.82372]],[[-83.62337,37.82621],[-83.62338,37.82647]],[[-83.62348,37.82408],[-83.62339,37.82424]],[[-83.62332,37.82683],[-83.62324,37.82705]],[[-83.62287,37.82539],[-83.62313,37.82548]],[[-83.6227,37.82849],[-83.62252,37.82867]],[[-83.61992,37.82943],[-83.6199,37.82982]],[[-83.61987,37.82995],[-83.61957,37.83011]],[[-83.61252,37.83335],[-83.61204,37.83325]],[[-83.61058,37.83076],[-83.61058,37.83034]],[[-83.60982,37.82917],[-83.60992,37.82852]],[[-83.60964,37.82767],[-83.60955,37.82725],[-83.60963,37.82695]],[[-83.60955,37.82692],[-83.60927,37.82672]],[[-83.60905,37.8267],[-83.6087,37.8269],[-83.60812,37.82703],[-83.60755,37.82731]],[[-83.60734,37.82736],[-83.60709,37.82739],[-83.60645,37.82726]],[[-83.60636,37.82728],[-83.60629,37.82762],[-83.60615,37.82776],[-83.60274,37.82934],[-83.60101,37.82961],[-83.60071,37.82941],[-83.60043,37.82878],[-83.60022,37.8278],[-83.6002,37.82711],[-83.59976,37.82658]],[[-83.59955,37.82603],[-83.59973,37.82594],[-83.60046,37.82598]],[[-83.59961,37.8251],[-83.5992,37.82506]],[[-83.59898,37.82461],[-83.59903,37.8228],[-83.59878,37.8217]],[[-83.59751,37.82064],[-83.59719,37.82022],[-83.59653,37.81968]],[[-83.5964,37.81968],[-83.59559,37.81978],[-83.59451,37.81927],[-83.59328,37.81914]]]}},{"type":"Feature","properties":{"quad":"Pomeroyton","gq_number":"1184","source_pub":"Geologic map of the Pomeroyton quadrangle, east-central Kentucky | Gordon Whitney Weir and Paul W. Richards | 1974, GQ-1184","source_url":"https://pubs.usgs.gov/publication/gq1184","original_line_symbol":"Mn","polygon_pair_below_above":"Mb|Pg","contact_style":"CONTACT","contact_comments":"Newman Limestone","meaning":"Not interpreted as the target contact.","class_label":"AMBIGUOUS","confidence":"Not used"},"geometry":{"type":"LineString","coordinates":[[-83.6246,37.81633],[-83.62441,37.81621],[-83.62422,37.81567],[-83.6245,37.8149]]}},{"type":"Feature","properties":{"quad":"Slade","gq_number":"1183","source_pub":"Geologic map of the Slade quadrangle, east-central Kentucky | Gordon Whitney Weir | 1974, GQ-1183","source_url":"https://pubs.usgs.gov/publication/gq1183","original_line_symbol":"Mbna","polygon_pair_below_above":"Mb|Pg","contact_style":"SECONDARY","contact_comments":"Nada Member, Borden Formation","meaning":"Line coded Mbna, but the quadrangle legend was not verified as mapping the Nada/Renfro boundary; not used.","class_label":"AMBIGUOUS","confidence":"Not used"},"geometry":{"type":"MultiLineString","coordinates":[[[-83.67037,37.81713],[-83.66992,37.81744]],[[-83.66868,37.81925],[-83.66888,37.81919]],[[-83.66672,37.81608],[-83.66653,37.81627]],[[-83.66626,37.81639],[-83.66609,37.81645]],[[-83.66451,37.82097],[-83.66375,37.82149]],[[-83.66039,37.82771],[-83.66106,37.82822]],[[-83.66121,37.82388],[-83.661,37.82446]],[[-83.65646,37.83102],[-83.65616,37.83127]],[[-83.65575,37.83141],[-83.65562,37.8315],[-83.65504,37.83154]],[[-83.65381,37.82286],[-83.6541,37.82322]],[[-83.65186,37.83215],[-83.65165,37.83286]],[[-83.65094,37.83293],[-83.65069,37.8328]]]}},{"type":"Feature","properties":{"quad":"Pomeroyton","gq_number":"1184","source_pub":"Geologic map of the Pomeroyton quadrangle, east-central Kentucky | Gordon Whitney Weir and Paul W. Richards | 1974, GQ-1184","source_url":"https://pubs.usgs.gov/publication/gq1184","original_line_symbol":"Mn","polygon_pair_below_above":"Mb|Pg","contact_style":"CONTACT","contact_comments":"Newman Limestone","meaning":"Not interpreted as the target contact.","class_label":"AMBIGUOUS","confidence":"Not used"},"geometry":{"type":"MultiLineString","coordinates":[[[-83.62488,37.82258],[-83.62404,37.82349],[-83.62375,37.82366]],[[-83.62333,37.82402],[-83.62321,37.82424]],[[-83.62317,37.82678],[-83.62309,37.82698]],[[-83.62282,37.82551],[-83.62296,37.82554]],[[-83.62257,37.8284],[-83.62231,37.82865]],[[-83.62237,37.82491],[-83.62217,37.82501]],[[-83.61977,37.82929],[-83.6197,37.8299],[-83.6196,37.82996]],[[-83.6125,37.83324],[-83.61229,37.83325],[-83.61213,37.83314]],[[-83.61074,37.83066],[-83.61076,37.83025]],[[-83.61008,37.8287],[-83.6101,37.82845]],[[-83.61001,37.82914],[-83.61006,37.82873]],[[-83.60979,37.82764],[-83.60968,37.82724],[-83.6098,37.82701]],[[-83.60948,37.82679],[-83.6094,37.82671]],[[-83.60901,37.8266],[-83.60861,37.82683],[-83.60817,37.82689]],[[-83.60813,37.82692],[-83.60748,37.82718]],[[-83.60716,37.82726],[-83.60649,37.82716]],[[-83.60623,37.82729],[-83.60613,37.82761],[-83.6027,37.82925],[-83.60123,37.8295],[-83.60101,37.82948],[-83.60077,37.82924],[-83.6004,37.82817],[-83.60032,37.82746]],[[-83.59974,37.82607],[-83.60074,37.82613]],[[-83.60029,37.82744],[-83.60032,37.82701],[-83.59983,37.82642]],[[-83.59954,37.82495],[-83.59941,37.82496]],[[-83.59915,37.82417],[-83.59922,37.82377]],[[-83.59914,37.82455],[-83.59917,37.82419]],[[-83.59919,37.82373],[-83.59911,37.8224],[-83.59887,37.82149],[-83.59868,37.82137]],[[-83.59774,37.82066],[-83.59736,37.8202],[-83.59691,37.81992],[-83.59664,37.81961]],[[-83.59654,37.81951],[-83.59618,37.81962],[-83.59559,37.81966],[-83.59439,37.81916],[-83.59313,37.81899]]]}},{"type":"Feature","properties":{"quad":"Slade","gq_number":"1183","source_pub":"Geologic map of the Slade quadrangle, east-central Kentucky | Gordon Whitney Weir | 1974, GQ-1183","source_url":"https://pubs.usgs.gov/publication/gq1183","original_line_symbol":"Mn","polygon_pair_below_above":"Mb|Pg","contact_style":"CONTACT","contact_comments":"Newman Limestone","meaning":"Not interpreted as the target contact.","class_label":"AMBIGUOUS","confidence":"Not used"},"geometry":{"type":"MultiLineString","coordinates":[[[-83.67026,37.81704],[-83.66982,37.81734]],[[-83.66662,37.81596],[-83.66646,37.81612]],[[-83.66614,37.81631],[-83.66594,37.81636]],[[-83.66424,37.82096],[-83.66361,37.82141]],[[-83.66111,37.82369],[-83.66106,37.82393]],[[-83.66097,37.82415],[-83.66088,37.82437]]]}},{"type":"Feature","properties":{"quad":"Pomeroyton","gq_number":"1184","source_pub":"Geologic map of the Pomeroyton quadrangle, east-central Kentucky | Gordon Whitney Weir and Paul W. Richards | 1974, GQ-1184","source_url":"https://pubs.usgs.gov/publication/gq1184","original_line_symbol":"Mn","polygon_pair_below_above":"Mb|Pg","contact_style":"CONTACT","contact_comments":"Newman Limestone","meaning":"Not interpreted as the target contact.","class_label":"AMBIGUOUS","confidence":"Not used"},"geometry":{"type":"MultiLineString","coordinates":[[[-83.62381,37.81325],[-83.62395,37.81278],[-83.62491,37.81226]],[[-83.6241,37.81395],[-83.62384,37.81345]]]}},{"type":"Feature","properties":{"quad":"Pomeroyton","gq_number":"1184","source_pub":"Geologic map of the Pomeroyton quadrangle, east-central Kentucky | Gordon Whitney Weir and Paul W. Richards | 1974, GQ-1184","source_url":"https://pubs.usgs.gov/publication/gq1184","original_line_symbol":"Mbna","polygon_pair_below_above":"Mb|Pg","contact_style":"SECONDARY","contact_comments":"Nada Member, Borden Formation","meaning":"Line coded Mbna, but the quadrangle legend was not verified as mapping the Nada/Renfro boundary; not used.","class_label":"AMBIGUOUS","confidence":"Not used"},"geometry":{"type":"MultiLineString","coordinates":[[[-83.62404,37.81416],[-83.62365,37.81333],[-83.62372,37.81294],[-83.62397,37.81265],[-83.62491,37.81213]],[[-83.6246,37.81652],[-83.6242,37.81618],[-83.62407,37.81576],[-83.62423,37.8151],[-83.62445,37.81476]]]}},{"type":"Feature","properties":{"quad":"Slade","gq_number":"1183","source_pub":"Geologic map of the Slade quadrangle, east-central Kentucky | Gordon Whitney Weir | 1974, GQ-1183","source_url":"https://pubs.usgs.gov/publication/gq1183","original_line_symbol":"Mbna","polygon_pair_below_above":"Mb|Pg","contact_style":"SECONDARY","contact_comments":"Nada Member, Borden Formation","meaning":"Line coded Mbna, but the quadrangle legend was not verified as mapping the Nada/Renfro boundary; not used.","class_label":"AMBIGUOUS","confidence":"Not used"},"geometry":{"type":"LineString","coordinates":[[-83.62491,37.81213],[-83.62537,37.81193],[-83.62586,37.81191]]}},{"type":"Feature","properties":{"quad":"Slade","gq_number":"1183","source_pub":"Geologic map of the Slade quadrangle, east-central Kentucky | Gordon Whitney Weir | 1974, GQ-1183","source_url":"https://pubs.usgs.gov/publication/gq1183","original_line_symbol":"Mn","polygon_pair_below_above":"Mb|Pg","contact_style":"CONTACT","contact_comments":"Newman Limestone","meaning":"Not interpreted as the target contact.","class_label":"AMBIGUOUS","confidence":"Not used"},"geometry":{"type":"LineString","coordinates":[[-83.62491,37.81226],[-83.62507,37.81213],[-83.62581,37.812]]}},{"type":"Feature","properties":{"quad":"Pomeroyton","gq_number":"1184","source_pub":"Geologic map of the Pomeroyton quadrangle, east-central Kentucky | Gordon Whitney Weir and Paul W. Richards | 1974, GQ-1184","source_url":"https://pubs.usgs.gov/publication/gq1184","original_line_symbol":"Mn","polygon_pair_below_above":"Mb|Pg","contact_style":"CONTACT","contact_comments":"Newman Limestone","meaning":"Not interpreted as the target contact.","class_label":"AMBIGUOUS","confidence":"Not used"},"geometry":{"type":"MultiLineString","coordinates":[[[-83.62185,37.81838],[-83.62266,37.8185],[-83.62348,37.81878],[-83.62411,37.81935],[-83.62491,37.81978]],[[-83.62184,37.81482],[-83.62174,37.81539]],[[-83.62067,37.81381],[-83.62094,37.814]],[[-83.62036,37.81693],[-83.6207,37.81708]],[[-83.62062,37.816],[-83.62015,37.8162]],[[-83.61939,37.8108],[-83.61972,37.8112],[-83.62023,37.81148],[-83.62022,37.81171]]]}},{"type":"Feature","properties":{"quad":"Pomeroyton","gq_number":"1184","source_pub":"Geologic map of the Pomeroyton quadrangle, east-central Kentucky | Gordon Whitney Weir and Paul W. Richards | 1974, GQ-1184","source_url":"https://pubs.usgs.gov/publication/gq1184","original_line_symbol":"Mn","polygon_pair_below_above":"Mb|Pg","contact_style":"CONTACT","contact_comments":"Newman Limestone","meaning":"Not interpreted as the target contact.","class_label":"AMBIGUOUS","confidence":"Not used"},"geometry":{"type":"MultiLineString","coordinates":[[[-83.62453,37.81165],[-83.62404,37.81167],[-83.62335,37.8119]],[[-83.62325,37.81196],[-83.6231,37.81202]],[[-83.62252,37.81203],[-83.62232,37.81156],[-83.62229,37.81121],[-83.62169,37.81049],[-83.62166,37.81026],[-83.62176,37.81018]]]}},{"type":"Feature","properties":{"quad":"Pomeroyton","gq_number":"1184","source_pub":"Geologic map of the Pomeroyton quadrangle, east-central Kentucky | Gordon Whitney Weir and Paul W. Richards | 1974, GQ-1184","source_url":"https://pubs.usgs.gov/publication/gq1184","original_line_symbol":"Mbna","polygon_pair_below_above":"Mb|Pg","contact_style":"SECONDARY","contact_comments":"Nada Member, Borden Formation","meaning":"Line coded Mbna, but the quadrangle legend was not verified as mapping the Nada/Renfro boundary; not used.","class_label":"AMBIGUOUS","confidence":"Not used"},"geometry":{"type":"MultiLineString","coordinates":[[[-83.62439,37.81177],[-83.62399,37.81182],[-83.62306,37.81216]],[[-83.62238,37.81207],[-83.62214,37.81118],[-83.62154,37.8105],[-83.62158,37.81014]]]}},{"type":"Feature","properties":{"quad":"Pomeroyton","gq_number":"1184","source_pub":"Geologic map of the Pomeroyton quadrangle, east-central Kentucky | Gordon Whitney Weir and Paul W. Richards | 1974, GQ-1184","source_url":"https://pubs.usgs.gov/publication/gq1184","original_line_symbol":"Mbna","polygon_pair_below_above":"Mb|Pg","contact_style":"SECONDARY","contact_comments":"Nada Member, Borden Formation","meaning":"Line coded Mbna, but the quadrangle legend was not verified as mapping the Nada/Renfro boundary; not used.","class_label":"AMBIGUOUS","confidence":"Not used"},"geometry":{"type":"MultiLineString","coordinates":[[[-83.62193,37.81825],[-83.62336,37.81861],[-83.62406,37.81917],[-83.62491,37.81967]],[[-83.62198,37.81473],[-83.62181,37.81554]],[[-83.62191,37.81439],[-83.62198,37.81455]],[[-83.62078,37.8137],[-83.62113,37.81395]],[[-83.6204,37.81682],[-83.62068,37.81691]],[[-83.6205,37.81618],[-83.62026,37.8163]],[[-83.61992,37.81114],[-83.62037,37.81145],[-83.62038,37.81171]],[[-83.61948,37.81067],[-83.61971,37.81098]]]}},{"type":"Feature","properties":{"quad":"Slade","gq_number":"1183","source_pub":"Geologic map of the Slade quadrangle, east-central Kentucky | Gordon Whitney Weir | 1974, GQ-1183","source_url":"https://pubs.usgs.gov/publication/gq1183","original_line_symbol":"Mn","polygon_pair_below_above":"Mb|Pg","contact_style":"CONTACT","contact_comments":"Newman Limestone","meaning":"Not interpreted as the target contact.","class_label":"AMBIGUOUS","confidence":"Not used"},"geometry":{"type":"MultiLineString","coordinates":[[[-83.69561,37.79773],[-83.6962,37.79771]],[[-83.69432,37.7972],[-83.69472,37.79748]],[[-83.69233,37.79618],[-83.69277,37.79623],[-83.69315,37.79643]]]}},{"type":"Feature","properties":{"quad":"Slade","gq_number":"1183","source_pub":"Geologic map of the Slade quadrangle, east-central Kentucky | Gordon Whitney Weir | 1974, GQ-1183","source_url":"https://pubs.usgs.gov/publication/gq1183","original_line_symbol":"Mbna","polygon_pair_below_above":"Mb|Pg","contact_style":"SECONDARY","contact_comments":"Nada Member, Borden Formation","meaning":"Line coded Mbna, but the quadrangle legend was not verified as mapping the Nada/Renfro boundary; not used.","class_label":"AMBIGUOUS","confidence":"Not used"},"geometry":{"type":"MultiLineString","coordinates":[[[-83.69566,37.79759],[-83.69645,37.79762]],[[-83.69435,37.79704],[-83.69484,37.79736]],[[-83.6923,37.79603],[-83.69275,37.79611],[-83.6933,37.79634]]]}},{"type":"Feature","properties":{"quad":"Slade","gq_number":"1183","source_pub":"Geologic map of the Slade quadrangle, east-central Kentucky | Gordon Whitney Weir | 1974, GQ-1183","source_url":"https://pubs.usgs.gov/publication/gq1183","original_line_symbol":"Mbna","polygon_pair_below_above":"Mb|Pg","contact_style":"SECONDARY","contact_comments":"Nada Member, Borden Formation","meaning":"Line coded Mbna, but the quadrangle legend was not verified as mapping the Nada/Renfro boundary; not used.","class_label":"AMBIGUOUS","confidence":"Not used"},"geometry":{"type":"MultiLineString","coordinates":[[[-83.69733,37.791],[-83.69735,37.79149]],[[-83.69536,37.79013],[-83.69549,37.79018]]]}},{"type":"Feature","properties":{"quad":"Slade","gq_number":"1183","source_pub":"Geologic map of the Slade quadrangle, east-central Kentucky | Gordon Whitney Weir | 1974, GQ-1183","source_url":"https://pubs.usgs.gov/publication/gq1183","original_line_symbol":"Mn","polygon_pair_below_above":"Mb|Pg","contact_style":"CONTACT","contact_comments":"Newman Limestone","meaning":"Not interpreted as the target contact.","class_label":"AMBIGUOUS","confidence":"Not used"},"geometry":{"type":"MultiLineString","coordinates":[[[-83.69717,37.79128],[-83.69717,37.79107]],[[-83.69534,37.79025],[-83.69515,37.79004],[-83.6949,37.78998],[-83.69384,37.79008]],[[-83.69293,37.79019],[-83.69279,37.79004]],[[-83.69042,37.78881],[-83.69074,37.78859]]]}},{"type":"Feature","properties":{"quad":"Slade","gq_number":"1183","source_pub":"Geologic map of the Slade quadrangle, east-central Kentucky | Gordon Whitney Weir | 1974, GQ-1183","source_url":"https://pubs.usgs.gov/publication/gq1183","original_line_symbol":"Mn","polygon_pair_below_above":"Mb|Pg","contact_style":"CONTACT","contact_comments":"Newman Limestone","meaning":"Not interpreted as the target contact.","class_label":"AMBIGUOUS","confidence":"Not used"},"geometry":{"type":"LineString","coordinates":[[-83.70846,37.79381],[-83.70815,37.79352],[-83.70799,37.79321]]}},{"type":"Feature","properties":{"quad":"Slade","gq_number":"1183","source_pub":"Geologic map of the Slade quadrangle, east-central Kentucky | Gordon Whitney Weir | 1974, GQ-1183","source_url":"https://pubs.usgs.gov/publication/gq1183","original_line_symbol":"Mn","polygon_pair_below_above":"Mb|Pg","contact_style":"CONTACT","contact_comments":"Newman Limestone","meaning":"Not interpreted as the target contact.","class_label":"AMBIGUOUS","confidence":"Not used"},"geometry":{"type":"MultiLineString","coordinates":[[[-83.67379,37.78346],[-83.67363,37.78336]],[[-83.67208,37.78375],[-83.67182,37.78402],[-83.67126,37.78406],[-83.6711,37.78417]]]}},{"type":"Feature","properties":{"quad":"Stanton","gq_number":"1182","source_pub":"Geologic map of the Stanton quadrangle, Powell and Estill Counties, Kentucky | Gordon Whitney Weir | 1974, GQ-1182","source_url":"https://pubs.usgs.gov/publication/gq1182","original_line_symbol":"Mbna","polygon_pair_below_above":"Mb|Pg","contact_style":"SECONDARY","contact_comments":"Nada Member, Borden Formation","meaning":"Line coded Mbna, but the quadrangle legend was not verified as mapping the Nada/Renfro boundary; not used.","class_label":"AMBIGUOUS","confidence":"Not used"},"geometry":{"type":"LineString","coordinates":[[-83.75203,37.7734],[-83.75178,37.77327],[-83.75153,37.77325]]}},{"type":"Feature","properties":{"quad":"Slade","gq_number":"1183","source_pub":"Geologic map of the Slade quadrangle, east-central Kentucky | Gordon Whitney Weir | 1974, GQ-1183","source_url":"https://pubs.usgs.gov/publication/gq1183","original_line_symbol":"Mbna","polygon_pair_below_above":"Mb|Pg","contact_style":"SECONDARY","contact_comments":"Nada Member, Borden Formation","meaning":"Line coded Mbna, but the quadrangle legend was not verified as mapping the Nada/Renfro boundary; not used.","class_label":"AMBIGUOUS","confidence":"Not used"},"geometry":{"type":"MultiLineString","coordinates":[[[-83.70851,37.79399],[-83.70805,37.79365],[-83.70781,37.79307]],[[-83.69851,37.78034],[-83.69811,37.77994]],[[-83.69742,37.77937],[-83.6966,37.77855]],[[-83.69705,37.78717],[-83.69698,37.78693]],[[-83.69605,37.77827],[-83.69594,37.77795]]]}},{"type":"Feature","properties":{"quad":"Stanton","gq_number":"1182","source_pub":"Geologic map of the Stanton quadrangle, Powell and Estill Counties, Kentucky | Gordon Whitney Weir | 1974, GQ-1182","source_url":"https://pubs.usgs.gov/publication/gq1182","original_line_symbol":"Mn","polygon_pair_below_above":"Mb|Pg","contact_style":"CONTACT","contact_comments":"Newman Limestone","meaning":"Not interpreted as the target contact.","class_label":"AMBIGUOUS","confidence":"Not used"},"geometry":{"type":"LineString","coordinates":[[-83.82234,37.7769],[-83.82199,37.77679]]}},{"type":"Feature","properties":{"quad":"Slade","gq_number":"1183","source_pub":"Geologic map of the Slade quadrangle, east-central Kentucky | Gordon Whitney Weir | 1974, GQ-1183","source_url":"https://pubs.usgs.gov/publication/gq1183","original_line_symbol":"Mn","polygon_pair_below_above":"Mb|Pg","contact_style":"CONTACT","contact_comments":"Newman Limestone","meaning":"Not interpreted as the target contact.","class_label":"AMBIGUOUS","confidence":"Not used"},"geometry":{"type":"MultiLineString","coordinates":[[[-83.69867,37.78028],[-83.69826,37.77987]],[[-83.69758,37.77933],[-83.69693,37.77861],[-83.69659,37.77842]],[[-83.69722,37.78714],[-83.69715,37.78696]]]}},{"type":"Feature","properties":{"quad":"Stanton","gq_number":"1182","source_pub":"Geologic map of the Stanton quadrangle, Powell and Estill Counties, Kentucky | Gordon Whitney Weir | 1974, GQ-1182","source_url":"https://pubs.usgs.gov/publication/gq1182","original_line_symbol":"Mn","polygon_pair_below_above":"Mb|Pg","contact_style":"CONTACT","contact_comments":"Newman Limestone","meaning":"Not interpreted as the target contact.","class_label":"AMBIGUOUS","confidence":"Not used"},"geometry":{"type":"LineString","coordinates":[[-83.77926,37.78234],[-83.77907,37.78251]]}},{"type":"Feature","properties":{"quad":"Slade","gq_number":"1183","source_pub":"Geologic map of the Slade quadrangle, east-central Kentucky | Gordon Whitney Weir | 1974, GQ-1183","source_url":"https://pubs.usgs.gov/publication/gq1183","original_line_symbol":"Mn","polygon_pair_below_above":"Mb|Pg","contact_style":"CONTACT","contact_comments":"Newman Limestone","meaning":"Not interpreted as the target contact.","class_label":"AMBIGUOUS","confidence":"Not used"},"geometry":{"type":"LineString","coordinates":[[-83.73803,37.7699],[-83.73782,37.76999]]}},{"type":"Feature","properties":{"quad":"Slade","gq_number":"1183","source_pub":"Geologic map of the Slade quadrangle, east-central Kentucky | Gordon Whitney Weir | 1974, GQ-1183","source_url":"https://pubs.usgs.gov/publication/gq1183","original_line_symbol":"Mbna","polygon_pair_below_above":"Mb|Pg","contact_style":"SECONDARY","contact_comments":"Nada Member, Borden Formation","meaning":"Line coded Mbna, but the quadrangle legend was not verified as mapping the Nada/Renfro boundary; not used.","class_label":"AMBIGUOUS","confidence":"Not used"},"geometry":{"type":"MultiLineString","coordinates":[[[-83.69382,37.78994],[-83.69507,37.78986],[-83.69525,37.78994],[-83.69536,37.79013]],[[-83.69283,37.78989],[-83.69311,37.79018]],[[-83.69088,37.78869],[-83.69051,37.78894]],[[-83.67365,37.78321],[-83.67389,37.78338]],[[-83.67096,37.78411],[-83.67119,37.78395],[-83.67173,37.78393],[-83.67196,37.78366]]]}},{"type":"Feature","properties":{"quad":"Irvine","gq_number":"1285","source_pub":"Geologic map of the Irvine quadrangle, Estill County, Kentucky | Harry P. Hoge, Perry Braswell Wigley, and Fred R. Shawe | 1976, GQ-1285","source_url":"https://pubs.usgs.gov/publication/gq1285","original_line_symbol":"Mn","polygon_pair_below_above":"Mb|Msla","contact_style":"CONTACT","contact_comments":"Newman Limestone","meaning":"Not interpreted as the target contact.","class_label":"AMBIGUOUS","confidence":"Not used"},"geometry":{"type":"MultiLineString","coordinates":[[[-83.96029,37.71734],[-83.96012,37.71742],[-83.96007,37.71785]],[[-83.96022,37.71787],[-83.96022,37.71766]]]}},{"type":"Feature","properties":{"quad":"Irvine","gq_number":"1285","source_pub":"Geologic map of the Irvine quadrangle, Estill County, Kentucky | Harry P. Hoge, Perry Braswell Wigley, and Fred R. Shawe | 1976, GQ-1285","source_url":"https://pubs.usgs.gov/publication/gq1285","original_line_symbol":"Mbna","polygon_pair_below_above":"Mb|Pg","contact_style":"SECONDARY","contact_comments":"Nada Member, Borden Formation","meaning":"Line coded Mbna, but the quadrangle legend was not verified as mapping the Nada/Renfro boundary; not used.","class_label":"AMBIGUOUS","confidence":"Not used"},"geometry":{"type":"MultiLineString","coordinates":[[[-83.96032,37.71789],[-83.96038,37.71775]],[[-83.96029,37.71719],[-83.95998,37.71737],[-83.95992,37.71763]]]}},{"type":"Feature","properties":{"quad":"Wildie","gq_number":"684","source_pub":"Geologic map of the Wildie quadrangle, Garrard and Rockcastle Counties, Kentucky | James Louis Gualtieri | 1968, GQ-684","source_url":"https://pubs.usgs.gov/publication/gq684","original_line_symbol":"Mbh","polygon_pair_below_above":"Mb|Mbr","contact_style":"CONTACT","contact_comments":"Halls Gap Member, Borden Formation","meaning":"Top of Halls Gap Member (Mbh) under Renfro; the Wildie (upper-Nada equivalent) is absent or unmapped here, so the target horizon may be missing or included in an adjacent unit.","class_label":"AMBIGUOUS","confidence":"Not used"},"geometry":{"type":"LineString","coordinates":[[-84.24994,37.49979],[-84.25034,37.50009]]}},{"type":"Feature","properties":{"quad":"Wildie","gq_number":"684","source_pub":"Geologic map of the Wildie quadrangle, Garrard and Rockcastle Counties, Kentucky | James Louis Gualtieri | 1968, GQ-684","source_url":"https://pubs.usgs.gov/publication/gq684","original_line_symbol":"Mbh","polygon_pair_below_above":"Mb|Mbr","contact_style":"CONTACT","contact_comments":"Halls Gap Member, Borden Formation","meaning":"Top of Halls Gap Member (Mbh) under Renfro; the Wildie (upper-Nada equivalent) is absent or unmapped here, so the target horizon may be missing or included in an adjacent unit.","class_label":"AMBIGUOUS","confidence":"Not used"},"geometry":{"type":"LineString","coordinates":[[-84.33042,37.50011],[-84.33066,37.49989],[-84.33228,37.49919],[-84.33333,37.49834],[-84.33363,37.49842],[-84.33403,37.49869],[-84.33408,37.49887],[-84.334,37.49895],[-84.33305,37.49932],[-84.33261,37.49978],[-84.33248,37.49984],[-84.33188,37.49983],[-84.33122,37.50011]]}},{"type":"Feature","properties":{"quad":"Wildie","gq_number":"684","source_pub":"Geologic map of the Wildie quadrangle, Garrard and Rockcastle Counties, Kentucky | James Louis Gualtieri | 1968, GQ-684","source_url":"https://pubs.usgs.gov/publication/gq684","original_line_symbol":"Mbh","polygon_pair_below_above":"Mb|Mbr","contact_style":"CONTACT","contact_comments":"Halls Gap Member, Borden Formation","meaning":"Top of Halls Gap Member (Mbh) under Renfro; the Wildie (upper-Nada equivalent) is absent or unmapped here, so the target horizon may be missing or included in an adjacent unit.","class_label":"AMBIGUOUS","confidence":"Not used"},"geometry":{"type":"LineString","coordinates":[[-84.33856,37.49806],[-84.33836,37.4976],[-84.33786,37.49748],[-84.338,37.49793],[-84.33839,37.4981],[-84.33856,37.49806]]}},{"type":"Feature","properties":{"quad":"Wildie","gq_number":"684","source_pub":"Geologic map of the Wildie quadrangle, Garrard and Rockcastle Counties, Kentucky | James Louis Gualtieri | 1968, GQ-684","source_url":"https://pubs.usgs.gov/publication/gq684","original_line_symbol":"Mbh","polygon_pair_below_above":"Mb|Mbr","contact_style":"CONTACT","contact_comments":"Halls Gap Member, Borden Formation","meaning":"Top of Halls Gap Member (Mbh) under Renfro; the Wildie (upper-Nada equivalent) is absent or unmapped here, so the target horizon may be missing or included in an adjacent unit.","class_label":"AMBIGUOUS","confidence":"Not used"},"geometry":{"type":"MultiLineString","coordinates":[[[-84.33684,37.49736],[-84.33698,37.49736]],[[-84.33698,37.49725],[-84.33682,37.49727]]]}},{"type":"Feature","properties":{"quad":"Wildie","gq_number":"684","source_pub":"Geologic map of the Wildie quadrangle, Garrard and Rockcastle Counties, Kentucky | James Louis Gualtieri | 1968, GQ-684","source_url":"https://pubs.usgs.gov/publication/gq684","original_line_symbol":"Mbh","polygon_pair_below_above":"Mb|Mbr","contact_style":"CONTACT","contact_comments":"Halls Gap Member, Borden Formation","meaning":"Top of Halls Gap Member (Mbh) under Renfro; the Wildie (upper-Nada equivalent) is absent or unmapped here, so the target horizon may be missing or included in an adjacent unit.","class_label":"AMBIGUOUS","confidence":"Not used"},"geometry":{"type":"LineString","coordinates":[[-84.33552,37.49647],[-84.33511,37.49601],[-84.33498,37.49597],[-84.334,37.49673],[-84.3329,37.49698],[-84.33287,37.49722],[-84.33328,37.49768],[-84.33375,37.49715],[-84.33421,37.49694],[-84.33518,37.49677],[-84.33537,37.49669],[-84.33552,37.49647]]}},{"type":"Feature","properties":{"quad":"Johnetta","gq_number":"685","source_pub":"Geologic map of the Johnetta quadrangle, Rockcastle and Jackson Counties, Kentucky | James Louis Gualtieri | 1968, GQ-685","source_url":"https://pubs.usgs.gov/publication/gq685","original_line_symbol":"Mbr","polygon_pair_below_above":"Mb|Msg","contact_style":"CONTACT","contact_comments":"Renfro Member of Slade Formation","meaning":"Not interpreted as the target contact.","class_label":"AMBIGUOUS","confidence":"Not used"},"geometry":{"type":"LineString","coordinates":[[-84.24967,37.49654],[-84.24954,37.49621]]}},{"type":"Feature","properties":{"quad":"Wildie","gq_number":"684","source_pub":"Geologic map of the Wildie quadrangle, Garrard and Rockcastle Counties, Kentucky | James Louis Gualtieri | 1968, GQ-684","source_url":"https://pubs.usgs.gov/publication/gq684","original_line_symbol":"Mbh","polygon_pair_below_above":"Mb|Mbr","contact_style":"CONTACT","contact_comments":"Halls Gap Member, Borden Formation","meaning":"Top of Halls Gap Member (Mbh) under Renfro; the Wildie (upper-Nada equivalent) is absent or unmapped here, so the target horizon may be missing or included in an adjacent unit.","class_label":"AMBIGUOUS","confidence":"Not used"},"geometry":{"type":"LineString","coordinates":[[-84.3349,37.49535],[-84.33482,37.49497],[-84.33456,37.49496],[-84.33448,37.49507],[-84.3347,37.49541],[-84.33486,37.49547],[-84.3349,37.49535]]}},{"type":"Feature","properties":{"quad":"Johnetta","gq_number":"685","source_pub":"Geologic map of the Johnetta quadrangle, Rockcastle and Jackson Counties, Kentucky | James Louis Gualtieri | 1968, GQ-685","source_url":"https://pubs.usgs.gov/publication/gq685","original_line_symbol":"Mbw","polygon_pair_below_above":"Mb|Msb","contact_style":"CONTACT","contact_comments":"Wildie Member, Borden Formation","meaning":"Not interpreted as the target contact.","class_label":"AMBIGUOUS","confidence":"Not used"},"geometry":{"type":"LineString","coordinates":[[-84.24941,37.4963],[-84.24949,37.49647]]}},{"type":"Feature","properties":{"quad":"Johnetta","gq_number":"685","source_pub":"Geologic map of the Johnetta quadrangle, Rockcastle and Jackson Counties, Kentucky | James Louis Gualtieri | 1968, GQ-685","source_url":"https://pubs.usgs.gov/publication/gq685","original_line_symbol":"Mbr","polygon_pair_below_above":"Mb|Msg","contact_style":"CONTACT","contact_comments":"Renfro Member of Slade Formation","meaning":"Not interpreted as the target contact.","class_label":"AMBIGUOUS","confidence":"Not used"},"geometry":{"type":"LineString","coordinates":[[-84.23349,37.49629],[-84.23318,37.49638]]}},{"type":"Feature","properties":{"quad":"Johnetta","gq_number":"685","source_pub":"Geologic map of the Johnetta quadrangle, Rockcastle and Jackson Counties, Kentucky | James Louis Gualtieri | 1968, GQ-685","source_url":"https://pubs.usgs.gov/publication/gq685","original_line_symbol":"Mbna","polygon_pair_below_above":"Mb|Msb","contact_style":"CONTACT","contact_comments":"Nada Member, Borden Formation","meaning":"Line coded Mbna, but the quadrangle legend was not verified as mapping the Nada/Renfro boundary; not used.","class_label":"AMBIGUOUS","confidence":"Not used"},"geometry":{"type":"MultiLineString","coordinates":[[[-84.23455,37.49443],[-84.23447,37.49451]],[[-84.23373,37.49633],[-84.23342,37.49644]]]}},{"type":"Feature","properties":{"quad":"Brodhead","gq_number":"662","source_pub":"Geologic map of the Brodhead quadrangle, east-central Kentucky | James Louis Gualtieri | 1967, GQ-662","source_url":"https://pubs.usgs.gov/publication/gq662","original_line_symbol":"Mbh","polygon_pair_below_above":"Mb|Mbr","contact_style":"CONTACT","contact_comments":"Halls Gap Member, Borden Formation","meaning":"Top of Halls Gap Member (Mbh) under Renfro; the Wildie (upper-Nada equivalent) is absent or unmapped here, so the target horizon may be missing or included in an adjacent unit.","class_label":"AMBIGUOUS","confidence":"Not used"},"geometry":{"type":"LineString","coordinates":[[-84.42519,37.49119],[-84.42546,37.49143],[-84.42546,37.49162],[-84.42527,37.49247],[-84.42504,37.49282],[-84.42492,37.49285],[-84.42494,37.49245],[-84.42468,37.49195],[-84.42507,37.49127]]}},{"type":"Feature","properties":{"quad":"Johnetta","gq_number":"685","source_pub":"Geologic map of the Johnetta quadrangle, Rockcastle and Jackson Counties, Kentucky | James Louis Gualtieri | 1968, GQ-685","source_url":"https://pubs.usgs.gov/publication/gq685","original_line_symbol":"Mbr","polygon_pair_below_above":"Mb|Msg","contact_style":"CONTACT","contact_comments":"Renfro Member of Slade Formation","meaning":"Not interpreted as the target contact.","class_label":"AMBIGUOUS","confidence":"Not used"},"geometry":{"type":"MultiLineString","coordinates":[[[-84.21879,37.49589],[-84.21793,37.4964]],[[-84.21703,37.49799],[-84.21748,37.49803],[-84.21808,37.49795]],[[-84.21749,37.49677],[-84.21732,37.49692]]]}},{"type":"Feature","properties":{"quad":"Brodhead","gq_number":"662","source_pub":"Geologic map of the Brodhead quadrangle, east-central Kentucky | James Louis Gualtieri | 1967, GQ-662","source_url":"https://pubs.usgs.gov/publication/gq662","original_line_symbol":"Mbh","polygon_pair_below_above":"Mb|Mbr","contact_style":"CONTACT","contact_comments":"Halls Gap Member, Borden Formation","meaning":"Top of Halls Gap Member (Mbh) under Renfro; the Wildie (upper-Nada equivalent) is absent or unmapped here, so the target horizon may be missing or included in an adjacent unit.","class_label":"AMBIGUOUS","confidence":"Not used"},"geometry":{"type":"LineString","coordinates":[[-84.42493,37.48888],[-84.42443,37.48812],[-84.42444,37.48719],[-84.42394,37.48671],[-84.42361,37.48664],[-84.42348,37.48691],[-84.42347,37.48772],[-84.42327,37.48814],[-84.42332,37.48893],[-84.42301,37.48917],[-84.42256,37.48926],[-84.42268,37.48964],[-84.42285,37.48974],[-84.42367,37.48952],[-84.42411,37.48961],[-84.4245,37.48982],[-84.42493,37.48888]]}},{"type":"Feature","properties":{"quad":"Johnetta","gq_number":"685","source_pub":"Geologic map of the Johnetta quadrangle, Rockcastle and Jackson Counties, Kentucky | James Louis Gualtieri | 1968, GQ-685","source_url":"https://pubs.usgs.gov/publication/gq685","original_line_symbol":"Mbw","polygon_pair_below_above":"Mb|Msb","contact_style":"CONTACT","contact_comments":"Wildie Member, Borden Formation","meaning":"Not interpreted as the target contact.","class_label":"AMBIGUOUS","confidence":"Not used"},"geometry":{"type":"MultiLineString","coordinates":[[[-84.24835,37.48655],[-84.24798,37.48666]],[[-84.24733,37.48688],[-84.24693,37.48709],[-84.2458,37.48742],[-84.2447,37.48758]],[[-84.24421,37.4875],[-84.24383,37.48754]],[[-84.23924,37.48778],[-84.23811,37.4876]],[[-84.23656,37.48744],[-84.2362,37.48741]],[[-84.23385,37.48655],[-84.23343,37.48632]]]}},{"type":"Feature","properties":{"quad":"Johnetta","gq_number":"685","source_pub":"Geologic map of the Johnetta quadrangle, Rockcastle and Jackson Counties, Kentucky | James Louis Gualtieri | 1968, GQ-685","source_url":"https://pubs.usgs.gov/publication/gq685","original_line_symbol":"Mbr","polygon_pair_below_above":"Mb|Msg","contact_style":"CONTACT","contact_comments":"Renfro Member of Slade Formation","meaning":"Not interpreted as the target contact.","class_label":"AMBIGUOUS","confidence":"Not used"},"geometry":{"type":"MultiLineString","coordinates":[[[-84.24824,37.48643],[-84.2481,37.48649]],[[-84.24718,37.4868],[-84.24671,37.48703],[-84.24531,37.48743],[-84.24481,37.48746]],[[-84.24423,37.48736],[-84.24375,37.48742]],[[-84.23933,37.48764],[-84.23833,37.48754]],[[-84.23648,37.48729],[-84.23624,37.48728]],[[-84.23379,37.48635],[-84.23334,37.48618]]]}},{"type":"Feature","properties":{"quad":"Brodhead","gq_number":"662","source_pub":"Geologic map of the Brodhead quadrangle, east-central Kentucky | James Louis Gualtieri | 1967, GQ-662","source_url":"https://pubs.usgs.gov/publication/gq662","original_line_symbol":"Mbh","polygon_pair_below_above":"Mb|Mbr","contact_style":"CONTACT","contact_comments":"Halls Gap Member, Borden Formation","meaning":"Top of Halls Gap Member (Mbh) under Renfro; the Wildie (upper-Nada equivalent) is absent or unmapped here, so the target horizon may be missing or included in an adjacent unit.","class_label":"AMBIGUOUS","confidence":"Not used"},"geometry":{"type":"LineString","coordinates":[[-84.42127,37.48884],[-84.42116,37.48863],[-84.42013,37.4878],[-84.41971,37.48793],[-84.4189,37.48835],[-84.41855,37.4884],[-84.41817,37.48823],[-84.41798,37.48796],[-84.41784,37.48739],[-84.41814,37.4863],[-84.41815,37.48583],[-84.41806,37.48553],[-84.41781,37.48546],[-84.41764,37.48551],[-84.41753,37.4858],[-84.41766,37.48644],[-84.41729,37.48819],[-84.41733,37.48842],[-84.41764,37.48855],[-84.41924,37.48859],[-84.41966,37.48871],[-84.42007,37.4891],[-84.42024,37.48949],[-84.42127,37.48884]]}},{"type":"Feature","properties":{"quad":"Brodhead","gq_number":"662","source_pub":"Geologic map of the Brodhead quadrangle, east-central Kentucky | James Louis Gualtieri | 1967, GQ-662","source_url":"https://pubs.usgs.gov/publication/gq662","original_line_symbol":"Mbh","polygon_pair_below_above":"Mb|Mbr","contact_style":"CONTACT","contact_comments":"Halls Gap Member, Borden Formation","meaning":"Top of Halls Gap Member (Mbh) under Renfro; the Wildie (upper-Nada equivalent) is absent or unmapped here, so the target horizon may be missing or included in an adjacent unit.","class_label":"AMBIGUOUS","confidence":"Not used"},"geometry":{"type":"LineString","coordinates":[[-84.42906,37.48557],[-84.42885,37.48532],[-84.42858,37.48545],[-84.42879,37.48562],[-84.42898,37.48564],[-84.42906,37.48557]]}},{"type":"Feature","properties":{"quad":"Brodhead","gq_number":"662","source_pub":"Geologic map of the Brodhead quadrangle, east-central Kentucky | James Louis Gualtieri | 1967, GQ-662","source_url":"https://pubs.usgs.gov/publication/gq662","original_line_symbol":"Mbh","polygon_pair_below_above":"Mb|Mbr","contact_style":"CONTACT","contact_comments":"Halls Gap Member, Borden Formation","meaning":"Top of Halls Gap Member (Mbh) under Renfro; the Wildie (upper-Nada equivalent) is absent or unmapped here, so the target horizon may be missing or included in an adjacent unit.","class_label":"AMBIGUOUS","confidence":"Not used"},"geometry":{"type":"LineString","coordinates":[[-84.42752,37.48542],[-84.42691,37.48596],[-84.42645,37.48604],[-84.42572,37.48633],[-84.42547,37.48615],[-84.42547,37.48591],[-84.42597,37.48509],[-84.4258,37.48465],[-84.42591,37.4845],[-84.4267,37.4846],[-84.42752,37.48542]]}},{"type":"Feature","properties":{"quad":"Brodhead","gq_number":"662","source_pub":"Geologic map of the Brodhead quadrangle, east-central Kentucky | James Louis Gualtieri | 1967, GQ-662","source_url":"https://pubs.usgs.gov/publication/gq662","original_line_symbol":"Mbh","polygon_pair_below_above":"Mb|Mbr","contact_style":"CONTACT","contact_comments":"Halls Gap Member, Borden Formation","meaning":"Top of Halls Gap Member (Mbh) under Renfro; the Wildie (upper-Nada equivalent) is absent or unmapped here, so the target horizon may be missing or included in an adjacent unit.","class_label":"AMBIGUOUS","confidence":"Not used"},"geometry":{"type":"LineString","coordinates":[[-84.41595,37.48883],[-84.41555,37.48859],[-84.41494,37.49002],[-84.41442,37.49092],[-84.41332,37.49211],[-84.41277,37.49229],[-84.41256,37.49211],[-84.41259,37.49141],[-84.41249,37.49104],[-84.41272,37.49046],[-84.41275,37.49006],[-84.41245,37.4898],[-84.41194,37.4896],[-84.41209,37.48902],[-84.41265,37.48855],[-84.41266,37.48846],[-84.41177,37.48865],[-84.41106,37.48811],[-84.41079,37.48876],[-84.41078,37.48921],[-84.41064,37.48941],[-84.41033,37.48935],[-84.40985,37.48897],[-84.40939,37.48893],[-84.40902,37.4888],[-84.4087,37.48855],[-84.40873,37.4881],[-84.4086,37.48751],[-84.40839,37.48716],[-84.40843,37.48699],[-84.40931,37.48627],[-84.40974,37.48553],[-84.41067,37.48495],[-84.4107,37.48473],[-84.41016,37.48476],[-84.40884,37.48557],[-84.40849,37.48574],[-84.40811,37.48579],[-84.40774,37.48566],[-84.40753,37.48545],[-84.4074,37.48504],[-84.40747,37.48464],[-84.40735,37.48445],[-84.40666,37.48451],[-84.40619,37.48492],[-84.40562,37.48508],[-84.40527,37.48502],[-84.40468,37.48468],[-84.40441,37.4849],[-84.40418,37.4853],[-84.40372,37.48554],[-84.40326,37.48556],[-84.40278,37.48527],[-84.40266,37.48528],[-84.40259,37.48592],[-84.40226,37.48636],[-84.40245,37.48653],[-84.40297,37.48653],[-84.40489,37.48601],[-84.40578,37.48598],[-84.40613,37.48622],[-84.4061,37.48678],[-84.40623,37.48696],[-84.40723,37.48695],[-84.40751,37.48712],[-84.40747,37.48761],[-84.40777,37.48847],[-84.40766,37.48915],[-84.40663,37.48927],[-84.40549,37.48977],[-84.40555,37.49004],[-84.40605,37.49019],[-84.40627,37.49046],[-84.40627,37.49139],[-84.40601,37.49212],[-84.40589,37.49287],[-84.40555,37.49315],[-84.40525,37.49325],[-84.40483,37.4933],[-84.40418,37.49316],[-84.40408,37.49327],[-84.40404,37.49369],[-84.40481,37.49364],[-84.40538,37.49376],[-84.4058,37.49349],[-84.40675,37.4934],[-84.40698,37.49306],[-84.40683,37.4922],[-84.40737,37.49106],[-84.40755,37.49007],[-84.40842,37.48972],[-84.40898,37.48966],[-84.40927,37.48974],[-84.40955,37.48992],[-84.41,37.49047],[-84.41081,37.4908],[-84.41123,37.49154],[-84.41133,37.492],[-84.41118,37.49232],[-84.41098,37.49243],[-84.41021,37.49238],[-84.41008,37.49265],[-84.41013,37.49291],[-84.41031,37.49304],[-84.41141,37.49335],[-84.4117,37.49358],[-84.41179,37.4938],[-84.4116,37.49426],[-84.41069,37.49487],[-84.41037,37.49525],[-84.40962,37.49551],[-84.40963,37.4957],[-84.40995,37.49582],[-84.41049,37.49579],[-84.41128,37.49537],[-84.41229,37.49511],[-84.41267,37.49513],[-84.41289,37.49529],[-84.41302,37.49568],[-84.41246,37.49692],[-84.41261,37.49715],[-84.41304,37.49711],[-84.41389,37.4966],[-84.4145,37.49675],[-84.41472,37.49717],[-84.41492,37.49728],[-84.41525,37.49725],[-84.41552,37.49709],[-84.41553,37.49694],[-84.41531,37.49659],[-84.41529,37.49581],[-84.41488,37.49508],[-84.41417,37.49511],[-84.41378,37.49496],[-84.41322,37.4946],[-84.41315,37.49427],[-84.41319,37.49402],[-84.41358,37.49331],[-84.41338,37.49297],[-84.41361,37.49223],[-84.41431,37.49141],[-84.41516,37.49121],[-84.41532,37.49109],[-84.41563,37.49028],[-84.41537,37.48999],[-84.41541,37.48961],[-84.41558,37.48923],[-84.41595,37.48883]]}},{"type":"Feature","properties":{"quad":"Wildie","gq_number":"684","source_pub":"Geologic map of the Wildie quadrangle, Garrard and Rockcastle Counties, Kentucky | James Louis Gualtieri | 1968, GQ-684","source_url":"https://pubs.usgs.gov/publication/gq684","original_line_symbol":"Mbh","polygon_pair_below_above":"Mb|Mbr","contact_style":"CONTACT","contact_comments":"Halls Gap Member, Borden Formation","meaning":"Top of Halls Gap Member (Mbh) under Renfro; the Wildie (upper-Nada equivalent) is absent or unmapped here, so the target horizon may be missing or included in an adjacent unit.","class_label":"AMBIGUOUS","confidence":"Not used"},"geometry":{"type":"LineString","coordinates":[[-84.35503,37.48432],[-84.35499,37.48448],[-84.35487,37.48451],[-84.35383,37.48437],[-84.35393,37.48421],[-84.35447,37.48408],[-84.35486,37.48414],[-84.35503,37.48432]]}},{"type":"Feature","properties":{"quad":"Johnetta","gq_number":"685","source_pub":"Geologic map of the Johnetta quadrangle, Rockcastle and Jackson Counties, Kentucky | James Louis Gualtieri | 1968, GQ-685","source_url":"https://pubs.usgs.gov/publication/gq685","original_line_symbol":"Mbna","polygon_pair_below_above":"Mb|Msb","contact_style":"CONTACT","contact_comments":"Nada Member, Borden Formation","meaning":"Line coded Mbna, but the quadrangle legend was not verified as mapping the Nada/Renfro boundary; not used.","class_label":"AMBIGUOUS","confidence":"Not used"},"geometry":{"type":"MultiLineString","coordinates":[[[-84.22215,37.48642],[-84.22194,37.48634]],[[-84.22166,37.48812],[-84.22118,37.48817]],[[-84.22052,37.48815],[-84.2202,37.48816]],[[-84.22,37.48811],[-84.21976,37.48812]],[[-84.219,37.4959],[-84.21808,37.49649]],[[-84.21701,37.49784],[-84.21777,37.49791],[-84.21795,37.49785]],[[-84.21761,37.49685],[-84.21737,37.49708]]]}},{"type":"Feature","properties":{"quad":"Johnetta","gq_number":"685","source_pub":"Geologic map of the Johnetta quadrangle, Rockcastle and Jackson Counties, Kentucky | James Louis Gualtieri | 1968, GQ-685","source_url":"https://pubs.usgs.gov/publication/gq685","original_line_symbol":"Mbr","polygon_pair_below_above":"Mb|Msg","contact_style":"CONTACT","contact_comments":"Renfro Member of Slade Formation","meaning":"Not interpreted as the target contact.","class_label":"AMBIGUOUS","confidence":"Not used"},"geometry":{"type":"MultiLineString","coordinates":[[[-84.22225,37.4863],[-84.222,37.48623]],[[-84.22162,37.48797],[-84.22122,37.48804]],[[-84.22053,37.48804],[-84.22036,37.48804]],[[-84.22012,37.48798],[-84.21982,37.48798]]]}},{"type":"Feature","properties":{"quad":"Brodhead","gq_number":"662","source_pub":"Geologic map of the Brodhead quadrangle, east-central Kentucky | James Louis Gualtieri | 1967, GQ-662","source_url":"https://pubs.usgs.gov/publication/gq662","original_line_symbol":"Mbh","polygon_pair_below_above":"Mb|Mbr","contact_style":"CONTACT","contact_comments":"Halls Gap Member, Borden Formation","meaning":"Top of Halls Gap Member (Mbh) under Renfro; the Wildie (upper-Nada equivalent) is absent or unmapped here, so the target horizon may be missing or included in an adjacent unit.","class_label":"AMBIGUOUS","confidence":"Not used"},"geometry":{"type":"LineString","coordinates":[[-84.41886,37.48296],[-84.41828,37.4839],[-84.41798,37.48402],[-84.41778,37.484],[-84.4178,37.48379],[-84.41818,37.48342],[-84.41853,37.48284],[-84.41878,37.48278],[-84.41886,37.48296]]}},{"type":"Feature","properties":{"quad":"Brodhead","gq_number":"662","source_pub":"Geologic map of the Brodhead quadrangle, east-central Kentucky | James Louis Gualtieri | 1967, GQ-662","source_url":"https://pubs.usgs.gov/publication/gq662","original_line_symbol":"Mbh","polygon_pair_below_above":"Mb|Mbr","contact_style":"CONTACT","contact_comments":"Halls Gap Member, Borden Formation","meaning":"Top of Halls Gap Member (Mbh) under Renfro; the Wildie (upper-Nada equivalent) is absent or unmapped here, so the target horizon may be missing or included in an adjacent unit.","class_label":"AMBIGUOUS","confidence":"Not used"},"geometry":{"type":"LineString","coordinates":[[-84.4123,37.4832],[-84.4122,37.48276],[-84.41192,37.48238],[-84.41156,37.48222],[-84.41129,37.48229],[-84.41113,37.48261],[-84.4116,37.48324],[-84.41169,37.48385],[-84.41192,37.48385],[-84.4121,37.48372],[-84.4123,37.4832]]}},{"type":"Feature","properties":{"quad":"Brodhead","gq_number":"662","source_pub":"Geologic map of the Brodhead quadrangle, east-central Kentucky | James Louis Gualtieri | 1967, GQ-662","source_url":"https://pubs.usgs.gov/publication/gq662","original_line_symbol":"Mbh","polygon_pair_below_above":"Mb|Mbr","contact_style":"CONTACT","contact_comments":"Halls Gap Member, Borden Formation","meaning":"Top of Halls Gap Member (Mbh) under Renfro; the Wildie (upper-Nada equivalent) is absent or unmapped here, so the target horizon may be missing or included in an adjacent unit.","class_label":"AMBIGUOUS","confidence":"Not used"},"geometry":{"type":"LineString","coordinates":[[-84.42717,37.48228],[-84.42711,37.48247],[-84.42733,37.48281],[-84.42752,37.48277],[-84.42778,37.48239]]}},{"type":"Feature","properties":{"quad":"Brodhead","gq_number":"662","source_pub":"Geologic map of the Brodhead quadrangle, east-central Kentucky | James Louis Gualtieri | 1967, GQ-662","source_url":"https://pubs.usgs.gov/publication/gq662","original_line_symbol":"Mbh","polygon_pair_below_above":"Mb|Mbr","contact_style":"CONTACT","contact_comments":"Halls Gap Member, Borden Formation","meaning":"Top of Halls Gap Member (Mbh) under Renfro; the Wildie (upper-Nada equivalent) is absent or unmapped here, so the target horizon may be missing or included in an adjacent unit.","class_label":"AMBIGUOUS","confidence":"Not used"},"geometry":{"type":"MultiLineString","coordinates":[[[-84.42788,37.48213],[-84.42717,37.48228]],[[-84.42778,37.48239],[-84.42787,37.48222]]]}},{"type":"Feature","properties":{"quad":"Brodhead","gq_number":"662","source_pub":"Geologic map of the Brodhead quadrangle, east-central Kentucky | James Louis Gualtieri | 1967, GQ-662","source_url":"https://pubs.usgs.gov/publication/gq662","original_line_symbol":"Mbh","polygon_pair_below_above":"Mb|Mbr","contact_style":"CONTACT","contact_comments":"Halls Gap Member, Borden Formation","meaning":"Top of Halls Gap Member (Mbh) under Renfro; the Wildie (upper-Nada equivalent) is absent or unmapped here, so the target horizon may be missing or included in an adjacent unit.","class_label":"AMBIGUOUS","confidence":"Not used"},"geometry":{"type":"MultiLineString","coordinates":[[[-84.43138,37.48112],[-84.43142,37.48113]],[[-84.43141,37.48131],[-84.43133,37.48131]]]}},{"type":"Feature","properties":{"quad":"Wildie","gq_number":"684","source_pub":"Geologic map of the Wildie quadrangle, Garrard and Rockcastle Counties, Kentucky | James Louis Gualtieri | 1968, GQ-684","source_url":"https://pubs.usgs.gov/publication/gq684","original_line_symbol":"Mbw","polygon_pair_below_above":"Mb|Msla","contact_style":"CONTACT","contact_comments":"Wildie Member, Borden Formation","meaning":"Not interpreted as the target contact.","class_label":"AMBIGUOUS","confidence":"Not used"},"geometry":{"type":"LineString","coordinates":[[-84.29316,37.50001],[-84.29327,37.50011]]}},{"type":"Feature","properties":{"quad":"Brodhead","gq_number":"662","source_pub":"Geologic map of the Brodhead quadrangle, east-central Kentucky | James Louis Gualtieri | 1967, GQ-662","source_url":"https://pubs.usgs.gov/publication/gq662","original_line_symbol":"Mbh","polygon_pair_below_above":"Mb|Mbr","contact_style":"CONTACT","contact_comments":"Halls Gap Member, Borden Formation","meaning":"Top of Halls Gap Member (Mbh) under Renfro; the Wildie (upper-Nada equivalent) is absent or unmapped here, so the target horizon may be missing or included in an adjacent unit.","class_label":"AMBIGUOUS","confidence":"Not used"},"geometry":{"type":"LineString","coordinates":[[-84.42663,37.4804],[-84.42651,37.4806],[-84.42638,37.48062],[-84.42614,37.48048],[-84.42607,37.48032],[-84.4262,37.47975],[-84.42588,37.47931],[-84.42592,37.47922],[-84.42616,37.47917],[-84.42648,37.47925],[-84.42643,37.47981],[-84.42663,37.4804]]}},{"type":"Feature","properties":{"quad":"Brodhead","gq_number":"662","source_pub":"Geologic map of the Brodhead quadrangle, east-central Kentucky | James Louis Gualtieri | 1967, GQ-662","source_url":"https://pubs.usgs.gov/publication/gq662","original_line_symbol":"Mbh","polygon_pair_below_above":"Mb|Mbr","contact_style":"CONTACT","contact_comments":"Halls Gap Member, Borden Formation","meaning":"Top of Halls Gap Member (Mbh) under Renfro; the Wildie (upper-Nada equivalent) is absent or unmapped here, so the target horizon may be missing or included in an adjacent unit.","class_label":"AMBIGUOUS","confidence":"Not used"},"geometry":{"type":"LineString","coordinates":[[-84.43727,37.47893],[-84.4372,37.47957],[-84.43743,37.47982],[-84.43784,37.48003],[-84.43774,37.47932],[-84.43741,37.47882]]}},{"type":"Feature","properties":{"quad":"Wildie","gq_number":"684","source_pub":"Geologic map of the Wildie quadrangle, Garrard and Rockcastle Counties, Kentucky | James Louis Gualtieri | 1968, GQ-684","source_url":"https://pubs.usgs.gov/publication/gq684","original_line_symbol":"Mbh","polygon_pair_below_above":"Mb|Mbr","contact_style":"CONTACT","contact_comments":"Halls Gap Member, Borden Formation","meaning":"Top of Halls Gap Member (Mbh) under Renfro; the Wildie (upper-Nada equivalent) is absent or unmapped here, so the target horizon may be missing or included in an adjacent unit.","class_label":"AMBIGUOUS","confidence":"Not used"},"geometry":{"type":"LineString","coordinates":[[-84.35153,37.47897],[-84.35131,37.47903],[-84.35017,37.47874],[-84.34908,37.47884],[-84.34896,37.47876],[-84.34898,37.47781],[-84.34907,37.47769],[-84.34977,37.4777],[-84.35017,37.47795],[-84.35057,37.47805],[-84.35132,37.47791],[-84.35142,37.47801],[-84.35153,37.47897]]}},{"type":"Feature","properties":{"quad":"Brodhead","gq_number":"662","source_pub":"Geologic map of the Brodhead quadrangle, east-central Kentucky | James Louis Gualtieri | 1967, GQ-662","source_url":"https://pubs.usgs.gov/publication/gq662","original_line_symbol":"Mbh","polygon_pair_below_above":"Mb|Mbr","contact_style":"CONTACT","contact_comments":"Halls Gap Member, Borden Formation","meaning":"Top of Halls Gap Member (Mbh) under Renfro; the Wildie (upper-Nada equivalent) is absent or unmapped here, so the target horizon may be missing or included in an adjacent unit.","class_label":"AMBIGUOUS","confidence":"Not used"},"geometry":{"type":"LineString","coordinates":[[-84.43542,37.47767],[-84.43517,37.47747],[-84.43472,37.47743],[-84.43469,37.47749],[-84.43483,37.47767],[-84.43506,37.47775],[-84.43528,37.4778],[-84.43542,37.47767]]}},{"type":"Feature","properties":{"quad":"Brodhead","gq_number":"662","source_pub":"Geologic map of the Brodhead quadrangle, east-central Kentucky | James Louis Gualtieri | 1967, GQ-662","source_url":"https://pubs.usgs.gov/publication/gq662","original_line_symbol":"Mbh","polygon_pair_below_above":"Mb|Mbr","contact_style":"CONTACT","contact_comments":"Halls Gap Member, Borden Formation","meaning":"Top of Halls Gap Member (Mbh) under Renfro; the Wildie (upper-Nada equivalent) is absent or unmapped here, so the target horizon may be missing or included in an adjacent unit.","class_label":"AMBIGUOUS","confidence":"Not used"},"geometry":{"type":"LineString","coordinates":[[-84.44376,37.47611],[-84.44363,37.47629],[-84.44334,37.47632],[-84.44311,37.47614],[-84.44337,37.47603],[-84.44376,37.47611]]}},{"type":"Feature","properties":{"quad":"Brodhead","gq_number":"662","source_pub":"Geologic map of the Brodhead quadrangle, east-central Kentucky | James Louis Gualtieri | 1967, GQ-662","source_url":"https://pubs.usgs.gov/publication/gq662","original_line_symbol":"Mbh","polygon_pair_below_above":"Mb|Mbr","contact_style":"CONTACT","contact_comments":"Halls Gap Member, Borden Formation","meaning":"Top of Halls Gap Member (Mbh) under Renfro; the Wildie (upper-Nada equivalent) is absent or unmapped here, so the target horizon may be missing or included in an adjacent unit.","class_label":"AMBIGUOUS","confidence":"Not used"},"geometry":{"type":"LineString","coordinates":[[-84.38852,37.47619],[-84.38856,37.4762]]}},{"type":"Feature","properties":{"quad":"Brodhead","gq_number":"662","source_pub":"Geologic map of the Brodhead quadrangle, east-central Kentucky | James Louis Gualtieri | 1967, GQ-662","source_url":"https://pubs.usgs.gov/publication/gq662","original_line_symbol":"Mbh","polygon_pair_below_above":"Mb|Mbr","contact_style":"CONTACT","contact_comments":"Halls Gap Member, Borden Formation","meaning":"Top of Halls Gap Member (Mbh) under Renfro; the Wildie (upper-Nada equivalent) is absent or unmapped here, so the target horizon may be missing or included in an adjacent unit.","class_label":"AMBIGUOUS","confidence":"Not used"},"geometry":{"type":"MultiLineString","coordinates":[[[-84.39962,37.48695],[-84.39969,37.48694]],[[-84.39964,37.48677],[-84.39949,37.4863],[-84.39964,37.48574],[-84.39894,37.48569],[-84.39799,37.4862],[-84.39762,37.48624],[-84.39721,37.48581],[-84.39647,37.48554],[-84.39631,37.48538],[-84.39616,37.48487],[-84.39623,37.4844],[-84.3961,37.48418],[-84.39576,37.48406],[-84.39551,37.48379],[-84.39516,37.48375],[-84.39498,37.48359],[-84.39501,37.48322],[-84.39571,37.48207],[-84.39712,37.48214],[-84.3974,37.48208],[-84.39761,37.48192],[-84.39762,37.48167],[-84.39746,37.48139],[-84.39705,37.48103],[-84.39653,37.48079],[-84.39655,37.48064],[-84.39755,37.47999],[-84.39872,37.47992],[-84.3989,37.47978],[-84.3989,37.47943],[-84.3985,37.47894],[-84.39799,37.4789],[-84.3976,37.47874],[-84.39706,37.47897],[-84.39688,37.47895],[-84.39546,37.4779],[-84.39511,37.47775],[-84.39513,37.47754],[-84.39627,37.47662]],[[-84.39415,37.47623],[-84.39397,37.47649],[-84.39415,37.47714],[-84.39399,37.4775],[-84.39397,37.47813],[-84.39372,37.47827],[-84.3932,37.47833],[-84.3922,37.47861],[-84.39193,37.47852],[-84.39151,37.47792],[-84.39101,37.47785],[-84.39044,37.47837],[-84.39023,37.47851],[-84.38999,37.47853],[-84.3888,37.47799],[-84.38863,37.47801],[-84.3886,37.47819],[-84.38926,37.47921],[-84.38924,37.4796],[-84.38897,37.47997],[-84.38898,37.48013],[-84.3891,37.4802],[-84.38971,37.48004],[-84.39111,37.47914],[-84.39125,37.47915],[-84.39176,37.47958],[-84.39337,37.47923],[-84.39439,37.47935],[-84.39533,37.4793],[-84.39528,37.4797],[-84.39483,37.48007],[-84.39466,37.48047],[-84.394,37.48064],[-84.39364,37.48091],[-84.39363,37.48109],[-84.39389,37.48134],[-84.39408,37.4818],[-84.39387,37.48206],[-84.39325,37.48228],[-84.39315,37.48283],[-84.39301,37.48285],[-84.39243,37.48261],[-84.39202,37.48267],[-84.39157,37.48259],[-84.39138,37.48269],[-84.39149,37.48318],[-84.39287,37.48429],[-84.39251,37.48483],[-84.39226,37.48503],[-84.39227,37.48514],[-84.39261,37.48524],[-84.3931,37.48519],[-84.39367,37.48458],[-84.39443,37.48481],[-84.39494,37.48484],[-84.39542,37.48521],[-84.39601,37.48615],[-84.39662,37.4864],[-84.39694,37.48683],[-84.39771,37.48672],[-84.39833,37.48647],[-84.39871,37.48646],[-84.39941,37.48675]]]}},{"type":"Feature","properties":{"quad":"Brodhead","gq_number":"662","source_pub":"Geologic map of the Brodhead quadrangle, east-central Kentucky | James Louis Gualtieri | 1967, GQ-662","source_url":"https://pubs.usgs.gov/publication/gq662","original_line_symbol":"Mbh","polygon_pair_below_above":"Mb|Mbr","contact_style":"CONTACT","contact_comments":"Halls Gap Member, Borden Formation","meaning":"Top of Halls Gap Member (Mbh) under Renfro; the Wildie (upper-Nada equivalent) is absent or unmapped here, so the target horizon may be missing or included in an adjacent unit.","class_label":"AMBIGUOUS","confidence":"Not used"},"geometry":{"type":"LineString","coordinates":[[-84.39627,37.47662],[-84.39685,37.47618],[-84.39695,37.47594],[-84.39684,37.4757],[-84.39653,37.47571],[-84.39609,37.47587],[-84.39546,37.47635],[-84.39525,37.4764],[-84.39489,37.47635],[-84.39438,37.47613],[-84.39415,37.47623]]}},{"type":"Feature","properties":{"quad":"Wildie","gq_number":"684","source_pub":"Geologic map of the Wildie quadrangle, Garrard and Rockcastle Counties, Kentucky | James Louis Gualtieri | 1968, GQ-684","source_url":"https://pubs.usgs.gov/publication/gq684","original_line_symbol":"Mbh","polygon_pair_below_above":"Mb|Mbr","contact_style":"CONTACT","contact_comments":"Halls Gap Member, Borden Formation","meaning":"Top of Halls Gap Member (Mbh) under Renfro; the Wildie (upper-Nada equivalent) is absent or unmapped here, so the target horizon may be missing or included in an adjacent unit.","class_label":"AMBIGUOUS","confidence":"Not used"},"geometry":{"type":"MultiLineString","coordinates":[[[-84.35244,37.47707],[-84.35305,37.47661],[-84.35353,37.47585],[-84.35484,37.47502],[-84.35489,37.47486],[-84.35479,37.47479],[-84.35391,37.47453],[-84.35383,37.47516],[-84.35308,37.4759],[-84.35279,37.47645],[-84.35231,37.477]],[[-84.35225,37.47713],[-84.3523,37.47715]]]}},{"type":"Feature","properties":{"quad":"Brodhead","gq_number":"662","source_pub":"Geologic map of the Brodhead quadrangle, east-central Kentucky | James Louis Gualtieri | 1967, GQ-662","source_url":"https://pubs.usgs.gov/publication/gq662","original_line_symbol":"Mbh","polygon_pair_below_above":"Mb|Mbr","contact_style":"CONTACT","contact_comments":"Halls Gap Member, Borden Formation","meaning":"Top of Halls Gap Member (Mbh) under Renfro; the Wildie (upper-Nada equivalent) is absent or unmapped here, so the target horizon may be missing or included in an adjacent unit.","class_label":"AMBIGUOUS","confidence":"Not used"},"geometry":{"type":"LineString","coordinates":[[-84.41024,37.4739],[-84.41017,37.47417],[-84.41003,37.47426],[-84.40952,37.47433],[-84.40924,37.47422],[-84.40922,37.47404],[-84.40942,37.47393],[-84.41014,37.47383],[-84.41024,37.4739]]}},{"type":"Feature","properties":{"quad":"Johnetta","gq_number":"685","source_pub":"Geologic map of the Johnetta quadrangle, Rockcastle and Jackson Counties, Kentucky | James Louis Gualtieri | 1968, GQ-685","source_url":"https://pubs.usgs.gov/publication/gq685","original_line_symbol":"Mbr","polygon_pair_below_above":"Mb|Msg","contact_style":"CONTACT","contact_comments":"Renfro Member of Slade Formation","meaning":"Not interpreted as the target contact.","class_label":"AMBIGUOUS","confidence":"Not used"},"geometry":{"type":"LineString","coordinates":[[-84.24112,37.47422],[-84.24159,37.47435]]}},{"type":"Feature","properties":{"quad":"Johnetta","gq_number":"685","source_pub":"Geologic map of the Johnetta quadrangle, Rockcastle and Jackson Counties, Kentucky | James Louis Gualtieri | 1968, GQ-685","source_url":"https://pubs.usgs.gov/publication/gq685","original_line_symbol":"Mbw","polygon_pair_below_above":"Mb|Msb","contact_style":"CONTACT","contact_comments":"Wildie Member, Borden Formation","meaning":"Not interpreted as the target contact.","class_label":"AMBIGUOUS","confidence":"Not used"},"geometry":{"type":"LineString","coordinates":[[-84.24161,37.47421],[-84.2412,37.47411]]}},{"type":"Feature","properties":{"quad":"Wildie","gq_number":"684","source_pub":"Geologic map of the Wildie quadrangle, Garrard and Rockcastle Counties, Kentucky | James Louis Gualtieri | 1968, GQ-684","source_url":"https://pubs.usgs.gov/publication/gq684","original_line_symbol":"Mbh","polygon_pair_below_above":"Mb|Mbr","contact_style":"CONTACT","contact_comments":"Halls Gap Member, Borden Formation","meaning":"Top of Halls Gap Member (Mbh) under Renfro; the Wildie (upper-Nada equivalent) is absent or unmapped here, so the target horizon may be missing or included in an adjacent unit.","class_label":"AMBIGUOUS","confidence":"Not used"},"geometry":{"type":"LineString","coordinates":[[-84.35428,37.47307],[-84.35418,37.47289],[-84.35394,37.47285],[-84.3535,37.47311],[-84.35299,37.47311],[-84.35273,37.4734],[-84.35269,37.47369],[-84.35331,37.47405],[-84.35372,37.47446],[-84.35392,37.47438],[-84.35399,37.47408],[-84.35373,37.47337],[-84.35428,37.47307]]}},{"type":"Feature","properties":{"quad":"Brodhead","gq_number":"662","source_pub":"Geologic map of the Brodhead quadrangle, east-central Kentucky | James Louis Gualtieri | 1967, GQ-662","source_url":"https://pubs.usgs.gov/publication/gq662","original_line_symbol":"Mbh","polygon_pair_below_above":"Mb|Mbr","contact_style":"CONTACT","contact_comments":"Halls Gap Member, Borden Formation","meaning":"Top of Halls Gap Member (Mbh) under Renfro; the Wildie (upper-Nada equivalent) is absent or unmapped here, so the target horizon may be missing or included in an adjacent unit.","class_label":"AMBIGUOUS","confidence":"Not used"},"geometry":{"type":"LineString","coordinates":[[-84.39552,37.47231],[-84.39539,37.47222],[-84.39516,37.47225],[-84.39512,37.47249],[-84.39539,37.47247],[-84.39552,37.47231]]}},{"type":"Feature","properties":{"quad":"Johnetta","gq_number":"685","source_pub":"Geologic map of the Johnetta quadrangle, Rockcastle and Jackson Counties, Kentucky | James Louis Gualtieri | 1968, GQ-685","source_url":"https://pubs.usgs.gov/publication/gq685","original_line_symbol":"Mbr","polygon_pair_below_above":"Mb|Msg","contact_style":"CONTACT","contact_comments":"Renfro Member of Slade Formation","meaning":"Not interpreted as the target contact.","class_label":"AMBIGUOUS","confidence":"Not used"},"geometry":{"type":"MultiLineString","coordinates":[[[-84.23903,37.47192],[-84.23927,37.47197]],[[-84.23572,37.47364],[-84.23588,37.47364]]]}},{"type":"Feature","properties":{"quad":"Johnetta","gq_number":"685","source_pub":"Geologic map of the Johnetta quadrangle, Rockcastle and Jackson Counties, Kentucky | James Louis Gualtieri | 1968, GQ-685","source_url":"https://pubs.usgs.gov/publication/gq685","original_line_symbol":"Mbr","polygon_pair_below_above":"Mb|Msg","contact_style":"CONTACT","contact_comments":"Renfro Member of Slade Formation","meaning":"Not interpreted as the target contact.","class_label":"AMBIGUOUS","confidence":"Not used"},"geometry":{"type":"LineString","coordinates":[[-84.24841,37.47138],[-84.2484,37.47162]]}},{"type":"Feature","properties":{"quad":"Johnetta","gq_number":"685","source_pub":"Geologic map of the Johnetta quadrangle, Rockcastle and Jackson Counties, Kentucky | James Louis Gualtieri | 1968, GQ-685","source_url":"https://pubs.usgs.gov/publication/gq685","original_line_symbol":"Mbw","polygon_pair_below_above":"Mb|Msg","contact_style":"CONTACT","contact_comments":"Wildie Member, Borden Formation","meaning":"Not interpreted as the target contact.","class_label":"AMBIGUOUS","confidence":"Not used"},"geometry":{"type":"MultiLineString","coordinates":[[[-84.24823,37.47147],[-84.24824,37.47163]],[[-84.23868,37.47192],[-84.23909,37.47206]],[[-84.23567,37.47376],[-84.23608,37.47376]]]}},{"type":"Feature","properties":{"quad":"Wildie","gq_number":"684","source_pub":"Geologic map of the Wildie quadrangle, Garrard and Rockcastle Counties, Kentucky | James Louis Gualtieri | 1968, GQ-684","source_url":"https://pubs.usgs.gov/publication/gq684","original_line_symbol":"Mbh","polygon_pair_below_above":"Mb|Mbr","contact_style":"CONTACT","contact_comments":"Halls Gap Member, Borden Formation","meaning":"Top of Halls Gap Member (Mbh) under Renfro; the Wildie (upper-Nada equivalent) is absent or unmapped here, so the target horizon may be missing or included in an adjacent unit.","class_label":"AMBIGUOUS","confidence":"Not used"},"geometry":{"type":"LineString","coordinates":[[-84.35565,37.46674],[-84.35534,37.46654],[-84.35469,37.46635],[-84.35384,37.46643],[-84.35301,37.46619],[-84.35313,37.46607],[-84.35424,37.46579],[-84.35459,37.46528],[-84.35452,37.46442],[-84.35466,37.46425],[-84.35486,37.46432],[-84.35485,37.46455],[-84.35508,37.46472],[-84.35486,37.46513],[-84.3549,37.46537],[-84.35509,37.46557],[-84.35549,37.46565],[-84.35555,37.46582],[-84.35542,37.46614],[-84.35546,37.46634],[-84.35574,37.46653],[-84.35583,37.46675]]}},{"type":"Feature","properties":{"quad":"Wildie","gq_number":"684","source_pub":"Geologic map of the Wildie quadrangle, Garrard and Rockcastle Counties, Kentucky | James Louis Gualtieri | 1968, GQ-684","source_url":"https://pubs.usgs.gov/publication/gq684","original_line_symbol":"Mbw","polygon_pair_below_above":"Mb|Msb","contact_style":"CONTACT","contact_comments":"Wildie Member, Borden Formation","meaning":"Not interpreted as the target contact.","class_label":"AMBIGUOUS","confidence":"Not used"},"geometry":{"type":"MultiLineString","coordinates":[[[-84.26774,37.46891],[-84.26674,37.46856]],[[-84.26748,37.4691],[-84.26769,37.46904]],[[-84.26617,37.46825],[-84.26589,37.46788],[-84.26509,37.46743]]]}},{"type":"Feature","properties":{"quad":"Wildie","gq_number":"684","source_pub":"Geologic map of the Wildie quadrangle, Garrard and Rockcastle Counties, Kentucky | James Louis Gualtieri | 1968, GQ-684","source_url":"https://pubs.usgs.gov/publication/gq684","original_line_symbol":"Mbr","polygon_pair_below_above":"Mb|Msg","contact_style":"CONTACT","contact_comments":"Renfro Member of Slade Formation","meaning":"Not interpreted as the target contact.","class_label":"AMBIGUOUS","confidence":"Not used"},"geometry":{"type":"LineString","coordinates":[[-84.25071,37.47064],[-84.25049,37.47104]]}},{"type":"Feature","properties":{"quad":"Wildie","gq_number":"684","source_pub":"Geologic map of the Wildie quadrangle, Garrard and Rockcastle Counties, Kentucky | James Louis Gualtieri | 1968, GQ-684","source_url":"https://pubs.usgs.gov/publication/gq684","original_line_symbol":"Mbh","polygon_pair_below_above":"Mb|Mbr","contact_style":"CONTACT","contact_comments":"Halls Gap Member, Borden Formation","meaning":"Top of Halls Gap Member (Mbh) under Renfro; the Wildie (upper-Nada equivalent) is absent or unmapped here, so the target horizon may be missing or included in an adjacent unit.","class_label":"AMBIGUOUS","confidence":"Not used"},"geometry":{"type":"MultiLineString","coordinates":[[[-84.36259,37.47294],[-84.36216,37.47292],[-84.36194,37.47232],[-84.36137,37.47217],[-84.36163,37.47169],[-84.36164,37.47122],[-84.36143,37.47105],[-84.36068,37.47075],[-84.36073,37.47003],[-84.36046,37.46915],[-84.36007,37.46882],[-84.35977,37.46872],[-84.35824,37.46847],[-84.35788,37.4685],[-84.35753,37.46899],[-84.35823,37.46963],[-84.35829,37.46988],[-84.35796,37.47],[-84.35718,37.46976],[-84.3564,37.47037],[-84.3565,37.47086],[-84.35644,37.47152],[-84.35652,37.47167],[-84.35694,37.47196],[-84.35697,37.4721],[-84.3567,37.47241],[-84.35621,37.47268],[-84.355,37.47271],[-84.35505,37.47251],[-84.3558,37.47166],[-84.35572,37.47142],[-84.35528,37.47103],[-84.35483,37.47081],[-84.3544,37.47078],[-84.35416,37.47012],[-84.35314,37.46972],[-84.3526,37.46997],[-84.35232,37.47],[-84.35211,37.46992],[-84.35193,37.46963],[-84.352,37.46947],[-84.35263,37.46949],[-84.35321,37.46914],[-84.35344,37.46939],[-84.35401,37.46949],[-84.3544,37.46967],[-84.35471,37.46972],[-84.35495,37.46964],[-84.35511,37.46944],[-84.35527,37.46859],[-84.35607,37.46836],[-84.35648,37.46803],[-84.3564,37.46785],[-84.3559,37.4674],[-84.3559,37.46723],[-84.35692,37.46733],[-84.35735,37.46689],[-84.35792,37.46598],[-84.35803,37.46638],[-84.35846,37.46671],[-84.35838,37.46731],[-84.35856,37.46766],[-84.3594,37.46749],[-84.35991,37.46698],[-84.36054,37.46694],[-84.36104,37.46677],[-84.36112,37.46662],[-84.36076,37.46607],[-84.36076,37.46588],[-84.36011,37.46554],[-84.35998,37.46514],[-84.3601,37.46501],[-84.3608,37.4649],[-84.36115,37.4646],[-84.36173,37.46487]],[[-84.36187,37.46491],[-84.36192,37.46456],[-84.36217,37.46425],[-84.36179,37.46335],[-84.36061,37.46348],[-84.35937,37.46287],[-84.35885,37.46336],[-84.35858,37.46353],[-84.35828,37.46354],[-84.35798,37.46334],[-84.35779,37.46256],[-84.35691,37.46242],[-84.35659,37.46212],[-84.3562,37.46139],[-84.35601,37.4613],[-84.35578,37.46129],[-84.35496,37.46164],[-84.35408,37.46163],[-84.35369,37.46145]]]}},{"type":"Feature","properties":{"quad":"Wildie","gq_number":"684","source_pub":"Geologic map of the Wildie quadrangle, Garrard and Rockcastle Counties, Kentucky | James Louis Gualtieri | 1968, GQ-684","source_url":"https://pubs.usgs.gov/publication/gq684","original_line_symbol":"Mbh","polygon_pair_below_above":"Mb|Mbr","contact_style":"CONTACT","contact_comments":"Halls Gap Member, Borden Formation","meaning":"Top of Halls Gap Member (Mbh) under Renfro; the Wildie (upper-Nada equivalent) is absent or unmapped here, so the target horizon may be missing or included in an adjacent unit.","class_label":"AMBIGUOUS","confidence":"Not used"},"geometry":{"type":"LineString","coordinates":[[-84.35369,37.46145],[-84.35368,37.46135],[-84.35411,37.46091],[-84.35498,37.46068],[-84.35539,37.46035],[-84.35569,37.4603],[-84.35616,37.46039],[-84.35673,37.45997],[-84.35737,37.45991],[-84.35749,37.46002],[-84.35726,37.46045],[-84.35733,37.46087],[-84.3576,37.46115],[-84.35755,37.46194],[-84.35772,37.46206],[-84.35847,37.46196],[-84.35942,37.46126],[-84.35953,37.4602],[-84.35968,37.46004],[-84.35992,37.46001]]}},{"type":"Feature","properties":{"quad":"Brodhead","gq_number":"662","source_pub":"Geologic map of the Brodhead quadrangle, east-central Kentucky | James Louis Gualtieri | 1967, GQ-662","source_url":"https://pubs.usgs.gov/publication/gq662","original_line_symbol":"Mbh","polygon_pair_below_above":"Mb|Mbr","contact_style":"CONTACT","contact_comments":"Halls Gap Member, Borden Formation","meaning":"Top of Halls Gap Member (Mbh) under Renfro; the Wildie (upper-Nada equivalent) is absent or unmapped here, so the target horizon may be missing or included in an adjacent unit.","class_label":"AMBIGUOUS","confidence":"Not used"},"geometry":{"type":"LineString","coordinates":[[-84.37494,37.46164],[-84.3752,37.46169],[-84.37544,37.46189],[-84.37581,37.46246],[-84.376,37.46258],[-84.37655,37.46243],[-84.37695,37.46273],[-84.37718,37.46274],[-84.37764,37.46234],[-84.37789,37.46225],[-84.37823,37.46226],[-84.37867,37.46246],[-84.37884,37.46246],[-84.37928,37.46221],[-84.3796,37.46187],[-84.38069,37.46142],[-84.38108,37.461],[-84.38198,37.46042],[-84.38204,37.46026],[-84.38184,37.46014],[-84.3814,37.4601],[-84.38127,37.45974],[-84.38091,37.45957],[-84.38035,37.4601],[-84.37995,37.46024],[-84.37933,37.46105],[-84.37909,37.4611],[-84.37811,37.46029],[-84.37783,37.46029],[-84.37755,37.46042],[-84.37725,37.46029],[-84.37701,37.4603],[-84.37667,37.4609],[-84.37695,37.46165],[-84.37658,37.46171],[-84.37614,37.46163],[-84.3759,37.46147],[-84.37561,37.4608],[-84.37565,37.46001],[-84.37557,37.45975],[-84.37539,37.45964],[-84.37494,37.45966]]}},{"type":"Feature","properties":{"quad":"Wildie","gq_number":"684","source_pub":"Geologic map of the Wildie quadrangle, Garrard and Rockcastle Counties, Kentucky | James Louis Gualtieri | 1968, GQ-684","source_url":"https://pubs.usgs.gov/publication/gq684","original_line_symbol":"Mbh","polygon_pair_below_above":"Mb|Mbr","contact_style":"CONTACT","contact_comments":"Halls Gap Member, Borden Formation","meaning":"Top of Halls Gap Member (Mbh) under Renfro; the Wildie (upper-Nada equivalent) is absent or unmapped here, so the target horizon may be missing or included in an adjacent unit.","class_label":"AMBIGUOUS","confidence":"Not used"},"geometry":{"type":"LineString","coordinates":[[-84.37494,37.46164],[-84.37412,37.46178],[-84.37374,37.46158],[-84.37334,37.46151],[-84.37315,37.46078],[-84.3726,37.4602],[-84.37243,37.45988],[-84.37175,37.45973],[-84.37123,37.45982],[-84.37082,37.45957],[-84.37061,37.46014],[-84.37072,37.4603],[-84.37107,37.46046],[-84.37128,37.46076],[-84.37128,37.4614],[-84.37051,37.46169],[-84.3699,37.46219],[-84.36972,37.46263],[-84.36919,37.46302],[-84.36894,37.46348],[-84.36851,37.46383],[-84.36838,37.46419],[-84.3679,37.46355],[-84.36778,37.46322],[-84.36839,37.4627],[-84.36854,37.46218],[-84.36887,37.46186],[-84.36891,37.46143],[-84.36862,37.4613],[-84.36831,37.4613],[-84.36797,37.46113],[-84.36756,37.4611],[-84.36712,37.4612],[-84.3669,37.46115],[-84.36674,37.46095],[-84.36677,37.46033],[-84.36654,37.46017],[-84.36609,37.46009],[-84.36561,37.4602],[-84.36531,37.4605],[-84.36461,37.4607],[-84.36443,37.46083],[-84.36426,37.46121],[-84.36486,37.46178],[-84.36439,37.46203],[-84.36336,37.46315],[-84.36356,37.46344],[-84.3642,37.46356],[-84.36382,37.46406],[-84.36382,37.46428],[-84.36409,37.46474],[-84.36465,37.46481],[-84.36472,37.4649],[-84.36445,37.46517],[-84.36445,37.46548],[-84.36434,37.46564],[-84.36343,37.46614],[-84.36305,37.46616],[-84.36267,37.4663],[-84.36246,37.46651],[-84.3628,37.46693],[-84.36293,37.46759],[-84.36378,37.46744],[-84.36487,37.46753],[-84.36504,37.46761],[-84.36508,37.46836],[-84.36481,37.4685],[-84.36459,37.46851],[-84.3637,37.46833],[-84.36301,37.46846],[-84.36234,37.46839],[-84.36176,37.4681],[-84.36143,37.46767],[-84.36088,37.46797],[-84.36097,37.46877],[-84.36108,37.46903],[-84.36159,37.46959],[-84.36157,37.46998],[-84.36213,37.47049],[-84.36229,37.47051],[-84.36282,37.47034],[-84.36297,37.47037],[-84.36341,37.47102],[-84.36332,37.47122],[-84.36276,37.47156],[-84.36261,37.47188],[-84.36266,37.47275],[-84.36259,37.47294]]}},{"type":"Feature","properties":{"quad":"Wildie","gq_number":"684","source_pub":"Geologic map of the Wildie quadrangle, Garrard and Rockcastle Counties, Kentucky | James Louis Gualtieri | 1968, GQ-684","source_url":"https://pubs.usgs.gov/publication/gq684","original_line_symbol":"Mbh","polygon_pair_below_above":"Mb|Mbr","contact_style":"CONTACT","contact_comments":"Halls Gap Member, Borden Formation","meaning":"Top of Halls Gap Member (Mbh) under Renfro; the Wildie (upper-Nada equivalent) is absent or unmapped here, so the target horizon may be missing or included in an adjacent unit.","class_label":"AMBIGUOUS","confidence":"Not used"},"geometry":{"type":"LineString","coordinates":[[-84.37494,37.45852],[-84.37443,37.45877],[-84.37423,37.45902],[-84.37437,37.4592],[-84.37448,37.45973],[-84.37494,37.45966]]}},{"type":"Feature","properties":{"quad":"Wildie","gq_number":"684","source_pub":"Geologic map of the Wildie quadrangle, Garrard and Rockcastle Counties, Kentucky | James Louis Gualtieri | 1968, GQ-684","source_url":"https://pubs.usgs.gov/publication/gq684","original_line_symbol":"Mbw","polygon_pair_below_above":"Mb|Msb","contact_style":"CONTACT","contact_comments":"Wildie Member, Borden Formation","meaning":"Not interpreted as the target contact.","class_label":"AMBIGUOUS","confidence":"Not used"},"geometry":{"type":"LineString","coordinates":[[-84.25062,37.47109],[-84.25072,37.47085]]}},{"type":"Feature","properties":{"quad":"Wildie","gq_number":"684","source_pub":"Geologic map of the Wildie quadrangle, Garrard and Rockcastle Counties, Kentucky | James Louis Gualtieri | 1968, GQ-684","source_url":"https://pubs.usgs.gov/publication/gq684","original_line_symbol":"Mbr","polygon_pair_below_above":"Mb|Msb","contact_style":"CONTACT","contact_comments":"Renfro Member of Slade Formation","meaning":"Not interpreted as the target contact.","class_label":"AMBIGUOUS","confidence":"Not used"},"geometry":{"type":"MultiLineString","coordinates":[[[-84.26682,37.46844],[-84.26782,37.46881]],[[-84.26775,37.46913],[-84.26754,37.46924]],[[-84.26656,37.45876],[-84.26681,37.45899]],[[-84.26516,37.4673],[-84.26592,37.46778],[-84.26617,37.46806]]]}},{"type":"Feature","properties":{"quad":"Wildie","gq_number":"684","source_pub":"Geologic map of the Wildie quadrangle, Garrard and Rockcastle Counties, Kentucky | James Louis Gualtieri | 1968, GQ-684","source_url":"https://pubs.usgs.gov/publication/gq684","original_line_symbol":"Mbw","polygon_pair_below_above":"Mb|Msb","contact_style":"CONTACT","contact_comments":"Wildie Member, Borden Formation","meaning":"Not interpreted as the target contact.","class_label":"AMBIGUOUS","confidence":"Not used"},"geometry":{"type":"LineString","coordinates":[[-84.26679,37.45917],[-84.26641,37.45884]]}},{"type":"Feature","properties":{"quad":"Brodhead","gq_number":"662","source_pub":"Geologic map of the Brodhead quadrangle, east-central Kentucky | James Louis Gualtieri | 1967, GQ-662","source_url":"https://pubs.usgs.gov/publication/gq662","original_line_symbol":"Mbh","polygon_pair_below_above":"Mb|Mbr","contact_style":"CONTACT","contact_comments":"Halls Gap Member, Borden Formation","meaning":"Top of Halls Gap Member (Mbh) under Renfro; the Wildie (upper-Nada equivalent) is absent or unmapped here, so the target horizon may be missing or included in an adjacent unit.","class_label":"AMBIGUOUS","confidence":"Not used"},"geometry":{"type":"LineString","coordinates":[[-84.40969,37.45361],[-84.40954,37.45487],[-84.40942,37.45517],[-84.4092,37.45524],[-84.40906,37.4551],[-84.40925,37.45452],[-84.40886,37.45377],[-84.40882,37.45345],[-84.40903,37.45335],[-84.40951,37.45335],[-84.40969,37.45361]]}},{"type":"Feature","properties":{"quad":"Wildie","gq_number":"684","source_pub":"Geologic map of the Wildie quadrangle, Garrard and Rockcastle Counties, Kentucky | James Louis Gualtieri | 1968, GQ-684","source_url":"https://pubs.usgs.gov/publication/gq684","original_line_symbol":"Mbr","polygon_pair_below_above":"Mb|Msg","contact_style":"CONTACT","contact_comments":"Renfro Member of Slade Formation","meaning":"Not interpreted as the target contact.","class_label":"AMBIGUOUS","confidence":"Not used"},"geometry":{"type":"MultiLineString","coordinates":[[[-84.2721,37.45492],[-84.27258,37.45571]],[[-84.27043,37.45273],[-84.27086,37.45295],[-84.27112,37.45297]]]}},{"type":"Feature","properties":{"quad":"Brodhead","gq_number":"662","source_pub":"Geologic map of the Brodhead quadrangle, east-central Kentucky | James Louis Gualtieri | 1967, GQ-662","source_url":"https://pubs.usgs.gov/publication/gq662","original_line_symbol":"Mbh","polygon_pair_below_above":"Mb|Mbr","contact_style":"CONTACT","contact_comments":"Halls Gap Member, Borden Formation","meaning":"Top of Halls Gap Member (Mbh) under Renfro; the Wildie (upper-Nada equivalent) is absent or unmapped here, so the target horizon may be missing or included in an adjacent unit.","class_label":"AMBIGUOUS","confidence":"Not used"},"geometry":{"type":"LineString","coordinates":[[-84.41208,37.45223],[-84.41188,37.45269],[-84.4116,37.45278],[-84.41136,37.45269],[-84.41131,37.45245],[-84.41177,37.45198],[-84.41195,37.45195],[-84.41208,37.45223]]}},{"type":"Feature","properties":{"quad":"Wildie","gq_number":"684","source_pub":"Geologic map of the Wildie quadrangle, Garrard and Rockcastle Counties, Kentucky | James Louis Gualtieri | 1968, GQ-684","source_url":"https://pubs.usgs.gov/publication/gq684","original_line_symbol":"Mbh","polygon_pair_below_above":"Mb|Mbr","contact_style":"CONTACT","contact_comments":"Halls Gap Member, Borden Formation","meaning":"Top of Halls Gap Member (Mbh) under Renfro; the Wildie (upper-Nada equivalent) is absent or unmapped here, so the target horizon may be missing or included in an adjacent unit.","class_label":"AMBIGUOUS","confidence":"Not used"},"geometry":{"type":"MultiLineString","coordinates":[[[-84.36578,37.45721],[-84.36574,37.45719]],[[-84.35992,37.46001],[-84.36044,37.46072],[-84.36069,37.46184],[-84.3614,37.46205],[-84.36126,37.46167],[-84.36132,37.46103],[-84.36153,37.46074],[-84.36206,37.46066],[-84.36149,37.46001],[-84.36146,37.45962],[-84.36162,37.45942],[-84.36263,37.45927],[-84.36312,37.45956],[-84.36339,37.45961],[-84.36378,37.45921],[-84.36425,37.45915],[-84.36474,37.45883],[-84.36493,37.45882],[-84.36536,37.45889],[-84.36591,37.45911],[-84.3667,37.4592],[-84.36662,37.45903],[-84.36619,37.45883],[-84.36559,37.45829],[-84.36548,37.45788],[-84.36577,37.45727]],[[-84.36564,37.45721],[-84.36526,37.45741],[-84.36481,37.45781],[-84.36418,37.45786],[-84.36377,37.45775],[-84.36375,37.45757],[-84.36413,37.45707],[-84.36427,37.45651],[-84.3646,37.45606],[-84.36404,37.45544],[-84.36378,37.45539],[-84.36362,37.4555],[-84.36348,37.45609],[-84.36326,37.4565],[-84.36289,37.45679],[-84.36267,37.45679],[-84.36193,37.45615],[-84.36172,37.45607],[-84.3614,37.45609],[-84.36141,37.45653],[-84.36162,37.45726],[-84.36136,37.45762],[-84.36064,37.45777],[-84.35884,37.45777],[-84.35864,37.45758],[-84.35888,37.45715],[-84.35896,37.45651],[-84.3593,37.45569],[-84.35921,37.45561],[-84.35874,37.45551],[-84.35865,37.45504],[-84.35806,37.45499],[-84.3572,37.45551],[-84.357,37.4562],[-84.35705,37.45664],[-84.35657,37.4569],[-84.3564,37.45732],[-84.35543,37.45749],[-84.35455,37.45777],[-84.35414,37.45769],[-84.35396,37.4572],[-84.35384,37.45713],[-84.35189,37.45714],[-84.35165,37.4574],[-84.3516,37.45848],[-84.3506,37.45901],[-84.35049,37.45947],[-84.35018,37.45977],[-84.35004,37.46014],[-84.34953,37.46058],[-84.34928,37.46116],[-84.34866,37.46162],[-84.34834,37.46173],[-84.34822,37.46148],[-84.34822,37.46108],[-84.34805,37.46079],[-84.3472,37.46052],[-84.34657,37.4602],[-84.34659,37.46012],[-84.34712,37.45999],[-84.34747,37.45982],[-84.34778,37.45934],[-84.34854,37.45959],[-84.34948,37.45922],[-84.34969,37.45898],[-84.35009,37.45782],[-84.35054,37.45713],[-84.35141,37.45627],[-84.35357,37.45616],[-84.35339,37.45573],[-84.35342,37.45543],[-84.35416,37.45454],[-84.35481,37.45427],[-84.35494,37.45427],[-84.3553,37.45452],[-84.35559,37.45448],[-84.35534,37.45355],[-84.35558,37.45312],[-84.35691,37.45273],[-84.35727,37.45274],[-84.3576,37.4529]],[[-84.35775,37.45289],[-84.35777,37.45259],[-84.35801,37.45235],[-84.35823,37.45229]],[[-84.35806,37.45219],[-84.35749,37.45209],[-84.35687,37.4522],[-84.35563,37.45221],[-84.35531,37.45203],[-84.35525,37.45165],[-84.35517,37.45164],[-84.35487,37.45186],[-84.35462,37.45258],[-84.354,37.45262],[-84.35386,37.45295],[-84.35295,37.45358],[-84.35143,37.45432],[-84.35069,37.45441],[-84.34917,37.45483],[-84.34858,37.4552],[-84.34784,37.4559],[-84.34762,37.45588],[-84.34748,37.45572],[-84.34728,37.45501],[-84.34694,37.45487],[-84.34616,37.45511],[-84.34555,37.45567],[-84.34539,37.45565],[-84.34527,37.45554],[-84.34519,37.45521],[-84.34529,37.45449],[-84.34504,37.4544],[-84.34464,37.45441]],[[-84.35769,37.45296],[-84.35775,37.45296]]]}},{"type":"Feature","properties":{"quad":"Crab Orchard","gq_number":"571","source_pub":"Geologic map of the Crab Orchard quadrangle, Lincoln County, Kentucky | James Louis Gualtieri | 1967, GQ-571","source_url":"https://pubs.usgs.gov/publication/gq571","original_line_symbol":"Mbh","polygon_pair_below_above":"Mb|Mbr","contact_style":"CONTACT","contact_comments":"Halls Gap Member, Borden Formation","meaning":"Top of Halls Gap Member (Mbh) under Renfro; the Wildie (upper-Nada equivalent) is absent or unmapped here, so the target horizon may be missing or included in an adjacent unit.","class_label":"AMBIGUOUS","confidence":"Not used"},"geometry":{"type":"LineString","coordinates":[[-84.60252,37.45199],[-84.602,37.4516],[-84.60186,37.45159],[-84.60191,37.45205],[-84.6024,37.45208],[-84.60252,37.45199]]}},{"type":"Feature","properties":{"quad":"Johnetta","gq_number":"685","source_pub":"Geologic map of the Johnetta quadrangle, Rockcastle and Jackson Counties, Kentucky | James Louis Gualtieri | 1968, GQ-685","source_url":"https://pubs.usgs.gov/publication/gq685","original_line_symbol":"Mbr","polygon_pair_below_above":"Mb|Msg","contact_style":"CONTACT","contact_comments":"Renfro Member of Slade Formation","meaning":"Not interpreted as the target contact.","class_label":"AMBIGUOUS","confidence":"Not used"},"geometry":{"type":"MultiLineString","coordinates":[[[-84.23259,37.45429],[-84.23228,37.45445]],[[-84.23155,37.45482],[-84.23146,37.45485]]]}},{"type":"Feature","properties":{"quad":"Wildie","gq_number":"684","source_pub":"Geologic map of the Wildie quadrangle, Garrard and Rockcastle Counties, Kentucky | James Louis Gualtieri | 1968, GQ-684","source_url":"https://pubs.usgs.gov/publication/gq684","original_line_symbol":"Mbrw","polygon_pair_below_above":"Mb|Msg","contact_style":"CONTACT","contact_comments":"Renfro Member of Slade Formation and Wildie Member of Borden Formation","meaning":"Not interpreted as the target contact.","class_label":"AMBIGUOUS","confidence":"Not used"},"geometry":{"type":"LineString","coordinates":[[-84.26049,37.4537],[-84.26091,37.45365],[-84.26124,37.45348]]}},{"type":"Feature","properties":{"quad":"Brodhead","gq_number":"662","source_pub":"Geologic map of the Brodhead quadrangle, east-central Kentucky | James Louis Gualtieri | 1967, GQ-662","source_url":"https://pubs.usgs.gov/publication/gq662","original_line_symbol":"Mbh","polygon_pair_below_above":"Mb|Mbr","contact_style":"CONTACT","contact_comments":"Halls Gap Member, Borden Formation","meaning":"Top of Halls Gap Member (Mbh) under Renfro; the Wildie (upper-Nada equivalent) is absent or unmapped here, so the target horizon may be missing or included in an adjacent unit.","class_label":"AMBIGUOUS","confidence":"Not used"},"geometry":{"type":"LineString","coordinates":[[-84.40679,37.44908],[-84.40639,37.4493],[-84.40653,37.44948],[-84.40672,37.44945],[-84.407,37.4491]]}},{"type":"Feature","properties":{"quad":"Wildie","gq_number":"684","source_pub":"Geologic map of the Wildie quadrangle, Garrard and Rockcastle Counties, Kentucky | James Louis Gualtieri | 1968, GQ-684","source_url":"https://pubs.usgs.gov/publication/gq684","original_line_symbol":"Mbh","polygon_pair_below_above":"Mb|Mbr","contact_style":"CONTACT","contact_comments":"Halls Gap Member, Borden Formation","meaning":"Top of Halls Gap Member (Mbh) under Renfro; the Wildie (upper-Nada equivalent) is absent or unmapped here, so the target horizon may be missing or included in an adjacent unit.","class_label":"AMBIGUOUS","confidence":"Not used"},"geometry":{"type":"LineString","coordinates":[[-84.34464,37.45441],[-84.34373,37.45476],[-84.34356,37.45474],[-84.34327,37.4546],[-84.34289,37.45416],[-84.3424,37.45383],[-84.34173,37.45408],[-84.34173,37.45507],[-84.34185,37.45547],[-84.34229,37.45621],[-84.34226,37.45641],[-84.34172,37.45624],[-84.34112,37.45592],[-84.34036,37.45609],[-84.33977,37.45612],[-84.33898,37.45584],[-84.33844,37.45609],[-84.33794,37.45607],[-84.33778,37.45568],[-84.33781,37.45549],[-84.3386,37.45515],[-84.33871,37.45441],[-84.33888,37.45411],[-84.33851,37.45363],[-84.3379,37.45344],[-84.33735,37.4531],[-84.33743,37.45261],[-84.33764,37.45219],[-84.33787,37.45216],[-84.33841,37.45233],[-84.33851,37.45227],[-84.33803,37.45067],[-84.33807,37.4501],[-84.33752,37.44929],[-84.33759,37.44917],[-84.33819,37.4491],[-84.33851,37.44891],[-84.33823,37.44829],[-84.33837,37.44798],[-84.33862,37.44798],[-84.33936,37.44823],[-84.33986,37.4482],[-84.34014,37.44801],[-84.34036,37.44766],[-84.34038,37.44714],[-84.34027,37.44688],[-84.34033,37.44657],[-84.34065,37.44669],[-84.34087,37.44706],[-84.34091,37.44738],[-84.34069,37.44834],[-84.34047,37.44871],[-84.34012,37.44895],[-84.33986,37.44942],[-84.33998,37.45032],[-84.34014,37.45041],[-84.34054,37.45021],[-84.34109,37.45022],[-84.34137,37.45034],[-84.34173,37.45074],[-84.34123,37.45163],[-84.34095,37.4519],[-84.34098,37.45209],[-84.34151,37.45193],[-84.34203,37.45199],[-84.3423,37.45223],[-84.34235,37.4528],[-84.34317,37.45321],[-84.34345,37.45313],[-84.34364,37.45265],[-84.34343,37.45153],[-84.34355,37.45037],[-84.34347,37.44985],[-84.34355,37.44974],[-84.34367,37.44975],[-84.34479,37.45037],[-84.34491,37.45102],[-84.34502,37.45113],[-84.34519,37.45114],[-84.34595,37.45075],[-84.34615,37.45078],[-84.34632,37.45109],[-84.34627,37.45143],[-84.34566,37.45207],[-84.34585,37.45238],[-84.34636,37.45227],[-84.34658,37.45239],[-84.34687,37.45288],[-84.34658,37.4536],[-84.34667,37.45373],[-84.34758,37.45372],[-84.34787,37.45361],[-84.34782,37.45316],[-84.34809,37.4529],[-84.34802,37.45243],[-84.34815,37.45221],[-84.34852,37.4523],[-84.3492,37.45316]]}},{"type":"Feature","properties":{"quad":"Crab Orchard","gq_number":"571","source_pub":"Geologic map of the Crab Orchard quadrangle, Lincoln County, Kentucky | James Louis Gualtieri | 1967, GQ-571","source_url":"https://pubs.usgs.gov/publication/gq571","original_line_symbol":"Mbh","polygon_pair_below_above":"Mb|Mbr","contact_style":"CONTACT","contact_comments":"Halls Gap Member, Borden Formation","meaning":"Top of Halls Gap Member (Mbh) under Renfro; the Wildie (upper-Nada equivalent) is absent or unmapped here, so the target horizon may be missing or included in an adjacent unit.","class_label":"AMBIGUOUS","confidence":"Not used"},"geometry":{"type":"LineString","coordinates":[[-84.59564,37.4465],[-84.59566,37.44655]]}},{"type":"Feature","properties":{"quad":"Crab Orchard","gq_number":"571","source_pub":"Geologic map of the Crab Orchard quadrangle, Lincoln County, Kentucky | James Louis Gualtieri | 1967, GQ-571","source_url":"https://pubs.usgs.gov/publication/gq571","original_line_symbol":"Mbh","polygon_pair_below_above":"Mb|Mbr","contact_style":"CONTACT","contact_comments":"Halls Gap Member, Borden Formation","meaning":"Top of Halls Gap Member (Mbh) under Renfro; the Wildie (upper-Nada equivalent) is absent or unmapped here, so the target horizon may be missing or included in an adjacent unit.","class_label":"AMBIGUOUS","confidence":"Not used"},"geometry":{"type":"LineString","coordinates":[[-84.5929,37.44624],[-84.5928,37.44633],[-84.5922,37.44631],[-84.59224,37.4459],[-84.59246,37.44565],[-84.59258,37.44568],[-84.5927,37.44603],[-84.5929,37.44624]]}},{"type":"Feature","properties":{"quad":"Crab Orchard","gq_number":"571","source_pub":"Geologic map of the Crab Orchard quadrangle, Lincoln County, Kentucky | James Louis Gualtieri | 1967, GQ-571","source_url":"https://pubs.usgs.gov/publication/gq571","original_line_symbol":"Mbh","polygon_pair_below_above":"Mb|Mbr","contact_style":"CONTACT","contact_comments":"Halls Gap Member, Borden Formation","meaning":"Top of Halls Gap Member (Mbh) under Renfro; the Wildie (upper-Nada equivalent) is absent or unmapped here, so the target horizon may be missing or included in an adjacent unit.","class_label":"AMBIGUOUS","confidence":"Not used"},"geometry":{"type":"LineString","coordinates":[[-84.59707,37.44528],[-84.5969,37.44501],[-84.59635,37.44502],[-84.59624,37.4451],[-84.5966,37.44565],[-84.59695,37.44558],[-84.59707,37.44528]]}},{"type":"Feature","properties":{"quad":"Crab Orchard","gq_number":"571","source_pub":"Geologic map of the Crab Orchard quadrangle, Lincoln County, Kentucky | James Louis Gualtieri | 1967, GQ-571","source_url":"https://pubs.usgs.gov/publication/gq571","original_line_symbol":"Mbh","polygon_pair_below_above":"Mb|Mbr","contact_style":"CONTACT","contact_comments":"Halls Gap Member, Borden Formation","meaning":"Top of Halls Gap Member (Mbh) under Renfro; the Wildie (upper-Nada equivalent) is absent or unmapped here, so the target horizon may be missing or included in an adjacent unit.","class_label":"AMBIGUOUS","confidence":"Not used"},"geometry":{"type":"LineString","coordinates":[[-84.59934,37.44591],[-84.5991,37.44641],[-84.59896,37.44645],[-84.59875,37.44632],[-84.59854,37.44581],[-84.59866,37.44526],[-84.59894,37.44492],[-84.59917,37.44494],[-84.5993,37.44519],[-84.59934,37.44591]]}},{"type":"Feature","properties":{"quad":"Brodhead","gq_number":"662","source_pub":"Geologic map of the Brodhead quadrangle, east-central Kentucky | James Louis Gualtieri | 1967, GQ-662","source_url":"https://pubs.usgs.gov/publication/gq662","original_line_symbol":"Mbh","polygon_pair_below_above":"Mb|Mbr","contact_style":"CONTACT","contact_comments":"Halls Gap Member, Borden Formation","meaning":"Top of Halls Gap Member (Mbh) under Renfro; the Wildie (upper-Nada equivalent) is absent or unmapped here, so the target horizon may be missing or included in an adjacent unit.","class_label":"AMBIGUOUS","confidence":"Not used"},"geometry":{"type":"MultiLineString","coordinates":[[[-84.38439,37.44525],[-84.38484,37.44497]],[[-84.37494,37.45852],[-84.3756,37.45854],[-84.3764,37.45841],[-84.37688,37.45847],[-84.37747,37.4584],[-84.37771,37.45827],[-84.37759,37.45802],[-84.37709,37.45772],[-84.377,37.45709],[-84.37643,37.45673],[-84.37626,37.45618],[-84.37738,37.45612],[-84.37808,37.45575],[-84.37829,37.45583],[-84.37886,37.45641],[-84.37969,37.45658],[-84.37993,37.45647],[-84.3807,37.45556],[-84.38054,37.45538],[-84.37994,37.45538],[-84.37975,37.45512],[-84.3794,37.45503],[-84.37905,37.45468],[-84.37822,37.45452],[-84.37801,37.45438],[-84.37795,37.45421],[-84.37801,37.454],[-84.37848,37.45354],[-84.37901,37.4532],[-84.3795,37.45306],[-84.38003,37.45277],[-84.38055,37.45234],[-84.38061,37.45211],[-84.38053,37.45203],[-84.38029,37.45202],[-84.3794,37.45229],[-84.37892,37.45233],[-84.37847,37.45204],[-84.37829,37.45203],[-84.37743,37.45259],[-84.37698,37.45265],[-84.37676,37.45222],[-84.37687,37.45171],[-84.37649,37.45156],[-84.37628,37.45092],[-84.37656,37.45073],[-84.37704,37.45063],[-84.37729,37.45041],[-84.3773,37.44983],[-84.37696,37.44942],[-84.37741,37.44916],[-84.37783,37.44909],[-84.37806,37.44961],[-84.37902,37.45021],[-84.38016,37.44999],[-84.38089,37.44975],[-84.38142,37.44902],[-84.38146,37.44877],[-84.3811,37.44835],[-84.38026,37.44805],[-84.3802,37.44788],[-84.38089,37.44734],[-84.3814,37.44723],[-84.38196,37.44683],[-84.38237,37.44722],[-84.38265,37.44734],[-84.38282,37.4473],[-84.3839,37.44646],[-84.38468,37.44568],[-84.38466,37.44547],[-84.38444,37.44527]]]}},{"type":"Feature","properties":{"quad":"Crab Orchard","gq_number":"571","source_pub":"Geologic map of the Crab Orchard quadrangle, Lincoln County, Kentucky | James Louis Gualtieri | 1967, GQ-571","source_url":"https://pubs.usgs.gov/publication/gq571","original_line_symbol":"Mbh","polygon_pair_below_above":"Mb|Mbr","contact_style":"CONTACT","contact_comments":"Halls Gap Member, Borden Formation","meaning":"Top of Halls Gap Member (Mbh) under Renfro; the Wildie (upper-Nada equivalent) is absent or unmapped here, so the target horizon may be missing or included in an adjacent unit.","class_label":"AMBIGUOUS","confidence":"Not used"},"geometry":{"type":"MultiLineString","coordinates":[[[-84.60298,37.45056],[-84.60362,37.4513],[-84.60438,37.45254],[-84.60459,37.453],[-84.60458,37.45312],[-84.60427,37.4533],[-84.60432,37.45352],[-84.60481,37.45438],[-84.60501,37.45465],[-84.60519,37.45471],[-84.60566,37.45418],[-84.60573,37.45377],[-84.60522,37.45269],[-84.60524,37.45206],[-84.6056,37.45176],[-84.60598,37.45164],[-84.60705,37.45152],[-84.60668,37.45081],[-84.60674,37.45045],[-84.60729,37.44987],[-84.60811,37.44945],[-84.60831,37.44895],[-84.60871,37.44851],[-84.60951,37.44789],[-84.60946,37.4477],[-84.60849,37.44766],[-84.60836,37.44752],[-84.60901,37.44668],[-84.60933,37.44567],[-84.60943,37.44556],[-84.60968,37.44557],[-84.61057,37.44605],[-84.61107,37.446],[-84.61123,37.44582],[-84.61146,37.445],[-84.61178,37.44453],[-84.61193,37.44451],[-84.61241,37.44506],[-84.61256,37.44558],[-84.61281,37.44562],[-84.61347,37.44543],[-84.61373,37.44547],[-84.6138,37.44555],[-84.61381,37.44575],[-84.61353,37.44635],[-84.61257,37.44704],[-84.61249,37.44737],[-84.61275,37.4475],[-84.61364,37.44746],[-84.61419,37.44841],[-84.61406,37.44869],[-84.61312,37.44898],[-84.6126,37.44935],[-84.61199,37.44953],[-84.61198,37.44969],[-84.61228,37.44968],[-84.61305,37.4494],[-84.61371,37.44926],[-84.61531,37.4491],[-84.61591,37.44921],[-84.61721,37.44985],[-84.61838,37.44972],[-84.61876,37.44976],[-84.61874,37.45001],[-84.61813,37.45056],[-84.6168,37.45112],[-84.61623,37.45147],[-84.61601,37.45148],[-84.6156,37.45127],[-84.61526,37.45121],[-84.61488,37.45139],[-84.61458,37.45201],[-84.61505,37.45237],[-84.61528,37.4536],[-84.61546,37.4536],[-84.61572,37.4534],[-84.616,37.45335],[-84.61711,37.4537],[-84.61748,37.45366],[-84.61764,37.45341],[-84.6167,37.45286],[-84.61647,37.45261],[-84.61649,37.45241],[-84.61743,37.45234],[-84.61813,37.45217],[-84.61794,37.45141],[-84.61813,37.45114],[-84.61873,37.45114],[-84.61939,37.45154],[-84.61953,37.45153],[-84.62057,37.4505],[-84.62073,37.45062],[-84.62098,37.45122],[-84.62081,37.452],[-84.62087,37.45229],[-84.62155,37.45247],[-84.62168,37.45276],[-84.62161,37.4531],[-84.62175,37.45324],[-84.62303,37.45332],[-84.62347,37.45255],[-84.62372,37.45248],[-84.62408,37.45275],[-84.62462,37.45344],[-84.62448,37.45414],[-84.62463,37.45497],[-84.62454,37.45544],[-84.62376,37.45493],[-84.62337,37.45478],[-84.62281,37.45488],[-84.62254,37.4551],[-84.62256,37.45555],[-84.62345,37.45587],[-84.62383,37.45627],[-84.62378,37.45642],[-84.62297,37.4565],[-84.62264,37.4567],[-84.62248,37.457],[-84.62247,37.45757],[-84.62236,37.45779],[-84.62213,37.45783],[-84.62168,37.4577],[-84.62159,37.45738],[-84.62134,37.45721],[-84.62106,37.45669],[-84.62074,37.45646],[-84.62062,37.45572],[-84.62048,37.45552],[-84.62037,37.45553],[-84.61998,37.45605],[-84.6193,37.45638],[-84.62006,37.45732],[-84.62002,37.45754],[-84.61959,37.45783],[-84.61965,37.45803],[-84.6203,37.45834],[-84.62169,37.45863],[-84.62194,37.45882],[-84.62188,37.45894],[-84.621,37.45931],[-84.6202,37.4595],[-84.62077,37.46025],[-84.6213,37.45994],[-84.62253,37.46003],[-84.62328,37.45983],[-84.62415,37.46005],[-84.62456,37.46034],[-84.62454,37.46076],[-84.62379,37.46144],[-84.62272,37.46206],[-84.62267,37.46223],[-84.62384,37.46173],[-84.62446,37.46167],[-84.62479,37.46142]],[[-84.6026,37.44491],[-84.60303,37.44554],[-84.60408,37.44591],[-84.60444,37.44619],[-84.60443,37.44636],[-84.60396,37.44677],[-84.60401,37.44766],[-84.60418,37.44782],[-84.60465,37.44794],[-84.60517,37.44831],[-84.60555,37.44869],[-84.60569,37.44905],[-84.60551,37.44927],[-84.60438,37.44891],[-84.60331,37.44892],[-84.60324,37.44925],[-84.60403,37.45054],[-84.60381,37.45081],[-84.60344,37.45076],[-84.60306,37.45057]]]}},{"type":"Feature","properties":{"quad":"Wildie","gq_number":"684","source_pub":"Geologic map of the Wildie quadrangle, Garrard and Rockcastle Counties, Kentucky | James Louis Gualtieri | 1968, GQ-684","source_url":"https://pubs.usgs.gov/publication/gq684","original_line_symbol":"Mbw","polygon_pair_below_above":"Mb|Msb","contact_style":"CONTACT","contact_comments":"Wildie Member, Borden Formation","meaning":"Not interpreted as the target contact.","class_label":"AMBIGUOUS","confidence":"Not used"},"geometry":{"type":"MultiLineString","coordinates":[[[-84.27253,37.45585],[-84.27201,37.45503]],[[-84.27089,37.45305],[-84.27042,37.45289]]]}},{"type":"Feature","properties":{"quad":"Crab Orchard","gq_number":"571","source_pub":"Geologic map of the Crab Orchard quadrangle, Lincoln County, Kentucky | James Louis Gualtieri | 1967, GQ-571","source_url":"https://pubs.usgs.gov/publication/gq571","original_line_symbol":"Mbh","polygon_pair_below_above":"Mb|Mbr","contact_style":"CONTACT","contact_comments":"Halls Gap Member, Borden Formation","meaning":"Top of Halls Gap Member (Mbh) under Renfro; the Wildie (upper-Nada equivalent) is absent or unmapped here, so the target horizon may be missing or included in an adjacent unit.","class_label":"AMBIGUOUS","confidence":"Not used"},"geometry":{"type":"LineString","coordinates":[[-84.59522,37.44409],[-84.595,37.44416],[-84.59498,37.44394],[-84.59508,37.44393],[-84.59522,37.44409]]}},{"type":"Feature","properties":{"quad":"Crab Orchard","gq_number":"571","source_pub":"Geologic map of the Crab Orchard quadrangle, Lincoln County, Kentucky | James Louis Gualtieri | 1967, GQ-571","source_url":"https://pubs.usgs.gov/publication/gq571","original_line_symbol":"Mbh","polygon_pair_below_above":"Mb|Mbr","contact_style":"CONTACT","contact_comments":"Halls Gap Member, Borden Formation","meaning":"Top of Halls Gap Member (Mbh) under Renfro; the Wildie (upper-Nada equivalent) is absent or unmapped here, so the target horizon may be missing or included in an adjacent unit.","class_label":"AMBIGUOUS","confidence":"Not used"},"geometry":{"type":"MultiLineString","coordinates":[[[-84.59743,37.44367],[-84.59749,37.44366]],[[-84.59738,37.44389],[-84.59734,37.44385]]]}},{"type":"Feature","properties":{"quad":"Wildie","gq_number":"684","source_pub":"Geologic map of the Wildie quadrangle, Garrard and Rockcastle Counties, Kentucky | James Louis Gualtieri | 1968, GQ-684","source_url":"https://pubs.usgs.gov/publication/gq684","original_line_symbol":"Mbr","polygon_pair_below_above":"Mb|Msg","contact_style":"CONTACT","contact_comments":"Renfro Member of Slade Formation","meaning":"Not interpreted as the target contact.","class_label":"AMBIGUOUS","confidence":"Not used"},"geometry":{"type":"LineString","coordinates":[[-84.25827,37.44701],[-84.25856,37.44694]]}},{"type":"Feature","properties":{"quad":"Wildie","gq_number":"684","source_pub":"Geologic map of the Wildie quadrangle, Garrard and Rockcastle Counties, Kentucky | James Louis Gualtieri | 1968, GQ-684","source_url":"https://pubs.usgs.gov/publication/gq684","original_line_symbol":"Mbh","polygon_pair_below_above":"Mb|Mbr","contact_style":"CONTACT","contact_comments":"Halls Gap Member, Borden Formation","meaning":"Top of Halls Gap Member (Mbh) under Renfro; the Wildie (upper-Nada equivalent) is absent or unmapped here, so the target horizon may be missing or included in an adjacent unit.","class_label":"AMBIGUOUS","confidence":"Not used"},"geometry":{"type":"MultiLineString","coordinates":[[[-84.37494,37.44356],[-84.37447,37.44319],[-84.37399,37.44301],[-84.37375,37.44301],[-84.37353,37.44311],[-84.37319,37.44352],[-84.37267,37.44319],[-84.3725,37.44317],[-84.37108,37.44338],[-84.37095,37.44363],[-84.371,37.44413],[-84.37135,37.44504],[-84.37189,37.44617],[-84.37232,37.44626]],[[-84.37407,37.4475],[-84.37335,37.44749],[-84.37314,37.44761],[-84.37331,37.44816],[-84.37358,37.44838],[-84.37417,37.44852],[-84.37433,37.44877],[-84.37391,37.44908],[-84.3736,37.44959],[-84.37358,37.44984],[-84.37388,37.45012],[-84.37385,37.45034],[-84.37339,37.45038],[-84.37317,37.45061]],[[-84.37251,37.44627],[-84.37238,37.44661],[-84.37256,37.44683],[-84.37396,37.44738]]]}},{"type":"Feature","properties":{"quad":"Johnetta","gq_number":"685","source_pub":"Geologic map of the Johnetta quadrangle, Rockcastle and Jackson Counties, Kentucky | James Louis Gualtieri | 1968, GQ-685","source_url":"https://pubs.usgs.gov/publication/gq685","original_line_symbol":"Mbr","polygon_pair_below_above":"Mb|Msg","contact_style":"CONTACT","contact_comments":"Renfro Member of Slade Formation","meaning":"Not interpreted as the target contact.","class_label":"AMBIGUOUS","confidence":"Not used"},"geometry":{"type":"LineString","coordinates":[[-84.24236,37.44253],[-84.24273,37.44279]]}},{"type":"Feature","properties":{"quad":"Wildie","gq_number":"684","source_pub":"Geologic map of the Wildie quadrangle, Garrard and Rockcastle Counties, Kentucky | James Louis Gualtieri | 1968, GQ-684","source_url":"https://pubs.usgs.gov/publication/gq684","original_line_symbol":"Mbh","polygon_pair_below_above":"Mb|Mbr","contact_style":"CONTACT","contact_comments":"Halls Gap Member, Borden Formation","meaning":"Top of Halls Gap Member (Mbh) under Renfro; the Wildie (upper-Nada equivalent) is absent or unmapped here, so the target horizon may be missing or included in an adjacent unit.","class_label":"AMBIGUOUS","confidence":"Not used"},"geometry":{"type":"LineString","coordinates":[[-84.34608,37.44269],[-84.34537,37.44239],[-84.34496,37.44203],[-84.34468,37.44197],[-84.34446,37.44207],[-84.3444,37.44219],[-84.34477,37.44308],[-84.34477,37.44358],[-84.34468,37.44374],[-84.34416,37.44388],[-84.3441,37.44418],[-84.34416,37.44428],[-84.34509,37.44466],[-84.34531,37.44496],[-84.34615,37.44542],[-84.34551,37.44588],[-84.34527,37.44634],[-84.34579,37.44658],[-84.34617,37.44697],[-84.34628,37.4474],[-84.34648,37.44764],[-84.34688,37.44778],[-84.34732,37.44776],[-84.34791,37.4474],[-84.34839,37.4473],[-84.3488,37.44759],[-84.34987,37.44749],[-84.35193,37.44752],[-84.35206,37.44704],[-84.35181,37.44639],[-84.352,37.44628],[-84.353,37.44701],[-84.35365,37.44706],[-84.35366,37.44723],[-84.35338,37.44756],[-84.35339,37.44781],[-84.35317,37.44833],[-84.35412,37.44864],[-84.35497,37.44908],[-84.35507,37.44924],[-84.35481,37.44944],[-84.35379,37.44942],[-84.35376,37.45002],[-84.35363,37.45024],[-84.35282,37.45028],[-84.35236,37.45087],[-84.35226,37.45088],[-84.35205,37.45069],[-84.35188,37.45032],[-84.35199,37.44976],[-84.35188,37.44968],[-84.35157,37.44972],[-84.35115,37.44994],[-84.35093,37.44986],[-84.35039,37.44938],[-84.35009,37.44939],[-84.3498,37.44955],[-84.34968,37.44984],[-84.3497,37.45022],[-84.35008,37.45091],[-84.35053,37.45129],[-84.35048,37.45159],[-84.35028,37.4521],[-84.34983,37.45217],[-84.34977,37.4523],[-84.35005,37.45301],[-84.3495,37.45345],[-84.3492,37.45316]]}},{"type":"Feature","properties":{"quad":"Crab Orchard","gq_number":"571","source_pub":"Geologic map of the Crab Orchard quadrangle, Lincoln County, Kentucky | James Louis Gualtieri | 1967, GQ-571","source_url":"https://pubs.usgs.gov/publication/gq571","original_line_symbol":"Mbh","polygon_pair_below_above":"Mb|Mbr","contact_style":"CONTACT","contact_comments":"Halls Gap Member, Borden Formation","meaning":"Top of Halls Gap Member (Mbh) under Renfro; the Wildie (upper-Nada equivalent) is absent or unmapped here, so the target horizon may be missing or included in an adjacent unit.","class_label":"AMBIGUOUS","confidence":"Not used"},"geometry":{"type":"LineString","coordinates":[[-84.58703,37.44189],[-84.58707,37.44184]]}},{"type":"Feature","properties":{"quad":"Brodhead","gq_number":"662","source_pub":"Geologic map of the Brodhead quadrangle, east-central Kentucky | James Louis Gualtieri | 1967, GQ-662","source_url":"https://pubs.usgs.gov/publication/gq662","original_line_symbol":"Mbh","polygon_pair_below_above":"Mb|Mbr","contact_style":"CONTACT","contact_comments":"Halls Gap Member, Borden Formation","meaning":"Top of Halls Gap Member (Mbh) under Renfro; the Wildie (upper-Nada equivalent) is absent or unmapped here, so the target horizon may be missing or included in an adjacent unit.","class_label":"AMBIGUOUS","confidence":"Not used"},"geometry":{"type":"MultiLineString","coordinates":[[[-84.37581,37.44231],[-84.37697,37.44204],[-84.3778,37.44204],[-84.37782,37.44162]],[[-84.37763,37.44169],[-84.37722,37.44187],[-84.37642,37.442],[-84.3761,37.44196]],[[-84.37592,37.44197],[-84.37494,37.44221]],[[-84.37494,37.44356],[-84.3754,37.44391],[-84.37576,37.44453],[-84.3761,37.44466],[-84.37619,37.44454],[-84.37602,37.44404],[-84.37563,37.44355]],[[-84.37533,37.44325],[-84.37521,37.44279],[-84.37542,37.4425]]]}},{"type":"Feature","properties":{"quad":"Brodhead","gq_number":"662","source_pub":"Geologic map of the Brodhead quadrangle, east-central Kentucky | James Louis Gualtieri | 1967, GQ-662","source_url":"https://pubs.usgs.gov/publication/gq662","original_line_symbol":"Mbh","polygon_pair_below_above":"Mb|Mbr","contact_style":"CONTACT","contact_comments":"Halls Gap Member, Borden Formation","meaning":"Top of Halls Gap Member (Mbh) under Renfro; the Wildie (upper-Nada equivalent) is absent or unmapped here, so the target horizon may be missing or included in an adjacent unit.","class_label":"AMBIGUOUS","confidence":"Not used"},"geometry":{"type":"LineString","coordinates":[[-84.44124,37.44231],[-84.44124,37.44193],[-84.44105,37.44151],[-84.43995,37.44147],[-84.43921,37.44097],[-84.43921,37.44154],[-84.43969,37.44218],[-84.44048,37.44254],[-84.44076,37.44258],[-84.44114,37.44251],[-84.44124,37.44231]]}},{"type":"Feature","properties":{"quad":"Wildie","gq_number":"684","source_pub":"Geologic map of the Wildie quadrangle, Garrard and Rockcastle Counties, Kentucky | James Louis Gualtieri | 1968, GQ-684","source_url":"https://pubs.usgs.gov/publication/gq684","original_line_symbol":"Mbh","polygon_pair_below_above":"Mb|Mbr","contact_style":"CONTACT","contact_comments":"Halls Gap Member, Borden Formation","meaning":"Top of Halls Gap Member (Mbh) under Renfro; the Wildie (upper-Nada equivalent) is absent or unmapped here, so the target horizon may be missing or included in an adjacent unit.","class_label":"AMBIGUOUS","confidence":"Not used"},"geometry":{"type":"LineString","coordinates":[[-84.34878,37.44061],[-84.34802,37.4408],[-84.34775,37.44105],[-84.34776,37.44113],[-84.34845,37.44166],[-84.34934,37.44277],[-84.34877,37.44307],[-84.34818,37.44276],[-84.3479,37.44282],[-84.34796,37.44306],[-84.34862,37.44384],[-84.34815,37.44391],[-84.34735,37.44379],[-84.3472,37.44428],[-84.34706,37.44439],[-84.34654,37.4439],[-84.34625,37.44284],[-84.34608,37.44269]]}},{"type":"Feature","properties":{"quad":"Wildie","gq_number":"684","source_pub":"Geologic map of the Wildie quadrangle, Garrard and Rockcastle Counties, Kentucky | James Louis Gualtieri | 1968, GQ-684","source_url":"https://pubs.usgs.gov/publication/gq684","original_line_symbol":"Mbw","polygon_pair_below_above":"Mb|Msb","contact_style":"CONTACT","contact_comments":"Wildie Member, Borden Formation","meaning":"Not interpreted as the target contact.","class_label":"AMBIGUOUS","confidence":"Not used"},"geometry":{"type":"MultiLineString","coordinates":[[[-84.26423,37.44224],[-84.26461,37.44219]],[[-84.26233,37.44064],[-84.26242,37.44057]],[[-84.26054,37.45384],[-84.26122,37.45364]],[[-84.25977,37.44163],[-84.26089,37.44169]],[[-84.25839,37.44711],[-84.25874,37.44701]]]}},{"type":"Feature","properties":{"quad":"Brodhead","gq_number":"662","source_pub":"Geologic map of the Brodhead quadrangle, east-central Kentucky | James Louis Gualtieri | 1967, GQ-662","source_url":"https://pubs.usgs.gov/publication/gq662","original_line_symbol":"Mbh","polygon_pair_below_above":"Mb|Mbr","contact_style":"CONTACT","contact_comments":"Halls Gap Member, Borden Formation","meaning":"Top of Halls Gap Member (Mbh) under Renfro; the Wildie (upper-Nada equivalent) is absent or unmapped here, so the target horizon may be missing or included in an adjacent unit.","class_label":"AMBIGUOUS","confidence":"Not used"},"geometry":{"type":"LineString","coordinates":[[-84.385,37.44492],[-84.38558,37.445],[-84.386,37.44515],[-84.38658,37.44494],[-84.38731,37.44484],[-84.38767,37.44496],[-84.38795,37.44529],[-84.38784,37.44538],[-84.3874,37.4453],[-84.387,37.44537],[-84.38681,37.44549],[-84.3868,37.44586],[-84.38654,37.4462],[-84.38612,37.44609],[-84.38583,37.44618],[-84.38548,37.44692],[-84.38607,37.44737],[-84.3865,37.448],[-84.38517,37.44794],[-84.38478,37.44803],[-84.38429,37.44857],[-84.38486,37.44893],[-84.38505,37.44933],[-84.38368,37.44999],[-84.38356,37.45018],[-84.38356,37.45057],[-84.38372,37.45067],[-84.38391,37.45065],[-84.38442,37.45032],[-84.3848,37.45032],[-84.3855,37.45087],[-84.38574,37.45056],[-84.38611,37.45033],[-84.38621,37.44994],[-84.38679,37.44919],[-84.38725,37.44921],[-84.38787,37.4491],[-84.38793,37.44986],[-84.38859,37.45116],[-84.38862,37.45154],[-84.38847,37.45203],[-84.38873,37.45209],[-84.38915,37.45195],[-84.3894,37.45172],[-84.38959,37.45131],[-84.38958,37.45106],[-84.38981,37.45079],[-84.38978,37.45052],[-84.38914,37.45032],[-84.38899,37.45014],[-84.38988,37.4495],[-84.39015,37.44944],[-84.39108,37.44969],[-84.39162,37.4494],[-84.39286,37.44942],[-84.39339,37.44912],[-84.39333,37.44893],[-84.39305,37.44878],[-84.3921,37.44855],[-84.39103,37.44855],[-84.38994,37.4481],[-84.38984,37.44795],[-84.38995,37.44786],[-84.39092,37.44767],[-84.3916,37.44728],[-84.39183,37.44691],[-84.39187,37.44603],[-84.392,37.44579],[-84.3923,37.44577],[-84.39272,37.44612],[-84.39338,37.44639],[-84.39388,37.44643],[-84.39428,37.44612],[-84.3944,37.44587],[-84.39436,37.44566],[-84.39396,37.44548],[-84.39329,37.44497],[-84.39312,37.4447],[-84.39329,37.44451],[-84.39364,37.44439],[-84.3952,37.44414],[-84.39532,37.44377],[-84.3946,37.44289],[-84.394,37.44299],[-84.39307,37.443],[-84.39317,37.44285],[-84.39448,37.4421],[-84.39444,37.44181],[-84.39405,37.44151],[-84.39403,37.44135],[-84.39507,37.44139],[-84.39531,37.4413],[-84.39555,37.44107],[-84.39585,37.44044],[-84.3963,37.44054],[-84.39641,37.44089],[-84.39623,37.44132],[-84.39587,37.44175],[-84.39592,37.44207],[-84.39628,37.44227],[-84.39683,37.44214],[-84.39702,37.44219],[-84.39705,37.44293],[-84.39721,37.44323],[-84.39753,37.44333],[-84.39795,37.44317],[-84.39808,37.44322],[-84.39816,37.44368],[-84.39804,37.44398]]}},{"type":"Feature","properties":{"quad":"Wildie","gq_number":"684","source_pub":"Geologic map of the Wildie quadrangle, Garrard and Rockcastle Counties, Kentucky | James Louis Gualtieri | 1968, GQ-684","source_url":"https://pubs.usgs.gov/publication/gq684","original_line_symbol":"Mbr","polygon_pair_below_above":"Mb|Msg","contact_style":"CONTACT","contact_comments":"Renfro Member of Slade Formation","meaning":"Not interpreted as the target contact.","class_label":"AMBIGUOUS","confidence":"Not used"},"geometry":{"type":"MultiLineString","coordinates":[[[-84.26399,37.44211],[-84.26461,37.44205]],[[-84.26265,37.4405],[-84.26274,37.44062]],[[-84.25958,37.44154],[-84.2608,37.44156]]]}},{"type":"Feature","properties":{"quad":"Wildie","gq_number":"684","source_pub":"Geologic map of the Wildie quadrangle, Garrard and Rockcastle Counties, Kentucky | James Louis Gualtieri | 1968, GQ-684","source_url":"https://pubs.usgs.gov/publication/gq684","original_line_symbol":"Mbh","polygon_pair_below_above":"Mb|Mbr","contact_style":"CONTACT","contact_comments":"Halls Gap Member, Borden Formation","meaning":"Top of Halls Gap Member (Mbh) under Renfro; the Wildie (upper-Nada equivalent) is absent or unmapped here, so the target horizon may be missing or included in an adjacent unit.","class_label":"AMBIGUOUS","confidence":"Not used"},"geometry":{"type":"MultiLineString","coordinates":[[[-84.37234,37.45114],[-84.37237,37.45083],[-84.3728,37.44992],[-84.3729,37.4491],[-84.37222,37.44774],[-84.37174,37.44731],[-84.37155,37.44722],[-84.37125,37.44724],[-84.37092,37.44762],[-84.37077,37.44808],[-84.37089,37.44857],[-84.37028,37.44858],[-84.3695,37.449],[-84.36925,37.44943],[-84.36937,37.44988],[-84.36929,37.45013],[-84.36908,37.45017],[-84.36885,37.44973],[-84.36856,37.44975],[-84.36821,37.45068],[-84.36774,37.45126],[-84.36763,37.45165],[-84.36748,37.45171],[-84.36735,37.45142],[-84.3674,37.45107],[-84.36814,37.45],[-84.36813,37.44962],[-84.3683,37.44923],[-84.36824,37.44903],[-84.36866,37.44896]],[[-84.36884,37.4488],[-84.36929,37.44817],[-84.36984,37.44769],[-84.37016,37.44691],[-84.37007,37.44664],[-84.36968,37.44652],[-84.36995,37.44603],[-84.36991,37.44589],[-84.36954,37.44565],[-84.36967,37.44532],[-84.36945,37.44507],[-84.3694,37.44461],[-84.36906,37.44424],[-84.3688,37.44426],[-84.36787,37.44473],[-84.36753,37.44516],[-84.36731,37.44565],[-84.36668,37.44578],[-84.36636,37.44597],[-84.36566,37.44675],[-84.36548,37.44724]],[[-84.3653,37.44727],[-84.36496,37.44653],[-84.36546,37.4463],[-84.36572,37.44605],[-84.36588,37.44564],[-84.36683,37.44494],[-84.36747,37.4441],[-84.36841,37.44361],[-84.36876,37.44329],[-84.36883,37.44307],[-84.36849,37.44245],[-84.36726,37.44155],[-84.367,37.44155],[-84.36654,37.44174],[-84.36583,37.44254],[-84.36557,37.44259],[-84.36554,37.44186],[-84.36601,37.44096],[-84.36598,37.4408],[-84.3654,37.44039],[-84.36443,37.44006],[-84.36417,37.44014],[-84.36402,37.44081],[-84.36362,37.44121],[-84.3635,37.44175],[-84.36333,37.44185],[-84.36302,37.44134],[-84.36268,37.44129],[-84.36249,37.44117],[-84.36259,37.43983],[-84.36238,37.43969],[-84.36182,37.43967],[-84.36149,37.43979],[-84.36118,37.4401],[-84.36101,37.44133],[-84.36089,37.44159],[-84.36025,37.44102],[-84.36021,37.44054],[-84.35972,37.44057],[-84.35957,37.44045],[-84.35969,37.44006],[-84.35956,37.43959],[-84.35936,37.43949],[-84.35888,37.43963],[-84.35797,37.44077],[-84.3581,37.44145],[-84.35739,37.44204],[-84.35727,37.44232],[-84.35735,37.44267],[-84.35779,37.44308],[-84.35866,37.44327],[-84.35952,37.44331],[-84.36015,37.44363],[-84.36057,37.4445]],[[-84.36058,37.44453],[-84.36055,37.44455]],[[-84.36041,37.44452],[-84.35969,37.44392],[-84.35924,37.44404],[-84.3589,37.44385],[-84.35869,37.44385],[-84.35827,37.44399],[-84.3582,37.44425],[-84.35836,37.44533],[-84.35831,37.44583],[-84.35807,37.44655],[-84.35772,37.44694],[-84.35786,37.44754],[-84.35775,37.44762],[-84.35718,37.44716],[-84.35769,37.44529]]]}},{"type":"Feature","properties":{"quad":"Wildie","gq_number":"684","source_pub":"Geologic map of the Wildie quadrangle, Garrard and Rockcastle Counties, Kentucky | James Louis Gualtieri | 1968, GQ-684","source_url":"https://pubs.usgs.gov/publication/gq684","original_line_symbol":"Mbh","polygon_pair_below_above":"Mb|Mbr","contact_style":"CONTACT","contact_comments":"Halls Gap Member, Borden Formation","meaning":"Top of Halls Gap Member (Mbh) under Renfro; the Wildie (upper-Nada equivalent) is absent or unmapped here, so the target horizon may be missing or included in an adjacent unit.","class_label":"AMBIGUOUS","confidence":"Not used"},"geometry":{"type":"LineString","coordinates":[[-84.37494,37.44221],[-84.37488,37.44226],[-84.37347,37.44192],[-84.37216,37.44201],[-84.37113,37.44193],[-84.37065,37.44173],[-84.36933,37.44064],[-84.36917,37.44036],[-84.36972,37.44038],[-84.3701,37.43995],[-84.37123,37.44007],[-84.37205,37.44],[-84.37291,37.43941],[-84.37269,37.43934],[-84.37186,37.43963],[-84.37132,37.43965],[-84.37074,37.43943],[-84.37045,37.43903],[-84.36992,37.43943]]}},{"type":"Feature","properties":{"quad":"Crab Orchard","gq_number":"571","source_pub":"Geologic map of the Crab Orchard quadrangle, Lincoln County, Kentucky | James Louis Gualtieri | 1967, GQ-571","source_url":"https://pubs.usgs.gov/publication/gq571","original_line_symbol":"Mbh","polygon_pair_below_above":"Mb|Mbr","contact_style":"CONTACT","contact_comments":"Halls Gap Member, Borden Formation","meaning":"Top of Halls Gap Member (Mbh) under Renfro; the Wildie (upper-Nada equivalent) is absent or unmapped here, so the target horizon may be missing or included in an adjacent unit.","class_label":"AMBIGUOUS","confidence":"Not used"},"geometry":{"type":"LineString","coordinates":[[-84.59371,37.43961],[-84.59332,37.43969],[-84.59291,37.43958],[-84.5928,37.43918],[-84.59293,37.43896],[-84.59322,37.43897],[-84.59356,37.43925],[-84.59371,37.43961]]}},{"type":"Feature","properties":{"quad":"Crab Orchard","gq_number":"571","source_pub":"Geologic map of the Crab Orchard quadrangle, Lincoln County, Kentucky | James Louis Gualtieri | 1967, GQ-571","source_url":"https://pubs.usgs.gov/publication/gq571","original_line_symbol":"Mbh","polygon_pair_below_above":"Mb|Mbr","contact_style":"CONTACT","contact_comments":"Halls Gap Member, Borden Formation","meaning":"Top of Halls Gap Member (Mbh) under Renfro; the Wildie (upper-Nada equivalent) is absent or unmapped here, so the target horizon may be missing or included in an adjacent unit.","class_label":"AMBIGUOUS","confidence":"Not used"},"geometry":{"type":"LineString","coordinates":[[-84.52274,37.4389],[-84.52269,37.43867],[-84.52254,37.43857],[-84.52166,37.43833],[-84.52145,37.43872],[-84.52143,37.43916],[-84.52173,37.43924],[-84.52266,37.43904],[-84.52274,37.4389]]}},{"type":"Feature","properties":{"quad":"Johnetta","gq_number":"685","source_pub":"Geologic map of the Johnetta quadrangle, Rockcastle and Jackson Counties, Kentucky | James Louis Gualtieri | 1968, GQ-685","source_url":"https://pubs.usgs.gov/publication/gq685","original_line_symbol":"Mbr","polygon_pair_below_above":"Mb|Msb","contact_style":"CONTACT","contact_comments":"Renfro Member of Slade Formation","meaning":"Not interpreted as the target contact.","class_label":"AMBIGUOUS","confidence":"Not used"},"geometry":{"type":"MultiLineString","coordinates":[[[-84.23699,37.44462],[-84.23696,37.44519]],[[-84.2368,37.44581],[-84.23641,37.44632],[-84.23565,37.44693]],[[-84.23434,37.44797],[-84.23361,37.44784],[-84.23252,37.44781]],[[-84.23239,37.44817],[-84.23323,37.4484]]]}},{"type":"Feature","properties":{"quad":"Crab Orchard","gq_number":"571","source_pub":"Geologic map of the Crab Orchard quadrangle, Lincoln County, Kentucky | James Louis Gualtieri | 1967, GQ-571","source_url":"https://pubs.usgs.gov/publication/gq571","original_line_symbol":"Mbh","polygon_pair_below_above":"Mb|Mbr","contact_style":"CONTACT","contact_comments":"Halls Gap Member, Borden Formation","meaning":"Top of Halls Gap Member (Mbh) under Renfro; the Wildie (upper-Nada equivalent) is absent or unmapped here, so the target horizon may be missing or included in an adjacent unit.","class_label":"AMBIGUOUS","confidence":"Not used"},"geometry":{"type":"LineString","coordinates":[[-84.52004,37.43794],[-84.51997,37.43799]]}},{"type":"Feature","properties":{"quad":"Crab Orchard","gq_number":"571","source_pub":"Geologic map of the Crab Orchard quadrangle, Lincoln County, Kentucky | James Louis Gualtieri | 1967, GQ-571","source_url":"https://pubs.usgs.gov/publication/gq571","original_line_symbol":"Mbh","polygon_pair_below_above":"Mb|Mbr","contact_style":"CONTACT","contact_comments":"Halls Gap Member, Borden Formation","meaning":"Top of Halls Gap Member (Mbh) under Renfro; the Wildie (upper-Nada equivalent) is absent or unmapped here, so the target horizon may be missing or included in an adjacent unit.","class_label":"AMBIGUOUS","confidence":"Not used"},"geometry":{"type":"LineString","coordinates":[[-84.59648,37.43949],[-84.59615,37.43926],[-84.59577,37.43867],[-84.59563,37.43793],[-84.5954,37.43784],[-84.59518,37.43791],[-84.5951,37.43932],[-84.59472,37.43967],[-84.59508,37.43996],[-84.59559,37.44009],[-84.59584,37.44003],[-84.59634,37.43971],[-84.59648,37.43949]]}},{"type":"Feature","properties":{"quad":"Wildie","gq_number":"684","source_pub":"Geologic map of the Wildie quadrangle, Garrard and Rockcastle Counties, Kentucky | James Louis Gualtieri | 1968, GQ-684","source_url":"https://pubs.usgs.gov/publication/gq684","original_line_symbol":"Mbh","polygon_pair_below_above":"Mb|Mbr","contact_style":"CONTACT","contact_comments":"Halls Gap Member, Borden Formation","meaning":"Top of Halls Gap Member (Mbh) under Renfro; the Wildie (upper-Nada equivalent) is absent or unmapped here, so the target horizon may be missing or included in an adjacent unit.","class_label":"AMBIGUOUS","confidence":"Not used"},"geometry":{"type":"LineString","coordinates":[[-84.35769,37.44529],[-84.35765,37.4446],[-84.35706,37.44392],[-84.35666,37.44405],[-84.35625,37.44404],[-84.35571,37.44471],[-84.35555,37.44463],[-84.35551,37.44422],[-84.35512,37.4441],[-84.35518,37.44382],[-84.35561,37.44366],[-84.35579,37.44342],[-84.35576,37.44276],[-84.35543,37.44239],[-84.35553,37.44201],[-84.35544,37.44181],[-84.3548,37.44141],[-84.35569,37.44119],[-84.35597,37.44105],[-84.35604,37.4409],[-84.35575,37.44046],[-84.35479,37.44017],[-84.35475,37.44008],[-84.35498,37.4399],[-84.3557,37.43978],[-84.35614,37.4396],[-84.35652,37.43919],[-84.35666,37.43881],[-84.35658,37.4386],[-84.35603,37.43859],[-84.35621,37.43784],[-84.35581,37.43712],[-84.3555,37.4371],[-84.35492,37.43727],[-84.35409,37.43728],[-84.35391,37.43721],[-84.35391,37.43711],[-84.35446,37.43667],[-84.35462,37.4364],[-84.35448,37.43623],[-84.354,37.43617],[-84.35401,37.43596],[-84.35455,37.43565]]}},{"type":"Feature","properties":{"quad":"Brodhead","gq_number":"662","source_pub":"Geologic map of the Brodhead quadrangle, east-central Kentucky | James Louis Gualtieri | 1967, GQ-662","source_url":"https://pubs.usgs.gov/publication/gq662","original_line_symbol":"Mbh","polygon_pair_below_above":"Mb|Mbr","contact_style":"CONTACT","contact_comments":"Halls Gap Member, Borden Formation","meaning":"Top of Halls Gap Member (Mbh) under Renfro; the Wildie (upper-Nada equivalent) is absent or unmapped here, so the target horizon may be missing or included in an adjacent unit.","class_label":"AMBIGUOUS","confidence":"Not used"},"geometry":{"type":"LineString","coordinates":[[-84.39804,37.44398],[-84.39788,37.44429],[-84.39814,37.44594],[-84.39772,37.44697],[-84.39768,37.4473],[-84.3978,37.44782],[-84.39823,37.44829],[-84.39827,37.44928],[-84.39868,37.44945],[-84.39914,37.4493],[-84.399,37.44832],[-84.3992,37.44783],[-84.39964,37.44733],[-84.39929,37.44665],[-84.39926,37.44607],[-84.39863,37.44493],[-84.39877,37.44435],[-84.39909,37.44383],[-84.39942,37.44364],[-84.39978,37.44393],[-84.40063,37.44437],[-84.40098,37.44438],[-84.40139,37.44379],[-84.40137,37.44339],[-84.4017,37.44293],[-84.40206,37.44285],[-84.40289,37.44294],[-84.40307,37.44286],[-84.40315,37.44268],[-84.40302,37.44251],[-84.40219,37.44246],[-84.40208,37.44239],[-84.40199,37.44214],[-84.40205,37.44193],[-84.40173,37.44162],[-84.40181,37.44147],[-84.40208,37.4414],[-84.40318,37.44148],[-84.40342,37.44125],[-84.40335,37.4409],[-84.40234,37.44043],[-84.40227,37.44032],[-84.40297,37.44013],[-84.4041,37.44031],[-84.40476,37.44117],[-84.40496,37.44124],[-84.40544,37.44069],[-84.40585,37.44087],[-84.40627,37.44086],[-84.40651,37.44073],[-84.40691,37.44033],[-84.40729,37.44019],[-84.40752,37.44064],[-84.40742,37.44104],[-84.40703,37.4414],[-84.40681,37.44176],[-84.40632,37.44196],[-84.40605,37.44219],[-84.40593,37.44275],[-84.40553,37.44303],[-84.40526,37.44347],[-84.40532,37.44374],[-84.40552,37.44388],[-84.40601,37.44387],[-84.40666,37.44363],[-84.40672,37.4443],[-84.40707,37.44471],[-84.40705,37.44565],[-84.40645,37.44551],[-84.40614,37.44555],[-84.40575,37.44594],[-84.40533,37.44598],[-84.40527,37.44635],[-84.40547,37.44646],[-84.40619,37.44655],[-84.40691,37.44703],[-84.40783,37.44732],[-84.408,37.44746],[-84.40813,37.44791],[-84.40825,37.44801],[-84.40859,37.44794],[-84.4091,37.44768],[-84.40944,37.44723],[-84.41019,37.44772],[-84.41088,37.44792],[-84.41084,37.44858],[-84.41047,37.44892],[-84.41031,37.44921],[-84.41045,37.44982],[-84.41004,37.4501],[-84.40993,37.45029],[-84.41076,37.45095],[-84.41175,37.45117],[-84.412,37.45072],[-84.41209,37.45031],[-84.41225,37.45014],[-84.41394,37.45023],[-84.41453,37.44992],[-84.41442,37.44971],[-84.41352,37.44907],[-84.41335,37.44878],[-84.41341,37.44865],[-84.41457,37.44858],[-84.41512,37.44839],[-84.41565,37.44806],[-84.41683,37.44797],[-84.41715,37.44761],[-84.41702,37.44724],[-84.4171,37.44684],[-84.4183,37.44684],[-84.41861,37.44666],[-84.41856,37.44655],[-84.4177,37.446],[-84.41753,37.44499],[-84.41654,37.44473],[-84.41621,37.4445],[-84.41625,37.44427],[-84.41658,37.44391],[-84.41666,37.44337],[-84.41659,37.44252],[-84.41737,37.44223],[-84.41855,37.44234],[-84.41924,37.44217],[-84.41927,37.44208],[-84.41891,37.44174],[-84.41862,37.44115],[-84.41858,37.44068],[-84.4188,37.44027],[-84.41934,37.44015],[-84.41993,37.44028],[-84.42103,37.44069],[-84.42198,37.44086],[-84.42251,37.44048],[-84.42319,37.4403],[-84.42333,37.44004],[-84.42264,37.43924],[-84.42194,37.43878],[-84.42192,37.43865],[-84.42254,37.43775],[-84.42512,37.43834],[-84.4256,37.43824],[-84.42582,37.43804],[-84.42564,37.43761],[-84.42566,37.43714],[-84.4259,37.43583],[-84.42635,37.43533],[-84.42711,37.43622],[-84.42763,37.43647],[-84.42894,37.43687],[-84.4291,37.43706],[-84.42925,37.43821],[-84.42957,37.43827],[-84.4309,37.43801],[-84.4313,37.43807],[-84.43201,37.43871],[-84.43327,37.43921],[-84.43366,37.43945],[-84.43419,37.44007],[-84.43457,37.44071],[-84.43475,37.44083],[-84.43574,37.4407],[-84.43719,37.44017],[-84.43769,37.44007]]}},{"type":"Feature","properties":{"quad":"Crab Orchard","gq_number":"571","source_pub":"Geologic map of the Crab Orchard quadrangle, Lincoln County, Kentucky | James Louis Gualtieri | 1967, GQ-571","source_url":"https://pubs.usgs.gov/publication/gq571","original_line_symbol":"Mbh","polygon_pair_below_above":"Mb|Mbr","contact_style":"CONTACT","contact_comments":"Halls Gap Member, Borden Formation","meaning":"Top of Halls Gap Member (Mbh) under Renfro; the Wildie (upper-Nada equivalent) is absent or unmapped here, so the target horizon may be missing or included in an adjacent unit.","class_label":"AMBIGUOUS","confidence":"Not used"},"geometry":{"type":"MultiLineString","coordinates":[[[-84.5968,37.43528],[-84.59688,37.43554],[-84.5968,37.43578],[-84.59704,37.43588],[-84.5986,37.43605],[-84.59891,37.43636],[-84.59923,37.43643],[-84.60035,37.43613],[-84.60105,37.43631],[-84.60167,37.4363],[-84.60197,37.43664],[-84.60197,37.43673],[-84.60057,37.4372],[-84.60032,37.43742],[-84.60105,37.43789],[-84.60211,37.43824],[-84.60277,37.43836],[-84.60271,37.43876],[-84.60155,37.43888],[-84.60001,37.43873],[-84.59988,37.43896],[-84.59992,37.43981],[-84.59973,37.43992],[-84.59947,37.43992],[-84.59913,37.43973],[-84.59859,37.43916],[-84.59827,37.43813],[-84.59799,37.43794],[-84.59775,37.43796],[-84.5975,37.43827],[-84.59738,37.43904],[-84.59699,37.43961],[-84.59773,37.43999],[-84.59798,37.44064],[-84.59874,37.44084],[-84.60017,37.44067],[-84.60142,37.43992],[-84.60184,37.43979],[-84.60265,37.43976],[-84.60318,37.44007],[-84.60322,37.44032],[-84.60268,37.44048],[-84.60243,37.44066],[-84.60214,37.44112],[-84.60213,37.44137],[-84.60237,37.44144],[-84.60314,37.44126],[-84.60359,37.44131],[-84.60373,37.44145],[-84.60374,37.44169],[-84.6035,37.44226],[-84.60375,37.4425],[-84.60407,37.44249],[-84.60471,37.44218],[-84.60501,37.44222],[-84.60543,37.44277],[-84.60622,37.44316],[-84.60656,37.44361],[-84.60701,37.44395],[-84.60738,37.44476],[-84.60777,37.44505],[-84.60806,37.44542],[-84.60806,37.44569],[-84.60772,37.44603],[-84.60769,37.44642],[-84.60731,37.44735],[-84.60717,37.44848]],[[-84.60702,37.44843],[-84.60687,37.44809],[-84.60679,37.44737],[-84.60687,37.44643],[-84.60679,37.44599],[-84.60667,37.44595],[-84.60638,37.44609],[-84.60557,37.44685],[-84.60525,37.44689],[-84.60528,37.44659],[-84.60554,37.44602],[-84.60552,37.44548],[-84.60575,37.44496],[-84.60565,37.44469],[-84.60523,37.44431],[-84.60498,37.44415],[-84.60457,37.44414],[-84.60448,37.44424],[-84.60447,37.44487],[-84.60426,37.44506],[-84.60393,37.44515],[-84.60342,37.445],[-84.60315,37.44469],[-84.60263,37.44463],[-84.60225,37.44411],[-84.60195,37.44404],[-84.60206,37.44456],[-84.6026,37.44491]]]}},{"type":"Feature","properties":{"quad":"Crab Orchard","gq_number":"571","source_pub":"Geologic map of the Crab Orchard quadrangle, Lincoln County, Kentucky | James Louis Gualtieri | 1967, GQ-571","source_url":"https://pubs.usgs.gov/publication/gq571","original_line_symbol":"Mbh","polygon_pair_below_above":"Mb|Mbr","contact_style":"CONTACT","contact_comments":"Halls Gap Member, Borden Formation","meaning":"Top of Halls Gap Member (Mbh) under Renfro; the Wildie (upper-Nada equivalent) is absent or unmapped here, so the target horizon may be missing or included in an adjacent unit.","class_label":"AMBIGUOUS","confidence":"Not used"},"geometry":{"type":"MultiLineString","coordinates":[[[-84.52493,37.43532],[-84.52485,37.43515],[-84.52498,37.43506],[-84.52503,37.43532]],[[-84.525,37.43564],[-84.52492,37.43606]],[[-84.52487,37.43611],[-84.52476,37.43595],[-84.52486,37.43565]]]}},{"type":"Feature","properties":{"quad":"Crab Orchard","gq_number":"571","source_pub":"Geologic map of the Crab Orchard quadrangle, Lincoln County, Kentucky | James Louis Gualtieri | 1967, GQ-571","source_url":"https://pubs.usgs.gov/publication/gq571","original_line_symbol":"Mbh","polygon_pair_below_above":"Mb|Mbr","contact_style":"CONTACT","contact_comments":"Halls Gap Member, Borden Formation","meaning":"Top of Halls Gap Member (Mbh) under Renfro; the Wildie (upper-Nada equivalent) is absent or unmapped here, so the target horizon may be missing or included in an adjacent unit.","class_label":"AMBIGUOUS","confidence":"Not used"},"geometry":{"type":"LineString","coordinates":[[-84.57243,37.43463],[-84.57239,37.43473],[-84.57191,37.43487],[-84.57134,37.43534],[-84.57122,37.43533],[-84.57085,37.43468],[-84.57088,37.4346],[-84.57122,37.43469],[-84.57167,37.43467],[-84.57232,37.43423],[-84.57243,37.43463]]}},{"type":"Feature","properties":{"quad":"Crab Orchard","gq_number":"571","source_pub":"Geologic map of the Crab Orchard quadrangle, Lincoln County, Kentucky | James Louis Gualtieri | 1967, GQ-571","source_url":"https://pubs.usgs.gov/publication/gq571","original_line_symbol":"Mbh","polygon_pair_below_above":"Mb|Mbr","contact_style":"CONTACT","contact_comments":"Halls Gap Member, Borden Formation","meaning":"Top of Halls Gap Member (Mbh) under Renfro; the Wildie (upper-Nada equivalent) is absent or unmapped here, so the target horizon may be missing or included in an adjacent unit.","class_label":"AMBIGUOUS","confidence":"Not used"},"geometry":{"type":"LineString","coordinates":[[-84.56413,37.434],[-84.56407,37.43378],[-84.56393,37.43369],[-84.56375,37.43371],[-84.5637,37.43392],[-84.56381,37.43402],[-84.56406,37.43407],[-84.56413,37.434]]}},{"type":"Feature","properties":{"quad":"Wildie","gq_number":"684","source_pub":"Geologic map of the Wildie quadrangle, Garrard and Rockcastle Counties, Kentucky | James Louis Gualtieri | 1968, GQ-684","source_url":"https://pubs.usgs.gov/publication/gq684","original_line_symbol":"Mbw","polygon_pair_below_above":"Mb|Msb","contact_style":"CONTACT","contact_comments":"Wildie Member, Borden Formation","meaning":"Not interpreted as the target contact.","class_label":"AMBIGUOUS","confidence":"Not used"},"geometry":{"type":"LineString","coordinates":[[-84.27049,37.43586],[-84.27039,37.43586]]}},{"type":"Feature","properties":{"quad":"Wildie","gq_number":"684","source_pub":"Geologic map of the Wildie quadrangle, Garrard and Rockcastle Counties, Kentucky | James Louis Gualtieri | 1968, GQ-684","source_url":"https://pubs.usgs.gov/publication/gq684","original_line_symbol":"Mbh","polygon_pair_below_above":"Mb|Mbr","contact_style":"CONTACT","contact_comments":"Halls Gap Member, Borden Formation","meaning":"Top of Halls Gap Member (Mbh) under Renfro; the Wildie (upper-Nada equivalent) is absent or unmapped here, so the target horizon may be missing or included in an adjacent unit.","class_label":"AMBIGUOUS","confidence":"Not used"},"geometry":{"type":"LineString","coordinates":[[-84.33038,37.4346],[-84.33118,37.43441],[-84.3314,37.43426],[-84.33186,37.4335],[-84.33395,37.43274],[-84.33379,37.4331],[-84.33308,37.43353],[-84.33296,37.43398],[-84.33258,37.43431],[-84.33243,37.43458],[-84.33242,37.43487],[-84.33253,37.43505],[-84.33308,37.43547],[-84.33303,37.43553],[-84.3323,37.43585],[-84.33165,37.43583],[-84.33138,37.43594],[-84.33155,37.43623],[-84.33217,37.43653],[-84.33249,37.43703],[-84.33281,37.43715],[-84.33355,37.43713],[-84.33412,37.43733],[-84.33421,37.43745],[-84.33401,37.43759],[-84.33282,37.43799],[-84.33259,37.43817],[-84.33254,37.43845],[-84.33274,37.43925],[-84.33264,37.43936],[-84.33171,37.4394],[-84.3315,37.43932],[-84.33111,37.43814],[-84.3307,37.43773],[-84.33012,37.43748],[-84.32989,37.43753],[-84.32979,37.43768],[-84.32951,37.43854],[-84.3292,37.43859],[-84.3287,37.43849],[-84.32854,37.43832],[-84.32849,37.4375],[-84.32821,37.43693],[-84.32793,37.43672],[-84.32661,37.43643],[-84.32625,37.43685],[-84.32614,37.43683],[-84.32528,37.43631],[-84.32511,37.43558],[-84.32474,37.43532],[-84.32411,37.43528],[-84.32328,37.43556],[-84.32292,37.43484],[-84.3227,37.4347],[-84.32245,37.4347],[-84.32235,37.43497],[-84.32246,37.43591],[-84.32236,37.43601],[-84.32182,37.43586],[-84.32065,37.43513],[-84.32042,37.43512],[-84.32037,37.43524],[-84.32087,37.43636],[-84.32143,37.43685],[-84.32195,37.43696],[-84.32344,37.43704],[-84.32408,37.43718],[-84.32561,37.43799],[-84.32676,37.43844],[-84.32707,37.43876],[-84.32704,37.43927],[-84.32727,37.43951],[-84.32917,37.43984],[-84.3295,37.43999],[-84.32981,37.44021],[-84.32994,37.44053],[-84.32944,37.44087],[-84.32941,37.44109],[-84.32958,37.44117],[-84.33099,37.44114],[-84.3314,37.44106],[-84.33291,37.44023],[-84.3335,37.4401],[-84.33368,37.44023],[-84.3338,37.44069],[-84.33407,37.44099],[-84.3352,37.44117],[-84.33575,37.44163],[-84.33801,37.44206],[-84.33846,37.44204],[-84.33861,37.44194],[-84.33861,37.44169],[-84.33825,37.44131],[-84.33792,37.44037],[-84.33802,37.43987],[-84.3394,37.4382],[-84.3395,37.43795],[-84.33925,37.43751],[-84.33934,37.43718],[-84.33997,37.43728],[-84.34113,37.43678],[-84.34183,37.43673],[-84.34205,37.4368],[-84.34203,37.43699],[-84.34187,37.43719],[-84.34135,37.43728],[-84.34097,37.43764],[-84.34051,37.43899],[-84.34008,37.43963],[-84.34003,37.44016],[-84.34036,37.44048],[-84.34105,37.44072],[-84.34176,37.44071],[-84.34246,37.44036],[-84.3427,37.44013],[-84.34272,37.43956],[-84.34321,37.43939],[-84.34391,37.4395],[-84.34417,37.43944],[-84.34526,37.43865],[-84.3463,37.43713],[-84.34666,37.43681],[-84.3469,37.43685],[-84.34724,37.43715],[-84.34683,37.43742],[-84.34674,37.43761],[-84.34663,37.43798],[-84.3467,37.43846],[-84.34634,37.43889],[-84.34608,37.43958],[-84.34663,37.43968],[-84.34769,37.43958],[-84.34849,37.43978],[-84.34936,37.43947],[-84.34944,37.43961],[-84.34927,37.43975],[-84.34907,37.44026],[-84.34878,37.44061]]}},{"type":"Feature","properties":{"quad":"Crab Orchard","gq_number":"571","source_pub":"Geologic map of the Crab Orchard quadrangle, Lincoln County, Kentucky | James Louis Gualtieri | 1967, GQ-571","source_url":"https://pubs.usgs.gov/publication/gq571","original_line_symbol":"Mbh","polygon_pair_below_above":"Mb|Mbr","contact_style":"CONTACT","contact_comments":"Halls Gap Member, Borden Formation","meaning":"Top of Halls Gap Member (Mbh) under Renfro; the Wildie (upper-Nada equivalent) is absent or unmapped here, so the target horizon may be missing or included in an adjacent unit.","class_label":"AMBIGUOUS","confidence":"Not used"},"geometry":{"type":"LineString","coordinates":[[-84.57,37.43437],[-84.56995,37.43444],[-84.56945,37.43449],[-84.56886,37.43468],[-84.56886,37.43401],[-84.56872,37.43386],[-84.56806,37.43373],[-84.56699,37.43375],[-84.56671,37.43334],[-84.5667,37.43307],[-84.56686,37.43291],[-84.56798,37.43291],[-84.56908,37.43273],[-84.5693,37.43331],[-84.56991,37.43355],[-84.56977,37.43401],[-84.57,37.43437]]}},{"type":"Feature","properties":{"quad":"Brodhead","gq_number":"662","source_pub":"Geologic map of the Brodhead quadrangle, east-central Kentucky | James Louis Gualtieri | 1967, GQ-662","source_url":"https://pubs.usgs.gov/publication/gq662","original_line_symbol":"Mbh","polygon_pair_below_above":"Mb|Mbr","contact_style":"CONTACT","contact_comments":"Halls Gap Member, Borden Formation","meaning":"Top of Halls Gap Member (Mbh) under Renfro; the Wildie (upper-Nada equivalent) is absent or unmapped here, so the target horizon may be missing or included in an adjacent unit.","class_label":"AMBIGUOUS","confidence":"Not used"},"geometry":{"type":"LineString","coordinates":[[-84.43786,37.43287],[-84.43791,37.43287]]}},{"type":"Feature","properties":{"quad":"Brodhead","gq_number":"662","source_pub":"Geologic map of the Brodhead quadrangle, east-central Kentucky | James Louis Gualtieri | 1967, GQ-662","source_url":"https://pubs.usgs.gov/publication/gq662","original_line_symbol":"Mbh","polygon_pair_below_above":"Mb|Mbr","contact_style":"CONTACT","contact_comments":"Halls Gap Member, Borden Formation","meaning":"Top of Halls Gap Member (Mbh) under Renfro; the Wildie (upper-Nada equivalent) is absent or unmapped here, so the target horizon may be missing or included in an adjacent unit.","class_label":"AMBIGUOUS","confidence":"Not used"},"geometry":{"type":"LineString","coordinates":[[-84.39116,37.43081],[-84.39105,37.43076]]}},{"type":"Feature","properties":{"quad":"Brodhead","gq_number":"662","source_pub":"Geologic map of the Brodhead quadrangle, east-central Kentucky | James Louis Gualtieri | 1967, GQ-662","source_url":"https://pubs.usgs.gov/publication/gq662","original_line_symbol":"Mbh","polygon_pair_below_above":"Mb|Mbr","contact_style":"CONTACT","contact_comments":"Halls Gap Member, Borden Formation","meaning":"Top of Halls Gap Member (Mbh) under Renfro; the Wildie (upper-Nada equivalent) is absent or unmapped here, so the target horizon may be missing or included in an adjacent unit.","class_label":"AMBIGUOUS","confidence":"Not used"},"geometry":{"type":"MultiLineString","coordinates":[[[-84.41911,37.43761],[-84.41935,37.43851],[-84.41967,37.43918],[-84.41966,37.43936],[-84.4195,37.43941],[-84.41917,37.43933],[-84.41849,37.43896],[-84.41684,37.43759],[-84.41658,37.43754],[-84.41636,37.43766],[-84.41629,37.43788],[-84.41643,37.43847],[-84.41744,37.43937],[-84.41768,37.43984],[-84.41753,37.43998],[-84.41671,37.43997],[-84.41662,37.4401],[-84.41697,37.44081],[-84.41692,37.44106],[-84.41665,37.44108],[-84.41631,37.44089],[-84.41606,37.44096],[-84.41569,37.44192],[-84.41529,37.44201],[-84.4152,37.44195],[-84.41507,37.44114],[-84.41522,37.44065],[-84.41525,37.43985],[-84.41493,37.43924],[-84.4146,37.43916],[-84.41429,37.43926],[-84.41386,37.44],[-84.41279,37.44053],[-84.41276,37.44083],[-84.41325,37.44128],[-84.41329,37.44146],[-84.41323,37.44165],[-84.41296,37.44188],[-84.41245,37.44186],[-84.41229,37.44196],[-84.41223,37.44233],[-84.41234,37.44279],[-84.41268,37.44357],[-84.41302,37.44402],[-84.41432,37.44485],[-84.41423,37.44491],[-84.41376,37.44489],[-84.41336,37.4452],[-84.41324,37.44517],[-84.41289,37.44476],[-84.41241,37.4447],[-84.41197,37.44487],[-84.41162,37.44515],[-84.41136,37.44516],[-84.41131,37.44501],[-84.41173,37.44431],[-84.41174,37.44398],[-84.41164,37.44359],[-84.41103,37.44315],[-84.41041,37.44304],[-84.40983,37.44339],[-84.4093,37.44344],[-84.40942,37.44284],[-84.40888,37.44258],[-84.40887,37.44246],[-84.41028,37.44223],[-84.41054,37.44203],[-84.4106,37.4418],[-84.41048,37.4416],[-84.41005,37.44135],[-84.40914,37.44109],[-84.40912,37.441],[-84.40931,37.44081],[-84.41024,37.44075],[-84.41059,37.44057],[-84.41079,37.44007],[-84.41083,37.4396],[-84.41039,37.4394],[-84.40903,37.43927],[-84.40842,37.43933],[-84.40833,37.43893],[-84.40817,37.43876],[-84.4075,37.43855],[-84.40691,37.43819],[-84.40721,37.43804],[-84.40746,37.43765]],[[-84.41271,37.43341],[-84.41301,37.43325],[-84.41337,37.43287],[-84.4141,37.43301],[-84.41549,37.4328],[-84.41644,37.43276],[-84.41666,37.43269],[-84.41691,37.4324],[-84.41723,37.43134],[-84.41704,37.43132],[-84.41657,37.43162],[-84.41635,37.43166],[-84.41598,37.43098],[-84.41567,37.43095],[-84.41442,37.43125],[-84.41429,37.43121],[-84.41426,37.43111],[-84.41436,37.43092],[-84.4153,37.43017],[-84.41669,37.4295],[-84.41753,37.42877],[-84.41623,37.42889],[-84.41582,37.42832],[-84.41509,37.42807]],[[-84.40765,37.43752],[-84.40787,37.43786],[-84.40829,37.43817],[-84.40887,37.43824],[-84.4094,37.4381],[-84.40953,37.43834],[-84.40979,37.4384],[-84.41201,37.4382],[-84.4124,37.43804],[-84.41266,37.43777],[-84.41266,37.43751],[-84.41238,37.43723],[-84.41181,37.43687],[-84.41196,37.43659],[-84.41197,37.43618],[-84.41165,37.43562],[-84.41188,37.43561],[-84.41213,37.43572],[-84.41345,37.43658],[-84.41385,37.4366],[-84.41421,37.43627],[-84.41425,37.43612],[-84.414,37.43525],[-84.41416,37.43511],[-84.41539,37.43479],[-84.41568,37.43443],[-84.41571,37.43423],[-84.41558,37.43404],[-84.41503,37.43401],[-84.41462,37.43388],[-84.41407,37.43391],[-84.41348,37.43353],[-84.41274,37.43351]],[[-84.41268,37.4335],[-84.41265,37.43345]]]}},{"type":"Feature","properties":{"quad":"Crab Orchard","gq_number":"571","source_pub":"Geologic map of the Crab Orchard quadrangle, Lincoln County, Kentucky | James Louis Gualtieri | 1967, GQ-571","source_url":"https://pubs.usgs.gov/publication/gq571","original_line_symbol":"Mbh","polygon_pair_below_above":"Mb|Mbr","contact_style":"CONTACT","contact_comments":"Halls Gap Member, Borden Formation","meaning":"Top of Halls Gap Member (Mbh) under Renfro; the Wildie (upper-Nada equivalent) is absent or unmapped here, so the target horizon may be missing or included in an adjacent unit.","class_label":"AMBIGUOUS","confidence":"Not used"},"geometry":{"type":"MultiLineString","coordinates":[[[-84.51356,37.42883],[-84.51416,37.42872],[-84.51427,37.42862],[-84.51445,37.42833],[-84.51465,37.42763],[-84.51486,37.42765],[-84.51505,37.42793],[-84.51507,37.42836],[-84.51494,37.42868],[-84.5145,37.42913],[-84.51433,37.42948],[-84.51468,37.43036],[-84.51467,37.43058],[-84.51449,37.43082],[-84.51437,37.43086],[-84.51376,37.42929],[-84.51344,37.42892]],[[-84.51243,37.42786],[-84.51339,37.42877]],[[-84.51315,37.42877],[-84.51251,37.4283],[-84.51232,37.428]],[[-84.51223,37.42782],[-84.51229,37.42775]]]}},{"type":"Feature","properties":{"quad":"Brodhead","gq_number":"662","source_pub":"Geologic map of the Brodhead quadrangle, east-central Kentucky | James Louis Gualtieri | 1967, GQ-662","source_url":"https://pubs.usgs.gov/publication/gq662","original_line_symbol":"Mbh","polygon_pair_below_above":"Mb|Mbr","contact_style":"CONTACT","contact_comments":"Halls Gap Member, Borden Formation","meaning":"Top of Halls Gap Member (Mbh) under Renfro; the Wildie (upper-Nada equivalent) is absent or unmapped here, so the target horizon may be missing or included in an adjacent unit.","class_label":"AMBIGUOUS","confidence":"Not used"},"geometry":{"type":"MultiLineString","coordinates":[[[-84.43769,37.44007],[-84.43819,37.44014],[-84.43897,37.44045],[-84.43915,37.43937],[-84.43883,37.43954],[-84.43827,37.43962],[-84.43725,37.43927],[-84.43684,37.43924],[-84.43566,37.43993],[-84.43532,37.43992],[-84.4348,37.43975],[-84.43443,37.43948],[-84.43399,37.43883],[-84.43361,37.43858],[-84.43336,37.43795],[-84.43314,37.43774],[-84.43262,37.43762],[-84.4316,37.43778],[-84.43097,37.43756],[-84.4306,37.43711],[-84.43051,37.43681],[-84.43099,37.43562]],[[-84.43111,37.43546],[-84.43109,37.4354]],[[-84.43102,37.43541],[-84.43047,37.43562],[-84.42992,37.43561],[-84.42929,37.43541],[-84.42916,37.43528],[-84.42923,37.43452],[-84.43022,37.43373],[-84.43053,37.43318],[-84.43096,37.43303],[-84.43142,37.43301],[-84.43252,37.43226],[-84.43279,37.43224],[-84.43289,37.43238],[-84.43299,37.43322],[-84.43318,37.43358],[-84.43393,37.43399],[-84.43459,37.43403],[-84.43486,37.43396],[-84.4348,37.43386],[-84.43436,37.43373],[-84.4341,37.43346],[-84.43406,37.43321],[-84.43448,37.43249],[-84.43445,37.43234],[-84.4338,37.43221],[-84.4335,37.43203],[-84.43295,37.43105],[-84.43281,37.4306],[-84.43285,37.4303],[-84.43322,37.42967],[-84.43292,37.42885],[-84.43293,37.42855],[-84.43309,37.42826],[-84.43344,37.42798],[-84.43343,37.42784],[-84.43291,37.42786],[-84.43226,37.42753],[-84.43209,37.42756],[-84.43206,37.42784],[-84.43224,37.4281],[-84.4327,37.42941],[-84.43225,37.42982],[-84.4318,37.43146],[-84.43144,37.43185],[-84.43081,37.432],[-84.43068,37.43195],[-84.43082,37.43144],[-84.43076,37.43119],[-84.43042,37.43099],[-84.42982,37.43086],[-84.42972,37.43076],[-84.43028,37.4301],[-84.43035,37.42978],[-84.43002,37.4291],[-84.42959,37.42869],[-84.42935,37.42856],[-84.429,37.42853],[-84.42864,37.42877],[-84.42868,37.42896],[-84.42895,37.42915],[-84.42912,37.42953],[-84.42894,37.43008],[-84.42879,37.43009],[-84.42846,37.42975],[-84.42815,37.42974],[-84.42789,37.42992],[-84.42747,37.43054],[-84.42732,37.4304],[-84.42726,37.42993],[-84.4275,37.42906],[-84.42742,37.42889],[-84.42717,37.4288],[-84.42599,37.42877],[-84.42564,37.42967],[-84.42571,37.43093],[-84.42607,37.43166],[-84.42677,37.43218],[-84.42671,37.4325],[-84.42679,37.43266],[-84.42747,37.43297],[-84.4264,37.43353],[-84.42602,37.43419],[-84.42565,37.4343],[-84.42517,37.43424],[-84.42545,37.43353],[-84.42509,37.43278],[-84.42447,37.43232],[-84.42429,37.43181],[-84.42388,37.4314],[-84.42384,37.43099],[-84.42368,37.43071],[-84.42305,37.43036],[-84.42286,37.43015],[-84.42328,37.42947],[-84.42335,37.42889],[-84.42311,37.42867],[-84.42278,37.42858],[-84.42253,37.42873],[-84.42238,37.42918],[-84.42199,37.4295],[-84.42161,37.43013],[-84.42109,37.43064],[-84.42101,37.43095],[-84.42124,37.43141],[-84.42232,37.43193],[-84.42246,37.43212],[-84.42226,37.43267],[-84.42186,37.43285],[-84.42133,37.43294],[-84.42132,37.43307],[-84.42191,37.43353],[-84.4224,37.43374],[-84.42319,37.43366],[-84.42343,37.43374],[-84.42359,37.43392],[-84.42356,37.43408],[-84.4229,37.43458],[-84.42216,37.4349],[-84.42044,37.43462],[-84.41999,37.43471],[-84.41989,37.43484],[-84.41997,37.43512],[-84.4203,37.43537],[-84.42001,37.43577],[-84.42016,37.43597],[-84.42049,37.43603],[-84.42178,37.43581],[-84.42218,37.43586],[-84.42263,37.43615],[-84.42246,37.43636],[-84.42187,37.43647],[-84.42159,37.43673],[-84.42152,37.43701],[-84.4218,37.43751],[-84.42164,37.43841],[-84.42112,37.43844],[-84.42056,37.43797],[-84.42004,37.4377],[-84.41932,37.43756],[-84.41911,37.43761]]]}},{"type":"Feature","properties":{"quad":"Brodhead","gq_number":"662","source_pub":"Geologic map of the Brodhead quadrangle, east-central Kentucky | James Louis Gualtieri | 1967, GQ-662","source_url":"https://pubs.usgs.gov/publication/gq662","original_line_symbol":"Mbh","polygon_pair_below_above":"Mb|Mbr","contact_style":"CONTACT","contact_comments":"Halls Gap Member, Borden Formation","meaning":"Top of Halls Gap Member (Mbh) under Renfro; the Wildie (upper-Nada equivalent) is absent or unmapped here, so the target horizon may be missing or included in an adjacent unit.","class_label":"AMBIGUOUS","confidence":"Not used"},"geometry":{"type":"MultiLineString","coordinates":[[[-84.43976,37.42616],[-84.43982,37.42617]],[[-84.43976,37.42643],[-84.43988,37.42669],[-84.43981,37.42681],[-84.4396,37.4266],[-84.43959,37.42642]]]}},{"type":"Feature","properties":{"quad":"Crab Orchard","gq_number":"571","source_pub":"Geologic map of the Crab Orchard quadrangle, Lincoln County, Kentucky | James Louis Gualtieri | 1967, GQ-571","source_url":"https://pubs.usgs.gov/publication/gq571","original_line_symbol":"Mbh","polygon_pair_below_above":"Mb|Mbr","contact_style":"CONTACT","contact_comments":"Halls Gap Member, Borden Formation","meaning":"Top of Halls Gap Member (Mbh) under Renfro; the Wildie (upper-Nada equivalent) is absent or unmapped here, so the target horizon may be missing or included in an adjacent unit.","class_label":"AMBIGUOUS","confidence":"Not used"},"geometry":{"type":"MultiLineString","coordinates":[[[-84.58798,37.43375],[-84.589,37.43332],[-84.58965,37.4332],[-84.59032,37.43265],[-84.59045,37.43226],[-84.59093,37.43193],[-84.59071,37.43179],[-84.58981,37.43194],[-84.58946,37.43177],[-84.58937,37.43113],[-84.58947,37.43089],[-84.5899,37.43043],[-84.58966,37.43018],[-84.58901,37.42997],[-84.58899,37.42967],[-84.58921,37.42941],[-84.5897,37.42925],[-84.59081,37.42935],[-84.59113,37.42946],[-84.59242,37.43057],[-84.59273,37.4306],[-84.59292,37.43044],[-84.59272,37.4301],[-84.59206,37.42959],[-84.59086,37.42886],[-84.59023,37.42831],[-84.59029,37.42812],[-84.59136,37.42809],[-84.59161,37.42728],[-84.59183,37.427],[-84.59193,37.42699],[-84.59223,37.42727],[-84.59257,37.42822],[-84.59279,37.42849],[-84.5942,37.42905],[-84.59446,37.42908],[-84.5946,37.42899],[-84.5946,37.42867],[-84.59374,37.42727],[-84.59369,37.42658],[-84.59314,37.426],[-84.59306,37.42575],[-84.59319,37.4256],[-84.59382,37.42567],[-84.59396,37.42561],[-84.59399,37.4248],[-84.5941,37.4247],[-84.59511,37.42446],[-84.59517,37.42457],[-84.59495,37.42508],[-84.59498,37.4255],[-84.59516,37.42582],[-84.59546,37.42607],[-84.59521,37.42669],[-84.59542,37.42704],[-84.59582,37.42742],[-84.59605,37.42748],[-84.59712,37.42741],[-84.59716,37.42775],[-84.59679,37.42819],[-84.59678,37.42841],[-84.59702,37.42853],[-84.59748,37.42857],[-84.59823,37.42828],[-84.59884,37.42856],[-84.5991,37.4285],[-84.59911,37.42785],[-84.5987,37.42721],[-84.59877,37.42696],[-84.59891,37.42689],[-84.59985,37.42759],[-84.60009,37.42794],[-84.60026,37.42857],[-84.60061,37.42883],[-84.60069,37.42908],[-84.60048,37.42932],[-84.60058,37.42993],[-84.60051,37.43002],[-84.59978,37.42962],[-84.59967,37.4297],[-84.59958,37.43023],[-84.5994,37.43037],[-84.59927,37.43036],[-84.59894,37.42999],[-84.59868,37.42989],[-84.59819,37.42996],[-84.5977,37.43017],[-84.59658,37.43025],[-84.59594,37.43074],[-84.5955,37.43149],[-84.59568,37.43152],[-84.59629,37.43117],[-84.59664,37.43109],[-84.59695,37.43118],[-84.59742,37.43155],[-84.59757,37.43155],[-84.598,37.43105],[-84.59816,37.431],[-84.59848,37.43115],[-84.5991,37.43169],[-84.59949,37.43191],[-84.60007,37.43202],[-84.60124,37.43204],[-84.60143,37.4321],[-84.60156,37.4323],[-84.6005,37.43279],[-84.60042,37.4334],[-84.60033,37.43347],[-84.60004,37.43336],[-84.5996,37.433],[-84.59932,37.433],[-84.59916,37.43308],[-84.59945,37.4344],[-84.59947,37.43504],[-84.59929,37.43501],[-84.5985,37.43447],[-84.5977,37.43462],[-84.59716,37.43416],[-84.5968,37.43421],[-84.59655,37.43449],[-84.59654,37.43478],[-84.5968,37.43528]],[[-84.58701,37.42505],[-84.5869,37.42524],[-84.58637,37.42547],[-84.58543,37.42637],[-84.58594,37.42666],[-84.58684,37.4269],[-84.58696,37.42707],[-84.5869,37.42723],[-84.58655,37.42743],[-84.58562,37.42733],[-84.5852,37.42738],[-84.58494,37.42782],[-84.58456,37.42816],[-84.58452,37.42838],[-84.58486,37.42898],[-84.58525,37.42936],[-84.58535,37.42935],[-84.58546,37.42905],[-84.58567,37.42892],[-84.58623,37.42875],[-84.58661,37.42874],[-84.58701,37.42819],[-84.58729,37.4281],[-84.58764,37.42819],[-84.58791,37.42858],[-84.58812,37.42868],[-84.58894,37.42867],[-84.58908,37.42876],[-84.58894,37.42931],[-84.58802,37.42988],[-84.58828,37.43035],[-84.58819,37.43055],[-84.58779,37.43073],[-84.58691,37.43079],[-84.58661,37.43111],[-84.58663,37.43179],[-84.58677,37.43194],[-84.58711,37.43187],[-84.58772,37.43127],[-84.58827,37.43128],[-84.5886,37.43148],[-84.58876,37.43258],[-84.58864,37.43283],[-84.58787,37.43365]]]}},{"type":"Feature","properties":{"quad":"Brodhead","gq_number":"662","source_pub":"Geologic map of the Brodhead quadrangle, east-central Kentucky | James Louis Gualtieri | 1967, GQ-662","source_url":"https://pubs.usgs.gov/publication/gq662","original_line_symbol":"Mbh","polygon_pair_below_above":"Mb|Mbr","contact_style":"CONTACT","contact_comments":"Halls Gap Member, Borden Formation","meaning":"Top of Halls Gap Member (Mbh) under Renfro; the Wildie (upper-Nada equivalent) is absent or unmapped here, so the target horizon may be missing or included in an adjacent unit.","class_label":"AMBIGUOUS","confidence":"Not used"},"geometry":{"type":"MultiLineString","coordinates":[[[-84.39072,37.43],[-84.39011,37.4283]],[[-84.39069,37.42644],[-84.39096,37.42519],[-84.3908,37.42449]],[[-84.39022,37.42739],[-84.39017,37.4271],[-84.39042,37.42686]]]}},{"type":"Feature","properties":{"quad":"Crab Orchard","gq_number":"571","source_pub":"Geologic map of the Crab Orchard quadrangle, Lincoln County, Kentucky | James Louis Gualtieri | 1967, GQ-571","source_url":"https://pubs.usgs.gov/publication/gq571","original_line_symbol":"Mbh","polygon_pair_below_above":"Mb|Mbr","contact_style":"CONTACT","contact_comments":"Halls Gap Member, Borden Formation","meaning":"Top of Halls Gap Member (Mbh) under Renfro; the Wildie (upper-Nada equivalent) is absent or unmapped here, so the target horizon may be missing or included in an adjacent unit.","class_label":"AMBIGUOUS","confidence":"Not used"},"geometry":{"type":"MultiLineString","coordinates":[[[-84.58029,37.43371],[-84.58098,37.43357],[-84.58203,37.43364],[-84.58231,37.43357],[-84.58274,37.43309],[-84.58276,37.43289],[-84.58245,37.43294],[-84.58222,37.43319],[-84.58161,37.43321],[-84.58088,37.43258],[-84.58076,37.43221],[-84.58092,37.43196],[-84.58132,37.43165],[-84.58134,37.43111],[-84.58179,37.43095],[-84.5827,37.43109],[-84.58307,37.43098],[-84.58321,37.43082],[-84.58299,37.4306],[-84.58219,37.43047],[-84.58178,37.43019],[-84.58194,37.42955],[-84.58161,37.42943],[-84.58141,37.42913],[-84.58156,37.42885],[-84.58205,37.42845],[-84.58208,37.4283],[-84.58179,37.42818],[-84.58084,37.42827],[-84.58059,37.4281],[-84.58057,37.42795],[-84.58091,37.42755],[-84.58094,37.42735],[-84.58083,37.42686],[-84.58047,37.42631],[-84.58089,37.42587],[-84.58063,37.42504],[-84.58067,37.42485],[-84.58105,37.4251],[-84.58142,37.42552],[-84.5817,37.4265],[-84.58205,37.42694],[-84.58228,37.42708],[-84.58271,37.42711],[-84.58332,37.42704],[-84.58358,37.42618],[-84.58306,37.42532],[-84.58275,37.42506],[-84.58281,37.4249],[-84.58328,37.42496],[-84.5844,37.42548],[-84.58495,37.42545],[-84.58552,37.4252],[-84.58589,37.42487],[-84.58594,37.42465],[-84.58571,37.42415],[-84.58578,37.42397],[-84.58638,37.42438],[-84.58698,37.42493],[-84.58701,37.42505]],[[-84.57038,37.4285],[-84.57052,37.42881],[-84.57035,37.4292],[-84.56974,37.42928],[-84.56869,37.42957],[-84.56833,37.42939],[-84.56834,37.42861],[-84.5682,37.42829],[-84.56798,37.42816],[-84.56768,37.42869],[-84.56735,37.42896],[-84.56707,37.42959],[-84.56669,37.42994],[-84.56597,37.42998],[-84.56522,37.42949],[-84.56466,37.42968],[-84.56389,37.42977],[-84.56346,37.43023],[-84.56361,37.43031],[-84.5642,37.4303],[-84.56497,37.42998],[-84.56541,37.43011],[-84.56612,37.43063],[-84.56664,37.43068],[-84.56726,37.43059],[-84.56751,37.43067],[-84.56796,37.43114],[-84.56896,37.43177],[-84.5692,37.43246],[-84.56999,37.43187],[-84.57007,37.43165],[-84.56987,37.43148],[-84.56855,37.43093],[-84.56841,37.43074],[-84.56846,37.43046],[-84.56896,37.43023],[-84.57,37.43018],[-84.57087,37.42994],[-84.57136,37.42994],[-84.57158,37.43004],[-84.57193,37.43076],[-84.57241,37.43106],[-84.57293,37.43109],[-84.57359,37.43146],[-84.57435,37.43136],[-84.57514,37.43169],[-84.57561,37.43125],[-84.57548,37.43077],[-84.57519,37.43067],[-84.5743,37.43092],[-84.57393,37.43085],[-84.57368,37.43034],[-84.57314,37.42996],[-84.57331,37.42964],[-84.57407,37.42922],[-84.57472,37.42901],[-84.57516,37.42841],[-84.57554,37.42821],[-84.57597,37.42826],[-84.5763,37.42887],[-84.57652,37.42897],[-84.57726,37.42848],[-84.57813,37.4283],[-84.57857,37.42799],[-84.57878,37.42797],[-84.57904,37.42815],[-84.57911,37.42872],[-84.57813,37.42982],[-84.57807,37.43004],[-84.57838,37.43008],[-84.57856,37.43],[-84.57976,37.42922],[-84.57989,37.42921],[-84.58023,37.42938],[-84.58053,37.43016],[-84.58052,37.43047],[-84.58017,37.43085],[-84.58021,37.43141],[-84.58008,37.43163],[-84.5798,37.43174],[-84.57912,37.43176],[-84.57886,37.43188],[-84.57874,37.43209],[-84.57895,37.43226],[-84.57979,37.43242],[-84.58046,37.43272],[-84.58059,37.43286],[-84.58061,37.43313],[-84.58049,37.43336],[-84.58011,37.43366]],[[-84.57995,37.43394],[-84.58007,37.43382]],[[-84.57989,37.43379],[-84.57975,37.43397]],[[-84.57964,37.43433],[-84.57946,37.43466],[-84.57956,37.43479],[-84.5798,37.43466],[-84.57978,37.43433]]]}},{"type":"Feature","properties":{"quad":"Johnetta","gq_number":"685","source_pub":"Geologic map of the Johnetta quadrangle, Rockcastle and Jackson Counties, Kentucky | James Louis Gualtieri | 1968, GQ-685","source_url":"https://pubs.usgs.gov/publication/gq685","original_line_symbol":"Mbr","polygon_pair_below_above":"Mb|Msb","contact_style":"CONTACT","contact_comments":"Renfro Member of Slade Formation","meaning":"Not interpreted as the target contact.","class_label":"AMBIGUOUS","confidence":"Not used"},"geometry":{"type":"MultiLineString","coordinates":[[[-84.24769,37.42474],[-84.24786,37.42384]],[[-84.2473,37.42682],[-84.24711,37.42659]],[[-84.2469,37.42584],[-84.24704,37.42568]]]}},{"type":"Feature","properties":{"quad":"Crab Orchard","gq_number":"571","source_pub":"Geologic map of the Crab Orchard quadrangle, Lincoln County, Kentucky | James Louis Gualtieri | 1967, GQ-571","source_url":"https://pubs.usgs.gov/publication/gq571","original_line_symbol":"Mbh","polygon_pair_below_above":"Mb|Mbr","contact_style":"CONTACT","contact_comments":"Halls Gap Member, Borden Formation","meaning":"Top of Halls Gap Member (Mbh) under Renfro; the Wildie (upper-Nada equivalent) is absent or unmapped here, so the target horizon may be missing or included in an adjacent unit.","class_label":"AMBIGUOUS","confidence":"Not used"},"geometry":{"type":"LineString","coordinates":[[-84.52445,37.42426],[-84.5243,37.42392],[-84.5244,37.42362],[-84.52419,37.42361],[-84.5236,37.42393],[-84.52325,37.42388],[-84.523,37.423],[-84.52251,37.42275],[-84.52159,37.42334],[-84.5211,37.42339],[-84.52073,37.4231],[-84.52058,37.42311],[-84.52008,37.42362],[-84.51938,37.42377],[-84.51972,37.42414],[-84.52135,37.42398],[-84.52206,37.42402],[-84.52253,37.42421],[-84.52283,37.42461],[-84.52272,37.4248],[-84.52208,37.42505],[-84.52172,37.4256],[-84.52132,37.4259],[-84.52149,37.42615],[-84.52236,37.42673],[-84.52282,37.42745],[-84.52271,37.42785],[-84.52183,37.42769],[-84.52163,37.4277],[-84.52145,37.42782],[-84.52229,37.42881],[-84.5224,37.42917],[-84.52241,37.42954],[-84.5222,37.43026],[-84.52219,37.43108],[-84.52202,37.43136],[-84.52177,37.43154],[-84.52128,37.43171],[-84.52096,37.4317],[-84.52131,37.43089],[-84.52126,37.43041],[-84.52099,37.42982],[-84.52081,37.42968],[-84.5205,37.42972],[-84.52009,37.43006],[-84.51969,37.43075],[-84.51921,37.43079],[-84.51905,37.43068],[-84.51897,37.42955],[-84.51906,37.42892],[-84.51942,37.42806],[-84.51924,37.42787],[-84.51884,37.42767],[-84.51849,37.42722],[-84.51776,37.42702],[-84.51756,37.42707],[-84.51759,37.42738],[-84.51816,37.42801],[-84.51843,37.42859],[-84.51843,37.42923],[-84.51803,37.42969],[-84.51767,37.42977],[-84.51732,37.42973],[-84.51718,37.43003],[-84.51788,37.43004],[-84.51863,37.43053],[-84.519,37.43115],[-84.51962,37.4315],[-84.51988,37.4318],[-84.52,37.43237],[-84.5198,37.43326],[-84.51984,37.43337],[-84.52017,37.43356],[-84.52053,37.43357],[-84.52057,37.43285],[-84.52074,37.43265],[-84.52203,37.43257],[-84.52232,37.43206],[-84.52338,37.43154],[-84.52393,37.4311],[-84.52408,37.43086],[-84.52395,37.43067],[-84.52332,37.4306],[-84.5231,37.4304],[-84.52288,37.42999],[-84.523,37.42934],[-84.52425,37.42785],[-84.52385,37.42762],[-84.52342,37.42651],[-84.52286,37.42603],[-84.52276,37.42574],[-84.523,37.42508],[-84.52325,37.42482],[-84.52371,37.4246],[-84.52434,37.42447],[-84.52445,37.42426]]}},{"type":"Feature","properties":{"quad":"Johnetta","gq_number":"685","source_pub":"Geologic map of the Johnetta quadrangle, Rockcastle and Jackson Counties, Kentucky | James Louis Gualtieri | 1968, GQ-685","source_url":"https://pubs.usgs.gov/publication/gq685","original_line_symbol":"Mbw","polygon_pair_below_above":"Mb|Msb","contact_style":"CONTACT","contact_comments":"Wildie Member, Borden Formation","meaning":"Not interpreted as the target contact.","class_label":"AMBIGUOUS","confidence":"Not used"},"geometry":{"type":"MultiLineString","coordinates":[[[-84.24774,37.42373],[-84.2475,37.4248]],[[-84.24693,37.42559],[-84.2467,37.4258]],[[-84.24239,37.44271],[-84.24272,37.44294]]]}},{"type":"Feature","properties":{"quad":"Crab Orchard","gq_number":"571","source_pub":"Geologic map of the Crab Orchard quadrangle, Lincoln County, Kentucky | James Louis Gualtieri | 1967, GQ-571","source_url":"https://pubs.usgs.gov/publication/gq571","original_line_symbol":"Mbh","polygon_pair_below_above":"Mb|Mbr","contact_style":"CONTACT","contact_comments":"Halls Gap Member, Borden Formation","meaning":"Top of Halls Gap Member (Mbh) under Renfro; the Wildie (upper-Nada equivalent) is absent or unmapped here, so the target horizon may be missing or included in an adjacent unit.","class_label":"AMBIGUOUS","confidence":"Not used"},"geometry":{"type":"LineString","coordinates":[[-84.5561,37.425],[-84.55596,37.4246],[-84.55539,37.42425],[-84.55508,37.42393],[-84.55507,37.42379],[-84.55552,37.42304],[-84.55533,37.42249],[-84.55504,37.42244],[-84.55445,37.42294],[-84.55428,37.42298],[-84.55386,37.42276],[-84.55359,37.42227],[-84.55339,37.42228],[-84.55309,37.42292],[-84.55259,37.42335],[-84.553,37.42349],[-84.5532,37.42385],[-84.55311,37.42425],[-84.5528,37.42485],[-84.55281,37.42519],[-84.55299,37.42552],[-84.55314,37.42549],[-84.55335,37.42489],[-84.55366,37.42442],[-84.55377,37.4243],[-84.55412,37.42421],[-84.55446,37.42421],[-84.55482,37.42436],[-84.55578,37.42506],[-84.5561,37.425]]}},{"type":"Feature","properties":{"quad":"Crab Orchard","gq_number":"571","source_pub":"Geologic map of the Crab Orchard quadrangle, Lincoln County, Kentucky | James Louis Gualtieri | 1967, GQ-571","source_url":"https://pubs.usgs.gov/publication/gq571","original_line_symbol":"Mbh","polygon_pair_below_above":"Mb|Mbr","contact_style":"CONTACT","contact_comments":"Halls Gap Member, Borden Formation","meaning":"Top of Halls Gap Member (Mbh) under Renfro; the Wildie (upper-Nada equivalent) is absent or unmapped here, so the target horizon may be missing or included in an adjacent unit.","class_label":"AMBIGUOUS","confidence":"Not used"},"geometry":{"type":"LineString","coordinates":[[-84.52095,37.42205],[-84.5207,37.42283],[-84.52057,37.42284],[-84.52027,37.42265],[-84.51987,37.42222],[-84.52034,37.42213],[-84.52081,37.42189],[-84.52095,37.42205]]}},{"type":"Feature","properties":{"quad":"Crab Orchard","gq_number":"571","source_pub":"Geologic map of the Crab Orchard quadrangle, Lincoln County, Kentucky | James Louis Gualtieri | 1967, GQ-571","source_url":"https://pubs.usgs.gov/publication/gq571","original_line_symbol":"Mbh","polygon_pair_below_above":"Mb|Mbr","contact_style":"CONTACT","contact_comments":"Halls Gap Member, Borden Formation","meaning":"Top of Halls Gap Member (Mbh) under Renfro; the Wildie (upper-Nada equivalent) is absent or unmapped here, so the target horizon may be missing or included in an adjacent unit.","class_label":"AMBIGUOUS","confidence":"Not used"},"geometry":{"type":"LineString","coordinates":[[-84.57766,37.42158],[-84.57763,37.42218],[-84.57776,37.42246],[-84.57812,37.42272],[-84.57951,37.42321],[-84.57959,37.4233],[-84.57952,37.42381],[-84.57936,37.42383],[-84.57858,37.42354],[-84.5774,37.42342],[-84.57657,37.42376],[-84.57614,37.42421],[-84.57611,37.4244],[-84.5762,37.42461],[-84.57656,37.42481],[-84.57747,37.42482],[-84.57766,37.42534],[-84.57797,37.42559],[-84.57905,37.42566],[-84.57875,37.42621],[-84.57874,37.42666],[-84.57737,37.42625],[-84.57648,37.42589],[-84.57638,37.42628],[-84.57658,37.42685],[-84.57696,37.42718],[-84.57731,37.42727],[-84.57752,37.42745],[-84.57735,37.42763],[-84.57651,37.42769],[-84.57587,37.42752],[-84.57561,37.42731],[-84.57507,37.42631],[-84.57483,37.42609],[-84.57464,37.42603],[-84.5736,37.42613],[-84.57355,37.42662],[-84.57435,37.42769],[-84.57449,37.4281],[-84.57448,37.42843],[-84.57435,37.42855],[-84.57418,37.42853],[-84.57337,37.42811],[-84.57311,37.42812],[-84.57195,37.42908],[-84.57176,37.42896],[-84.57158,37.42858],[-84.57159,37.4281],[-84.57182,37.4275],[-84.57184,37.42715],[-84.57146,37.4267],[-84.57107,37.42661],[-84.57063,37.4269],[-84.56987,37.427],[-84.57012,37.42804],[-84.57038,37.4285]]}},{"type":"Feature","properties":{"quad":"Crab Orchard","gq_number":"571","source_pub":"Geologic map of the Crab Orchard quadrangle, Lincoln County, Kentucky | James Louis Gualtieri | 1967, GQ-571","source_url":"https://pubs.usgs.gov/publication/gq571","original_line_symbol":"Mbh","polygon_pair_below_above":"Mb|Mbr","contact_style":"CONTACT","contact_comments":"Halls Gap Member, Borden Formation","meaning":"Top of Halls Gap Member (Mbh) under Renfro; the Wildie (upper-Nada equivalent) is absent or unmapped here, so the target horizon may be missing or included in an adjacent unit.","class_label":"AMBIGUOUS","confidence":"Not used"},"geometry":{"type":"LineString","coordinates":[[-84.52555,37.42159],[-84.52503,37.42149],[-84.52451,37.42119],[-84.52427,37.42131],[-84.52372,37.42129],[-84.52365,37.42135],[-84.52427,37.42212],[-84.52463,37.42288],[-84.52451,37.42339],[-84.52472,37.42337],[-84.52541,37.42298],[-84.52511,37.42227],[-84.52526,37.42189],[-84.52555,37.42159]]}},{"type":"Feature","properties":{"quad":"Crab Orchard","gq_number":"571","source_pub":"Geologic map of the Crab Orchard quadrangle, Lincoln County, Kentucky | James Louis Gualtieri | 1967, GQ-571","source_url":"https://pubs.usgs.gov/publication/gq571","original_line_symbol":"Mbh","polygon_pair_below_above":"Mb|Mbr","contact_style":"CONTACT","contact_comments":"Halls Gap Member, Borden Formation","meaning":"Top of Halls Gap Member (Mbh) under Renfro; the Wildie (upper-Nada equivalent) is absent or unmapped here, so the target horizon may be missing or included in an adjacent unit.","class_label":"AMBIGUOUS","confidence":"Not used"},"geometry":{"type":"LineString","coordinates":[[-84.51969,37.42146],[-84.5197,37.42119],[-84.51935,37.42113],[-84.51844,37.42163],[-84.51953,37.42201],[-84.51969,37.42146]]}},{"type":"Feature","properties":{"quad":"Brodhead","gq_number":"662","source_pub":"Geologic map of the Brodhead quadrangle, east-central Kentucky | James Louis Gualtieri | 1967, GQ-662","source_url":"https://pubs.usgs.gov/publication/gq662","original_line_symbol":"Mbh","polygon_pair_below_above":"Mb|Mbr","contact_style":"CONTACT","contact_comments":"Halls Gap Member, Borden Formation","meaning":"Top of Halls Gap Member (Mbh) under Renfro; the Wildie (upper-Nada equivalent) is absent or unmapped here, so the target horizon may be missing or included in an adjacent unit.","class_label":"AMBIGUOUS","confidence":"Not used"},"geometry":{"type":"MultiLineString","coordinates":[[[-84.40653,37.43266],[-84.4065,37.43269]],[[-84.40656,37.42942],[-84.4082,37.43081],[-84.40911,37.432],[-84.40906,37.43208],[-84.40887,37.43202],[-84.40799,37.43132],[-84.40608,37.43023],[-84.406,37.43044],[-84.40642,37.43254]],[[-84.4063,37.43261],[-84.40582,37.43221],[-84.40528,37.4312],[-84.40502,37.4311],[-84.40412,37.43172],[-84.40372,37.4319],[-84.40364,37.43206],[-84.40392,37.43254],[-84.40542,37.43388],[-84.40545,37.4342],[-84.40519,37.43413],[-84.40388,37.43309],[-84.40323,37.43271],[-84.40279,37.43258],[-84.40252,37.43269],[-84.40247,37.43283],[-84.40283,37.43335]],[[-84.40286,37.43344],[-84.40188,37.43325],[-84.40148,37.43355],[-84.40139,37.43404]],[[-84.40147,37.43459],[-84.40171,37.43483],[-84.40242,37.4352],[-84.40322,37.43606],[-84.403,37.43613],[-84.40165,37.43549],[-84.40141,37.4355],[-84.40105,37.436],[-84.40075,37.43608],[-84.40048,37.43649],[-84.40011,37.43673]],[[-84.40033,37.42723],[-84.40031,37.42729]],[[-84.4,37.43692],[-84.39988,37.43736],[-84.39951,37.4378],[-84.39936,37.43783],[-84.39937,37.43709],[-84.39876,37.43685],[-84.3994,37.43669],[-84.39961,37.43656],[-84.40075,37.43504],[-84.40045,37.43372],[-84.40028,37.4335],[-84.39973,37.43351],[-84.3988,37.43404]],[[-84.40008,37.43242],[-84.40042,37.43283],[-84.40065,37.43287],[-84.40083,37.4328],[-84.40241,37.43129],[-84.40339,37.43057],[-84.40348,37.43026],[-84.40408,37.42953],[-84.40424,37.429],[-84.4042,37.42815],[-84.40461,37.42742],[-84.4046,37.42701],[-84.40426,37.4268],[-84.40537,37.4261],[-84.40585,37.42561],[-84.40621,37.42502],[-84.40617,37.42465],[-84.40583,37.42421],[-84.40622,37.4237],[-84.40639,37.42327],[-84.40615,37.42274],[-84.40611,37.42192],[-84.40563,37.42147],[-84.40538,37.42153],[-84.40487,37.42199],[-84.40466,37.42199],[-84.40453,37.42183],[-84.40427,37.42095],[-84.40364,37.42034],[-84.40336,37.42034],[-84.40329,37.42051],[-84.40341,37.42138],[-84.40382,37.42201],[-84.40375,37.42225],[-84.40288,37.42214],[-84.4025,37.42252],[-84.40219,37.42265],[-84.40211,37.42245],[-84.40215,37.42144],[-84.40202,37.42119],[-84.4019,37.42117],[-84.40139,37.42146],[-84.40047,37.4223],[-84.40044,37.42259],[-84.40066,37.42293],[-84.4018,37.42383],[-84.40188,37.42439],[-84.40218,37.42467],[-84.40242,37.4251],[-84.40228,37.42513],[-84.40183,37.42486],[-84.40084,37.42399],[-84.40055,37.42379],[-84.4004,37.4238],[-84.3999,37.42508],[-84.39999,37.42651],[-84.4002,37.42709]],[[-84.40007,37.4272],[-84.3998,37.42718],[-84.39967,37.42728],[-84.39943,37.42776]],[[-84.39897,37.43312],[-84.39958,37.43304],[-84.3999,37.43233]],[[-84.39936,37.4278],[-84.3993,37.42778]],[[-84.39932,37.42765],[-84.39963,37.42676],[-84.39938,37.42599],[-84.399,37.42578],[-84.39917,37.4249],[-84.39909,37.42366],[-84.39891,37.4235],[-84.39835,37.42354],[-84.39867,37.42299],[-84.39838,37.4228],[-84.39764,37.42277],[-84.39696,37.42301]],[[-84.39863,37.43399],[-84.39891,37.43352],[-84.39885,37.43321]]]}},{"type":"Feature","properties":{"quad":"Johnetta","gq_number":"685","source_pub":"Geologic map of the Johnetta quadrangle, Rockcastle and Jackson Counties, Kentucky | James Louis Gualtieri | 1968, GQ-685","source_url":"https://pubs.usgs.gov/publication/gq685","original_line_symbol":"Mbw","polygon_pair_below_above":"Mb|Msb","contact_style":"CONTACT","contact_comments":"Wildie Member, Borden Formation","meaning":"Not interpreted as the target contact.","class_label":"AMBIGUOUS","confidence":"Not used"},"geometry":{"type":"MultiLineString","coordinates":[[[-84.24821,37.42097],[-84.2486,37.42086]],[[-84.24706,37.42155],[-84.24712,37.42152]],[[-84.23714,37.44515],[-84.23716,37.44464]],[[-84.23581,37.44696],[-84.23627,37.44661],[-84.23702,37.44573]],[[-84.23245,37.4479],[-84.23371,37.44795],[-84.23448,37.44812]],[[-84.23323,37.44828],[-84.23256,37.44813],[-84.23233,37.44798]],[[-84.23149,37.45499],[-84.23261,37.45443]]]}},{"type":"Feature","properties":{"quad":"Crab Orchard","gq_number":"571","source_pub":"Geologic map of the Crab Orchard quadrangle, Lincoln County, Kentucky | James Louis Gualtieri | 1967, GQ-571","source_url":"https://pubs.usgs.gov/publication/gq571","original_line_symbol":"Mbh","polygon_pair_below_above":"Mb|Mbr","contact_style":"CONTACT","contact_comments":"Halls Gap Member, Borden Formation","meaning":"Top of Halls Gap Member (Mbh) under Renfro; the Wildie (upper-Nada equivalent) is absent or unmapped here, so the target horizon may be missing or included in an adjacent unit.","class_label":"AMBIGUOUS","confidence":"Not used"},"geometry":{"type":"LineString","coordinates":[[-84.52633,37.42127],[-84.52707,37.42107],[-84.52752,37.42111],[-84.52759,37.42103],[-84.52733,37.42056],[-84.52737,37.41983],[-84.52725,37.41963],[-84.52702,37.41963],[-84.52692,37.41972],[-84.52621,37.42118]]}},{"type":"Feature","properties":{"quad":"Wildie","gq_number":"684","source_pub":"Geologic map of the Wildie quadrangle, Garrard and Rockcastle Counties, Kentucky | James Louis Gualtieri | 1968, GQ-684","source_url":"https://pubs.usgs.gov/publication/gq684","original_line_symbol":"Mbh","polygon_pair_below_above":"Mb|Mbr","contact_style":"CONTACT","contact_comments":"Halls Gap Member, Borden Formation","meaning":"Top of Halls Gap Member (Mbh) under Renfro; the Wildie (upper-Nada equivalent) is absent or unmapped here, so the target horizon may be missing or included in an adjacent unit.","class_label":"AMBIGUOUS","confidence":"Not used"},"geometry":{"type":"MultiLineString","coordinates":[[[-84.36992,37.43943],[-84.3689,37.43957],[-84.36831,37.4395],[-84.36791,37.43933],[-84.36694,37.43874],[-84.36686,37.43847],[-84.36719,37.43813],[-84.36694,37.43801],[-84.36675,37.43775],[-84.36661,37.43772],[-84.36622,37.43815],[-84.36583,37.43816],[-84.36526,37.4378],[-84.3651,37.43715],[-84.36467,37.43715],[-84.36389,37.43774],[-84.36236,37.43769],[-84.36055,37.43716],[-84.35998,37.43682],[-84.35961,37.43639],[-84.35906,37.43636],[-84.35844,37.436],[-84.35814,37.43548],[-84.3581,37.43515],[-84.35827,37.4349],[-84.35882,37.43466],[-84.35885,37.43423],[-84.35802,37.43404],[-84.35735,37.43342],[-84.3572,37.43292],[-84.35718,37.43202],[-84.35675,37.43049],[-84.35681,37.43036],[-84.35696,37.43036],[-84.35739,37.4306],[-84.35795,37.4311],[-84.35834,37.43176],[-84.35843,37.43176],[-84.35855,37.43155],[-84.35853,37.43101],[-84.35877,37.43092],[-84.35884,37.43073],[-84.35828,37.42998],[-84.35841,37.42993],[-84.3593,37.43012],[-84.35945,37.43004],[-84.35951,37.42989],[-84.3591,37.4294],[-84.35931,37.42895],[-84.35915,37.42863],[-84.35817,37.42893],[-84.35748,37.42892],[-84.35725,37.42883],[-84.35712,37.42866],[-84.35717,37.42821]],[[-84.35716,37.42812],[-84.35671,37.42842],[-84.35634,37.42852],[-84.35602,37.42846],[-84.35562,37.42823],[-84.35408,37.42688],[-84.35386,37.42592],[-84.3536,37.42583],[-84.35329,37.42592],[-84.35287,37.42591],[-84.35267,37.42581],[-84.35143,37.42488],[-84.35076,37.42418],[-84.3505,37.4237],[-84.35049,37.42345],[-84.35093,37.42326],[-84.35104,37.42268],[-84.35149,37.42234],[-84.35053,37.4222],[-84.34998,37.42168],[-84.3498,37.42118],[-84.3497,37.42003],[-84.34979,37.41946]]]}},{"type":"Feature","properties":{"quad":"Crab Orchard","gq_number":"571","source_pub":"Geologic map of the Crab Orchard quadrangle, Lincoln County, Kentucky | James Louis Gualtieri | 1967, GQ-571","source_url":"https://pubs.usgs.gov/publication/gq571","original_line_symbol":"Mbh","polygon_pair_below_above":"Mb|Mbr","contact_style":"CONTACT","contact_comments":"Halls Gap Member, Borden Formation","meaning":"Top of Halls Gap Member (Mbh) under Renfro; the Wildie (upper-Nada equivalent) is absent or unmapped here, so the target horizon may be missing or included in an adjacent unit.","class_label":"AMBIGUOUS","confidence":"Not used"},"geometry":{"type":"MultiLineString","coordinates":[[[-84.6028,37.43025],[-84.60282,37.43066],[-84.60331,37.43203]],[[-84.60319,37.41909],[-84.60309,37.41916],[-84.6021,37.41913],[-84.60163,37.41933],[-84.60175,37.41947],[-84.60255,37.41963],[-84.60273,37.41993],[-84.60274,37.42021],[-84.60247,37.4207],[-84.60132,37.42092],[-84.60142,37.42105],[-84.6021,37.4213],[-84.60216,37.42149],[-84.60207,37.42169],[-84.60182,37.4218],[-84.60108,37.42188],[-84.60024,37.42172],[-84.60017,37.42178],[-84.60019,37.42199],[-84.60043,37.42233],[-84.60116,37.42248],[-84.60184,37.42244],[-84.60226,37.42257],[-84.60246,37.42276],[-84.60254,37.42308],[-84.60243,37.42341],[-84.60142,37.42372],[-84.60107,37.42371],[-84.60052,37.42355],[-84.59978,37.42365]],[[-84.59974,37.42376],[-84.60111,37.42431],[-84.60195,37.42433],[-84.60183,37.42537],[-84.6016,37.42568],[-84.60209,37.42595],[-84.60209,37.42648],[-84.6019,37.42691],[-84.60223,37.42711],[-84.6026,37.42778],[-84.60232,37.42875],[-84.60275,37.42995]]]}},{"type":"Feature","properties":{"quad":"Crab Orchard","gq_number":"571","source_pub":"Geologic map of the Crab Orchard quadrangle, Lincoln County, Kentucky | James Louis Gualtieri | 1967, GQ-571","source_url":"https://pubs.usgs.gov/publication/gq571","original_line_symbol":"Mbh","polygon_pair_below_above":"Mb|Mbr","contact_style":"CONTACT","contact_comments":"Halls Gap Member, Borden Formation","meaning":"Top of Halls Gap Member (Mbh) under Renfro; the Wildie (upper-Nada equivalent) is absent or unmapped here, so the target horizon may be missing or included in an adjacent unit.","class_label":"AMBIGUOUS","confidence":"Not used"},"geometry":{"type":"MultiLineString","coordinates":[[[-84.6204,37.42731],[-84.62119,37.42785],[-84.6192,37.42762],[-84.61858,37.42762],[-84.61775,37.4279],[-84.61726,37.4279],[-84.61707,37.428],[-84.61779,37.42951],[-84.61837,37.43004],[-84.61879,37.43015],[-84.62074,37.42919],[-84.62211,37.42885],[-84.6225,37.42883],[-84.62263,37.42889],[-84.62261,37.42904],[-84.62208,37.42921],[-84.6214,37.42961],[-84.62081,37.42979],[-84.62059,37.42995],[-84.62059,37.43014],[-84.62128,37.43031],[-84.62233,37.43091],[-84.62294,37.43106],[-84.62339,37.43103],[-84.62413,37.43116],[-84.62495,37.43084]],[[-84.62184,37.42347],[-84.62194,37.42305],[-84.62176,37.42255],[-84.62147,37.42223],[-84.62068,37.42168],[-84.62004,37.42053],[-84.61871,37.41952],[-84.61812,37.41922],[-84.61761,37.41908],[-84.61724,37.41912],[-84.61705,37.41931],[-84.6171,37.41958],[-84.61838,37.42048],[-84.61865,37.42058],[-84.61873,37.42073],[-84.61869,37.42083],[-84.6185,37.42087],[-84.61742,37.42046],[-84.61698,37.42043],[-84.61678,37.42059],[-84.61664,37.42103],[-84.61619,37.42172],[-84.6162,37.42198],[-84.61638,37.4221],[-84.61735,37.42211],[-84.61871,37.42227],[-84.61949,37.42264],[-84.61966,37.42281],[-84.61954,37.42287],[-84.61875,37.42283],[-84.6186,37.42301],[-84.61761,37.42291],[-84.61696,37.42305],[-84.61615,37.42303],[-84.61618,37.4235],[-84.61638,37.42383],[-84.61707,37.42398],[-84.61841,37.42464],[-84.61847,37.42474],[-84.61837,37.42501],[-84.61796,37.42489],[-84.61675,37.42475],[-84.61614,37.42483],[-84.61606,37.42498],[-84.6163,37.42639],[-84.61652,37.4266],[-84.61717,37.42673],[-84.61868,37.42668],[-84.61981,37.42684],[-84.62042,37.42672],[-84.62127,37.42637]],[[-84.62126,37.42645],[-84.6208,37.42713],[-84.62031,37.42728]]]}},{"type":"Feature","properties":{"quad":"Wildie","gq_number":"684","source_pub":"Geologic map of the Wildie quadrangle, Garrard and Rockcastle Counties, Kentucky | James Louis Gualtieri | 1968, GQ-684","source_url":"https://pubs.usgs.gov/publication/gq684","original_line_symbol":"Mbrw","polygon_pair_below_above":"Mb|Msb","contact_style":"CONTACT","contact_comments":"Renfro Member of Slade Formation and Wildie Member of Borden Formation","meaning":"Not interpreted as the target contact.","class_label":"AMBIGUOUS","confidence":"Not used"},"geometry":{"type":"MultiLineString","coordinates":[[[-84.25547,37.42129],[-84.25624,37.42166]],[[-84.25606,37.42201],[-84.25569,37.42199]]]}},{"type":"Feature","properties":{"quad":"Wildie","gq_number":"684","source_pub":"Geologic map of the Wildie quadrangle, Garrard and Rockcastle Counties, Kentucky | James Louis Gualtieri | 1968, GQ-684","source_url":"https://pubs.usgs.gov/publication/gq684","original_line_symbol":"Mbw","polygon_pair_below_above":"Mb|Msb","contact_style":"CONTACT","contact_comments":"Wildie Member, Borden Formation","meaning":"Not interpreted as the target contact.","class_label":"AMBIGUOUS","confidence":"Not used"},"geometry":{"type":"MultiLineString","coordinates":[[[-84.25614,37.42172],[-84.25542,37.42145]],[[-84.25572,37.42191],[-84.2561,37.42186]]]}},{"type":"Feature","properties":{"quad":"Wildie","gq_number":"684","source_pub":"Geologic map of the Wildie quadrangle, Garrard and Rockcastle Counties, Kentucky | James Louis Gualtieri | 1968, GQ-684","source_url":"https://pubs.usgs.gov/publication/gq684","original_line_symbol":"Mbw","polygon_pair_below_above":"Mb|Msb","contact_style":"CONTACT","contact_comments":"Wildie Member, Borden Formation","meaning":"Not interpreted as the target contact.","class_label":"AMBIGUOUS","confidence":"Not used"},"geometry":{"type":"LineString","coordinates":[[-84.2717,37.43057],[-84.27173,37.43053]]}},{"type":"Feature","properties":{"quad":"Johnetta","gq_number":"685","source_pub":"Geologic map of the Johnetta quadrangle, Rockcastle and Jackson Counties, Kentucky | James Louis Gualtieri | 1968, GQ-685","source_url":"https://pubs.usgs.gov/publication/gq685","original_line_symbol":"Mbr","polygon_pair_below_above":"Mb|Msg","contact_style":"CONTACT","contact_comments":"Renfro Member of Slade Formation","meaning":"Not interpreted as the target contact.","class_label":"AMBIGUOUS","confidence":"Not used"},"geometry":{"type":"MultiLineString","coordinates":[[[-84.2482,37.42083],[-84.2485,37.42074]],[[-84.24693,37.42142],[-84.24705,37.42141]]]}},{"type":"Feature","properties":{"quad":"Brodhead","gq_number":"662","source_pub":"Geologic map of the Brodhead quadrangle, east-central Kentucky | James Louis Gualtieri | 1967, GQ-662","source_url":"https://pubs.usgs.gov/publication/gq662","original_line_symbol":"Mbh","polygon_pair_below_above":"Mb|Mbr","contact_style":"CONTACT","contact_comments":"Halls Gap Member, Borden Formation","meaning":"Top of Halls Gap Member (Mbh) under Renfro; the Wildie (upper-Nada equivalent) is absent or unmapped here, so the target horizon may be missing or included in an adjacent unit.","class_label":"AMBIGUOUS","confidence":"Not used"},"geometry":{"type":"LineString","coordinates":[[-84.43728,37.41824],[-84.43724,37.41811],[-84.43707,37.41812],[-84.43683,37.41861],[-84.43712,37.41858],[-84.43728,37.41824]]}},{"type":"Feature","properties":{"quad":"Crab Orchard","gq_number":"571","source_pub":"Geologic map of the Crab Orchard quadrangle, Lincoln County, Kentucky | James Louis Gualtieri | 1967, GQ-571","source_url":"https://pubs.usgs.gov/publication/gq571","original_line_symbol":"Mbh","polygon_pair_below_above":"Mb|Mbr","contact_style":"CONTACT","contact_comments":"Halls Gap Member, Borden Formation","meaning":"Top of Halls Gap Member (Mbh) under Renfro; the Wildie (upper-Nada equivalent) is absent or unmapped here, so the target horizon may be missing or included in an adjacent unit.","class_label":"AMBIGUOUS","confidence":"Not used"},"geometry":{"type":"LineString","coordinates":[[-84.52157,37.41876],[-84.5211,37.41942],[-84.52127,37.42004],[-84.52018,37.42062],[-84.52005,37.4206],[-84.51989,37.42004],[-84.5187,37.41951],[-84.51757,37.41971],[-84.51713,37.41956],[-84.51698,37.41937],[-84.51681,37.41932],[-84.5162,37.4195],[-84.51556,37.42001],[-84.51509,37.41959],[-84.5151,37.41951],[-84.51592,37.41914],[-84.51662,37.4187],[-84.51683,37.4187],[-84.5172,37.41897],[-84.51781,37.41891],[-84.51813,37.41801],[-84.51836,37.41805],[-84.51915,37.41903],[-84.51952,37.41915],[-84.51994,37.41913],[-84.52008,37.41904],[-84.52025,37.41862],[-84.52066,37.41876],[-84.52139,37.41859],[-84.52154,37.41865],[-84.52157,37.41876]]}},{"type":"Feature","properties":{"quad":"Crab Orchard","gq_number":"571","source_pub":"Geologic map of the Crab Orchard quadrangle, Lincoln County, Kentucky | James Louis Gualtieri | 1967, GQ-571","source_url":"https://pubs.usgs.gov/publication/gq571","original_line_symbol":"Mbh","polygon_pair_below_above":"Mb|Mbr","contact_style":"CONTACT","contact_comments":"Halls Gap Member, Borden Formation","meaning":"Top of Halls Gap Member (Mbh) under Renfro; the Wildie (upper-Nada equivalent) is absent or unmapped here, so the target horizon may be missing or included in an adjacent unit.","class_label":"AMBIGUOUS","confidence":"Not used"},"geometry":{"type":"LineString","coordinates":[[-84.51482,37.41835],[-84.51416,37.41894],[-84.51414,37.41915],[-84.51428,37.41941],[-84.51407,37.41959],[-84.51362,37.4197],[-84.5131,37.42002],[-84.51282,37.41997],[-84.51276,37.41962],[-84.51314,37.41916],[-84.51343,37.41848],[-84.51461,37.41779],[-84.51471,37.4178],[-84.51481,37.41802],[-84.51482,37.41835]]}},{"type":"Feature","properties":{"quad":"Crab Orchard","gq_number":"571","source_pub":"Geologic map of the Crab Orchard quadrangle, Lincoln County, Kentucky | James Louis Gualtieri | 1967, GQ-571","source_url":"https://pubs.usgs.gov/publication/gq571","original_line_symbol":"Mbh","polygon_pair_below_above":"Mb|Mbr","contact_style":"CONTACT","contact_comments":"Halls Gap Member, Borden Formation","meaning":"Top of Halls Gap Member (Mbh) under Renfro; the Wildie (upper-Nada equivalent) is absent or unmapped here, so the target horizon may be missing or included in an adjacent unit.","class_label":"AMBIGUOUS","confidence":"Not used"},"geometry":{"type":"MultiLineString","coordinates":[[[-84.53585,37.41719],[-84.53595,37.41707],[-84.5361,37.41709]],[[-84.53591,37.41732],[-84.53578,37.4173]]]}},{"type":"Feature","properties":{"quad":"Crab Orchard","gq_number":"571","source_pub":"Geologic map of the Crab Orchard quadrangle, Lincoln County, Kentucky | James Louis Gualtieri | 1967, GQ-571","source_url":"https://pubs.usgs.gov/publication/gq571","original_line_symbol":"Mbh","polygon_pair_below_above":"Mb|Mbr","contact_style":"CONTACT","contact_comments":"Halls Gap Member, Borden Formation","meaning":"Top of Halls Gap Member (Mbh) under Renfro; the Wildie (upper-Nada equivalent) is absent or unmapped here, so the target horizon may be missing or included in an adjacent unit.","class_label":"AMBIGUOUS","confidence":"Not used"},"geometry":{"type":"LineString","coordinates":[[-84.54036,37.41756],[-84.54021,37.41722],[-84.5396,37.41678],[-84.5395,37.41682],[-84.53963,37.41738],[-84.53987,37.41761],[-84.54022,37.41771],[-84.54036,37.41756]]}},{"type":"Feature","properties":{"quad":"Crab Orchard","gq_number":"571","source_pub":"Geologic map of the Crab Orchard quadrangle, Lincoln County, Kentucky | James Louis Gualtieri | 1967, GQ-571","source_url":"https://pubs.usgs.gov/publication/gq571","original_line_symbol":"Mbh","polygon_pair_below_above":"Mb|Mbr","contact_style":"CONTACT","contact_comments":"Halls Gap Member, Borden Formation","meaning":"Top of Halls Gap Member (Mbh) under Renfro; the Wildie (upper-Nada equivalent) is absent or unmapped here, so the target horizon may be missing or included in an adjacent unit.","class_label":"AMBIGUOUS","confidence":"Not used"},"geometry":{"type":"LineString","coordinates":[[-84.51263,37.4166],[-84.51248,37.41646],[-84.51212,37.41645],[-84.51195,37.41655],[-84.51256,37.41661]]}},{"type":"Feature","properties":{"quad":"Wildie","gq_number":"684","source_pub":"Geologic map of the Wildie quadrangle, Garrard and Rockcastle Counties, Kentucky | James Louis Gualtieri | 1968, GQ-684","source_url":"https://pubs.usgs.gov/publication/gq684","original_line_symbol":"Mbrw","polygon_pair_below_above":"Mb|Msg","contact_style":"CONTACT","contact_comments":"Renfro Member of Slade Formation and Wildie Member of Borden Formation","meaning":"Not interpreted as the target contact.","class_label":"AMBIGUOUS","confidence":"Not used"},"geometry":{"type":"LineString","coordinates":[[-84.26578,37.41757],[-84.26618,37.41805]]}},{"type":"Feature","properties":{"quad":"Crab Orchard","gq_number":"571","source_pub":"Geologic map of the Crab Orchard quadrangle, Lincoln County, Kentucky | James Louis Gualtieri | 1967, GQ-571","source_url":"https://pubs.usgs.gov/publication/gq571","original_line_symbol":"Mbh","polygon_pair_below_above":"Mb|Mbr","contact_style":"CONTACT","contact_comments":"Halls Gap Member, Borden Formation","meaning":"Top of Halls Gap Member (Mbh) under Renfro; the Wildie (upper-Nada equivalent) is absent or unmapped here, so the target horizon may be missing or included in an adjacent unit.","class_label":"AMBIGUOUS","confidence":"Not used"},"geometry":{"type":"LineString","coordinates":[[-84.53702,37.41648],[-84.53697,37.41656],[-84.53656,37.41663],[-84.53659,37.41629],[-84.53684,37.416],[-84.53703,37.41615],[-84.53702,37.41648]]}},{"type":"Feature","properties":{"quad":"Brodhead","gq_number":"662","source_pub":"Geologic map of the Brodhead quadrangle, east-central Kentucky | James Louis Gualtieri | 1967, GQ-662","source_url":"https://pubs.usgs.gov/publication/gq662","original_line_symbol":"Mbh","polygon_pair_below_above":"Mb|Mbr","contact_style":"CONTACT","contact_comments":"Halls Gap Member, Borden Formation","meaning":"Top of Halls Gap Member (Mbh) under Renfro; the Wildie (upper-Nada equivalent) is absent or unmapped here, so the target horizon may be missing or included in an adjacent unit.","class_label":"AMBIGUOUS","confidence":"Not used"},"geometry":{"type":"MultiLineString","coordinates":[[[-84.41509,37.42807],[-84.41529,37.42796],[-84.41624,37.42787],[-84.41855,37.42707],[-84.41846,37.42692],[-84.41782,37.42684],[-84.41706,37.42651],[-84.41763,37.42605],[-84.41872,37.42549],[-84.41887,37.42529],[-84.41861,37.42459],[-84.41901,37.42405],[-84.41881,37.42303],[-84.41898,37.4226],[-84.419,37.4215],[-84.41867,37.42045],[-84.41861,37.41928],[-84.4184,37.41901],[-84.41837,37.41757],[-84.41826,37.4174],[-84.4181,37.41737],[-84.41795,37.41783],[-84.41807,37.41966],[-84.41791,37.42033],[-84.41762,37.42079],[-84.4179,37.4216],[-84.41779,37.42195],[-84.41785,37.42221],[-84.4177,37.42265]],[[-84.41767,37.42268],[-84.41763,37.42269]],[[-84.41759,37.42264],[-84.41726,37.42186],[-84.41697,37.4217],[-84.41669,37.42177],[-84.41632,37.42217],[-84.41585,37.4224],[-84.41567,37.42313],[-84.41551,37.42314],[-84.41521,37.42297],[-84.41501,37.42302],[-84.41428,37.42465],[-84.41424,37.42538],[-84.41409,37.42552],[-84.41389,37.42613],[-84.41349,37.42649]],[[-84.41345,37.42638],[-84.41366,37.42568],[-84.41366,37.42373],[-84.41332,37.42374],[-84.4125,37.42412],[-84.41222,37.4241],[-84.41212,37.42398],[-84.41318,37.42344],[-84.41369,37.42301],[-84.41392,37.42268],[-84.41405,37.42216],[-84.41394,37.42196],[-84.41313,37.42186],[-84.41309,37.42175],[-84.41334,37.4216],[-84.41474,37.42146],[-84.41544,37.42104],[-84.41588,37.42058],[-84.41609,37.41995],[-84.41609,37.41956],[-84.41578,37.41839],[-84.41569,37.41829],[-84.41548,37.41835],[-84.41462,37.41931],[-84.41429,37.41946],[-84.414,37.41948],[-84.41399,37.41929],[-84.4145,37.41796],[-84.41426,37.41752],[-84.41388,37.41722],[-84.41398,37.4165],[-84.41349,37.41625],[-84.41299,37.4164],[-84.41261,37.41626],[-84.412,37.41657],[-84.41147,37.41639],[-84.41118,37.41662],[-84.41114,37.41727],[-84.41104,37.41745],[-84.41054,37.417],[-84.41016,37.41689],[-84.40996,37.41701],[-84.40979,37.41738],[-84.4095,37.41761],[-84.40907,37.41648],[-84.40913,37.41596],[-84.40899,37.41594],[-84.40782,37.41646],[-84.40751,37.41674],[-84.40758,37.41714],[-84.40792,37.41752],[-84.40751,37.41797],[-84.4077,37.41868],[-84.40705,37.41834],[-84.40655,37.41762],[-84.40597,37.41803],[-84.40559,37.41807],[-84.40538,37.41835],[-84.40538,37.41859],[-84.40557,37.41897],[-84.4059,37.41929],[-84.40658,37.41969],[-84.40714,37.42022],[-84.40797,37.4214],[-84.40843,37.42166],[-84.40874,37.42199],[-84.40828,37.42236],[-84.40828,37.42298],[-84.40853,37.42342],[-84.4082,37.42382],[-84.40797,37.42439],[-84.40804,37.42475],[-84.40826,37.42497],[-84.40779,37.4253],[-84.40765,37.4256],[-84.40767,37.42578],[-84.40805,37.42627],[-84.40786,37.42648],[-84.40742,37.42626],[-84.40695,37.4263],[-84.40655,37.42681],[-84.40638,37.42725],[-84.40645,37.42765],[-84.40662,37.4279],[-84.40779,37.42875],[-84.40737,37.42893],[-84.40672,37.42872],[-84.40631,37.42875],[-84.40615,37.42905],[-84.40656,37.42942]]]}},{"type":"Feature","properties":{"quad":"Wildie","gq_number":"684","source_pub":"Geologic map of the Wildie quadrangle, Garrard and Rockcastle Counties, Kentucky | James Louis Gualtieri | 1968, GQ-684","source_url":"https://pubs.usgs.gov/publication/gq684","original_line_symbol":"Mbrw","polygon_pair_below_above":"Mb|Msg","contact_style":"CONTACT","contact_comments":"Renfro Member of Slade Formation and Wildie Member of Borden Formation","meaning":"Not interpreted as the target contact.","class_label":"AMBIGUOUS","confidence":"Not used"},"geometry":{"type":"MultiLineString","coordinates":[[[-84.26166,37.41472],[-84.26139,37.41477]],[[-84.25904,37.41767],[-84.25903,37.41816],[-84.25988,37.41896]],[[-84.25936,37.41673],[-84.25937,37.41691]]]}},{"type":"Feature","properties":{"quad":"Wildie","gq_number":"684","source_pub":"Geologic map of the Wildie quadrangle, Garrard and Rockcastle Counties, Kentucky | James Louis Gualtieri | 1968, GQ-684","source_url":"https://pubs.usgs.gov/publication/gq684","original_line_symbol":"Mbw","polygon_pair_below_above":"Mb|Msb","contact_style":"CONTACT","contact_comments":"Wildie Member, Borden Formation","meaning":"Not interpreted as the target contact.","class_label":"AMBIGUOUS","confidence":"Not used"},"geometry":{"type":"MultiLineString","coordinates":[[[-84.26134,37.41466],[-84.26172,37.41456]],[[-84.25969,37.41898],[-84.25896,37.41826],[-84.25887,37.41766]],[[-84.2592,37.4169],[-84.25921,37.41672]]]}},{"type":"Feature","properties":{"quad":"Wildie","gq_number":"684","source_pub":"Geologic map of the Wildie quadrangle, Garrard and Rockcastle Counties, Kentucky | James Louis Gualtieri | 1968, GQ-684","source_url":"https://pubs.usgs.gov/publication/gq684","original_line_symbol":"Mbrw","polygon_pair_below_above":"Mb|Msg","contact_style":"CONTACT","contact_comments":"Renfro Member of Slade Formation and Wildie Member of Borden Formation","meaning":"Not interpreted as the target contact.","class_label":"AMBIGUOUS","confidence":"Not used"},"geometry":{"type":"LineString","coordinates":[[-84.25552,37.41892],[-84.25595,37.4185],[-84.25603,37.41803]]}},{"type":"Feature","properties":{"quad":"Brodhead","gq_number":"662","source_pub":"Geologic map of the Brodhead quadrangle, east-central Kentucky | James Louis Gualtieri | 1967, GQ-662","source_url":"https://pubs.usgs.gov/publication/gq662","original_line_symbol":"Mbh","polygon_pair_below_above":"Mb|Mbr","contact_style":"CONTACT","contact_comments":"Halls Gap Member, Borden Formation","meaning":"Top of Halls Gap Member (Mbh) under Renfro; the Wildie (upper-Nada equivalent) is absent or unmapped here, so the target horizon may be missing or included in an adjacent unit.","class_label":"AMBIGUOUS","confidence":"Not used"},"geometry":{"type":"MultiLineString","coordinates":[[[-84.4342,37.41617],[-84.43515,37.41643],[-84.43533,37.4164],[-84.43532,37.41618],[-84.43509,37.41606],[-84.43422,37.41604]],[[-84.42747,37.41388],[-84.42729,37.41431],[-84.42667,37.41463],[-84.42595,37.41458],[-84.42508,37.41422],[-84.42477,37.41426],[-84.42481,37.41459],[-84.42583,37.4152],[-84.42616,37.41557],[-84.42617,37.41571],[-84.42535,37.41607],[-84.42512,37.4163],[-84.42479,37.41643],[-84.42409,37.41694],[-84.42392,37.41691],[-84.42367,37.41665],[-84.42296,37.41636],[-84.42244,37.41639],[-84.4222,37.41657],[-84.42235,37.4172],[-84.42232,37.41774],[-84.42308,37.4188],[-84.42303,37.41898],[-84.42243,37.41959],[-84.42241,37.42],[-84.42258,37.42035],[-84.42329,37.4208],[-84.42412,37.42111],[-84.42481,37.42162],[-84.42553,37.42179],[-84.42581,37.42229],[-84.42632,37.42259],[-84.42638,37.4232],[-84.42691,37.42388],[-84.42683,37.4243],[-84.4266,37.42455],[-84.42644,37.42454],[-84.42619,37.42429],[-84.42595,37.42422],[-84.42523,37.42443],[-84.42496,37.42414],[-84.4248,37.42345],[-84.42399,37.42347],[-84.42371,37.4233],[-84.42364,37.42278],[-84.42343,37.42269],[-84.42324,37.42284],[-84.42293,37.42357],[-84.42296,37.42377],[-84.42314,37.42408],[-84.42376,37.42449],[-84.42373,37.42512],[-84.4239,37.42559],[-84.42442,37.42593],[-84.42464,37.42628],[-84.42487,37.42641],[-84.42537,37.42653],[-84.4263,37.42647],[-84.42679,37.42617],[-84.42693,37.42616],[-84.42713,37.42625],[-84.42746,37.4267],[-84.4277,37.42686],[-84.42801,37.42685],[-84.42833,37.42672],[-84.42848,37.42643],[-84.42841,37.42622],[-84.42776,37.42578],[-84.42769,37.42556],[-84.42779,37.42532],[-84.42806,37.42512],[-84.42891,37.4248],[-84.42993,37.42471],[-84.43067,37.4244],[-84.43092,37.42408],[-84.43098,37.42377],[-84.4304,37.42319],[-84.43047,37.42278],[-84.43099,37.42227],[-84.43204,37.42189],[-84.43207,37.42181],[-84.43151,37.42163],[-84.43103,37.42127],[-84.43058,37.4212],[-84.43014,37.42159],[-84.42998,37.42186],[-84.43028,37.42265],[-84.43018,37.42297],[-84.42989,37.423],[-84.42927,37.42265],[-84.42888,37.42257],[-84.4287,37.42268],[-84.42827,37.42333],[-84.42787,37.42352],[-84.42773,37.42337],[-84.42729,37.42213],[-84.42781,37.42172],[-84.42793,37.42116],[-84.42822,37.42074],[-84.42863,37.41947],[-84.42851,37.4193],[-84.42823,37.41928],[-84.42764,37.41961],[-84.42747,37.4196],[-84.42705,37.4192],[-84.42679,37.41917],[-84.42644,37.41938],[-84.42614,37.41996],[-84.42592,37.42011],[-84.42583,37.41998],[-84.42584,37.41963],[-84.42533,37.41909],[-84.42585,37.41854],[-84.42594,37.41825],[-84.42722,37.41805],[-84.42744,37.41765],[-84.42752,37.41701],[-84.42795,37.4166],[-84.42808,37.41661],[-84.42877,37.41724],[-84.42988,37.41728],[-84.43043,37.41754],[-84.43064,37.41753],[-84.43106,37.41732],[-84.43124,37.41691],[-84.43151,37.41678],[-84.4329,37.41689],[-84.43305,37.41676],[-84.43325,37.41624],[-84.43361,37.41613]],[[-84.43345,37.41601],[-84.43302,37.41596],[-84.43169,37.41524],[-84.43136,37.4152],[-84.43094,37.41562],[-84.43038,37.41593],[-84.43,37.41607],[-84.42937,37.41614],[-84.42904,37.41596],[-84.42782,37.41452],[-84.42764,37.41388]],[[-84.42766,37.41366],[-84.42759,37.41362]]]}},{"type":"Feature","properties":{"quad":"Wildie","gq_number":"684","source_pub":"Geologic map of the Wildie quadrangle, Garrard and Rockcastle Counties, Kentucky | James Louis Gualtieri | 1968, GQ-684","source_url":"https://pubs.usgs.gov/publication/gq684","original_line_symbol":"Mbh","polygon_pair_below_above":"Mb|Mbr","contact_style":"CONTACT","contact_comments":"Halls Gap Member, Borden Formation","meaning":"Top of Halls Gap Member (Mbh) under Renfro; the Wildie (upper-Nada equivalent) is absent or unmapped here, so the target horizon may be missing or included in an adjacent unit.","class_label":"AMBIGUOUS","confidence":"Not used"},"geometry":{"type":"MultiLineString","coordinates":[[[-84.35455,37.43565],[-84.3547,37.43484],[-84.35453,37.43445],[-84.35427,37.4343],[-84.35344,37.43423],[-84.35335,37.43415],[-84.3541,37.43372],[-84.35437,37.4333],[-84.35423,37.43256],[-84.35389,37.43203],[-84.35366,37.43196],[-84.35329,37.43208],[-84.35298,37.43203],[-84.353,37.43187],[-84.35344,37.4313],[-84.35351,37.4304],[-84.35338,37.42992],[-84.35289,37.42937],[-84.35267,37.42935],[-84.35214,37.42965],[-84.35179,37.42944],[-84.35167,37.42932],[-84.35177,37.42883],[-84.3517,37.42851],[-84.35103,37.42767],[-84.35055,37.42758],[-84.35037,37.4278],[-84.3502,37.42826],[-84.34999,37.42831],[-84.34939,37.42759],[-84.34926,37.42707],[-84.34895,37.42685],[-84.34856,37.42682],[-84.3484,37.42698],[-84.34839,37.42754],[-84.34783,37.42758],[-84.34761,37.42783],[-84.34765,37.42835],[-84.3479,37.4288],[-84.34777,37.42883],[-84.34729,37.42866],[-84.34699,37.429],[-84.34651,37.42916],[-84.34635,37.42912],[-84.34645,37.42842],[-84.34632,37.4282],[-84.34634,37.42783],[-84.34684,37.42638],[-84.34734,37.42566],[-84.34739,37.42461],[-84.34726,37.42404],[-84.347,37.42348],[-84.34682,37.42338],[-84.34655,37.42339],[-84.34602,37.42381],[-84.34587,37.42348],[-84.34552,37.42354],[-84.34544,37.42347],[-84.34554,37.42288],[-84.34584,37.42239],[-84.34642,37.42206],[-84.34666,37.42174],[-84.34678,37.42064],[-84.34669,37.41965],[-84.3463,37.41923],[-84.34584,37.41814],[-84.34565,37.41813],[-84.34544,37.41822],[-84.34517,37.41894],[-84.34475,37.41936],[-84.3445,37.41976],[-84.34446,37.42005],[-84.34462,37.42061],[-84.34386,37.42105],[-84.34352,37.42082],[-84.34326,37.42091],[-84.34241,37.42181],[-84.34061,37.42305],[-84.34034,37.42336],[-84.34024,37.42373],[-84.34004,37.42399]],[[-84.34002,37.42394],[-84.3398,37.42381],[-84.33956,37.42334],[-84.33929,37.42326],[-84.33867,37.42328],[-84.33814,37.42342],[-84.33761,37.42373],[-84.33674,37.42453]],[[-84.33897,37.41338],[-84.33908,37.41331]],[[-84.3367,37.42438],[-84.33708,37.424],[-84.33733,37.42347],[-84.33702,37.42323],[-84.33619,37.42312],[-84.3361,37.42298],[-84.33675,37.42299],[-84.33782,37.4228],[-84.33829,37.42261],[-84.3392,37.42255],[-84.34,37.42211],[-84.34026,37.4218],[-84.34078,37.42157],[-84.34136,37.42077],[-84.34152,37.42028],[-84.34199,37.41988],[-84.34227,37.41948],[-84.34276,37.41921],[-84.34334,37.41842],[-84.34367,37.41768],[-84.34374,37.41702],[-84.34419,37.41644],[-84.3443,37.4161],[-84.34425,37.41574],[-84.34407,37.41546],[-84.34369,37.4154],[-84.34308,37.41569],[-84.34295,37.41522],[-84.34276,37.41492],[-84.34196,37.41446],[-84.3406,37.41399],[-84.34034,37.41409],[-84.34018,37.41441],[-84.34002,37.41442],[-84.34005,37.41387],[-84.33995,37.41371],[-84.33955,37.41354],[-84.33882,37.41356]],[[-84.33657,37.42455],[-84.33655,37.42452]]]}},{"type":"Feature","properties":{"quad":"Crab Orchard","gq_number":"571","source_pub":"Geologic map of the Crab Orchard quadrangle, Lincoln County, Kentucky | James Louis Gualtieri | 1967, GQ-571","source_url":"https://pubs.usgs.gov/publication/gq571","original_line_symbol":"Mbh","polygon_pair_below_above":"Mb|Mbr","contact_style":"CONTACT","contact_comments":"Halls Gap Member, Borden Formation","meaning":"Top of Halls Gap Member (Mbh) under Renfro; the Wildie (upper-Nada equivalent) is absent or unmapped here, so the target horizon may be missing or included in an adjacent unit.","class_label":"AMBIGUOUS","confidence":"Not used"},"geometry":{"type":"LineString","coordinates":[[-84.50168,37.41306],[-84.50157,37.41318],[-84.5014,37.41308],[-84.50161,37.41296],[-84.50168,37.41306]]}},{"type":"Feature","properties":{"quad":"Crab Orchard","gq_number":"571","source_pub":"Geologic map of the Crab Orchard quadrangle, Lincoln County, Kentucky | James Louis Gualtieri | 1967, GQ-571","source_url":"https://pubs.usgs.gov/publication/gq571","original_line_symbol":"Mbh","polygon_pair_below_above":"Mb|Mbr","contact_style":"CONTACT","contact_comments":"Halls Gap Member, Borden Formation","meaning":"Top of Halls Gap Member (Mbh) under Renfro; the Wildie (upper-Nada equivalent) is absent or unmapped here, so the target horizon may be missing or included in an adjacent unit.","class_label":"AMBIGUOUS","confidence":"Not used"},"geometry":{"type":"MultiLineString","coordinates":[[[-84.6226,37.44398],[-84.6229,37.44333],[-84.6232,37.44307],[-84.62367,37.44293],[-84.62404,37.44232],[-84.62453,37.44208],[-84.62495,37.44218]],[[-84.62216,37.44375],[-84.62232,37.44372],[-84.62254,37.44391]],[[-84.61852,37.43901],[-84.61909,37.43838],[-84.61935,37.43789],[-84.62001,37.43718],[-84.62015,37.4365],[-84.62038,37.43605],[-84.62072,37.43575],[-84.62098,37.43578],[-84.62177,37.43658],[-84.6219,37.4369],[-84.62135,37.43768],[-84.62116,37.43814],[-84.62132,37.43817],[-84.62231,37.43777],[-84.62257,37.43783],[-84.62346,37.43936],[-84.62343,37.43952],[-84.62278,37.44001],[-84.62191,37.44036],[-84.62168,37.44098],[-84.62253,37.4407],[-84.62371,37.4405],[-84.62387,37.44051],[-84.62418,37.4407],[-84.62428,37.44099],[-84.62415,37.44122],[-84.6234,37.44171],[-84.62255,37.44195],[-84.62286,37.44221],[-84.6222,37.44322],[-84.62204,37.44375],[-84.62213,37.44377]],[[-84.61841,37.4392],[-84.61846,37.43921]],[[-84.61427,37.43598],[-84.6141,37.43562],[-84.61413,37.43531],[-84.61501,37.43431],[-84.61528,37.43414],[-84.61554,37.43441],[-84.61619,37.43602],[-84.61644,37.43631],[-84.61648,37.43602],[-84.61622,37.43454],[-84.61626,37.43398],[-84.61654,37.43374],[-84.61701,37.43375],[-84.61688,37.43345],[-84.61695,37.43318],[-84.61757,37.43264],[-84.61785,37.43268],[-84.61814,37.43287],[-84.61866,37.43347],[-84.61863,37.43407],[-84.61919,37.43409],[-84.61945,37.43429],[-84.61942,37.43444],[-84.61895,37.43485],[-84.61932,37.43537],[-84.61912,37.43597],[-84.61915,37.43706],[-84.61837,37.43835],[-84.61828,37.43857],[-84.61835,37.43898]],[[-84.61468,37.42997],[-84.61441,37.43036],[-84.61433,37.43104],[-84.61445,37.43105],[-84.61501,37.43054],[-84.61529,37.43047],[-84.61627,37.43166],[-84.61624,37.43187],[-84.61574,37.4327],[-84.61519,37.43326],[-84.61477,37.43346],[-84.61389,37.4337],[-84.61425,37.43409],[-84.61425,37.43424],[-84.61352,37.4356],[-84.61367,37.43588],[-84.61411,37.43606]],[[-84.6117,37.42511],[-84.61304,37.42482],[-84.61349,37.42485],[-84.61359,37.42495],[-84.61368,37.42612],[-84.61326,37.42656],[-84.61361,37.42679],[-84.61385,37.42718],[-84.61389,37.42771],[-84.61376,37.42806],[-84.6143,37.42842],[-84.61452,37.4288],[-84.61439,37.42901],[-84.6128,37.43018],[-84.61226,37.43073],[-84.61206,37.43126],[-84.6121,37.43146],[-84.61228,37.43136],[-84.61245,37.43097],[-84.61269,37.43073],[-84.61356,37.43032],[-84.61459,37.42998]],[[-84.61292,37.41205],[-84.6128,37.41265],[-84.61362,37.41258],[-84.61395,37.41279],[-84.61448,37.41262],[-84.61461,37.41267],[-84.61471,37.41361],[-84.61459,37.41385],[-84.6136,37.41432],[-84.61337,37.41454],[-84.61284,37.41547],[-84.61231,37.41586],[-84.6122,37.41608]],[[-84.61226,37.41607],[-84.61324,37.41566],[-84.61377,37.41523],[-84.61423,37.41501],[-84.61451,37.41499],[-84.61466,37.41509],[-84.61464,37.41719],[-84.61372,37.41743],[-84.61279,37.4181],[-84.61229,37.41833],[-84.61164,37.41837],[-84.6115,37.41902],[-84.61153,37.41921],[-84.61226,37.41887],[-84.61442,37.41843],[-84.61451,37.41859],[-84.61432,37.41909],[-84.6132,37.41985],[-84.61413,37.41995],[-84.61424,37.42032],[-84.61418,37.42056],[-84.61397,37.42088],[-84.61216,37.42149],[-84.61136,37.42162],[-84.61057,37.42144],[-84.60967,37.42158],[-84.6096,37.42169]],[[-84.60973,37.42171],[-84.61027,37.4217],[-84.61066,37.42179],[-84.61135,37.42211],[-84.61151,37.42228],[-84.61139,37.42289],[-84.61148,37.42291],[-84.61245,37.4221],[-84.61349,37.42201],[-84.61373,37.42206],[-84.61364,37.4239],[-84.61337,37.42407],[-84.61282,37.42424],[-84.6116,37.42497]],[[-84.61147,37.42508],[-84.61147,37.42513]]]}},{"type":"Feature","properties":{"quad":"Brodhead","gq_number":"662","source_pub":"Geologic map of the Brodhead quadrangle, east-central Kentucky | James Louis Gualtieri | 1967, GQ-662","source_url":"https://pubs.usgs.gov/publication/gq662","original_line_symbol":"Mbh","polygon_pair_below_above":"Mb|Mbr","contact_style":"CONTACT","contact_comments":"Halls Gap Member, Borden Formation","meaning":"Top of Halls Gap Member (Mbh) under Renfro; the Wildie (upper-Nada equivalent) is absent or unmapped here, so the target horizon may be missing or included in an adjacent unit.","class_label":"AMBIGUOUS","confidence":"Not used"},"geometry":{"type":"LineString","coordinates":[[-84.47686,37.41202],[-84.47673,37.41244],[-84.47646,37.41245],[-84.47638,37.41229],[-84.47645,37.41202],[-84.47656,37.41194],[-84.47686,37.41202]]}},{"type":"Feature","properties":{"quad":"Crab Orchard","gq_number":"571","source_pub":"Geologic map of the Crab Orchard quadrangle, Lincoln County, Kentucky | James Louis Gualtieri | 1967, GQ-571","source_url":"https://pubs.usgs.gov/publication/gq571","original_line_symbol":"Mbh","polygon_pair_below_above":"Mb|Mbr","contact_style":"CONTACT","contact_comments":"Halls Gap Member, Borden Formation","meaning":"Top of Halls Gap Member (Mbh) under Renfro; the Wildie (upper-Nada equivalent) is absent or unmapped here, so the target horizon may be missing or included in an adjacent unit.","class_label":"AMBIGUOUS","confidence":"Not used"},"geometry":{"type":"MultiLineString","coordinates":[[[-84.57721,37.41927],[-84.57776,37.41977],[-84.57809,37.41995],[-84.57817,37.42015],[-84.57794,37.42053],[-84.57766,37.42158]],[[-84.55679,37.41953],[-84.55684,37.41923],[-84.55721,37.41862],[-84.55697,37.41821],[-84.55705,37.41786],[-84.55734,37.41767],[-84.55833,37.41748],[-84.55872,37.41715],[-84.55879,37.41694],[-84.55866,37.41675],[-84.557,37.41605],[-84.55709,37.41542],[-84.55698,37.4142],[-84.5568,37.41387],[-84.55646,37.41361],[-84.5564,37.41346],[-84.55708,37.41345],[-84.55732,37.41327],[-84.55758,37.41289],[-84.55786,37.41273],[-84.55785,37.41396],[-84.55847,37.41507],[-84.55887,37.41522],[-84.559,37.4152],[-84.55917,37.41505],[-84.55944,37.41445],[-84.55986,37.41441],[-84.56024,37.41475],[-84.56089,37.4161],[-84.56103,37.41619],[-84.5613,37.41615],[-84.5618,37.4154],[-84.5619,37.41504],[-84.56124,37.41437],[-84.56148,37.41381],[-84.56146,37.41361],[-84.56111,37.41323],[-84.56077,37.41308],[-84.55998,37.41294],[-84.5599,37.41282],[-84.56065,37.41225],[-84.56094,37.41097],[-84.56129,37.41123],[-84.56152,37.41212],[-84.5626,37.41295],[-84.56301,37.41345],[-84.56339,37.4123],[-84.56341,37.4115],[-84.56368,37.41108],[-84.56407,37.41172],[-84.56452,37.41209],[-84.56425,37.41278],[-84.56454,37.4139],[-84.56507,37.41393],[-84.56528,37.41377],[-84.56552,37.41326],[-84.56562,37.41319],[-84.56582,37.41322],[-84.56599,37.4138],[-84.56619,37.41406],[-84.56818,37.41456],[-84.56907,37.41553],[-84.5696,37.4159],[-84.56962,37.41598],[-84.56949,37.41602],[-84.5687,37.41597],[-84.56822,37.41576],[-84.56758,37.41532],[-84.56707,37.41519],[-84.56519,37.41521],[-84.56521,37.41541],[-84.56568,37.41586],[-84.56706,37.41608],[-84.56774,37.41638],[-84.5682,37.41687],[-84.56834,37.41716],[-84.56837,37.41752],[-84.56825,37.41763],[-84.56774,37.41725],[-84.56747,37.41716],[-84.56671,37.41704],[-84.56573,37.41715],[-84.56507,37.4171],[-84.564,37.41668],[-84.56382,37.41684],[-84.56373,37.41706],[-84.56388,37.41727],[-84.56465,37.41763],[-84.56613,37.41814],[-84.56643,37.41843],[-84.56655,37.41877],[-84.56648,37.41896],[-84.56585,37.41912],[-84.56411,37.41911],[-84.56405,37.41991],[-84.56471,37.41969],[-84.56521,37.41966],[-84.56547,37.4198],[-84.5659,37.42032],[-84.56672,37.42],[-84.56715,37.42009],[-84.56746,37.42055],[-84.56733,37.42152],[-84.56762,37.42201],[-84.56778,37.42266],[-84.56767,37.42318],[-84.56737,37.42342],[-84.56687,37.42331],[-84.56608,37.4228],[-84.56555,37.42308],[-84.56451,37.42278],[-84.56409,37.42283],[-84.56372,37.423],[-84.56377,37.4232],[-84.5639,37.42329],[-84.56469,37.42349],[-84.566,37.42368],[-84.56623,37.42404],[-84.56777,37.42392],[-84.56834,37.42377],[-84.56863,37.42302],[-84.56897,37.42276],[-84.56901,37.42247],[-84.56819,37.42167],[-84.56814,37.42128],[-84.56854,37.42095],[-84.56951,37.42096],[-84.56962,37.42086],[-84.56964,37.42065],[-84.56917,37.42012],[-84.56818,37.41968],[-84.56805,37.41947],[-84.56802,37.41909],[-84.56831,37.41896],[-84.56904,37.41893],[-84.57017,37.41909],[-84.571,37.41814],[-84.57136,37.41742],[-84.57158,37.4174],[-84.57211,37.41779],[-84.57227,37.4181],[-84.57175,37.41937],[-84.57218,37.41945],[-84.5724,37.41965],[-84.57234,37.41988],[-84.57163,37.42055],[-84.57163,37.4211],[-84.57189,37.42133],[-84.5729,37.42114],[-84.57312,37.422],[-84.57282,37.42222],[-84.57184,37.42255],[-84.57154,37.42279],[-84.57132,37.42387],[-84.5715,37.42406],[-84.57174,37.42406],[-84.57263,37.42329],[-84.57313,37.42312],[-84.5733,37.42319],[-84.57339,37.42337],[-84.57354,37.42395],[-84.57374,37.42404],[-84.57436,37.42368],[-84.57476,37.42316],[-84.574,37.41984],[-84.57412,37.41914],[-84.57424,37.41916],[-84.57452,37.41954],[-84.57551,37.42144],[-84.57616,37.42243],[-84.57636,37.42236],[-84.57655,37.42152],[-84.57715,37.4206],[-84.57724,37.4198],[-84.57713,37.4193]]]}},{"type":"Feature","properties":{"quad":"Crab Orchard","gq_number":"571","source_pub":"Geologic map of the Crab Orchard quadrangle, Lincoln County, Kentucky | James Louis Gualtieri | 1967, GQ-571","source_url":"https://pubs.usgs.gov/publication/gq571","original_line_symbol":"Mbh","polygon_pair_below_above":"Mb|Mbr","contact_style":"CONTACT","contact_comments":"Halls Gap Member, Borden Formation","meaning":"Top of Halls Gap Member (Mbh) under Renfro; the Wildie (upper-Nada equivalent) is absent or unmapped here, so the target horizon may be missing or included in an adjacent unit.","class_label":"AMBIGUOUS","confidence":"Not used"},"geometry":{"type":"MultiLineString","coordinates":[[[-84.54951,37.41491],[-84.55,37.41378],[-84.55081,37.4127],[-84.55085,37.41224],[-84.55108,37.41208],[-84.55166,37.41207],[-84.55199,37.41221],[-84.55261,37.41284],[-84.55209,37.41368],[-84.55192,37.41492],[-84.55203,37.4152],[-84.55243,37.4152],[-84.55267,37.41511],[-84.55354,37.41421],[-84.55416,37.4139],[-84.55447,37.4139],[-84.55462,37.41406],[-84.5548,37.41499],[-84.55549,37.4148],[-84.55572,37.41485],[-84.55595,37.41507],[-84.55622,37.41583],[-84.55666,37.41619],[-84.55643,37.41697],[-84.55599,37.41752],[-84.55561,37.41752],[-84.55533,37.41709],[-84.55518,37.41707],[-84.55502,37.41812],[-84.55522,37.41899],[-84.55507,37.41925],[-84.55445,37.41917],[-84.55385,37.41893],[-84.55344,37.41839],[-84.55324,37.41769],[-84.55309,37.4176],[-84.55279,37.41767],[-84.55273,37.41797],[-84.55284,37.41847],[-84.55321,37.41927],[-84.5532,37.41962],[-84.55274,37.41997],[-84.55195,37.42001],[-84.55184,37.42047],[-84.55189,37.4209],[-84.55233,37.42073],[-84.55283,37.42067],[-84.55321,37.4209],[-84.55355,37.42145],[-84.55376,37.42144],[-84.55395,37.42032],[-84.55408,37.42016],[-84.55455,37.42],[-84.55496,37.42007],[-84.55532,37.42039],[-84.55674,37.42071],[-84.55831,37.42055],[-84.55852,37.42061],[-84.55862,37.42075],[-84.55865,37.42118],[-84.55849,37.42199],[-84.55879,37.42227],[-84.55911,37.42155],[-84.55956,37.42111],[-84.55954,37.42098],[-84.55906,37.42049],[-84.55907,37.4201],[-84.55936,37.41969],[-84.56001,37.41918],[-84.55998,37.4187],[-84.55979,37.41868],[-84.55927,37.41885],[-84.55856,37.41932],[-84.55746,37.41976],[-84.55701,37.41978],[-84.55679,37.41953]],[[-84.53661,37.4156],[-84.53672,37.41562],[-84.53689,37.41516],[-84.53748,37.41461],[-84.53762,37.41453],[-84.538,37.41451],[-84.53858,37.41527],[-84.53934,37.41568],[-84.53954,37.41593],[-84.53974,37.41593],[-84.53983,37.41572],[-84.53966,37.415],[-84.53967,37.41448],[-84.54003,37.4138],[-84.54043,37.41332],[-84.54066,37.41324],[-84.54086,37.41337],[-84.54097,37.41382],[-84.54198,37.41557],[-84.5428,37.41624],[-84.54344,37.4164],[-84.54378,37.41671],[-84.54378,37.41809],[-84.54406,37.41874],[-84.54404,37.41936],[-84.54415,37.41956],[-84.54432,37.41889],[-84.54403,37.41809],[-84.54399,37.41752],[-84.54443,37.41695],[-84.54503,37.4169],[-84.54514,37.41678],[-84.54487,37.41662],[-84.54413,37.41644],[-84.54386,37.41608],[-84.54385,37.41565],[-84.54404,37.4154],[-84.54448,37.41514],[-84.54447,37.41499],[-84.54408,37.41474],[-84.54361,37.41494],[-84.54299,37.41483],[-84.54226,37.41439],[-84.54184,37.41401],[-84.54177,37.41377],[-84.54178,37.41357],[-84.54212,37.41308],[-84.54221,37.41231],[-84.54263,37.41223],[-84.54316,37.41142],[-84.54333,37.41135],[-84.54348,37.41142],[-84.54382,37.41269],[-84.54402,37.41284],[-84.54446,37.41281],[-84.54485,37.41218],[-84.54517,37.41207],[-84.54565,37.41236],[-84.54632,37.41311],[-84.54666,37.41298],[-84.54673,37.41287],[-84.54667,37.41228],[-84.54697,37.41179],[-84.54693,37.41124],[-84.54749,37.41096],[-84.54788,37.41053],[-84.54819,37.41054],[-84.54898,37.41082],[-84.54982,37.41093],[-84.54998,37.41112],[-84.5494,37.4119],[-84.54972,37.41269],[-84.54965,37.41306],[-84.54903,37.41356],[-84.54867,37.41428],[-84.54936,37.41469]],[[-84.53065,37.41329],[-84.53004,37.41172],[-84.53007,37.41045],[-84.53017,37.41029],[-84.53091,37.41092],[-84.53192,37.41061],[-84.53219,37.41066],[-84.53196,37.41107],[-84.53149,37.41148],[-84.53137,37.41181],[-84.53181,37.41239],[-84.53217,37.41269],[-84.53256,37.41282],[-84.53305,37.41231],[-84.53379,37.4123],[-84.53374,37.4116],[-84.53384,37.41147],[-84.53463,37.41163],[-84.53514,37.41159],[-84.53657,37.41112],[-84.53671,37.41121],[-84.53644,37.41226],[-84.53768,37.41285],[-84.53788,37.41291],[-84.53841,37.41287],[-84.53858,37.41271],[-84.53862,37.41224],[-84.53927,37.41239],[-84.53967,37.41232],[-84.5397,37.41243],[-84.53922,37.41348],[-84.5386,37.41394],[-84.53799,37.41407],[-84.53644,37.41411],[-84.5365,37.41432],[-84.53638,37.4147],[-84.53599,37.41515],[-84.53602,37.41525],[-84.53648,37.41535],[-84.53661,37.4155]]]}},{"type":"Feature","properties":{"quad":"Brodhead","gq_number":"662","source_pub":"Geologic map of the Brodhead quadrangle, east-central Kentucky | James Louis Gualtieri | 1967, GQ-662","source_url":"https://pubs.usgs.gov/publication/gq662","original_line_symbol":"Mbh","polygon_pair_below_above":"Mb|Mbr","contact_style":"CONTACT","contact_comments":"Halls Gap Member, Borden Formation","meaning":"Top of Halls Gap Member (Mbh) under Renfro; the Wildie (upper-Nada equivalent) is absent or unmapped here, so the target horizon may be missing or included in an adjacent unit.","class_label":"AMBIGUOUS","confidence":"Not used"},"geometry":{"type":"LineString","coordinates":[[-84.46428,37.41052],[-84.46416,37.41026],[-84.46398,37.41022],[-84.46398,37.41048],[-84.46417,37.4106],[-84.46428,37.41052]]}},{"type":"Feature","properties":{"quad":"Wildie","gq_number":"684","source_pub":"Geologic map of the Wildie quadrangle, Garrard and Rockcastle Counties, Kentucky | James Louis Gualtieri | 1968, GQ-684","source_url":"https://pubs.usgs.gov/publication/gq684","original_line_symbol":"Mbh","polygon_pair_below_above":"Mb|Mbr","contact_style":"CONTACT","contact_comments":"Halls Gap Member, Borden Formation","meaning":"Top of Halls Gap Member (Mbh) under Renfro; the Wildie (upper-Nada equivalent) is absent or unmapped here, so the target horizon may be missing or included in an adjacent unit.","class_label":"AMBIGUOUS","confidence":"Not used"},"geometry":{"type":"MultiLineString","coordinates":[[[-84.3394,37.41251],[-84.33973,37.41297],[-84.34081,37.41333],[-84.34239,37.4136],[-84.34337,37.41357],[-84.34366,37.41379],[-84.34429,37.41398],[-84.34526,37.41393],[-84.34573,37.4137],[-84.34649,37.41275],[-84.34689,37.41173],[-84.34696,37.41121],[-84.34686,37.4105],[-84.34659,37.40998],[-84.34628,37.40995],[-84.34595,37.41033],[-84.34575,37.41043],[-84.34561,37.41039],[-84.34545,37.41017]],[[-84.33908,37.41331],[-84.33929,37.41298],[-84.33926,37.41262]]]}},{"type":"Feature","properties":{"quad":"Wildie","gq_number":"684","source_pub":"Geologic map of the Wildie quadrangle, Garrard and Rockcastle Counties, Kentucky | James Louis Gualtieri | 1968, GQ-684","source_url":"https://pubs.usgs.gov/publication/gq684","original_line_symbol":"Mbr","polygon_pair_below_above":"Mb|Msg","contact_style":"CONTACT","contact_comments":"Renfro Member of Slade Formation","meaning":"Not interpreted as the target contact.","class_label":"AMBIGUOUS","confidence":"Not used"},"geometry":{"type":"LineString","coordinates":[[-84.26756,37.40946],[-84.26789,37.40959]]}},{"type":"Feature","properties":{"quad":"Wildie","gq_number":"684","source_pub":"Geologic map of the Wildie quadrangle, Garrard and Rockcastle Counties, Kentucky | James Louis Gualtieri | 1968, GQ-684","source_url":"https://pubs.usgs.gov/publication/gq684","original_line_symbol":"Msb","polygon_pair_below_above":"Mb|Msg","contact_style":"CONTACT","contact_comments":"Burnside Member of Slade Formation","meaning":"Not interpreted as the target contact.","class_label":"AMBIGUOUS","confidence":"Not used"},"geometry":{"type":"LineString","coordinates":[[-84.26747,37.40936],[-84.26756,37.40946]]}},{"type":"Feature","properties":{"quad":"Wildie","gq_number":"684","source_pub":"Geologic map of the Wildie quadrangle, Garrard and Rockcastle Counties, Kentucky | James Louis Gualtieri | 1968, GQ-684","source_url":"https://pubs.usgs.gov/publication/gq684","original_line_symbol":"Mbrw","polygon_pair_below_above":"Mb|Msg","contact_style":"CONTACT","contact_comments":"Renfro Member of Slade Formation and Wildie Member of Borden Formation","meaning":"Not interpreted as the target contact.","class_label":"AMBIGUOUS","confidence":"Not used"},"geometry":{"type":"MultiLineString","coordinates":[[[-84.26756,37.40946],[-84.26746,37.40929]],[[-84.26665,37.40931],[-84.26638,37.40959]]]}},{"type":"Feature","properties":{"quad":"Wildie","gq_number":"684","source_pub":"Geologic map of the Wildie quadrangle, Garrard and Rockcastle Counties, Kentucky | James Louis Gualtieri | 1968, GQ-684","source_url":"https://pubs.usgs.gov/publication/gq684","original_line_symbol":"Mbh","polygon_pair_below_above":"Mb|Mbr","contact_style":"CONTACT","contact_comments":"Halls Gap Member, Borden Formation","meaning":"Top of Halls Gap Member (Mbh) under Renfro; the Wildie (upper-Nada equivalent) is absent or unmapped here, so the target horizon may be missing or included in an adjacent unit.","class_label":"AMBIGUOUS","confidence":"Not used"},"geometry":{"type":"MultiLineString","coordinates":[[[-84.34984,37.41801],[-84.35057,37.41867],[-84.35064,37.4193],[-84.35115,37.41924],[-84.35144,37.41909],[-84.35222,37.41944],[-84.35283,37.41928],[-84.35296,37.41917],[-84.35292,37.41897],[-84.35239,37.41857],[-84.35231,37.41837],[-84.35295,37.41796],[-84.35308,37.41773],[-84.35213,37.4178],[-84.35149,37.41764],[-84.35117,37.41736],[-84.35066,37.41639],[-84.35002,37.41572],[-84.3498,37.41532],[-84.34988,37.41514],[-84.35023,37.4149],[-84.35109,37.41473],[-84.35136,37.41433],[-84.35132,37.4141],[-84.35087,37.41386],[-84.35064,37.41382],[-84.34996,37.41401],[-84.34971,37.41393],[-84.34961,37.41374],[-84.35031,37.41244],[-84.35061,37.41002],[-84.35026,37.40932],[-84.35045,37.40895],[-84.35078,37.40883],[-84.35081,37.40852]],[[-84.34979,37.41946],[-84.34989,37.41875],[-84.34971,37.41804]],[[-84.34972,37.41799],[-84.3498,37.41798]]]}},{"type":"Feature","properties":{"quad":"Wildie","gq_number":"684","source_pub":"Geologic map of the Wildie quadrangle, Garrard and Rockcastle Counties, Kentucky | James Louis Gualtieri | 1968, GQ-684","source_url":"https://pubs.usgs.gov/publication/gq684","original_line_symbol":"Mbrw","polygon_pair_below_above":"Mb|Msg","contact_style":"CONTACT","contact_comments":"Renfro Member of Slade Formation and Wildie Member of Borden Formation","meaning":"Not interpreted as the target contact.","class_label":"AMBIGUOUS","confidence":"Not used"},"geometry":{"type":"LineString","coordinates":[[-84.26118,37.4128],[-84.26179,37.41256]]}},{"type":"Feature","properties":{"quad":"Crab Orchard","gq_number":"571","source_pub":"Geologic map of the Crab Orchard quadrangle, Lincoln County, Kentucky | James Louis Gualtieri | 1967, GQ-571","source_url":"https://pubs.usgs.gov/publication/gq571","original_line_symbol":"Mbh","polygon_pair_below_above":"Mb|Mbr","contact_style":"CONTACT","contact_comments":"Halls Gap Member, Borden Formation","meaning":"Top of Halls Gap Member (Mbh) under Renfro; the Wildie (upper-Nada equivalent) is absent or unmapped here, so the target horizon may be missing or included in an adjacent unit.","class_label":"AMBIGUOUS","confidence":"Not used"},"geometry":{"type":"MultiLineString","coordinates":[[[-84.50858,37.41313],[-84.50845,37.4129],[-84.50761,37.41231],[-84.50762,37.41207],[-84.50732,37.41174],[-84.50716,37.41135],[-84.50697,37.41074],[-84.50702,37.41056],[-84.5073,37.41058],[-84.50865,37.41138],[-84.50914,37.41153],[-84.50938,37.41152],[-84.50974,37.41121],[-84.50981,37.41103],[-84.5097,37.41075],[-84.50882,37.40977],[-84.50895,37.40901],[-84.50902,37.40897],[-84.50926,37.40932],[-84.50963,37.40959],[-84.51026,37.40992],[-84.51074,37.41006],[-84.51087,37.4097],[-84.5109,37.40889],[-84.51102,37.40884],[-84.51142,37.40892],[-84.5117,37.40878],[-84.51189,37.40912],[-84.51189,37.40953],[-84.51218,37.4105],[-84.51235,37.41062],[-84.5129,37.41056],[-84.51319,37.41112],[-84.51146,37.4122],[-84.51134,37.41232],[-84.51135,37.41255],[-84.51171,37.41299],[-84.51187,37.41298],[-84.51248,37.41241],[-84.51367,37.41183],[-84.51406,37.41145],[-84.51421,37.41154],[-84.51431,37.41169],[-84.51411,37.41244],[-84.51332,37.41435],[-84.51339,37.41443],[-84.51423,37.41458],[-84.51483,37.41486],[-84.51502,37.41507],[-84.51504,37.41524],[-84.51464,37.41566],[-84.51374,37.4159],[-84.51371,37.41635],[-84.51384,37.41645],[-84.51476,37.4165],[-84.51496,37.4168],[-84.51495,37.41741],[-84.51552,37.41742],[-84.51594,37.41722],[-84.51669,37.41655],[-84.5159,37.41631],[-84.51539,37.41558],[-84.5154,37.41531],[-84.51582,37.41509],[-84.51727,37.41506],[-84.51742,37.4149],[-84.51672,37.4142],[-84.51612,37.41409],[-84.51487,37.41407],[-84.51461,37.41395],[-84.51465,37.41367],[-84.51477,37.41356],[-84.51599,37.41304],[-84.51612,37.41277],[-84.51607,37.41208],[-84.51634,37.41201],[-84.51678,37.41226],[-84.51753,37.41302],[-84.51892,37.41375],[-84.51912,37.41359],[-84.51918,37.41289],[-84.51857,37.41223],[-84.51856,37.41179],[-84.5187,37.41149],[-84.51902,37.41125],[-84.51954,37.4117],[-84.51992,37.41182],[-84.52043,37.41165],[-84.52094,37.41127],[-84.52109,37.41127],[-84.52115,37.41175],[-84.52096,37.41208],[-84.52088,37.4127],[-84.52103,37.41337],[-84.52101,37.41425],[-84.52135,37.4145],[-84.52175,37.41448],[-84.522,37.41431],[-84.52204,37.41417],[-84.52157,37.41404],[-84.52151,37.41381],[-84.52176,37.41321],[-84.52162,37.41213],[-84.5219,37.41153],[-84.52216,37.4114],[-84.52314,37.412],[-84.52369,37.4121],[-84.52378,37.41203],[-84.52381,37.41163],[-84.52362,37.411],[-84.52371,37.41081],[-84.5241,37.41066],[-84.52475,37.41078],[-84.52498,37.41069],[-84.52495,37.41059],[-84.52466,37.41046],[-84.52355,37.41015],[-84.52318,37.40992],[-84.52308,37.40969],[-84.52354,37.40952],[-84.52459,37.40945],[-84.52468,37.40926],[-84.52454,37.40878],[-84.52478,37.40861],[-84.52537,37.40884],[-84.52585,37.40927],[-84.52593,37.40924],[-84.52599,37.4089],[-84.52591,37.4086],[-84.52531,37.40804],[-84.52542,37.40779],[-84.52538,37.40734],[-84.52548,37.40731],[-84.52629,37.40768],[-84.52668,37.40735],[-84.5269,37.40742],[-84.527,37.4082],[-84.52728,37.40908],[-84.52746,37.40927],[-84.52793,37.40942],[-84.52751,37.41023],[-84.5277,37.41032],[-84.5284,37.41026],[-84.52855,37.41038],[-84.52851,37.41062],[-84.52795,37.41108],[-84.5279,37.41133],[-84.52819,37.41149],[-84.52863,37.41154],[-84.5287,37.41172],[-84.52834,37.41211],[-84.52766,37.41229],[-84.5265,37.41245],[-84.52643,37.41279],[-84.5269,37.41326],[-84.52658,37.41367],[-84.52577,37.41409],[-84.52583,37.41448],[-84.52595,37.4145],[-84.52628,37.41409],[-84.52735,37.41382],[-84.52763,37.41313],[-84.52858,37.4126],[-84.52896,37.41258],[-84.5291,37.41267],[-84.52945,37.41331],[-84.53022,37.41325],[-84.53048,37.41337],[-84.53065,37.4141],[-84.53036,37.41463],[-84.53103,37.41468],[-84.53116,37.41453],[-84.53113,37.41419],[-84.53076,37.41355]],[[-84.53068,37.41338],[-84.53065,37.41329]],[[-84.49994,37.4108],[-84.5008,37.41126],[-84.50132,37.41139],[-84.50141,37.41129],[-84.50109,37.41095],[-84.5015,37.4104],[-84.50138,37.41007],[-84.501,37.40973],[-84.50099,37.40953],[-84.50165,37.40931],[-84.50252,37.40948],[-84.50342,37.40917],[-84.50395,37.40925],[-84.50478,37.40966],[-84.50475,37.40979],[-84.50387,37.41004],[-84.50379,37.41028],[-84.50428,37.41071],[-84.5045,37.41104],[-84.5052,37.41113],[-84.50531,37.41151],[-84.50518,37.41227],[-84.50525,37.41271],[-84.50538,37.41288],[-84.50649,37.41272],[-84.50675,37.41324],[-84.50689,37.41384],[-84.50786,37.4131],[-84.50841,37.41311]]]}},{"type":"Feature","properties":{"quad":"Crab Orchard","gq_number":"571","source_pub":"Geologic map of the Crab Orchard quadrangle, Lincoln County, Kentucky | James Louis Gualtieri | 1967, GQ-571","source_url":"https://pubs.usgs.gov/publication/gq571","original_line_symbol":"Mbh","polygon_pair_below_above":"Mb|Mbr","contact_style":"CONTACT","contact_comments":"Halls Gap Member, Borden Formation","meaning":"Top of Halls Gap Member (Mbh) under Renfro; the Wildie (upper-Nada equivalent) is absent or unmapped here, so the target horizon may be missing or included in an adjacent unit.","class_label":"AMBIGUOUS","confidence":"Not used"},"geometry":{"type":"MultiLineString","coordinates":[[[-84.6248,37.41655],[-84.6243,37.41524],[-84.62416,37.41508],[-84.62398,37.41506],[-84.6237,37.41554],[-84.62333,37.41699],[-84.62314,37.41733],[-84.62296,37.41735],[-84.62303,37.41666],[-84.62289,37.41607],[-84.62265,37.41569],[-84.6228,37.41527],[-84.62278,37.4148],[-84.62349,37.41386],[-84.6236,37.41358],[-84.6231,37.41247],[-84.62288,37.41233],[-84.62259,37.41234],[-84.62163,37.41271],[-84.62105,37.41313],[-84.62089,37.4131],[-84.62095,37.4127],[-84.62121,37.41218],[-84.62266,37.41116],[-84.62257,37.41103],[-84.6215,37.41083],[-84.62241,37.41022],[-84.62243,37.40974],[-84.62209,37.40877],[-84.62194,37.4087],[-84.62126,37.40882],[-84.62098,37.40773],[-84.62084,37.40753],[-84.62058,37.4075],[-84.62023,37.40777],[-84.61985,37.40859],[-84.61979,37.40914],[-84.61961,37.40919],[-84.61928,37.40839],[-84.61921,37.40737],[-84.61892,37.40704],[-84.61834,37.40686],[-84.61816,37.40694],[-84.61806,37.40716],[-84.61814,37.40855],[-84.61789,37.40977],[-84.61798,37.41012],[-84.6184,37.41057],[-84.61839,37.4107],[-84.61793,37.41115],[-84.61759,37.41237],[-84.61776,37.41267],[-84.61833,37.41296],[-84.61838,37.41306],[-84.61768,37.41336],[-84.61753,37.41366],[-84.61761,37.41381],[-84.61791,37.41393],[-84.61943,37.41433],[-84.61998,37.41506],[-84.62061,37.41565],[-84.62069,37.41607]],[[-84.62214,37.42102],[-84.62217,37.42108],[-84.62179,37.42126],[-84.62181,37.42163],[-84.62292,37.42275],[-84.62397,37.42331],[-84.62372,37.42346],[-84.62334,37.42341],[-84.62288,37.42316],[-84.62261,37.42314],[-84.62185,37.42374]],[[-84.62063,37.41616],[-84.62047,37.41601],[-84.61975,37.41574],[-84.61899,37.41511],[-84.61865,37.41494],[-84.61817,37.41489],[-84.61782,37.41499],[-84.61761,37.41522],[-84.61754,37.41621],[-84.61762,37.41658],[-84.61792,37.41688],[-84.61871,37.41719],[-84.61879,37.41732],[-84.61863,37.41744],[-84.61764,37.41757],[-84.61751,37.41775],[-84.61779,37.41803],[-84.61843,37.41812],[-84.61925,37.41852],[-84.61966,37.41898],[-84.62045,37.41958],[-84.6209,37.41971],[-84.6216,37.41974],[-84.62165,37.41988],[-84.62135,37.4202],[-84.62134,37.42052],[-84.62172,37.42092],[-84.62206,37.42101]],[[-84.62184,37.42369],[-84.62184,37.42347]]]}},{"type":"Feature","properties":{"quad":"Wildie","gq_number":"684","source_pub":"Geologic map of the Wildie quadrangle, Garrard and Rockcastle Counties, Kentucky | James Louis Gualtieri | 1968, GQ-684","source_url":"https://pubs.usgs.gov/publication/gq684","original_line_symbol":"Mbh","polygon_pair_below_above":"Mb|Mbr","contact_style":"CONTACT","contact_comments":"Halls Gap Member, Borden Formation","meaning":"Top of Halls Gap Member (Mbh) under Renfro; the Wildie (upper-Nada equivalent) is absent or unmapped here, so the target horizon may be missing or included in an adjacent unit.","class_label":"AMBIGUOUS","confidence":"Not used"},"geometry":{"type":"LineString","coordinates":[[-84.35081,37.40852],[-84.35092,37.40814],[-84.35041,37.40784],[-84.35051,37.40685],[-84.35091,37.40603],[-84.35117,37.40582],[-84.35148,37.40578],[-84.35241,37.40626],[-84.35283,37.4067],[-84.35316,37.40802],[-84.35375,37.40921],[-84.35385,37.40999],[-84.35356,37.41085],[-84.35359,37.41147],[-84.3534,37.41185],[-84.3537,37.41234],[-84.35384,37.41303],[-84.35444,37.41305],[-84.35486,37.4133],[-84.35515,37.41332],[-84.35566,37.41372]]}},{"type":"Feature","properties":{"quad":"Brodhead","gq_number":"662","source_pub":"Geologic map of the Brodhead quadrangle, east-central Kentucky | James Louis Gualtieri | 1967, GQ-662","source_url":"https://pubs.usgs.gov/publication/gq662","original_line_symbol":"Mbh","polygon_pair_below_above":"Mb|Mbr","contact_style":"CONTACT","contact_comments":"Halls Gap Member, Borden Formation","meaning":"Top of Halls Gap Member (Mbh) under Renfro; the Wildie (upper-Nada equivalent) is absent or unmapped here, so the target horizon may be missing or included in an adjacent unit.","class_label":"AMBIGUOUS","confidence":"Not used"},"geometry":{"type":"MultiLineString","coordinates":[[[-84.39432,37.42379],[-84.39442,37.42352],[-84.39508,37.42312],[-84.39618,37.42218],[-84.39608,37.42158],[-84.39697,37.4218],[-84.39794,37.4218],[-84.39832,37.42174],[-84.39863,37.42157],[-84.39868,37.42106],[-84.39927,37.42115],[-84.39948,37.42109],[-84.39993,37.42053],[-84.40221,37.41859],[-84.40216,37.41833],[-84.40199,37.41818],[-84.4018,37.41807],[-84.40139,37.41801],[-84.40109,37.41777]],[[-84.40106,37.41773],[-84.40259,37.41765],[-84.40278,37.41757],[-84.40311,37.41692],[-84.40305,37.41671],[-84.40284,37.41649],[-84.40196,37.41599],[-84.40215,37.41588],[-84.40313,37.41598],[-84.40373,37.4158],[-84.40385,37.41555],[-84.40381,37.41522],[-84.40356,37.41475],[-84.4036,37.41465],[-84.40397,37.41449],[-84.40429,37.41494],[-84.40456,37.41503],[-84.40484,37.41498],[-84.40722,37.41344],[-84.40729,37.41322],[-84.40713,37.41294],[-84.4065,37.41266],[-84.40605,37.41258],[-84.40558,37.41227],[-84.40579,37.412],[-84.40581,37.41169],[-84.40587,37.41165],[-84.40664,37.41206],[-84.40749,37.41205],[-84.40813,37.41218],[-84.4084,37.41211],[-84.40871,37.41183],[-84.4091,37.41164],[-84.41019,37.41195],[-84.41064,37.41161],[-84.4109,37.41121],[-84.41162,37.4108],[-84.41157,37.41062],[-84.41093,37.41023],[-84.41089,37.40987],[-84.41106,37.40945],[-84.41106,37.40893],[-84.41036,37.40768],[-84.40997,37.4074],[-84.40986,37.40748],[-84.40983,37.40793],[-84.40962,37.4081],[-84.4085,37.40811],[-84.40791,37.40892],[-84.40754,37.4092],[-84.40742,37.40907],[-84.40729,37.4085],[-84.40676,37.40798],[-84.40726,37.40742],[-84.4073,37.40697],[-84.40721,37.40674],[-84.40654,37.4062],[-84.40599,37.40607],[-84.40509,37.40556],[-84.4042,37.40545],[-84.40397,37.40555],[-84.40344,37.40607],[-84.40299,37.40676],[-84.40311,37.40707],[-84.40381,37.40748],[-84.40395,37.40765],[-84.40352,37.40811],[-84.40342,37.40874],[-84.40326,37.40885],[-84.40303,37.40886],[-84.40254,37.40841],[-84.40212,37.40841],[-84.40147,37.4091],[-84.40099,37.41002],[-84.40107,37.41044],[-84.40126,37.41065],[-84.40265,37.41119],[-84.40278,37.41135],[-84.40191,37.41141],[-84.40123,37.41172],[-84.40089,37.41148],[-84.40048,37.41138],[-84.40012,37.41151],[-84.39976,37.4118],[-84.39954,37.41215],[-84.3994,37.41292],[-84.39922,37.41316],[-84.39914,37.41353],[-84.39955,37.41461],[-84.39949,37.41508]],[[-84.39937,37.41517],[-84.39912,37.41504],[-84.39889,37.41443],[-84.39865,37.41433],[-84.39838,37.41435],[-84.39819,37.41465],[-84.39768,37.41498],[-84.3963,37.41635],[-84.3957,37.41676],[-84.39526,37.41735],[-84.39492,37.41738],[-84.39465,37.4176],[-84.39451,37.41795],[-84.39419,37.41802],[-84.39384,37.41832],[-84.39361,37.4188],[-84.39381,37.4196],[-84.39316,37.42188],[-84.39284,37.42359],[-84.39214,37.42412],[-84.39179,37.42477]],[[-84.39696,37.42301],[-84.39681,37.42278],[-84.39657,37.42282],[-84.39574,37.42323],[-84.39566,37.42371],[-84.39543,37.42353],[-84.3951,37.42351],[-84.39442,37.42388]],[[-84.39428,37.424],[-84.39423,37.42399]],[[-84.39092,37.4289],[-84.3914,37.43]],[[-84.39066,37.42804],[-84.39079,37.42864]]]}},{"type":"Feature","properties":{"quad":"Crab Orchard","gq_number":"571","source_pub":"Geologic map of the Crab Orchard quadrangle, Lincoln County, Kentucky | James Louis Gualtieri | 1967, GQ-571","source_url":"https://pubs.usgs.gov/publication/gq571","original_line_symbol":"Mbh","polygon_pair_below_above":"Mb|Mbr","contact_style":"CONTACT","contact_comments":"Halls Gap Member, Borden Formation","meaning":"Top of Halls Gap Member (Mbh) under Renfro; the Wildie (upper-Nada equivalent) is absent or unmapped here, so the target horizon may be missing or included in an adjacent unit.","class_label":"AMBIGUOUS","confidence":"Not used"},"geometry":{"type":"MultiLineString","coordinates":[[[-84.50094,37.40583],[-84.49994,37.40567]],[[-84.49994,37.40528],[-84.50015,37.40517],[-84.5004,37.40523],[-84.50069,37.40544],[-84.50094,37.4058]]]}},{"type":"Feature","properties":{"quad":"Crab Orchard","gq_number":"571","source_pub":"Geologic map of the Crab Orchard quadrangle, Lincoln County, Kentucky | James Louis Gualtieri | 1967, GQ-571","source_url":"https://pubs.usgs.gov/publication/gq571","original_line_symbol":"Mbh","polygon_pair_below_above":"Mb|Mbr","contact_style":"CONTACT","contact_comments":"Halls Gap Member, Borden Formation","meaning":"Top of Halls Gap Member (Mbh) under Renfro; the Wildie (upper-Nada equivalent) is absent or unmapped here, so the target horizon may be missing or included in an adjacent unit.","class_label":"AMBIGUOUS","confidence":"Not used"},"geometry":{"type":"MultiLineString","coordinates":[[[-84.6091,37.41564],[-84.60899,37.4155],[-84.60786,37.41486],[-84.6078,37.41449],[-84.60854,37.41352],[-84.6091,37.41314],[-84.60952,37.41322],[-84.61011,37.41359],[-84.61043,37.41357],[-84.61048,37.41348],[-84.61015,37.41285],[-84.60976,37.41242],[-84.60964,37.41214],[-84.60965,37.4118],[-84.60988,37.4112],[-84.61007,37.41107],[-84.61062,37.41117],[-84.61076,37.41106],[-84.61077,37.4108],[-84.61041,37.4103],[-84.6109,37.40944],[-84.6111,37.40928],[-84.61144,37.40929],[-84.6122,37.40976],[-84.6125,37.40977],[-84.6122,37.40904],[-84.61174,37.40845],[-84.61176,37.40826],[-84.61207,37.40785],[-84.61254,37.40754],[-84.61262,37.40706],[-84.61368,37.40612],[-84.61439,37.4053],[-84.61473,37.40517],[-84.61484,37.40528],[-84.61495,37.40632],[-84.6137,37.40748],[-84.6136,37.40803],[-84.61448,37.4077],[-84.61507,37.40782],[-84.61511,37.40883],[-84.61494,37.40979],[-84.61478,37.41025],[-84.61444,37.41065],[-84.61463,37.4113],[-84.61448,37.41158],[-84.614,37.41186],[-84.61292,37.41205]],[[-84.60926,37.41576],[-84.60927,37.41573]],[[-84.6072,37.41981],[-84.60711,37.41886],[-84.60687,37.4185],[-84.60596,37.41778],[-84.60608,37.41712],[-84.60622,37.41698],[-84.60655,37.41706],[-84.60841,37.41797],[-84.60915,37.41853],[-84.60933,37.41859],[-84.60935,37.41846],[-84.60903,37.41799],[-84.60899,37.41753],[-84.60844,37.41747],[-84.60796,37.41697],[-84.60709,37.41645],[-84.60681,37.41609],[-84.60698,37.41556],[-84.60713,37.4154],[-84.60747,37.41542],[-84.60824,37.41566],[-84.60887,37.41571]],[[-84.60565,37.42774],[-84.60496,37.42721],[-84.60478,37.4266],[-84.60413,37.42595],[-84.60425,37.42586],[-84.60602,37.42546],[-84.60607,37.42536],[-84.60567,37.4253],[-84.60456,37.42543],[-84.60356,37.42541],[-84.60341,37.42524],[-84.60339,37.42478],[-84.60363,37.42419],[-84.60392,37.42384],[-84.60427,37.42362],[-84.60585,37.42374],[-84.60606,37.42369],[-84.60611,37.4236],[-84.60493,37.42318],[-84.60422,37.42276],[-84.60392,37.42227],[-84.6039,37.42171],[-84.6042,37.42117],[-84.6051,37.42156],[-84.60573,37.42162],[-84.60572,37.42144],[-84.60476,37.42059],[-84.60459,37.42019],[-84.60521,37.4194],[-84.60551,37.41863],[-84.60567,37.41859],[-84.60616,37.41879],[-84.6071,37.41992]],[[-84.60571,37.42784],[-84.6057,37.42779]],[[-84.60372,37.43103],[-84.60371,37.42976],[-84.60352,37.42879],[-84.60375,37.42845],[-84.60381,37.42759],[-84.6035,37.42654],[-84.60373,37.42648],[-84.60396,37.42654],[-84.6044,37.42718],[-84.60479,37.42756],[-84.60557,37.42786]],[[-84.60354,37.43261],[-84.60426,37.43327],[-84.60454,37.43367],[-84.60464,37.4335],[-84.60452,37.43305],[-84.60415,37.43261],[-84.6039,37.43208]],[[-84.60381,37.43166],[-84.60399,37.43125],[-84.60374,37.43108]]]}},{"type":"Feature","properties":{"quad":"Brodhead","gq_number":"662","source_pub":"Geologic map of the Brodhead quadrangle, east-central Kentucky | James Louis Gualtieri | 1967, GQ-662","source_url":"https://pubs.usgs.gov/publication/gq662","original_line_symbol":"Mbh","polygon_pair_below_above":"Mb|Mbr","contact_style":"CONTACT","contact_comments":"Halls Gap Member, Borden Formation","meaning":"Top of Halls Gap Member (Mbh) under Renfro; the Wildie (upper-Nada equivalent) is absent or unmapped here, so the target horizon may be missing or included in an adjacent unit.","class_label":"AMBIGUOUS","confidence":"Not used"},"geometry":{"type":"MultiLineString","coordinates":[[[-84.48724,37.40942],[-84.48716,37.40905],[-84.48613,37.4082],[-84.48614,37.40801],[-84.48669,37.40718],[-84.48695,37.40721],[-84.48818,37.40775],[-84.48853,37.40774],[-84.48924,37.40754],[-84.49028,37.40795],[-84.4909,37.40801],[-84.49173,37.40794],[-84.49237,37.40809],[-84.49232,37.40822],[-84.49085,37.4093],[-84.49028,37.40951],[-84.49008,37.40967],[-84.48997,37.40986],[-84.49004,37.41018],[-84.49019,37.41022],[-84.49036,37.41015],[-84.49186,37.40918],[-84.4922,37.40915],[-84.49256,37.40938],[-84.49299,37.40941],[-84.49326,37.40933],[-84.49355,37.40905],[-84.49381,37.409],[-84.4939,37.41022],[-84.4936,37.41046],[-84.4926,37.41066],[-84.49239,37.41088],[-84.49241,37.41112],[-84.49262,37.41126],[-84.49325,37.41143],[-84.49385,37.41235],[-84.49456,37.41254],[-84.49503,37.41257],[-84.49561,37.41296],[-84.49571,37.41316],[-84.49558,37.41376],[-84.49569,37.41391],[-84.49653,37.41326],[-84.49632,37.41235],[-84.49618,37.41207],[-84.49597,37.41192],[-84.49484,37.41182],[-84.49454,37.41164],[-84.49536,37.41091],[-84.49615,37.41068],[-84.49646,37.41049],[-84.49647,37.41025],[-84.49621,37.40986],[-84.49681,37.40975],[-84.4972,37.40954],[-84.49736,37.40935],[-84.49739,37.40906],[-84.49782,37.40894],[-84.49826,37.40866],[-84.49839,37.40923],[-84.49888,37.40961],[-84.49882,37.40972],[-84.49834,37.40999],[-84.49798,37.4104],[-84.49787,37.41077],[-84.49803,37.41115],[-84.49878,37.41172],[-84.49894,37.4115],[-84.49894,37.41108],[-84.49922,37.41075],[-84.49954,37.41067],[-84.49994,37.4108]],[[-84.47637,37.40678],[-84.47674,37.40637],[-84.47715,37.40614],[-84.47774,37.40606],[-84.47832,37.40623],[-84.47853,37.40642],[-84.47852,37.40716],[-84.47881,37.40744],[-84.47888,37.40765],[-84.47906,37.40771],[-84.47928,37.40758],[-84.47953,37.40715],[-84.47976,37.40697],[-84.48081,37.40681],[-84.48185,37.40652],[-84.48279,37.40594],[-84.48315,37.40592],[-84.48365,37.40623],[-84.48381,37.40665],[-84.4837,37.40693],[-84.48324,37.40738],[-84.48321,37.40754],[-84.48355,37.40753],[-84.48454,37.40781],[-84.48478,37.40808],[-84.48479,37.4087],[-84.48522,37.40898],[-84.48546,37.40929],[-84.48611,37.40911],[-84.48647,37.40911],[-84.48691,37.40929],[-84.48718,37.40953]],[[-84.47591,37.40595],[-84.47626,37.40677]]]}},{"type":"Feature","properties":{"quad":"Brodhead","gq_number":"662","source_pub":"Geologic map of the Brodhead quadrangle, east-central Kentucky | James Louis Gualtieri | 1967, GQ-662","source_url":"https://pubs.usgs.gov/publication/gq662","original_line_symbol":"Mbh","polygon_pair_below_above":"Mb|Mbr","contact_style":"CONTACT","contact_comments":"Halls Gap Member, Borden Formation","meaning":"Top of Halls Gap Member (Mbh) under Renfro; the Wildie (upper-Nada equivalent) is absent or unmapped here, so the target horizon may be missing or included in an adjacent unit.","class_label":"AMBIGUOUS","confidence":"Not used"},"geometry":{"type":"LineString","coordinates":[[-84.46252,37.40696],[-84.46273,37.40708],[-84.46282,37.40734],[-84.46259,37.40787],[-84.46216,37.40817],[-84.46157,37.40838],[-84.46017,37.40837],[-84.45965,37.40844],[-84.45945,37.40825],[-84.4589,37.40727],[-84.45843,37.40699],[-84.45754,37.407],[-84.45675,37.40775],[-84.45685,37.40789],[-84.45754,37.40797],[-84.4582,37.40819],[-84.45845,37.4085],[-84.4586,37.40907],[-84.45882,37.40919],[-84.45948,37.40901],[-84.46015,37.40863],[-84.46109,37.40876],[-84.4615,37.40894],[-84.46241,37.40859],[-84.46325,37.40872],[-84.46335,37.40864],[-84.46366,37.40745],[-84.46391,37.4071],[-84.46465,37.40685],[-84.46495,37.40687],[-84.46519,37.40703],[-84.4657,37.40765],[-84.46595,37.40768],[-84.4661,37.40753],[-84.46633,37.40695],[-84.46708,37.40601],[-84.46741,37.40541],[-84.46773,37.40514],[-84.46812,37.40506],[-84.46843,37.40509],[-84.46877,37.40528],[-84.46954,37.40609],[-84.46961,37.40638],[-84.46944,37.4068],[-84.4695,37.40699],[-84.4701,37.40775],[-84.47012,37.40818],[-84.47037,37.40825],[-84.47053,37.40814],[-84.47064,37.40756],[-84.47157,37.40652],[-84.47192,37.40648],[-84.47282,37.40671],[-84.47303,37.40664],[-84.47308,37.40622],[-84.47275,37.40583],[-84.4727,37.40555],[-84.47287,37.40501],[-84.47337,37.40464],[-84.47413,37.40468],[-84.47475,37.40455],[-84.47515,37.40489],[-84.47545,37.40551],[-84.4758,37.40575],[-84.47591,37.40595]]}},{"type":"Feature","properties":{"quad":"Wildie","gq_number":"684","source_pub":"Geologic map of the Wildie quadrangle, Garrard and Rockcastle Counties, Kentucky | James Louis Gualtieri | 1968, GQ-684","source_url":"https://pubs.usgs.gov/publication/gq684","original_line_symbol":"Mbh","polygon_pair_below_above":"Mb|Mbr","contact_style":"CONTACT","contact_comments":"Halls Gap Member, Borden Formation","meaning":"Top of Halls Gap Member (Mbh) under Renfro; the Wildie (upper-Nada equivalent) is absent or unmapped here, so the target horizon may be missing or included in an adjacent unit.","class_label":"AMBIGUOUS","confidence":"Not used"},"geometry":{"type":"MultiLineString","coordinates":[[[-84.35566,37.41372],[-84.35622,37.41411],[-84.35622,37.41387],[-84.35566,37.41318],[-84.3549,37.41264],[-84.35456,37.41186],[-84.35477,37.41156],[-84.35506,37.41076],[-84.35525,37.41063],[-84.35564,37.41087],[-84.3558,37.41174],[-84.35595,37.41201],[-84.35669,37.41177],[-84.35777,37.41228],[-84.35871,37.41306],[-84.35902,37.4135],[-84.35921,37.41429],[-84.35945,37.41464],[-84.36075,37.41588],[-84.36163,37.41614],[-84.3616,37.41601],[-84.36067,37.4152],[-84.36,37.41396],[-84.35979,37.41302],[-84.35982,37.41274],[-84.36045,37.41264],[-84.36073,37.41244],[-84.35977,37.41236],[-84.35931,37.41223],[-84.35909,37.412],[-84.35912,37.41178],[-84.35933,37.41158],[-84.35928,37.4115],[-84.35855,37.41152],[-84.35828,37.41144],[-84.35792,37.41101],[-84.35726,37.41057],[-84.35624,37.40946],[-84.35615,37.40926],[-84.35618,37.40888],[-84.35595,37.4088],[-84.35562,37.40847],[-84.35529,37.40777],[-84.3553,37.40768],[-84.35616,37.40737],[-84.35698,37.40785],[-84.3572,37.40787],[-84.35739,37.40719],[-84.35806,37.40672],[-84.3579,37.40634],[-84.35816,37.4059],[-84.35812,37.40535],[-84.35781,37.40529],[-84.3575,37.40502]],[[-84.35745,37.405],[-84.35712,37.40553],[-84.35668,37.40583],[-84.3561,37.40584],[-84.35538,37.40572],[-84.3548,37.40535],[-84.35443,37.40493],[-84.35406,37.40417],[-84.35365,37.40389]]]}},{"type":"Feature","properties":{"quad":"Crab Orchard","gq_number":"571","source_pub":"Geologic map of the Crab Orchard quadrangle, Lincoln County, Kentucky | James Louis Gualtieri | 1967, GQ-571","source_url":"https://pubs.usgs.gov/publication/gq571","original_line_symbol":"Mbh","polygon_pair_below_above":"Mb|Mbr","contact_style":"CONTACT","contact_comments":"Halls Gap Member, Borden Formation","meaning":"Top of Halls Gap Member (Mbh) under Renfro; the Wildie (upper-Nada equivalent) is absent or unmapped here, so the target horizon may be missing or included in an adjacent unit.","class_label":"AMBIGUOUS","confidence":"Not used"},"geometry":{"type":"MultiLineString","coordinates":[[[-84.59087,37.40343],[-84.59107,37.40526],[-84.59082,37.40552],[-84.59001,37.40577],[-84.58957,37.40617],[-84.59056,37.40626],[-84.59111,37.40642],[-84.5913,37.40669],[-84.59123,37.40722],[-84.59098,37.40745],[-84.58996,37.4077],[-84.58907,37.40804],[-84.58907,37.40815],[-84.58928,37.40828],[-84.5896,37.40835],[-84.59102,37.40815],[-84.59123,37.40844],[-84.59126,37.40879],[-84.59097,37.409],[-84.58942,37.40915],[-84.5895,37.40934],[-84.58977,37.40947],[-84.59087,37.40967],[-84.59077,37.40987],[-84.58974,37.41021],[-84.58901,37.41028],[-84.58904,37.41036],[-84.58957,37.41053],[-84.59047,37.41068],[-84.59052,37.41075],[-84.59033,37.41092],[-84.58956,37.41118],[-84.59051,37.4116],[-84.5905,37.41219],[-84.59022,37.41252],[-84.58998,37.41259],[-84.5887,37.41265],[-84.58836,37.41278],[-84.5885,37.41291],[-84.58996,37.4131],[-84.59015,37.41325],[-84.5902,37.41354],[-84.58998,37.41377],[-84.58907,37.41357],[-84.58844,37.41357],[-84.58801,37.41373],[-84.58886,37.41394],[-84.5891,37.41437],[-84.58963,37.4143],[-84.58977,37.41439],[-84.58964,37.41573],[-84.58972,37.41635],[-84.58946,37.41661]],[[-84.58919,37.41685],[-84.58923,37.41708],[-84.58892,37.41779],[-84.58865,37.41796]],[[-84.58909,37.41652],[-84.58835,37.41631],[-84.58798,37.41634],[-84.58813,37.41653],[-84.58882,37.41683],[-84.58908,37.41681]],[[-84.58783,37.41807],[-84.5859,37.41802],[-84.5856,37.41817],[-84.58699,37.41843],[-84.5884,37.41838],[-84.5887,37.41855]]]}},{"type":"Feature","properties":{"quad":"Crab Orchard","gq_number":"571","source_pub":"Geologic map of the Crab Orchard quadrangle, Lincoln County, Kentucky | James Louis Gualtieri | 1967, GQ-571","source_url":"https://pubs.usgs.gov/publication/gq571","original_line_symbol":"Mbh","polygon_pair_below_above":"Mb|Mbr","contact_style":"CONTACT","contact_comments":"Halls Gap Member, Borden Formation","meaning":"Top of Halls Gap Member (Mbh) under Renfro; the Wildie (upper-Nada equivalent) is absent or unmapped here, so the target horizon may be missing or included in an adjacent unit.","class_label":"AMBIGUOUS","confidence":"Not used"},"geometry":{"type":"MultiLineString","coordinates":[[[-84.58561,37.41194],[-84.58607,37.41141],[-84.58632,37.41009],[-84.58612,37.40909],[-84.58617,37.40821],[-84.58589,37.40779],[-84.58577,37.40733],[-84.5858,37.4066],[-84.5861,37.40656],[-84.58637,37.40683],[-84.58718,37.40721],[-84.58727,37.40701],[-84.58713,37.40642],[-84.58676,37.40579],[-84.5867,37.40546],[-84.58748,37.40535],[-84.58768,37.40495],[-84.58823,37.40479],[-84.58883,37.40414],[-84.59006,37.40364],[-84.59064,37.40319],[-84.59081,37.40325],[-84.59087,37.40343]],[[-84.58199,37.41099],[-84.58208,37.41016],[-84.58231,37.41003],[-84.58273,37.40997],[-84.58303,37.40946],[-84.58344,37.40906],[-84.58376,37.40766],[-84.58401,37.40736],[-84.5842,37.40732],[-84.58431,37.40737],[-84.58458,37.40823],[-84.58513,37.40906],[-84.58516,37.41036],[-84.58546,37.41061],[-84.58562,37.41111],[-84.58551,37.4118]],[[-84.58096,37.4107],[-84.58144,37.4107],[-84.58172,37.41084],[-84.58182,37.41102]],[[-84.5804,37.40938],[-84.58109,37.40892],[-84.58126,37.4087],[-84.58134,37.40726],[-84.58176,37.40712],[-84.58226,37.40716],[-84.58239,37.40836],[-84.58233,37.4088],[-84.58217,37.40895],[-84.58194,37.40954],[-84.58099,37.41062]],[[-84.57651,37.40924],[-84.57686,37.4073],[-84.577,37.40713],[-84.57731,37.40704],[-84.57757,37.40707],[-84.57807,37.40751],[-84.5787,37.40723],[-84.57955,37.40742],[-84.57959,37.40755],[-84.579,37.40797],[-84.57894,37.4081],[-84.5791,37.40816],[-84.57986,37.40799],[-84.5803,37.40808],[-84.58057,37.40861],[-84.58051,37.40901],[-84.58036,37.40922]],[[-84.5802,37.40942],[-84.58023,37.40946]],[[-84.57744,37.40583],[-84.57689,37.40599],[-84.57642,37.40591],[-84.5758,37.40489],[-84.5758,37.40412]],[[-84.57641,37.4093],[-84.57644,37.40931]],[[-84.57428,37.41077],[-84.57443,37.40934],[-84.57421,37.40906],[-84.57415,37.40851],[-84.57467,37.40743],[-84.57502,37.40728],[-84.57577,37.40716],[-84.57602,37.40722],[-84.57635,37.40919]],[[-84.57565,37.40396],[-84.57559,37.40396]],[[-84.57562,37.40415],[-84.57549,37.40463],[-84.57524,37.40495],[-84.57552,37.40515],[-84.57561,37.4057],[-84.57551,37.40602],[-84.57531,37.40618],[-84.57465,37.40643],[-84.57364,37.40663],[-84.57144,37.40653],[-84.57077,37.4069]],[[-84.57077,37.40705],[-84.57124,37.40696],[-84.57191,37.40699],[-84.57227,37.40715],[-84.57318,37.40724],[-84.57344,37.40735],[-84.57329,37.40893],[-84.57377,37.40943],[-84.57397,37.41041],[-84.57424,37.41081]]]}},{"type":"Feature","properties":{"quad":"Brodhead","gq_number":"662","source_pub":"Geologic map of the Brodhead quadrangle, east-central Kentucky | James Louis Gualtieri | 1967, GQ-662","source_url":"https://pubs.usgs.gov/publication/gq662","original_line_symbol":"Mbh","polygon_pair_below_above":"Mb|Mbr","contact_style":"CONTACT","contact_comments":"Halls Gap Member, Borden Formation","meaning":"Top of Halls Gap Member (Mbh) under Renfro; the Wildie (upper-Nada equivalent) is absent or unmapped here, so the target horizon may be missing or included in an adjacent unit.","class_label":"AMBIGUOUS","confidence":"Not used"},"geometry":{"type":"MultiLineString","coordinates":[[[-84.39505,37.41281],[-84.39587,37.41245],[-84.39606,37.41216],[-84.39668,37.41232],[-84.39711,37.41219],[-84.39747,37.41187],[-84.39786,37.41122],[-84.39796,37.41065],[-84.39772,37.41037],[-84.39737,37.4102],[-84.39728,37.40997],[-84.39761,37.40982],[-84.39788,37.40987],[-84.39816,37.40978],[-84.39831,37.40945],[-84.39797,37.40897],[-84.39873,37.40874],[-84.39936,37.40784],[-84.39943,37.40755],[-84.3993,37.40682],[-84.39933,37.40553],[-84.39893,37.4055],[-84.39818,37.40591],[-84.39774,37.4056],[-84.39712,37.40557],[-84.39654,37.40538],[-84.39456,37.40544],[-84.39414,37.40558],[-84.39394,37.40585],[-84.39403,37.40683],[-84.39428,37.40713],[-84.39474,37.40738],[-84.39485,37.40753],[-84.39405,37.40828],[-84.39327,37.40978],[-84.3933,37.4101],[-84.39283,37.41049],[-84.39267,37.41079],[-84.3926,37.41131],[-84.39223,37.41171],[-84.39196,37.41087],[-84.39276,37.40899],[-84.39284,37.4082],[-84.39162,37.40596],[-84.39118,37.40566],[-84.39078,37.40559],[-84.38955,37.4057],[-84.38914,37.40583],[-84.38879,37.40606],[-84.38818,37.40703],[-84.38807,37.40778],[-84.38819,37.4083],[-84.38869,37.40864],[-84.38838,37.4088],[-84.38774,37.40873],[-84.38747,37.40883],[-84.38699,37.40925],[-84.38694,37.40953],[-84.38677,37.40966],[-84.38673,37.40932],[-84.38685,37.40907],[-84.38669,37.40874],[-84.38704,37.40743],[-84.38698,37.40693],[-84.38686,37.40679],[-84.38634,37.40663],[-84.38501,37.40665],[-84.38439,37.40691],[-84.38319,37.40786],[-84.3831,37.40778],[-84.38306,37.40738],[-84.38315,37.40715],[-84.38437,37.4061],[-84.38505,37.40591],[-84.38672,37.40587],[-84.38702,37.40574],[-84.38699,37.40556],[-84.3867,37.4055],[-84.38511,37.40559],[-84.38421,37.4058],[-84.38373,37.4058],[-84.383,37.4061],[-84.38263,37.40586],[-84.38216,37.40582],[-84.38178,37.40585],[-84.38136,37.40607],[-84.38097,37.40606],[-84.38086,37.40564],[-84.38057,37.40555],[-84.37911,37.40572],[-84.37938,37.40529],[-84.37948,37.40488],[-84.37984,37.40483],[-84.38026,37.40462],[-84.38071,37.40458],[-84.38095,37.40443],[-84.38152,37.40441],[-84.38208,37.40472],[-84.38275,37.40481],[-84.38331,37.4046],[-84.38375,37.40428],[-84.38411,37.40429],[-84.38444,37.40442],[-84.3849,37.40442],[-84.38751,37.40384],[-84.38766,37.40368],[-84.38753,37.40332],[-84.38662,37.40262],[-84.38633,37.40229],[-84.38593,37.40209]],[[-84.39162,37.42355],[-84.39199,37.42298],[-84.39222,37.42217],[-84.3922,37.42144],[-84.39207,37.42113],[-84.39234,37.42077],[-84.39223,37.42029],[-84.39247,37.42],[-84.39263,37.41884],[-84.39262,37.41874],[-84.39241,37.41863],[-84.39207,37.41868],[-84.39201,37.41839],[-84.39246,37.41828],[-84.39279,37.41805],[-84.39351,37.41719],[-84.39447,37.41641],[-84.39619,37.41455],[-84.39627,37.41423],[-84.39597,37.41387],[-84.39634,37.4136],[-84.3964,37.41328],[-84.3961,37.41308],[-84.39504,37.41289]],[[-84.39093,37.42406],[-84.39138,37.42379]]]}},{"type":"Feature","properties":{"quad":"Brodhead","gq_number":"662","source_pub":"Geologic map of the Brodhead quadrangle, east-central Kentucky | James Louis Gualtieri | 1967, GQ-662","source_url":"https://pubs.usgs.gov/publication/gq662","original_line_symbol":"Mbh","polygon_pair_below_above":"Mb|Mbr","contact_style":"CONTACT","contact_comments":"Halls Gap Member, Borden Formation","meaning":"Top of Halls Gap Member (Mbh) under Renfro; the Wildie (upper-Nada equivalent) is absent or unmapped here, so the target horizon may be missing or included in an adjacent unit.","class_label":"AMBIGUOUS","confidence":"Not used"},"geometry":{"type":"MultiLineString","coordinates":[[[-84.49994,37.40567],[-84.49906,37.40569],[-84.49879,37.40578],[-84.4987,37.40604],[-84.49877,37.40635]],[[-84.49873,37.40647],[-84.49822,37.4061],[-84.49814,37.40575],[-84.49797,37.40558],[-84.49767,37.40556],[-84.49734,37.40589]],[[-84.49719,37.40585],[-84.49728,37.40531],[-84.49712,37.40517],[-84.49557,37.40573]],[[-84.49459,37.40212],[-84.49511,37.40198],[-84.49618,37.40193]],[[-84.49555,37.40554],[-84.49642,37.40503],[-84.49667,37.40468],[-84.49668,37.40441],[-84.49647,37.40385],[-84.49622,37.40374],[-84.49547,37.40366]],[[-84.4954,37.40353],[-84.49628,37.40318],[-84.49641,37.40296],[-84.49637,37.40277],[-84.49556,37.40236],[-84.49448,37.40227]],[[-84.49531,37.40588],[-84.49527,37.40585]]]}},{"type":"Feature","properties":{"quad":"Brodhead","gq_number":"662","source_pub":"Geologic map of the Brodhead quadrangle, east-central Kentucky | James Louis Gualtieri | 1967, GQ-662","source_url":"https://pubs.usgs.gov/publication/gq662","original_line_symbol":"Mbh","polygon_pair_below_above":"Mb|Mbr","contact_style":"CONTACT","contact_comments":"Halls Gap Member, Borden Formation","meaning":"Top of Halls Gap Member (Mbh) under Renfro; the Wildie (upper-Nada equivalent) is absent or unmapped here, so the target horizon may be missing or included in an adjacent unit.","class_label":"AMBIGUOUS","confidence":"Not used"},"geometry":{"type":"LineString","coordinates":[[-84.49994,37.40528],[-84.4996,37.40539],[-84.49858,37.40509],[-84.49811,37.40487],[-84.4978,37.40457],[-84.49764,37.40402],[-84.49752,37.4021],[-84.49755,37.4012],[-84.49769,37.40096],[-84.49817,37.40099],[-84.49931,37.4013],[-84.4996,37.40148],[-84.49976,37.40267],[-84.49994,37.40291]]}},{"type":"Feature","properties":{"quad":"Brodhead","gq_number":"662","source_pub":"Geologic map of the Brodhead quadrangle, east-central Kentucky | James Louis Gualtieri | 1967, GQ-662","source_url":"https://pubs.usgs.gov/publication/gq662","original_line_symbol":"Mbh","polygon_pair_below_above":"Mb|Mbr","contact_style":"CONTACT","contact_comments":"Halls Gap Member, Borden Formation","meaning":"Top of Halls Gap Member (Mbh) under Renfro; the Wildie (upper-Nada equivalent) is absent or unmapped here, so the target horizon may be missing or included in an adjacent unit.","class_label":"AMBIGUOUS","confidence":"Not used"},"geometry":{"type":"LineString","coordinates":[[-84.47674,37.40363],[-84.47724,37.4052],[-84.47701,37.40521],[-84.47677,37.4051],[-84.47635,37.40473]]}},{"type":"Feature","properties":{"quad":"Brodhead","gq_number":"662","source_pub":"Geologic map of the Brodhead quadrangle, east-central Kentucky | James Louis Gualtieri | 1967, GQ-662","source_url":"https://pubs.usgs.gov/publication/gq662","original_line_symbol":"Mbh","polygon_pair_below_above":"Mb|Mbr","contact_style":"CONTACT","contact_comments":"Halls Gap Member, Borden Formation","meaning":"Top of Halls Gap Member (Mbh) under Renfro; the Wildie (upper-Nada equivalent) is absent or unmapped here, so the target horizon may be missing or included in an adjacent unit.","class_label":"AMBIGUOUS","confidence":"Not used"},"geometry":{"type":"LineString","coordinates":[[-84.48491,37.40209],[-84.48458,37.4027],[-84.48524,37.4032],[-84.4856,37.40317],[-84.48691,37.40259],[-84.48722,37.40252],[-84.48744,37.40258],[-84.48646,37.40355],[-84.48646,37.40392],[-84.48666,37.40413],[-84.48697,37.40427],[-84.48788,37.40411],[-84.48854,37.4041],[-84.48856,37.40419],[-84.48786,37.40464],[-84.48785,37.40483],[-84.4883,37.40532],[-84.48902,37.40582],[-84.48955,37.40608],[-84.49012,37.40614],[-84.4901,37.40661],[-84.48919,37.40657],[-84.48859,37.4061],[-84.48779,37.40568],[-84.48676,37.40497],[-84.48657,37.40509],[-84.4863,37.40557],[-84.48612,37.40563],[-84.486,37.40548],[-84.486,37.40493],[-84.48585,37.40477],[-84.48492,37.40445],[-84.48473,37.40456],[-84.48449,37.40554],[-84.48435,37.40559],[-84.48415,37.40527],[-84.48398,37.40461],[-84.48408,37.40414],[-84.48352,37.40369],[-84.48332,37.40372],[-84.483,37.40401],[-84.48267,37.40453],[-84.48223,37.40489],[-84.48144,37.40526],[-84.48115,37.40529],[-84.48112,37.40514],[-84.48206,37.40408],[-84.48229,37.40325],[-84.48223,37.4031],[-84.48185,37.40298],[-84.48146,37.40301],[-84.48062,37.40391],[-84.48042,37.40397],[-84.48043,37.40285],[-84.48029,37.40271],[-84.48007,37.40266],[-84.47973,37.4029],[-84.47891,37.40393],[-84.47843,37.4042],[-84.47833,37.40409],[-84.47837,37.4036],[-84.47872,37.40229],[-84.4785,37.4021],[-84.47835,37.40209],[-84.47807,37.40225],[-84.47786,37.40226],[-84.47739,37.40177]]}},{"type":"Feature","properties":{"quad":"Brodhead","gq_number":"662","source_pub":"Geologic map of the Brodhead quadrangle, east-central Kentucky | James Louis Gualtieri | 1967, GQ-662","source_url":"https://pubs.usgs.gov/publication/gq662","original_line_symbol":"Mbh","polygon_pair_below_above":"Mb|Mbr","contact_style":"CONTACT","contact_comments":"Halls Gap Member, Borden Formation","meaning":"Top of Halls Gap Member (Mbh) under Renfro; the Wildie (upper-Nada equivalent) is absent or unmapped here, so the target horizon may be missing or included in an adjacent unit.","class_label":"AMBIGUOUS","confidence":"Not used"},"geometry":{"type":"LineString","coordinates":[[-84.47635,37.40473],[-84.47606,37.40426],[-84.47581,37.40415],[-84.4757,37.40351],[-84.47541,37.40304],[-84.47545,37.40116],[-84.47523,37.40093],[-84.47441,37.40087],[-84.47395,37.40103],[-84.4738,37.40133],[-84.47407,37.40204],[-84.47402,37.40241],[-84.47388,37.40247],[-84.47361,37.40232],[-84.47338,37.40236],[-84.47283,37.40338],[-84.47254,37.40323],[-84.47239,37.40294],[-84.47232,37.40153],[-84.47221,37.40149],[-84.47165,37.40211],[-84.47147,37.40225],[-84.47134,37.40224],[-84.47113,37.40186],[-84.47115,37.40139],[-84.47086,37.40097],[-84.47059,37.40106],[-84.4701,37.401],[-84.46987,37.40111],[-84.46975,37.4019],[-84.46955,37.40253],[-84.4694,37.40271],[-84.46856,37.4025],[-84.46845,37.40196],[-84.46806,37.40149],[-84.46741,37.40181],[-84.46717,37.4017],[-84.46695,37.40146],[-84.46674,37.40144],[-84.46662,37.40156],[-84.4665,37.40229],[-84.46681,37.40281],[-84.46813,37.40376],[-84.46924,37.40428],[-84.46976,37.40442],[-84.47067,37.40434],[-84.47041,37.40473],[-84.4704,37.40491],[-84.4709,37.40547],[-84.47059,37.40549],[-84.46925,37.40501]]}},{"type":"Feature","properties":{"quad":"Brodhead","gq_number":"662","source_pub":"Geologic map of the Brodhead quadrangle, east-central Kentucky | James Louis Gualtieri | 1967, GQ-662","source_url":"https://pubs.usgs.gov/publication/gq662","original_line_symbol":"Mbh","polygon_pair_below_above":"Mb|Mbr","contact_style":"CONTACT","contact_comments":"Halls Gap Member, Borden Formation","meaning":"Top of Halls Gap Member (Mbh) under Renfro; the Wildie (upper-Nada equivalent) is absent or unmapped here, so the target horizon may be missing or included in an adjacent unit.","class_label":"AMBIGUOUS","confidence":"Not used"},"geometry":{"type":"LineString","coordinates":[[-84.47739,37.40177],[-84.47699,37.40171],[-84.47667,37.40201],[-84.47658,37.40298],[-84.47674,37.40363]]}},{"type":"Feature","properties":{"quad":"Crab Orchard","gq_number":"571","source_pub":"Geologic map of the Crab Orchard quadrangle, Lincoln County, Kentucky | James Louis Gualtieri | 1967, GQ-571","source_url":"https://pubs.usgs.gov/publication/gq571","original_line_symbol":"Mbh","polygon_pair_below_above":"Mb|Mbr","contact_style":"CONTACT","contact_comments":"Halls Gap Member, Borden Formation","meaning":"Top of Halls Gap Member (Mbh) under Renfro; the Wildie (upper-Nada equivalent) is absent or unmapped here, so the target horizon may be missing or included in an adjacent unit.","class_label":"AMBIGUOUS","confidence":"Not used"},"geometry":{"type":"MultiLineString","coordinates":[[[-84.50212,37.3992],[-84.50163,37.39899],[-84.5009,37.39906],[-84.49994,37.39993]],[[-84.49994,37.40291],[-84.50018,37.40312],[-84.50032,37.40308],[-84.50028,37.40214],[-84.50043,37.40191],[-84.50058,37.40192],[-84.50216,37.40219],[-84.50267,37.40287],[-84.50327,37.40311],[-84.50363,37.40313],[-84.50367,37.40298],[-84.50311,37.40237],[-84.50318,37.40208],[-84.50384,37.40203],[-84.50409,37.40173],[-84.50473,37.40132],[-84.50584,37.40117],[-84.50582,37.40107],[-84.50536,37.40092],[-84.50466,37.40093],[-84.50389,37.4013],[-84.50332,37.4014],[-84.5015,37.4013],[-84.50089,37.4011],[-84.50055,37.40085],[-84.50053,37.4003],[-84.50111,37.39955],[-84.50144,37.39937],[-84.50188,37.3993]]]}},{"type":"Feature","properties":{"quad":"Brodhead","gq_number":"662","source_pub":"Geologic map of the Brodhead quadrangle, east-central Kentucky | James Louis Gualtieri | 1967, GQ-662","source_url":"https://pubs.usgs.gov/publication/gq662","original_line_symbol":"Mbh","polygon_pair_below_above":"Mb|Mbr","contact_style":"CONTACT","contact_comments":"Halls Gap Member, Borden Formation","meaning":"Top of Halls Gap Member (Mbh) under Renfro; the Wildie (upper-Nada equivalent) is absent or unmapped here, so the target horizon may be missing or included in an adjacent unit.","class_label":"AMBIGUOUS","confidence":"Not used"},"geometry":{"type":"MultiLineString","coordinates":[[[-84.43187,37.3992],[-84.4325,37.39974],[-84.43324,37.40021],[-84.43391,37.4005],[-84.43469,37.40059],[-84.43572,37.40027],[-84.43606,37.4003],[-84.43666,37.4012],[-84.4369,37.40117],[-84.43712,37.40095],[-84.4378,37.40056],[-84.43866,37.40073],[-84.43928,37.40109],[-84.43932,37.40165],[-84.43961,37.40178],[-84.44013,37.40165],[-84.44079,37.40102],[-84.44152,37.40103],[-84.44169,37.40097],[-84.44184,37.40078],[-84.44195,37.40029],[-84.4422,37.40012],[-84.44348,37.40051],[-84.44375,37.40077],[-84.44379,37.40097],[-84.44362,37.4016],[-84.44364,37.40202],[-84.44335,37.40238],[-84.44292,37.40258],[-84.4422,37.4033],[-84.4423,37.40339],[-84.44304,37.40342],[-84.44391,37.40366],[-84.44407,37.40357],[-84.44457,37.4028],[-84.44497,37.40177],[-84.44564,37.40115],[-84.44585,37.40113],[-84.44705,37.40144],[-84.44729,37.40158],[-84.44742,37.40178],[-84.44704,37.40268],[-84.4472,37.40345],[-84.44716,37.40393],[-84.44749,37.40428],[-84.44861,37.40458],[-84.4488,37.40471],[-84.44915,37.40526],[-84.44916,37.40598],[-84.449,37.40628],[-84.44852,37.40674],[-84.44849,37.4069],[-84.4486,37.40695],[-84.44947,37.40663],[-84.45003,37.40559],[-84.44969,37.40503],[-84.44982,37.40433],[-84.44894,37.40412],[-84.4485,37.40384],[-84.44832,37.40357],[-84.44832,37.40318],[-84.44874,37.40291],[-84.4489,37.40265],[-84.44896,37.40157],[-84.44939,37.40157],[-84.45013,37.40211],[-84.45053,37.40229],[-84.45197,37.40241],[-84.4524,37.40297],[-84.45283,37.40309],[-84.45328,37.40287],[-84.45393,37.40218],[-84.45451,37.40175],[-84.45488,37.40162],[-84.45557,37.40161],[-84.45564,37.40167],[-84.45547,37.40202],[-84.45534,37.40283],[-84.45541,37.40338],[-84.45504,37.40405],[-84.45516,37.40421],[-84.45603,37.40417],[-84.45674,37.40401],[-84.45729,37.40407],[-84.45784,37.40376],[-84.4593,37.40365],[-84.45957,37.40382],[-84.45973,37.40411],[-84.45961,37.40478],[-84.4598,37.40512],[-84.46038,37.40535],[-84.46104,37.40519],[-84.46185,37.40534],[-84.46203,37.40554],[-84.46209,37.40614],[-84.46188,37.40638],[-84.46122,37.4067],[-84.46117,37.40683],[-84.46132,37.40698],[-84.4615,37.40706],[-84.46252,37.40696]],[[-84.43719,37.39923],[-84.43665,37.39934],[-84.43634,37.3988],[-84.43606,37.39876],[-84.43545,37.39933],[-84.43515,37.39935],[-84.43465,37.39878],[-84.43433,37.39861],[-84.43431,37.39922],[-84.43416,37.39936],[-84.43393,37.39942],[-84.43351,37.39941],[-84.43242,37.39907],[-84.43204,37.39913]],[[-84.43163,37.39899],[-84.43081,37.3988],[-84.4306,37.39884],[-84.43111,37.39911],[-84.43172,37.39916]]]}},{"type":"Feature","properties":{"quad":"Wildie","gq_number":"684","source_pub":"Geologic map of the Wildie quadrangle, Garrard and Rockcastle Counties, Kentucky | James Louis Gualtieri | 1968, GQ-684","source_url":"https://pubs.usgs.gov/publication/gq684","original_line_symbol":"Mbh","polygon_pair_below_above":"Mb|Mbr","contact_style":"CONTACT","contact_comments":"Halls Gap Member, Borden Formation","meaning":"Top of Halls Gap Member (Mbh) under Renfro; the Wildie (upper-Nada equivalent) is absent or unmapped here, so the target horizon may be missing or included in an adjacent unit.","class_label":"AMBIGUOUS","confidence":"Not used"},"geometry":{"type":"MultiLineString","coordinates":[[[-84.33573,37.4002],[-84.33586,37.40042],[-84.33536,37.40069],[-84.33511,37.40032],[-84.33485,37.40021],[-84.33457,37.40027],[-84.33413,37.40062],[-84.33394,37.40123],[-84.3341,37.40264],[-84.33403,37.40278]],[[-84.33537,37.39799],[-84.33518,37.39863],[-84.33519,37.39935]],[[-84.33397,37.40272],[-84.33349,37.40189]],[[-84.32998,37.40235],[-84.33027,37.40183],[-84.33012,37.40164],[-84.33018,37.40145],[-84.3311,37.40127],[-84.33277,37.4],[-84.33362,37.39913],[-84.33385,37.39859],[-84.33387,37.39815],[-84.33373,37.39765],[-84.33347,37.39745],[-84.33347,37.39723]],[[-84.33327,37.4013],[-84.33304,37.40095],[-84.33223,37.40119]],[[-84.33059,37.40206],[-84.33009,37.4024]],[[-84.33002,37.40242],[-84.32998,37.4024]]]}},{"type":"Feature","properties":{"quad":"Brodhead","gq_number":"662","source_pub":"Geologic map of the Brodhead quadrangle, east-central Kentucky | James Louis Gualtieri | 1967, GQ-662","source_url":"https://pubs.usgs.gov/publication/gq662","original_line_symbol":"Mbh","polygon_pair_below_above":"Mb|Mbr","contact_style":"CONTACT","contact_comments":"Halls Gap Member, Borden Formation","meaning":"Top of Halls Gap Member (Mbh) under Renfro; the Wildie (upper-Nada equivalent) is absent or unmapped here, so the target horizon may be missing or included in an adjacent unit.","class_label":"AMBIGUOUS","confidence":"Not used"},"geometry":{"type":"LineString","coordinates":[[-84.49994,37.3969],[-84.49961,37.39717],[-84.49921,37.39769],[-84.49849,37.39762],[-84.49657,37.39789],[-84.49638,37.39799],[-84.49631,37.39826],[-84.49663,37.3993],[-84.49697,37.39958],[-84.49916,37.40026],[-84.49954,37.40019],[-84.49994,37.39993]]}},{"type":"Feature","properties":{"quad":"Crab Orchard","gq_number":"571","source_pub":"Geologic map of the Crab Orchard quadrangle, Lincoln County, Kentucky | James Louis Gualtieri | 1967, GQ-571","source_url":"https://pubs.usgs.gov/publication/gq571","original_line_symbol":"Mbh","polygon_pair_below_above":"Mb|Mbr","contact_style":"CONTACT","contact_comments":"Halls Gap Member, Borden Formation","meaning":"Top of Halls Gap Member (Mbh) under Renfro; the Wildie (upper-Nada equivalent) is absent or unmapped here, so the target horizon may be missing or included in an adjacent unit.","class_label":"AMBIGUOUS","confidence":"Not used"},"geometry":{"type":"MultiLineString","coordinates":[[[-84.53615,37.40822],[-84.53637,37.40804],[-84.53698,37.40691],[-84.53721,37.40596],[-84.53734,37.40581],[-84.53748,37.40592],[-84.53771,37.40671],[-84.53788,37.40659],[-84.53792,37.40583],[-84.53773,37.40513],[-84.53783,37.40483],[-84.53829,37.40433],[-84.5388,37.40416],[-84.53869,37.40396],[-84.53882,37.4037],[-84.53928,37.40338],[-84.53952,37.40335],[-84.53983,37.40355],[-84.54044,37.40416],[-84.54066,37.40454],[-84.54047,37.4049],[-84.5399,37.40542],[-84.53954,37.40598],[-84.53951,37.4062],[-84.53961,37.40623],[-84.54006,37.40587],[-84.54049,37.40536],[-84.54101,37.40514],[-84.54129,37.4053],[-84.5415,37.40562],[-84.54157,37.40614]],[[-84.53838,37.39816],[-84.53913,37.39725],[-84.53962,37.39701],[-84.54032,37.39711],[-84.54061,37.39741],[-84.54063,37.39817],[-84.5403,37.39876],[-84.53992,37.3991],[-84.5404,37.39919],[-84.54052,37.39936],[-84.5405,37.39952],[-84.54018,37.40026],[-84.53976,37.4005],[-84.53982,37.40084],[-84.53949,37.40183],[-84.53882,37.40242],[-84.53795,37.40287],[-84.53744,37.40395],[-84.53684,37.40431],[-84.53673,37.40484],[-84.53639,37.40535],[-84.53629,37.40586],[-84.53552,37.40624],[-84.53621,37.40638],[-84.53632,37.40649],[-84.53604,37.4083]],[[-84.5369,37.39944],[-84.53695,37.39867],[-84.53758,37.3975],[-84.53772,37.39697],[-84.53796,37.39675],[-84.53817,37.3969],[-84.53798,37.39761],[-84.53834,37.39818]]]}},{"type":"Feature","properties":{"quad":"Crab Orchard","gq_number":"571","source_pub":"Geologic map of the Crab Orchard quadrangle, Lincoln County, Kentucky | James Louis Gualtieri | 1967, GQ-571","source_url":"https://pubs.usgs.gov/publication/gq571","original_line_symbol":"Mbh","polygon_pair_below_above":"Mb|Mbr","contact_style":"CONTACT","contact_comments":"Halls Gap Member, Borden Formation","meaning":"Top of Halls Gap Member (Mbh) under Renfro; the Wildie (upper-Nada equivalent) is absent or unmapped here, so the target horizon may be missing or included in an adjacent unit.","class_label":"AMBIGUOUS","confidence":"Not used"},"geometry":{"type":"MultiLineString","coordinates":[[[-84.59614,37.40141],[-84.59563,37.40121],[-84.59551,37.40089],[-84.59513,37.40105],[-84.59465,37.40107],[-84.59384,37.40077],[-84.59324,37.40066],[-84.5929,37.40049],[-84.59262,37.39981],[-84.59274,37.39822],[-84.59288,37.39807],[-84.59319,37.39802],[-84.59464,37.39843],[-84.5948,37.3984],[-84.5945,37.39794],[-84.59327,37.39717],[-84.59318,37.39688],[-84.5934,37.39675],[-84.59585,37.39679],[-84.5963,37.39701],[-84.59651,37.39745],[-84.59683,37.39747]],[[-84.59524,37.40451],[-84.59425,37.40535],[-84.59328,37.40519],[-84.59316,37.405],[-84.59313,37.40412],[-84.59291,37.40314],[-84.59312,37.40302],[-84.59354,37.40316],[-84.5937,37.40308],[-84.59349,37.40264],[-84.5928,37.40204],[-84.59259,37.40179],[-84.59258,37.40164],[-84.59265,37.40156],[-84.59314,37.4015],[-84.5944,37.40168],[-84.59549,37.40162],[-84.59571,37.40169],[-84.59585,37.40185],[-84.59608,37.40145]],[[-84.59547,37.40446],[-84.59544,37.4044]],[[-84.59171,37.41874],[-84.5912,37.4187],[-84.59072,37.41842],[-84.59014,37.41822],[-84.58994,37.41808],[-84.5899,37.4179],[-84.59068,37.41697],[-84.59085,37.41585],[-84.591,37.41559],[-84.59237,37.41569],[-84.59239,37.4156],[-84.59205,37.41536],[-84.59126,37.41523],[-84.59108,37.415],[-84.59121,37.41441],[-84.59168,37.41368],[-84.59195,37.41352],[-84.59236,37.4136],[-84.59243,37.41351],[-84.59195,37.41299],[-84.59199,37.4125],[-84.59214,37.41238],[-84.59245,37.41242],[-84.59307,37.4126],[-84.59387,37.41299],[-84.59396,37.41294],[-84.59364,37.41252],[-84.59264,37.41188],[-84.59247,37.41167],[-84.59246,37.41136],[-84.5929,37.4099],[-84.59313,37.40975],[-84.59369,37.40992],[-84.59418,37.41036],[-84.59611,37.4114],[-84.5966,37.41184],[-84.59681,37.41222],[-84.59691,37.41223],[-84.59706,37.41179],[-84.59678,37.411],[-84.59617,37.41079],[-84.59559,37.41008],[-84.59559,37.40986],[-84.59586,37.40942],[-84.59491,37.40948],[-84.59429,37.40905],[-84.59417,37.40882],[-84.5942,37.40864],[-84.59408,37.40859],[-84.59349,37.40872],[-84.59321,37.40864],[-84.59303,37.4083],[-84.59295,37.40781],[-84.5931,37.40745],[-84.59344,37.40723],[-84.59335,37.40647],[-84.59363,37.40631],[-84.59382,37.40632],[-84.59559,37.40683],[-84.59696,37.40685],[-84.59776,37.40707],[-84.59802,37.40735],[-84.59841,37.40693],[-84.59924,37.40659],[-84.59915,37.40649],[-84.59862,37.40645],[-84.59807,37.40627],[-84.59748,37.40589],[-84.59687,37.40597],[-84.59521,37.40575],[-84.59506,37.40522],[-84.59534,37.40461]],[[-84.589,37.41915],[-84.58937,37.41863],[-84.58957,37.41867],[-84.58995,37.41895],[-84.59015,37.41882],[-84.5904,37.41879],[-84.59146,37.41908],[-84.59164,37.41907],[-84.59166,37.41879]]]}},{"type":"Feature","properties":{"quad":"Brodhead","gq_number":"662","source_pub":"Geologic map of the Brodhead quadrangle, east-central Kentucky | James Louis Gualtieri | 1967, GQ-662","source_url":"https://pubs.usgs.gov/publication/gq662","original_line_symbol":"Mbh","polygon_pair_below_above":"Mb|Mbr","contact_style":"CONTACT","contact_comments":"Halls Gap Member, Borden Formation","meaning":"Top of Halls Gap Member (Mbh) under Renfro; the Wildie (upper-Nada equivalent) is absent or unmapped here, so the target horizon may be missing or included in an adjacent unit.","class_label":"AMBIGUOUS","confidence":"Not used"},"geometry":{"type":"MultiLineString","coordinates":[[[-84.48611,37.39993],[-84.4868,37.40014],[-84.48683,37.40022],[-84.48541,37.40129],[-84.48491,37.40209]],[[-84.47801,37.40003],[-84.47925,37.40064],[-84.48117,37.40136],[-84.48151,37.40139],[-84.4817,37.40131],[-84.48181,37.40102],[-84.48201,37.40085],[-84.48262,37.40168],[-84.48297,37.40185],[-84.48337,37.40188],[-84.48368,37.4018],[-84.48398,37.40152],[-84.48394,37.40091],[-84.48407,37.40091],[-84.48431,37.40116],[-84.48458,37.40118],[-84.48582,37.4002],[-84.48602,37.3998]]]}},{"type":"Feature","properties":{"quad":"Brodhead","gq_number":"662","source_pub":"Geologic map of the Brodhead quadrangle, east-central Kentucky | James Louis Gualtieri | 1967, GQ-662","source_url":"https://pubs.usgs.gov/publication/gq662","original_line_symbol":"Mbh","polygon_pair_below_above":"Mb|Mbr","contact_style":"CONTACT","contact_comments":"Halls Gap Member, Borden Formation","meaning":"Top of Halls Gap Member (Mbh) under Renfro; the Wildie (upper-Nada equivalent) is absent or unmapped here, so the target horizon may be missing or included in an adjacent unit.","class_label":"AMBIGUOUS","confidence":"Not used"},"geometry":{"type":"MultiLineString","coordinates":[[[-84.48245,37.3983],[-84.48188,37.39799],[-84.48111,37.39781],[-84.47992,37.39792],[-84.47943,37.3981],[-84.47932,37.39837],[-84.48022,37.39932],[-84.48021,37.39951],[-84.47906,37.399],[-84.47841,37.39889]],[[-84.47908,37.39701],[-84.48052,37.39685],[-84.48146,37.39626],[-84.48175,37.39582],[-84.48233,37.39594],[-84.48247,37.39605],[-84.4817,37.39662],[-84.48153,37.39709],[-84.4817,37.39732],[-84.48227,37.39746],[-84.48216,37.39777],[-84.48243,37.39816]]]}},{"type":"Feature","properties":{"quad":"Brodhead","gq_number":"662","source_pub":"Geologic map of the Brodhead quadrangle, east-central Kentucky | James Louis Gualtieri | 1967, GQ-662","source_url":"https://pubs.usgs.gov/publication/gq662","original_line_symbol":"Mbh","polygon_pair_below_above":"Mb|Mbr","contact_style":"CONTACT","contact_comments":"Halls Gap Member, Borden Formation","meaning":"Top of Halls Gap Member (Mbh) under Renfro; the Wildie (upper-Nada equivalent) is absent or unmapped here, so the target horizon may be missing or included in an adjacent unit.","class_label":"AMBIGUOUS","confidence":"Not used"},"geometry":{"type":"LineString","coordinates":[[-84.47841,37.39889],[-84.47794,37.39906],[-84.47756,37.39938],[-84.47758,37.39975],[-84.47801,37.40003]]}},{"type":"Feature","properties":{"quad":"Brodhead","gq_number":"662","source_pub":"Geologic map of the Brodhead quadrangle, east-central Kentucky | James Louis Gualtieri | 1967, GQ-662","source_url":"https://pubs.usgs.gov/publication/gq662","original_line_symbol":"Mbh","polygon_pair_below_above":"Mb|Mbr","contact_style":"CONTACT","contact_comments":"Halls Gap Member, Borden Formation","meaning":"Top of Halls Gap Member (Mbh) under Renfro; the Wildie (upper-Nada equivalent) is absent or unmapped here, so the target horizon may be missing or included in an adjacent unit.","class_label":"AMBIGUOUS","confidence":"Not used"},"geometry":{"type":"LineString","coordinates":[[-84.47525,37.39789],[-84.4754,37.39801],[-84.47535,37.39848],[-84.47547,37.39854],[-84.47756,37.39741],[-84.47773,37.39723],[-84.47757,37.39678],[-84.47757,37.3961],[-84.47828,37.39655],[-84.47845,37.39652],[-84.4787,37.39627],[-84.47895,37.39616],[-84.47902,37.39647],[-84.47881,37.39699],[-84.47908,37.39701]]}},{"type":"Feature","properties":{"quad":"Crab Orchard","gq_number":"571","source_pub":"Geologic map of the Crab Orchard quadrangle, Lincoln County, Kentucky | James Louis Gualtieri | 1967, GQ-571","source_url":"https://pubs.usgs.gov/publication/gq571","original_line_symbol":"Mbh","polygon_pair_below_above":"Mb|Mbr","contact_style":"CONTACT","contact_comments":"Halls Gap Member, Borden Formation","meaning":"Top of Halls Gap Member (Mbh) under Renfro; the Wildie (upper-Nada equivalent) is absent or unmapped here, so the target horizon may be missing or included in an adjacent unit.","class_label":"AMBIGUOUS","confidence":"Not used"},"geometry":{"type":"MultiLineString","coordinates":[[[-84.50193,37.39724],[-84.50109,37.39658],[-84.50106,37.3964],[-84.50143,37.39621],[-84.50252,37.39621],[-84.50272,37.39618],[-84.5028,37.39605],[-84.50112,37.39565],[-84.49994,37.39614]],[[-84.49994,37.3969],[-84.50032,37.39676],[-84.50187,37.39739]]]}},{"type":"Feature","properties":{"quad":"Crab Orchard","gq_number":"571","source_pub":"Geologic map of the Crab Orchard quadrangle, Lincoln County, Kentucky | James Louis Gualtieri | 1967, GQ-571","source_url":"https://pubs.usgs.gov/publication/gq571","original_line_symbol":"Mbh","polygon_pair_below_above":"Mb|Mbr","contact_style":"CONTACT","contact_comments":"Halls Gap Member, Borden Formation","meaning":"Top of Halls Gap Member (Mbh) under Renfro; the Wildie (upper-Nada equivalent) is absent or unmapped here, so the target horizon may be missing or included in an adjacent unit.","class_label":"AMBIGUOUS","confidence":"Not used"},"geometry":{"type":"MultiLineString","coordinates":[[[-84.54504,37.39779],[-84.54542,37.39729],[-84.54594,37.39701],[-84.54609,37.39714],[-84.54629,37.39817],[-84.54639,37.39833],[-84.54656,37.39838],[-84.54645,37.3979],[-84.54666,37.39664],[-84.54648,37.39565],[-84.54691,37.39529],[-84.54757,37.39504],[-84.54783,37.39508],[-84.54804,37.39523],[-84.54855,37.39612],[-84.5486,37.39657],[-84.5483,37.39805],[-84.5485,37.39797],[-84.54856,37.39775]],[[-84.54513,37.40211],[-84.54517,37.40207]],[[-84.54513,37.40202],[-84.54437,37.40143],[-84.54393,37.40001],[-84.54422,37.39993],[-84.54532,37.4002],[-84.54596,37.40017],[-84.5461,37.40007],[-84.54425,37.39909],[-84.54341,37.39892],[-84.54304,37.39873],[-84.54258,37.39834],[-84.54241,37.39795],[-84.54241,37.39758],[-84.54261,37.39703],[-84.54322,37.3967],[-84.54377,37.39623],[-84.54481,37.39577],[-84.54518,37.3959],[-84.54541,37.39632],[-84.54531,37.39688],[-84.54487,37.39767]],[[-84.54168,37.40968],[-84.54121,37.40929],[-84.54118,37.40871],[-84.54148,37.40815],[-84.54212,37.40803],[-84.54189,37.40765],[-84.54194,37.4072],[-84.54209,37.40693],[-84.54234,37.40684],[-84.54325,37.40707],[-84.54386,37.40708],[-84.54367,37.40683],[-84.54265,37.40616],[-84.54274,37.40558],[-84.54265,37.40522],[-84.54116,37.40316],[-84.54099,37.40272],[-84.54098,37.40236],[-84.54116,37.40222],[-84.54175,37.40227],[-84.54179,37.40118],[-84.54221,37.4007],[-84.54249,37.40072],[-84.54306,37.40152],[-84.54333,37.4017],[-84.54332,37.40268],[-84.54355,37.40354],[-84.54394,37.40418],[-84.54437,37.40449],[-84.54445,37.40442],[-84.54441,37.40422],[-84.54408,37.40383],[-84.54398,37.40351],[-84.54398,37.40223],[-84.5441,37.40207],[-84.54463,37.4022],[-84.54486,37.40206],[-84.5451,37.40212]],[[-84.54157,37.40614],[-84.54078,37.40858],[-84.54101,37.4098],[-84.54074,37.4103],[-84.54102,37.41026],[-84.5412,37.40984],[-84.54173,37.40973]]]}},{"type":"Feature","properties":{"quad":"Crab Orchard","gq_number":"571","source_pub":"Geologic map of the Crab Orchard quadrangle, Lincoln County, Kentucky | James Louis Gualtieri | 1967, GQ-571","source_url":"https://pubs.usgs.gov/publication/gq571","original_line_symbol":"Mbh","polygon_pair_below_above":"Mb|Mbr","contact_style":"CONTACT","contact_comments":"Halls Gap Member, Borden Formation","meaning":"Top of Halls Gap Member (Mbh) under Renfro; the Wildie (upper-Nada equivalent) is absent or unmapped here, so the target horizon may be missing or included in an adjacent unit.","class_label":"AMBIGUOUS","confidence":"Not used"},"geometry":{"type":"MultiLineString","coordinates":[[[-84.56551,37.39972],[-84.56554,37.39971]],[[-84.56547,37.39961],[-84.56522,37.39944],[-84.565,37.39901],[-84.56458,37.39866],[-84.56445,37.39823],[-84.56406,37.39771],[-84.56403,37.39746],[-84.56425,37.39728],[-84.56593,37.39661],[-84.56614,37.39627],[-84.56599,37.39624],[-84.56519,37.39645],[-84.56473,37.39626],[-84.56446,37.39663],[-84.56327,37.39694],[-84.56275,37.39699],[-84.56258,37.39684],[-84.56258,37.39662],[-84.56218,37.39665],[-84.56185,37.39641],[-84.56174,37.39607],[-84.56178,37.39525]],[[-84.56226,37.40216],[-84.56187,37.40132],[-84.56143,37.40096],[-84.56132,37.40073],[-84.56136,37.40062],[-84.56211,37.40042],[-84.56218,37.4003],[-84.56069,37.39987],[-84.56017,37.39935],[-84.55992,37.39836],[-84.56001,37.39814],[-84.56024,37.39798],[-84.56028,37.39776],[-84.56068,37.39766],[-84.56154,37.39769],[-84.56262,37.39796],[-84.56327,37.398],[-84.5636,37.3981],[-84.56394,37.39836],[-84.56426,37.39893],[-84.56524,37.39967]],[[-84.56234,37.40241],[-84.56237,37.40237]],[[-84.55907,37.40251],[-84.55962,37.40261],[-84.5598,37.40306],[-84.55986,37.40358],[-84.55969,37.40441],[-84.55921,37.40512],[-84.55911,37.40561],[-84.55923,37.40567],[-84.56012,37.40457],[-84.5604,37.40307],[-84.56039,37.40268],[-84.56016,37.40179],[-84.56035,37.4009],[-84.56062,37.40092],[-84.56223,37.40236]],[[-84.55516,37.40106],[-84.55529,37.40082],[-84.55568,37.40051],[-84.55549,37.39995],[-84.55508,37.39941],[-84.55462,37.39909],[-84.55369,37.39865],[-84.55276,37.39795],[-84.55249,37.39725],[-84.55242,37.39637],[-84.55197,37.39522],[-84.55194,37.39474],[-84.55362,37.39571],[-84.55495,37.39616],[-84.5551,37.39644],[-84.55512,37.39707],[-84.55576,37.39653],[-84.55616,37.3965],[-84.55639,37.39673],[-84.55622,37.39727],[-84.55629,37.39739],[-84.55667,37.39726],[-84.55717,37.39687],[-84.55778,37.397],[-84.55832,37.39741],[-84.55856,37.39778],[-84.5589,37.39883],[-84.55887,37.39906],[-84.55809,37.39961],[-84.55798,37.39991],[-84.55813,37.39998],[-84.55892,37.3998],[-84.55918,37.39995],[-84.5593,37.40058],[-84.55922,37.40128],[-84.55929,37.40202],[-84.55923,37.40219],[-84.55891,37.40243]],[[-84.54752,37.40579],[-84.54795,37.40554],[-84.54887,37.40465],[-84.55008,37.40293],[-84.55043,37.40274],[-84.55073,37.40273],[-84.55091,37.40309],[-84.55084,37.40349],[-84.55091,37.40484],[-84.55043,37.40563],[-84.55023,37.40621],[-84.54965,37.407],[-84.54956,37.40736],[-84.54992,37.40723],[-84.55108,37.40578],[-84.55143,37.4056],[-84.55238,37.40688],[-84.5525,37.40818],[-84.55262,37.40816],[-84.55298,37.40761],[-84.55355,37.40818],[-84.5536,37.40767],[-84.55319,37.40693],[-84.55237,37.40586],[-84.55211,37.40489],[-84.5522,37.40463],[-84.55299,37.40482],[-84.5532,37.40481],[-84.55318,37.40473],[-84.5522,37.40394],[-84.55216,37.40369],[-84.55254,37.4034],[-84.55251,37.40319],[-84.55221,37.40318],[-84.55189,37.403],[-84.55159,37.40177],[-84.55156,37.4013],[-84.55171,37.40102],[-84.55231,37.40104],[-84.55205,37.40065],[-84.55201,37.40023],[-84.55252,37.39924],[-84.55282,37.3993],[-84.55364,37.39969],[-84.55384,37.40023],[-84.55432,37.39989],[-84.55458,37.39991],[-84.55492,37.40029],[-84.55507,37.40112]],[[-84.54856,37.39775],[-84.54868,37.39735],[-84.5493,37.39658],[-84.5494,37.39564],[-84.54924,37.39494],[-84.54934,37.39476],[-84.54953,37.39475],[-84.54991,37.39503],[-84.55065,37.39671],[-84.55097,37.39824],[-84.55091,37.39878],[-84.55074,37.39902],[-84.5501,37.39924],[-84.54994,37.39939],[-84.55053,37.39972],[-84.55041,37.40034],[-84.55015,37.40054],[-84.54951,37.4007],[-84.54918,37.40094],[-84.54995,37.40102],[-84.55011,37.40111],[-84.55032,37.40147],[-84.55021,37.40196],[-84.54983,37.40246],[-84.5492,37.40271],[-84.54923,37.40293],[-84.54912,37.40317],[-84.54854,37.40366],[-84.54839,37.40451],[-84.54744,37.40563]]]}},{"type":"Feature","properties":{"quad":"Crab Orchard","gq_number":"571","source_pub":"Geologic map of the Crab Orchard quadrangle, Lincoln County, Kentucky | James Louis Gualtieri | 1967, GQ-571","source_url":"https://pubs.usgs.gov/publication/gq571","original_line_symbol":"Mbh","polygon_pair_below_above":"Mb|Mbr","contact_style":"CONTACT","contact_comments":"Halls Gap Member, Borden Formation","meaning":"Top of Halls Gap Member (Mbh) under Renfro; the Wildie (upper-Nada equivalent) is absent or unmapped here, so the target horizon may be missing or included in an adjacent unit.","class_label":"AMBIGUOUS","confidence":"Not used"},"geometry":{"type":"MultiLineString","coordinates":[[[-84.53632,37.39993],[-84.53696,37.3996],[-84.5369,37.39944]],[[-84.53144,37.39713],[-84.53164,37.39655],[-84.5317,37.39537],[-84.53203,37.39537],[-84.53314,37.39569],[-84.53456,37.39598],[-84.53457,37.39616],[-84.53388,37.39714],[-84.53366,37.39805],[-84.53335,37.39832],[-84.53346,37.3989],[-84.53315,37.39961],[-84.53272,37.40015],[-84.53144,37.4006],[-84.5315,37.40068],[-84.53197,37.40068],[-84.5322,37.40079],[-84.53242,37.40167],[-84.53211,37.40196],[-84.53168,37.40215],[-84.53182,37.40264],[-84.5317,37.40314],[-84.53131,37.40396],[-84.53079,37.4046],[-84.53066,37.40516],[-84.53075,37.40526],[-84.53096,37.40523],[-84.53165,37.4047],[-84.53219,37.40404],[-84.53223,37.40318],[-84.53269,37.40317],[-84.53267,37.40272],[-84.53323,37.40205],[-84.53311,37.40117],[-84.5334,37.40118],[-84.53404,37.40175],[-84.5342,37.40171],[-84.53375,37.40079],[-84.53384,37.40028],[-84.53446,37.39941],[-84.53487,37.39803],[-84.53515,37.39742],[-84.53594,37.39669],[-84.53608,37.39643],[-84.53644,37.39624],[-84.53661,37.3964],[-84.53637,37.3978],[-84.53624,37.39984]],[[-84.53599,37.40031],[-84.53594,37.40043],[-84.53606,37.40049],[-84.53618,37.40029]],[[-84.52639,37.40174],[-84.52612,37.40117],[-84.52609,37.40068],[-84.52628,37.40058],[-84.52691,37.40076],[-84.52699,37.40068],[-84.52668,37.40009],[-84.52662,37.39958],[-84.52645,37.39925],[-84.52651,37.39886],[-84.52713,37.39838],[-84.52736,37.3984],[-84.5275,37.39854],[-84.52766,37.39853],[-84.52771,37.39769],[-84.52814,37.39792],[-84.52843,37.39794],[-84.52803,37.39677],[-84.52837,37.39621],[-84.52862,37.39612],[-84.52912,37.39619],[-84.52934,37.39575],[-84.52995,37.39546],[-84.53067,37.39532],[-84.53086,37.39548],[-84.53099,37.39582],[-84.53118,37.39647],[-84.53124,37.39725]],[[-84.52833,37.39373],[-84.52868,37.39376],[-84.52936,37.39398],[-84.52964,37.39427],[-84.52816,37.39495],[-84.52724,37.39571],[-84.52664,37.39591],[-84.52692,37.3964],[-84.52679,37.39666],[-84.52591,37.39784],[-84.52549,37.39792],[-84.52488,37.39777],[-84.52506,37.39825],[-84.52486,37.39844],[-84.52364,37.39886],[-84.52332,37.39888],[-84.52245,37.39833],[-84.52107,37.39677]],[[-84.52638,37.40183],[-84.5264,37.40181]],[[-84.52172,37.4048],[-84.52194,37.40471],[-84.52214,37.40406],[-84.52188,37.40328],[-84.52192,37.40303],[-84.52288,37.40177],[-84.52373,37.40041],[-84.52448,37.39966],[-84.52507,37.39949],[-84.52538,37.39948],[-84.52565,37.39968],[-84.52573,37.39999],[-84.52553,37.40078],[-84.52568,37.40114],[-84.52627,37.40178]],[[-84.52146,37.40344],[-84.52167,37.40366],[-84.52175,37.40409],[-84.5217,37.40457],[-84.52158,37.40477]],[[-84.52156,37.39864],[-84.52211,37.39878],[-84.52303,37.39968],[-84.5224,37.40092],[-84.52205,37.40118],[-84.52137,37.40135],[-84.52179,37.40159],[-84.52185,37.40203],[-84.52119,37.4029],[-84.52085,37.4031],[-84.52118,37.40323]],[[-84.5209,37.3968],[-84.52118,37.39715],[-84.52137,37.39773],[-84.5217,37.39817],[-84.5217,37.39838],[-84.52148,37.39861]],[[-84.52075,37.40553],[-84.52097,37.40553],[-84.52124,37.40536]],[[-84.52121,37.40519],[-84.52079,37.40545]],[[-84.52092,37.39669],[-84.52084,37.39671]]]}},{"type":"Feature","properties":{"quad":"Brodhead","gq_number":"662","source_pub":"Geologic map of the Brodhead quadrangle, east-central Kentucky | James Louis Gualtieri | 1967, GQ-662","source_url":"https://pubs.usgs.gov/publication/gq662","original_line_symbol":"Mbh","polygon_pair_below_above":"Mb|Mbr","contact_style":"CONTACT","contact_comments":"Halls Gap Member, Borden Formation","meaning":"Top of Halls Gap Member (Mbh) under Renfro; the Wildie (upper-Nada equivalent) is absent or unmapped here, so the target horizon may be missing or included in an adjacent unit.","class_label":"AMBIGUOUS","confidence":"Not used"},"geometry":{"type":"LineString","coordinates":[[-84.46925,37.40501],[-84.46839,37.40477],[-84.46781,37.40471],[-84.46752,37.40482],[-84.46687,37.40536],[-84.46623,37.40544],[-84.46619,37.40534],[-84.46648,37.40439],[-84.46633,37.40411],[-84.4659,37.40399],[-84.46491,37.40453],[-84.46438,37.40471],[-84.46402,37.40504],[-84.46362,37.40565],[-84.46342,37.40567],[-84.46319,37.4055],[-84.46301,37.40489],[-84.4624,37.40453],[-84.46235,37.4044],[-84.46244,37.40427],[-84.46306,37.40417],[-84.46352,37.40392],[-84.46422,37.40334],[-84.46456,37.40288],[-84.46445,37.40271],[-84.46335,37.40279],[-84.46307,37.40267],[-84.46344,37.40213],[-84.46424,37.4015],[-84.46429,37.40132],[-84.46412,37.40113],[-84.46353,37.4009],[-84.46257,37.40097],[-84.46174,37.40199],[-84.46084,37.40277],[-84.46077,37.4024],[-84.46113,37.40044],[-84.46108,37.40011],[-84.46082,37.39998],[-84.45987,37.40021],[-84.45954,37.39972],[-84.4594,37.39961],[-84.45918,37.39964],[-84.45899,37.39985],[-84.45892,37.40083],[-84.45927,37.40166],[-84.45871,37.40197],[-84.45873,37.40272],[-84.45854,37.40285],[-84.45828,37.40272],[-84.45805,37.40246],[-84.4578,37.4024],[-84.45764,37.40227],[-84.45695,37.40235],[-84.45701,37.40185],[-84.45737,37.4015],[-84.45744,37.40124],[-84.4573,37.40088],[-84.45667,37.40053],[-84.45665,37.40032],[-84.45701,37.39977],[-84.45646,37.39929],[-84.45628,37.39893],[-84.45617,37.39891],[-84.45536,37.39959],[-84.45486,37.39969],[-84.4547,37.39944],[-84.45457,37.39873],[-84.45445,37.39859],[-84.45436,37.39861],[-84.45402,37.39889],[-84.45377,37.39927],[-84.4539,37.39964],[-84.45445,37.40048],[-84.45437,37.40072],[-84.45385,37.40097],[-84.45359,37.40098],[-84.45299,37.40051],[-84.45266,37.40049],[-84.4524,37.4006],[-84.45208,37.40092],[-84.45188,37.40133],[-84.4516,37.40143],[-84.45146,37.40139],[-84.45123,37.40058],[-84.45161,37.39962],[-84.45139,37.39944],[-84.4508,37.39959],[-84.45072,37.39928],[-84.45099,37.39871],[-84.45201,37.39794],[-84.45225,37.39746],[-84.45184,37.39707],[-84.45122,37.39683],[-84.45093,37.39689],[-84.4504,37.39748],[-84.4494,37.39761],[-84.44896,37.39793],[-84.44897,37.3982],[-84.44953,37.399],[-84.4495,37.39934],[-84.44924,37.39967],[-84.44885,37.39923],[-84.44859,37.39912],[-84.44823,37.39911],[-84.44797,37.39922],[-84.44737,37.39992],[-84.44713,37.40002],[-84.44689,37.39884],[-84.44668,37.3987],[-84.44626,37.3987],[-84.44555,37.39896],[-84.44504,37.39928],[-84.44498,37.39883],[-84.44517,37.39836],[-84.44645,37.39776],[-84.44699,37.39744],[-84.4473,37.39711],[-84.44731,37.39674],[-84.44644,37.39661],[-84.44638,37.39641],[-84.44694,37.39601],[-84.44736,37.39592],[-84.44785,37.39595],[-84.44812,37.39579],[-84.44842,37.39528],[-84.44836,37.39506],[-84.44751,37.39438],[-84.44713,37.39436],[-84.44691,37.39449],[-84.44659,37.39451],[-84.44622,37.39378],[-84.44592,37.39437],[-84.44561,37.39446],[-84.44487,37.39404],[-84.44453,37.3935],[-84.44427,37.3934],[-84.44408,37.39346],[-84.44404,37.39385],[-84.44467,37.3946],[-84.44484,37.39511],[-84.44465,37.39529],[-84.44341,37.395],[-84.44314,37.39505],[-84.443,37.39519],[-84.44302,37.39553],[-84.44323,37.39599],[-84.44383,37.39664],[-84.44394,37.3972],[-84.44374,37.39768],[-84.44337,37.39804],[-84.44305,37.39815],[-84.44299,37.39734],[-84.4427,37.39687],[-84.44224,37.39687],[-84.44177,37.3972],[-84.44155,37.39704],[-84.44168,37.39621],[-84.44143,37.39577],[-84.4413,37.39525],[-84.44165,37.39358],[-84.44128,37.39376],[-84.44078,37.3947],[-84.44028,37.39524],[-84.43946,37.39557],[-84.439,37.39561],[-84.43862,37.39542],[-84.43874,37.39508],[-84.43937,37.39467],[-84.43941,37.39427],[-84.43932,37.39388],[-84.43942,37.39336]]}},{"type":"Feature","properties":{"quad":"Crab Orchard","gq_number":"571","source_pub":"Geologic map of the Crab Orchard quadrangle, Lincoln County, Kentucky | James Louis Gualtieri | 1967, GQ-571","source_url":"https://pubs.usgs.gov/publication/gq571","original_line_symbol":"Mbh","polygon_pair_below_above":"Mb|Mbr","contact_style":"CONTACT","contact_comments":"Halls Gap Member, Borden Formation","meaning":"Top of Halls Gap Member (Mbh) under Renfro; the Wildie (upper-Nada equivalent) is absent or unmapped here, so the target horizon may be missing or included in an adjacent unit.","class_label":"AMBIGUOUS","confidence":"Not used"},"geometry":{"type":"MultiLineString","coordinates":[[[-84.58167,37.40049],[-84.5819,37.39882],[-84.58193,37.39738],[-84.58201,37.39694],[-84.58223,37.39654],[-84.5838,37.39632],[-84.58573,37.39651],[-84.58583,37.39679],[-84.58533,37.3974],[-84.58556,37.39746],[-84.58626,37.39711],[-84.58676,37.39667],[-84.587,37.39659],[-84.58936,37.39629],[-84.59012,37.39636],[-84.5902,37.3965],[-84.59004,37.39706],[-84.58825,37.39794],[-84.58719,37.39899],[-84.58681,37.39919],[-84.58637,37.39962],[-84.58548,37.39989],[-84.58537,37.40004],[-84.58558,37.40012],[-84.58599,37.40013],[-84.58697,37.39989],[-84.58725,37.39977],[-84.5887,37.39866],[-84.58936,37.39838],[-84.59002,37.39836],[-84.59013,37.39851],[-84.5902,37.39927],[-84.59014,37.40034],[-84.58975,37.40125],[-84.58915,37.40174],[-84.58856,37.40196],[-84.58698,37.40165],[-84.58613,37.40163],[-84.5857,37.40172],[-84.58565,37.40179],[-84.58574,37.40188],[-84.58667,37.40213],[-84.58718,37.40236],[-84.5874,37.40254],[-84.58738,37.40271],[-84.58654,37.40339],[-84.58578,37.40385],[-84.5852,37.4039],[-84.584,37.4038],[-84.58394,37.40399],[-84.58422,37.40441],[-84.58417,37.40454],[-84.58368,37.40454],[-84.58286,37.40424],[-84.58279,37.4044],[-84.58303,37.40508],[-84.58269,37.40526],[-84.58199,37.40543],[-84.58145,37.40494],[-84.58081,37.40454],[-84.58061,37.40451],[-84.58088,37.40546],[-84.5807,37.40577],[-84.57931,37.40599],[-84.57744,37.40583]],[[-84.57782,37.3978],[-84.57804,37.39657],[-84.5783,37.39624],[-84.57857,37.39617],[-84.57936,37.39622],[-84.58043,37.39654],[-84.58081,37.39674],[-84.58099,37.39704],[-84.58112,37.39852],[-84.58139,37.39936],[-84.58148,37.40051]],[[-84.58111,37.394],[-84.58103,37.39396],[-84.58091,37.3941],[-84.58068,37.39494],[-84.58053,37.39514],[-84.57986,37.39481],[-84.5798,37.39488],[-84.57996,37.39512],[-84.57991,37.39522],[-84.5774,37.39522],[-84.5771,37.39512],[-84.57693,37.39495],[-84.57684,37.39438],[-84.57634,37.39438],[-84.57559,37.3935]],[[-84.57766,37.39801],[-84.57774,37.39801]],[[-84.57511,37.39728],[-84.57635,37.39615],[-84.57701,37.39596],[-84.57725,37.39599],[-84.57739,37.3962],[-84.57767,37.39779]],[[-84.57538,37.39341],[-84.57565,37.39415],[-84.57647,37.39543],[-84.57606,37.39566],[-84.57534,37.39551]],[[-84.57531,37.39561],[-84.57576,37.39595],[-84.57576,37.39612],[-84.57509,37.39708]]]}},{"type":"Feature","properties":{"quad":"Brodhead","gq_number":"662","source_pub":"Geologic map of the Brodhead quadrangle, east-central Kentucky | James Louis Gualtieri | 1967, GQ-662","source_url":"https://pubs.usgs.gov/publication/gq662","original_line_symbol":"Mbh","polygon_pair_below_above":"Mb|Mbr","contact_style":"CONTACT","contact_comments":"Halls Gap Member, Borden Formation","meaning":"Top of Halls Gap Member (Mbh) under Renfro; the Wildie (upper-Nada equivalent) is absent or unmapped here, so the target horizon may be missing or included in an adjacent unit.","class_label":"AMBIGUOUS","confidence":"Not used"},"geometry":{"type":"LineString","coordinates":[[-84.49994,37.39614],[-84.49869,37.39634],[-84.49808,37.3967],[-84.49742,37.39688],[-84.4968,37.39685],[-84.49611,37.39669],[-84.49595,37.39655],[-84.49582,37.39619],[-84.49513,37.39377],[-84.49527,37.39337],[-84.49555,37.39334],[-84.49605,37.39347],[-84.49645,37.39322],[-84.49692,37.39312],[-84.49719,37.39332],[-84.49777,37.39412],[-84.49823,37.39447],[-84.49853,37.39457],[-84.49862,37.39444],[-84.49806,37.39339],[-84.49809,37.3931],[-84.49857,37.39287],[-84.49922,37.39279],[-84.49967,37.3929],[-84.49994,37.39317]]}},{"type":"Feature","properties":{"quad":"Crab Orchard","gq_number":"571","source_pub":"Geologic map of the Crab Orchard quadrangle, Lincoln County, Kentucky | James Louis Gualtieri | 1967, GQ-571","source_url":"https://pubs.usgs.gov/publication/gq571","original_line_symbol":"Mbh","polygon_pair_below_above":"Mb|Mbr","contact_style":"CONTACT","contact_comments":"Halls Gap Member, Borden Formation","meaning":"Top of Halls Gap Member (Mbh) under Renfro; the Wildie (upper-Nada equivalent) is absent or unmapped here, so the target horizon may be missing or included in an adjacent unit.","class_label":"AMBIGUOUS","confidence":"Not used"},"geometry":{"type":"MultiLineString","coordinates":[[[-84.49994,37.39317],[-84.50019,37.39341],[-84.50067,37.39341]],[[-84.50052,37.39321],[-84.49994,37.39258]]]}},{"type":"Feature","properties":{"quad":"Wildie","gq_number":"684","source_pub":"Geologic map of the Wildie quadrangle, Garrard and Rockcastle Counties, Kentucky | James Louis Gualtieri | 1968, GQ-684","source_url":"https://pubs.usgs.gov/publication/gq684","original_line_symbol":"Mbw","polygon_pair_below_above":"Mb|Msb","contact_style":"CONTACT","contact_comments":"Wildie Member, Borden Formation","meaning":"Not interpreted as the target contact.","class_label":"AMBIGUOUS","confidence":"Not used"},"geometry":{"type":"MultiLineString","coordinates":[[[-84.2676,37.40927],[-84.26776,37.40944],[-84.26792,37.40947]],[[-84.26622,37.40956],[-84.26662,37.40914]],[[-84.26595,37.41801],[-84.26574,37.41774]]]}},{"type":"Feature","properties":{"quad":"Crab Orchard","gq_number":"571","source_pub":"Geologic map of the Crab Orchard quadrangle, Lincoln County, Kentucky | James Louis Gualtieri | 1967, GQ-571","source_url":"https://pubs.usgs.gov/publication/gq571","original_line_symbol":"Mbh","polygon_pair_below_above":"Mb|Mbr","contact_style":"CONTACT","contact_comments":"Halls Gap Member, Borden Formation","meaning":"Top of Halls Gap Member (Mbh) under Renfro; the Wildie (upper-Nada equivalent) is absent or unmapped here, so the target horizon may be missing or included in an adjacent unit.","class_label":"AMBIGUOUS","confidence":"Not used"},"geometry":{"type":"MultiLineString","coordinates":[[[-84.60943,37.4046],[-84.61011,37.40433],[-84.61045,37.40435],[-84.61239,37.40358],[-84.61208,37.40432],[-84.61172,37.40476],[-84.61077,37.40545],[-84.6101,37.40686],[-84.60972,37.407],[-84.60858,37.40695],[-84.60826,37.40709],[-84.60821,37.40724],[-84.60841,37.40743],[-84.60939,37.40766],[-84.60949,37.40776],[-84.6092,37.40839],[-84.60879,37.40871],[-84.6085,37.40881],[-84.60708,37.4085],[-84.60667,37.40856],[-84.60669,37.40866],[-84.60747,37.40931],[-84.60808,37.4097],[-84.60812,37.40993],[-84.60799,37.41038],[-84.60766,37.41085],[-84.60716,37.41079],[-84.60464,37.4097],[-84.60418,37.40957],[-84.60433,37.40987],[-84.6069,37.41155],[-84.6071,37.4118],[-84.60683,37.41183],[-84.60581,37.41162]],[[-84.60364,37.3923],[-84.60384,37.39264],[-84.60356,37.39413],[-84.60369,37.39453],[-84.60361,37.3951],[-84.60392,37.39561],[-84.60372,37.39573],[-84.60253,37.39583],[-84.60208,37.39573],[-84.60148,37.39527],[-84.60124,37.39518],[-84.60107,37.39523],[-84.60111,37.39547],[-84.60161,37.39641],[-84.6015,37.39658],[-84.60053,37.3968],[-84.60025,37.39702],[-84.60083,37.39724],[-84.60121,37.39727],[-84.60299,37.39699],[-84.60321,37.39709],[-84.60299,37.39739],[-84.6022,37.39795],[-84.60156,37.39818],[-84.60067,37.39825],[-84.60072,37.39861],[-84.59963,37.39946],[-84.59966,37.3998],[-84.59954,37.4],[-84.59977,37.40041],[-84.59945,37.40087],[-84.59978,37.40135],[-84.59967,37.40201],[-84.59973,37.40211],[-84.5999,37.40202],[-84.60028,37.40148],[-84.60078,37.40003],[-84.60116,37.39946],[-84.60136,37.39928],[-84.60159,37.39924],[-84.6019,37.3993],[-84.60287,37.39881],[-84.60325,37.39878],[-84.60359,37.39892],[-84.60392,37.39922],[-84.60422,37.40023],[-84.60424,37.40075],[-84.60365,37.40121],[-84.6024,37.40159],[-84.60221,37.40202],[-84.60235,37.40204],[-84.60359,37.40145],[-84.60427,37.40142],[-84.60453,37.40178],[-84.60448,37.40224],[-84.60466,37.40276],[-84.60466,37.40324],[-84.60463,37.40349],[-84.60409,37.40425],[-84.60428,37.40427],[-84.60495,37.40401],[-84.60532,37.40433],[-84.60554,37.40436],[-84.6056,37.40415],[-84.60528,37.40362],[-84.60532,37.40244],[-84.60525,37.40191],[-84.60511,37.40164],[-84.60531,37.40065],[-84.60511,37.40008],[-84.6051,37.39956],[-84.60492,37.39896],[-84.60481,37.39792],[-84.60516,37.39739],[-84.60565,37.39712],[-84.60601,37.39709],[-84.60712,37.3981],[-84.6082,37.39927],[-84.60823,37.39949],[-84.60793,37.39989],[-84.60718,37.40024],[-84.60708,37.40045],[-84.60764,37.40065],[-84.60878,37.40028],[-84.60912,37.40032],[-84.60942,37.40053],[-84.60991,37.40118],[-84.60975,37.40141],[-84.60859,37.40226],[-84.60768,37.40278],[-84.60767,37.40286],[-84.60795,37.40293],[-84.60891,37.40243],[-84.61102,37.40201],[-84.61167,37.40214],[-84.612,37.40244],[-84.61195,37.40268],[-84.61115,37.40332],[-84.60916,37.4046]],[[-84.60584,37.4118],[-84.60677,37.4124],[-84.60554,37.41258],[-84.60447,37.41292],[-84.60391,37.41275],[-84.60295,37.41191],[-84.60229,37.41149],[-84.60191,37.41147]],[[-84.6055,37.41158],[-84.60547,37.41162]],[[-84.60146,37.41661],[-84.60149,37.41666],[-84.60185,37.41644],[-84.6025,37.4157],[-84.60284,37.4155],[-84.60466,37.41587],[-84.60471,37.41617],[-84.60461,37.41664],[-84.60399,37.41745],[-84.60363,37.41831],[-84.6034,37.41842],[-84.60228,37.41853],[-84.60243,37.4187],[-84.60311,37.41889],[-84.60319,37.41909]],[[-84.60184,37.41158],[-84.60245,37.41198],[-84.60296,37.4128],[-84.60281,37.41292],[-84.60146,37.41315],[-84.60145,37.41327],[-84.60168,37.41337],[-84.60421,37.41368],[-84.60585,37.41347],[-84.606,37.41364],[-84.60572,37.41449],[-84.60542,37.41497],[-84.60529,37.41501],[-84.60362,37.41478],[-84.60241,37.41484],[-84.60196,37.41473],[-84.60148,37.41473],[-84.60045,37.41497],[-84.60025,37.41526]],[[-84.60028,37.41536],[-84.60069,37.41522],[-84.60152,37.4152],[-84.60184,37.41531],[-84.60186,37.41585],[-84.60147,37.41651]]]}},{"type":"Feature","properties":{"quad":"Wildie","gq_number":"684","source_pub":"Geologic map of the Wildie quadrangle, Garrard and Rockcastle Counties, Kentucky | James Louis Gualtieri | 1968, GQ-684","source_url":"https://pubs.usgs.gov/publication/gq684","original_line_symbol":"Mbh","polygon_pair_below_above":"Mb|Mbr","contact_style":"CONTACT","contact_comments":"Halls Gap Member, Borden Formation","meaning":"Top of Halls Gap Member (Mbh) under Renfro; the Wildie (upper-Nada equivalent) is absent or unmapped here, so the target horizon may be missing or included in an adjacent unit.","class_label":"AMBIGUOUS","confidence":"Not used"},"geometry":{"type":"LineString","coordinates":[[-84.29296,37.39177],[-84.29313,37.39291]]}},{"type":"Feature","properties":{"quad":"Wildie","gq_number":"684","source_pub":"Geologic map of the Wildie quadrangle, Garrard and Rockcastle Counties, Kentucky | James Louis Gualtieri | 1968, GQ-684","source_url":"https://pubs.usgs.gov/publication/gq684","original_line_symbol":"Mbh","polygon_pair_below_above":"Mb|Mbr","contact_style":"CONTACT","contact_comments":"Halls Gap Member, Borden Formation","meaning":"Top of Halls Gap Member (Mbh) under Renfro; the Wildie (upper-Nada equivalent) is absent or unmapped here, so the target horizon may be missing or included in an adjacent unit.","class_label":"AMBIGUOUS","confidence":"Not used"},"geometry":{"type":"LineString","coordinates":[[-84.29326,37.39163],[-84.29347,37.39292]]}},{"type":"Feature","properties":{"quad":"Wildie","gq_number":"684","source_pub":"Geologic map of the Wildie quadrangle, Garrard and Rockcastle Counties, Kentucky | James Louis Gualtieri | 1968, GQ-684","source_url":"https://pubs.usgs.gov/publication/gq684","original_line_symbol":"Mbh","polygon_pair_below_above":"Mb|Mbr","contact_style":"CONTACT","contact_comments":"Halls Gap Member, Borden Formation","meaning":"Top of Halls Gap Member (Mbh) under Renfro; the Wildie (upper-Nada equivalent) is absent or unmapped here, so the target horizon may be missing or included in an adjacent unit.","class_label":"AMBIGUOUS","confidence":"Not used"},"geometry":{"type":"LineString","coordinates":[[-84.33347,37.39723],[-84.33347,37.39676],[-84.33336,37.39653],[-84.33248,37.39583],[-84.33274,37.39545],[-84.33308,37.39526],[-84.33317,37.3946],[-84.33284,37.39316],[-84.33214,37.39153]]}},{"type":"Feature","properties":{"quad":"Wildie","gq_number":"684","source_pub":"Geologic map of the Wildie quadrangle, Garrard and Rockcastle Counties, Kentucky | James Louis Gualtieri | 1968, GQ-684","source_url":"https://pubs.usgs.gov/publication/gq684","original_line_symbol":"Mbw","polygon_pair_below_above":"Mb|Msb","contact_style":"CONTACT","contact_comments":"Wildie Member, Borden Formation","meaning":"Not interpreted as the target contact.","class_label":"AMBIGUOUS","confidence":"Not used"},"geometry":{"type":"MultiLineString","coordinates":[[[-84.26181,37.41269],[-84.2613,37.4129]],[[-84.25618,37.41792],[-84.2561,37.41857]],[[-84.25598,37.4187],[-84.25542,37.41914]]]}},{"type":"Feature","properties":{"quad":"Brodhead","gq_number":"662","source_pub":"Geologic map of the Brodhead quadrangle, east-central Kentucky | James Louis Gualtieri | 1967, GQ-662","source_url":"https://pubs.usgs.gov/publication/gq662","original_line_symbol":"Mbh","polygon_pair_below_above":"Mb|Mbr","contact_style":"CONTACT","contact_comments":"Halls Gap Member, Borden Formation","meaning":"Top of Halls Gap Member (Mbh) under Renfro; the Wildie (upper-Nada equivalent) is absent or unmapped here, so the target horizon may be missing or included in an adjacent unit.","class_label":"AMBIGUOUS","confidence":"Not used"},"geometry":{"type":"MultiLineString","coordinates":[[[-84.38723,37.40227],[-84.38873,37.40301],[-84.3895,37.40298],[-84.38991,37.40346],[-84.39233,37.40328],[-84.39382,37.40285],[-84.3944,37.40257],[-84.39445,37.40225],[-84.39425,37.40197],[-84.39432,37.4015],[-84.39421,37.40104],[-84.39432,37.40086],[-84.39603,37.40227],[-84.39821,37.40214],[-84.3989,37.40203],[-84.3994,37.40181],[-84.39981,37.40145],[-84.3999,37.40123],[-84.39971,37.4009],[-84.39971,37.4006],[-84.40001,37.4003],[-84.40008,37.40006],[-84.39976,37.39986],[-84.39931,37.39987],[-84.39866,37.39964],[-84.39799,37.40045],[-84.39762,37.40059],[-84.39693,37.40063],[-84.39687,37.40054],[-84.39717,37.40023],[-84.39715,37.39979],[-84.39746,37.3993],[-84.39776,37.39833],[-84.39742,37.39835],[-84.39641,37.39893],[-84.3958,37.39884],[-84.39493,37.39891],[-84.39462,37.39878],[-84.39581,37.39813],[-84.39608,37.39779],[-84.39611,37.39742],[-84.39681,37.3971],[-84.39724,37.39659],[-84.39718,37.39645],[-84.39679,37.3962],[-84.39625,37.39617],[-84.39622,37.39554],[-84.39569,37.39518],[-84.39543,37.39512],[-84.39516,37.39519],[-84.39482,37.39589],[-84.39396,37.39528],[-84.39347,37.39518],[-84.39288,37.39526],[-84.39224,37.39566],[-84.39161,37.39568],[-84.39113,37.39587],[-84.39104,37.39608],[-84.3913,37.39653],[-84.3913,37.39672],[-84.39029,37.39649],[-84.38967,37.39708],[-84.38924,37.39686],[-84.38868,37.39692],[-84.38862,37.39653],[-84.38829,37.39621],[-84.38828,37.39608],[-84.38941,37.39547],[-84.39004,37.39474],[-84.38999,37.39443],[-84.38888,37.39368],[-84.3884,37.39326],[-84.38806,37.39315],[-84.38761,37.39334],[-84.38751,37.39319],[-84.38772,37.39277],[-84.38753,37.39228],[-84.38589,37.39111],[-84.38552,37.39097],[-84.38502,37.39097],[-84.38462,37.39072],[-84.38384,37.3906],[-84.38339,37.39045],[-84.38286,37.39043],[-84.38253,37.39056]],[[-84.38609,37.40196],[-84.38666,37.40185],[-84.38689,37.40171],[-84.38711,37.40217]]]}},{"type":"Feature","properties":{"quad":"Brodhead","gq_number":"662","source_pub":"Geologic map of the Brodhead quadrangle, east-central Kentucky | James Louis Gualtieri | 1967, GQ-662","source_url":"https://pubs.usgs.gov/publication/gq662","original_line_symbol":"Mbh","polygon_pair_below_above":"Mb|Mbr","contact_style":"CONTACT","contact_comments":"Halls Gap Member, Borden Formation","meaning":"Top of Halls Gap Member (Mbh) under Renfro; the Wildie (upper-Nada equivalent) is absent or unmapped here, so the target horizon may be missing or included in an adjacent unit.","class_label":"AMBIGUOUS","confidence":"Not used"},"geometry":{"type":"LineString","coordinates":[[-84.38217,37.39026],[-84.38208,37.39006]]}},{"type":"Feature","properties":{"quad":"Crab Orchard","gq_number":"571","source_pub":"Geologic map of the Crab Orchard quadrangle, Lincoln County, Kentucky | James Louis Gualtieri | 1967, GQ-571","source_url":"https://pubs.usgs.gov/publication/gq571","original_line_symbol":"Mbh","polygon_pair_below_above":"Mb|Mbr","contact_style":"CONTACT","contact_comments":"Halls Gap Member, Borden Formation","meaning":"Top of Halls Gap Member (Mbh) under Renfro; the Wildie (upper-Nada equivalent) is absent or unmapped here, so the target horizon may be missing or included in an adjacent unit.","class_label":"AMBIGUOUS","confidence":"Not used"},"geometry":{"type":"MultiLineString","coordinates":[[[-84.52492,37.39324],[-84.52543,37.39273],[-84.52587,37.39263],[-84.52756,37.39316],[-84.52775,37.39327],[-84.52804,37.39371],[-84.52833,37.39373]],[[-84.52613,37.39155],[-84.52591,37.39116],[-84.52561,37.39138],[-84.52539,37.3914],[-84.52452,37.39105],[-84.52396,37.39063],[-84.52382,37.39033],[-84.52385,37.39011],[-84.52423,37.38969],[-84.52436,37.38938]],[[-84.52235,37.39174],[-84.52294,37.39154],[-84.52324,37.39178],[-84.52336,37.39171],[-84.52339,37.3915],[-84.52354,37.39143],[-84.52472,37.39195],[-84.52495,37.39216],[-84.52501,37.3924],[-84.52483,37.39278],[-84.52487,37.39304]],[[-84.52467,37.39335],[-84.52473,37.39338]],[[-84.52422,37.38939],[-84.52352,37.38986],[-84.52311,37.39],[-84.52252,37.38999],[-84.52174,37.38968],[-84.52109,37.38984]],[[-84.52121,37.38996],[-84.52212,37.39009],[-84.5226,37.39036],[-84.52289,37.39067],[-84.52307,37.39119],[-84.52235,37.39153],[-84.52216,37.39176]]]}},{"type":"Feature","properties":{"quad":"Brodhead","gq_number":"662","source_pub":"Geologic map of the Brodhead quadrangle, east-central Kentucky | James Louis Gualtieri | 1967, GQ-662","source_url":"https://pubs.usgs.gov/publication/gq662","original_line_symbol":"Mbh","polygon_pair_below_above":"Mb|Mbr","contact_style":"CONTACT","contact_comments":"Halls Gap Member, Borden Formation","meaning":"Top of Halls Gap Member (Mbh) under Renfro; the Wildie (upper-Nada equivalent) is absent or unmapped here, so the target horizon may be missing or included in an adjacent unit.","class_label":"AMBIGUOUS","confidence":"Not used"},"geometry":{"type":"MultiLineString","coordinates":[[[-84.47497,37.39339],[-84.47461,37.39363],[-84.47415,37.39422],[-84.47362,37.39514],[-84.47347,37.39577],[-84.47359,37.3959],[-84.47434,37.39613],[-84.47537,37.39598],[-84.47563,37.39602]],[[-84.47559,37.39607],[-84.47519,37.39637],[-84.47381,37.39707],[-84.47355,37.39757],[-84.47363,37.3982],[-84.47393,37.39846],[-84.47438,37.39834],[-84.47491,37.39798],[-84.47525,37.39789]],[[-84.475,37.39329],[-84.47506,37.39333]],[[-84.45795,37.39065],[-84.45873,37.39009],[-84.45892,37.38975],[-84.4583,37.389],[-84.45777,37.38886],[-84.45663,37.38939],[-84.4567,37.39023],[-84.45649,37.39066],[-84.45627,37.39085],[-84.45525,37.39024],[-84.4546,37.39011],[-84.4545,37.39015],[-84.45447,37.39035],[-84.45511,37.391],[-84.455,37.39127],[-84.45422,37.39145],[-84.4535,37.3918],[-84.45328,37.3918],[-84.45299,37.39158],[-84.45273,37.39118],[-84.45238,37.39108],[-84.45123,37.39152],[-84.45111,37.39164],[-84.45111,37.39179],[-84.45143,37.39203],[-84.4523,37.39221],[-84.45246,37.39275],[-84.45272,37.39299],[-84.453,37.39296],[-84.45408,37.39253],[-84.45488,37.39236],[-84.45567,37.39204],[-84.45634,37.39222],[-84.45592,37.39268],[-84.45586,37.39343],[-84.45501,37.39358],[-84.45476,37.39373],[-84.45456,37.39396],[-84.45476,37.39424],[-84.45516,37.3944],[-84.45586,37.39441],[-84.45623,37.39459],[-84.45725,37.3942],[-84.45759,37.39445],[-84.45778,37.39518],[-84.45814,37.39542],[-84.45848,37.3954],[-84.45867,37.39527],[-84.45913,37.39446],[-84.45927,37.39438],[-84.45962,37.39441],[-84.46022,37.39469],[-84.46092,37.39465],[-84.46128,37.39472],[-84.46158,37.39493],[-84.46173,37.39522],[-84.46165,37.39546],[-84.46103,37.39586],[-84.46085,37.39616],[-84.46088,37.39651],[-84.46123,37.39667],[-84.46185,37.39659],[-84.46251,37.39627],[-84.46287,37.39603],[-84.46354,37.39532],[-84.46407,37.39519],[-84.46524,37.3952],[-84.46509,37.39603],[-84.46462,37.39604],[-84.46432,37.39619],[-84.4636,37.3972],[-84.46356,37.39736],[-84.46366,37.39748],[-84.46424,37.39768],[-84.46488,37.39768],[-84.46533,37.39753],[-84.46634,37.39783],[-84.46679,37.39784],[-84.46713,37.39773],[-84.46747,37.3972],[-84.46718,37.3967],[-84.46764,37.39637],[-84.46781,37.39613],[-84.46788,37.39561],[-84.4677,37.39518],[-84.46801,37.39487],[-84.46807,37.3945],[-84.4683,37.39457],[-84.46854,37.39494],[-84.4687,37.39501],[-84.46909,37.39488],[-84.4696,37.39444],[-84.46974,37.39459],[-84.46971,37.39479],[-84.46952,37.39515],[-84.46906,37.39564],[-84.46893,37.39607],[-84.46906,37.39619],[-84.46958,37.39612],[-84.46964,37.39624],[-84.46907,37.397],[-84.46899,37.39737],[-84.46913,37.39756],[-84.46941,37.39768],[-84.47021,37.39775],[-84.47022,37.39797],[-84.47036,37.39803],[-84.4713,37.39807],[-84.47166,37.39787],[-84.47193,37.39746],[-84.47174,37.39685],[-84.47228,37.39647],[-84.47239,37.39575],[-84.47233,37.39532],[-84.4715,37.3948],[-84.47223,37.39476],[-84.47258,37.39446],[-84.47286,37.39472],[-84.47302,37.39472],[-84.47395,37.39376],[-84.47418,37.39329],[-84.4746,37.39339]]]}},{"type":"Feature","properties":{"quad":"Brodhead","gq_number":"662","source_pub":"Geologic map of the Brodhead quadrangle, east-central Kentucky | James Louis Gualtieri | 1967, GQ-662","source_url":"https://pubs.usgs.gov/publication/gq662","original_line_symbol":"Mbh","polygon_pair_below_above":"Mb|Mbr","contact_style":"CONTACT","contact_comments":"Halls Gap Member, Borden Formation","meaning":"Top of Halls Gap Member (Mbh) under Renfro; the Wildie (upper-Nada equivalent) is absent or unmapped here, so the target horizon may be missing or included in an adjacent unit.","class_label":"AMBIGUOUS","confidence":"Not used"},"geometry":{"type":"LineString","coordinates":[[-84.43942,37.39336],[-84.43946,37.39309],[-84.43923,37.39291],[-84.43865,37.39279],[-84.43799,37.39293],[-84.43751,37.39268],[-84.43612,37.39255],[-84.43472,37.39108],[-84.43419,37.39068],[-84.43302,37.39007],[-84.43264,37.3901],[-84.4325,37.39019],[-84.43171,37.39167],[-84.43114,37.39183],[-84.43073,37.39137],[-84.43041,37.39127],[-84.43002,37.39131],[-84.42983,37.39114],[-84.42975,37.39046],[-84.43,37.38975],[-84.42975,37.38922],[-84.42921,37.38886],[-84.42766,37.38928],[-84.42709,37.38931],[-84.427,37.38922],[-84.42726,37.3887],[-84.42719,37.38854],[-84.42611,37.38823],[-84.42561,37.38821],[-84.42539,37.38833],[-84.42522,37.38868],[-84.42468,37.38871],[-84.42409,37.38905],[-84.42406,37.38927],[-84.42461,37.38977],[-84.42467,37.38999],[-84.42426,37.39036],[-84.42404,37.39043],[-84.42393,37.39063],[-84.42396,37.39086],[-84.42422,37.39103],[-84.4249,37.39123],[-84.4258,37.39121],[-84.42637,37.39212],[-84.42634,37.39239],[-84.42608,37.3927],[-84.42562,37.39249],[-84.42531,37.39254],[-84.42525,37.39264],[-84.42578,37.39336],[-84.42605,37.39457],[-84.42629,37.39458],[-84.42652,37.39444],[-84.42737,37.39342],[-84.42771,37.39262],[-84.42777,37.39186],[-84.42791,37.39165],[-84.4283,37.3917],[-84.42866,37.39248],[-84.4289,37.39274],[-84.42975,37.39322],[-84.42984,37.39376],[-84.42907,37.39379],[-84.42892,37.39428],[-84.42823,37.39521],[-84.42822,37.39562],[-84.42842,37.39589],[-84.4288,37.39593],[-84.42942,37.39582],[-84.4306,37.39508],[-84.43097,37.39512],[-84.43143,37.39543],[-84.43173,37.39546],[-84.43187,37.39536],[-84.43195,37.39508],[-84.43174,37.39421],[-84.43199,37.39405],[-84.43248,37.39417],[-84.43335,37.39489],[-84.4336,37.39494],[-84.4341,37.39436],[-84.43426,37.39404],[-84.43409,37.39373],[-84.43356,37.39353],[-84.43337,37.39337],[-84.43341,37.39314],[-84.43373,37.39292],[-84.43412,37.39285],[-84.43501,37.39291],[-84.43573,37.3931],[-84.43628,37.39343],[-84.43663,37.39393],[-84.43646,37.39413],[-84.43598,37.39426],[-84.43586,37.39456],[-84.43652,37.39568],[-84.43642,37.39584],[-84.43567,37.39584],[-84.43544,37.39593],[-84.43516,37.3964],[-84.43522,37.39667],[-84.43556,37.39683],[-84.43632,37.39695],[-84.43714,37.39693],[-84.43855,37.39668],[-84.43919,37.39671],[-84.43979,37.39691],[-84.44013,37.39721],[-84.44034,37.39757],[-84.44027,37.39765],[-84.43971,37.39739],[-84.4392,37.39741],[-84.43891,37.39778],[-84.43825,37.39778],[-84.43806,37.398],[-84.43804,37.39818],[-84.43812,37.39849],[-84.43858,37.39894],[-84.44031,37.39966],[-84.44021,37.39981],[-84.43987,37.39993],[-84.43895,37.39997],[-84.4383,37.3998],[-84.43763,37.39937],[-84.43719,37.39923]]}},{"type":"Feature","properties":{"quad":"Wildie","gq_number":"684","source_pub":"Geologic map of the Wildie quadrangle, Garrard and Rockcastle Counties, Kentucky | James Louis Gualtieri | 1968, GQ-684","source_url":"https://pubs.usgs.gov/publication/gq684","original_line_symbol":"Mbh","polygon_pair_below_above":"Mb|Mbr","contact_style":"CONTACT","contact_comments":"Halls Gap Member, Borden Formation","meaning":"Top of Halls Gap Member (Mbh) under Renfro; the Wildie (upper-Nada equivalent) is absent or unmapped here, so the target horizon may be missing or included in an adjacent unit.","class_label":"AMBIGUOUS","confidence":"Not used"},"geometry":{"type":"LineString","coordinates":[[-84.35365,37.40389],[-84.35308,37.40326],[-84.35297,37.40276],[-84.35308,37.40252],[-84.35359,37.40205],[-84.35401,37.40198],[-84.35439,37.40205],[-84.35391,37.40131],[-84.3542,37.40043],[-84.35387,37.40019],[-84.35373,37.39972],[-84.35403,37.3989],[-84.35438,37.39861],[-84.35452,37.39861],[-84.355,37.39895],[-84.3555,37.39915],[-84.35561,37.39937],[-84.35558,37.39984],[-84.35586,37.40004],[-84.35617,37.4007],[-84.35651,37.40043],[-84.3567,37.39995],[-84.35697,37.39993],[-84.35725,37.40014],[-84.3573,37.4007],[-84.35742,37.40083],[-84.35792,37.4009],[-84.35815,37.40057],[-84.35835,37.40055],[-84.35955,37.40129],[-84.36005,37.40193],[-84.36015,37.40282],[-84.36056,37.40333],[-84.36085,37.40343],[-84.3612,37.40386],[-84.36137,37.40383],[-84.36148,37.40349],[-84.3612,37.40232],[-84.36107,37.40115],[-84.36141,37.40101],[-84.36194,37.40107],[-84.36217,37.40142],[-84.36233,37.40212],[-84.36253,37.40233],[-84.36267,37.40233],[-84.3626,37.40169],[-84.36287,37.40094],[-84.36319,37.40052],[-84.36365,37.40019],[-84.36317,37.40012],[-84.36219,37.4003],[-84.36161,37.40017],[-84.36127,37.39997],[-84.36059,37.40011],[-84.35998,37.39997],[-84.35785,37.39843],[-84.3577,37.39817],[-84.35795,37.39778],[-84.35792,37.3975],[-84.35737,37.39759],[-84.35641,37.39733],[-84.35598,37.39704],[-84.35558,37.39657],[-84.35549,37.39606],[-84.3557,37.39586],[-84.35593,37.39582],[-84.35682,37.39615],[-84.35695,37.39605],[-84.35714,37.39547],[-84.35747,37.39525],[-84.35783,37.39534],[-84.35835,37.39577],[-84.35864,37.39566],[-84.35924,37.39568],[-84.35925,37.39551],[-84.35863,37.39464],[-84.35883,37.39432],[-84.3595,37.39402],[-84.35984,37.39407],[-84.3601,37.39454],[-84.36057,37.39452],[-84.36084,37.39464],[-84.36101,37.39484],[-84.36155,37.3949],[-84.36196,37.39513],[-84.36222,37.39511],[-84.36206,37.39475],[-84.36144,37.39418],[-84.36106,37.39361],[-84.36054,37.39319],[-84.3605,37.39278],[-84.36251,37.39128],[-84.36278,37.3912],[-84.36324,37.39139],[-84.36378,37.39126],[-84.36361,37.39064],[-84.36375,37.3905],[-84.36417,37.39054],[-84.36548,37.39104],[-84.36609,37.3911],[-84.36608,37.391],[-84.36552,37.39049],[-84.36454,37.38984],[-84.36445,37.38965],[-84.36517,37.38833]]}},{"type":"Feature","properties":{"quad":"Brodhead","gq_number":"662","source_pub":"Geologic map of the Brodhead quadrangle, east-central Kentucky | James Louis Gualtieri | 1967, GQ-662","source_url":"https://pubs.usgs.gov/publication/gq662","original_line_symbol":"Mbh","polygon_pair_below_above":"Mb|Mbr","contact_style":"CONTACT","contact_comments":"Halls Gap Member, Borden Formation","meaning":"Top of Halls Gap Member (Mbh) under Renfro; the Wildie (upper-Nada equivalent) is absent or unmapped here, so the target horizon may be missing or included in an adjacent unit.","class_label":"AMBIGUOUS","confidence":"Not used"},"geometry":{"type":"MultiLineString","coordinates":[[[-84.38725,37.39026],[-84.3873,37.39076],[-84.38747,37.39099],[-84.38812,37.39142],[-84.38878,37.39171],[-84.38911,37.39214],[-84.39058,37.39301],[-84.39246,37.39338],[-84.39308,37.3933],[-84.39394,37.39302],[-84.3941,37.39268],[-84.39408,37.3924],[-84.39377,37.39175],[-84.39389,37.39131],[-84.39382,37.39102],[-84.3937,37.39081],[-84.39338,37.39059],[-84.3937,37.39001],[-84.39364,37.38893],[-84.39381,37.38865]],[[-84.3869,37.39043],[-84.38711,37.39021]],[[-84.38443,37.39002],[-84.38648,37.3905],[-84.38679,37.39049]]]}},{"type":"Feature","properties":{"quad":"Crab Orchard","gq_number":"571","source_pub":"Geologic map of the Crab Orchard quadrangle, Lincoln County, Kentucky | James Louis Gualtieri | 1967, GQ-571","source_url":"https://pubs.usgs.gov/publication/gq571","original_line_symbol":"Mbh","polygon_pair_below_above":"Mb|Mbr","contact_style":"CONTACT","contact_comments":"Halls Gap Member, Borden Formation","meaning":"Top of Halls Gap Member (Mbh) under Renfro; the Wildie (upper-Nada equivalent) is absent or unmapped here, so the target horizon may be missing or included in an adjacent unit.","class_label":"AMBIGUOUS","confidence":"Not used"},"geometry":{"type":"MultiLineString","coordinates":[[[-84.54104,37.38922],[-84.54103,37.38916],[-84.54065,37.3892],[-84.54057,37.38909],[-84.54089,37.38807],[-84.54059,37.38752]],[[-84.54068,37.39098],[-84.54054,37.39071],[-84.54008,37.39077],[-84.53998,37.39056],[-84.54035,37.38991],[-84.54098,37.38929]],[[-84.54045,37.38766],[-84.54048,37.38805],[-84.54029,37.38843],[-84.53961,37.38949],[-84.53945,37.39001],[-84.53931,37.39023],[-84.53912,37.3903],[-84.53863,37.38975],[-84.53789,37.38818],[-84.53674,37.38697],[-84.53645,37.38685],[-84.53631,37.3869],[-84.53735,37.38843],[-84.53799,37.38996],[-84.53852,37.39079],[-84.53862,37.39117],[-84.53849,37.39154],[-84.53819,37.39165],[-84.5373,37.39156],[-84.53725,37.39162],[-84.53759,37.39199],[-84.53817,37.39222],[-84.5384,37.39244],[-84.53882,37.39379],[-84.53892,37.39434],[-84.53883,37.39449],[-84.53824,37.39453],[-84.53703,37.39435],[-84.53657,37.39413],[-84.53635,37.39383],[-84.53543,37.39425],[-84.53442,37.39411],[-84.53415,37.39397],[-84.53399,37.39362],[-84.53422,37.39289],[-84.53464,37.39245],[-84.53483,37.39205],[-84.53536,37.39154],[-84.5354,37.39125],[-84.53526,37.39105],[-84.53515,37.3911],[-84.53497,37.39159],[-84.53458,37.39194],[-84.53424,37.392],[-84.53407,37.39256],[-84.53353,37.39286],[-84.5328,37.39364],[-84.53251,37.39371],[-84.53222,37.39368],[-84.53129,37.39321],[-84.52913,37.39259],[-84.52904,37.39236],[-84.5297,37.3915]],[[-84.52971,37.39131],[-84.52862,37.39189],[-84.52829,37.39196],[-84.52778,37.39183],[-84.52755,37.39145],[-84.52753,37.39111]],[[-84.52743,37.39116],[-84.52699,37.39156],[-84.52657,37.39178],[-84.52627,37.39174],[-84.52613,37.39155]]]}},{"type":"Feature","properties":{"quad":"Brodhead","gq_number":"662","source_pub":"Geologic map of the Brodhead quadrangle, east-central Kentucky | James Louis Gualtieri | 1967, GQ-662","source_url":"https://pubs.usgs.gov/publication/gq662","original_line_symbol":"Mbh","polygon_pair_below_above":"Mb|Mbr","contact_style":"CONTACT","contact_comments":"Halls Gap Member, Borden Formation","meaning":"Top of Halls Gap Member (Mbh) under Renfro; the Wildie (upper-Nada equivalent) is absent or unmapped here, so the target horizon may be missing or included in an adjacent unit.","class_label":"AMBIGUOUS","confidence":"Not used"},"geometry":{"type":"MultiLineString","coordinates":[[[-84.49618,37.40193],[-84.49627,37.40161],[-84.49615,37.40116],[-84.4958,37.40068],[-84.49536,37.40039],[-84.49511,37.40031],[-84.49492,37.40039],[-84.49404,37.40101],[-84.49333,37.40138],[-84.49327,37.40128],[-84.49361,37.40064]],[[-84.49351,37.40063],[-84.49264,37.40067],[-84.49256,37.40061],[-84.49362,37.40002],[-84.4945,37.3997],[-84.49469,37.39955],[-84.49473,37.39932],[-84.49358,37.3966],[-84.49286,37.39797]],[[-84.4928,37.39802],[-84.49274,37.39803]],[[-84.49272,37.39799],[-84.49269,37.39719],[-84.4926,37.39684],[-84.49241,37.3967],[-84.49187,37.39686],[-84.49028,37.39788],[-84.48993,37.39783],[-84.49051,37.39695],[-84.49106,37.39646],[-84.49298,37.39519],[-84.49332,37.39478],[-84.49336,37.39459],[-84.49316,37.39425],[-84.49277,37.39416],[-84.49162,37.3945]],[[-84.49148,37.39454],[-84.49144,37.39452]],[[-84.49145,37.39445],[-84.49172,37.39401],[-84.49267,37.39345],[-84.49284,37.39325],[-84.49284,37.39302],[-84.49254,37.3927],[-84.49206,37.39265],[-84.49093,37.39322],[-84.49023,37.39392]],[[-84.49017,37.39397],[-84.49009,37.39397]],[[-84.49009,37.39389],[-84.4901,37.39348],[-84.49033,37.39296],[-84.49073,37.39251],[-84.49181,37.39185],[-84.49209,37.39136],[-84.49194,37.39095],[-84.49153,37.39048],[-84.49077,37.39067],[-84.48994,37.39125],[-84.48978,37.39125],[-84.48969,37.39084],[-84.48979,37.3901],[-84.49093,37.3895],[-84.4911,37.3892],[-84.4908,37.38885],[-84.49018,37.38883],[-84.49045,37.38778],[-84.49016,37.38768],[-84.4897,37.38782],[-84.48929,37.38697],[-84.48917,37.38694],[-84.48896,37.38709],[-84.48858,37.38777],[-84.48838,37.38785],[-84.4882,37.38754],[-84.4881,37.38696],[-84.48793,37.3869],[-84.48738,37.38707],[-84.48715,37.38636],[-84.48703,37.38622],[-84.48688,37.38621],[-84.48651,37.38663],[-84.48634,37.38709],[-84.48619,37.38803],[-84.48633,37.38841],[-84.48669,37.38903],[-84.48791,37.39039],[-84.48831,37.39147],[-84.48804,37.39265],[-84.48831,37.39354],[-84.48816,37.39359],[-84.48775,37.39318],[-84.48762,37.3932],[-84.48722,37.39388],[-84.48707,37.39453],[-84.48661,37.39391],[-84.48687,37.3931],[-84.48704,37.39158],[-84.48688,37.39152],[-84.48678,37.39157],[-84.48545,37.39253],[-84.48526,37.39262],[-84.48513,37.39257],[-84.48567,37.3919],[-84.48585,37.39146],[-84.48654,37.39089],[-84.48657,37.39071],[-84.48648,37.39059],[-84.48625,37.39058],[-84.4857,37.3908]]]}},{"type":"Feature","properties":{"quad":"Brodhead","gq_number":"662","source_pub":"Geologic map of the Brodhead quadrangle, east-central Kentucky | James Louis Gualtieri | 1967, GQ-662","source_url":"https://pubs.usgs.gov/publication/gq662","original_line_symbol":"Mbh","polygon_pair_below_above":"Mb|Mbr","contact_style":"CONTACT","contact_comments":"Halls Gap Member, Borden Formation","meaning":"Top of Halls Gap Member (Mbh) under Renfro; the Wildie (upper-Nada equivalent) is absent or unmapped here, so the target horizon may be missing or included in an adjacent unit.","class_label":"AMBIGUOUS","confidence":"Not used"},"geometry":{"type":"MultiLineString","coordinates":[[[-84.49888,37.38668],[-84.49878,37.3864],[-84.4984,37.38602],[-84.49768,37.38581],[-84.49699,37.38577],[-84.49682,37.38586],[-84.49682,37.38632],[-84.49783,37.38811],[-84.49801,37.38866],[-84.49796,37.38919],[-84.49776,37.38932],[-84.49764,37.38924],[-84.4974,37.38848],[-84.49696,37.38796],[-84.4965,37.38777],[-84.49583,37.38633],[-84.49552,37.38603],[-84.49516,37.38599],[-84.49473,37.38628],[-84.49465,37.38663],[-84.49478,37.38703],[-84.49473,37.38716],[-84.49457,37.38717],[-84.49406,37.38676],[-84.4935,37.3867],[-84.49329,37.38676],[-84.49309,37.38698],[-84.49302,37.38754],[-84.49362,37.38806],[-84.4949,37.38828],[-84.4956,37.38867],[-84.49578,37.38894],[-84.49559,37.38914],[-84.49415,37.38899],[-84.49384,37.38923],[-84.49385,37.38979],[-84.49418,37.39027],[-84.49544,37.39102],[-84.49531,37.39118],[-84.49468,37.39136],[-84.49469,37.39179],[-84.49485,37.39211],[-84.49562,37.39229],[-84.49854,37.39248],[-84.49953,37.39245],[-84.49994,37.39258]],[[-84.49994,37.38654],[-84.49934,37.38653],[-84.4989,37.38674]]]}},{"type":"Feature","properties":{"quad":"Wildie","gq_number":"684","source_pub":"Geologic map of the Wildie quadrangle, Garrard and Rockcastle Counties, Kentucky | James Louis Gualtieri | 1968, GQ-684","source_url":"https://pubs.usgs.gov/publication/gq684","original_line_symbol":"Mbh","polygon_pair_below_above":"Mb|Mbr","contact_style":"CONTACT","contact_comments":"Halls Gap Member, Borden Formation","meaning":"Top of Halls Gap Member (Mbh) under Renfro; the Wildie (upper-Nada equivalent) is absent or unmapped here, so the target horizon may be missing or included in an adjacent unit.","class_label":"AMBIGUOUS","confidence":"Not used"},"geometry":{"type":"MultiLineString","coordinates":[[[-84.34545,37.41017],[-84.34542,37.40945],[-84.34523,37.40933],[-84.34468,37.40929],[-84.34465,37.40923],[-84.34497,37.409],[-84.34586,37.40866],[-84.34625,37.40826],[-84.34649,37.40777],[-84.34685,37.4055],[-84.3474,37.40367],[-84.34745,37.40313],[-84.34736,37.40294],[-84.34713,37.40279],[-84.34667,37.40273],[-84.34629,37.40277],[-84.3458,37.403],[-84.34532,37.40355],[-84.3452,37.40406],[-84.34475,37.40415],[-84.34432,37.40444],[-84.3442,37.40471],[-84.34426,37.40511],[-84.34379,37.4052],[-84.34342,37.40541],[-84.34305,37.40577],[-84.34251,37.40593]],[[-84.34242,37.40585],[-84.34301,37.40515],[-84.34397,37.40369],[-84.34417,37.40278],[-84.34384,37.40242],[-84.34341,37.40223],[-84.34288,37.40211],[-84.3424,37.40214],[-84.342,37.4018],[-84.34157,37.4016],[-84.34158,37.40153],[-84.34224,37.40136],[-84.3432,37.40134],[-84.34383,37.40107],[-84.34455,37.40155],[-84.34495,37.40163],[-84.34557,37.40161],[-84.34732,37.40096],[-84.3488,37.40019],[-84.34926,37.39959],[-84.34947,37.39876],[-84.34974,37.39581],[-84.34957,37.3953],[-84.34929,37.39494],[-84.34874,37.39482],[-84.34837,37.39517],[-84.34826,37.3958],[-84.34809,37.39604],[-84.34765,37.3963],[-84.34718,37.39684],[-84.34663,37.39712],[-84.3461,37.39762],[-84.34576,37.39776],[-84.34573,37.39749],[-84.34657,37.39624],[-84.34705,37.39507],[-84.34722,37.39412],[-84.34693,37.39358],[-84.34664,37.39336],[-84.346,37.39356],[-84.34565,37.39308],[-84.34517,37.39288],[-84.34484,37.3926],[-84.34469,37.39262],[-84.34461,37.39287],[-84.34446,37.39293],[-84.34416,37.39268],[-84.34369,37.39258],[-84.34353,37.39244],[-84.34348,37.39202],[-84.34338,37.39195],[-84.34295,37.392],[-84.34225,37.39223],[-84.34165,37.39216],[-84.34162,37.39197],[-84.34181,37.3916],[-84.34275,37.39086],[-84.34298,37.39057],[-84.34293,37.39013],[-84.3426,37.38962],[-84.34196,37.38909],[-84.3412,37.38884],[-84.33922,37.38716],[-84.33769,37.38612],[-84.33716,37.38588],[-84.33612,37.38576],[-84.33539,37.38588],[-84.33526,37.38602],[-84.33533,37.3863],[-84.33594,37.38665],[-84.33589,37.38682],[-84.33515,37.38676],[-84.33456,37.38683],[-84.33419,37.38703],[-84.33405,37.38727],[-84.33417,37.38756],[-84.33441,37.38776],[-84.33593,37.38827],[-84.3356,37.38864],[-84.33586,37.38914],[-84.33545,37.38908],[-84.33484,37.38876],[-84.33388,37.38855],[-84.33343,37.38871],[-84.33326,37.38907],[-84.33343,37.39013],[-84.33374,37.39069],[-84.33446,37.39146],[-84.33446,37.39193],[-84.33471,37.39246],[-84.33482,37.39256],[-84.33518,37.39256],[-84.33516,37.39288],[-84.33527,37.39301],[-84.33569,37.39331],[-84.33677,37.39375],[-84.33718,37.39409],[-84.33669,37.39451],[-84.33589,37.39398],[-84.33559,37.39394],[-84.33534,37.39405],[-84.33526,37.39427],[-84.33531,37.39496],[-84.33512,37.39589]],[[-84.34238,37.40598],[-84.34235,37.40595]],[[-84.33509,37.39611],[-84.33541,37.39709],[-84.33575,37.39735],[-84.33617,37.39745],[-84.3356,37.39772],[-84.33537,37.39799]]]}},{"type":"Feature","properties":{"quad":"Crab Orchard","gq_number":"571","source_pub":"Geologic map of the Crab Orchard quadrangle, Lincoln County, Kentucky | James Louis Gualtieri | 1967, GQ-571","source_url":"https://pubs.usgs.gov/publication/gq571","original_line_symbol":"Mbh","polygon_pair_below_above":"Mb|Mbr","contact_style":"CONTACT","contact_comments":"Halls Gap Member, Borden Formation","meaning":"Top of Halls Gap Member (Mbh) under Renfro; the Wildie (upper-Nada equivalent) is absent or unmapped here, so the target horizon may be missing or included in an adjacent unit.","class_label":"AMBIGUOUS","confidence":"Not used"},"geometry":{"type":"MultiLineString","coordinates":[[[-84.50343,37.38816],[-84.50365,37.38767],[-84.50389,37.38748],[-84.50424,37.38742],[-84.50552,37.38748],[-84.50586,37.3876],[-84.50594,37.38784],[-84.50573,37.38843],[-84.50579,37.38863],[-84.50596,37.3885],[-84.50602,37.3882],[-84.50624,37.38793],[-84.50656,37.3879],[-84.50681,37.38806],[-84.50734,37.38944],[-84.50717,37.39018],[-84.50664,37.39079],[-84.50655,37.39141],[-84.50675,37.39128],[-84.50743,37.39024],[-84.50778,37.39008],[-84.50831,37.39024],[-84.50936,37.3909],[-84.50952,37.3911],[-84.50946,37.39138],[-84.50986,37.3918],[-84.50986,37.39137],[-84.51002,37.3911]],[[-84.50994,37.39098],[-84.50797,37.38966],[-84.5079,37.38952],[-84.50802,37.38918],[-84.50781,37.38872],[-84.5079,37.3886],[-84.5081,37.38857],[-84.50858,37.38871],[-84.50893,37.38867],[-84.50916,37.38848],[-84.50974,37.38837],[-84.50939,37.38823],[-84.50891,37.38839],[-84.50855,37.38839],[-84.50754,37.38786],[-84.50714,37.38698],[-84.50693,37.38683],[-84.50647,37.38669],[-84.50626,37.38632],[-84.50677,37.3854],[-84.5065,37.3854],[-84.50624,37.38553],[-84.50548,37.38649],[-84.50487,37.38657],[-84.50249,37.3861],[-84.50247,37.38592],[-84.50266,37.38566],[-84.50234,37.38549],[-84.50154,37.38551],[-84.49994,37.38507]],[[-84.49994,37.38654],[-84.50038,37.38665],[-84.50058,37.38684],[-84.50075,37.3892],[-84.50096,37.38968],[-84.50122,37.38981],[-84.50134,37.38981],[-84.50139,37.38971],[-84.50121,37.38913],[-84.50122,37.38841],[-84.50142,37.3876],[-84.50166,37.38721],[-84.50187,37.38717],[-84.50294,37.38744],[-84.50324,37.38812]]]}},{"type":"Feature","properties":{"quad":"Brodhead","gq_number":"662","source_pub":"Geologic map of the Brodhead quadrangle, east-central Kentucky | James Louis Gualtieri | 1967, GQ-662","source_url":"https://pubs.usgs.gov/publication/gq662","original_line_symbol":"Mbh","polygon_pair_below_above":"Mb|Mbr","contact_style":"CONTACT","contact_comments":"Halls Gap Member, Borden Formation","meaning":"Top of Halls Gap Member (Mbh) under Renfro; the Wildie (upper-Nada equivalent) is absent or unmapped here, so the target horizon may be missing or included in an adjacent unit.","class_label":"AMBIGUOUS","confidence":"Not used"},"geometry":{"type":"MultiLineString","coordinates":[[[-84.39535,37.38717],[-84.39488,37.38762],[-84.39488,37.38819],[-84.39503,37.38864],[-84.39516,37.38874],[-84.39491,37.38896],[-84.39488,37.38923],[-84.3952,37.3908],[-84.39537,37.39102],[-84.39597,37.39113],[-84.39574,37.39174],[-84.39572,37.39216],[-84.3958,37.39238],[-84.39616,37.39271],[-84.3972,37.39322],[-84.3974,37.393],[-84.39746,37.39234],[-84.39769,37.39221],[-84.39805,37.39256],[-84.39807,37.39283],[-84.39822,37.39308],[-84.39845,37.39309],[-84.40006,37.39234],[-84.40059,37.39151],[-84.40065,37.39121],[-84.40117,37.39111],[-84.40098,37.39211],[-84.40119,37.3925],[-84.40145,37.39269],[-84.40156,37.39307],[-84.40098,37.39299],[-84.40065,37.39311],[-84.39947,37.39401],[-84.39935,37.39425],[-84.39949,37.39453],[-84.40115,37.39543],[-84.40225,37.39632],[-84.40259,37.39626],[-84.40326,37.39581],[-84.40402,37.39575],[-84.4045,37.39523],[-84.40501,37.39552],[-84.40467,37.39627],[-84.40385,37.39712],[-84.40362,37.3975],[-84.40352,37.39775],[-84.40366,37.39792],[-84.40398,37.39785],[-84.40448,37.39753],[-84.40646,37.39594]],[[-84.39549,37.38703],[-84.39553,37.38708]],[[-84.39407,37.38508],[-84.39437,37.38547],[-84.39418,37.38599],[-84.39444,37.3866],[-84.39475,37.38688],[-84.39532,37.38705]]]}},{"type":"Feature","properties":{"quad":"Crab Orchard","gq_number":"571","source_pub":"Geologic map of the Crab Orchard quadrangle, Lincoln County, Kentucky | James Louis Gualtieri | 1967, GQ-571","source_url":"https://pubs.usgs.gov/publication/gq571","original_line_symbol":"Mbh","polygon_pair_below_above":"Mb|Mbr","contact_style":"CONTACT","contact_comments":"Halls Gap Member, Borden Formation","meaning":"Top of Halls Gap Member (Mbh) under Renfro; the Wildie (upper-Nada equivalent) is absent or unmapped here, so the target horizon may be missing or included in an adjacent unit.","class_label":"AMBIGUOUS","confidence":"Not used"},"geometry":{"type":"MultiLineString","coordinates":[[[-84.54458,37.38486],[-84.54536,37.38477],[-84.54642,37.38506],[-84.54705,37.3854],[-84.54723,37.38583],[-84.54777,37.38591],[-84.54818,37.3861],[-84.54835,37.38634],[-84.54832,37.38646],[-84.54772,37.3872],[-84.54867,37.38716],[-84.54882,37.38728],[-84.54908,37.38728],[-84.55063,37.3887],[-84.55064,37.38883],[-84.55047,37.38891],[-84.54893,37.3881],[-84.54852,37.38797],[-84.54777,37.38798],[-84.54751,37.38815],[-84.54756,37.38834],[-84.54793,37.38863],[-84.54799,37.38896],[-84.54724,37.38945],[-84.54718,37.38958],[-84.5474,37.38969],[-84.54873,37.38978],[-84.54958,37.3902],[-84.54979,37.3905],[-84.54978,37.39076],[-84.54958,37.39114],[-84.54934,37.39135],[-84.54853,37.39152],[-84.54835,37.39184],[-84.5482,37.39192],[-84.54794,37.39188],[-84.54767,37.39168],[-84.54773,37.39118],[-84.54758,37.39077],[-84.54678,37.39071],[-84.54634,37.39047],[-84.54612,37.39026],[-84.54566,37.3895],[-84.54525,37.38982],[-84.54504,37.38972],[-84.54494,37.38936],[-84.54494,37.38808],[-84.54509,37.38725],[-84.54436,37.38729],[-84.54423,37.38851],[-84.54378,37.38986],[-84.54356,37.38993],[-84.54315,37.3899],[-84.5426,37.38964]],[[-84.54261,37.38972],[-84.54291,37.39026],[-84.54333,37.39063],[-84.54442,37.39079],[-84.54519,37.3913],[-84.5452,37.3915],[-84.54383,37.3917],[-84.54528,37.39223],[-84.54561,37.39244],[-84.54563,37.39259],[-84.54473,37.39286],[-84.54386,37.39299],[-84.54282,37.39332],[-84.54269,37.39321],[-84.5424,37.3924],[-84.54199,37.39205],[-84.54182,37.39301],[-84.54148,37.39324],[-84.54142,37.39376],[-84.54123,37.39393],[-84.54086,37.39397],[-84.54062,37.39382],[-84.54024,37.39322],[-84.53997,37.39201],[-84.54006,37.39154],[-84.54033,37.39131],[-84.54073,37.39117],[-84.54068,37.39098]]]}},{"type":"Feature","properties":{"quad":"Brodhead","gq_number":"662","source_pub":"Geologic map of the Brodhead quadrangle, east-central Kentucky | James Louis Gualtieri | 1967, GQ-662","source_url":"https://pubs.usgs.gov/publication/gq662","original_line_symbol":"Mbh","polygon_pair_below_above":"Mb|Mbr","contact_style":"CONTACT","contact_comments":"Halls Gap Member, Borden Formation","meaning":"Top of Halls Gap Member (Mbh) under Renfro; the Wildie (upper-Nada equivalent) is absent or unmapped here, so the target horizon may be missing or included in an adjacent unit.","class_label":"AMBIGUOUS","confidence":"Not used"},"geometry":{"type":"LineString","coordinates":[[-84.49994,37.38382],[-84.49901,37.38418],[-84.49881,37.38447],[-84.49887,37.38462],[-84.49923,37.38488],[-84.49994,37.38507]]}},{"type":"Feature","properties":{"quad":"Crab Orchard","gq_number":"571","source_pub":"Geologic map of the Crab Orchard quadrangle, Lincoln County, Kentucky | James Louis Gualtieri | 1967, GQ-571","source_url":"https://pubs.usgs.gov/publication/gq571","original_line_symbol":"Mbh","polygon_pair_below_above":"Mb|Mbr","contact_style":"CONTACT","contact_comments":"Halls Gap Member, Borden Formation","meaning":"Top of Halls Gap Member (Mbh) under Renfro; the Wildie (upper-Nada equivalent) is absent or unmapped here, so the target horizon may be missing or included in an adjacent unit.","class_label":"AMBIGUOUS","confidence":"Not used"},"geometry":{"type":"MultiLineString","coordinates":[[[-84.6232,37.39729],[-84.62339,37.39751],[-84.62361,37.39756],[-84.62479,37.39711]],[[-84.61743,37.3948],[-84.61705,37.39524],[-84.61648,37.39544],[-84.61635,37.39576],[-84.61678,37.396],[-84.61811,37.39614],[-84.61823,37.39623],[-84.61749,37.39649],[-84.61608,37.3964],[-84.61587,37.39647],[-84.61552,37.39675],[-84.61544,37.39716],[-84.61487,37.39732],[-84.61425,37.39796],[-84.61407,37.39858],[-84.61439,37.39894],[-84.61525,37.39934],[-84.61574,37.39978],[-84.61626,37.39987],[-84.61696,37.39973],[-84.61731,37.39951],[-84.61763,37.39872],[-84.61815,37.39907],[-84.61861,37.399],[-84.61929,37.3987],[-84.6196,37.39755],[-84.61974,37.39732],[-84.61987,37.39734],[-84.61995,37.39765],[-84.62038,37.39801],[-84.62035,37.39823],[-84.61957,37.3992],[-84.61832,37.40001],[-84.61798,37.40034],[-84.61748,37.40111],[-84.61752,37.40135],[-84.61786,37.40181],[-84.61891,37.40244],[-84.61947,37.40262],[-84.62017,37.40244],[-84.62032,37.40224],[-84.62029,37.40204],[-84.61982,37.40145],[-84.61988,37.4012],[-84.62011,37.40111],[-84.62057,37.40128],[-84.6208,37.40126],[-84.62158,37.40037],[-84.62243,37.39962],[-84.62312,37.3981],[-84.62297,37.39729]],[[-84.62088,37.39078],[-84.6207,37.39039],[-84.6202,37.39019],[-84.62046,37.38978],[-84.62045,37.38965],[-84.62026,37.3895],[-84.61912,37.38963],[-84.61852,37.38956]],[[-84.61861,37.38951],[-84.61936,37.38926],[-84.62044,37.38905],[-84.62191,37.38771],[-84.62202,37.38738],[-84.62181,37.38716],[-84.6209,37.38688],[-84.62052,37.38657],[-84.62029,37.38661],[-84.6197,37.38695],[-84.61942,37.38699],[-84.6194,37.38684],[-84.61969,37.38621],[-84.61956,37.38594],[-84.61805,37.38498],[-84.6176,37.38484],[-84.61748,37.38494],[-84.61752,37.38605],[-84.61732,37.38706],[-84.6172,37.38731],[-84.61708,37.38734],[-84.61684,37.38599],[-84.61669,37.38569],[-84.61638,37.38556],[-84.61639,37.38411],[-84.61622,37.38383],[-84.61607,37.38374],[-84.61579,37.38374],[-84.61559,37.38391],[-84.61521,37.38479],[-84.61526,37.38541],[-84.61519,37.38588],[-84.61476,37.38622],[-84.61455,37.38673],[-84.61443,37.38778],[-84.61458,37.38814],[-84.61484,37.38841],[-84.61584,37.38885],[-84.6159,37.38902],[-84.61518,37.38942],[-84.61422,37.38911],[-84.61373,37.38928],[-84.61388,37.38979],[-84.61313,37.39011],[-84.6127,37.39044],[-84.61221,37.39097],[-84.61207,37.39143],[-84.61219,37.39157],[-84.6126,37.39173],[-84.6136,37.3918],[-84.6138,37.39191],[-84.61342,37.39222],[-84.61293,37.39243],[-84.61152,37.3926],[-84.6114,37.3927],[-84.61141,37.39288],[-84.61176,37.39329],[-84.61231,37.39357],[-84.61325,37.39357],[-84.61386,37.39339],[-84.61374,37.39385],[-84.61386,37.39424],[-84.61374,37.39429],[-84.61339,37.39421],[-84.61245,37.39434],[-84.61217,37.39451],[-84.61204,37.39479],[-84.61156,37.39457],[-84.61114,37.39421],[-84.6107,37.39408],[-84.61055,37.39417],[-84.61055,37.39457],[-84.61076,37.39503],[-84.6116,37.39588],[-84.6124,37.397],[-84.61256,37.39707],[-84.61362,37.39659],[-84.6151,37.3957],[-84.61581,37.3951],[-84.61611,37.39467],[-84.61646,37.39485],[-84.61687,37.39486],[-84.61753,37.39458]]]}},{"type":"Feature","properties":{"quad":"Wildie","gq_number":"684","source_pub":"Geologic map of the Wildie quadrangle, Garrard and Rockcastle Counties, Kentucky | James Louis Gualtieri | 1968, GQ-684","source_url":"https://pubs.usgs.gov/publication/gq684","original_line_symbol":"Mbh","polygon_pair_below_above":"Mb|Mbr","contact_style":"CONTACT","contact_comments":"Halls Gap Member, Borden Formation","meaning":"Top of Halls Gap Member (Mbh) under Renfro; the Wildie (upper-Nada equivalent) is absent or unmapped here, so the target horizon may be missing or included in an adjacent unit.","class_label":"AMBIGUOUS","confidence":"Not used"},"geometry":{"type":"MultiLineString","coordinates":[[[-84.33214,37.39153],[-84.33164,37.391],[-84.33084,37.39063],[-84.33024,37.39056],[-84.32971,37.3908],[-84.32944,37.39127],[-84.3293,37.39239],[-84.32894,37.39265],[-84.3287,37.39309],[-84.32849,37.39467]],[[-84.3285,37.39486],[-84.32838,37.39498]],[[-84.32836,37.39502],[-84.32829,37.39526],[-84.32808,37.39528]],[[-84.32783,37.39549],[-84.32757,37.39588],[-84.32718,37.39594],[-84.32749,37.39521],[-84.32761,37.39422],[-84.32749,37.39326],[-84.32721,37.39278],[-84.32765,37.39212],[-84.3281,37.39059],[-84.32783,37.38947],[-84.32764,37.38922],[-84.32725,37.38901],[-84.32746,37.38881],[-84.3275,37.38857],[-84.32737,37.38735],[-84.32703,37.3866],[-84.32649,37.38608],[-84.32538,37.38556],[-84.32502,37.385],[-84.32435,37.38453],[-84.32367,37.3843],[-84.32189,37.3839],[-84.32154,37.38365],[-84.3202,37.38342],[-84.31995,37.38368],[-84.32005,37.38438],[-84.32091,37.38618]],[[-84.32076,37.38615],[-84.31955,37.38557],[-84.31928,37.38522],[-84.31875,37.38391],[-84.31839,37.38359],[-84.31711,37.38332],[-84.31676,37.38339],[-84.31667,37.38355]]]}},{"type":"Feature","properties":{"quad":"Brodhead","gq_number":"662","source_pub":"Geologic map of the Brodhead quadrangle, east-central Kentucky | James Louis Gualtieri | 1967, GQ-662","source_url":"https://pubs.usgs.gov/publication/gq662","original_line_symbol":"Mbh","polygon_pair_below_above":"Mb|Mbr","contact_style":"CONTACT","contact_comments":"Halls Gap Member, Borden Formation","meaning":"Top of Halls Gap Member (Mbh) under Renfro; the Wildie (upper-Nada equivalent) is absent or unmapped here, so the target horizon may be missing or included in an adjacent unit.","class_label":"AMBIGUOUS","confidence":"Not used"},"geometry":{"type":"MultiLineString","coordinates":[[[-84.47459,37.39031],[-84.47458,37.39037]],[[-84.47398,37.38907],[-84.4739,37.38918],[-84.4727,37.38962],[-84.47257,37.38975],[-84.47258,37.38991],[-84.4728,37.3901],[-84.47323,37.39025],[-84.47455,37.39029]],[[-84.47444,37.39042],[-84.47432,37.39056],[-84.4738,37.39055],[-84.47331,37.39072],[-84.47301,37.39125],[-84.4724,37.39073],[-84.47195,37.39054],[-84.47156,37.39061],[-84.47089,37.39115],[-84.47082,37.39089],[-84.4711,37.38995],[-84.4703,37.38952],[-84.46986,37.38945],[-84.46947,37.38971],[-84.46899,37.39062],[-84.46885,37.39071],[-84.46864,37.39038],[-84.46855,37.38951],[-84.46897,37.38888],[-84.46911,37.38844],[-84.4688,37.38799],[-84.46843,37.38772],[-84.46819,37.38776],[-84.46768,37.38859],[-84.46745,37.3887],[-84.46683,37.38833],[-84.46592,37.38821],[-84.46591,37.38808],[-84.46639,37.38791],[-84.46703,37.38746],[-84.46725,37.38686],[-84.46703,37.38653],[-84.46549,37.38566],[-84.46536,37.38571],[-84.46532,37.38591],[-84.46557,37.3867],[-84.46466,37.38666],[-84.46445,37.38698],[-84.46448,37.38764],[-84.46419,37.38756],[-84.46343,37.38661],[-84.46342,37.38634],[-84.4638,37.38537],[-84.46381,37.38526],[-84.4637,37.38522],[-84.46276,37.38554],[-84.46229,37.38586],[-84.46218,37.38605],[-84.4622,37.38633],[-84.46252,37.38695],[-84.46237,37.3872],[-84.46189,37.38737],[-84.46181,37.38753],[-84.4626,37.38854],[-84.4627,37.38882],[-84.46254,37.38887],[-84.46089,37.38841],[-84.46081,37.38865],[-84.46124,37.38934],[-84.46156,37.38965],[-84.4618,37.38974],[-84.46236,37.38976],[-84.46333,37.3895],[-84.46481,37.38935],[-84.4657,37.38953],[-84.46632,37.38997],[-84.4668,37.39066],[-84.46681,37.39098],[-84.46619,37.39062],[-84.46502,37.3903],[-84.46458,37.39031],[-84.46426,37.39041],[-84.46394,37.39072],[-84.46416,37.39131],[-84.46517,37.39257],[-84.46534,37.39296]],[[-84.47103,37.38463],[-84.47089,37.38426],[-84.47057,37.38422],[-84.47023,37.3845],[-84.46989,37.38498],[-84.46977,37.38495],[-84.46946,37.38429],[-84.46976,37.38338],[-84.46971,37.38324],[-84.46955,37.38318],[-84.46921,37.38316],[-84.46758,37.38345],[-84.46689,37.38379],[-84.467,37.38398],[-84.46789,37.38435],[-84.4684,37.38526],[-84.46997,37.38688],[-84.47032,37.38698],[-84.4711,37.38692],[-84.47116,37.38749],[-84.47091,37.38785],[-84.47145,37.38824],[-84.47106,37.38854],[-84.47118,37.38876],[-84.47219,37.38914],[-84.47385,37.38905]],[[-84.46524,37.39292],[-84.46484,37.39281],[-84.46461,37.39289],[-84.4644,37.39355],[-84.46424,37.39358],[-84.46338,37.39219],[-84.46279,37.39156],[-84.46207,37.3912],[-84.46138,37.39124],[-84.46111,37.39161],[-84.46115,37.39196],[-84.46157,37.39241],[-84.46161,37.39283],[-84.46181,37.39326],[-84.46265,37.39405],[-84.4626,37.39446],[-84.46113,37.39383],[-84.46044,37.393],[-84.46016,37.39298],[-84.45974,37.39314],[-84.4595,37.39309],[-84.45944,37.39285],[-84.45965,37.3923],[-84.45963,37.39208],[-84.45942,37.39196],[-84.45885,37.39208],[-84.45873,37.3919],[-84.45888,37.39134],[-84.45916,37.39093],[-84.4589,37.39085],[-84.4582,37.39088],[-84.45807,37.39084],[-84.45795,37.39065]]]}},{"type":"Feature","properties":{"quad":"Brodhead","gq_number":"662","source_pub":"Geologic map of the Brodhead quadrangle, east-central Kentucky | James Louis Gualtieri | 1967, GQ-662","source_url":"https://pubs.usgs.gov/publication/gq662","original_line_symbol":"Mbh","polygon_pair_below_above":"Mb|Mbr","contact_style":"CONTACT","contact_comments":"Halls Gap Member, Borden Formation","meaning":"Top of Halls Gap Member (Mbh) under Renfro; the Wildie (upper-Nada equivalent) is absent or unmapped here, so the target horizon may be missing or included in an adjacent unit.","class_label":"AMBIGUOUS","confidence":"Not used"},"geometry":{"type":"LineString","coordinates":[[-84.48237,37.38834],[-84.48319,37.38865],[-84.48373,37.38847],[-84.48446,37.38775],[-84.48477,37.38724],[-84.48452,37.38691],[-84.48339,37.38682],[-84.48295,37.3866],[-84.48381,37.3863],[-84.4839,37.38609],[-84.48368,37.38573],[-84.48372,37.38563],[-84.4847,37.38576],[-84.48488,37.38559],[-84.48481,37.38461],[-84.48444,37.38436],[-84.48356,37.38432]]}},{"type":"Feature","properties":{"quad":"Brodhead","gq_number":"662","source_pub":"Geologic map of the Brodhead quadrangle, east-central Kentucky | James Louis Gualtieri | 1967, GQ-662","source_url":"https://pubs.usgs.gov/publication/gq662","original_line_symbol":"Mbh","polygon_pair_below_above":"Mb|Mbr","contact_style":"CONTACT","contact_comments":"Halls Gap Member, Borden Formation","meaning":"Top of Halls Gap Member (Mbh) under Renfro; the Wildie (upper-Nada equivalent) is absent or unmapped here, so the target horizon may be missing or included in an adjacent unit.","class_label":"AMBIGUOUS","confidence":"Not used"},"geometry":{"type":"LineString","coordinates":[[-84.48175,37.38944],[-84.48251,37.38934],[-84.4828,37.38921],[-84.4828,37.38899],[-84.4823,37.38848]]}},{"type":"Feature","properties":{"quad":"Brodhead","gq_number":"662","source_pub":"Geologic map of the Brodhead quadrangle, east-central Kentucky | James Louis Gualtieri | 1967, GQ-662","source_url":"https://pubs.usgs.gov/publication/gq662","original_line_symbol":"Mbh","polygon_pair_below_above":"Mb|Mbr","contact_style":"CONTACT","contact_comments":"Halls Gap Member, Borden Formation","meaning":"Top of Halls Gap Member (Mbh) under Renfro; the Wildie (upper-Nada equivalent) is absent or unmapped here, so the target horizon may be missing or included in an adjacent unit.","class_label":"AMBIGUOUS","confidence":"Not used"},"geometry":{"type":"LineString","coordinates":[[-84.4857,37.3908],[-84.48556,37.39082],[-84.48546,37.39073],[-84.48573,37.39007],[-84.48566,37.3896],[-84.48519,37.389],[-84.48475,37.38897],[-84.48441,37.38918],[-84.48405,37.39009],[-84.48392,37.39008],[-84.48379,37.38983],[-84.4835,37.3898],[-84.48329,37.38985],[-84.48297,37.39012],[-84.48236,37.39139],[-84.48231,37.39174],[-84.48252,37.39265],[-84.48244,37.39287],[-84.4822,37.39296],[-84.48211,37.39276],[-84.48221,37.39221],[-84.48207,37.39185],[-84.48204,37.39105],[-84.48232,37.39023],[-84.48215,37.38979],[-84.48167,37.38966]]}},{"type":"Feature","properties":{"quad":"Brodhead","gq_number":"662","source_pub":"Geologic map of the Brodhead quadrangle, east-central Kentucky | James Louis Gualtieri | 1967, GQ-662","source_url":"https://pubs.usgs.gov/publication/gq662","original_line_symbol":"Mbh","polygon_pair_below_above":"Mb|Mbr","contact_style":"CONTACT","contact_comments":"Halls Gap Member, Borden Formation","meaning":"Top of Halls Gap Member (Mbh) under Renfro; the Wildie (upper-Nada equivalent) is absent or unmapped here, so the target horizon may be missing or included in an adjacent unit.","class_label":"AMBIGUOUS","confidence":"Not used"},"geometry":{"type":"MultiLineString","coordinates":[[[-84.48356,37.38432],[-84.4829,37.38372],[-84.48219,37.38365],[-84.48195,37.38382],[-84.48161,37.38463],[-84.48143,37.38473],[-84.48122,37.38471],[-84.48055,37.38415],[-84.48053,37.38379],[-84.48081,37.38331],[-84.48071,37.38309],[-84.48004,37.38279],[-84.47931,37.38262],[-84.47912,37.38273],[-84.47907,37.38289],[-84.47965,37.38487],[-84.47946,37.38517],[-84.47915,37.38528],[-84.479,37.38522],[-84.47897,37.38472],[-84.4782,37.38422],[-84.47748,37.38283],[-84.47724,37.38257],[-84.47646,37.3825],[-84.47572,37.38266],[-84.47558,37.38283],[-84.47565,37.38314],[-84.47717,37.38443],[-84.4774,37.38477],[-84.47744,37.38498],[-84.47734,37.38505],[-84.47677,37.38493],[-84.47655,37.38504],[-84.47653,37.38516],[-84.47756,37.38663],[-84.47859,37.3873],[-84.4784,37.38794]],[[-84.4783,37.38782],[-84.47786,37.38732],[-84.47747,37.38726],[-84.47713,37.38758],[-84.47691,37.38834]],[[-84.47684,37.3883],[-84.47653,37.38766],[-84.4764,37.38675],[-84.47614,37.38642],[-84.47545,37.3859],[-84.4751,37.38585],[-84.4747,37.38625],[-84.47444,37.38691],[-84.47447,37.38767],[-84.47418,37.38769],[-84.47387,37.38754],[-84.47355,37.38689],[-84.47307,37.38633],[-84.47353,37.38607],[-84.47385,37.38527],[-84.47416,37.38481],[-84.4741,37.38423],[-84.47346,37.38335],[-84.47298,37.38314],[-84.47256,37.38325],[-84.47243,37.38362],[-84.47262,37.38431],[-84.47252,37.38438],[-84.47169,37.38445],[-84.47125,37.38488],[-84.47113,37.38485],[-84.47103,37.38463]]]}},{"type":"Feature","properties":{"quad":"Brodhead","gq_number":"662","source_pub":"Geologic map of the Brodhead quadrangle, east-central Kentucky | James Louis Gualtieri | 1967, GQ-662","source_url":"https://pubs.usgs.gov/publication/gq662","original_line_symbol":"Mbh","polygon_pair_below_above":"Mb|Mbr","contact_style":"CONTACT","contact_comments":"Halls Gap Member, Borden Formation","meaning":"Top of Halls Gap Member (Mbh) under Renfro; the Wildie (upper-Nada equivalent) is absent or unmapped here, so the target horizon may be missing or included in an adjacent unit.","class_label":"AMBIGUOUS","confidence":"Not used"},"geometry":{"type":"LineString","coordinates":[[-84.482,37.38819],[-84.48202,37.38817]]}},{"type":"Feature","properties":{"quad":"Brodhead","gq_number":"662","source_pub":"Geologic map of the Brodhead quadrangle, east-central Kentucky | James Louis Gualtieri | 1967, GQ-662","source_url":"https://pubs.usgs.gov/publication/gq662","original_line_symbol":"Mbh","polygon_pair_below_above":"Mb|Mbr","contact_style":"CONTACT","contact_comments":"Halls Gap Member, Borden Formation","meaning":"Top of Halls Gap Member (Mbh) under Renfro; the Wildie (upper-Nada equivalent) is absent or unmapped here, so the target horizon may be missing or included in an adjacent unit.","class_label":"AMBIGUOUS","confidence":"Not used"},"geometry":{"type":"MultiLineString","coordinates":[[[-84.48143,37.38945],[-84.48175,37.38944]],[[-84.48167,37.38966],[-84.48127,37.38957]],[[-84.48092,37.38956],[-84.48092,37.38951]]]}},{"type":"Feature","properties":{"quad":"Crab Orchard","gq_number":"571","source_pub":"Geologic map of the Crab Orchard quadrangle, Lincoln County, Kentucky | James Louis Gualtieri | 1967, GQ-571","source_url":"https://pubs.usgs.gov/publication/gq571","original_line_symbol":"Mbh","polygon_pair_below_above":"Mb|Mbr","contact_style":"CONTACT","contact_comments":"Halls Gap Member, Borden Formation","meaning":"Top of Halls Gap Member (Mbh) under Renfro; the Wildie (upper-Nada equivalent) is absent or unmapped here, so the target horizon may be missing or included in an adjacent unit.","class_label":"AMBIGUOUS","confidence":"Not used"},"geometry":{"type":"MultiLineString","coordinates":[[[-84.56365,37.39206],[-84.5644,37.39168],[-84.56495,37.39201],[-84.56533,37.3921],[-84.56612,37.39214],[-84.56675,37.39199]],[[-84.5666,37.39193],[-84.56582,37.39175],[-84.56542,37.39156],[-84.56505,37.39099],[-84.565,37.39063],[-84.56517,37.39044],[-84.56554,37.39033],[-84.56642,37.39039],[-84.56691,37.39034],[-84.56693,37.39025],[-84.5656,37.38973],[-84.56486,37.38964],[-84.5647,37.3895],[-84.56436,37.38901],[-84.56435,37.38877],[-84.56525,37.38808],[-84.56499,37.38799],[-84.5636,37.38805],[-84.56287,37.38748],[-84.56255,37.38709],[-84.56251,37.38684],[-84.56264,37.38673],[-84.56319,37.38667],[-84.56351,37.38653],[-84.56363,37.38619],[-84.56357,37.38606],[-84.56262,37.38567],[-84.56162,37.38553],[-84.56101,37.38401],[-84.56098,37.38366],[-84.56129,37.38364],[-84.56204,37.38439],[-84.5627,37.3848],[-84.56313,37.38488],[-84.56348,37.38472],[-84.56357,37.38442],[-84.5633,37.38384],[-84.56333,37.38354],[-84.5628,37.38267],[-84.56281,37.38252],[-84.56313,37.38209],[-84.56315,37.3815],[-84.56347,37.38127],[-84.56375,37.38123],[-84.56396,37.38133],[-84.56437,37.3822],[-84.56433,37.38297],[-84.56474,37.38324],[-84.56494,37.38372],[-84.56543,37.38424],[-84.5648,37.38501],[-84.56478,37.38577],[-84.56492,37.38601],[-84.56572,37.38548],[-84.56599,37.38546],[-84.5662,37.38555],[-84.5664,37.38605],[-84.56639,37.38666],[-84.56668,37.38758],[-84.5665,37.3879],[-84.56671,37.38797]],[[-84.55869,37.39357],[-84.55805,37.39419],[-84.55732,37.39461],[-84.55706,37.39448],[-84.55681,37.39389],[-84.55622,37.3944],[-84.55608,37.39438],[-84.55608,37.39347],[-84.55507,37.39397],[-84.55455,37.39394],[-84.55381,37.39338],[-84.55366,37.39298],[-84.55377,37.39279],[-84.55425,37.39263],[-84.55422,37.39229],[-84.55434,37.39202],[-84.5552,37.39106],[-84.55553,37.39081],[-84.55607,37.39076],[-84.55679,37.3913],[-84.55744,37.39153],[-84.5579,37.39189],[-84.55864,37.39133],[-84.55856,37.39107],[-84.55807,37.39076],[-84.55791,37.39046],[-84.5585,37.39034],[-84.55888,37.39036],[-84.55904,37.3903],[-84.55907,37.39016],[-84.55873,37.3896],[-84.55795,37.38906],[-84.55789,37.38876],[-84.55806,37.38828],[-84.55761,37.388],[-84.55757,37.38786],[-84.55787,37.38743],[-84.55841,37.38709],[-84.55876,37.38619],[-84.559,37.38604],[-84.55922,37.38607],[-84.55945,37.38654],[-84.55977,37.38684],[-84.55942,37.38791],[-84.55951,37.38804],[-84.55997,37.3881],[-84.56011,37.38823],[-84.55992,37.38899],[-84.56,37.38936],[-84.56017,37.38937],[-84.56033,37.38928],[-84.56114,37.38866],[-84.56147,37.38866],[-84.56173,37.3889],[-84.56152,37.39002],[-84.56083,37.39081],[-84.56204,37.39075],[-84.56261,37.38985],[-84.56284,37.38964],[-84.5632,37.38967],[-84.56364,37.39008],[-84.56395,37.39069],[-84.56396,37.3911],[-84.56353,37.39185],[-84.56353,37.39217]],[[-84.56178,37.39525],[-84.56164,37.39528],[-84.56083,37.39624],[-84.56031,37.39635],[-84.55984,37.39628],[-84.55824,37.39553],[-84.55817,37.39541],[-84.55825,37.39506],[-84.55863,37.39468],[-84.55935,37.39432],[-84.55962,37.39394]],[[-84.55963,37.3939],[-84.55959,37.39388]],[[-84.55951,37.39391],[-84.55929,37.39403],[-84.559,37.39407],[-84.55885,37.39391],[-84.55882,37.39362]]]}},{"type":"Feature","properties":{"quad":"Crab Orchard","gq_number":"571","source_pub":"Geologic map of the Crab Orchard quadrangle, Lincoln County, Kentucky | James Louis Gualtieri | 1967, GQ-571","source_url":"https://pubs.usgs.gov/publication/gq571","original_line_symbol":"Mbh","polygon_pair_below_above":"Mb|Mbr","contact_style":"CONTACT","contact_comments":"Halls Gap Member, Borden Formation","meaning":"Top of Halls Gap Member (Mbh) under Renfro; the Wildie (upper-Nada equivalent) is absent or unmapped here, so the target horizon may be missing or included in an adjacent unit.","class_label":"AMBIGUOUS","confidence":"Not used"},"geometry":{"type":"MultiLineString","coordinates":[[[-84.50292,37.38368],[-84.50213,37.38347],[-84.50198,37.38334],[-84.50198,37.3832],[-84.50248,37.38283],[-84.50349,37.38239],[-84.50356,37.38231],[-84.50348,37.38195],[-84.50359,37.38168],[-84.50384,37.38142],[-84.50453,37.381]],[[-84.50447,37.38098],[-84.50408,37.38091],[-84.50323,37.3815],[-84.50233,37.38248],[-84.50138,37.38274],[-84.50121,37.38242],[-84.5009,37.38277],[-84.50065,37.3829],[-84.50037,37.38293],[-84.49994,37.38282]],[[-84.49994,37.38382],[-84.50141,37.38373],[-84.50275,37.38389],[-84.5031,37.38378]]]}},{"type":"Feature","properties":{"quad":"Brodhead","gq_number":"662","source_pub":"Geologic map of the Brodhead quadrangle, east-central Kentucky | James Louis Gualtieri | 1967, GQ-662","source_url":"https://pubs.usgs.gov/publication/gq662","original_line_symbol":"Mbh","polygon_pair_below_above":"Mb|Mbr","contact_style":"CONTACT","contact_comments":"Halls Gap Member, Borden Formation","meaning":"Top of Halls Gap Member (Mbh) under Renfro; the Wildie (upper-Nada equivalent) is absent or unmapped here, so the target horizon may be missing or included in an adjacent unit.","class_label":"AMBIGUOUS","confidence":"Not used"},"geometry":{"type":"LineString","coordinates":[[-84.44198,37.38169],[-84.44243,37.38218],[-84.44243,37.38241],[-84.44215,37.3824],[-84.44166,37.38217],[-84.44152,37.38178],[-84.44119,37.38146],[-84.44063,37.38049],[-84.44025,37.38009],[-84.43984,37.37993],[-84.43884,37.37988],[-84.43862,37.38005],[-84.43853,37.38035],[-84.43862,37.38109],[-84.43887,37.38144],[-84.43859,37.38183],[-84.43843,37.38232],[-84.43759,37.38105],[-84.4373,37.38036],[-84.43713,37.38036],[-84.43663,37.38066],[-84.43589,37.38001],[-84.43458,37.37987],[-84.43432,37.37991],[-84.4342,37.38008],[-84.43454,37.38051],[-84.43508,37.38082],[-84.43513,37.38113],[-84.43487,37.38145],[-84.4345,37.38156],[-84.43397,37.3815],[-84.43288,37.38091],[-84.43254,37.38088],[-84.43081,37.38171],[-84.4304,37.38196],[-84.43016,37.38224],[-84.43026,37.38244],[-84.43079,37.3827],[-84.43095,37.38338],[-84.43124,37.38365],[-84.4315,37.38374],[-84.43226,37.38363],[-84.4326,37.38339],[-84.4325,37.38281],[-84.43265,37.38238],[-84.43385,37.38269],[-84.43422,37.38269],[-84.43553,37.38213],[-84.43619,37.38212],[-84.43685,37.38247],[-84.43721,37.38276],[-84.43747,37.38314],[-84.4362,37.38307],[-84.43564,37.38323],[-84.43537,37.38341],[-84.43521,37.38377],[-84.43575,37.3841],[-84.43573,37.38469],[-84.43591,37.38479],[-84.43647,37.38486],[-84.4377,37.38487],[-84.43861,37.38517],[-84.43938,37.38479],[-84.43961,37.38476],[-84.43993,37.38512],[-84.44047,37.38539],[-84.44026,37.3857],[-84.44032,37.38585],[-84.44113,37.38615],[-84.44214,37.38622],[-84.44261,37.38608],[-84.44304,37.38614],[-84.44358,37.38608],[-84.44451,37.38657],[-84.44507,37.38661],[-84.44597,37.38681],[-84.44672,37.3867],[-84.4468,37.3866],[-84.44672,37.38652],[-84.44555,37.386],[-84.44564,37.38572],[-84.44544,37.38542],[-84.44545,37.38518],[-84.44583,37.38505],[-84.44862,37.38507],[-84.44902,37.38527],[-84.44937,37.38565],[-84.44973,37.38587],[-84.45026,37.38582],[-84.45112,37.38537],[-84.45166,37.38458],[-84.45171,37.38433],[-84.45163,37.38401],[-84.45141,37.38394],[-84.45045,37.38439],[-84.45007,37.38448],[-84.44984,37.38441],[-84.44987,37.38399],[-84.45006,37.3837],[-84.45042,37.38251],[-84.4499,37.38193],[-84.44946,37.38176],[-84.44887,37.38195],[-84.44838,37.3832],[-84.44802,37.3836],[-84.44782,37.38363],[-84.44749,37.38354],[-84.4477,37.38318],[-84.4477,37.38286],[-84.44756,37.38252],[-84.44734,37.3823],[-84.44703,37.38229],[-84.44622,37.38258],[-84.44595,37.38218],[-84.44506,37.38226],[-84.44481,37.38186],[-84.4458,37.38134],[-84.44647,37.38141],[-84.4472,37.38126],[-84.44738,37.38111],[-84.44739,37.38055],[-84.44818,37.38071],[-84.4486,37.38054],[-84.44914,37.38012],[-84.44896,37.37921],[-84.4487,37.37898],[-84.44831,37.37891],[-84.4476,37.37898],[-84.44771,37.37855],[-84.44752,37.37836],[-84.44691,37.37819],[-84.44618,37.37818],[-84.44581,37.37802],[-84.44599,37.37789],[-84.44758,37.37765],[-84.44842,37.37785],[-84.44892,37.37781],[-84.44914,37.37755],[-84.449,37.37719],[-84.44872,37.37694],[-84.44818,37.3767]]}},{"type":"Feature","properties":{"quad":"Crab Orchard","gq_number":"571","source_pub":"Geologic map of the Crab Orchard quadrangle, Lincoln County, Kentucky | James Louis Gualtieri | 1967, GQ-571","source_url":"https://pubs.usgs.gov/publication/gq571","original_line_symbol":"Mbh","polygon_pair_below_above":"Mb|Mbr","contact_style":"CONTACT","contact_comments":"Halls Gap Member, Borden Formation","meaning":"Top of Halls Gap Member (Mbh) under Renfro; the Wildie (upper-Nada equivalent) is absent or unmapped here, so the target horizon may be missing or included in an adjacent unit.","class_label":"AMBIGUOUS","confidence":"Not used"},"geometry":{"type":"MultiLineString","coordinates":[[[-84.60392,37.38477],[-84.60397,37.38464]],[[-84.60394,37.38462],[-84.60346,37.38352],[-84.60343,37.38323],[-84.60359,37.38307],[-84.60424,37.38285],[-84.60419,37.38267],[-84.6039,37.38261],[-84.60309,37.38273],[-84.60278,37.38264],[-84.60151,37.38171],[-84.60142,37.38148],[-84.6015,37.38129],[-84.60211,37.38076],[-84.60279,37.38062],[-84.60372,37.3808],[-84.60382,37.38076],[-84.60378,37.38058],[-84.60263,37.38013],[-84.60176,37.38007],[-84.60089,37.38074],[-84.60012,37.38096],[-84.5979,37.38092],[-84.59766,37.38084],[-84.59749,37.38066],[-84.59745,37.38008],[-84.59755,37.3799],[-84.59795,37.37965],[-84.59802,37.3795],[-84.59754,37.37877],[-84.59745,37.37696],[-84.59775,37.37676],[-84.59812,37.37685],[-84.59887,37.37792],[-84.59949,37.37852],[-84.59957,37.3784],[-84.59934,37.37739],[-84.59956,37.37708],[-84.59976,37.37701],[-84.60021,37.37706],[-84.60102,37.37744],[-84.60159,37.37759],[-84.60117,37.37682],[-84.60119,37.37663],[-84.60165,37.37641],[-84.60157,37.37632],[-84.60112,37.37627]],[[-84.60013,37.3857],[-84.60006,37.38565],[-84.5994,37.38578],[-84.59914,37.38574],[-84.59775,37.38455],[-84.59685,37.384],[-84.59678,37.38378],[-84.59746,37.38341],[-84.59728,37.38283],[-84.59736,37.38273],[-84.59883,37.3824],[-84.59956,37.38239],[-84.59976,37.38258],[-84.59983,37.38322],[-84.60055,37.38267],[-84.60095,37.38257],[-84.60112,37.38263],[-84.60124,37.38311],[-84.60155,37.38286],[-84.60174,37.38286],[-84.60247,37.38322],[-84.60297,37.38372],[-84.60325,37.38419],[-84.60388,37.38475]],[[-84.60331,37.38747],[-84.6033,37.38743]],[[-84.59991,37.38955],[-84.59983,37.3886],[-84.59993,37.38818],[-84.60024,37.38776],[-84.60048,37.38767],[-84.60104,37.38777],[-84.60136,37.38761],[-84.60191,37.38773],[-84.60235,37.38848],[-84.60245,37.38843],[-84.60252,37.38788],[-84.60304,37.38754]],[[-84.60301,37.38743],[-84.60266,37.38741],[-84.60205,37.38713],[-84.60194,37.38694],[-84.60194,37.38659]],[[-84.60176,37.38672],[-84.60136,37.38694],[-84.60111,37.38693],[-84.60037,37.38665],[-84.59998,37.38617],[-84.60011,37.38571]],[[-84.59635,37.38733],[-84.59667,37.38703],[-84.59671,37.38685],[-84.59589,37.38612],[-84.59589,37.38598],[-84.59597,37.38585],[-84.59624,37.38574],[-84.59688,37.38579],[-84.598,37.38637],[-84.59931,37.38735],[-84.59912,37.38842],[-84.59918,37.38871],[-84.59949,37.38933],[-84.60002,37.39004],[-84.60014,37.38999],[-84.60003,37.38975]],[[-84.59683,37.39747],[-84.59679,37.39689],[-84.59688,37.39668],[-84.59829,37.39573],[-84.59852,37.39544],[-84.59872,37.39492],[-84.59866,37.39474],[-84.59842,37.39483],[-84.59744,37.39571],[-84.59672,37.396],[-84.59574,37.39607],[-84.5941,37.39588],[-84.59373,37.39581],[-84.59341,37.3956],[-84.59362,37.39497],[-84.59415,37.39434],[-84.59576,37.39433],[-84.59563,37.39416],[-84.59401,37.39332],[-84.59397,37.39299],[-84.5941,37.39236],[-84.59419,37.39234],[-84.59504,37.393],[-84.59549,37.39315],[-84.59576,37.39321],[-84.59614,37.39315],[-84.5965,37.39292]],[[-84.59659,37.39288],[-84.59601,37.39267],[-84.59568,37.39244],[-84.59532,37.39115]],[[-84.5953,37.39101],[-84.59649,37.39139],[-84.59724,37.39135],[-84.59702,37.3911],[-84.59545,37.39],[-84.59542,37.38988],[-84.59554,37.38984],[-84.5963,37.38985],[-84.5975,37.3901],[-84.59819,37.39057],[-84.59845,37.39062],[-84.59855,37.39056],[-84.59783,37.38927],[-84.59687,37.38882],[-84.59551,37.38854],[-84.59519,37.38843],[-84.59508,37.38829],[-84.59551,37.3875],[-84.59607,37.38745],[-84.59636,37.38734]]]}},{"type":"Feature","properties":{"quad":"Brodhead","gq_number":"662","source_pub":"Geologic map of the Brodhead quadrangle, east-central Kentucky | James Louis Gualtieri | 1967, GQ-662","source_url":"https://pubs.usgs.gov/publication/gq662","original_line_symbol":"Mbh","polygon_pair_below_above":"Mb|Mbr","contact_style":"CONTACT","contact_comments":"Halls Gap Member, Borden Formation","meaning":"Top of Halls Gap Member (Mbh) under Renfro; the Wildie (upper-Nada equivalent) is absent or unmapped here, so the target horizon may be missing or included in an adjacent unit.","class_label":"AMBIGUOUS","confidence":"Not used"},"geometry":{"type":"LineString","coordinates":[[-84.48535,37.37925],[-84.48552,37.38008],[-84.48509,37.38092],[-84.48509,37.38124],[-84.4856,37.38159],[-84.48614,37.38181],[-84.48652,37.3818],[-84.48703,37.38151],[-84.48719,37.38124],[-84.48738,37.37951],[-84.48728,37.37871],[-84.4874,37.37857],[-84.48757,37.37863],[-84.48766,37.37913],[-84.48815,37.38042],[-84.48833,37.38066],[-84.48882,37.38086],[-84.48923,37.38076],[-84.48948,37.38052],[-84.48959,37.38023],[-84.48959,37.37959],[-84.48922,37.37837],[-84.48933,37.3782],[-84.48949,37.37821],[-84.48963,37.37879],[-84.49006,37.37931],[-84.4903,37.38002],[-84.49033,37.38074],[-84.49017,37.38104],[-84.48955,37.38141],[-84.48942,37.3816],[-84.48833,37.38217],[-84.48803,37.38248],[-84.48795,37.38289],[-84.48814,37.38325],[-84.48839,37.38348],[-84.48881,37.38363],[-84.48903,37.38361],[-84.4899,37.3831],[-84.49075,37.38312],[-84.49002,37.3841],[-84.49019,37.38445],[-84.49068,37.38465],[-84.49118,37.3847],[-84.49174,37.3846],[-84.49208,37.38479],[-84.49234,37.38482],[-84.49322,37.38469],[-84.49353,37.38447],[-84.49328,37.38274],[-84.49271,37.38176],[-84.49302,37.38166],[-84.49319,37.38146],[-84.49315,37.38107],[-84.49292,37.3806],[-84.49335,37.38046],[-84.49352,37.3801],[-84.49328,37.37928],[-84.49267,37.37835],[-84.49296,37.37822],[-84.49341,37.37863],[-84.49352,37.37914],[-84.49394,37.37958],[-84.49438,37.37965],[-84.49488,37.37934],[-84.49512,37.37933],[-84.49487,37.37967],[-84.49436,37.38006],[-84.49406,37.38108],[-84.49434,37.38198],[-84.49461,37.38219],[-84.49447,37.38264],[-84.49453,37.38313],[-84.49502,37.38382],[-84.49534,37.38398],[-84.49577,37.38406],[-84.49704,37.38395],[-84.4975,37.38331],[-84.49766,37.38282],[-84.49774,37.38234],[-84.49758,37.3819],[-84.49827,37.3817],[-84.49851,37.38133],[-84.49824,37.38066],[-84.49849,37.38063],[-84.49873,37.38104],[-84.49894,37.38111],[-84.49976,37.38017],[-84.49989,37.38021],[-84.4997,37.38093],[-84.49937,37.38157],[-84.49883,37.38213],[-84.49859,37.38267],[-84.49861,37.38292],[-84.49868,37.38312],[-84.49886,37.38315],[-84.49994,37.38282]]}},{"type":"Feature","properties":{"quad":"Brodhead","gq_number":"662","source_pub":"Geologic map of the Brodhead quadrangle, east-central Kentucky | James Louis Gualtieri | 1967, GQ-662","source_url":"https://pubs.usgs.gov/publication/gq662","original_line_symbol":"Mbh","polygon_pair_below_above":"Mb|Mbr","contact_style":"CONTACT","contact_comments":"Halls Gap Member, Borden Formation","meaning":"Top of Halls Gap Member (Mbh) under Renfro; the Wildie (upper-Nada equivalent) is absent or unmapped here, so the target horizon may be missing or included in an adjacent unit.","class_label":"AMBIGUOUS","confidence":"Not used"},"geometry":{"type":"LineString","coordinates":[[-84.48775,37.37615],[-84.48762,37.37633],[-84.48616,37.37696]]}},{"type":"Feature","properties":{"quad":"Brodhead","gq_number":"662","source_pub":"Geologic map of the Brodhead quadrangle, east-central Kentucky | James Louis Gualtieri | 1967, GQ-662","source_url":"https://pubs.usgs.gov/publication/gq662","original_line_symbol":"Mbh","polygon_pair_below_above":"Mb|Mbr","contact_style":"CONTACT","contact_comments":"Halls Gap Member, Borden Formation","meaning":"Top of Halls Gap Member (Mbh) under Renfro; the Wildie (upper-Nada equivalent) is absent or unmapped here, so the target horizon may be missing or included in an adjacent unit.","class_label":"AMBIGUOUS","confidence":"Not used"},"geometry":{"type":"LineString","coordinates":[[-84.48616,37.37696],[-84.48548,37.37676],[-84.48451,37.3771],[-84.48384,37.37745],[-84.48369,37.37773],[-84.48378,37.378],[-84.48407,37.37829],[-84.48397,37.3784],[-84.48362,37.37853],[-84.48325,37.3783],[-84.48274,37.37826],[-84.48145,37.3794],[-84.48136,37.3797],[-84.48184,37.38003],[-84.48356,37.38048],[-84.48372,37.38044],[-84.4842,37.38],[-84.48463,37.37976],[-84.48522,37.37916],[-84.48535,37.37925]]}},{"type":"Feature","properties":{"quad":"Crab Orchard","gq_number":"571","source_pub":"Geologic map of the Crab Orchard quadrangle, Lincoln County, Kentucky | James Louis Gualtieri | 1967, GQ-571","source_url":"https://pubs.usgs.gov/publication/gq571","original_line_symbol":"Mbh","polygon_pair_below_above":"Mb|Mbr","contact_style":"CONTACT","contact_comments":"Halls Gap Member, Borden Formation","meaning":"Top of Halls Gap Member (Mbh) under Renfro; the Wildie (upper-Nada equivalent) is absent or unmapped here, so the target horizon may be missing or included in an adjacent unit.","class_label":"AMBIGUOUS","confidence":"Not used"},"geometry":{"type":"MultiLineString","coordinates":[[[-84.62049,37.38207],[-84.62056,37.38264],[-84.61987,37.38378],[-84.61989,37.38397],[-84.62011,37.38411],[-84.62028,37.38413],[-84.62119,37.38372],[-84.62271,37.38321],[-84.62296,37.38325],[-84.62119,37.38465],[-84.62118,37.38488],[-84.62141,37.38514],[-84.62246,37.38551],[-84.62495,37.38529]],[[-84.62484,37.37824],[-84.62423,37.37955],[-84.62372,37.38001],[-84.62353,37.37996],[-84.62376,37.37923],[-84.62369,37.37846],[-84.62341,37.37793],[-84.62302,37.37771],[-84.62247,37.37773],[-84.62161,37.37857],[-84.62082,37.37874],[-84.62024,37.37907],[-84.62015,37.37892],[-84.6202,37.37873],[-84.62101,37.37725],[-84.62105,37.37693],[-84.62095,37.37674],[-84.61999,37.37638],[-84.6179,37.37601],[-84.61737,37.37573],[-84.6171,37.3757],[-84.61706,37.37586],[-84.61752,37.37691],[-84.61853,37.37764],[-84.61879,37.3782],[-84.61862,37.37836],[-84.61721,37.37829],[-84.61693,37.37843],[-84.61707,37.37941],[-84.61687,37.38044],[-84.61849,37.38096],[-84.61749,37.38132],[-84.61721,37.38159],[-84.61885,37.38308],[-84.61948,37.38282],[-84.62036,37.38194]]]}},{"type":"Feature","properties":{"quad":"Wildie","gq_number":"684","source_pub":"Geologic map of the Wildie quadrangle, Garrard and Rockcastle Counties, Kentucky | James Louis Gualtieri | 1968, GQ-684","source_url":"https://pubs.usgs.gov/publication/gq684","original_line_symbol":"Mbh","polygon_pair_below_above":"Mb|Mbr","contact_style":"CONTACT","contact_comments":"Halls Gap Member, Borden Formation","meaning":"Top of Halls Gap Member (Mbh) under Renfro; the Wildie (upper-Nada equivalent) is absent or unmapped here, so the target horizon may be missing or included in an adjacent unit.","class_label":"AMBIGUOUS","confidence":"Not used"},"geometry":{"type":"LineString","coordinates":[[-84.31735,37.37511],[-84.31638,37.37706],[-84.31576,37.37775],[-84.31508,37.37813],[-84.31503,37.37826],[-84.31541,37.37887],[-84.31422,37.38131],[-84.31349,37.38199],[-84.31339,37.38205],[-84.31321,37.38202]]}},{"type":"Feature","properties":{"quad":"Wildie","gq_number":"684","source_pub":"Geologic map of the Wildie quadrangle, Garrard and Rockcastle Counties, Kentucky | James Louis Gualtieri | 1968, GQ-684","source_url":"https://pubs.usgs.gov/publication/gq684","original_line_symbol":"Mbh","polygon_pair_below_above":"Mb|Mbr","contact_style":"CONTACT","contact_comments":"Halls Gap Member, Borden Formation","meaning":"Top of Halls Gap Member (Mbh) under Renfro; the Wildie (upper-Nada equivalent) is absent or unmapped here, so the target horizon may be missing or included in an adjacent unit.","class_label":"AMBIGUOUS","confidence":"Not used"},"geometry":{"type":"LineString","coordinates":[[-84.34412,37.38518],[-84.3438,37.3852],[-84.34341,37.38506],[-84.34053,37.38358],[-84.33856,37.38276],[-84.33797,37.38261],[-84.33702,37.38261],[-84.33527,37.38279],[-84.33358,37.38329],[-84.33195,37.38421],[-84.33121,37.38441],[-84.33095,37.38394],[-84.33065,37.38298],[-84.33061,37.38257],[-84.33074,37.38208],[-84.33126,37.38161],[-84.33268,37.38111],[-84.3332,37.38046],[-84.33418,37.37998],[-84.3347,37.3799],[-84.33497,37.3795],[-84.33546,37.37912],[-84.33549,37.37893],[-84.33536,37.3789],[-84.33487,37.37917],[-84.33453,37.3791],[-84.3336,37.37935],[-84.33335,37.37924],[-84.33269,37.37938],[-84.33229,37.37918],[-84.33214,37.37919],[-84.33155,37.37968],[-84.33103,37.37963],[-84.33081,37.37937],[-84.33081,37.37875],[-84.33042,37.37833],[-84.33036,37.37712],[-84.32995,37.3763],[-84.3297,37.37608],[-84.32958,37.37611],[-84.32952,37.37632],[-84.32953,37.37699],[-84.32973,37.37732],[-84.32955,37.37789],[-84.32954,37.37885],[-84.32936,37.37932],[-84.32933,37.38016],[-84.32913,37.38065],[-84.32874,37.38095],[-84.32845,37.38101],[-84.3276,37.38079],[-84.32716,37.38086],[-84.32671,37.38074],[-84.32554,37.38072],[-84.32331,37.38036],[-84.32233,37.3803],[-84.32139,37.38016],[-84.31896,37.37958],[-84.31841,37.37911],[-84.31829,37.37887],[-84.31827,37.37836],[-84.31868,37.3774],[-84.31904,37.37686],[-84.31943,37.37664],[-84.31945,37.37594],[-84.31987,37.37511]]}},{"type":"Feature","properties":{"quad":"Brodhead","gq_number":"662","source_pub":"Geologic map of the Brodhead quadrangle, east-central Kentucky | James Louis Gualtieri | 1967, GQ-662","source_url":"https://pubs.usgs.gov/publication/gq662","original_line_symbol":"Mbh","polygon_pair_below_above":"Mb|Mbr","contact_style":"CONTACT","contact_comments":"Halls Gap Member, Borden Formation","meaning":"Top of Halls Gap Member (Mbh) under Renfro; the Wildie (upper-Nada equivalent) is absent or unmapped here, so the target horizon may be missing or included in an adjacent unit.","class_label":"AMBIGUOUS","confidence":"Not used"},"geometry":{"type":"LineString","coordinates":[[-84.43286,37.37511],[-84.43287,37.37546],[-84.43311,37.37597],[-84.43344,37.3762],[-84.43396,37.37631],[-84.43417,37.3765],[-84.43413,37.37664],[-84.43362,37.37711],[-84.43365,37.37766],[-84.434,37.37804],[-84.43535,37.3781],[-84.43559,37.378],[-84.43574,37.3777],[-84.43639,37.37803],[-84.43676,37.37759],[-84.43734,37.37744],[-84.43787,37.37704],[-84.43805,37.37675],[-84.43806,37.37621],[-84.4382,37.37612],[-84.43847,37.37629],[-84.43887,37.37689],[-84.43826,37.37818],[-84.43831,37.37847],[-84.43849,37.37859],[-84.43994,37.37865],[-84.44065,37.37849],[-84.441,37.37822],[-84.4413,37.37789],[-84.44156,37.37699],[-84.44175,37.37687],[-84.44197,37.3778],[-84.44181,37.3781],[-84.44173,37.37875],[-84.44161,37.37897],[-84.4411,37.37923],[-84.44106,37.37939],[-84.44158,37.38041],[-84.44209,37.3809],[-84.4417,37.38125],[-84.44173,37.38146],[-84.44198,37.38169]]}},{"type":"Feature","properties":{"quad":"Brodhead","gq_number":"662","source_pub":"Geologic map of the Brodhead quadrangle, east-central Kentucky | James Louis Gualtieri | 1967, GQ-662","source_url":"https://pubs.usgs.gov/publication/gq662","original_line_symbol":"Mbh","polygon_pair_below_above":"Mb|Mbr","contact_style":"CONTACT","contact_comments":"Halls Gap Member, Borden Formation","meaning":"Top of Halls Gap Member (Mbh) under Renfro; the Wildie (upper-Nada equivalent) is absent or unmapped here, so the target horizon may be missing or included in an adjacent unit.","class_label":"AMBIGUOUS","confidence":"Not used"},"geometry":{"type":"LineString","coordinates":[[-84.42411,37.3767],[-84.42436,37.37626],[-84.42458,37.37627],[-84.42512,37.37666],[-84.42591,37.37665],[-84.42639,37.37646],[-84.42698,37.37602],[-84.4273,37.37634],[-84.42775,37.37654],[-84.42675,37.37708],[-84.42641,37.37821],[-84.4257,37.37813],[-84.42549,37.37819],[-84.42515,37.37844],[-84.42497,37.37885],[-84.42501,37.37937],[-84.42529,37.37968],[-84.42544,37.38017],[-84.42588,37.38046],[-84.42645,37.3805],[-84.42608,37.38109],[-84.42595,37.3815],[-84.42626,37.38177],[-84.42657,37.38178],[-84.42717,37.38158],[-84.42769,37.38127],[-84.42815,37.38092],[-84.42832,37.38058],[-84.42877,37.38043],[-84.42923,37.38013],[-84.43017,37.3793],[-84.42999,37.37895],[-84.42931,37.37866],[-84.42902,37.37829],[-84.42908,37.37807],[-84.42951,37.37784],[-84.42989,37.37779],[-84.4307,37.37786],[-84.43142,37.37809],[-84.43166,37.37804],[-84.43176,37.37733],[-84.43173,37.37659],[-84.43152,37.37632],[-84.43107,37.37633],[-84.43103,37.37604],[-84.43177,37.37511]]}},{"type":"Feature","properties":{"quad":"Brodhead","gq_number":"662","source_pub":"Geologic map of the Brodhead quadrangle, east-central Kentucky | James Louis Gualtieri | 1967, GQ-662","source_url":"https://pubs.usgs.gov/publication/gq662","original_line_symbol":"Mbh","polygon_pair_below_above":"Mb|Mbr","contact_style":"CONTACT","contact_comments":"Halls Gap Member, Borden Formation","meaning":"Top of Halls Gap Member (Mbh) under Renfro; the Wildie (upper-Nada equivalent) is absent or unmapped here, so the target horizon may be missing or included in an adjacent unit.","class_label":"AMBIGUOUS","confidence":"Not used"},"geometry":{"type":"LineString","coordinates":[[-84.44818,37.3767],[-84.44665,37.376],[-84.44597,37.37581],[-84.44504,37.37511]]}},{"type":"Feature","properties":{"quad":"Brodhead","gq_number":"662","source_pub":"Geologic map of the Brodhead quadrangle, east-central Kentucky | James Louis Gualtieri | 1967, GQ-662","source_url":"https://pubs.usgs.gov/publication/gq662","original_line_symbol":"Mbh","polygon_pair_below_above":"Mb|Mbr","contact_style":"CONTACT","contact_comments":"Halls Gap Member, Borden Formation","meaning":"Top of Halls Gap Member (Mbh) under Renfro; the Wildie (upper-Nada equivalent) is absent or unmapped here, so the target horizon may be missing or included in an adjacent unit.","class_label":"AMBIGUOUS","confidence":"Not used"},"geometry":{"type":"LineString","coordinates":[[-84.45116,37.3751],[-84.45084,37.3755],[-84.45034,37.37581],[-84.45005,37.37585],[-84.44974,37.37575],[-84.44969,37.3761],[-84.44955,37.37623],[-84.44925,37.3762],[-84.44839,37.37589],[-84.44822,37.37567],[-84.44814,37.37518],[-84.44798,37.37522],[-84.44768,37.37555],[-84.44729,37.37562],[-84.44642,37.37544],[-84.44572,37.37511]]}},{"type":"Feature","properties":{"quad":"Brodhead","gq_number":"662","source_pub":"Geologic map of the Brodhead quadrangle, east-central Kentucky | James Louis Gualtieri | 1967, GQ-662","source_url":"https://pubs.usgs.gov/publication/gq662","original_line_symbol":"Mbh","polygon_pair_below_above":"Mb|Mbr","contact_style":"CONTACT","contact_comments":"Halls Gap Member, Borden Formation","meaning":"Top of Halls Gap Member (Mbh) under Renfro; the Wildie (upper-Nada equivalent) is absent or unmapped here, so the target horizon may be missing or included in an adjacent unit.","class_label":"AMBIGUOUS","confidence":"Not used"},"geometry":{"type":"LineString","coordinates":[[-84.41982,37.3751],[-84.4195,37.37543],[-84.41949,37.37578],[-84.41973,37.37604],[-84.42072,37.37624],[-84.42134,37.37672],[-84.42134,37.37686],[-84.42077,37.37695],[-84.42064,37.3771],[-84.42129,37.37765],[-84.4208,37.3779],[-84.42059,37.37816],[-84.41998,37.37834],[-84.41977,37.37796],[-84.41933,37.37753],[-84.41903,37.37742],[-84.41837,37.37744],[-84.41827,37.37748],[-84.41805,37.3779],[-84.41736,37.37787],[-84.41709,37.37798],[-84.41699,37.37822],[-84.41704,37.37874],[-84.41634,37.37855],[-84.41599,37.37876],[-84.41573,37.37908],[-84.41589,37.37981],[-84.41653,37.3805],[-84.41704,37.38068],[-84.4178,37.38064],[-84.4185,37.38073],[-84.41874,37.3809],[-84.41884,37.38121],[-84.41796,37.38148],[-84.41779,37.38179],[-84.41804,37.38239],[-84.41834,37.38279],[-84.419,37.38334],[-84.41957,37.38329],[-84.41988,37.38312],[-84.42031,37.38263],[-84.4211,37.3821],[-84.4213,37.38176],[-84.42127,37.38136],[-84.42142,37.38104],[-84.42137,37.3809],[-84.42109,37.38072],[-84.42117,37.3805],[-84.42204,37.38043],[-84.42253,37.38129],[-84.42316,37.38175],[-84.42399,37.38192],[-84.42432,37.38178],[-84.42446,37.38084],[-84.42378,37.37905],[-84.42383,37.37853],[-84.42424,37.37765],[-84.42427,37.37701],[-84.42411,37.3767]]}},{"type":"Feature","properties":{"quad":"Crab Orchard","gq_number":"571","source_pub":"Geologic map of the Crab Orchard quadrangle, Lincoln County, Kentucky | James Louis Gualtieri | 1967, GQ-571","source_url":"https://pubs.usgs.gov/publication/gq571","original_line_symbol":"Mbh","polygon_pair_below_above":"Mb|Mbr","contact_style":"CONTACT","contact_comments":"Halls Gap Member, Borden Formation","meaning":"Top of Halls Gap Member (Mbh) under Renfro; the Wildie (upper-Nada equivalent) is absent or unmapped here, so the target horizon may be missing or included in an adjacent unit.","class_label":"AMBIGUOUS","confidence":"Not used"},"geometry":{"type":"LineString","coordinates":[[-84.55281,37.3751],[-84.55296,37.37553],[-84.55322,37.37579],[-84.55348,37.37591],[-84.55488,37.37621],[-84.55568,37.37656],[-84.55596,37.37655],[-84.55611,37.37635],[-84.55614,37.37572],[-84.55628,37.37551],[-84.55643,37.37552],[-84.55688,37.37584],[-84.55761,37.37586],[-84.55801,37.376],[-84.55796,37.37613],[-84.55727,37.37671],[-84.55717,37.37719],[-84.55759,37.37774],[-84.55858,37.37837],[-84.55907,37.37822],[-84.56144,37.37614],[-84.56148,37.37603],[-84.56134,37.37589],[-84.56059,37.37576],[-84.56004,37.37554],[-84.5601,37.3754],[-84.5609,37.3751]]}},{"type":"Feature","properties":{"quad":"Crab Orchard","gq_number":"571","source_pub":"Geologic map of the Crab Orchard quadrangle, Lincoln County, Kentucky | James Louis Gualtieri | 1967, GQ-571","source_url":"https://pubs.usgs.gov/publication/gq571","original_line_symbol":"Mbh","polygon_pair_below_above":"Mb|Mbr","contact_style":"CONTACT","contact_comments":"Halls Gap Member, Borden Formation","meaning":"Top of Halls Gap Member (Mbh) under Renfro; the Wildie (upper-Nada equivalent) is absent or unmapped here, so the target horizon may be missing or included in an adjacent unit.","class_label":"AMBIGUOUS","confidence":"Not used"},"geometry":{"type":"MultiLineString","coordinates":[[[-84.55351,37.37814],[-84.55442,37.37759],[-84.55456,37.37758],[-84.55479,37.37765],[-84.55519,37.37795],[-84.55556,37.37842],[-84.55554,37.37861],[-84.5553,37.37892],[-84.55456,37.37943],[-84.55259,37.37978],[-84.55231,37.37992],[-84.55226,37.37999],[-84.55236,37.38007],[-84.55342,37.38027],[-84.55366,37.38041],[-84.55365,37.38064],[-84.55328,37.381],[-84.55329,37.38117],[-84.55405,37.38107],[-84.55514,37.38044],[-84.55587,37.38034],[-84.55655,37.37982],[-84.55687,37.37991],[-84.55694,37.38018],[-84.55625,37.38095],[-84.55579,37.3817],[-84.5553,37.38205],[-84.55483,37.38216],[-84.55339,37.38229],[-84.55299,37.3825],[-84.55291,37.38274],[-84.55303,37.383],[-84.55404,37.38347],[-84.55419,37.38365],[-84.55397,37.38446],[-84.55377,37.38468],[-84.55357,37.3847],[-84.55331,37.38452],[-84.55188,37.38263],[-84.55077,37.38161],[-84.54999,37.38118],[-84.54969,37.38059],[-84.54915,37.38099],[-84.54881,37.38105],[-84.54823,37.38086],[-84.54789,37.38053]],[[-84.55242,37.3751],[-84.55229,37.37527],[-84.552,37.37536],[-84.5514,37.37519],[-84.55125,37.37552],[-84.55104,37.3757],[-84.55207,37.3759],[-84.55264,37.3764],[-84.55264,37.37673],[-84.55102,37.37772],[-84.55123,37.37776],[-84.55241,37.37761],[-84.55352,37.37717],[-84.55362,37.37728],[-84.5534,37.37809]],[[-84.54785,37.38057],[-84.54757,37.381],[-84.54714,37.38129],[-84.5484,37.38145],[-84.54857,37.38153],[-84.54869,37.3818],[-84.54821,37.3823],[-84.54775,37.38259],[-84.54771,37.38271]],[[-84.54775,37.38272],[-84.5482,37.38271],[-84.54948,37.38212],[-84.54975,37.38217],[-84.54991,37.3823],[-84.55017,37.38291],[-84.54917,37.38376],[-84.54913,37.38389],[-84.54946,37.38396],[-84.55066,37.38377],[-84.55092,37.38393],[-84.55121,37.38474],[-84.55037,37.38525],[-84.5504,37.38541],[-84.55073,37.38564],[-84.55171,37.38586],[-84.55208,37.38615],[-84.55224,37.38668],[-84.55207,37.38702],[-84.55173,37.38706],[-84.55063,37.38641],[-84.5498,37.38575],[-84.54817,37.38494],[-84.54726,37.38456],[-84.54574,37.38415],[-84.54533,37.38346]],[[-84.54523,37.38351],[-84.54512,37.38414],[-84.54466,37.38467]],[[-84.54447,37.38481],[-84.54449,37.38485]]]}},{"type":"Feature","properties":{"quad":"Crab Orchard","gq_number":"571","source_pub":"Geologic map of the Crab Orchard quadrangle, Lincoln County, Kentucky | James Louis Gualtieri | 1967, GQ-571","source_url":"https://pubs.usgs.gov/publication/gq571","original_line_symbol":"Mbh","polygon_pair_below_above":"Mb|Mbr","contact_style":"CONTACT","contact_comments":"Halls Gap Member, Borden Formation","meaning":"Top of Halls Gap Member (Mbh) under Renfro; the Wildie (upper-Nada equivalent) is absent or unmapped here, so the target horizon may be missing or included in an adjacent unit.","class_label":"AMBIGUOUS","confidence":"Not used"},"geometry":{"type":"MultiLineString","coordinates":[[[-84.57046,37.38207],[-84.57074,37.38147],[-84.57074,37.38032],[-84.57096,37.37982],[-84.57174,37.37914],[-84.57274,37.37872],[-84.57263,37.37817],[-84.57285,37.37785],[-84.57385,37.37776],[-84.57398,37.37769],[-84.57387,37.37745],[-84.57287,37.37674],[-84.5729,37.37586],[-84.57284,37.37528],[-84.57273,37.3751]],[[-84.57031,37.38221],[-84.57036,37.38221]],[[-84.56942,37.38994],[-84.56927,37.3896],[-84.56926,37.38922],[-84.56978,37.38868],[-84.56899,37.38824],[-84.56834,37.38762],[-84.5683,37.38744],[-84.56852,37.38727],[-84.56789,37.38693],[-84.56786,37.38613],[-84.56813,37.38602],[-84.56916,37.38615],[-84.56962,37.38655],[-84.56983,37.38626],[-84.57013,37.38613],[-84.571,37.38606],[-84.5713,37.38628],[-84.57147,37.38678],[-84.57164,37.38659],[-84.57182,37.3858],[-84.57145,37.38559],[-84.57011,37.38541],[-84.56882,37.38508],[-84.56795,37.38474],[-84.56768,37.38452],[-84.56769,37.38428],[-84.56883,37.38434],[-84.56946,37.38406],[-84.56939,37.38391],[-84.56858,37.38354],[-84.56841,37.38313],[-84.568,37.38309],[-84.56736,37.38317],[-84.56697,37.38296],[-84.5668,37.38258],[-84.5668,37.38148],[-84.56782,37.38143],[-84.56823,37.38155],[-84.56841,37.38149],[-84.56837,37.38126],[-84.56766,37.38054],[-84.56818,37.38007],[-84.56797,37.37982],[-84.56755,37.37962],[-84.5671,37.37957],[-84.56632,37.37966],[-84.56615,37.37956],[-84.56613,37.37941],[-84.56639,37.37897],[-84.56778,37.37886],[-84.56787,37.37866],[-84.56779,37.37821],[-84.5684,37.37864],[-84.56891,37.37863],[-84.5691,37.37838],[-84.56908,37.37804],[-84.56993,37.37781],[-84.56982,37.37749],[-84.56948,37.377],[-84.56954,37.37661],[-84.5704,37.37593],[-84.57083,37.37575],[-84.57093,37.37584],[-84.57093,37.37622],[-84.57077,37.37686],[-84.57086,37.37704],[-84.57125,37.37726],[-84.57134,37.37778],[-84.57114,37.37816],[-84.57008,37.37928],[-84.56992,37.37967],[-84.56989,37.38008],[-84.57019,37.38098],[-84.5703,37.38196]],[[-84.56671,37.38797],[-84.56726,37.38809],[-84.56754,37.38855],[-84.56804,37.38847],[-84.56853,37.38867],[-84.56884,37.38907],[-84.569,37.3898],[-84.5694,37.39011]]]}},{"type":"Feature","properties":{"quad":"Crab Orchard","gq_number":"571","source_pub":"Geologic map of the Crab Orchard quadrangle, Lincoln County, Kentucky | James Louis Gualtieri | 1967, GQ-571","source_url":"https://pubs.usgs.gov/publication/gq571","original_line_symbol":"Mbh","polygon_pair_below_above":"Mb|Mbr","contact_style":"CONTACT","contact_comments":"Halls Gap Member, Borden Formation","meaning":"Top of Halls Gap Member (Mbh) under Renfro; the Wildie (upper-Nada equivalent) is absent or unmapped here, so the target horizon may be missing or included in an adjacent unit.","class_label":"AMBIGUOUS","confidence":"Not used"},"geometry":{"type":"MultiLineString","coordinates":[[[-84.57798,37.3843],[-84.57827,37.3842],[-84.57906,37.38368],[-84.57916,37.38293],[-84.58,37.38325],[-84.58033,37.38322],[-84.5793,37.38217],[-84.57919,37.38183],[-84.57931,37.38143],[-84.57955,37.38132],[-84.57971,37.38135],[-84.58083,37.38185],[-84.58121,37.38172],[-84.57953,37.38023],[-84.5808,37.38014],[-84.58151,37.37994],[-84.58216,37.38011],[-84.58276,37.37957],[-84.58268,37.37948],[-84.58222,37.37946],[-84.58173,37.3791],[-84.58103,37.37933],[-84.58032,37.37928],[-84.57978,37.3791],[-84.57894,37.3786],[-84.5789,37.37837],[-84.5801,37.37778],[-84.5802,37.37752],[-84.57998,37.37733],[-84.5785,37.37724],[-84.57837,37.37715],[-84.57803,37.37549],[-84.57809,37.37525],[-84.57855,37.3751]],[[-84.57395,37.38398],[-84.57296,37.38177],[-84.57295,37.38138],[-84.5742,37.38047],[-84.57446,37.38037],[-84.57494,37.38133],[-84.57515,37.38198],[-84.57518,37.38254],[-84.5753,37.38263],[-84.57592,37.38196],[-84.57579,37.38003],[-84.57594,37.37984],[-84.57643,37.37961],[-84.57654,37.37962],[-84.57665,37.37996],[-84.57717,37.37987],[-84.57741,37.37992],[-84.57765,37.3808],[-84.57803,37.38151],[-84.5781,37.38195],[-84.57802,37.38232],[-84.57716,37.38293],[-84.57732,37.38301],[-84.57809,37.38291],[-84.57834,37.38302],[-84.57841,37.38323],[-84.57833,37.3836],[-84.57785,37.38424]],[[-84.574,37.38422],[-84.57405,37.38419]],[[-84.5743,37.3751],[-84.57414,37.37584],[-84.57425,37.37625],[-84.57461,37.37637],[-84.57532,37.37612],[-84.57556,37.37616],[-84.57605,37.37709],[-84.57604,37.37771],[-84.57579,37.37811],[-84.57435,37.37886],[-84.57355,37.37944],[-84.57201,37.38099],[-84.57202,37.38168],[-84.57316,37.38338],[-84.57316,37.38355],[-84.57292,37.38374]],[[-84.57313,37.38379],[-84.57342,37.38379],[-84.57377,37.38399]],[[-84.57288,37.38382],[-84.57292,37.38383]]]}},{"type":"Feature","properties":{"quad":"Crab Orchard","gq_number":"571","source_pub":"Geologic map of the Crab Orchard quadrangle, Lincoln County, Kentucky | James Louis Gualtieri | 1967, GQ-571","source_url":"https://pubs.usgs.gov/publication/gq571","original_line_symbol":"Mbh","polygon_pair_below_above":"Mb|Mbr","contact_style":"CONTACT","contact_comments":"Halls Gap Member, Borden Formation","meaning":"Top of Halls Gap Member (Mbh) under Renfro; the Wildie (upper-Nada equivalent) is absent or unmapped here, so the target horizon may be missing or included in an adjacent unit.","class_label":"AMBIGUOUS","confidence":"Not used"},"geometry":{"type":"MultiLineString","coordinates":[[[-84.54681,37.37612],[-84.54666,37.37536],[-84.54628,37.3751]],[[-84.5457,37.3751],[-84.54672,37.37625]]]}},{"type":"Feature","properties":{"quad":"Crab Orchard","gq_number":"571","source_pub":"Geologic map of the Crab Orchard quadrangle, Lincoln County, Kentucky | James Louis Gualtieri | 1967, GQ-571","source_url":"https://pubs.usgs.gov/publication/gq571","original_line_symbol":"Mbh","polygon_pair_below_above":"Mb|Mbr","contact_style":"CONTACT","contact_comments":"Halls Gap Member, Borden Formation","meaning":"Top of Halls Gap Member (Mbh) under Renfro; the Wildie (upper-Nada equivalent) is absent or unmapped here, so the target horizon may be missing or included in an adjacent unit.","class_label":"AMBIGUOUS","confidence":"Not used"},"geometry":{"type":"LineString","coordinates":[[-84.58016,37.37516],[-84.57994,37.3751]]}},{"type":"Feature","properties":{"quad":"Crab Orchard","gq_number":"571","source_pub":"Geologic map of the Crab Orchard quadrangle, Lincoln County, Kentucky | James Louis Gualtieri | 1967, GQ-571","source_url":"https://pubs.usgs.gov/publication/gq571","original_line_symbol":"Mbh","polygon_pair_below_above":"Mb|Mbr","contact_style":"CONTACT","contact_comments":"Halls Gap Member, Borden Formation","meaning":"Top of Halls Gap Member (Mbh) under Renfro; the Wildie (upper-Nada equivalent) is absent or unmapped here, so the target horizon may be missing or included in an adjacent unit.","class_label":"AMBIGUOUS","confidence":"Not used"},"geometry":{"type":"LineString","coordinates":[[-84.54369,37.3751],[-84.54368,37.37601],[-84.54389,37.37691],[-84.54409,37.37719],[-84.54417,37.37718],[-84.5443,37.3767],[-84.54439,37.3751]]}},{"type":"Feature","properties":{"quad":"Brodhead","gq_number":"662","source_pub":"Geologic map of the Brodhead quadrangle, east-central Kentucky | James Louis Gualtieri | 1967, GQ-662","source_url":"https://pubs.usgs.gov/publication/gq662","original_line_symbol":"Mbh","polygon_pair_below_above":"Mb|Mbr","contact_style":"CONTACT","contact_comments":"Halls Gap Member, Borden Formation","meaning":"Top of Halls Gap Member (Mbh) under Renfro; the Wildie (upper-Nada equivalent) is absent or unmapped here, so the target horizon may be missing or included in an adjacent unit.","class_label":"AMBIGUOUS","confidence":"Not used"},"geometry":{"type":"LineString","coordinates":[[-84.41536,37.3751],[-84.4153,37.37531],[-84.41502,37.37558],[-84.41466,37.37573],[-84.41364,37.37587],[-84.4133,37.37579],[-84.41298,37.3756],[-84.41245,37.3751]]}},{"type":"Feature","properties":{"quad":"Crab Orchard","gq_number":"571","source_pub":"Geologic map of the Crab Orchard quadrangle, Lincoln County, Kentucky | James Louis Gualtieri | 1967, GQ-571","source_url":"https://pubs.usgs.gov/publication/gq571","original_line_symbol":"Mbh","polygon_pair_below_above":"Mb|Mbr","contact_style":"CONTACT","contact_comments":"Halls Gap Member, Borden Formation","meaning":"Top of Halls Gap Member (Mbh) under Renfro; the Wildie (upper-Nada equivalent) is absent or unmapped here, so the target horizon may be missing or included in an adjacent unit.","class_label":"AMBIGUOUS","confidence":"Not used"},"geometry":{"type":"MultiLineString","coordinates":[[[-84.58317,37.37567],[-84.58318,37.37585],[-84.58334,37.37579],[-84.58334,37.37562]],[[-84.58334,37.3753],[-84.58331,37.3751]],[[-84.58296,37.3751],[-84.58313,37.37516],[-84.58317,37.37532]]]}},{"type":"Feature","properties":{"quad":"Crab Orchard","gq_number":"571","source_pub":"Geologic map of the Crab Orchard quadrangle, Lincoln County, Kentucky | James Louis Gualtieri | 1967, GQ-571","source_url":"https://pubs.usgs.gov/publication/gq571","original_line_symbol":"Mbh","polygon_pair_below_above":"Mb|Mbr","contact_style":"CONTACT","contact_comments":"Halls Gap Member, Borden Formation","meaning":"Top of Halls Gap Member (Mbh) under Renfro; the Wildie (upper-Nada equivalent) is absent or unmapped here, so the target horizon may be missing or included in an adjacent unit.","class_label":"AMBIGUOUS","confidence":"Not used"},"geometry":{"type":"MultiLineString","coordinates":[[[-84.54041,37.38089],[-84.5405,37.3803],[-84.54105,37.37948],[-84.54132,37.37948],[-84.5419,37.37988],[-84.54187,37.37954],[-84.54135,37.37888],[-84.54136,37.37872],[-84.54166,37.37855],[-84.54146,37.37832],[-84.54112,37.37677],[-84.54134,37.37653],[-84.54181,37.37667],[-84.54197,37.37658],[-84.54206,37.37589],[-84.5424,37.3755],[-84.54249,37.3751]],[[-84.54095,37.3751],[-84.54072,37.37541],[-84.54006,37.37594],[-84.53988,37.37599],[-84.53932,37.37587],[-84.53896,37.37598],[-84.5396,37.37639],[-84.53977,37.37666],[-84.5398,37.37699],[-84.53945,37.37752],[-84.53846,37.37833]],[[-84.53952,37.38052],[-84.54006,37.38054],[-84.54031,37.38096]],[[-84.53856,37.37842],[-84.5399,37.37794],[-84.54013,37.37793],[-84.54032,37.37812],[-84.54037,37.37954],[-84.53998,37.38011],[-84.5393,37.38044]]]}},{"type":"Feature","properties":{"quad":"Brodhead","gq_number":"662","source_pub":"Geologic map of the Brodhead quadrangle, east-central Kentucky | James Louis Gualtieri | 1967, GQ-662","source_url":"https://pubs.usgs.gov/publication/gq662","original_line_symbol":"Mbh","polygon_pair_below_above":"Mb|Mbr","contact_style":"CONTACT","contact_comments":"Halls Gap Member, Borden Formation","meaning":"Top of Halls Gap Member (Mbh) under Renfro; the Wildie (upper-Nada equivalent) is absent or unmapped here, so the target horizon may be missing or included in an adjacent unit.","class_label":"AMBIGUOUS","confidence":"Not used"},"geometry":{"type":"LineString","coordinates":[[-84.4529,37.3751],[-84.45157,37.3763],[-84.45126,37.37697],[-84.45144,37.37716],[-84.45176,37.37729],[-84.45307,37.37755],[-84.45383,37.37755],[-84.45387,37.3777],[-84.4533,37.37791],[-84.45185,37.37809],[-84.451,37.37786],[-84.45081,37.378],[-84.45117,37.3793],[-84.45184,37.37954],[-84.45232,37.37952],[-84.45195,37.38022],[-84.45287,37.38113],[-84.45319,37.38125],[-84.45342,37.3812],[-84.45388,37.38068],[-84.45439,37.38045],[-84.45521,37.37954],[-84.4556,37.37885],[-84.45594,37.3785],[-84.45701,37.37777],[-84.45711,37.37777],[-84.4572,37.37796],[-84.45684,37.37834],[-84.45653,37.37901],[-84.45636,37.38022],[-84.45649,37.38049],[-84.45711,37.38104],[-84.45708,37.38111],[-84.45622,37.38114],[-84.45582,37.38126],[-84.4557,37.38152],[-84.45594,37.3819],[-84.45604,37.38248],[-84.45578,37.38264],[-84.4554,37.38255],[-84.45516,37.38276],[-84.45536,37.38332],[-84.45581,37.38365],[-84.45612,37.38362],[-84.45704,37.38306],[-84.4579,37.3821],[-84.45874,37.38187],[-84.45934,37.38127],[-84.46038,37.38133],[-84.46076,37.3811],[-84.46077,37.3809],[-84.46019,37.38029],[-84.46003,37.37984],[-84.4598,37.37953],[-84.45959,37.37852],[-84.45993,37.37851],[-84.46059,37.37893],[-84.46107,37.37896],[-84.46135,37.37917],[-84.46149,37.3797],[-84.46215,37.38003],[-84.46283,37.38018],[-84.4634,37.38016],[-84.46401,37.38],[-84.46433,37.37957],[-84.4645,37.37893],[-84.46443,37.37858],[-84.46211,37.37724],[-84.46145,37.37673],[-84.46168,37.37669],[-84.46228,37.37679],[-84.46308,37.37717],[-84.46381,37.37738],[-84.46405,37.3774],[-84.46432,37.3773],[-84.46449,37.37712],[-84.46473,37.37577],[-84.4646,37.37563],[-84.46351,37.3751]]}},{"type":"Feature","properties":{"quad":"Brodhead","gq_number":"662","source_pub":"Geologic map of the Brodhead quadrangle, east-central Kentucky | James Louis Gualtieri | 1967, GQ-662","source_url":"https://pubs.usgs.gov/publication/gq662","original_line_symbol":"Mbh","polygon_pair_below_above":"Mb|Mbr","contact_style":"CONTACT","contact_comments":"Halls Gap Member, Borden Formation","meaning":"Top of Halls Gap Member (Mbh) under Renfro; the Wildie (upper-Nada equivalent) is absent or unmapped here, so the target horizon may be missing or included in an adjacent unit.","class_label":"AMBIGUOUS","confidence":"Not used"},"geometry":{"type":"MultiLineString","coordinates":[[[-84.40653,37.38304],[-84.40688,37.38285],[-84.40698,37.38265],[-84.40698,37.38245],[-84.40675,37.38204],[-84.40702,37.38175],[-84.40776,37.38229],[-84.40822,37.38236],[-84.40867,37.38229],[-84.40852,37.3829],[-84.40882,37.38331],[-84.40926,37.38361],[-84.40986,37.38362],[-84.41188,37.38337],[-84.41226,37.3832],[-84.41206,37.38246],[-84.41153,37.38157],[-84.41138,37.38151],[-84.41104,37.38156],[-84.41091,37.38134],[-84.41092,37.38105],[-84.4115,37.38056],[-84.41168,37.38018],[-84.41151,37.37924],[-84.41158,37.37874],[-84.41138,37.37831],[-84.41134,37.3778],[-84.41108,37.37725],[-84.4099,37.37611],[-84.40895,37.3754],[-84.40863,37.37552],[-84.40826,37.37584],[-84.40829,37.3751]],[[-84.40646,37.39594],[-84.40642,37.39712],[-84.40697,37.39771],[-84.40683,37.39867],[-84.40665,37.39881],[-84.40618,37.39856],[-84.40576,37.39869],[-84.40518,37.39907],[-84.40506,37.39944],[-84.40569,37.39983],[-84.40693,37.40033],[-84.40782,37.40093],[-84.40848,37.40113],[-84.40862,37.401],[-84.40832,37.39927],[-84.40929,37.39973],[-84.40978,37.40009],[-84.41005,37.40016],[-84.41036,37.4001],[-84.4105,37.39985],[-84.41066,37.39878],[-84.41088,37.39814],[-84.41161,37.39836],[-84.41178,37.3981],[-84.41165,37.39762],[-84.41117,37.39721],[-84.41052,37.39695],[-84.40964,37.39697],[-84.40952,37.39686],[-84.40975,37.39649],[-84.41013,37.39631],[-84.41028,37.39612],[-84.41018,37.39547],[-84.41033,37.39547],[-84.41106,37.39583],[-84.41171,37.3959],[-84.4124,37.39581],[-84.41266,37.39549],[-84.41273,37.39462],[-84.41263,37.39437],[-84.41221,37.3939],[-84.41114,37.39313],[-84.41096,37.39313],[-84.41049,37.39337],[-84.40996,37.39289],[-84.41067,37.39117],[-84.41184,37.39114],[-84.41216,37.39098],[-84.41242,37.39072],[-84.41252,37.39018],[-84.41235,37.38963],[-84.41237,37.38861],[-84.41276,37.38733],[-84.41269,37.38687],[-84.41245,37.3866],[-84.41226,37.38656],[-84.41137,37.38744],[-84.41124,37.38694],[-84.41138,37.38549],[-84.4112,37.3854],[-84.41107,37.38544],[-84.41031,37.38594],[-84.4099,37.38644],[-84.40966,37.38611],[-84.40987,37.38547],[-84.40978,37.38511],[-84.40945,37.38502],[-84.40877,37.3852],[-84.40833,37.38514],[-84.40739,37.38575],[-84.40667,37.38651],[-84.40663,37.38691],[-84.4071,37.38762],[-84.40708,37.38769],[-84.40672,37.3877],[-84.4065,37.3878],[-84.40651,37.38837],[-84.40641,37.38841],[-84.40602,37.38803],[-84.4058,37.388],[-84.40542,37.38819],[-84.40502,37.3887]],[[-84.4046,37.38591],[-84.40508,37.38555],[-84.40562,37.38533],[-84.40523,37.38505],[-84.40521,37.38472],[-84.40549,37.38466],[-84.40627,37.3848],[-84.40678,37.38468],[-84.40745,37.38417],[-84.40772,37.38366],[-84.40768,37.38332],[-84.40723,37.38313],[-84.40653,37.38316]],[[-84.40647,37.38315],[-84.40647,37.3831]],[[-84.40489,37.38865],[-84.40511,37.38806],[-84.4056,37.38745],[-84.40573,37.38708],[-84.40568,37.38657],[-84.40579,37.38608],[-84.40567,37.38592],[-84.40475,37.38602],[-84.40453,37.38598]]]}},{"type":"Feature","properties":{"quad":"Crab Orchard","gq_number":"571","source_pub":"Geologic map of the Crab Orchard quadrangle, Lincoln County, Kentucky | James Louis Gualtieri | 1967, GQ-571","source_url":"https://pubs.usgs.gov/publication/gq571","original_line_symbol":"Mbh","polygon_pair_below_above":"Mb|Mbr","contact_style":"CONTACT","contact_comments":"Halls Gap Member, Borden Formation","meaning":"Top of Halls Gap Member (Mbh) under Renfro; the Wildie (upper-Nada equivalent) is absent or unmapped here, so the target horizon may be missing or included in an adjacent unit.","class_label":"AMBIGUOUS","confidence":"Not used"},"geometry":{"type":"MultiLineString","coordinates":[[[-84.53391,37.37777],[-84.53431,37.37737],[-84.53427,37.37693],[-84.5345,37.37585],[-84.53495,37.3751]],[[-84.53434,37.3751],[-84.53399,37.37589],[-84.53395,37.37639],[-84.53378,37.37665],[-84.53375,37.37768]]]}},{"type":"Feature","properties":{"quad":"Crab Orchard","gq_number":"571","source_pub":"Geologic map of the Crab Orchard quadrangle, Lincoln County, Kentucky | James Louis Gualtieri | 1967, GQ-571","source_url":"https://pubs.usgs.gov/publication/gq571","original_line_symbol":"Mbh","polygon_pair_below_above":"Mb|Mbr","contact_style":"CONTACT","contact_comments":"Halls Gap Member, Borden Formation","meaning":"Top of Halls Gap Member (Mbh) under Renfro; the Wildie (upper-Nada equivalent) is absent or unmapped here, so the target horizon may be missing or included in an adjacent unit.","class_label":"AMBIGUOUS","confidence":"Not used"},"geometry":{"type":"LineString","coordinates":[[-84.59112,37.3751],[-84.59102,37.37559],[-84.59045,37.37634],[-84.59011,37.37698],[-84.58932,37.37756],[-84.58912,37.37847],[-84.58864,37.37882],[-84.58859,37.37863],[-84.5889,37.37792],[-84.58858,37.37765],[-84.58731,37.37783],[-84.58626,37.3782],[-84.58615,37.37815],[-84.58621,37.37792],[-84.58668,37.37754],[-84.58798,37.37736],[-84.58887,37.37701],[-84.58906,37.37679],[-84.58956,37.37556],[-84.58953,37.37543],[-84.58926,37.37539],[-84.58839,37.37564],[-84.58741,37.37572],[-84.58738,37.37556],[-84.58791,37.37517],[-84.58787,37.3751]]}},{"type":"Feature","properties":{"quad":"Crab Orchard","gq_number":"571","source_pub":"Geologic map of the Crab Orchard quadrangle, Lincoln County, Kentucky | James Louis Gualtieri | 1967, GQ-571","source_url":"https://pubs.usgs.gov/publication/gq571","original_line_symbol":"Mbh","polygon_pair_below_above":"Mb|Mbr","contact_style":"CONTACT","contact_comments":"Halls Gap Member, Borden Formation","meaning":"Top of Halls Gap Member (Mbh) under Renfro; the Wildie (upper-Nada equivalent) is absent or unmapped here, so the target horizon may be missing or included in an adjacent unit.","class_label":"AMBIGUOUS","confidence":"Not used"},"geometry":{"type":"MultiLineString","coordinates":[[[-84.59224,37.3751],[-84.59262,37.37722],[-84.59256,37.37742],[-84.59208,37.37782],[-84.59084,37.37844],[-84.59024,37.37894],[-84.59011,37.37927],[-84.59021,37.37934],[-84.59058,37.37917],[-84.59103,37.37913],[-84.5911,37.37945],[-84.59137,37.37958],[-84.59169,37.37944],[-84.5923,37.37894],[-84.59299,37.37885],[-84.59313,37.37898],[-84.59323,37.37977],[-84.59311,37.38033],[-84.5929,37.38066],[-84.59212,37.38092],[-84.59102,37.38105],[-84.58955,37.38151],[-84.5878,37.38045],[-84.58706,37.38012],[-84.5865,37.38005],[-84.58596,37.38018],[-84.58482,37.38075],[-84.58468,37.38084],[-84.58468,37.38095],[-84.58522,37.38105],[-84.58606,37.38087],[-84.58651,37.38089],[-84.58706,37.38126],[-84.58761,37.38185],[-84.58759,37.38201],[-84.58677,37.38239],[-84.5859,37.38219],[-84.58576,37.38229],[-84.58574,37.38259],[-84.58551,37.38293],[-84.58481,37.38328],[-84.58429,37.38325],[-84.58352,37.38292],[-84.58351,37.38314],[-84.58377,37.38374],[-84.58374,37.38389],[-84.58352,37.38407],[-84.58221,37.38473],[-84.58114,37.38465],[-84.58032,37.38485]],[[-84.58754,37.38786],[-84.58749,37.38715],[-84.58785,37.38657],[-84.58807,37.38582],[-84.58842,37.38563],[-84.58834,37.38528],[-84.58841,37.38383],[-84.5904,37.38342],[-84.5907,37.38346],[-84.5908,37.38374],[-84.59057,37.38465],[-84.59063,37.38483],[-84.59078,37.38488],[-84.59113,37.38478],[-84.59175,37.38426],[-84.59186,37.38426],[-84.59187,37.38443],[-84.59157,37.38562],[-84.59139,37.38586],[-84.59023,37.38645],[-84.58969,37.38689],[-84.58972,37.38711],[-84.58986,37.38725],[-84.59076,37.38753],[-84.5906,37.38809],[-84.59017,37.38891],[-84.59037,37.39073],[-84.59003,37.39103],[-84.58946,37.39111],[-84.58898,37.39103],[-84.58854,37.39073],[-84.58842,37.39111],[-84.58817,37.39119],[-84.58744,37.39106],[-84.58699,37.39085]],[[-84.58539,37.38551],[-84.58592,37.38451],[-84.58641,37.38431],[-84.58689,37.38443],[-84.58713,37.38521],[-84.58707,37.38631],[-84.5868,37.38691],[-84.58584,37.38766],[-84.58562,37.38799],[-84.58578,37.388],[-84.58667,37.38754],[-84.58707,37.38759],[-84.58751,37.38798]],[[-84.58695,37.39102],[-84.58709,37.39126],[-84.58773,37.3916],[-84.58793,37.39198],[-84.58868,37.39189],[-84.58977,37.39202],[-84.59017,37.39219],[-84.5904,37.3929],[-84.59043,37.39389],[-84.59023,37.39423],[-84.58997,37.39425],[-84.58952,37.39399],[-84.58932,37.39444],[-84.58911,37.39462],[-84.58692,37.39506],[-84.58663,37.3949],[-84.58562,37.39355],[-84.58501,37.3931]],[[-84.58524,37.38554],[-84.5853,37.38558]],[[-84.58412,37.38601],[-84.58427,37.38522],[-84.58455,37.38489],[-84.58502,37.38484],[-84.58513,37.3849],[-84.58527,37.38537]],[[-84.58491,37.39317],[-84.58569,37.39471],[-84.58577,37.39507],[-84.58569,37.39521],[-84.58542,37.39527],[-84.58432,37.39517],[-84.58319,37.39519],[-84.58268,37.3949]],[[-84.58226,37.3866],[-84.5823,37.3859],[-84.58243,37.38571],[-84.5831,37.38539],[-84.58343,37.38537],[-84.58372,37.38551],[-84.58397,37.38597]],[[-84.58266,37.39493],[-84.58243,37.39518],[-84.58133,37.39538],[-84.58111,37.394]],[[-84.58085,37.38821],[-84.58109,37.38817],[-84.58108,37.3878],[-84.58145,37.38708],[-84.5816,37.38643],[-84.58174,37.38638],[-84.58204,37.38662]],[[-84.57913,37.38669],[-84.57954,37.38668],[-84.58024,37.38633],[-84.58084,37.38647],[-84.58092,37.38694],[-84.58066,37.38816]],[[-84.58045,37.38494],[-84.58116,37.38503],[-84.58137,37.38513],[-84.58143,37.38531],[-84.58125,37.38557],[-84.58084,37.38592],[-84.58015,37.38598],[-84.57953,37.38638],[-84.57917,37.38651]],[[-84.57881,37.38663],[-84.57882,37.38668]]]}},{"type":"Feature","properties":{"quad":"Wildie","gq_number":"684","source_pub":"Geologic map of the Wildie quadrangle, Garrard and Rockcastle Counties, Kentucky | James Louis Gualtieri | 1968, GQ-684","source_url":"https://pubs.usgs.gov/publication/gq684","original_line_symbol":"Mbh","polygon_pair_below_above":"Mb|Mbr","contact_style":"CONTACT","contact_comments":"Halls Gap Member, Borden Formation","meaning":"Top of Halls Gap Member (Mbh) under Renfro; the Wildie (upper-Nada equivalent) is absent or unmapped here, so the target horizon may be missing or included in an adjacent unit.","class_label":"AMBIGUOUS","confidence":"Not used"},"geometry":{"type":"MultiLineString","coordinates":[[[-84.35256,37.3751],[-84.35289,37.37537],[-84.35362,37.37651],[-84.35359,37.37671],[-84.35322,37.37677],[-84.35318,37.37686],[-84.3534,37.37702],[-84.35375,37.37709],[-84.35378,37.37732],[-84.35264,37.3793],[-84.35147,37.38066],[-84.34919,37.38254],[-84.34875,37.38281],[-84.34833,37.38294],[-84.34772,37.38281],[-84.34693,37.38178],[-84.3468,37.38142],[-84.34715,37.38069]],[[-84.347,37.38068],[-84.34661,37.38093],[-84.34621,37.38103],[-84.34603,37.38097],[-84.34575,37.38059],[-84.34518,37.38053]],[[-84.34517,37.38062],[-84.34556,37.38102],[-84.34567,37.3814],[-84.34586,37.38153],[-84.34617,37.38236],[-84.34585,37.38278],[-84.34583,37.38304],[-84.34617,37.38306],[-84.34642,37.38322],[-84.34656,37.38372],[-84.34623,37.38424],[-84.34567,37.38464],[-84.34469,37.38511],[-84.34412,37.38518]]]}},{"type":"Feature","properties":{"quad":"Brodhead","gq_number":"662","source_pub":"Geologic map of the Brodhead quadrangle, east-central Kentucky | James Louis Gualtieri | 1967, GQ-662","source_url":"https://pubs.usgs.gov/publication/gq662","original_line_symbol":"Mbh","polygon_pair_below_above":"Mb|Mbr","contact_style":"CONTACT","contact_comments":"Halls Gap Member, Borden Formation","meaning":"Top of Halls Gap Member (Mbh) under Renfro; the Wildie (upper-Nada equivalent) is absent or unmapped here, so the target horizon may be missing or included in an adjacent unit.","class_label":"AMBIGUOUS","confidence":"Not used"},"geometry":{"type":"LineString","coordinates":[[-84.4679,37.3751],[-84.46775,37.37523],[-84.46688,37.37532],[-84.46653,37.37565],[-84.46653,37.37622],[-84.46684,37.37655],[-84.46638,37.37699],[-84.46635,37.37761],[-84.46654,37.37804],[-84.46678,37.37819],[-84.46703,37.37826],[-84.46746,37.37815],[-84.46766,37.37865],[-84.4676,37.37884],[-84.46705,37.37907],[-84.46675,37.37929],[-84.46684,37.37958],[-84.46717,37.37969],[-84.46748,37.37967],[-84.46898,37.37922],[-84.46968,37.3788],[-84.4699,37.37851],[-84.47002,37.37804],[-84.47001,37.37775],[-84.46971,37.37738],[-84.4698,37.37708],[-84.46996,37.37699],[-84.4705,37.37698],[-84.47173,37.37627],[-84.47282,37.37553],[-84.47303,37.37531],[-84.47297,37.3751]]}},{"type":"Feature","properties":{"quad":"Crab Orchard","gq_number":"571","source_pub":"Geologic map of the Crab Orchard quadrangle, Lincoln County, Kentucky | James Louis Gualtieri | 1967, GQ-571","source_url":"https://pubs.usgs.gov/publication/gq571","original_line_symbol":"Mbh","polygon_pair_below_above":"Mb|Mbr","contact_style":"CONTACT","contact_comments":"Halls Gap Member, Borden Formation","meaning":"Top of Halls Gap Member (Mbh) under Renfro; the Wildie (upper-Nada equivalent) is absent or unmapped here, so the target horizon may be missing or included in an adjacent unit.","class_label":"AMBIGUOUS","confidence":"Not used"},"geometry":{"type":"MultiLineString","coordinates":[[[-84.52864,37.37818],[-84.529,37.37761],[-84.52906,37.37717],[-84.52928,37.37696],[-84.52917,37.3768],[-84.52921,37.37645],[-84.5291,37.37623],[-84.52925,37.37575],[-84.529,37.37553],[-84.52902,37.3751]],[[-84.52801,37.3751],[-84.52839,37.37567],[-84.52846,37.37597],[-84.52827,37.37618],[-84.52848,37.3764],[-84.52869,37.37706],[-84.52863,37.37736],[-84.52844,37.37755],[-84.52853,37.37798]]]}},{"type":"Feature","properties":{"quad":"Crab Orchard","gq_number":"571","source_pub":"Geologic map of the Crab Orchard quadrangle, Lincoln County, Kentucky | James Louis Gualtieri | 1967, GQ-571","source_url":"https://pubs.usgs.gov/publication/gq571","original_line_symbol":"Mbh","polygon_pair_below_above":"Mb|Mbr","contact_style":"CONTACT","contact_comments":"Halls Gap Member, Borden Formation","meaning":"Top of Halls Gap Member (Mbh) under Renfro; the Wildie (upper-Nada equivalent) is absent or unmapped here, so the target horizon may be missing or included in an adjacent unit.","class_label":"AMBIGUOUS","confidence":"Not used"},"geometry":{"type":"LineString","coordinates":[[-84.60112,37.37627],[-84.5999,37.37601],[-84.5992,37.37571],[-84.59881,37.37546],[-84.59861,37.3751]]}},{"type":"Feature","properties":{"quad":"Crab Orchard","gq_number":"571","source_pub":"Geologic map of the Crab Orchard quadrangle, Lincoln County, Kentucky | James Louis Gualtieri | 1967, GQ-571","source_url":"https://pubs.usgs.gov/publication/gq571","original_line_symbol":"Mbh","polygon_pair_below_above":"Mb|Mbr","contact_style":"CONTACT","contact_comments":"Halls Gap Member, Borden Formation","meaning":"Top of Halls Gap Member (Mbh) under Renfro; the Wildie (upper-Nada equivalent) is absent or unmapped here, so the target horizon may be missing or included in an adjacent unit.","class_label":"AMBIGUOUS","confidence":"Not used"},"geometry":{"type":"MultiLineString","coordinates":[[[-84.52426,37.37556],[-84.52465,37.37544],[-84.52446,37.3751]],[[-84.52397,37.3751],[-84.52416,37.37536],[-84.52412,37.37565]]]}},{"type":"Feature","properties":{"quad":"Brodhead","gq_number":"662","source_pub":"Geologic map of the Brodhead quadrangle, east-central Kentucky | James Louis Gualtieri | 1967, GQ-662","source_url":"https://pubs.usgs.gov/publication/gq662","original_line_symbol":"Mbh","polygon_pair_below_above":"Mb|Mbr","contact_style":"CONTACT","contact_comments":"Halls Gap Member, Borden Formation","meaning":"Top of Halls Gap Member (Mbh) under Renfro; the Wildie (upper-Nada equivalent) is absent or unmapped here, so the target horizon may be missing or included in an adjacent unit.","class_label":"AMBIGUOUS","confidence":"Not used"},"geometry":{"type":"LineString","coordinates":[[-84.47416,37.3751],[-84.47421,37.37519],[-84.47409,37.37536],[-84.47355,37.37584],[-84.47371,37.37652],[-84.47309,37.37665],[-84.47269,37.37687],[-84.47238,37.37724],[-84.47231,37.37776],[-84.47183,37.37799],[-84.47155,37.37835],[-84.47157,37.3787],[-84.47169,37.37893],[-84.47194,37.37911],[-84.47235,37.37923],[-84.47342,37.3793],[-84.47461,37.37906],[-84.47481,37.37878],[-84.47444,37.37817],[-84.47452,37.37802],[-84.47606,37.37808],[-84.47627,37.37821],[-84.47632,37.37859],[-84.47657,37.37884],[-84.47731,37.37907],[-84.47766,37.37909],[-84.47783,37.37902],[-84.47803,37.37868],[-84.47784,37.37714],[-84.47755,37.37658],[-84.47704,37.37631],[-84.47723,37.37595],[-84.47714,37.37552],[-84.47736,37.3751]]}},{"type":"Feature","properties":{"quad":"Brodhead","gq_number":"662","source_pub":"Geologic map of the Brodhead quadrangle, east-central Kentucky | James Louis Gualtieri | 1967, GQ-662","source_url":"https://pubs.usgs.gov/publication/gq662","original_line_symbol":"Mbh","polygon_pair_below_above":"Mb|Mbr","contact_style":"CONTACT","contact_comments":"Halls Gap Member, Borden Formation","meaning":"Top of Halls Gap Member (Mbh) under Renfro; the Wildie (upper-Nada equivalent) is absent or unmapped here, so the target horizon may be missing or included in an adjacent unit.","class_label":"AMBIGUOUS","confidence":"Not used"},"geometry":{"type":"MultiLineString","coordinates":[[[-84.48698,37.37568],[-84.48706,37.37564],[-84.48727,37.37576],[-84.48775,37.37615]],[[-84.48643,37.3762],[-84.48685,37.37598],[-84.487,37.37574]]]}},{"type":"Feature","properties":{"quad":"Brodhead","gq_number":"662","source_pub":"Geologic map of the Brodhead quadrangle, east-central Kentucky | James Louis Gualtieri | 1967, GQ-662","source_url":"https://pubs.usgs.gov/publication/gq662","original_line_symbol":"Mbh","polygon_pair_below_above":"Mb|Mbr","contact_style":"CONTACT","contact_comments":"Halls Gap Member, Borden Formation","meaning":"Top of Halls Gap Member (Mbh) under Renfro; the Wildie (upper-Nada equivalent) is absent or unmapped here, so the target horizon may be missing or included in an adjacent unit.","class_label":"AMBIGUOUS","confidence":"Not used"},"geometry":{"type":"MultiLineString","coordinates":[[[-84.48192,37.37567],[-84.48128,37.37611],[-84.47993,37.37678],[-84.47965,37.3771],[-84.47981,37.3781],[-84.48003,37.37842],[-84.48022,37.37844],[-84.48058,37.3783],[-84.48241,37.377],[-84.48304,37.37676],[-84.48338,37.37647],[-84.48391,37.37636],[-84.48419,37.37617],[-84.48472,37.37633],[-84.48544,37.37615],[-84.48643,37.3762]],[[-84.4781,37.3751],[-84.47831,37.3759],[-84.47873,37.37626],[-84.47931,37.37615],[-84.48066,37.37554],[-84.48174,37.37567]]]}},{"type":"Feature","properties":{"quad":"Crab Orchard","gq_number":"571","source_pub":"Geologic map of the Crab Orchard quadrangle, Lincoln County, Kentucky | James Louis Gualtieri | 1967, GQ-571","source_url":"https://pubs.usgs.gov/publication/gq571","original_line_symbol":"Mbh","polygon_pair_below_above":"Mb|Mbr","contact_style":"CONTACT","contact_comments":"Halls Gap Member, Borden Formation","meaning":"Top of Halls Gap Member (Mbh) under Renfro; the Wildie (upper-Nada equivalent) is absent or unmapped here, so the target horizon may be missing or included in an adjacent unit.","class_label":"AMBIGUOUS","confidence":"Not used"},"geometry":{"type":"LineString","coordinates":[[-84.52089,37.3751],[-84.52096,37.37517],[-84.52078,37.37592],[-84.521,37.3763],[-84.52098,37.37683],[-84.52136,37.3775],[-84.52178,37.37781],[-84.52186,37.37769],[-84.52156,37.37677],[-84.52164,37.37631],[-84.52157,37.37579],[-84.52185,37.3751]]}},{"type":"Feature","properties":{"quad":"Wildie","gq_number":"684","source_pub":"Geologic map of the Wildie quadrangle, Garrard and Rockcastle Counties, Kentucky | James Louis Gualtieri | 1968, GQ-684","source_url":"https://pubs.usgs.gov/publication/gq684","original_line_symbol":"Mbh","polygon_pair_below_above":"Mb|Mbr","contact_style":"CONTACT","contact_comments":"Halls Gap Member, Borden Formation","meaning":"Top of Halls Gap Member (Mbh) under Renfro; the Wildie (upper-Nada equivalent) is absent or unmapped here, so the target horizon may be missing or included in an adjacent unit.","class_label":"AMBIGUOUS","confidence":"Not used"},"geometry":{"type":"LineString","coordinates":[[-84.35978,37.3751],[-84.35959,37.37534],[-84.35917,37.37561],[-84.35799,37.37614],[-84.3561,37.37638],[-84.35563,37.37634],[-84.35533,37.37619],[-84.35431,37.3751]]}},{"type":"Feature","properties":{"quad":"Wildie","gq_number":"684","source_pub":"Geologic map of the Wildie quadrangle, Garrard and Rockcastle Counties, Kentucky | James Louis Gualtieri | 1968, GQ-684","source_url":"https://pubs.usgs.gov/publication/gq684","original_line_symbol":"Mbh","polygon_pair_below_above":"Mb|Mbr","contact_style":"CONTACT","contact_comments":"Halls Gap Member, Borden Formation","meaning":"Top of Halls Gap Member (Mbh) under Renfro; the Wildie (upper-Nada equivalent) is absent or unmapped here, so the target horizon may be missing or included in an adjacent unit.","class_label":"AMBIGUOUS","confidence":"Not used"},"geometry":{"type":"MultiLineString","coordinates":[[[-84.36407,37.38863],[-84.363,37.38955]],[[-84.36277,37.38974],[-84.36053,37.39095],[-84.35881,37.39213],[-84.35817,37.39268],[-84.35668,37.39312],[-84.35577,37.39352],[-84.35494,37.39371],[-84.35429,37.39364],[-84.3538,37.39335],[-84.35277,37.39218],[-84.3512,37.39107],[-84.35025,37.39061],[-84.34863,37.39015],[-84.3482,37.38982],[-84.34795,37.38945],[-84.34789,37.3891],[-84.34809,37.38854],[-84.34809,37.38788],[-84.34824,37.38759],[-84.34843,37.38748],[-84.34891,37.38764],[-84.34926,37.38814],[-84.34972,37.38751],[-84.35009,37.38751],[-84.35037,37.38771],[-84.35081,37.38837],[-84.35104,37.38836],[-84.35121,37.38826],[-84.35114,37.38755],[-84.35091,37.38702],[-84.34962,37.38633],[-84.35176,37.38437],[-84.35212,37.38414],[-84.35264,37.38441],[-84.35341,37.38522],[-84.3537,37.38539],[-84.35378,37.38564],[-84.35402,37.38581],[-84.35429,37.38651],[-84.35497,37.38732],[-84.35516,37.38733],[-84.35523,37.38722],[-84.35485,37.38603],[-84.3549,37.3857],[-84.35514,37.38541],[-84.3553,37.38534],[-84.35583,37.38539],[-84.35662,37.38567],[-84.35765,37.38557],[-84.35749,37.3854],[-84.35624,37.38515],[-84.35578,37.38463],[-84.35555,37.3846],[-84.35512,37.38471],[-84.35476,37.38461],[-84.35323,37.3832],[-84.35313,37.38297],[-84.3532,37.38256],[-84.35371,37.38205],[-84.35407,37.38197],[-84.35477,37.38217],[-84.35448,37.38135],[-84.35452,37.381],[-84.35519,37.38049],[-84.35553,37.3796],[-84.35629,37.3789],[-84.35709,37.3785],[-84.35759,37.37842],[-84.3578,37.37864],[-84.35808,37.37952],[-84.3584,37.3797],[-84.35915,37.38094],[-84.35929,37.38106],[-84.35967,37.38113]],[[-84.35988,37.38113],[-84.35917,37.3801],[-84.35897,37.37959],[-84.35881,37.3786],[-84.35887,37.37813],[-84.35902,37.37789],[-84.35976,37.37763],[-84.36048,37.37713],[-84.36083,37.37703],[-84.36119,37.3771],[-84.36198,37.37761],[-84.36218,37.37831],[-84.36244,37.37787],[-84.36267,37.37775],[-84.36306,37.37772],[-84.36389,37.37784],[-84.36419,37.37778],[-84.36411,37.37768],[-84.36265,37.37724],[-84.36202,37.37675],[-84.36175,37.3763],[-84.36175,37.37598],[-84.36222,37.3751]]]}},{"type":"Feature","properties":{"quad":"Crab Orchard","gq_number":"571","source_pub":"Geologic map of the Crab Orchard quadrangle, Lincoln County, Kentucky | James Louis Gualtieri | 1967, GQ-571","source_url":"https://pubs.usgs.gov/publication/gq571","original_line_symbol":"Mbh","polygon_pair_below_above":"Mb|Mbr","contact_style":"CONTACT","contact_comments":"Halls Gap Member, Borden Formation","meaning":"Top of Halls Gap Member (Mbh) under Renfro; the Wildie (upper-Nada equivalent) is absent or unmapped here, so the target horizon may be missing or included in an adjacent unit.","class_label":"AMBIGUOUS","confidence":"Not used"},"geometry":{"type":"LineString","coordinates":[[-84.60814,37.3751],[-84.60828,37.3753],[-84.60858,37.37541],[-84.60893,37.37576],[-84.60898,37.37594],[-84.60882,37.37624],[-84.60836,37.3765],[-84.6077,37.37671],[-84.60624,37.37691],[-84.60566,37.37678],[-84.60488,37.3764],[-84.60486,37.37655],[-84.60522,37.37703],[-84.6052,37.3773],[-84.60499,37.37771],[-84.60596,37.37761],[-84.6064,37.37772],[-84.60659,37.37799],[-84.60659,37.37887],[-84.60668,37.37893],[-84.6075,37.37812],[-84.60795,37.378],[-84.60817,37.37809],[-84.60819,37.37856],[-84.60781,37.37944],[-84.60837,37.37924],[-84.60887,37.37935],[-84.60933,37.37861],[-84.60959,37.37787],[-84.60982,37.3777],[-84.61016,37.37779],[-84.61028,37.37998],[-84.61015,37.38054],[-84.60961,37.38136],[-84.60853,37.38183],[-84.60836,37.38224],[-84.60846,37.38248],[-84.60868,37.38261],[-84.60972,37.38283],[-84.60971,37.38318],[-84.6094,37.38397],[-84.60906,37.38433],[-84.60888,37.38434],[-84.60771,37.38388],[-84.60733,37.38385],[-84.60669,37.38457],[-84.60589,37.38514],[-84.60589,37.38527],[-84.60601,37.38531],[-84.60746,37.38529],[-84.60745,37.38544],[-84.60691,37.38636],[-84.60693,37.38656],[-84.60751,37.38646],[-84.6084,37.3861],[-84.60852,37.38618],[-84.60751,37.38787],[-84.60634,37.389],[-84.60548,37.39009],[-84.60397,37.39163],[-84.60338,37.39179],[-84.60322,37.39193],[-84.60326,37.39205],[-84.60364,37.3923]]}},{"type":"Feature","properties":{"quad":"Crab Orchard","gq_number":"571","source_pub":"Geologic map of the Crab Orchard quadrangle, Lincoln County, Kentucky | James Louis Gualtieri | 1967, GQ-571","source_url":"https://pubs.usgs.gov/publication/gq571","original_line_symbol":"Mbh","polygon_pair_below_above":"Mb|Mbr","contact_style":"CONTACT","contact_comments":"Halls Gap Member, Borden Formation","meaning":"Top of Halls Gap Member (Mbh) under Renfro; the Wildie (upper-Nada equivalent) is absent or unmapped here, so the target horizon may be missing or included in an adjacent unit.","class_label":"AMBIGUOUS","confidence":"Not used"},"geometry":{"type":"MultiLineString","coordinates":[[[-84.51604,37.37919],[-84.51596,37.37903],[-84.516,37.37859],[-84.5155,37.37782],[-84.51571,37.37734],[-84.51559,37.37717],[-84.5156,37.37646],[-84.51585,37.37636],[-84.51732,37.37677],[-84.5174,37.37667],[-84.51695,37.37631],[-84.51626,37.37596],[-84.51615,37.37562],[-84.51554,37.37565],[-84.51543,37.3751]],[[-84.51243,37.37625],[-84.51295,37.37625],[-84.51333,37.37609],[-84.51358,37.37642],[-84.51416,37.37572],[-84.51443,37.3757],[-84.5148,37.37632],[-84.51491,37.37744],[-84.51481,37.3779],[-84.51441,37.37855],[-84.51438,37.37891],[-84.51448,37.37896],[-84.515,37.37842],[-84.51531,37.37832],[-84.51557,37.37859],[-84.51578,37.37915],[-84.51595,37.3793]],[[-84.51389,37.37509],[-84.51377,37.37533],[-84.51327,37.37573],[-84.51235,37.37614]],[[-84.51224,37.37624],[-84.51225,37.37628]]]}},{"type":"Feature","properties":{"quad":"Woodstock","gq_number":"776","source_pub":"Geologic map of the Woodstock quadrangle, south-central Kentucky | Gordon Whitney Weir and Seymour O. Schlanger | 1969, GQ-776","source_url":"https://pubs.usgs.gov/publication/gq776","original_line_symbol":"Mbh","polygon_pair_below_above":"Mb|Mbrl","contact_style":"CONTACT","contact_comments":"Halls Gap Member, Borden Formation","meaning":"Top of Halls Gap Member (Mbh) under Renfro; the Wildie (upper-Nada equivalent) is absent or unmapped here, so the target horizon may be missing or included in an adjacent unit.","class_label":"AMBIGUOUS","confidence":"Not used"},"geometry":{"type":"LineString","coordinates":[[-84.55281,37.3751],[-84.55273,37.37472],[-84.55246,37.37488],[-84.55242,37.3751]]}},{"type":"Feature","properties":{"quad":"Woodstock","gq_number":"776","source_pub":"Geologic map of the Woodstock quadrangle, south-central Kentucky | Gordon Whitney Weir and Seymour O. Schlanger | 1969, GQ-776","source_url":"https://pubs.usgs.gov/publication/gq776","original_line_symbol":"Mbh","polygon_pair_below_above":"Mb|Mbr","contact_style":"CONTACT","contact_comments":"Halls Gap Member, Borden Formation","meaning":"Top of Halls Gap Member (Mbh) under Renfro; the Wildie (upper-Nada equivalent) is absent or unmapped here, so the target horizon may be missing or included in an adjacent unit.","class_label":"AMBIGUOUS","confidence":"Not used"},"geometry":{"type":"LineString","coordinates":[[-84.5457,37.3751],[-84.54491,37.37465],[-84.54457,37.37474],[-84.54439,37.3751]]}},{"type":"Feature","properties":{"quad":"Woodstock","gq_number":"776","source_pub":"Geologic map of the Woodstock quadrangle, south-central Kentucky | Gordon Whitney Weir and Seymour O. Schlanger | 1969, GQ-776","source_url":"https://pubs.usgs.gov/publication/gq776","original_line_symbol":"Mbh","polygon_pair_below_above":"Mb|Mbrl","contact_style":"CONTACT","contact_comments":"Halls Gap Member, Borden Formation","meaning":"Top of Halls Gap Member (Mbh) under Renfro; the Wildie (upper-Nada equivalent) is absent or unmapped here, so the target horizon may be missing or included in an adjacent unit.","class_label":"AMBIGUOUS","confidence":"Not used"},"geometry":{"type":"LineString","coordinates":[[-84.59224,37.3751],[-84.59197,37.37465],[-84.59178,37.37461],[-84.59112,37.3751]]}},{"type":"Feature","properties":{"quad":"Maretburg","gq_number":"338","source_pub":"Geology of the Maretburg quadrangle, Kentucky | Seymour O. Schlanger | 1965, GQ-338","source_url":"https://pubs.usgs.gov/publication/gq338","original_line_symbol":"Mbh","polygon_pair_below_above":"Mb|Mbr","contact_style":"CONTACT","contact_comments":"Halls Gap Member, Borden Formation","meaning":"Top of Halls Gap Member (Mbh) under Renfro; the Wildie (upper-Nada equivalent) is absent or unmapped here, so the target horizon may be missing or included in an adjacent unit.","class_label":"AMBIGUOUS","confidence":"Not used"},"geometry":{"type":"LineString","coordinates":[[-84.41982,37.3751],[-84.42027,37.37474],[-84.42078,37.37458]]}},{"type":"Feature","properties":{"quad":"Maretburg","gq_number":"338","source_pub":"Geology of the Maretburg quadrangle, Kentucky | Seymour O. Schlanger | 1965, GQ-338","source_url":"https://pubs.usgs.gov/publication/gq338","original_line_symbol":"Mbh","polygon_pair_below_above":"Mb|Mbr","contact_style":"CONTACT","contact_comments":"Halls Gap Member, Borden Formation","meaning":"Top of Halls Gap Member (Mbh) under Renfro; the Wildie (upper-Nada equivalent) is absent or unmapped here, so the target horizon may be missing or included in an adjacent unit.","class_label":"AMBIGUOUS","confidence":"Not used"},"geometry":{"type":"LineString","coordinates":[[-84.47416,37.3751],[-84.47418,37.37486],[-84.4744,37.37449],[-84.47429,37.37433],[-84.4735,37.3748],[-84.47322,37.3748],[-84.47257,37.37463],[-84.47297,37.3751]]}},{"type":"Feature","properties":{"quad":"Maretburg","gq_number":"338","source_pub":"Geology of the Maretburg quadrangle, Kentucky | Seymour O. Schlanger | 1965, GQ-338","source_url":"https://pubs.usgs.gov/publication/gq338","original_line_symbol":"Mbh","polygon_pair_below_above":"Mb|Mbr","contact_style":"CONTACT","contact_comments":"Halls Gap Member, Borden Formation","meaning":"Top of Halls Gap Member (Mbh) under Renfro; the Wildie (upper-Nada equivalent) is absent or unmapped here, so the target horizon may be missing or included in an adjacent unit.","class_label":"AMBIGUOUS","confidence":"Not used"},"geometry":{"type":"LineString","coordinates":[[-84.44504,37.37511],[-84.44483,37.375],[-84.44469,37.37479],[-84.44471,37.37427],[-84.44491,37.37414],[-84.44508,37.37465],[-84.44527,37.37486],[-84.44572,37.37511]]}},{"type":"Feature","properties":{"quad":"Woodstock","gq_number":"776","source_pub":"Geologic map of the Woodstock quadrangle, south-central Kentucky | Gordon Whitney Weir and Seymour O. Schlanger | 1969, GQ-776","source_url":"https://pubs.usgs.gov/publication/gq776","original_line_symbol":"Mbh","polygon_pair_below_above":"Mb|Mbrl","contact_style":"CONTACT","contact_comments":"Halls Gap Member, Borden Formation","meaning":"Top of Halls Gap Member (Mbh) under Renfro; the Wildie (upper-Nada equivalent) is absent or unmapped here, so the target horizon may be missing or included in an adjacent unit.","class_label":"AMBIGUOUS","confidence":"Not used"},"geometry":{"type":"LineString","coordinates":[[-84.5743,37.3751],[-84.57361,37.37415],[-84.57342,37.37405],[-84.57311,37.37425],[-84.57281,37.3747],[-84.57273,37.3751]]}},{"type":"Feature","properties":{"quad":"Woodstock","gq_number":"776","source_pub":"Geologic map of the Woodstock quadrangle, south-central Kentucky | Gordon Whitney Weir and Seymour O. Schlanger | 1969, GQ-776","source_url":"https://pubs.usgs.gov/publication/gq776","original_line_symbol":"Mbrl","polygon_pair_below_above":"Mb|Mbrl","contact_style":"CONTACT","contact_comments":"Lower part of Renfro Member, Slade Formation","meaning":"Not interpreted as the target contact.","class_label":"AMBIGUOUS","confidence":"Not used"},"geometry":{"type":"LineString","coordinates":[[-84.58296,37.3751],[-84.58278,37.37471],[-84.58255,37.3745],[-84.58219,37.37439],[-84.5817,37.37437],[-84.58128,37.37412],[-84.58056,37.37399],[-84.58034,37.37411],[-84.5802,37.37436],[-84.58028,37.3751]]}},{"type":"Feature","properties":{"quad":"Maretburg","gq_number":"338","source_pub":"Geology of the Maretburg quadrangle, Kentucky | Seymour O. Schlanger | 1965, GQ-338","source_url":"https://pubs.usgs.gov/publication/gq338","original_line_symbol":"Mbh","polygon_pair_below_above":"Mb|Mbr","contact_style":"CONTACT","contact_comments":"Halls Gap Member, Borden Formation","meaning":"Top of Halls Gap Member (Mbh) under Renfro; the Wildie (upper-Nada equivalent) is absent or unmapped here, so the target horizon may be missing or included in an adjacent unit.","class_label":"AMBIGUOUS","confidence":"Not used"},"geometry":{"type":"LineString","coordinates":[[-84.43286,37.37511],[-84.43286,37.37493],[-84.43306,37.37473],[-84.43375,37.37447],[-84.43389,37.37432],[-84.43319,37.37418],[-84.43216,37.37425],[-84.43123,37.37398],[-84.43058,37.37389],[-84.4305,37.37414],[-84.43097,37.37426],[-84.43144,37.37455],[-84.43177,37.37511]]}},{"type":"Feature","properties":{"quad":"Woodstock","gq_number":"776","source_pub":"Geologic map of the Woodstock quadrangle, south-central Kentucky | Gordon Whitney Weir and Seymour O. Schlanger | 1969, GQ-776","source_url":"https://pubs.usgs.gov/publication/gq776","original_line_symbol":"Mbh","polygon_pair_below_above":"Mb|Mbrl","contact_style":"CONTACT","contact_comments":"Halls Gap Member, Borden Formation","meaning":"Top of Halls Gap Member (Mbh) under Renfro; the Wildie (upper-Nada equivalent) is absent or unmapped here, so the target horizon may be missing or included in an adjacent unit.","class_label":"AMBIGUOUS","confidence":"Not used"},"geometry":{"type":"LineString","coordinates":[[-84.54369,37.3751],[-84.54351,37.37415],[-84.54334,37.37399],[-84.54283,37.37384],[-84.5425,37.37398],[-84.54237,37.3742],[-84.54249,37.3751]]}},{"type":"Feature","properties":{"quad":"Maretburg","gq_number":"338","source_pub":"Geology of the Maretburg quadrangle, Kentucky | Seymour O. Schlanger | 1965, GQ-338","source_url":"https://pubs.usgs.gov/publication/gq338","original_line_symbol":"Mbh","polygon_pair_below_above":"Mb|Mbr","contact_style":"CONTACT","contact_comments":"Halls Gap Member, Borden Formation","meaning":"Top of Halls Gap Member (Mbh) under Renfro; the Wildie (upper-Nada equivalent) is absent or unmapped here, so the target horizon may be missing or included in an adjacent unit.","class_label":"AMBIGUOUS","confidence":"Not used"},"geometry":{"type":"LineString","coordinates":[[-84.47736,37.3751],[-84.47746,37.37467],[-84.47769,37.37445],[-84.4779,37.37395],[-84.47798,37.37387],[-84.47832,37.37394],[-84.47883,37.37366],[-84.47893,37.37385],[-84.47826,37.37458],[-84.4781,37.3751]]}},{"type":"Feature","properties":{"quad":"Maretburg","gq_number":"338","source_pub":"Geology of the Maretburg quadrangle, Kentucky | Seymour O. Schlanger | 1965, GQ-338","source_url":"https://pubs.usgs.gov/publication/gq338","original_line_symbol":"Mbh","polygon_pair_below_above":"Mb|Mbr","contact_style":"CONTACT","contact_comments":"Halls Gap Member, Borden Formation","meaning":"Top of Halls Gap Member (Mbh) under Renfro; the Wildie (upper-Nada equivalent) is absent or unmapped here, so the target horizon may be missing or included in an adjacent unit.","class_label":"AMBIGUOUS","confidence":"Not used"},"geometry":{"type":"LineString","coordinates":[[-84.42107,37.37476],[-84.42164,37.37441],[-84.42268,37.37433],[-84.42414,37.37408],[-84.42478,37.37405],[-84.42555,37.37425],[-84.42567,37.3742],[-84.42506,37.37365],[-84.42446,37.37331],[-84.42336,37.37329],[-84.42173,37.37295],[-84.42073,37.37294]]}},{"type":"Feature","properties":{"quad":"Woodstock","gq_number":"776","source_pub":"Geologic map of the Woodstock quadrangle, south-central Kentucky | Gordon Whitney Weir and Seymour O. Schlanger | 1969, GQ-776","source_url":"https://pubs.usgs.gov/publication/gq776","original_line_symbol":"Mbh","polygon_pair_below_above":"Mb|Mbr","contact_style":"CONTACT","contact_comments":"Halls Gap Member, Borden Formation","meaning":"Top of Halls Gap Member (Mbh) under Renfro; the Wildie (upper-Nada equivalent) is absent or unmapped here, so the target horizon may be missing or included in an adjacent unit.","class_label":"AMBIGUOUS","confidence":"Not used"},"geometry":{"type":"LineString","coordinates":[[-84.52397,37.3751],[-84.52255,37.37416],[-84.52229,37.37364],[-84.52228,37.37312],[-84.52209,37.37294],[-84.522,37.37298],[-84.52193,37.37392],[-84.52197,37.37492],[-84.52185,37.3751]]}},{"type":"Feature","properties":{"quad":"Woodstock","gq_number":"776","source_pub":"Geologic map of the Woodstock quadrangle, south-central Kentucky | Gordon Whitney Weir and Seymour O. Schlanger | 1969, GQ-776","source_url":"https://pubs.usgs.gov/publication/gq776","original_line_symbol":"Mbh","polygon_pair_below_above":"Mb|Mbrl","contact_style":"CONTACT","contact_comments":"Halls Gap Member, Borden Formation","meaning":"Top of Halls Gap Member (Mbh) under Renfro; the Wildie (upper-Nada equivalent) is absent or unmapped here, so the target horizon may be missing or included in an adjacent unit.","class_label":"AMBIGUOUS","confidence":"Not used"},"geometry":{"type":"LineString","coordinates":[[-84.57994,37.3751],[-84.57924,37.37397],[-84.57892,37.37322],[-84.57733,37.37259],[-84.57678,37.3727],[-84.5766,37.37284],[-84.57659,37.37316],[-84.57688,37.37379],[-84.5771,37.37399],[-84.5782,37.37452],[-84.57854,37.37485],[-84.57862,37.37497],[-84.57855,37.3751]]}},{"type":"Feature","properties":{"quad":"Maretburg","gq_number":"338","source_pub":"Geology of the Maretburg quadrangle, Kentucky | Seymour O. Schlanger | 1965, GQ-338","source_url":"https://pubs.usgs.gov/publication/gq338","original_line_symbol":"Mbh","polygon_pair_below_above":"Mb|Mbr","contact_style":"CONTACT","contact_comments":"Halls Gap Member, Borden Formation","meaning":"Top of Halls Gap Member (Mbh) under Renfro; the Wildie (upper-Nada equivalent) is absent or unmapped here, so the target horizon may be missing or included in an adjacent unit.","class_label":"AMBIGUOUS","confidence":"Not used"},"geometry":{"type":"MultiLineString","coordinates":[[[-84.4012,37.3725],[-84.40186,37.3728],[-84.40225,37.37316],[-84.40498,37.37386],[-84.40531,37.37407],[-84.40536,37.37446],[-84.40549,37.37454],[-84.40786,37.37486],[-84.40829,37.3751]],[[-84.40276,37.37251],[-84.40216,37.37251],[-84.40178,37.37235],[-84.40134,37.37199],[-84.4012,37.37232],[-84.40108,37.37238]]]}},{"type":"Feature","properties":{"quad":"Maretburg","gq_number":"338","source_pub":"Geology of the Maretburg quadrangle, Kentucky | Seymour O. Schlanger | 1965, GQ-338","source_url":"https://pubs.usgs.gov/publication/gq338","original_line_symbol":"Mbh","polygon_pair_below_above":"Mb|Mbr","contact_style":"CONTACT","contact_comments":"Halls Gap Member, Borden Formation","meaning":"Top of Halls Gap Member (Mbh) under Renfro; the Wildie (upper-Nada equivalent) is absent or unmapped here, so the target horizon may be missing or included in an adjacent unit.","class_label":"AMBIGUOUS","confidence":"Not used"},"geometry":{"type":"LineString","coordinates":[[-84.41566,37.37166],[-84.41552,37.37312],[-84.41531,37.37361],[-84.41556,37.37417],[-84.41553,37.37468],[-84.41536,37.3751]]}},{"type":"Feature","properties":{"quad":"Maretburg","gq_number":"338","source_pub":"Geology of the Maretburg quadrangle, Kentucky | Seymour O. Schlanger | 1965, GQ-338","source_url":"https://pubs.usgs.gov/publication/gq338","original_line_symbol":"Mbh","polygon_pair_below_above":"Mb|Mbr","contact_style":"CONTACT","contact_comments":"Halls Gap Member, Borden Formation","meaning":"Top of Halls Gap Member (Mbh) under Renfro; the Wildie (upper-Nada equivalent) is absent or unmapped here, so the target horizon may be missing or included in an adjacent unit.","class_label":"AMBIGUOUS","confidence":"Not used"},"geometry":{"type":"LineString","coordinates":[[-84.45116,37.3751],[-84.4511,37.37467],[-84.4519,37.37457],[-84.45236,37.37428],[-84.45278,37.37375],[-84.45297,37.37334],[-84.45283,37.37287],[-84.4529,37.3727],[-84.45331,37.37281],[-84.45355,37.37274],[-84.45488,37.37171],[-84.45522,37.37158],[-84.45508,37.37192],[-84.45421,37.37272],[-84.45406,37.37311],[-84.45426,37.37338],[-84.45456,37.37355],[-84.45557,37.37368],[-84.4558,37.37401],[-84.45422,37.37387],[-84.45377,37.374],[-84.45341,37.37429],[-84.45316,37.37484],[-84.4529,37.3751]]}},{"type":"Feature","properties":{"quad":"Mount Vernon","gq_number":"902","source_pub":"Geologic map of the Mount Vernon quadrangle, Rockcastle County, Kentucky | Seymour O. Schlanger and Gordon Whitney Weir | 1971, GQ-902","source_url":"https://pubs.usgs.gov/publication/gq902","original_line_symbol":"Mbh","polygon_pair_below_above":"Mb|Mbr","contact_style":"CONTACT","contact_comments":"Halls Gap Member, Borden Formation","meaning":"Top of Halls Gap Member (Mbh) under Renfro; the Wildie (upper-Nada equivalent) is absent or unmapped here, so the target horizon may be missing or included in an adjacent unit.","class_label":"AMBIGUOUS","confidence":"Not used"},"geometry":{"type":"LineString","coordinates":[[-84.27784,37.37206],[-84.27802,37.37183],[-84.27797,37.37161],[-84.2777,37.37151],[-84.27707,37.37152],[-84.27642,37.37166],[-84.27601,37.37185],[-84.27597,37.37222]]}},{"type":"Feature","properties":{"quad":"Mount Vernon","gq_number":"902","source_pub":"Geologic map of the Mount Vernon quadrangle, Rockcastle County, Kentucky | Seymour O. Schlanger and Gordon Whitney Weir | 1971, GQ-902","source_url":"https://pubs.usgs.gov/publication/gq902","original_line_symbol":"Mbh","polygon_pair_below_above":"Mb|Mbr","contact_style":"CONTACT","contact_comments":"Halls Gap Member, Borden Formation","meaning":"Top of Halls Gap Member (Mbh) under Renfro; the Wildie (upper-Nada equivalent) is absent or unmapped here, so the target horizon may be missing or included in an adjacent unit.","class_label":"AMBIGUOUS","confidence":"Not used"},"geometry":{"type":"LineString","coordinates":[[-84.35256,37.3751],[-84.35216,37.37443],[-84.35225,37.37423],[-84.3519,37.37385],[-84.35153,37.37311],[-84.35102,37.37279],[-84.35028,37.37269],[-84.35041,37.37251],[-84.35128,37.37205],[-84.35156,37.37137],[-84.35251,37.37234],[-84.35292,37.37306],[-84.35351,37.37359],[-84.35379,37.3744],[-84.35431,37.3751]]}},{"type":"Feature","properties":{"quad":"Woodstock","gq_number":"776","source_pub":"Geologic map of the Woodstock quadrangle, south-central Kentucky | Gordon Whitney Weir and Seymour O. Schlanger | 1969, GQ-776","source_url":"https://pubs.usgs.gov/publication/gq776","original_line_symbol":"Mbh","polygon_pair_below_above":"Mb|Mbrl","contact_style":"CONTACT","contact_comments":"Halls Gap Member, Borden Formation","meaning":"Top of Halls Gap Member (Mbh) under Renfro; the Wildie (upper-Nada equivalent) is absent or unmapped here, so the target horizon may be missing or included in an adjacent unit.","class_label":"AMBIGUOUS","confidence":"Not used"},"geometry":{"type":"LineString","coordinates":[[-84.54226,37.37091],[-84.54229,37.37143],[-84.54243,37.37165],[-84.5435,37.37187],[-84.5429,37.37238],[-84.54296,37.37254],[-84.544,37.37302],[-84.54464,37.37355],[-84.54521,37.37389],[-84.54641,37.3739],[-84.54583,37.37448],[-84.54628,37.3751]]}},{"type":"Feature","properties":{"quad":"Maretburg","gq_number":"338","source_pub":"Geology of the Maretburg quadrangle, Kentucky | Seymour O. Schlanger | 1965, GQ-338","source_url":"https://pubs.usgs.gov/publication/gq338","original_line_symbol":"Mbh","polygon_pair_below_above":"Mb|Mbr","contact_style":"CONTACT","contact_comments":"Halls Gap Member, Borden Formation","meaning":"Top of Halls Gap Member (Mbh) under Renfro; the Wildie (upper-Nada equivalent) is absent or unmapped here, so the target horizon may be missing or included in an adjacent unit.","class_label":"AMBIGUOUS","confidence":"Not used"},"geometry":{"type":"MultiLineString","coordinates":[[[-84.46838,37.37223],[-84.46838,37.37227]],[[-84.46835,37.37231],[-84.46833,37.37235]],[[-84.46776,37.37228],[-84.4671,37.37235],[-84.46661,37.3728],[-84.46633,37.37337],[-84.46631,37.37416],[-84.46642,37.37445],[-84.46676,37.37476],[-84.46719,37.37492],[-84.46783,37.37501],[-84.4679,37.3751]],[[-84.46244,37.37085],[-84.46312,37.37102],[-84.46351,37.37152],[-84.464,37.3718],[-84.46513,37.37197],[-84.46595,37.37228],[-84.46618,37.37229],[-84.46707,37.3717],[-84.46783,37.37067],[-84.46799,37.37085],[-84.46744,37.37174],[-84.46757,37.37199],[-84.46796,37.37218]],[[-84.46351,37.3751],[-84.46296,37.37455]],[[-84.46317,37.37453],[-84.46363,37.37475],[-84.46418,37.37485],[-84.46466,37.37481],[-84.46508,37.37462],[-84.46529,37.37415],[-84.46534,37.37294],[-84.46503,37.37264],[-84.46356,37.37198],[-84.46294,37.37155],[-84.46288,37.37126],[-84.46224,37.37091]],[[-84.46294,37.3745],[-84.46296,37.37447]]]}},{"type":"Feature","properties":{"quad":"Woodstock","gq_number":"776","source_pub":"Geologic map of the Woodstock quadrangle, south-central Kentucky | Gordon Whitney Weir and Seymour O. Schlanger | 1969, GQ-776","source_url":"https://pubs.usgs.gov/publication/gq776","original_line_symbol":"Mbh","polygon_pair_below_above":"Mb|Mbrl","contact_style":"CONTACT","contact_comments":"Halls Gap Member, Borden Formation","meaning":"Top of Halls Gap Member (Mbh) under Renfro; the Wildie (upper-Nada equivalent) is absent or unmapped here, so the target horizon may be missing or included in an adjacent unit.","class_label":"AMBIGUOUS","confidence":"Not used"},"geometry":{"type":"LineString","coordinates":[[-84.54095,37.3751],[-84.5407,37.37363],[-84.54072,37.37255],[-84.54054,37.37106],[-84.5402,37.37005],[-84.54002,37.36987],[-84.53958,37.37008],[-84.53904,37.37131],[-84.53812,37.37229],[-84.53815,37.37306],[-84.53767,37.37338],[-84.53777,37.37406],[-84.5375,37.37468],[-84.53731,37.37485],[-84.53715,37.37487],[-84.53718,37.3743],[-84.53706,37.37407],[-84.53691,37.37399],[-84.53643,37.37403],[-84.5356,37.37438],[-84.53495,37.3751]]}},{"type":"Feature","properties":{"quad":"Woodstock","gq_number":"776","source_pub":"Geologic map of the Woodstock quadrangle, south-central Kentucky | Gordon Whitney Weir and Seymour O. Schlanger | 1969, GQ-776","source_url":"https://pubs.usgs.gov/publication/gq776","original_line_symbol":"Mbh","polygon_pair_below_above":"Mb|Mbr","contact_style":"CONTACT","contact_comments":"Halls Gap Member, Borden Formation","meaning":"Top of Halls Gap Member (Mbh) under Renfro; the Wildie (upper-Nada equivalent) is absent or unmapped here, so the target horizon may be missing or included in an adjacent unit.","class_label":"AMBIGUOUS","confidence":"Not used"},"geometry":{"type":"LineString","coordinates":[[-84.52089,37.3751],[-84.52061,37.37391],[-84.52032,37.37374],[-84.5193,37.3736],[-84.52026,37.37303],[-84.52075,37.3726],[-84.52074,37.37186],[-84.52097,37.37142],[-84.52064,37.37028],[-84.52024,37.36969],[-84.51991,37.3696],[-84.51877,37.37017],[-84.51851,37.37049],[-84.5185,37.37068],[-84.5177,37.37073],[-84.5175,37.37085],[-84.51744,37.37115],[-84.51753,37.37156],[-84.5179,37.37226],[-84.5178,37.3726],[-84.51718,37.37235],[-84.5169,37.37243],[-84.51678,37.37237],[-84.51665,37.37188],[-84.51631,37.37146],[-84.51614,37.37099],[-84.51595,37.37086],[-84.51551,37.37106],[-84.51505,37.37155],[-84.51458,37.3722],[-84.51449,37.37271],[-84.51474,37.37298],[-84.51517,37.37323],[-84.51482,37.37365],[-84.51478,37.3739],[-84.51543,37.3751]]}},{"type":"Feature","properties":{"quad":"Mount Vernon","gq_number":"902","source_pub":"Geologic map of the Mount Vernon quadrangle, Rockcastle County, Kentucky | Seymour O. Schlanger and Gordon Whitney Weir | 1971, GQ-902","source_url":"https://pubs.usgs.gov/publication/gq902","original_line_symbol":"Mbh","polygon_pair_below_above":"Mb|Mbr","contact_style":"CONTACT","contact_comments":"Halls Gap Member, Borden Formation","meaning":"Top of Halls Gap Member (Mbh) under Renfro; the Wildie (upper-Nada equivalent) is absent or unmapped here, so the target horizon may be missing or included in an adjacent unit.","class_label":"AMBIGUOUS","confidence":"Not used"},"geometry":{"type":"LineString","coordinates":[[-84.26158,37.36942],[-84.25952,37.36995],[-84.25842,37.36989],[-84.25664,37.36952]]}},{"type":"Feature","properties":{"quad":"Woodstock","gq_number":"776","source_pub":"Geologic map of the Woodstock quadrangle, south-central Kentucky | Gordon Whitney Weir and Seymour O. Schlanger | 1969, GQ-776","source_url":"https://pubs.usgs.gov/publication/gq776","original_line_symbol":"Mbh","polygon_pair_below_above":"Mb|Mbrl","contact_style":"CONTACT","contact_comments":"Halls Gap Member, Borden Formation","meaning":"Top of Halls Gap Member (Mbh) under Renfro; the Wildie (upper-Nada equivalent) is absent or unmapped here, so the target horizon may be missing or included in an adjacent unit.","class_label":"AMBIGUOUS","confidence":"Not used"},"geometry":{"type":"LineString","coordinates":[[-84.62495,37.36943],[-84.62455,37.36931],[-84.62359,37.3693],[-84.62173,37.36959],[-84.62016,37.36972],[-84.62,37.36981],[-84.62019,37.3701],[-84.62148,37.37098],[-84.62187,37.37135],[-84.62109,37.3713],[-84.62007,37.37111],[-84.61921,37.37082],[-84.6188,37.3708],[-84.61841,37.37094],[-84.61813,37.37123],[-84.61803,37.37156],[-84.61813,37.37182],[-84.61831,37.37195],[-84.61963,37.37249],[-84.62099,37.37287],[-84.62114,37.37296],[-84.62121,37.37318],[-84.62243,37.37369],[-84.62305,37.37374],[-84.62388,37.37323],[-84.62437,37.37311],[-84.6245,37.3733],[-84.62457,37.37428],[-84.62495,37.3744]]}},{"type":"Feature","properties":{"quad":"Mount Vernon","gq_number":"902","source_pub":"Geologic map of the Mount Vernon quadrangle, Rockcastle County, Kentucky | Seymour O. Schlanger and Gordon Whitney Weir | 1971, GQ-902","source_url":"https://pubs.usgs.gov/publication/gq902","original_line_symbol":"Mbh","polygon_pair_below_above":"Mb|Mbr","contact_style":"CONTACT","contact_comments":"Halls Gap Member, Borden Formation","meaning":"Top of Halls Gap Member (Mbh) under Renfro; the Wildie (upper-Nada equivalent) is absent or unmapped here, so the target horizon may be missing or included in an adjacent unit.","class_label":"AMBIGUOUS","confidence":"Not used"},"geometry":{"type":"MultiLineString","coordinates":[[[-84.26647,37.37255],[-84.26612,37.37161],[-84.2658,37.37021],[-84.26545,37.36964],[-84.2651,37.36939],[-84.26443,37.36923],[-84.26398,37.36931],[-84.26392,37.36947],[-84.26406,37.37003],[-84.26383,37.37074]],[[-84.26381,37.37079],[-84.26364,37.37069],[-84.2634,37.37003],[-84.26298,37.36947],[-84.26253,37.36921],[-84.26188,37.36928],[-84.26138,37.36916]]]}},{"type":"Feature","properties":{"quad":"Mount Vernon","gq_number":"902","source_pub":"Geologic map of the Mount Vernon quadrangle, Rockcastle County, Kentucky | Seymour O. Schlanger and Gordon Whitney Weir | 1971, GQ-902","source_url":"https://pubs.usgs.gov/publication/gq902","original_line_symbol":"Mbh","polygon_pair_below_above":"Mb|Mbr","contact_style":"CONTACT","contact_comments":"Halls Gap Member, Borden Formation","meaning":"Top of Halls Gap Member (Mbh) under Renfro; the Wildie (upper-Nada equivalent) is absent or unmapped here, so the target horizon may be missing or included in an adjacent unit.","class_label":"AMBIGUOUS","confidence":"Not used"},"geometry":{"type":"LineString","coordinates":[[-84.25842,37.36831],[-84.25742,37.3684],[-84.25731,37.36827],[-84.25743,37.36803]]}},{"type":"Feature","properties":{"quad":"Mount Vernon","gq_number":"902","source_pub":"Geologic map of the Mount Vernon quadrangle, Rockcastle County, Kentucky | Seymour O. Schlanger and Gordon Whitney Weir | 1971, GQ-902","source_url":"https://pubs.usgs.gov/publication/gq902","original_line_symbol":"Mbh","polygon_pair_below_above":"Mb|Mbr","contact_style":"CONTACT","contact_comments":"Halls Gap Member, Borden Formation","meaning":"Top of Halls Gap Member (Mbh) under Renfro; the Wildie (upper-Nada equivalent) is absent or unmapped here, so the target horizon may be missing or included in an adjacent unit.","class_label":"AMBIGUOUS","confidence":"Not used"},"geometry":{"type":"MultiLineString","coordinates":[[[-84.28719,37.36945],[-84.28626,37.36953]],[[-84.2842,37.37028],[-84.28316,37.37067],[-84.28265,37.37095]],[[-84.28241,37.37101],[-84.28224,37.371],[-84.28212,37.37083],[-84.28252,37.36921],[-84.28219,37.36863],[-84.28215,37.36821],[-84.28176,37.36805]],[[-84.28164,37.36812],[-84.28183,37.36853],[-84.28168,37.36963],[-84.28137,37.37034],[-84.2805,37.37123]],[[-84.2799,37.37153],[-84.27934,37.37159]],[[-84.27914,37.37147],[-84.27882,37.37113],[-84.27833,37.37088],[-84.27747,37.37081],[-84.27669,37.37087],[-84.27598,37.37109],[-84.2754,37.37141],[-84.27492,37.37197],[-84.27479,37.3723]]]}},{"type":"Feature","properties":{"quad":"Livingston","gq_number":"1179","source_pub":"Livingston","source_url":"","original_line_symbol":"Mbh","polygon_pair_below_above":"Mb|Mbr","contact_style":"CONTACT","contact_comments":"Halls Gap Member, Borden Formation","meaning":"Top of Halls Gap Member (Mbh) under Renfro; the Wildie (upper-Nada equivalent) is absent or unmapped here, so the target horizon may be missing or included in an adjacent unit.","class_label":"AMBIGUOUS","confidence":"Not used"},"geometry":{"type":"MultiLineString","coordinates":[[[-84.24994,37.3681],[-84.24978,37.36842]],[[-84.24929,37.36894],[-84.24894,37.36908],[-84.24663,37.36794],[-84.24499,37.36788],[-84.24359,37.36802]]]}},{"type":"Feature","properties":{"quad":"Mount Vernon","gq_number":"902","source_pub":"Geologic map of the Mount Vernon quadrangle, Rockcastle County, Kentucky | Seymour O. Schlanger and Gordon Whitney Weir | 1971, GQ-902","source_url":"https://pubs.usgs.gov/publication/gq902","original_line_symbol":"Mbh","polygon_pair_below_above":"Mb|Mbr","contact_style":"CONTACT","contact_comments":"Halls Gap Member, Borden Formation","meaning":"Top of Halls Gap Member (Mbh) under Renfro; the Wildie (upper-Nada equivalent) is absent or unmapped here, so the target horizon may be missing or included in an adjacent unit.","class_label":"AMBIGUOUS","confidence":"Not used"},"geometry":{"type":"LineString","coordinates":[[-84.26864,37.37242],[-84.26833,37.37212],[-84.26813,37.37167],[-84.26809,37.37074],[-84.26841,37.37063],[-84.26887,37.37028],[-84.26918,37.37025],[-84.26946,37.37009],[-84.26968,37.3697],[-84.27051,37.36883],[-84.27051,37.36848],[-84.2696,37.36923],[-84.2689,37.36963],[-84.26821,37.36987],[-84.26794,37.36981],[-84.26753,37.36944],[-84.26709,37.36828],[-84.26554,37.36751],[-84.26448,37.36728],[-84.26365,37.36727],[-84.26247,37.3674],[-84.26164,37.36765],[-84.25842,37.36831]]}},{"type":"Feature","properties":{"quad":"Mount Vernon","gq_number":"902","source_pub":"Geologic map of the Mount Vernon quadrangle, Rockcastle County, Kentucky | Seymour O. Schlanger and Gordon Whitney Weir | 1971, GQ-902","source_url":"https://pubs.usgs.gov/publication/gq902","original_line_symbol":"Mbh","polygon_pair_below_above":"Mb|Mbr","contact_style":"CONTACT","contact_comments":"Halls Gap Member, Borden Formation","meaning":"Top of Halls Gap Member (Mbh) under Renfro; the Wildie (upper-Nada equivalent) is absent or unmapped here, so the target horizon may be missing or included in an adjacent unit.","class_label":"AMBIGUOUS","confidence":"Not used"},"geometry":{"type":"LineString","coordinates":[[-84.25073,37.36648],[-84.25084,37.36628]]}},{"type":"Feature","properties":{"quad":"Mount Vernon","gq_number":"902","source_pub":"Geologic map of the Mount Vernon quadrangle, Rockcastle County, Kentucky | Seymour O. Schlanger and Gordon Whitney Weir | 1971, GQ-902","source_url":"https://pubs.usgs.gov/publication/gq902","original_line_symbol":"Mbh","polygon_pair_below_above":"Mb|Mbr","contact_style":"CONTACT","contact_comments":"Halls Gap Member, Borden Formation","meaning":"Top of Halls Gap Member (Mbh) under Renfro; the Wildie (upper-Nada equivalent) is absent or unmapped here, so the target horizon may be missing or included in an adjacent unit.","class_label":"AMBIGUOUS","confidence":"Not used"},"geometry":{"type":"MultiLineString","coordinates":[[[-84.37076,37.37192],[-84.37076,37.37188]],[[-84.37067,37.37181],[-84.36943,37.37105],[-84.36944,37.37074],[-84.36931,37.37038],[-84.36897,37.36997],[-84.36798,37.36929],[-84.36751,37.3683],[-84.36664,37.36747],[-84.36658,37.36716],[-84.36668,37.36673],[-84.36707,37.36589],[-84.36633,37.36618],[-84.36574,37.36709]],[[-84.36501,37.36885],[-84.3657,37.3688],[-84.36604,37.3689],[-84.36621,37.36912],[-84.36657,37.36927],[-84.36782,37.37033],[-84.36804,37.37083],[-84.36875,37.37089],[-84.37002,37.37175],[-84.37066,37.37194]],[[-84.36555,37.36731],[-84.36522,37.3676],[-84.36495,37.36771],[-84.36413,37.36745],[-84.36366,37.36704],[-84.36349,37.36663],[-84.36324,37.36649],[-84.36296,37.36596]],[[-84.36222,37.3751],[-84.36383,37.37298],[-84.36388,37.37265],[-84.36362,37.37256],[-84.36342,37.37036],[-84.36387,37.36957],[-84.3647,37.36895]],[[-84.36323,37.36815],[-84.36321,37.36862],[-84.3622,37.36942],[-84.36208,37.36984],[-84.36167,37.37026],[-84.36167,37.37059],[-84.36203,37.37174],[-84.36198,37.37251],[-84.36185,37.37281],[-84.36166,37.37308],[-84.361,37.3734],[-84.36115,37.37372],[-84.36098,37.37402],[-84.35978,37.3751]],[[-84.36218,37.36654],[-84.36243,37.3667],[-84.36258,37.36695],[-84.36256,37.3672],[-84.36238,37.36745],[-84.36307,37.3679]],[[-84.36281,37.36599],[-84.36251,37.36637],[-84.36221,37.36651]]]}},{"type":"Feature","properties":{"quad":"Livingston","gq_number":"1179","source_pub":"Livingston","source_url":"","original_line_symbol":"Mbr","polygon_pair_below_above":"Mb|Msla","contact_style":"CONTACT","contact_comments":"Renfro Member of Slade Formation","meaning":"Not interpreted as the target contact.","class_label":"AMBIGUOUS","confidence":"Not used"},"geometry":{"type":"LineString","coordinates":[[-84.24524,37.36773],[-84.24326,37.36796]]}},{"type":"Feature","properties":{"quad":"Mount Vernon","gq_number":"902","source_pub":"Geologic map of the Mount Vernon quadrangle, Rockcastle County, Kentucky | Seymour O. Schlanger and Gordon Whitney Weir | 1971, GQ-902","source_url":"https://pubs.usgs.gov/publication/gq902","original_line_symbol":"Mbh","polygon_pair_below_above":"Mb|Mbr","contact_style":"CONTACT","contact_comments":"Halls Gap Member, Borden Formation","meaning":"Top of Halls Gap Member (Mbh) under Renfro; the Wildie (upper-Nada equivalent) is absent or unmapped here, so the target horizon may be missing or included in an adjacent unit.","class_label":"AMBIGUOUS","confidence":"Not used"},"geometry":{"type":"MultiLineString","coordinates":[[[-84.31987,37.37511],[-84.32028,37.37426],[-84.32075,37.37425],[-84.32108,37.37443],[-84.32141,37.37397],[-84.32185,37.374],[-84.32203,37.37386],[-84.32195,37.37374],[-84.32069,37.3734],[-84.32019,37.37317],[-84.31992,37.37256],[-84.31986,37.37176],[-84.3207,37.37004],[-84.32147,37.36904],[-84.32205,37.36861],[-84.32249,37.36852],[-84.32233,37.36814],[-84.32213,37.36798],[-84.32224,37.36739],[-84.32265,37.36622],[-84.32331,37.3657]],[[-84.32321,37.36569],[-84.32273,37.36566],[-84.32259,37.36494]],[[-84.32255,37.36483],[-84.32251,37.36483]],[[-84.32245,37.36489],[-84.32227,37.36578],[-84.32164,37.36676],[-84.32152,37.36675],[-84.3215,37.36646],[-84.32131,37.36653],[-84.32082,37.36783],[-84.32058,37.36818]],[[-84.32012,37.36864],[-84.31883,37.36934],[-84.31808,37.36916],[-84.31767,37.36925],[-84.31835,37.36985],[-84.31836,37.37026],[-84.31796,37.37118],[-84.31754,37.37183],[-84.31707,37.37212],[-84.31654,37.37231],[-84.31714,37.37249],[-84.31728,37.37262],[-84.31753,37.37402],[-84.31735,37.37511]]]}},{"type":"Feature","properties":{"quad":"Woodstock","gq_number":"776","source_pub":"Geologic map of the Woodstock quadrangle, south-central Kentucky | Gordon Whitney Weir and Seymour O. Schlanger | 1969, GQ-776","source_url":"https://pubs.usgs.gov/publication/gq776","original_line_symbol":"Mbrl","polygon_pair_below_above":"Mb|Mbru","contact_style":"CONTACT","contact_comments":"Lower part of Renfro Member, Slade Formation","meaning":"Not interpreted as the target contact.","class_label":"AMBIGUOUS","confidence":"Not used"},"geometry":{"type":"MultiLineString","coordinates":[[[-84.5632,37.36605],[-84.56349,37.36623]],[[-84.56264,37.36603],[-84.56305,37.36603]]]}},{"type":"Feature","properties":{"quad":"Mount Vernon","gq_number":"902","source_pub":"Geologic map of the Mount Vernon quadrangle, Rockcastle County, Kentucky | Seymour O. Schlanger and Gordon Whitney Weir | 1971, GQ-902","source_url":"https://pubs.usgs.gov/publication/gq902","original_line_symbol":"Mbh","polygon_pair_below_above":"Mb|Mbr","contact_style":"CONTACT","contact_comments":"Halls Gap Member, Borden Formation","meaning":"Top of Halls Gap Member (Mbh) under Renfro; the Wildie (upper-Nada equivalent) is absent or unmapped here, so the target horizon may be missing or included in an adjacent unit.","class_label":"AMBIGUOUS","confidence":"Not used"},"geometry":{"type":"MultiLineString","coordinates":[[[-84.26213,37.36492],[-84.26207,37.36495]],[[-84.26183,37.3637],[-84.26175,37.36441],[-84.26212,37.36489]],[[-84.26201,37.36495],[-84.26162,37.3649],[-84.2614,37.36504],[-84.25971,37.36631],[-84.25951,37.36679],[-84.25839,37.36723],[-84.25743,37.36803]],[[-84.26188,37.3635],[-84.26192,37.36351]],[[-84.25718,37.36557],[-84.25767,37.36662],[-84.25789,37.36666],[-84.25867,37.36632],[-84.25952,37.36583],[-84.26043,37.36497],[-84.26108,37.3646],[-84.2614,37.36421],[-84.26151,37.36362],[-84.26173,37.36358]],[[-84.25704,37.36549],[-84.2571,37.36549]],[[-84.25145,37.36594],[-84.25163,37.36585],[-84.2521,37.36585],[-84.25401,37.36642],[-84.25491,37.36699],[-84.25555,37.36752],[-84.25588,37.36761],[-84.25624,37.36753],[-84.25672,37.36719],[-84.25704,37.36562]],[[-84.25084,37.36628],[-84.25135,37.36596]]]}},{"type":"Feature","properties":{"quad":"Woodstock","gq_number":"776","source_pub":"Geologic map of the Woodstock quadrangle, south-central Kentucky | Gordon Whitney Weir and Seymour O. Schlanger | 1969, GQ-776","source_url":"https://pubs.usgs.gov/publication/gq776","original_line_symbol":"Mbh","polygon_pair_below_above":"Mb|Mbrl","contact_style":"CONTACT","contact_comments":"Halls Gap Member, Borden Formation","meaning":"Top of Halls Gap Member (Mbh) under Renfro; the Wildie (upper-Nada equivalent) is absent or unmapped here, so the target horizon may be missing or included in an adjacent unit.","class_label":"AMBIGUOUS","confidence":"Not used"},"geometry":{"type":"LineString","coordinates":[[-84.58787,37.3751],[-84.58785,37.37501],[-84.58802,37.37489],[-84.58962,37.37406],[-84.59016,37.37347],[-84.59123,37.3729],[-84.59141,37.37271],[-84.59145,37.37233],[-84.59087,37.37153],[-84.59064,37.37142],[-84.59019,37.37143],[-84.59001,37.37147],[-84.58981,37.37169],[-84.58919,37.37261],[-84.58859,37.37277],[-84.58851,37.37235],[-84.58819,37.37196],[-84.58829,37.37119],[-84.58808,37.37098],[-84.58763,37.37094],[-84.58676,37.37146],[-84.58624,37.37209],[-84.58608,37.37266],[-84.5858,37.37255],[-84.58563,37.37258],[-84.5848,37.37319],[-84.58467,37.37306],[-84.58557,37.37166],[-84.58532,37.37101],[-84.58536,37.37083],[-84.58764,37.36967],[-84.58816,37.36954],[-84.58928,37.36958],[-84.5897,37.36948],[-84.58999,37.36884],[-84.58992,37.36859],[-84.58971,37.36849],[-84.58734,37.36872],[-84.58698,37.36856],[-84.5869,37.36822],[-84.58859,37.36705],[-84.5889,37.36651],[-84.58888,37.36626],[-84.58857,37.366],[-84.58732,37.36631],[-84.58711,37.36631],[-84.587,37.36622],[-84.58693,37.36604],[-84.58705,37.36541],[-84.58755,37.36447],[-84.58747,37.36408],[-84.58721,37.36364],[-84.58682,37.36346],[-84.58661,37.36356],[-84.58639,37.3639],[-84.58553,37.36415],[-84.58536,37.36447],[-84.58548,37.36483],[-84.58618,37.36578],[-84.5862,37.36662],[-84.58613,37.36669],[-84.58592,37.36665],[-84.58481,37.36592],[-84.5843,37.36633],[-84.58409,37.36666],[-84.58433,37.36746],[-84.58524,37.36822],[-84.58536,37.36852],[-84.58527,37.36862],[-84.58383,37.3684],[-84.58341,37.3685],[-84.58282,37.36889],[-84.58249,37.36844],[-84.58241,37.3675],[-84.58226,37.36747],[-84.58177,37.36779],[-84.58158,37.36808],[-84.58204,37.3692],[-84.58166,37.36933],[-84.58021,37.36934],[-84.57968,37.36972],[-84.58087,37.36989],[-84.58159,37.3701],[-84.58197,37.37042],[-84.582,37.37069],[-84.58187,37.3709],[-84.58129,37.37069],[-84.58071,37.37064],[-84.57966,37.37093],[-84.57921,37.37096],[-84.57898,37.37108],[-84.57991,37.37228],[-84.58049,37.37277],[-84.58202,37.37323],[-84.58274,37.37378],[-84.5831,37.37421],[-84.58331,37.3751]]}},{"type":"Feature","properties":{"quad":"Maretburg","gq_number":"338","source_pub":"Geology of the Maretburg quadrangle, Kentucky | Seymour O. Schlanger | 1965, GQ-338","source_url":"https://pubs.usgs.gov/publication/gq338","original_line_symbol":"Mbh","polygon_pair_below_above":"Mb|Mbr","contact_style":"CONTACT","contact_comments":"Halls Gap Member, Borden Formation","meaning":"Top of Halls Gap Member (Mbh) under Renfro; the Wildie (upper-Nada equivalent) is absent or unmapped here, so the target horizon may be missing or included in an adjacent unit.","class_label":"AMBIGUOUS","confidence":"Not used"},"geometry":{"type":"MultiLineString","coordinates":[[[-84.43796,37.37015],[-84.43675,37.37008],[-84.43571,37.37018],[-84.43441,37.36982],[-84.43364,37.36943],[-84.43334,37.36895],[-84.43315,37.36799],[-84.43334,37.36789],[-84.43375,37.36792],[-84.43387,37.36778],[-84.43333,37.36729],[-84.43248,37.36693],[-84.43194,37.36655],[-84.43145,37.36568],[-84.43054,37.3648],[-84.43035,37.36432],[-84.43062,37.36412],[-84.43128,37.36419],[-84.43113,37.36321],[-84.43155,37.36278],[-84.4319,37.36258],[-84.43225,37.36252],[-84.43249,37.36264],[-84.43275,37.36307],[-84.43325,37.36305],[-84.43365,37.36325],[-84.43424,37.36403],[-84.43472,37.36434],[-84.43503,37.36475],[-84.43559,37.36495],[-84.436,37.36535],[-84.4367,37.36558],[-84.43717,37.366],[-84.43779,37.36579],[-84.43785,37.36562],[-84.43723,37.36544],[-84.43614,37.3647],[-84.43574,37.36422],[-84.43532,37.36392],[-84.43436,37.36237],[-84.43353,37.36162],[-84.43348,37.3612],[-84.43423,37.36051],[-84.43452,37.35996],[-84.43481,37.3598],[-84.43549,37.36002],[-84.43617,37.36044],[-84.43679,37.36085],[-84.43705,37.3612],[-84.43744,37.36121],[-84.43758,37.36162],[-84.43787,37.3614],[-84.43812,37.36137],[-84.43839,37.36146],[-84.43912,37.36202],[-84.43946,37.36196],[-84.4399,37.3621],[-84.44029,37.36191],[-84.44103,37.3619]],[[-84.4357,37.37253],[-84.43569,37.37243],[-84.43508,37.37204],[-84.43459,37.37145],[-84.43398,37.37112],[-84.43396,37.37089],[-84.43431,37.3707],[-84.43459,37.3707],[-84.43622,37.3709],[-84.43665,37.37051],[-84.4372,37.3705],[-84.43746,37.37033],[-84.43793,37.37026]],[[-84.43093,37.37014],[-84.43145,37.36987],[-84.43179,37.36982],[-84.43225,37.36997],[-84.43271,37.37039],[-84.43277,37.37119],[-84.43223,37.37224],[-84.43262,37.37224],[-84.433,37.37189],[-84.43338,37.37174],[-84.43418,37.37197],[-84.43505,37.37252],[-84.43561,37.37254]],[[-84.42073,37.37294],[-84.4206,37.3727],[-84.42069,37.3722],[-84.42094,37.3717],[-84.42175,37.37062],[-84.42235,37.37055],[-84.42275,37.37079],[-84.42305,37.37114],[-84.42322,37.37117],[-84.42335,37.37109],[-84.42353,37.37027],[-84.42349,37.36994],[-84.42313,37.36919],[-84.42315,37.36886],[-84.42352,37.36865],[-84.42449,37.36846],[-84.42477,37.36765],[-84.42511,37.36736],[-84.42535,37.36737],[-84.42559,37.36751],[-84.42579,37.3678],[-84.42591,37.36841],[-84.42571,37.36962],[-84.42614,37.36994],[-84.42621,37.37026],[-84.42598,37.37114],[-84.42644,37.37142],[-84.42668,37.37178],[-84.42698,37.3718],[-84.42729,37.37193],[-84.4274,37.37183],[-84.42702,37.37102],[-84.42717,37.37035],[-84.42708,37.36937],[-84.42719,37.36904],[-84.42736,37.36891],[-84.42756,37.36893],[-84.42806,37.36932],[-84.42874,37.37012],[-84.42896,37.37063],[-84.42909,37.37068],[-84.42919,37.37026],[-84.42915,37.36959],[-84.42894,37.36907],[-84.42767,37.36766],[-84.42736,37.36702],[-84.42735,37.36664],[-84.42757,37.36635],[-84.42776,37.36627],[-84.42894,37.36603],[-84.42928,37.36611],[-84.42951,37.36622],[-84.42977,37.36661],[-84.42976,37.36729],[-84.43041,37.36731],[-84.43077,37.36757],[-84.43166,37.36882],[-84.43104,37.36969],[-84.43089,37.37015]]]}},{"type":"Feature","properties":{"quad":"Maretburg","gq_number":"338","source_pub":"Geology of the Maretburg quadrangle, Kentucky | Seymour O. Schlanger | 1965, GQ-338","source_url":"https://pubs.usgs.gov/publication/gq338","original_line_symbol":"Mbh","polygon_pair_below_above":"Mb|Mbr","contact_style":"CONTACT","contact_comments":"Halls Gap Member, Borden Formation","meaning":"Top of Halls Gap Member (Mbh) under Renfro; the Wildie (upper-Nada equivalent) is absent or unmapped here, so the target horizon may be missing or included in an adjacent unit.","class_label":"AMBIGUOUS","confidence":"Not used"},"geometry":{"type":"MultiLineString","coordinates":[[[-84.41245,37.3751],[-84.41225,37.37466],[-84.41296,37.37392],[-84.41297,37.37336],[-84.41277,37.37332],[-84.41134,37.3741],[-84.41099,37.37416],[-84.4108,37.37404],[-84.41073,37.37372],[-84.41086,37.37276],[-84.41057,37.37212],[-84.41055,37.37182],[-84.41071,37.37155],[-84.41127,37.3713],[-84.41101,37.37113],[-84.41053,37.37108],[-84.41036,37.3709],[-84.40999,37.36941],[-84.4103,37.36912],[-84.41242,37.36873],[-84.41303,37.36851],[-84.41343,37.36814],[-84.41339,37.36789],[-84.41351,37.36734],[-84.41343,37.36731],[-84.41297,37.36766],[-84.41222,37.36794],[-84.41157,37.36787],[-84.41067,37.36794],[-84.41019,37.36782],[-84.40994,37.36759],[-84.40989,37.36718],[-84.40937,37.36699],[-84.40903,37.3667],[-84.40883,37.36638],[-84.40867,37.36561],[-84.40879,37.36548],[-84.40974,37.36552],[-84.41034,37.36541]],[[-84.41047,37.3653],[-84.40923,37.36508],[-84.40848,37.36478],[-84.40818,37.36448],[-84.40799,37.36372],[-84.40793,37.36289],[-84.40805,37.36238],[-84.40837,37.36201],[-84.40924,37.36143],[-84.40942,37.36085],[-84.40989,37.36043]],[[-84.40985,37.36042],[-84.40935,37.36016],[-84.40902,37.36086],[-84.40859,37.36135],[-84.40816,37.36159],[-84.40747,37.36179],[-84.40698,37.3614],[-84.40654,37.36062],[-84.40605,37.36043],[-84.40524,37.35974]],[[-84.40393,37.36568],[-84.40493,37.36617],[-84.40528,37.3665],[-84.4055,37.36634],[-84.40627,37.36653],[-84.40648,37.36679],[-84.40703,37.36696],[-84.40731,37.36718],[-84.40774,37.36827],[-84.40774,37.3686],[-84.4076,37.3688],[-84.40714,37.36885]],[[-84.40704,37.3689],[-84.40728,37.36901],[-84.40739,37.36919],[-84.40727,37.3696],[-84.40772,37.36959],[-84.40813,37.36985],[-84.40866,37.371],[-84.40903,37.3726],[-84.40893,37.37328],[-84.40872,37.37348],[-84.40842,37.37354],[-84.40808,37.37345],[-84.40756,37.37348],[-84.40651,37.3731],[-84.40617,37.37324],[-84.406,37.3732],[-84.40502,37.37276],[-84.40454,37.37267],[-84.40412,37.37238],[-84.40323,37.37222],[-84.40239,37.37186],[-84.40173,37.37141],[-84.40041,37.37007],[-84.39957,37.36999],[-84.3991,37.3698]],[[-84.40511,37.35964],[-84.40506,37.35965]],[[-84.40509,37.35977],[-84.40544,37.3604],[-84.4054,37.36059],[-84.40584,37.36075],[-84.40635,37.36135],[-84.40655,37.36214],[-84.40684,37.36253],[-84.4068,37.36495],[-84.40702,37.36561],[-84.407,37.36586],[-84.40686,37.36599],[-84.40661,37.36602],[-84.40572,37.36595],[-84.40402,37.36554]],[[-84.4036,37.3655],[-84.40358,37.36552]]]}},{"type":"Feature","properties":{"quad":"Woodstock","gq_number":"776","source_pub":"Geologic map of the Woodstock quadrangle, south-central Kentucky | Gordon Whitney Weir and Seymour O. Schlanger | 1969, GQ-776","source_url":"https://pubs.usgs.gov/publication/gq776","original_line_symbol":"Mbh","polygon_pair_below_above":"Mb|Mbrl","contact_style":"CONTACT","contact_comments":"Halls Gap Member, Borden Formation","meaning":"Top of Halls Gap Member (Mbh) under Renfro; the Wildie (upper-Nada equivalent) is absent or unmapped here, so the target horizon may be missing or included in an adjacent unit.","class_label":"AMBIGUOUS","confidence":"Not used"},"geometry":{"type":"MultiLineString","coordinates":[[[-84.62346,37.3667],[-84.62284,37.36669],[-84.62232,37.36692],[-84.62127,37.36792],[-84.62109,37.36836],[-84.62161,37.36847],[-84.62396,37.36845],[-84.62495,37.36876]],[[-84.62188,37.36423],[-84.62144,37.36497],[-84.62151,37.3656],[-84.62162,37.3657],[-84.6234,37.36543],[-84.62429,37.36492],[-84.62481,37.36447],[-84.6249,37.36448]],[[-84.62483,37.36535],[-84.62342,37.36621],[-84.62339,37.36646],[-84.62362,37.36671]],[[-84.62191,37.36402],[-84.62194,37.36403]],[[-84.61008,37.36448],[-84.60949,37.36402],[-84.60873,37.36311],[-84.60854,37.363],[-84.60805,37.36311],[-84.60772,37.36332],[-84.60804,37.36466],[-84.60669,37.36418],[-84.60603,37.36433],[-84.60559,37.3646],[-84.60569,37.36474],[-84.60645,37.36516],[-84.60853,37.36597],[-84.60891,37.36619],[-84.60979,37.36646],[-84.61139,37.36713],[-84.61212,37.36728],[-84.61223,37.36759],[-84.61252,37.36786],[-84.61366,37.36867],[-84.61451,37.36869],[-84.61472,37.3694],[-84.61555,37.36991],[-84.61564,37.36975],[-84.61548,37.36928],[-84.61553,37.36903],[-84.61584,37.36886],[-84.61685,37.36897],[-84.61707,37.36879],[-84.6171,37.36859],[-84.61681,37.36655],[-84.61657,37.36632],[-84.61623,37.36624],[-84.61612,37.36612],[-84.61715,37.36568],[-84.61742,37.36545],[-84.61757,37.36502],[-84.618,37.36487],[-84.61783,37.36598],[-84.6179,37.36653],[-84.61835,37.36764],[-84.61862,37.36785],[-84.61896,37.36782],[-84.61966,37.36737],[-84.62022,37.36681],[-84.62045,37.36643],[-84.62065,37.36514],[-84.62116,37.36452],[-84.62173,37.36415]],[[-84.61324,37.35937],[-84.61238,37.36109],[-84.61257,37.36133],[-84.61347,37.36186]],[[-84.61337,37.36187],[-84.61146,37.36173],[-84.61153,37.36197],[-84.61238,37.36292],[-84.6124,37.36303],[-84.61231,37.36307],[-84.61079,37.36237],[-84.61037,37.3625],[-84.61021,37.36277],[-84.6098,37.36284],[-84.60965,37.36331],[-84.6101,37.36432]],[[-84.61328,37.35924],[-84.61333,37.35929]],[[-84.60481,37.35958],[-84.60349,37.36028],[-84.6032,37.36064],[-84.60335,37.36083],[-84.60406,37.36112],[-84.60522,37.36126],[-84.60473,37.36161],[-84.60319,37.36227],[-84.60324,37.36248],[-84.60366,37.36272],[-84.60415,37.3628],[-84.60472,37.36271],[-84.60777,37.36161],[-84.60908,37.36152],[-84.61015,37.36122],[-84.61176,37.36033],[-84.61208,37.36002],[-84.61319,37.35926]],[[-84.61024,37.36449],[-84.61021,37.36455]]]}},{"type":"Feature","properties":{"quad":"Woodstock","gq_number":"776","source_pub":"Geologic map of the Woodstock quadrangle, south-central Kentucky | Gordon Whitney Weir and Seymour O. Schlanger | 1969, GQ-776","source_url":"https://pubs.usgs.gov/publication/gq776","original_line_symbol":"Mbrl","polygon_pair_below_above":"Mb|Mbru","contact_style":"CONTACT","contact_comments":"Lower part of Renfro Member, Slade Formation","meaning":"Not interpreted as the target contact.","class_label":"AMBIGUOUS","confidence":"Not used"},"geometry":{"type":"MultiLineString","coordinates":[[[-84.61273,37.36782],[-84.61301,37.3681],[-84.61359,37.36845]],[[-84.60928,37.36618],[-84.61171,37.3671]],[[-84.60902,37.36139],[-84.60968,37.36128],[-84.61001,37.36112]],[[-84.60776,37.36555],[-84.60903,37.36608]],[[-84.60622,37.36491],[-84.60742,37.36543]]]}},{"type":"Feature","properties":{"quad":"Woodstock","gq_number":"776","source_pub":"Geologic map of the Woodstock quadrangle, south-central Kentucky | Gordon Whitney Weir and Seymour O. Schlanger | 1969, GQ-776","source_url":"https://pubs.usgs.gov/publication/gq776","original_line_symbol":"Mbh","polygon_pair_below_above":"Mb|Mbrl","contact_style":"CONTACT","contact_comments":"Halls Gap Member, Borden Formation","meaning":"Top of Halls Gap Member (Mbh) under Renfro; the Wildie (upper-Nada equivalent) is absent or unmapped here, so the target horizon may be missing or included in an adjacent unit.","class_label":"AMBIGUOUS","confidence":"Not used"},"geometry":{"type":"MultiLineString","coordinates":[[[-84.56216,37.37254],[-84.56231,37.37199],[-84.56273,37.3718],[-84.56315,37.3711],[-84.56354,37.37075],[-84.56353,37.37059],[-84.56303,37.3701],[-84.56123,37.37003],[-84.56043,37.37019],[-84.55967,37.37021],[-84.55936,37.37052],[-84.55941,37.37147],[-84.55931,37.37155],[-84.55911,37.37147],[-84.55835,37.37069],[-84.55816,37.3706],[-84.5575,37.37127],[-84.55731,37.371],[-84.5569,37.37103],[-84.5562,37.37142],[-84.55564,37.37202],[-84.55535,37.37214],[-84.55531,37.37122],[-84.55614,37.37003],[-84.55539,37.36971],[-84.55488,37.36962],[-84.55311,37.36977],[-84.55245,37.3701],[-84.55237,37.37004],[-84.55262,37.36935],[-84.55275,37.36919],[-84.55375,37.36866],[-84.55445,37.36846],[-84.55541,37.36863],[-84.5559,37.36883],[-84.55649,37.36875],[-84.55732,37.36882],[-84.55753,37.36872],[-84.55786,37.36831],[-84.5582,37.36854],[-84.5584,37.36855],[-84.55906,37.36837],[-84.56016,37.36834],[-84.56164,37.36794],[-84.56176,37.36774],[-84.56051,37.36684],[-84.55964,37.36672],[-84.55993,37.3664],[-84.55996,37.36622],[-84.55905,37.36549],[-84.55904,37.36523],[-84.55935,37.3651],[-84.56002,37.36558],[-84.56069,37.36582],[-84.56133,37.36585],[-84.56185,37.36567],[-84.56228,37.36613],[-84.56322,37.3662],[-84.56349,37.3666],[-84.56409,37.36692],[-84.56426,37.36719],[-84.56446,37.36729],[-84.56478,37.36712],[-84.56523,37.36629],[-84.56585,37.36588],[-84.56599,37.3659],[-84.56616,37.36643],[-84.56638,37.3667],[-84.56882,37.36675],[-84.5689,37.36687],[-84.56828,37.36731],[-84.56722,37.36792],[-84.56675,37.36806],[-84.56642,37.36854],[-84.56655,37.36867],[-84.56708,37.36887],[-84.56729,37.36918],[-84.56808,37.36977],[-84.56826,37.37012],[-84.56851,37.3702],[-84.56858,37.37004],[-84.56842,37.36957],[-84.56878,37.36879],[-84.56937,37.36839],[-84.56979,37.36826],[-84.5702,37.36837],[-84.57053,37.3688],[-84.57081,37.36884],[-84.57098,37.36877],[-84.57191,37.36801],[-84.57374,37.36685],[-84.57416,37.36645],[-84.57431,37.36613],[-84.57432,37.3658],[-84.57414,37.3657],[-84.57242,37.36646],[-84.57183,37.36652],[-84.57178,37.36643],[-84.57237,37.36537],[-84.57238,37.36518],[-84.57216,37.3649],[-84.57191,37.36481],[-84.57121,37.36482],[-84.57001,37.36509],[-84.56999,37.36484],[-84.56977,37.36442],[-84.5702,37.36412],[-84.57033,37.36391],[-84.57053,37.36292],[-84.57267,37.36344],[-84.57225,37.36284],[-84.57234,37.36268],[-84.57265,37.3625],[-84.57297,37.36244],[-84.57386,37.36255],[-84.57473,37.36187],[-84.5749,37.36215],[-84.57493,37.36307],[-84.57505,37.36332],[-84.57535,37.36346],[-84.57585,37.36349],[-84.57634,37.36401],[-84.5766,37.36415],[-84.57721,37.3641],[-84.57855,37.36315],[-84.57898,37.36262],[-84.57895,37.36237],[-84.57877,37.3622],[-84.57861,37.36219],[-84.57729,37.3627],[-84.57684,37.3627],[-84.57686,37.36164],[-84.5759,37.36094],[-84.57571,37.36034],[-84.57511,37.35967],[-84.57552,37.3597],[-84.57664,37.36023],[-84.57784,37.36057],[-84.58004,37.36067],[-84.58039,37.36057],[-84.58099,37.36007],[-84.58126,37.35967],[-84.58155,37.35894],[-84.5816,37.3585],[-84.5815,37.35838],[-84.58124,37.35836],[-84.57988,37.35874]],[[-84.5609,37.3751],[-84.56219,37.37445],[-84.56256,37.37413],[-84.56394,37.37366],[-84.5651,37.37251],[-84.56518,37.3721],[-84.56513,37.37196],[-84.56486,37.37181],[-84.56445,37.37175],[-84.56369,37.37184],[-84.56236,37.37251]]]}},{"type":"Feature","properties":{"quad":"Mount Vernon","gq_number":"902","source_pub":"Geologic map of the Mount Vernon quadrangle, Rockcastle County, Kentucky | Seymour O. Schlanger and Gordon Whitney Weir | 1971, GQ-902","source_url":"https://pubs.usgs.gov/publication/gq902","original_line_symbol":"Mbh","polygon_pair_below_above":"Mb|Mbr","contact_style":"CONTACT","contact_comments":"Halls Gap Member, Borden Formation","meaning":"Top of Halls Gap Member (Mbh) under Renfro; the Wildie (upper-Nada equivalent) is absent or unmapped here, so the target horizon may be missing or included in an adjacent unit.","class_label":"AMBIGUOUS","confidence":"Not used"},"geometry":{"type":"MultiLineString","coordinates":[[[-84.37314,37.35846],[-84.37311,37.35868],[-84.37227,37.3598],[-84.37227,37.36004],[-84.3725,37.36031]],[[-84.37308,37.35832],[-84.37312,37.35832]],[[-84.37105,37.35985],[-84.37163,37.35958],[-84.37298,37.35847]],[[-84.37246,37.36032],[-84.37203,37.36053],[-84.37194,37.3617],[-84.37097,37.36297],[-84.37085,37.3637],[-84.3702,37.36405],[-84.36978,37.36455]],[[-84.36878,37.36425],[-84.36935,37.36366],[-84.36972,37.36284],[-84.37023,37.36249],[-84.37085,37.36175],[-84.37124,37.36065],[-84.37122,37.36018],[-84.37091,37.35993],[-84.37096,37.35986]]]}},{"type":"Feature","properties":{"quad":"Mount Vernon","gq_number":"902","source_pub":"Geologic map of the Mount Vernon quadrangle, Rockcastle County, Kentucky | Seymour O. Schlanger and Gordon Whitney Weir | 1971, GQ-902","source_url":"https://pubs.usgs.gov/publication/gq902","original_line_symbol":"Mbh","polygon_pair_below_above":"Mb|Mbr","contact_style":"CONTACT","contact_comments":"Halls Gap Member, Borden Formation","meaning":"Top of Halls Gap Member (Mbh) under Renfro; the Wildie (upper-Nada equivalent) is absent or unmapped here, so the target horizon may be missing or included in an adjacent unit.","class_label":"AMBIGUOUS","confidence":"Not used"},"geometry":{"type":"MultiLineString","coordinates":[[[-84.29246,37.36599],[-84.29238,37.3656],[-84.29255,37.36519],[-84.29206,37.36481],[-84.29188,37.36431],[-84.29164,37.36326],[-84.29174,37.36276],[-84.29211,37.36227],[-84.29306,37.36137],[-84.29375,37.36114],[-84.29391,37.36067],[-84.29481,37.3599],[-84.29542,37.35986],[-84.29529,37.35949],[-84.29531,37.3591],[-84.29573,37.35849]],[[-84.29573,37.35829],[-84.29468,37.35907],[-84.29438,37.35916],[-84.29411,37.35961],[-84.29293,37.36045],[-84.29084,37.36181],[-84.29033,37.36199],[-84.28988,37.36194],[-84.28952,37.36169],[-84.28912,37.35981],[-84.28855,37.35918]],[[-84.28373,37.36194],[-84.28463,37.36206],[-84.28553,37.36232],[-84.28653,37.36242],[-84.28662,37.36254],[-84.28653,37.36302],[-84.28663,37.36326],[-84.2868,37.36321],[-84.28749,37.36256],[-84.28767,37.3625],[-84.28906,37.36307],[-84.2895,37.36344],[-84.28974,37.36376],[-84.28999,37.36443],[-84.28997,37.36593],[-84.28979,37.3665],[-84.28921,37.36747]],[[-84.28833,37.35923],[-84.28823,37.36034],[-84.28803,37.36108],[-84.28782,37.36128],[-84.28684,37.3615],[-84.28592,37.36155],[-84.2849,37.36132],[-84.28358,37.36191]]]}},{"type":"Feature","properties":{"quad":"Mount Vernon","gq_number":"902","source_pub":"Geologic map of the Mount Vernon quadrangle, Rockcastle County, Kentucky | Seymour O. Schlanger and Gordon Whitney Weir | 1971, GQ-902","source_url":"https://pubs.usgs.gov/publication/gq902","original_line_symbol":"Mbh","polygon_pair_below_above":"Mb|Mbr","contact_style":"CONTACT","contact_comments":"Halls Gap Member, Borden Formation","meaning":"Top of Halls Gap Member (Mbh) under Renfro; the Wildie (upper-Nada equivalent) is absent or unmapped here, so the target horizon may be missing or included in an adjacent unit.","class_label":"AMBIGUOUS","confidence":"Not used"},"geometry":{"type":"MultiLineString","coordinates":[[[-84.36239,37.36315],[-84.36202,37.36229],[-84.36197,37.36154],[-84.36205,37.36097],[-84.36164,37.36032],[-84.36164,37.35903],[-84.36204,37.35841],[-84.36229,37.35743],[-84.36209,37.35662],[-84.36195,37.35646]],[[-84.36192,37.35652],[-84.36174,37.35726],[-84.36095,37.35907],[-84.36055,37.35968],[-84.36014,37.36007],[-84.3607,37.36065],[-84.36063,37.36102],[-84.3603,37.36168],[-84.36079,37.36203],[-84.36085,37.36244],[-84.36106,37.36279]]]}},{"type":"Feature","properties":{"quad":"Woodstock","gq_number":"776","source_pub":"Geologic map of the Woodstock quadrangle, south-central Kentucky | Gordon Whitney Weir and Seymour O. Schlanger | 1969, GQ-776","source_url":"https://pubs.usgs.gov/publication/gq776","original_line_symbol":"Mbrl","polygon_pair_below_above":"Mb|Mbru","contact_style":"CONTACT","contact_comments":"Lower part of Renfro Member, Slade Formation","meaning":"Not interpreted as the target contact.","class_label":"AMBIGUOUS","confidence":"Not used"},"geometry":{"type":"LineString","coordinates":[[-84.59383,37.35788],[-84.59367,37.35812]]}},{"type":"Feature","properties":{"quad":"Woodstock","gq_number":"776","source_pub":"Geologic map of the Woodstock quadrangle, south-central Kentucky | Gordon Whitney Weir and Seymour O. Schlanger | 1969, GQ-776","source_url":"https://pubs.usgs.gov/publication/gq776","original_line_symbol":"Mbh","polygon_pair_below_above":"Mb|Mbrl","contact_style":"CONTACT","contact_comments":"Halls Gap Member, Borden Formation","meaning":"Top of Halls Gap Member (Mbh) under Renfro; the Wildie (upper-Nada equivalent) is absent or unmapped here, so the target horizon may be missing or included in an adjacent unit.","class_label":"AMBIGUOUS","confidence":"Not used"},"geometry":{"type":"MultiLineString","coordinates":[[[-84.52801,37.3751],[-84.52757,37.37472],[-84.5281,37.37442],[-84.52837,37.374],[-84.52846,37.37347],[-84.52834,37.37333],[-84.52868,37.37289],[-84.52878,37.37076],[-84.52876,37.37054],[-84.5286,37.37035],[-84.52799,37.3703]],[[-84.52788,37.37021],[-84.52822,37.36979],[-84.52824,37.36941],[-84.52744,37.36929],[-84.52818,37.3687],[-84.52828,37.36848],[-84.52772,37.36671],[-84.52752,37.36649],[-84.52726,37.36639],[-84.52629,37.36645],[-84.52617,37.3664],[-84.52629,37.36621],[-84.52658,37.36606],[-84.52748,37.36587],[-84.52786,37.36571],[-84.5279,37.36561],[-84.52767,37.36456],[-84.52705,37.36404],[-84.52664,37.36385],[-84.52675,37.36375],[-84.52771,37.36363],[-84.52798,37.36346],[-84.52808,37.3631],[-84.52804,37.36253],[-84.52739,37.36174],[-84.52835,37.36144],[-84.52856,37.36127],[-84.52875,37.36075],[-84.52874,37.35998],[-84.52896,37.35883],[-84.52851,37.35674],[-84.52843,37.35652],[-84.52821,37.35637],[-84.52693,37.35642],[-84.52651,37.35661],[-84.52632,37.3568],[-84.5262,37.35723],[-84.52635,37.35829],[-84.52623,37.35884],[-84.52623,37.35958],[-84.52571,37.35997],[-84.52557,37.35986],[-84.52564,37.35939],[-84.52541,37.35806],[-84.52513,37.35729],[-84.5249,37.35696],[-84.52467,37.35693],[-84.52422,37.35715],[-84.52341,37.35775],[-84.52239,37.3602],[-84.52219,37.36081],[-84.52219,37.3614],[-84.52251,37.36199],[-84.52427,37.36249],[-84.52408,37.36312],[-84.52409,37.36386]],[[-84.52418,37.36973],[-84.52389,37.36952],[-84.52311,37.36926],[-84.52242,37.36919],[-84.52212,37.36926],[-84.52263,37.37142],[-84.523,37.37225],[-84.52316,37.37243],[-84.52352,37.37256],[-84.52467,37.37256],[-84.52485,37.37265],[-84.52464,37.37281],[-84.52345,37.37317],[-84.52328,37.37335],[-84.52336,37.37357],[-84.52377,37.37385],[-84.52434,37.37452],[-84.52446,37.3751]],[[-84.52404,37.36392],[-84.52322,37.36314],[-84.52269,37.36296],[-84.52216,37.36311],[-84.5218,37.36384],[-84.52158,37.36501],[-84.52163,37.36542],[-84.52188,37.36566],[-84.52267,37.36573],[-84.52348,37.36624],[-84.52272,37.36641],[-84.5221,37.36687],[-84.52148,37.36695],[-84.5212,37.3673],[-84.52114,37.36789],[-84.52133,37.36803],[-84.52206,37.36816],[-84.52288,37.36842],[-84.52367,37.36851],[-84.52382,37.36892],[-84.5243,37.36966],[-84.52424,37.36976]]]}},{"type":"Feature","properties":{"quad":"Woodstock","gq_number":"776","source_pub":"Geologic map of the Woodstock quadrangle, south-central Kentucky | Gordon Whitney Weir and Seymour O. Schlanger | 1969, GQ-776","source_url":"https://pubs.usgs.gov/publication/gq776","original_line_symbol":"Mbh","polygon_pair_below_above":"Mb|Mbrl","contact_style":"CONTACT","contact_comments":"Halls Gap Member, Borden Formation","meaning":"Top of Halls Gap Member (Mbh) under Renfro; the Wildie (upper-Nada equivalent) is absent or unmapped here, so the target horizon may be missing or included in an adjacent unit.","class_label":"AMBIGUOUS","confidence":"Not used"},"geometry":{"type":"MultiLineString","coordinates":[[[-84.53434,37.3751],[-84.53438,37.37475],[-84.53396,37.37408],[-84.53464,37.37393],[-84.53508,37.3735],[-84.53576,37.37328],[-84.53624,37.37299],[-84.53685,37.37229],[-84.53667,37.372],[-84.53574,37.37181],[-84.53574,37.37127],[-84.53703,37.37131],[-84.53762,37.37097],[-84.53768,37.3708],[-84.5376,37.37066],[-84.53676,37.37032]],[[-84.53671,37.37017],[-84.53764,37.37021],[-84.53812,37.37014],[-84.53817,37.3697],[-84.53772,37.36868],[-84.53839,37.36911],[-84.53864,37.36915],[-84.53961,37.36801],[-84.53998,37.36736],[-84.53977,37.36709],[-84.53929,37.36695],[-84.53966,37.36642],[-84.53967,37.36617],[-84.53908,37.36514],[-84.53893,37.36405],[-84.53854,37.36319],[-84.53833,37.36297],[-84.53808,37.36304],[-84.53781,37.36335],[-84.53736,37.36408],[-84.53695,37.36533],[-84.53699,37.36564],[-84.53665,37.36602],[-84.53666,37.3668]],[[-84.53656,37.37026],[-84.53663,37.37019]],[[-84.53648,37.36687],[-84.53619,37.36639],[-84.53531,37.36667]],[[-84.53519,37.36658],[-84.53603,37.36546],[-84.53611,37.36491],[-84.53606,37.36466],[-84.53585,37.36443],[-84.53643,37.36333],[-84.53673,37.36252],[-84.53663,37.36232],[-84.53602,37.36209],[-84.53602,37.36199],[-84.5369,37.36155],[-84.53714,37.36115],[-84.53723,37.36062],[-84.53654,37.35992],[-84.53616,37.35911],[-84.53574,37.35875],[-84.53532,37.35873],[-84.53459,37.35925],[-84.53437,37.35917],[-84.53429,37.35862],[-84.53449,37.35824],[-84.5349,37.35787],[-84.53503,37.35762],[-84.53501,37.35729],[-84.5332,37.35521],[-84.53294,37.35503],[-84.53263,37.35499],[-84.53194,37.35538],[-84.53161,37.35622],[-84.53137,37.35627],[-84.53106,37.35619],[-84.53087,37.35629],[-84.5308,37.35687],[-84.53133,37.35861],[-84.53103,37.35916],[-84.53111,37.35963],[-84.5322,37.36019],[-84.53291,37.36132]],[[-84.53502,37.36683],[-84.53497,37.36681]],[[-84.53268,37.36138],[-84.5316,37.36072],[-84.53112,37.36074],[-84.53116,37.36095],[-84.53263,37.36299],[-84.53255,37.36307],[-84.53242,37.36302],[-84.53091,37.36188],[-84.53067,37.36182],[-84.53037,37.36208],[-84.53003,37.36327],[-84.5297,37.36398],[-84.5297,37.36457],[-84.52991,37.365],[-84.53163,37.36552],[-84.53223,37.36583],[-84.53208,37.36596],[-84.53067,37.36595],[-84.52994,37.36606],[-84.52961,37.36626],[-84.5295,37.36652],[-84.5295,37.36705],[-84.52972,37.36742],[-84.53068,37.36769],[-84.53135,37.36812],[-84.53111,37.36821],[-84.53012,37.36805],[-84.52986,37.3682],[-84.52975,37.36877],[-84.52984,37.37001],[-84.53022,37.37024],[-84.5308,37.37032],[-84.53182,37.37067],[-84.53176,37.37089],[-84.531,37.37082],[-84.53065,37.37086],[-84.53042,37.37098],[-84.53006,37.37133],[-84.53,37.37154],[-84.53016,37.37175],[-84.5304,37.37184]],[[-84.53052,37.37188],[-84.53,37.37207],[-84.52984,37.37226],[-84.52981,37.37245],[-84.53002,37.37283],[-84.52973,37.37321],[-84.5298,37.37352],[-84.53041,37.374],[-84.5298,37.37398],[-84.52943,37.37408],[-84.52906,37.37476],[-84.52902,37.3751]]]}},{"type":"Feature","properties":{"quad":"Woodstock","gq_number":"776","source_pub":"Geologic map of the Woodstock quadrangle, south-central Kentucky | Gordon Whitney Weir and Seymour O. Schlanger | 1969, GQ-776","source_url":"https://pubs.usgs.gov/publication/gq776","original_line_symbol":"Mbrl","polygon_pair_below_above":"Mb|Mbru","contact_style":"CONTACT","contact_comments":"Lower part of Renfro Member, Slade Formation","meaning":"Not interpreted as the target contact.","class_label":"AMBIGUOUS","confidence":"Not used"},"geometry":{"type":"MultiLineString","coordinates":[[[-84.58123,37.35933],[-84.58129,37.35913]],[[-84.57534,37.36015],[-84.57502,37.35983]]]}},{"type":"Feature","properties":{"quad":"Woodstock","gq_number":"776","source_pub":"Geologic map of the Woodstock quadrangle, south-central Kentucky | Gordon Whitney Weir and Seymour O. Schlanger | 1969, GQ-776","source_url":"https://pubs.usgs.gov/publication/gq776","original_line_symbol":"Mbrl","polygon_pair_below_above":"Mb|Mbru","contact_style":"CONTACT","contact_comments":"Lower part of Renfro Member, Slade Formation","meaning":"Not interpreted as the target contact.","class_label":"AMBIGUOUS","confidence":"Not used"},"geometry":{"type":"MultiLineString","coordinates":[[[-84.51803,37.3649],[-84.51747,37.36514]],[[-84.51497,37.3681],[-84.51476,37.36803]],[[-84.51163,37.36748],[-84.5106,37.36728]],[[-84.50964,37.36699],[-84.50887,37.36687]]]}},{"type":"Feature","properties":{"quad":"Woodstock","gq_number":"776","source_pub":"Geologic map of the Woodstock quadrangle, south-central Kentucky | Gordon Whitney Weir and Seymour O. Schlanger | 1969, GQ-776","source_url":"https://pubs.usgs.gov/publication/gq776","original_line_symbol":"Mbh","polygon_pair_below_above":"Mb|Mbrl","contact_style":"CONTACT","contact_comments":"Halls Gap Member, Borden Formation","meaning":"Top of Halls Gap Member (Mbh) under Renfro; the Wildie (upper-Nada equivalent) is absent or unmapped here, so the target horizon may be missing or included in an adjacent unit.","class_label":"AMBIGUOUS","confidence":"Not used"},"geometry":{"type":"MultiLineString","coordinates":[[[-84.60814,37.3751],[-84.60861,37.37479],[-84.60892,37.37472],[-84.60998,37.37498],[-84.61021,37.37486],[-84.60999,37.37433],[-84.60888,37.37257],[-84.60831,37.37224],[-84.60777,37.37208],[-84.60761,37.37213],[-84.60759,37.3727],[-84.60747,37.37303],[-84.60692,37.37354],[-84.60623,37.37453],[-84.60598,37.37467],[-84.60602,37.37407],[-84.60582,37.37357],[-84.60606,37.37267],[-84.60551,37.37213],[-84.60532,37.37139],[-84.60495,37.37066],[-84.60484,37.37063],[-84.60418,37.37244],[-84.60365,37.37262],[-84.60335,37.37297],[-84.60315,37.37242],[-84.60331,37.37143],[-84.60323,37.37083],[-84.60297,37.37055],[-84.60249,37.37074],[-84.60184,37.3718],[-84.60137,37.37286],[-84.60142,37.37322],[-84.60188,37.37385]],[[-84.60175,37.37396],[-84.60131,37.37389],[-84.60051,37.37405],[-84.60025,37.3739],[-84.6002,37.37354],[-84.59995,37.37298],[-84.60051,37.37104],[-84.60031,37.37098],[-84.59952,37.37117],[-84.59946,37.37112],[-84.59947,37.37091],[-84.5993,37.37065],[-84.59966,37.36989],[-84.5997,37.36962],[-84.59962,37.36948],[-84.59924,37.3695],[-84.59753,37.37006],[-84.59741,37.37002],[-84.59732,37.36958],[-84.59811,37.36877],[-84.59834,37.36837],[-84.5983,37.3682],[-84.59751,37.36783],[-84.59736,37.36699],[-84.59683,37.3664],[-84.59612,37.36616],[-84.59589,37.366],[-84.59584,37.36564],[-84.59603,37.36466],[-84.59579,37.36353],[-84.5953,37.36239],[-84.59424,37.36085],[-84.59379,37.35963],[-84.59338,37.35925],[-84.59321,37.35895],[-84.59321,37.35884],[-84.59376,37.35835],[-84.59422,37.3574],[-84.59442,37.35675],[-84.59432,37.3563],[-84.59374,37.35594],[-84.59332,37.35595],[-84.59259,37.35667],[-84.59196,37.355],[-84.59128,37.35431],[-84.591,37.35423],[-84.59051,37.35429],[-84.5899,37.35407],[-84.58955,37.35417],[-84.58931,37.35412],[-84.58716,37.3528],[-84.58628,37.35249],[-84.58618,37.35266],[-84.58831,37.35515],[-84.58969,37.35698],[-84.59023,37.35719],[-84.59132,37.35722],[-84.59169,37.35735],[-84.59187,37.35752],[-84.59179,37.35763],[-84.59107,37.35781],[-84.59064,37.35823],[-84.59074,37.35863],[-84.5912,37.35906],[-84.59139,37.35988],[-84.59154,37.36],[-84.59244,37.36019],[-84.59274,37.3604],[-84.59253,37.3607],[-84.59184,37.36117],[-84.59205,37.3617],[-84.59267,37.36225],[-84.59339,37.3618],[-84.59368,37.36177],[-84.59376,37.3621],[-84.59411,37.36261],[-84.59495,37.36317],[-84.59534,37.36354],[-84.59533,37.36371],[-84.59516,37.36381],[-84.59386,37.36384],[-84.59371,37.36392],[-84.59361,37.36413],[-84.59393,37.36461],[-84.59495,37.36513],[-84.59449,37.366],[-84.59482,37.36659],[-84.59537,37.36678],[-84.59603,37.36668],[-84.59638,37.36697],[-84.59594,37.36789],[-84.59635,37.36927],[-84.59588,37.36945],[-84.5958,37.36976],[-84.59606,37.37124],[-84.59663,37.37298],[-84.5969,37.37296],[-84.59785,37.3723],[-84.59801,37.37234],[-84.59805,37.37286],[-84.59757,37.37429],[-84.59763,37.37438],[-84.5981,37.37432],[-84.59848,37.37446],[-84.59861,37.37468],[-84.59861,37.3751]]]}},{"type":"Feature","properties":{"quad":"Woodstock","gq_number":"776","source_pub":"Geologic map of the Woodstock quadrangle, south-central Kentucky | Gordon Whitney Weir and Seymour O. Schlanger | 1969, GQ-776","source_url":"https://pubs.usgs.gov/publication/gq776","original_line_symbol":"Mbh","polygon_pair_below_above":"Mb|Mbrl","contact_style":"CONTACT","contact_comments":"Halls Gap Member, Borden Formation","meaning":"Top of Halls Gap Member (Mbh) under Renfro; the Wildie (upper-Nada equivalent) is absent or unmapped here, so the target horizon may be missing or included in an adjacent unit.","class_label":"AMBIGUOUS","confidence":"Not used"},"geometry":{"type":"MultiLineString","coordinates":[[[-84.51904,37.35452],[-84.51826,37.35458],[-84.51765,37.35443],[-84.51718,37.35414],[-84.51706,37.35376],[-84.51714,37.3535],[-84.5165,37.35356],[-84.51606,37.35321],[-84.5142,37.35222],[-84.51377,37.35187],[-84.51366,37.35186],[-84.51342,37.35218],[-84.51302,37.35243],[-84.51277,37.35298]],[[-84.51694,37.36061],[-84.51881,37.35994],[-84.5194,37.35983],[-84.51964,37.35998],[-84.51947,37.36068],[-84.51855,37.36128],[-84.51818,37.36163],[-84.51828,37.36176],[-84.51899,37.36173],[-84.51933,37.36183],[-84.51951,37.36232],[-84.51938,37.36287],[-84.51889,37.36315],[-84.51781,37.36343],[-84.51669,37.36391],[-84.51648,37.36415]],[[-84.51292,37.35294],[-84.51339,37.35267],[-84.51394,37.35267],[-84.51556,37.35399],[-84.51562,37.35426],[-84.51525,37.35489],[-84.51613,37.35473],[-84.51634,37.35473],[-84.51653,37.35485],[-84.5165,37.35541],[-84.51627,37.35604],[-84.51584,37.35654],[-84.51496,37.35723],[-84.5148,37.35746],[-84.51497,37.35752],[-84.51518,37.35747],[-84.51566,37.35714],[-84.51652,37.35676],[-84.51765,37.35576],[-84.51808,37.35587],[-84.51847,37.35644],[-84.51915,37.35674],[-84.5197,37.35687],[-84.52027,37.35725],[-84.52035,37.35772],[-84.52013,37.35826],[-84.51886,37.35873],[-84.51744,37.35987],[-84.51678,37.36058]],[[-84.51657,37.36416],[-84.51853,37.36404],[-84.51883,37.36416],[-84.51889,37.3643],[-84.51881,37.36463],[-84.51756,37.36528],[-84.51807,37.36569],[-84.5186,37.36589],[-84.51872,37.36621],[-84.51871,37.36646],[-84.51855,37.36668],[-84.51775,37.36711],[-84.51825,37.36758],[-84.5182,37.36795],[-84.5176,37.36843],[-84.51632,37.36878],[-84.51562,37.36864],[-84.51478,37.36815],[-84.5141,37.36796],[-84.51395,37.36774],[-84.5141,37.36738],[-84.51384,37.36708],[-84.51379,37.36669],[-84.51338,37.36658],[-84.51308,37.36638],[-84.51263,37.36632],[-84.51199,37.36593],[-84.51152,37.36632],[-84.51218,37.36681],[-84.51246,37.36736],[-84.51219,37.36758],[-84.51155,37.36759],[-84.51059,37.36742],[-84.50929,37.36705],[-84.50771,37.36689],[-84.50755,37.36665],[-84.50767,37.36632],[-84.50759,37.36623],[-84.50688,37.36652],[-84.5066,37.36648],[-84.50466,37.36573],[-84.5045,37.36558],[-84.50385,37.36533],[-84.50359,37.36489],[-84.50279,37.36501],[-84.50234,37.36499],[-84.50185,37.3652]],[[-84.51158,37.37441],[-84.51202,37.37462],[-84.51368,37.3747],[-84.51384,37.37482],[-84.51389,37.37509]],[[-84.51152,37.37099],[-84.51235,37.36978],[-84.51273,37.36941],[-84.51322,37.36942],[-84.51372,37.36959],[-84.51426,37.36991],[-84.51424,37.3701],[-84.51338,37.37121],[-84.51312,37.3717],[-84.51302,37.37219],[-84.51313,37.37385],[-84.51265,37.37414],[-84.51154,37.37427]],[[-84.51144,37.37431],[-84.51144,37.37436]],[[-84.51141,37.37103],[-84.51146,37.37104]],[[-84.50991,37.36992],[-84.51073,37.36883],[-84.51118,37.36884],[-84.51164,37.36898],[-84.51169,37.3693],[-84.51144,37.36978],[-84.51141,37.37099]],[[-84.50212,37.36529],[-84.50257,37.36521],[-84.50343,37.36544],[-84.50485,37.36666],[-84.50489,37.36678],[-84.50473,37.3671],[-84.50479,37.36714],[-84.50554,37.36703],[-84.50579,37.36721],[-84.50591,37.3678],[-84.50667,37.36759],[-84.50715,37.36769],[-84.50738,37.36787],[-84.50743,37.36821],[-84.50712,37.36911],[-84.50695,37.37013],[-84.50652,37.37151],[-84.50626,37.37183],[-84.50645,37.37195],[-84.50648,37.37225],[-84.5066,37.37238],[-84.50676,37.37234],[-84.50706,37.37105],[-84.5076,37.37015],[-84.50802,37.369],[-84.50859,37.36828],[-84.50922,37.36826],[-84.50968,37.36836],[-84.50984,37.36849],[-84.5099,37.36895],[-84.50979,37.36922],[-84.50977,37.36985]]]}},{"type":"Feature","properties":{"quad":"Woodstock","gq_number":"776","source_pub":"Geologic map of the Woodstock quadrangle, south-central Kentucky | Gordon Whitney Weir and Seymour O. Schlanger | 1969, GQ-776","source_url":"https://pubs.usgs.gov/publication/gq776","original_line_symbol":"Mbh","polygon_pair_below_above":"Mb|Mbrl","contact_style":"CONTACT","contact_comments":"Halls Gap Member, Borden Formation","meaning":"Top of Halls Gap Member (Mbh) under Renfro; the Wildie (upper-Nada equivalent) is absent or unmapped here, so the target horizon may be missing or included in an adjacent unit.","class_label":"AMBIGUOUS","confidence":"Not used"},"geometry":{"type":"MultiLineString","coordinates":[[[-84.54724,37.35111],[-84.54713,37.35152],[-84.54672,37.3519],[-84.54651,37.35225],[-84.54505,37.35301],[-84.54478,37.35341],[-84.54466,37.35374],[-84.54473,37.3549],[-84.54485,37.35508],[-84.54545,37.35544],[-84.54507,37.35555],[-84.54473,37.35581],[-84.5443,37.35641],[-84.54419,37.357],[-84.54452,37.35757],[-84.54386,37.35831]],[[-84.5461,37.3678],[-84.54606,37.36784]],[[-84.53914,37.35556],[-84.53869,37.3555],[-84.53796,37.35561],[-84.53744,37.35573],[-84.53731,37.35592],[-84.53785,37.3568],[-84.53816,37.35761],[-84.53863,37.35769],[-84.53974,37.35761],[-84.54015,37.35772],[-84.54084,37.35814],[-84.53928,37.35846],[-84.53902,37.35866],[-84.53904,37.35898],[-84.53937,37.35962],[-84.54008,37.36048],[-84.54019,37.361],[-84.54054,37.3612],[-84.54222,37.36157],[-84.54269,37.36183],[-84.54413,37.36212],[-84.54498,37.36211],[-84.54514,37.36221],[-84.54504,37.36277],[-84.54383,37.36278],[-84.54355,37.36287],[-84.54352,37.36301],[-84.54441,37.36405],[-84.54452,37.36492],[-84.54501,37.36539],[-84.54556,37.36551],[-84.54553,37.36633],[-84.54583,37.36727],[-84.54609,37.36769]],[[-84.54598,37.36778],[-84.54442,37.36594],[-84.54338,37.36514],[-84.5428,37.36396],[-84.5421,37.36356],[-84.54156,37.36306],[-84.54124,37.36289],[-84.54104,37.36289],[-84.54166,37.36537],[-84.5421,37.36663],[-84.54205,37.3676],[-84.54218,37.36794],[-84.54187,37.36832],[-84.54178,37.36865],[-84.54203,37.36888],[-84.54242,37.36895],[-84.54331,37.36879],[-84.54341,37.3689],[-84.54326,37.36923],[-84.54326,37.36956],[-84.54258,37.36956],[-84.54207,37.36984],[-84.54227,37.37053],[-84.54226,37.37091]],[[-84.54384,37.35821],[-84.54389,37.35771],[-84.54379,37.35729],[-84.54346,37.3569],[-84.54309,37.35669],[-84.54345,37.35646],[-84.54373,37.35601],[-84.54372,37.35507],[-84.54356,37.35477],[-84.54341,37.35468],[-84.54275,37.35483]],[[-84.54262,37.35492],[-84.54255,37.35491]],[[-84.54255,37.35485],[-84.54328,37.35397],[-84.54335,37.35321],[-84.54433,37.35133],[-84.54454,37.35074],[-84.54444,37.35016],[-84.54411,37.35013],[-84.54271,37.35055],[-84.5413,37.35115],[-84.54105,37.35134],[-84.54081,37.35173],[-84.54065,37.35253],[-84.53966,37.35295]],[[-84.53966,37.35287],[-84.53975,37.35199],[-84.53963,37.35165],[-84.53927,37.35148],[-84.53851,37.35143],[-84.53768,37.35161],[-84.53652,37.35208],[-84.53579,37.35248],[-84.53537,37.35301],[-84.53549,37.35365],[-84.5357,37.35396],[-84.5362,37.3542],[-84.53631,37.35468],[-84.53681,37.35482],[-84.53757,37.35485],[-84.53858,37.3551],[-84.53921,37.35546]]]}},{"type":"Feature","properties":{"quad":"Woodstock","gq_number":"776","source_pub":"Geologic map of the Woodstock quadrangle, south-central Kentucky | Gordon Whitney Weir and Seymour O. Schlanger | 1969, GQ-776","source_url":"https://pubs.usgs.gov/publication/gq776","original_line_symbol":"Mbh","polygon_pair_below_above":"Mb|Mbrl","contact_style":"CONTACT","contact_comments":"Halls Gap Member, Borden Formation","meaning":"Top of Halls Gap Member (Mbh) under Renfro; the Wildie (upper-Nada equivalent) is absent or unmapped here, so the target horizon may be missing or included in an adjacent unit.","class_label":"AMBIGUOUS","confidence":"Not used"},"geometry":{"type":"LineString","coordinates":[[-84.54999,37.36383],[-84.54969,37.36346],[-84.54936,37.36326],[-84.54857,37.36336],[-84.54889,37.36216],[-84.54872,37.36206],[-84.5479,37.36194],[-84.54775,37.36172],[-84.54805,37.36145],[-84.54906,37.36108],[-84.54847,37.3602],[-84.54909,37.3599],[-84.54919,37.35947],[-84.54902,37.35872],[-84.54876,37.35839],[-84.54796,37.35833],[-84.54744,37.35854],[-84.54728,37.3585],[-84.54752,37.35759],[-84.54769,37.35741],[-84.54819,37.35721],[-84.5486,37.35687],[-84.54913,37.3566],[-84.54914,37.35613],[-84.54867,37.35524],[-84.54857,37.35458],[-84.54726,37.35388],[-84.54804,37.35296],[-84.54806,37.35227],[-84.54792,37.35202],[-84.54786,37.35142]]}},{"type":"Feature","properties":{"quad":"Woodstock","gq_number":"776","source_pub":"Geologic map of the Woodstock quadrangle, south-central Kentucky | Gordon Whitney Weir and Seymour O. Schlanger | 1969, GQ-776","source_url":"https://pubs.usgs.gov/publication/gq776","original_line_symbol":"Mbh","polygon_pair_below_above":"Mb|Mbrl","contact_style":"CONTACT","contact_comments":"Halls Gap Member, Borden Formation","meaning":"Top of Halls Gap Member (Mbh) under Renfro; the Wildie (upper-Nada equivalent) is absent or unmapped here, so the target horizon may be missing or included in an adjacent unit.","class_label":"AMBIGUOUS","confidence":"Not used"},"geometry":{"type":"LineString","coordinates":[[-84.54786,37.35142],[-84.54752,37.35074],[-84.54731,37.35088],[-84.54724,37.35111]]}},{"type":"Feature","properties":{"quad":"Maretburg","gq_number":"338","source_pub":"Geology of the Maretburg quadrangle, Kentucky | Seymour O. Schlanger | 1965, GQ-338","source_url":"https://pubs.usgs.gov/publication/gq338","original_line_symbol":"Mbh","polygon_pair_below_above":"Mb|Mbr","contact_style":"CONTACT","contact_comments":"Halls Gap Member, Borden Formation","meaning":"Top of Halls Gap Member (Mbh) under Renfro; the Wildie (upper-Nada equivalent) is absent or unmapped here, so the target horizon may be missing or included in an adjacent unit.","class_label":"AMBIGUOUS","confidence":"Not used"},"geometry":{"type":"MultiLineString","coordinates":[[[-84.44288,37.36195],[-84.44203,37.36159],[-84.44196,37.36131]],[[-84.44103,37.3619],[-84.44183,37.36204],[-84.44278,37.36205]],[[-84.44184,37.36135],[-84.4403,37.36148],[-84.43969,37.36137],[-84.43919,37.36116],[-84.43766,37.36021],[-84.43713,37.35978],[-84.43704,37.35948],[-84.43778,37.35903],[-84.43792,37.35874]],[[-84.43779,37.35876],[-84.4372,37.35895],[-84.4363,37.35897],[-84.43579,37.35873],[-84.43555,37.35871],[-84.43538,37.35853],[-84.43595,37.35742],[-84.4364,37.35587],[-84.43698,37.35498],[-84.43727,37.35475],[-84.43853,37.35441],[-84.43961,37.35435],[-84.44035,37.35395],[-84.44042,37.35371],[-84.44021,37.35343],[-84.43936,37.35404],[-84.43835,37.35406],[-84.43801,37.35394],[-84.43739,37.35392],[-84.4372,37.3537],[-84.43714,37.3532],[-84.43687,37.35292]],[[-84.43678,37.35287],[-84.43676,37.35288]],[[-84.43674,37.35302],[-84.43671,37.35326],[-84.43652,37.35344],[-84.43626,37.35419],[-84.43579,37.35457],[-84.4354,37.35473],[-84.435,37.35566],[-84.43441,37.35604],[-84.43471,37.35639],[-84.43429,37.35713],[-84.43283,37.3587],[-84.43264,37.35876],[-84.43222,37.35869],[-84.43185,37.35892]],[[-84.43178,37.35899],[-84.43219,37.35923],[-84.43217,37.35944],[-84.43101,37.36033],[-84.4284,37.36161],[-84.42802,37.36165],[-84.42778,37.36134],[-84.42793,37.36096],[-84.42823,37.36068],[-84.42914,37.36023],[-84.42895,37.36008],[-84.42812,37.3601],[-84.42778,37.3597],[-84.42778,37.35825],[-84.42812,37.35796],[-84.42852,37.3579]],[[-84.43176,37.35892],[-84.43175,37.35896]],[[-84.42949,37.35591],[-84.42925,37.35581],[-84.4279,37.3558],[-84.42764,37.35563],[-84.42772,37.35453],[-84.42805,37.3542],[-84.42925,37.35375],[-84.42948,37.35338]],[[-84.42946,37.35322],[-84.42828,37.35379],[-84.42754,37.35385],[-84.42712,37.35357],[-84.42683,37.35298],[-84.42653,37.35264],[-84.42564,37.3518],[-84.42506,37.35142],[-84.42488,37.35098],[-84.4244,37.35057],[-84.4244,37.35024],[-84.42473,37.34939],[-84.42521,37.34866]],[[-84.42858,37.35787],[-84.42788,37.35749],[-84.42777,37.35734],[-84.42777,37.35646],[-84.42798,37.35625],[-84.42935,37.35597]],[[-84.42523,37.34858],[-84.42521,37.34856]],[[-84.42506,37.34864],[-84.42444,37.34906],[-84.42371,37.34974],[-84.42335,37.34974],[-84.42275,37.34957]],[[-84.42362,37.35779],[-84.42462,37.35757],[-84.42504,37.35739],[-84.42533,37.35739],[-84.42553,37.35749],[-84.42546,37.36019],[-84.42534,37.36064],[-84.4249,37.36123],[-84.42435,37.36141],[-84.42392,37.36188],[-84.42353,37.36203],[-84.42304,37.36199]],[[-84.42278,37.34968],[-84.42347,37.35059],[-84.4236,37.35112],[-84.42351,37.35156],[-84.42399,37.35173],[-84.42548,37.35322],[-84.42561,37.35343],[-84.42559,37.35361],[-84.42594,37.35393],[-84.42594,37.35512],[-84.4257,37.35638],[-84.42539,37.35665],[-84.42473,37.35688],[-84.42432,37.35716],[-84.4238,37.35727],[-84.42351,37.35768]],[[-84.42294,37.36198],[-84.4229,37.362]],[[-84.42291,37.36205],[-84.42332,37.36239],[-84.4234,37.36269],[-84.42282,37.36325],[-84.42202,37.36334],[-84.42202,37.36385],[-84.42192,37.36407],[-84.42036,37.36545],[-84.42017,37.3656],[-84.41993,37.36563],[-84.41979,37.36555],[-84.41922,37.36463],[-84.41854,37.36329],[-84.41856,37.36299],[-84.41893,37.3624],[-84.41886,37.36192]],[[-84.41882,37.36186],[-84.41856,37.3623],[-84.41834,37.36244],[-84.41797,37.36247],[-84.41776,37.3624],[-84.41754,37.3621],[-84.41695,37.3625],[-84.41747,37.36273],[-84.41771,37.36301],[-84.41773,37.36324],[-84.41759,37.36352],[-84.41785,37.36388],[-84.41792,37.36419],[-84.41775,37.36451],[-84.41691,37.36484],[-84.41703,37.36493],[-84.41789,37.36512],[-84.41808,37.36529],[-84.41833,37.36576],[-84.41828,37.36616],[-84.41803,37.36624],[-84.41708,37.36609],[-84.41517,37.36605],[-84.41604,37.36667],[-84.41684,37.36703],[-84.41711,37.36729],[-84.41722,37.36776],[-84.41711,37.36809],[-84.41604,37.36928],[-84.41533,37.37086],[-84.41503,37.3713]]]}},{"type":"Feature","properties":{"quad":"Woodstock","gq_number":"776","source_pub":"Geologic map of the Woodstock quadrangle, south-central Kentucky | Gordon Whitney Weir and Seymour O. Schlanger | 1969, GQ-776","source_url":"https://pubs.usgs.gov/publication/gq776","original_line_symbol":"Mbh","polygon_pair_below_above":"Mb|Mbrl","contact_style":"CONTACT","contact_comments":"Halls Gap Member, Borden Formation","meaning":"Top of Halls Gap Member (Mbh) under Renfro; the Wildie (upper-Nada equivalent) is absent or unmapped here, so the target horizon may be missing or included in an adjacent unit.","class_label":"AMBIGUOUS","confidence":"Not used"},"geometry":{"type":"LineString","coordinates":[[-84.55204,37.35353],[-84.55119,37.35369],[-84.55124,37.35422],[-84.5516,37.35444],[-84.55207,37.35451],[-84.55244,37.35475],[-84.5532,37.35559],[-84.55307,37.35567],[-84.55245,37.35567],[-84.55194,37.35589],[-84.55165,37.35699],[-84.55162,37.35758],[-84.55209,37.35791],[-84.55265,37.3581],[-84.55304,37.35849],[-84.55345,37.35864],[-84.55394,37.35979],[-84.5538,37.35984],[-84.55281,37.35947],[-84.55171,37.35933],[-84.55146,37.35943],[-84.55131,37.35991],[-84.55097,37.36046],[-84.55107,37.36065],[-84.55206,37.36123],[-84.55155,37.36161],[-84.55135,37.36188],[-84.55141,37.36301],[-84.55169,37.36313],[-84.55229,37.36312],[-84.55351,37.36339],[-84.5536,37.36345],[-84.55351,37.36363],[-84.55356,37.36388],[-84.55341,37.3641],[-84.553,37.3641],[-84.55182,37.3646],[-84.55176,37.36477],[-84.55198,37.3654],[-84.55183,37.36566],[-84.55158,37.36556],[-84.55086,37.36486],[-84.55058,37.36493],[-84.55019,37.36521],[-84.55001,37.3652],[-84.55014,37.36454],[-84.55014,37.36418],[-84.54999,37.36383]]}},{"type":"Feature","properties":{"quad":"Woodstock","gq_number":"776","source_pub":"Geologic map of the Woodstock quadrangle, south-central Kentucky | Gordon Whitney Weir and Seymour O. Schlanger | 1969, GQ-776","source_url":"https://pubs.usgs.gov/publication/gq776","original_line_symbol":"Mbh","polygon_pair_below_above":"Mb|Mbrl","contact_style":"CONTACT","contact_comments":"Halls Gap Member, Borden Formation","meaning":"Top of Halls Gap Member (Mbh) under Renfro; the Wildie (upper-Nada equivalent) is absent or unmapped here, so the target horizon may be missing or included in an adjacent unit.","class_label":"AMBIGUOUS","confidence":"Not used"},"geometry":{"type":"MultiLineString","coordinates":[[[-84.55741,37.35503],[-84.55695,37.35575]],[[-84.55694,37.35562],[-84.55693,37.35537]]]}},{"type":"Feature","properties":{"quad":"Woodstock","gq_number":"776","source_pub":"Geologic map of the Woodstock quadrangle, south-central Kentucky | Gordon Whitney Weir and Seymour O. Schlanger | 1969, GQ-776","source_url":"https://pubs.usgs.gov/publication/gq776","original_line_symbol":"Mbh","polygon_pair_below_above":"Mb|Mbrl","contact_style":"CONTACT","contact_comments":"Halls Gap Member, Borden Formation","meaning":"Top of Halls Gap Member (Mbh) under Renfro; the Wildie (upper-Nada equivalent) is absent or unmapped here, so the target horizon may be missing or included in an adjacent unit.","class_label":"AMBIGUOUS","confidence":"Not used"},"geometry":{"type":"LineString","coordinates":[[-84.56589,37.3593],[-84.56613,37.35884],[-84.56597,37.35854],[-84.56471,37.35899],[-84.5645,37.35901],[-84.56443,37.35894],[-84.56523,37.35817],[-84.56577,37.35781],[-84.56595,37.35713],[-84.56688,37.35604],[-84.56688,37.3558],[-84.56535,37.35431],[-84.56502,37.35418],[-84.56404,37.35346],[-84.56336,37.35336],[-84.563,37.35356],[-84.56273,37.35391],[-84.56226,37.35541],[-84.56296,37.35614],[-84.56338,37.35636],[-84.56398,37.3565],[-84.56411,37.35664],[-84.56381,37.35682],[-84.56307,37.35695],[-84.56255,37.35682],[-84.56217,37.35684],[-84.56153,37.35641],[-84.56133,37.35644],[-84.56095,37.3567],[-84.56087,37.35702],[-84.56101,37.35744],[-84.56096,37.35771],[-84.56068,37.35803],[-84.56027,37.35804],[-84.55952,37.35864],[-84.55917,37.3595],[-84.55929,37.36005],[-84.55903,37.36059],[-84.5591,37.36115],[-84.55864,37.36191],[-84.55846,37.36203],[-84.55834,37.36201],[-84.55855,37.36085],[-84.5584,37.36044],[-84.55815,37.36029],[-84.55812,37.36016],[-84.55836,37.3597],[-84.55856,37.35857],[-84.55851,37.35849],[-84.55817,37.3585],[-84.55707,37.35877],[-84.55694,37.35869],[-84.5572,37.35837],[-84.55791,37.35789],[-84.5584,37.35771],[-84.5588,37.35738],[-84.55899,37.35694],[-84.55925,37.35564],[-84.55936,37.35542],[-84.55965,37.35519],[-84.55974,37.3547],[-84.55993,37.35437],[-84.55987,37.35391],[-84.56006,37.35353],[-84.55998,37.35321]]}},{"type":"Feature","properties":{"quad":"Woodstock","gq_number":"776","source_pub":"Geologic map of the Woodstock quadrangle, south-central Kentucky | Gordon Whitney Weir and Seymour O. Schlanger | 1969, GQ-776","source_url":"https://pubs.usgs.gov/publication/gq776","original_line_symbol":"Mbh","polygon_pair_below_above":"Mb|Mbrl","contact_style":"CONTACT","contact_comments":"Halls Gap Member, Borden Formation","meaning":"Top of Halls Gap Member (Mbh) under Renfro; the Wildie (upper-Nada equivalent) is absent or unmapped here, so the target horizon may be missing or included in an adjacent unit.","class_label":"AMBIGUOUS","confidence":"Not used"},"geometry":{"type":"MultiLineString","coordinates":[[[-84.55693,37.35537],[-84.55678,37.3546],[-84.55664,37.35449],[-84.55604,37.35442],[-84.55533,37.35475],[-84.55523,37.35437],[-84.55604,37.35363],[-84.55673,37.35122],[-84.55668,37.35103]],[[-84.55661,37.35107],[-84.5563,37.3513],[-84.55584,37.35145],[-84.55545,37.35147],[-84.55524,37.35139],[-84.55523,37.35104],[-84.55571,37.35],[-84.55584,37.34947],[-84.55568,37.34894],[-84.5555,37.34872],[-84.55508,37.34842],[-84.55479,37.34841],[-84.55395,37.34939],[-84.55349,37.34953],[-84.55348,37.3489],[-84.55329,37.34868],[-84.55317,37.34823],[-84.55284,37.34791],[-84.55258,37.34792],[-84.55164,37.34849],[-84.55137,37.34903],[-84.55162,37.3499],[-84.55209,37.35025],[-84.55282,37.3511],[-84.55271,37.35132],[-84.55171,37.3518],[-84.55175,37.35206],[-84.55287,37.35317],[-84.5527,37.35339],[-84.55204,37.35353]]]}},{"type":"Feature","properties":{"quad":"Woodstock","gq_number":"776","source_pub":"Geologic map of the Woodstock quadrangle, south-central Kentucky | Gordon Whitney Weir and Seymour O. Schlanger | 1969, GQ-776","source_url":"https://pubs.usgs.gov/publication/gq776","original_line_symbol":"Mbh","polygon_pair_below_above":"Mb|Mbrl","contact_style":"CONTACT","contact_comments":"Halls Gap Member, Borden Formation","meaning":"Top of Halls Gap Member (Mbh) under Renfro; the Wildie (upper-Nada equivalent) is absent or unmapped here, so the target horizon may be missing or included in an adjacent unit.","class_label":"AMBIGUOUS","confidence":"Not used"},"geometry":{"type":"LineString","coordinates":[[-84.55998,37.35321],[-84.55988,37.35302],[-84.55947,37.35291],[-84.55903,37.35261],[-84.55876,37.35267],[-84.55814,37.35328],[-84.55772,37.35385],[-84.55741,37.35503]]}},{"type":"Feature","properties":{"quad":"Woodstock","gq_number":"776","source_pub":"Geologic map of the Woodstock quadrangle, south-central Kentucky | Gordon Whitney Weir and Seymour O. Schlanger | 1969, GQ-776","source_url":"https://pubs.usgs.gov/publication/gq776","original_line_symbol":"Mbh","polygon_pair_below_above":"Mb|Mbrl","contact_style":"CONTACT","contact_comments":"Halls Gap Member, Borden Formation","meaning":"Top of Halls Gap Member (Mbh) under Renfro; the Wildie (upper-Nada equivalent) is absent or unmapped here, so the target horizon may be missing or included in an adjacent unit.","class_label":"AMBIGUOUS","confidence":"Not used"},"geometry":{"type":"MultiLineString","coordinates":[[[-84.53107,37.34724],[-84.53115,37.34689],[-84.53159,37.34676],[-84.53232,37.34679],[-84.53307,37.34717],[-84.53365,37.34714],[-84.53502,37.34796],[-84.53525,37.34818],[-84.53528,37.34834],[-84.53436,37.34896],[-84.53363,37.34957],[-84.5322,37.35127],[-84.53142,37.35194],[-84.52921,37.35329],[-84.52876,37.35335],[-84.52831,37.35328],[-84.52803,37.35351],[-84.52741,37.35373],[-84.5266,37.35383],[-84.52626,37.35378],[-84.52603,37.35361],[-84.52595,37.3532],[-84.5254,37.35309],[-84.52504,37.35275],[-84.52505,37.35253],[-84.52552,37.35175],[-84.52548,37.35159],[-84.52452,37.35217],[-84.524,37.35213],[-84.52336,37.35173],[-84.52262,37.3507],[-84.52217,37.3506]],[[-84.5221,37.35059],[-84.52241,37.3511],[-84.52255,37.35152],[-84.52249,37.35177],[-84.52221,37.35194],[-84.52145,37.35199],[-84.52134,37.35208],[-84.52225,37.35247],[-84.52249,37.3528],[-84.52297,37.35263],[-84.52339,37.3528],[-84.52471,37.35391],[-84.52467,37.35418],[-84.52442,37.35437],[-84.52278,37.355],[-84.52194,37.35542],[-84.52149,37.35558],[-84.52083,37.35565],[-84.52042,37.35559],[-84.51947,37.35519],[-84.51911,37.35491],[-84.51913,37.3546],[-84.51904,37.35452]]]}},{"type":"Feature","properties":{"quad":"Woodstock","gq_number":"776","source_pub":"Geologic map of the Woodstock quadrangle, south-central Kentucky | Gordon Whitney Weir and Seymour O. Schlanger | 1969, GQ-776","source_url":"https://pubs.usgs.gov/publication/gq776","original_line_symbol":"Mbrl","polygon_pair_below_above":"Mb|Mbru","contact_style":"CONTACT","contact_comments":"Lower part of Renfro Member, Slade Formation","meaning":"Not interpreted as the target contact.","class_label":"AMBIGUOUS","confidence":"Not used"},"geometry":{"type":"MultiLineString","coordinates":[[[-84.60962,37.35286],[-84.60996,37.35304]],[[-84.60861,37.35239],[-84.60884,37.35251]]]}},{"type":"Feature","properties":{"quad":"Woodstock","gq_number":"776","source_pub":"Geologic map of the Woodstock quadrangle, south-central Kentucky | Gordon Whitney Weir and Seymour O. Schlanger | 1969, GQ-776","source_url":"https://pubs.usgs.gov/publication/gq776","original_line_symbol":"Mbh","polygon_pair_below_above":"Mb|Mbrl","contact_style":"CONTACT","contact_comments":"Halls Gap Member, Borden Formation","meaning":"Top of Halls Gap Member (Mbh) under Renfro; the Wildie (upper-Nada equivalent) is absent or unmapped here, so the target horizon may be missing or included in an adjacent unit.","class_label":"AMBIGUOUS","confidence":"Not used"},"geometry":{"type":"MultiLineString","coordinates":[[[-84.62484,37.34827],[-84.62413,37.34801],[-84.62326,37.34955],[-84.62294,37.34986],[-84.62319,37.34911],[-84.62315,37.34889],[-84.62346,37.34831],[-84.62346,37.34717],[-84.62248,37.34606],[-84.62125,37.34561],[-84.62087,37.34556],[-84.62025,37.34602],[-84.61962,37.34576],[-84.61893,37.34598],[-84.61862,37.34577],[-84.61818,37.34566],[-84.61755,37.34576],[-84.61737,37.34624],[-84.61742,37.34766],[-84.61767,37.34821],[-84.61806,37.34834]],[[-84.61804,37.34844],[-84.61777,37.3486],[-84.6177,37.34879],[-84.61792,37.34994],[-84.61788,37.35078],[-84.61761,37.35062],[-84.61761,37.34991],[-84.6173,37.34894],[-84.61696,37.34828],[-84.61667,37.348],[-84.6165,37.34795],[-84.61602,37.34857],[-84.61587,37.34846],[-84.61591,37.34807],[-84.61637,37.34708],[-84.61631,37.34595],[-84.61619,37.34573],[-84.61587,37.34561],[-84.61521,37.34603],[-84.61518,37.34557],[-84.61501,37.34541],[-84.61438,37.34522],[-84.61338,37.34525],[-84.61318,37.34506],[-84.61244,37.34481],[-84.61213,37.34485],[-84.61195,37.34508],[-84.61181,37.34629],[-84.61183,37.34659],[-84.61225,37.34719]],[[-84.61213,37.34719],[-84.61154,37.34715],[-84.61135,37.34726],[-84.61145,37.34847],[-84.61104,37.34877]],[[-84.61105,37.34864],[-84.611,37.3483],[-84.61089,37.34816],[-84.61041,37.34804]],[[-84.61034,37.34793],[-84.61058,37.34737],[-84.61062,37.34669],[-84.61034,37.34605],[-84.6106,37.3454],[-84.61044,37.34504],[-84.61029,37.34494],[-84.60804,37.34487],[-84.60756,37.34495],[-84.60736,37.34525],[-84.60754,37.34629],[-84.6075,37.34679]],[[-84.60743,37.34707],[-84.60738,37.34707]],[[-84.60141,37.34964],[-84.60109,37.34968],[-84.60004,37.35039],[-84.6,37.3516],[-84.60028,37.35187],[-84.60087,37.35192],[-84.60301,37.35175],[-84.60347,37.35148],[-84.60388,37.35109],[-84.60415,37.3516],[-84.6045,37.35177],[-84.60608,37.35181],[-84.60677,37.35143],[-84.60687,37.35152],[-84.60691,37.35191],[-84.60722,37.35215],[-84.60834,37.35243],[-84.60903,37.35282],[-84.60961,37.35301],[-84.60997,37.35326],[-84.6101,37.35345],[-84.61001,37.35355],[-84.6094,37.35325],[-84.60879,37.35317],[-84.60812,37.35287],[-84.60692,37.3527],[-84.60588,37.35267],[-84.60388,37.3528],[-84.60353,37.35286],[-84.60331,37.353],[-84.60391,37.35384],[-84.60472,37.3544],[-84.60571,37.3549],[-84.60716,37.35517]],[[-84.60715,37.3553],[-84.60654,37.35534],[-84.60622,37.3555],[-84.60592,37.35534],[-84.60502,37.35523],[-84.60352,37.35468],[-84.60214,37.3538],[-84.60183,37.3537],[-84.60138,37.35374],[-84.60111,37.35396],[-84.60107,37.35425],[-84.60132,37.35507],[-84.60163,37.35552],[-84.60163,37.35623],[-84.60176,37.35681],[-84.60216,37.35751],[-84.6022,37.3579],[-84.60257,37.35818],[-84.60261,37.35859],[-84.60251,37.35902],[-84.60287,37.35903],[-84.60443,37.35867],[-84.60468,37.35875],[-84.60552,37.35875],[-84.6074,37.35926],[-84.6075,37.35935],[-84.60729,37.35945],[-84.60565,37.35927],[-84.60481,37.35958]],[[-84.60727,37.34683],[-84.60702,37.3463],[-84.6064,37.34572],[-84.60571,37.34561],[-84.60532,37.34575],[-84.60462,37.34628],[-84.60457,37.3465],[-84.60486,37.34728],[-84.60395,37.34718],[-84.60384,37.34726],[-84.60412,37.34819],[-84.60407,37.34835],[-84.60336,37.34801],[-84.60273,37.34753],[-84.60247,37.34753],[-84.60067,37.34915],[-84.60072,37.34934],[-84.60122,37.3495]]]}},{"type":"Feature","properties":{"quad":"Woodstock","gq_number":"776","source_pub":"Geologic map of the Woodstock quadrangle, south-central Kentucky | Gordon Whitney Weir and Seymour O. Schlanger | 1969, GQ-776","source_url":"https://pubs.usgs.gov/publication/gq776","original_line_symbol":"Mbh","polygon_pair_below_above":"Mb|Mbrl","contact_style":"CONTACT","contact_comments":"Halls Gap Member, Borden Formation","meaning":"Top of Halls Gap Member (Mbh) under Renfro; the Wildie (upper-Nada equivalent) is absent or unmapped here, so the target horizon may be missing or included in an adjacent unit.","class_label":"AMBIGUOUS","confidence":"Not used"},"geometry":{"type":"LineString","coordinates":[[-84.57692,37.34543],[-84.57685,37.34556],[-84.57675,37.34554],[-84.57662,37.34539],[-84.57595,37.34509],[-84.57421,37.34464],[-84.57342,37.34427],[-84.57359,37.34415],[-84.57445,37.34413],[-84.57562,37.34433],[-84.57638,37.3447],[-84.57692,37.34543]]}},{"type":"Feature","properties":{"quad":"Woodstock","gq_number":"776","source_pub":"Geologic map of the Woodstock quadrangle, south-central Kentucky | Gordon Whitney Weir and Seymour O. Schlanger | 1969, GQ-776","source_url":"https://pubs.usgs.gov/publication/gq776","original_line_symbol":"Mbrl","polygon_pair_below_above":"Mb|Mbru","contact_style":"CONTACT","contact_comments":"Lower part of Renfro Member, Slade Formation","meaning":"Not interpreted as the target contact.","class_label":"AMBIGUOUS","confidence":"Not used"},"geometry":{"type":"MultiLineString","coordinates":[[[-84.53241,37.35072],[-84.53213,37.35103]],[[-84.52968,37.35288],[-84.52936,37.35304]],[[-84.52142,37.35187],[-84.52132,37.35191]]]}},{"type":"Feature","properties":{"quad":"Woodstock","gq_number":"776","source_pub":"Geologic map of the Woodstock quadrangle, south-central Kentucky | Gordon Whitney Weir and Seymour O. Schlanger | 1969, GQ-776","source_url":"https://pubs.usgs.gov/publication/gq776","original_line_symbol":"Mbh","polygon_pair_below_above":"Mb|Mbrl","contact_style":"CONTACT","contact_comments":"Halls Gap Member, Borden Formation","meaning":"Top of Halls Gap Member (Mbh) under Renfro; the Wildie (upper-Nada equivalent) is absent or unmapped here, so the target horizon may be missing or included in an adjacent unit.","class_label":"AMBIGUOUS","confidence":"Not used"},"geometry":{"type":"LineString","coordinates":[[-84.5638,37.3505],[-84.56406,37.35064],[-84.5642,37.35121],[-84.56448,37.35156],[-84.56576,37.35178],[-84.56662,37.35289],[-84.56716,37.35314],[-84.56733,37.3537],[-84.568,37.35427],[-84.56867,37.35527],[-84.56919,37.35542],[-84.56952,37.35589],[-84.56993,37.35612],[-84.57016,37.3562],[-84.57067,37.35617],[-84.57106,37.35626],[-84.57217,37.35699],[-84.57179,37.35713],[-84.57121,37.35704],[-84.5708,37.35685],[-84.57063,37.35691],[-84.5706,37.35711],[-84.57102,37.35842],[-84.57098,37.35873],[-84.57009,37.3582],[-84.56985,37.3577],[-84.56889,37.35675],[-84.56839,37.35655],[-84.56786,37.35703],[-84.56757,37.35758],[-84.56748,37.35821],[-84.56706,37.35874],[-84.56699,37.35904],[-84.56729,37.35935],[-84.56727,37.35943],[-84.56655,37.35959],[-84.56609,37.3602],[-84.56588,37.35974],[-84.56589,37.3593]]}},{"type":"Feature","properties":{"quad":"Woodstock","gq_number":"776","source_pub":"Geologic map of the Woodstock quadrangle, south-central Kentucky | Gordon Whitney Weir and Seymour O. Schlanger | 1969, GQ-776","source_url":"https://pubs.usgs.gov/publication/gq776","original_line_symbol":"Mbh","polygon_pair_below_above":"Mb|Mbrl","contact_style":"CONTACT","contact_comments":"Halls Gap Member, Borden Formation","meaning":"Top of Halls Gap Member (Mbh) under Renfro; the Wildie (upper-Nada equivalent) is absent or unmapped here, so the target horizon may be missing or included in an adjacent unit.","class_label":"AMBIGUOUS","confidence":"Not used"},"geometry":{"type":"MultiLineString","coordinates":[[[-84.57988,37.35874],[-84.57866,37.35914],[-84.57804,37.35925],[-84.5778,37.35921],[-84.57814,37.35862],[-84.5797,37.35725],[-84.57967,37.35693],[-84.57916,37.35666],[-84.57899,37.35615],[-84.57858,37.35628],[-84.57817,37.35656],[-84.57776,37.35701],[-84.57734,37.35724]],[[-84.57733,37.35718],[-84.57726,37.35664],[-84.57707,37.35649],[-84.57678,37.35641],[-84.57672,37.35626],[-84.57728,37.35587],[-84.57778,37.3553],[-84.57797,37.35476],[-84.57772,37.35451],[-84.57748,37.35451],[-84.57686,37.35511],[-84.57662,37.35514],[-84.5761,37.35378],[-84.57573,37.35385],[-84.57478,37.35429],[-84.57401,37.35475],[-84.5731,37.35496],[-84.57237,37.35533],[-84.57217,37.35529],[-84.5722,37.35505],[-84.57293,37.35422],[-84.57415,37.3531]],[[-84.57418,37.35305],[-84.57412,37.35299],[-84.57371,37.35312],[-84.57242,37.35379],[-84.57203,37.35386],[-84.57195,37.3538],[-84.57254,37.35316],[-84.57282,37.35251],[-84.57375,37.3514],[-84.57367,37.3512],[-84.57318,37.35104],[-84.57213,37.35033],[-84.57199,37.35033],[-84.57188,37.3505],[-84.57192,37.35143],[-84.57173,37.352],[-84.57128,37.35251],[-84.57104,37.35262],[-84.5707,37.35271],[-84.57054,37.35264],[-84.57084,37.35197],[-84.57075,37.35133],[-84.57053,37.35106],[-84.57024,37.35105],[-84.56962,37.35124],[-84.56868,37.35128],[-84.56858,37.3511],[-84.56871,37.3506],[-84.56866,37.35033],[-84.56901,37.34987],[-84.56905,37.34965],[-84.56854,37.34895],[-84.56821,37.34875],[-84.56743,37.34873],[-84.56752,37.34786]]]}},{"type":"Feature","properties":{"quad":"Woodstock","gq_number":"776","source_pub":"Geologic map of the Woodstock quadrangle, south-central Kentucky | Gordon Whitney Weir and Seymour O. Schlanger | 1969, GQ-776","source_url":"https://pubs.usgs.gov/publication/gq776","original_line_symbol":"Mbh","polygon_pair_below_above":"Mb|Mbrl","contact_style":"CONTACT","contact_comments":"Halls Gap Member, Borden Formation","meaning":"Top of Halls Gap Member (Mbh) under Renfro; the Wildie (upper-Nada equivalent) is absent or unmapped here, so the target horizon may be missing or included in an adjacent unit.","class_label":"AMBIGUOUS","confidence":"Not used"},"geometry":{"type":"MultiLineString","coordinates":[[[-84.56752,37.34786],[-84.56748,37.34763],[-84.56663,37.34757],[-84.56634,37.34744],[-84.56572,37.3464],[-84.56519,37.3459],[-84.56375,37.34503],[-84.56296,37.3443],[-84.56183,37.3435],[-84.56142,37.34328],[-84.55938,37.34262],[-84.55789,37.34168],[-84.55768,37.34165],[-84.55756,37.34176],[-84.55731,37.34297],[-84.55685,37.34361],[-84.55716,37.34374],[-84.55796,37.34378],[-84.55869,37.34366],[-84.5597,37.34334],[-84.56032,37.34327],[-84.56119,37.34346],[-84.56157,37.34393],[-84.56147,37.34464],[-84.56088,37.3445],[-84.55933,37.34532],[-84.55887,37.34544],[-84.55881,37.34561],[-84.55896,37.3459],[-84.55881,37.34651],[-84.55865,37.34652],[-84.55858,37.34636],[-84.55833,37.34619],[-84.55795,37.34615],[-84.55784,37.34579],[-84.55769,37.34567],[-84.55735,37.34557],[-84.55711,37.3456],[-84.55709,37.34582],[-84.55764,37.34627],[-84.55759,37.34649],[-84.55775,37.34676],[-84.55849,37.34764],[-84.55919,37.34814],[-84.55962,37.34884],[-84.55994,37.34895],[-84.56054,37.34873],[-84.56096,37.34843],[-84.5623,37.34811]],[[-84.56244,37.34807],[-84.56212,37.34886],[-84.56203,37.34965],[-84.56232,37.34994],[-84.56348,37.35022],[-84.5638,37.3505]]]}},{"type":"Feature","properties":{"quad":"Woodstock","gq_number":"776","source_pub":"Geologic map of the Woodstock quadrangle, south-central Kentucky | Gordon Whitney Weir and Seymour O. Schlanger | 1969, GQ-776","source_url":"https://pubs.usgs.gov/publication/gq776","original_line_symbol":"Mbh","polygon_pair_below_above":"Mb|Mbrl","contact_style":"CONTACT","contact_comments":"Halls Gap Member, Borden Formation","meaning":"Top of Halls Gap Member (Mbh) under Renfro; the Wildie (upper-Nada equivalent) is absent or unmapped here, so the target horizon may be missing or included in an adjacent unit.","class_label":"AMBIGUOUS","confidence":"Not used"},"geometry":{"type":"MultiLineString","coordinates":[[[-84.62375,37.3436],[-84.62294,37.34388],[-84.62278,37.344],[-84.62278,37.34424],[-84.62425,37.34567],[-84.6248,37.34607]],[[-84.61761,37.34306],[-84.61749,37.34348],[-84.61774,37.3437],[-84.61807,37.34383],[-84.61973,37.34403],[-84.6211,37.34387],[-84.62261,37.34344],[-84.6238,37.34349]],[[-84.61218,37.34117],[-84.61242,37.34159],[-84.61308,37.34175],[-84.61206,37.34244],[-84.61203,37.34261],[-84.61212,37.34273],[-84.61588,37.34343],[-84.61635,37.34333],[-84.61646,37.34287],[-84.61707,37.34312],[-84.61748,37.34306]]]}},{"type":"Feature","properties":{"quad":"Woodstock","gq_number":"776","source_pub":"Geologic map of the Woodstock quadrangle, south-central Kentucky | Gordon Whitney Weir and Seymour O. Schlanger | 1969, GQ-776","source_url":"https://pubs.usgs.gov/publication/gq776","original_line_symbol":"Mbrl","polygon_pair_below_above":"Mb|Mbru","contact_style":"CONTACT","contact_comments":"Lower part of Renfro Member, Slade Formation","meaning":"Not interpreted as the target contact.","class_label":"AMBIGUOUS","confidence":"Not used"},"geometry":{"type":"LineString","coordinates":[[-84.53741,37.34616],[-84.53731,37.34629]]}},{"type":"Feature","properties":{"quad":"Woodstock","gq_number":"776","source_pub":"Geologic map of the Woodstock quadrangle, south-central Kentucky | Gordon Whitney Weir and Seymour O. Schlanger | 1969, GQ-776","source_url":"https://pubs.usgs.gov/publication/gq776","original_line_symbol":"Mbrl","polygon_pair_below_above":"Mb|Mbru","contact_style":"CONTACT","contact_comments":"Lower part of Renfro Member, Slade Formation","meaning":"Not interpreted as the target contact.","class_label":"AMBIGUOUS","confidence":"Not used"},"geometry":{"type":"MultiLineString","coordinates":[[[-84.54758,37.34517],[-84.54708,37.34527],[-84.54653,37.34523]],[[-84.54583,37.34531],[-84.54503,37.34558],[-84.54435,37.34568]],[[-84.5427,37.34575],[-84.54248,37.3457]],[[-84.54095,37.34692],[-84.53958,37.34723]]]}},{"type":"Feature","properties":{"quad":"Woodstock","gq_number":"776","source_pub":"Geologic map of the Woodstock quadrangle, south-central Kentucky | Gordon Whitney Weir and Seymour O. Schlanger | 1969, GQ-776","source_url":"https://pubs.usgs.gov/publication/gq776","original_line_symbol":"Mbrl","polygon_pair_below_above":"Mb|Mbru","contact_style":"CONTACT","contact_comments":"Lower part of Renfro Member, Slade Formation","meaning":"Not interpreted as the target contact.","class_label":"AMBIGUOUS","confidence":"Not used"},"geometry":{"type":"MultiLineString","coordinates":[[[-84.59124,37.34074],[-84.59086,37.34102]],[[-84.58807,37.34568],[-84.58901,37.34575]],[[-84.58408,37.33799],[-84.58558,37.33794]]]}},{"type":"Feature","properties":{"quad":"Woodstock","gq_number":"776","source_pub":"Geologic map of the Woodstock quadrangle, south-central Kentucky | Gordon Whitney Weir and Seymour O. Schlanger | 1969, GQ-776","source_url":"https://pubs.usgs.gov/publication/gq776","original_line_symbol":"Mbh","polygon_pair_below_above":"Mb|Mbrl","contact_style":"CONTACT","contact_comments":"Halls Gap Member, Borden Formation","meaning":"Top of Halls Gap Member (Mbh) under Renfro; the Wildie (upper-Nada equivalent) is absent or unmapped here, so the target horizon may be missing or included in an adjacent unit.","class_label":"AMBIGUOUS","confidence":"Not used"},"geometry":{"type":"MultiLineString","coordinates":[[[-84.61204,37.34093],[-84.61218,37.34117]],[[-84.60652,37.34083],[-84.6064,37.3411],[-84.60646,37.34217],[-84.60654,37.34242],[-84.60686,37.34255],[-84.60748,37.34247],[-84.60797,37.34256],[-84.60869,37.34251],[-84.6091,37.34222],[-84.60939,37.34154],[-84.6095,37.34159],[-84.61,37.34238],[-84.61078,37.34222],[-84.61165,37.34168],[-84.61198,37.341]],[[-84.60002,37.34051],[-84.60027,37.34069],[-84.60097,37.34065],[-84.60086,37.34155],[-84.60118,37.34218],[-84.60114,37.34288],[-84.60169,37.34395],[-84.60215,37.34426],[-84.60398,37.3435],[-84.6047,37.34294],[-84.60478,37.34273],[-84.60466,37.34245],[-84.60505,37.34232],[-84.60525,37.34197],[-84.60518,37.34158],[-84.60471,37.34116],[-84.60515,37.34076],[-84.60543,37.34074],[-84.60598,37.34088],[-84.60651,37.34073]],[[-84.59347,37.34351],[-84.59273,37.34313],[-84.59215,37.34307],[-84.59113,37.34332],[-84.59027,37.34366],[-84.58958,37.34363],[-84.58895,37.34387],[-84.58787,37.34402],[-84.58766,37.34431],[-84.58663,37.34449],[-84.58643,37.34466],[-84.5864,37.34484],[-84.58704,37.34542],[-84.58744,37.34565],[-84.58808,37.34581],[-84.58943,37.34594],[-84.59099,37.34586],[-84.59186,37.3457],[-84.5919,37.3459],[-84.59164,37.34658],[-84.59175,37.34684],[-84.59243,37.34709],[-84.59288,37.34706],[-84.59322,37.34748],[-84.59363,37.34773],[-84.59445,37.34785],[-84.59489,37.34778],[-84.59565,37.34737],[-84.59718,37.34692],[-84.59763,37.34654],[-84.59772,37.34628],[-84.59757,37.34592],[-84.59734,37.34572],[-84.59655,37.3454],[-84.59656,37.3452],[-84.59695,37.34494],[-84.59752,37.34482],[-84.59934,37.34577],[-84.59979,37.3456],[-84.60027,37.34506],[-84.6004,37.34452],[-84.59997,37.34354],[-84.59998,37.34283],[-84.59978,37.34233],[-84.59988,37.34186],[-84.59943,37.34152],[-84.59994,37.34111],[-84.59991,37.34058]],[[-84.58985,37.33945],[-84.5901,37.34011],[-84.59037,37.34034],[-84.59152,37.3403],[-84.59029,37.34135],[-84.58998,37.34185],[-84.58997,37.34216],[-84.59109,37.34208],[-84.59328,37.34167],[-84.59439,37.34153],[-84.59455,37.34157],[-84.59454,37.34167],[-84.59416,37.34193],[-84.59344,37.34214],[-84.59329,37.34228],[-84.59323,37.34275],[-84.59351,37.34333]],[[-84.58978,37.33943],[-84.58983,37.33943]],[[-84.58035,37.33877],[-84.58024,37.33911],[-84.58033,37.33927],[-84.58106,37.3393],[-84.58294,37.33876],[-84.58423,37.33813],[-84.58549,37.33808],[-84.58539,37.33828],[-84.58415,37.33908],[-84.58246,37.34035],[-84.58229,37.34057],[-84.58234,37.34077],[-84.58259,37.34096],[-84.58331,37.34135],[-84.58468,37.34239],[-84.5854,37.34274],[-84.58671,37.34261],[-84.58701,37.34242],[-84.58717,37.34177],[-84.58713,37.34076],[-84.58765,37.34079],[-84.58797,37.34151],[-84.58827,37.34189],[-84.58871,37.34168],[-84.58926,37.34099],[-84.58968,37.33953]]]}},{"type":"Feature","properties":{"quad":"Woodstock","gq_number":"776","source_pub":"Geologic map of the Woodstock quadrangle, south-central Kentucky | Gordon Whitney Weir and Seymour O. Schlanger | 1969, GQ-776","source_url":"https://pubs.usgs.gov/publication/gq776","original_line_symbol":"Mbh","polygon_pair_below_above":"Mb|Mbrl","contact_style":"CONTACT","contact_comments":"Halls Gap Member, Borden Formation","meaning":"Top of Halls Gap Member (Mbh) under Renfro; the Wildie (upper-Nada equivalent) is absent or unmapped here, so the target horizon may be missing or included in an adjacent unit.","class_label":"AMBIGUOUS","confidence":"Not used"},"geometry":{"type":"MultiLineString","coordinates":[[[-84.57595,37.3377],[-84.57691,37.33804],[-84.57748,37.338],[-84.57795,37.33751],[-84.57847,37.33628],[-84.57892,37.33655],[-84.57908,37.33656],[-84.58016,37.33607],[-84.58065,37.33567],[-84.58109,37.33573],[-84.58265,37.33534],[-84.58304,37.33571],[-84.58351,37.33583]],[[-84.58346,37.33593],[-84.58315,37.33601],[-84.58253,37.33599],[-84.58207,37.33613],[-84.58089,37.33681],[-84.57996,37.33749],[-84.57947,37.33809],[-84.57944,37.33825],[-84.57974,37.33835],[-84.58061,37.33827],[-84.58062,37.3384],[-84.58035,37.33877]]]}},{"type":"Feature","properties":{"quad":"Woodstock","gq_number":"776","source_pub":"Geologic map of the Woodstock quadrangle, south-central Kentucky | Gordon Whitney Weir and Seymour O. Schlanger | 1969, GQ-776","source_url":"https://pubs.usgs.gov/publication/gq776","original_line_symbol":"Mbh","polygon_pair_below_above":"Mb|Mbrl","contact_style":"CONTACT","contact_comments":"Halls Gap Member, Borden Formation","meaning":"Top of Halls Gap Member (Mbh) under Renfro; the Wildie (upper-Nada equivalent) is absent or unmapped here, so the target horizon may be missing or included in an adjacent unit.","class_label":"AMBIGUOUS","confidence":"Not used"},"geometry":{"type":"LineString","coordinates":[[-84.53436,37.34463],[-84.53399,37.34531],[-84.53361,37.34553],[-84.53312,37.34557],[-84.53229,37.34539],[-84.53209,37.34527],[-84.5317,37.34477],[-84.53127,37.34352],[-84.53108,37.34343],[-84.53084,37.34372],[-84.53043,37.34397],[-84.53063,37.34418],[-84.5309,37.34523],[-84.53085,37.34559],[-84.53042,37.34589],[-84.52949,37.34613],[-84.5275,37.34591],[-84.52644,37.3456],[-84.526,37.34574],[-84.52605,37.34585],[-84.52827,37.34675],[-84.52838,37.34701],[-84.52797,37.34765],[-84.52842,37.34774],[-84.52865,37.34798],[-84.52873,37.34796],[-84.52888,37.34746],[-84.5291,37.34719],[-84.52932,37.34705],[-84.5296,37.34702],[-84.53026,37.34736],[-84.53069,37.34779],[-84.53093,37.34822],[-84.53103,37.34822],[-84.53107,37.34724]]}},{"type":"Feature","properties":{"quad":"Woodstock","gq_number":"776","source_pub":"Geologic map of the Woodstock quadrangle, south-central Kentucky | Gordon Whitney Weir and Seymour O. Schlanger | 1969, GQ-776","source_url":"https://pubs.usgs.gov/publication/gq776","original_line_symbol":"Mbh","polygon_pair_below_above":"Mb|Mbru","contact_style":"CONTACT","contact_comments":"Halls Gap Member, Borden Formation","meaning":"Top of Halls Gap Member (Mbh) under Renfro; the Wildie (upper-Nada equivalent) is absent or unmapped here, so the target horizon may be missing or included in an adjacent unit.","class_label":"AMBIGUOUS","confidence":"Not used"},"geometry":{"type":"LineString","coordinates":[[-84.53755,37.34623],[-84.53686,37.34668],[-84.53648,37.34666],[-84.53566,37.34619],[-84.53539,37.34592],[-84.53536,37.34562],[-84.53549,37.34519]]}},{"type":"Feature","properties":{"quad":"Woodstock","gq_number":"776","source_pub":"Geologic map of the Woodstock quadrangle, south-central Kentucky | Gordon Whitney Weir and Seymour O. Schlanger | 1969, GQ-776","source_url":"https://pubs.usgs.gov/publication/gq776","original_line_symbol":"Mbh","polygon_pair_below_above":"Mb|Mbrl","contact_style":"CONTACT","contact_comments":"Halls Gap Member, Borden Formation","meaning":"Top of Halls Gap Member (Mbh) under Renfro; the Wildie (upper-Nada equivalent) is absent or unmapped here, so the target horizon may be missing or included in an adjacent unit.","class_label":"AMBIGUOUS","confidence":"Not used"},"geometry":{"type":"LineString","coordinates":[[-84.53974,37.34734],[-84.53888,37.34751],[-84.53819,37.34751],[-84.53819,37.34727],[-84.53868,37.3468]]}},{"type":"Feature","properties":{"quad":"Woodstock","gq_number":"776","source_pub":"Geologic map of the Woodstock quadrangle, south-central Kentucky | Gordon Whitney Weir and Seymour O. Schlanger | 1969, GQ-776","source_url":"https://pubs.usgs.gov/publication/gq776","original_line_symbol":"Mbh","polygon_pair_below_above":"Mb|Mbrl","contact_style":"CONTACT","contact_comments":"Halls Gap Member, Borden Formation","meaning":"Top of Halls Gap Member (Mbh) under Renfro; the Wildie (upper-Nada equivalent) is absent or unmapped here, so the target horizon may be missing or included in an adjacent unit.","class_label":"AMBIGUOUS","confidence":"Not used"},"geometry":{"type":"LineString","coordinates":[[-84.53549,37.34519],[-84.536,37.34414],[-84.53692,37.34301],[-84.5369,37.34276],[-84.53523,37.34365],[-84.53492,37.34355],[-84.53448,37.34317],[-84.53438,37.34318],[-84.53427,37.34356],[-84.53436,37.34463]]}},{"type":"Feature","properties":{"quad":"Woodstock","gq_number":"776","source_pub":"Geologic map of the Woodstock quadrangle, south-central Kentucky | Gordon Whitney Weir and Seymour O. Schlanger | 1969, GQ-776","source_url":"https://pubs.usgs.gov/publication/gq776","original_line_symbol":"Mbh","polygon_pair_below_above":"Mb|Mbrl","contact_style":"CONTACT","contact_comments":"Halls Gap Member, Borden Formation","meaning":"Top of Halls Gap Member (Mbh) under Renfro; the Wildie (upper-Nada equivalent) is absent or unmapped here, so the target horizon may be missing or included in an adjacent unit.","class_label":"AMBIGUOUS","confidence":"Not used"},"geometry":{"type":"MultiLineString","coordinates":[[[-84.53943,37.34615],[-84.53943,37.34609]],[[-84.53868,37.3468],[-84.5393,37.34626]],[[-84.5393,37.34611],[-84.53856,37.34612],[-84.53798,37.34541],[-84.53778,37.3453],[-84.53764,37.3454],[-84.53765,37.34602],[-84.53755,37.34623]]]}},{"type":"Feature","properties":{"quad":"Woodstock","gq_number":"776","source_pub":"Geologic map of the Woodstock quadrangle, south-central Kentucky | Gordon Whitney Weir and Seymour O. Schlanger | 1969, GQ-776","source_url":"https://pubs.usgs.gov/publication/gq776","original_line_symbol":"Mbh","polygon_pair_below_above":"Mb|Mbrl","contact_style":"CONTACT","contact_comments":"Halls Gap Member, Borden Formation","meaning":"Top of Halls Gap Member (Mbh) under Renfro; the Wildie (upper-Nada equivalent) is absent or unmapped here, so the target horizon may be missing or included in an adjacent unit.","class_label":"AMBIGUOUS","confidence":"Not used"},"geometry":{"type":"MultiLineString","coordinates":[[[-84.54533,37.33446],[-84.54498,37.33548],[-84.54488,37.33617],[-84.54525,37.3359],[-84.54601,37.33497],[-84.54662,37.33447],[-84.54684,37.33443],[-84.54792,37.33464],[-84.54811,37.33477],[-84.54817,37.33499],[-84.54802,37.3354],[-84.54807,37.33551],[-84.54848,37.33546],[-84.54906,37.3352],[-84.54919,37.33523],[-84.54957,37.33556],[-84.55009,37.33648],[-84.55011,37.33692],[-84.54992,37.33707],[-84.54758,37.33727],[-84.54753,37.33736],[-84.54768,37.33751],[-84.54769,37.33772],[-84.54718,37.33807],[-84.54667,37.33828],[-84.54636,37.33859],[-84.54714,37.33865],[-84.54829,37.33833],[-84.54908,37.33824],[-84.55121,37.33854],[-84.55138,37.33872],[-84.55128,37.33888],[-84.54958,37.33953],[-84.54707,37.3403],[-84.54627,37.34046],[-84.54572,37.34045],[-84.54489,37.34031],[-84.5421,37.33933]],[[-84.54211,37.33582],[-84.54271,37.33593],[-84.54302,37.33589],[-84.54341,37.3355],[-84.54533,37.33439]],[[-84.54375,37.33444],[-84.54281,37.33527],[-84.54213,37.33566]],[[-84.54225,37.33959],[-84.54366,37.3406],[-84.54358,37.34082],[-84.54335,37.34096],[-84.54231,37.34119],[-84.54294,37.34142],[-84.5432,37.3418],[-84.54336,37.34181],[-84.54409,37.3413],[-84.54436,37.34123],[-84.54485,37.34125],[-84.54542,37.3415],[-84.54539,37.34191],[-84.54496,37.34264],[-84.54498,37.34283],[-84.54518,37.34278],[-84.54564,37.34245],[-84.54614,37.34189],[-84.54658,37.34162],[-84.54696,37.34159],[-84.54722,37.3417],[-84.54701,37.34295],[-84.5471,37.34307],[-84.54763,37.34266],[-84.54816,37.34181],[-84.54865,37.34136],[-84.54883,37.34134],[-84.54892,37.34142],[-84.54898,37.34209],[-84.54915,37.34217],[-84.54996,37.3413],[-84.55041,37.34103],[-84.5511,37.34088],[-84.55145,37.3409],[-84.55165,37.34105],[-84.55159,37.34135],[-84.55122,37.34209],[-84.55054,37.3429],[-84.54913,37.34409],[-84.54818,37.3451],[-84.54783,37.34526],[-84.54718,37.34538],[-84.54659,37.34535],[-84.54586,37.34546],[-84.54361,37.34602],[-84.54302,37.34602],[-84.54247,37.34583],[-84.5423,37.34594],[-84.54225,37.34638],[-84.54197,37.34679],[-84.53974,37.34734]]]}},{"type":"Feature","properties":{"quad":"Maretburg","gq_number":"338","source_pub":"Geology of the Maretburg quadrangle, Kentucky | Seymour O. Schlanger | 1965, GQ-338","source_url":"https://pubs.usgs.gov/publication/gq338","original_line_symbol":"Mbh","polygon_pair_below_above":"Mb|Mbr","contact_style":"CONTACT","contact_comments":"Halls Gap Member, Borden Formation","meaning":"Top of Halls Gap Member (Mbh) under Renfro; the Wildie (upper-Nada equivalent) is absent or unmapped here, so the target horizon may be missing or included in an adjacent unit.","class_label":"AMBIGUOUS","confidence":"Not used"},"geometry":{"type":"MultiLineString","coordinates":[[[-84.47222,37.33226],[-84.47228,37.33234],[-84.47183,37.33283],[-84.47181,37.33316],[-84.4723,37.33374],[-84.47313,37.33367],[-84.47335,37.33373],[-84.4727,37.33418],[-84.47291,37.33478],[-84.47329,37.33536],[-84.47402,37.33608],[-84.47464,37.33639],[-84.47546,37.33659],[-84.47554,37.33676],[-84.47417,37.33825],[-84.47404,37.33904],[-84.47417,37.33931],[-84.47465,37.3397],[-84.47415,37.33983],[-84.47379,37.34006],[-84.47353,37.34052],[-84.47347,37.34107],[-84.47301,37.34157],[-84.47297,37.3422],[-84.47327,37.3436],[-84.47293,37.34356],[-84.47255,37.34333],[-84.47155,37.34252],[-84.4713,37.3425],[-84.47111,37.34261],[-84.46978,37.34387],[-84.46935,37.34463],[-84.46902,37.34574],[-84.46873,37.34635],[-84.46848,37.34662],[-84.46823,37.34589],[-84.46779,37.34575],[-84.46796,37.34501],[-84.46771,37.34443],[-84.46858,37.34352],[-84.47025,37.34105],[-84.47004,37.34048],[-84.46914,37.33998],[-84.46899,37.33979]],[[-84.46825,37.32924],[-84.46904,37.33006],[-84.46958,37.33018],[-84.46967,37.33055],[-84.47047,37.33151],[-84.47095,37.33229],[-84.47117,37.33238],[-84.47166,37.33238],[-84.47217,37.33227]],[[-84.46912,37.33979],[-84.47049,37.33994],[-84.47131,37.33988],[-84.47167,37.3396],[-84.47179,37.33937],[-84.47185,37.33875],[-84.47119,37.33737],[-84.471,37.33721],[-84.47019,37.33708]],[[-84.46998,37.33701],[-84.47002,37.33695]]]}},{"type":"Feature","properties":{"quad":"Maretburg","gq_number":"338","source_pub":"Geology of the Maretburg quadrangle, Kentucky | Seymour O. Schlanger | 1965, GQ-338","source_url":"https://pubs.usgs.gov/publication/gq338","original_line_symbol":"Mbh","polygon_pair_below_above":"Mb|Mbr","contact_style":"CONTACT","contact_comments":"Halls Gap Member, Borden Formation","meaning":"Top of Halls Gap Member (Mbh) under Renfro; the Wildie (upper-Nada equivalent) is absent or unmapped here, so the target horizon may be missing or included in an adjacent unit.","class_label":"AMBIGUOUS","confidence":"Not used"},"geometry":{"type":"MultiLineString","coordinates":[[[-84.49995,37.32755],[-84.49947,37.32725],[-84.49874,37.32735]],[[-84.49874,37.32735],[-84.49873,37.32686],[-84.49863,37.32669],[-84.49761,37.32594]]]}},{"type":"Feature","properties":{"quad":"Woodstock","gq_number":"776","source_pub":"Geologic map of the Woodstock quadrangle, south-central Kentucky | Gordon Whitney Weir and Seymour O. Schlanger | 1969, GQ-776","source_url":"https://pubs.usgs.gov/publication/gq776","original_line_symbol":"Mbh","polygon_pair_below_above":"Mb|Mbrl","contact_style":"CONTACT","contact_comments":"Halls Gap Member, Borden Formation","meaning":"Top of Halls Gap Member (Mbh) under Renfro; the Wildie (upper-Nada equivalent) is absent or unmapped here, so the target horizon may be missing or included in an adjacent unit.","class_label":"AMBIGUOUS","confidence":"Not used"},"geometry":{"type":"LineString","coordinates":[[-84.50326,37.32893],[-84.50288,37.32892]]}},{"type":"Feature","properties":{"quad":"Woodstock","gq_number":"776","source_pub":"Geologic map of the Woodstock quadrangle, south-central Kentucky | Gordon Whitney Weir and Seymour O. Schlanger | 1969, GQ-776","source_url":"https://pubs.usgs.gov/publication/gq776","original_line_symbol":"Mbh","polygon_pair_below_above":"Mb|Mbrl","contact_style":"CONTACT","contact_comments":"Halls Gap Member, Borden Formation","meaning":"Top of Halls Gap Member (Mbh) under Renfro; the Wildie (upper-Nada equivalent) is absent or unmapped here, so the target horizon may be missing or included in an adjacent unit.","class_label":"AMBIGUOUS","confidence":"Not used"},"geometry":{"type":"MultiLineString","coordinates":[[[-84.50568,37.33056],[-84.50561,37.33057]],[[-84.50568,37.33019],[-84.50568,37.33038]],[[-84.50548,37.33039],[-84.50536,37.33003]]]}},{"type":"Feature","properties":{"quad":"Woodstock","gq_number":"776","source_pub":"Geologic map of the Woodstock quadrangle, south-central Kentucky | Gordon Whitney Weir and Seymour O. Schlanger | 1969, GQ-776","source_url":"https://pubs.usgs.gov/publication/gq776","original_line_symbol":"Mbh","polygon_pair_below_above":"Mb|Mbrl","contact_style":"CONTACT","contact_comments":"Halls Gap Member, Borden Formation","meaning":"Top of Halls Gap Member (Mbh) under Renfro; the Wildie (upper-Nada equivalent) is absent or unmapped here, so the target horizon may be missing or included in an adjacent unit.","class_label":"AMBIGUOUS","confidence":"Not used"},"geometry":{"type":"LineString","coordinates":[[-84.50288,37.32892],[-84.50258,37.32892],[-84.50242,37.32897],[-84.50231,37.32914],[-84.50217,37.32912],[-84.50216,37.32891],[-84.50195,37.3286],[-84.50159,37.32844],[-84.50115,37.32848],[-84.50101,37.32825],[-84.49995,37.32755]]}},{"type":"Feature","properties":{"quad":"Woodstock","gq_number":"776","source_pub":"Geologic map of the Woodstock quadrangle, south-central Kentucky | Gordon Whitney Weir and Seymour O. Schlanger | 1969, GQ-776","source_url":"https://pubs.usgs.gov/publication/gq776","original_line_symbol":"Mbh","polygon_pair_below_above":"Mb|Mbrl","contact_style":"CONTACT","contact_comments":"Halls Gap Member, Borden Formation","meaning":"Top of Halls Gap Member (Mbh) under Renfro; the Wildie (upper-Nada equivalent) is absent or unmapped here, so the target horizon may be missing or included in an adjacent unit.","class_label":"AMBIGUOUS","confidence":"Not used"},"geometry":{"type":"LineString","coordinates":[[-84.50536,37.33003],[-84.50463,37.32907],[-84.50422,37.32894],[-84.50326,37.32893]]}},{"type":"Feature","properties":{"quad":"Woodstock","gq_number":"776","source_pub":"Geologic map of the Woodstock quadrangle, south-central Kentucky | Gordon Whitney Weir and Seymour O. Schlanger | 1969, GQ-776","source_url":"https://pubs.usgs.gov/publication/gq776","original_line_symbol":"Mbh","polygon_pair_below_above":"Mb|Mbrl","contact_style":"CONTACT","contact_comments":"Halls Gap Member, Borden Formation","meaning":"Top of Halls Gap Member (Mbh) under Renfro; the Wildie (upper-Nada equivalent) is absent or unmapped here, so the target horizon may be missing or included in an adjacent unit.","class_label":"AMBIGUOUS","confidence":"Not used"},"geometry":{"type":"MultiLineString","coordinates":[[[-84.51114,37.3262],[-84.51069,37.3265],[-84.51023,37.32735],[-84.50786,37.32863],[-84.50791,37.32877],[-84.50858,37.32909],[-84.50893,37.32937],[-84.50849,37.32939],[-84.50702,37.32893],[-84.50656,37.32882],[-84.50614,37.32884],[-84.50595,37.32903],[-84.50568,37.33019]],[[-84.49995,37.32542],[-84.50112,37.32628],[-84.50209,37.32684],[-84.50379,37.32754],[-84.50464,37.32777],[-84.50684,37.32761],[-84.50939,37.32719],[-84.50967,37.32702],[-84.51011,37.32648],[-84.51104,37.3261]]]}},{"type":"Feature","properties":{"quad":"Woodstock","gq_number":"776","source_pub":"Geologic map of the Woodstock quadrangle, south-central Kentucky | Gordon Whitney Weir and Seymour O. Schlanger | 1969, GQ-776","source_url":"https://pubs.usgs.gov/publication/gq776","original_line_symbol":"Mbrl","polygon_pair_below_above":"Mb|Mbru","contact_style":"CONTACT","contact_comments":"Lower part of Renfro Member, Slade Formation","meaning":"Not interpreted as the target contact.","class_label":"AMBIGUOUS","confidence":"Not used"},"geometry":{"type":"MultiLineString","coordinates":[[[-84.5535,37.3233],[-84.55316,37.32391]],[[-84.55155,37.32634],[-84.55114,37.32687]],[[-84.55122,37.32086],[-84.55108,37.32084]],[[-84.55078,37.32063],[-84.55073,37.32056]],[[-84.54775,37.32191],[-84.54729,37.32195]],[[-84.54699,37.32194],[-84.54644,37.32191]],[[-84.54576,37.32444],[-84.54542,37.32461]],[[-84.54481,37.32121],[-84.54441,37.32062]]]}},{"type":"Feature","properties":{"quad":"Woodstock","gq_number":"776","source_pub":"Geologic map of the Woodstock quadrangle, south-central Kentucky | Gordon Whitney Weir and Seymour O. Schlanger | 1969, GQ-776","source_url":"https://pubs.usgs.gov/publication/gq776","original_line_symbol":"Mbh","polygon_pair_below_above":"Mb|Mbrl","contact_style":"CONTACT","contact_comments":"Halls Gap Member, Borden Formation","meaning":"Top of Halls Gap Member (Mbh) under Renfro; the Wildie (upper-Nada equivalent) is absent or unmapped here, so the target horizon may be missing or included in an adjacent unit.","class_label":"AMBIGUOUS","confidence":"Not used"},"geometry":{"type":"MultiLineString","coordinates":[[[-84.57306,37.33313],[-84.57201,37.33316],[-84.57147,37.33369],[-84.57136,37.33413],[-84.57162,37.33498],[-84.57193,37.33528],[-84.57231,37.33545],[-84.57443,37.33554],[-84.57442,37.33563],[-84.57378,37.33599],[-84.57362,37.33626],[-84.57366,37.33648],[-84.57426,37.33688],[-84.57473,37.33705],[-84.57527,37.33708],[-84.57595,37.3377]],[[-84.55916,37.33158],[-84.5585,37.33107],[-84.55807,37.33118],[-84.55795,37.3313],[-84.55791,37.33183],[-84.5588,37.33295],[-84.55942,37.33336],[-84.56002,37.33361],[-84.56084,37.33363],[-84.56136,37.33349],[-84.56164,37.33381],[-84.56211,37.33403],[-84.56495,37.33397],[-84.56547,37.33384],[-84.56619,37.33395],[-84.56661,37.33386],[-84.56727,37.33329],[-84.56785,37.33215],[-84.56837,37.33205],[-84.56844,37.33226],[-84.56791,37.33398],[-84.56829,37.33443],[-84.5689,37.33454],[-84.56966,37.33428],[-84.5704,37.33331],[-84.57126,37.3325],[-84.57189,37.33143],[-84.57211,37.33164],[-84.57217,37.33243],[-84.57232,37.33268],[-84.57305,37.33298]],[[-84.57142,37.32243],[-84.57142,37.32248]],[[-84.57129,37.32247],[-84.56944,37.32191],[-84.56865,37.32177],[-84.5682,37.32181],[-84.56806,37.32206],[-84.56814,37.3233],[-84.56841,37.3237],[-84.56887,37.32406],[-84.5687,37.32411],[-84.56791,37.32402],[-84.56772,37.3241],[-84.56734,37.32452],[-84.56725,37.32529],[-84.56711,37.32539],[-84.56682,37.32518],[-84.56664,37.32476],[-84.56676,37.32382],[-84.56646,37.32344],[-84.56677,37.32298],[-84.56634,37.32151],[-84.5661,37.32128],[-84.56543,37.32137],[-84.56491,37.32157],[-84.56482,37.32147],[-84.56523,37.32108],[-84.56597,37.3206],[-84.56631,37.32022],[-84.56649,37.31938],[-84.56639,37.31876],[-84.56596,37.31854],[-84.56558,37.31859],[-84.56482,37.31924],[-84.56463,37.3191],[-84.56452,37.31876],[-84.56415,37.3184],[-84.56348,37.31846],[-84.56333,37.31855],[-84.56284,37.31935],[-84.5627,37.31943],[-84.56244,37.31939],[-84.56248,37.32249],[-84.56229,37.32443],[-84.56248,37.32483],[-84.56282,37.32506],[-84.56296,37.32526],[-84.56326,37.32539],[-84.56249,37.32573],[-84.56233,37.32599],[-84.56233,37.32647],[-84.56274,37.32713],[-84.56209,37.32708],[-84.56106,37.32672],[-84.56092,37.32696],[-84.5612,37.32728],[-84.56167,37.32759],[-84.56138,37.32799],[-84.56158,37.32849],[-84.56201,37.32892],[-84.56233,37.32907],[-84.56348,37.32933],[-84.56533,37.32963]],[[-84.56528,37.32978],[-84.56501,37.32991],[-84.56143,37.32985],[-84.56037,37.32925],[-84.5599,37.32915],[-84.55986,37.32939],[-84.56021,37.32983],[-84.56093,37.33019],[-84.56047,37.33039],[-84.5605,37.33089],[-84.56036,37.33103],[-84.55979,37.33081],[-84.55967,37.331],[-84.5593,37.33118],[-84.55925,37.33139]],[[-84.55936,37.33171],[-84.55933,37.33173]]]}},{"type":"Feature","properties":{"quad":"Maretburg","gq_number":"338","source_pub":"Geology of the Maretburg quadrangle, Kentucky | Seymour O. Schlanger | 1965, GQ-338","source_url":"https://pubs.usgs.gov/publication/gq338","original_line_symbol":"Mbh","polygon_pair_below_above":"Mb|Mbrl","contact_style":"CONTACT","contact_comments":"Halls Gap Member, Borden Formation","meaning":"Top of Halls Gap Member (Mbh) under Renfro; the Wildie (upper-Nada equivalent) is absent or unmapped here, so the target horizon may be missing or included in an adjacent unit.","class_label":"AMBIGUOUS","confidence":"Not used"},"geometry":{"type":"LineString","coordinates":[[-84.49995,37.32542],[-84.49922,37.32466],[-84.49885,37.32383],[-84.49893,37.32347],[-84.49829,37.32291],[-84.4981,37.32216],[-84.49829,37.32091],[-84.49877,37.3201],[-84.49925,37.31956],[-84.49946,37.31891],[-84.49995,37.31813]]}},{"type":"Feature","properties":{"quad":"Woodstock","gq_number":"776","source_pub":"Geologic map of the Woodstock quadrangle, south-central Kentucky | Gordon Whitney Weir and Seymour O. Schlanger | 1969, GQ-776","source_url":"https://pubs.usgs.gov/publication/gq776","original_line_symbol":"Mbh","polygon_pair_below_above":"Mb|Mbrl","contact_style":"CONTACT","contact_comments":"Halls Gap Member, Borden Formation","meaning":"Top of Halls Gap Member (Mbh) under Renfro; the Wildie (upper-Nada equivalent) is absent or unmapped here, so the target horizon may be missing or included in an adjacent unit.","class_label":"AMBIGUOUS","confidence":"Not used"},"geometry":{"type":"MultiLineString","coordinates":[[[-84.62483,37.32022],[-84.62442,37.32057],[-84.62425,37.31996],[-84.62396,37.31957],[-84.62264,37.31887],[-84.62183,37.3183],[-84.62156,37.31821],[-84.62135,37.31829],[-84.62131,37.31854],[-84.62155,37.31899],[-84.62172,37.31973],[-84.6215,37.32075],[-84.62171,37.32194],[-84.62148,37.32285],[-84.62152,37.32335],[-84.6218,37.32377],[-84.62255,37.32428],[-84.62284,37.32533],[-84.6233,37.32597],[-84.62303,37.32641],[-84.62313,37.32694],[-84.62344,37.32723],[-84.62333,37.32761],[-84.62341,37.32817],[-84.62296,37.32792],[-84.62294,37.32736],[-84.62255,37.32686],[-84.62252,37.32603],[-84.62235,37.32558],[-84.62175,37.32472],[-84.62143,37.32457],[-84.62112,37.32457],[-84.62056,37.32474],[-84.61977,37.32545],[-84.61954,37.32554],[-84.61954,37.32498],[-84.62043,37.32418],[-84.62066,37.32372],[-84.62042,37.32314],[-84.62037,37.32261],[-84.6197,37.32247],[-84.62038,37.32219],[-84.62049,37.32198],[-84.62009,37.32109],[-84.62005,37.31974],[-84.61963,37.31891],[-84.61945,37.31736],[-84.61934,37.31725],[-84.61827,37.31714],[-84.618,37.31719],[-84.61798,37.31816],[-84.61779,37.31847],[-84.61752,37.31842],[-84.617,37.31796],[-84.61669,37.31799],[-84.61632,37.3194],[-84.61607,37.31975],[-84.61595,37.3196],[-84.61592,37.31902],[-84.61567,37.31861],[-84.61555,37.31816],[-84.61526,37.31783],[-84.61487,37.31776],[-84.61435,37.3178],[-84.61403,37.31737],[-84.61359,37.31727],[-84.61288,37.31736],[-84.61253,37.31711],[-84.61219,37.31717],[-84.61086,37.31898],[-84.61078,37.31931],[-84.61098,37.31976],[-84.61017,37.32035],[-84.61005,37.3206],[-84.61012,37.32088],[-84.61042,37.32123],[-84.61181,37.32179],[-84.61162,37.32213],[-84.61261,37.32284],[-84.61259,37.3229]],[[-84.60848,37.32415],[-84.60808,37.32411],[-84.60787,37.32418],[-84.60699,37.32507],[-84.60698,37.32523],[-84.60712,37.3254],[-84.608,37.32588],[-84.60763,37.32593],[-84.60704,37.32578],[-84.60689,37.32583],[-84.60692,37.32593],[-84.60767,37.32664],[-84.60813,37.32765],[-84.60895,37.32852],[-84.60932,37.3287],[-84.60956,37.32869],[-84.61032,37.32821],[-84.61025,37.32888],[-84.6116,37.32962],[-84.61213,37.32958],[-84.61222,37.32992],[-84.61258,37.32996],[-84.61254,37.3303],[-84.61296,37.33068],[-84.61346,37.33083],[-84.61331,37.33106],[-84.61378,37.33197],[-84.61387,37.33236],[-84.61369,37.33249],[-84.61371,37.3328]],[[-84.61362,37.33283],[-84.61343,37.33262],[-84.61305,37.33172],[-84.6126,37.33123],[-84.61178,37.33076],[-84.61137,37.33064],[-84.61112,37.33063],[-84.61091,37.33075],[-84.61071,37.33013],[-84.61044,37.32993],[-84.60965,37.3297],[-84.60919,37.32975],[-84.609,37.32953],[-84.60867,37.32945],[-84.60813,37.32913],[-84.60758,37.32864],[-84.6075,37.32885],[-84.60771,37.32937],[-84.60776,37.32996],[-84.60762,37.3304],[-84.60686,37.33151],[-84.60704,37.33212],[-84.60648,37.3322],[-84.60576,37.33285],[-84.60561,37.33283],[-84.60572,37.33226],[-84.60603,37.33191],[-84.60682,37.3303],[-84.60694,37.32972],[-84.60654,37.3288],[-84.60665,37.32787],[-84.60657,37.32757],[-84.60505,37.32627],[-84.60457,37.32664],[-84.6036,37.32813],[-84.60291,37.32879],[-84.60223,37.32925],[-84.60193,37.32963],[-84.60075,37.33016],[-84.60068,37.33006],[-84.60087,37.32988]],[[-84.61243,37.3229],[-84.61199,37.32282],[-84.6117,37.32264],[-84.6111,37.32247],[-84.60984,37.32182],[-84.60943,37.32178],[-84.60925,37.32188],[-84.6092,37.32222],[-84.6096,37.32333]],[[-84.60936,37.32324],[-84.60903,37.32297],[-84.60881,37.32302],[-84.60844,37.32354],[-84.60857,37.32403]]]}},{"type":"Feature","properties":{"quad":"Woodstock","gq_number":"776","source_pub":"Geologic map of the Woodstock quadrangle, south-central Kentucky | Gordon Whitney Weir and Seymour O. Schlanger | 1969, GQ-776","source_url":"https://pubs.usgs.gov/publication/gq776","original_line_symbol":"Mbh","polygon_pair_below_above":"Mb|Mbrl","contact_style":"CONTACT","contact_comments":"Halls Gap Member, Borden Formation","meaning":"Top of Halls Gap Member (Mbh) under Renfro; the Wildie (upper-Nada equivalent) is absent or unmapped here, so the target horizon may be missing or included in an adjacent unit.","class_label":"AMBIGUOUS","confidence":"Not used"},"geometry":{"type":"LineString","coordinates":[[-84.49995,37.31498],[-84.50021,37.31521],[-84.50067,37.31538],[-84.50079,37.31555],[-84.50043,37.31587],[-84.50041,37.31682],[-84.50011,37.31745],[-84.49995,37.31813]]}},{"type":"Feature","properties":{"quad":"Woodstock","gq_number":"776","source_pub":"Geologic map of the Woodstock quadrangle, south-central Kentucky | Gordon Whitney Weir and Seymour O. Schlanger | 1969, GQ-776","source_url":"https://pubs.usgs.gov/publication/gq776","original_line_symbol":"Mbh","polygon_pair_below_above":"Mb|Mbrl","contact_style":"CONTACT","contact_comments":"Halls Gap Member, Borden Formation","meaning":"Top of Halls Gap Member (Mbh) under Renfro; the Wildie (upper-Nada equivalent) is absent or unmapped here, so the target horizon may be missing or included in an adjacent unit.","class_label":"AMBIGUOUS","confidence":"Not used"},"geometry":{"type":"MultiLineString","coordinates":[[[-84.55108,37.30993],[-84.55027,37.30962],[-84.54972,37.30917],[-84.54865,37.30928]],[[-84.54902,37.3104],[-84.54987,37.31019],[-84.55039,37.31034],[-84.55084,37.31078],[-84.5509,37.31096],[-84.55077,37.31129],[-84.54998,37.31225],[-84.5498,37.31255],[-84.54984,37.31269],[-84.54997,37.3127],[-84.55154,37.31145],[-84.55185,37.31146],[-84.55305,37.31267],[-84.5532,37.31299],[-84.55316,37.31337],[-84.55396,37.31343],[-84.55467,37.31371],[-84.55508,37.31395],[-84.55534,37.31426],[-84.55628,37.31465],[-84.55647,37.31484],[-84.55651,37.31517],[-84.55619,37.31564],[-84.55562,37.31614],[-84.55523,37.31636],[-84.55474,37.31647],[-84.55422,37.3164],[-84.55317,37.3158],[-84.55276,37.31574],[-84.55331,37.31649],[-84.55346,37.31679],[-84.55339,37.31692],[-84.55215,37.31729],[-84.55077,37.31751],[-84.55093,37.31769],[-84.55132,37.31777],[-84.55345,37.31785],[-84.55355,37.318],[-84.55322,37.31839],[-84.5534,37.31856],[-84.5537,37.31866],[-84.55412,37.31856],[-84.55439,37.31861],[-84.55435,37.31897],[-84.55409,37.31932],[-84.55347,37.31933],[-84.55325,37.31942],[-84.5535,37.32013],[-84.55288,37.32057],[-84.55163,37.32098],[-84.55097,37.32095],[-84.55057,37.3206],[-84.55007,37.31981],[-84.54991,37.31972],[-84.54953,37.31972],[-84.54948,37.3198],[-84.54981,37.32128],[-84.54971,37.32147],[-84.54928,37.3218],[-84.54814,37.32207],[-84.54618,37.32201],[-84.54577,37.32176],[-84.54526,37.32179],[-84.54502,37.32169],[-84.5444,37.3208],[-84.54423,37.32072],[-84.54411,37.32165],[-84.54353,37.32191],[-84.5427,37.32202]],[[-84.54871,37.30941],[-84.5491,37.30959],[-84.5493,37.30981],[-84.5492,37.31012],[-84.54896,37.31031]],[[-84.5427,37.3221],[-84.54279,37.32219],[-84.54422,37.32224],[-84.54508,37.32242],[-84.54629,37.32285],[-84.54672,37.32315],[-84.54679,37.3234],[-84.54654,37.32405],[-84.54548,37.32476],[-84.54572,37.32503],[-84.54584,37.3254],[-84.54576,37.32578],[-84.54533,37.32627],[-84.54545,37.32632],[-84.54594,37.32618],[-84.54678,37.32488],[-84.54715,37.32455],[-84.5479,37.3242],[-84.54807,37.32366],[-84.54838,37.32339],[-84.54895,37.32324],[-84.54992,37.32324],[-84.55013,37.32344],[-84.55031,37.32398],[-84.55027,37.32431],[-84.55041,37.32437],[-84.55124,37.32408],[-84.55106,37.32318],[-84.55118,37.32275],[-84.55154,37.32274],[-84.55217,37.323],[-84.55299,37.32256],[-84.55359,37.32256],[-84.55393,37.32235],[-84.55407,37.32238],[-84.554,37.32269],[-84.55275,37.32495],[-84.55197,37.32612],[-84.55086,37.32749],[-84.55031,37.32801],[-84.55012,37.32808],[-84.54937,37.32807],[-84.54956,37.32842],[-84.55001,37.32875],[-84.55002,37.32914],[-84.54955,37.33001],[-84.54893,37.33052],[-84.54875,37.33217],[-84.54856,37.33237],[-84.54842,37.33277],[-84.54824,37.3329],[-84.54791,37.33298],[-84.54746,37.33292],[-84.54753,37.33191],[-84.54736,37.33177],[-84.54655,37.33233],[-84.54631,37.33236],[-84.5457,37.33212],[-84.54557,37.33215],[-84.54553,37.33226],[-84.54582,37.33267],[-84.54577,37.33302],[-84.54515,37.33312],[-84.54466,37.3331],[-84.54391,37.33296],[-84.5433,37.33269],[-84.54277,37.33226],[-84.54221,37.33209],[-84.54183,37.33178],[-84.54122,37.33189],[-84.54081,37.33185],[-84.53891,37.33105],[-84.53904,37.33128],[-84.54028,37.33212],[-84.54046,37.33272],[-84.54135,37.3327],[-84.54201,37.33297],[-84.54244,37.3333],[-84.54266,37.33363],[-84.54392,37.33404],[-84.54398,37.33415],[-84.54375,37.33444]]]}},{"type":"Feature","properties":{"quad":"Woodstock","gq_number":"776","source_pub":"Geologic map of the Woodstock quadrangle, south-central Kentucky | Gordon Whitney Weir and Seymour O. Schlanger | 1969, GQ-776","source_url":"https://pubs.usgs.gov/publication/gq776","original_line_symbol":"Mbh","polygon_pair_below_above":"Mb|Mbrl","contact_style":"CONTACT","contact_comments":"Halls Gap Member, Borden Formation","meaning":"Top of Halls Gap Member (Mbh) under Renfro; the Wildie (upper-Nada equivalent) is absent or unmapped here, so the target horizon may be missing or included in an adjacent unit.","class_label":"AMBIGUOUS","confidence":"Not used"},"geometry":{"type":"MultiLineString","coordinates":[[[-84.58445,37.32337],[-84.58419,37.32389],[-84.58432,37.32408],[-84.58573,37.32444],[-84.58637,37.32446],[-84.58656,37.3247],[-84.5873,37.32483]],[[-84.58724,37.32498],[-84.58549,37.3249],[-84.58535,37.32497],[-84.5854,37.32535],[-84.58622,37.3266],[-84.58623,37.32698]],[[-84.58618,37.3271],[-84.58475,37.32542],[-84.58404,37.32486],[-84.5837,37.32477],[-84.58338,37.32488],[-84.58295,37.32525],[-84.58267,37.32583],[-84.58257,37.32585],[-84.58248,37.32547],[-84.58258,37.32475],[-84.58239,37.32462],[-84.5814,37.32539],[-84.57896,37.32804]],[[-84.58448,37.32319],[-84.58452,37.32321]],[[-84.58025,37.32088],[-84.58045,37.32154],[-84.58074,37.32184],[-84.58127,37.32188],[-84.5819,37.32156],[-84.58205,37.32219],[-84.58252,37.32236],[-84.58239,37.32274],[-84.58244,37.32297],[-84.58298,37.32353],[-84.58351,37.32368],[-84.58426,37.32335]],[[-84.57275,37.30797],[-84.57269,37.30804],[-84.57236,37.30799],[-84.57164,37.3076],[-84.57123,37.30751],[-84.57104,37.30771],[-84.57109,37.3082],[-84.57127,37.30857],[-84.57226,37.30999],[-84.57202,37.31081],[-84.57232,37.31165],[-84.57332,37.31298],[-84.57358,37.31347],[-84.57363,37.3145],[-84.57375,37.31471],[-84.57339,37.31547],[-84.57371,37.31535],[-84.57389,37.31511],[-84.5746,37.31364],[-84.57516,37.31306],[-84.57526,37.31328],[-84.57572,37.31343],[-84.57511,37.31402],[-84.57495,37.31531],[-84.57501,37.31543],[-84.57532,37.31558],[-84.57655,37.31582],[-84.57745,37.31587],[-84.57762,37.31628],[-84.57741,37.31635],[-84.57588,37.3163],[-84.57477,37.31645],[-84.57405,37.3167],[-84.57393,37.31684],[-84.57394,37.31714],[-84.57519,37.31837],[-84.57705,37.31962],[-84.57746,37.31978],[-84.57827,37.32055],[-84.57922,37.32098],[-84.57958,37.32105],[-84.58024,37.32081]],[[-84.57888,37.32808],[-84.5788,37.32807]],[[-84.57883,37.32798],[-84.57922,37.32744],[-84.57957,37.32653],[-84.57991,37.32607],[-84.57965,37.32551],[-84.58037,37.32528],[-84.58106,37.3246],[-84.58149,37.32407],[-84.58153,37.32396],[-84.58141,37.32376],[-84.58012,37.32286],[-84.57943,37.32271],[-84.57846,37.32204],[-84.57773,37.32199],[-84.57683,37.32254],[-84.57686,37.32171],[-84.57659,37.32132],[-84.57626,37.32112],[-84.57574,37.32115],[-84.57556,37.32125],[-84.57536,37.32069],[-84.5747,37.32014],[-84.57406,37.31982],[-84.57334,37.31927],[-84.5731,37.31917],[-84.57279,37.31918],[-84.57262,37.31952],[-84.57261,37.31986],[-84.57244,37.31994],[-84.57212,37.3196],[-84.57198,37.31912],[-84.57208,37.31817],[-84.57139,37.31768],[-84.57105,37.31756],[-84.57067,37.31754],[-84.57013,37.31787],[-84.5698,37.31833],[-84.56988,37.31908]],[[-84.56971,37.31903],[-84.56895,37.31841],[-84.56849,37.31843],[-84.56823,37.31933],[-84.56818,37.32041],[-84.56845,37.32072],[-84.56996,37.32137],[-84.57109,37.32211],[-84.57142,37.32243]]]}},{"type":"Feature","properties":{"quad":"Maretburg","gq_number":"338","source_pub":"Geology of the Maretburg quadrangle, Kentucky | Seymour O. Schlanger | 1965, GQ-338","source_url":"https://pubs.usgs.gov/publication/gq338","original_line_symbol":"Mbh","polygon_pair_below_above":"Mb|Mbr","contact_style":"CONTACT","contact_comments":"Halls Gap Member, Borden Formation","meaning":"Top of Halls Gap Member (Mbh) under Renfro; the Wildie (upper-Nada equivalent) is absent or unmapped here, so the target horizon may be missing or included in an adjacent unit.","class_label":"AMBIGUOUS","confidence":"Not used"},"geometry":{"type":"LineString","coordinates":[[-84.39615,37.3042],[-84.39637,37.30439],[-84.39638,37.30462],[-84.3961,37.30484],[-84.39615,37.30493],[-84.39688,37.3048],[-84.39795,37.3049],[-84.39785,37.30523],[-84.39796,37.30557],[-84.39783,37.30567],[-84.39769,37.30568],[-84.3972,37.30539],[-84.39679,37.30529],[-84.39663,37.30536],[-84.39655,37.30567],[-84.39719,37.30706],[-84.39757,37.30837],[-84.3985,37.31061],[-84.39882,37.31257],[-84.39905,37.31318],[-84.39977,37.31381],[-84.40067,37.31441],[-84.40233,37.31518],[-84.40169,37.31535],[-84.401,37.31535],[-84.40051,37.31498],[-84.39974,37.31477],[-84.39872,37.31434],[-84.39832,37.31475],[-84.39801,37.31576],[-84.3981,37.31645],[-84.39798,37.31792],[-84.39808,37.31878],[-84.3977,37.31961],[-84.39766,37.31997],[-84.3979,37.32052],[-84.39833,37.32111],[-84.39829,37.32137],[-84.39792,37.32119],[-84.39744,37.32067],[-84.39707,37.31986],[-84.39714,37.31884],[-84.39702,37.31849],[-84.39717,37.31814],[-84.39713,37.31769],[-84.3973,37.31722],[-84.39716,37.31676],[-84.39722,37.3161],[-84.39703,37.31565],[-84.39725,37.31521],[-84.3972,37.31467],[-84.39753,37.31344],[-84.39752,37.31297],[-84.3971,37.31134],[-84.39689,37.31107],[-84.39661,37.31099],[-84.39689,37.31074],[-84.39696,37.31053],[-84.39656,37.3094],[-84.39655,37.30893],[-84.39626,37.30862],[-84.39598,37.30735]]}},{"type":"Feature","properties":{"quad":"Maretburg","gq_number":"338","source_pub":"Geology of the Maretburg quadrangle, Kentucky | Seymour O. Schlanger | 1965, GQ-338","source_url":"https://pubs.usgs.gov/publication/gq338","original_line_symbol":"Mbh","polygon_pair_below_above":"Mb|Mbr","contact_style":"CONTACT","contact_comments":"Halls Gap Member, Borden Formation","meaning":"Top of Halls Gap Member (Mbh) under Renfro; the Wildie (upper-Nada equivalent) is absent or unmapped here, so the target horizon may be missing or included in an adjacent unit.","class_label":"AMBIGUOUS","confidence":"Not used"},"geometry":{"type":"LineString","coordinates":[[-84.39598,37.30735],[-84.39564,37.30584],[-84.39542,37.30535],[-84.39485,37.30473],[-84.39454,37.30457],[-84.39428,37.30422],[-84.39403,37.30409],[-84.39372,37.30345],[-84.39285,37.30267],[-84.39283,37.30232],[-84.39304,37.3022],[-84.39333,37.30218],[-84.39377,37.30235],[-84.39516,37.30323],[-84.39574,37.30395],[-84.39615,37.3042]]}},{"type":"Feature","properties":{"quad":"Maretburg","gq_number":"338","source_pub":"Geology of the Maretburg quadrangle, Kentucky | Seymour O. Schlanger | 1965, GQ-338","source_url":"https://pubs.usgs.gov/publication/gq338","original_line_symbol":"Mbh","polygon_pair_below_above":"Mb|Mbr","contact_style":"CONTACT","contact_comments":"Halls Gap Member, Borden Formation","meaning":"Top of Halls Gap Member (Mbh) under Renfro; the Wildie (upper-Nada equivalent) is absent or unmapped here, so the target horizon may be missing or included in an adjacent unit.","class_label":"AMBIGUOUS","confidence":"Not used"},"geometry":{"type":"MultiLineString","coordinates":[[[-84.49761,37.32594],[-84.49739,37.3256],[-84.49691,37.32525],[-84.49649,37.32477],[-84.49595,37.32377],[-84.49554,37.32345],[-84.49507,37.3235],[-84.49477,37.32383],[-84.49443,37.32365],[-84.49402,37.32361],[-84.49218,37.32406],[-84.49183,37.32417],[-84.49067,37.32494]],[[-84.49207,37.32168],[-84.49259,37.32214],[-84.49292,37.32219],[-84.49362,37.32216],[-84.49423,37.32181]],[[-84.49192,37.32167],[-84.49195,37.32166]],[[-84.49066,37.32483],[-84.49052,37.32466],[-84.49018,37.32458],[-84.48914,37.32475],[-84.48814,37.32521],[-84.48687,37.32619],[-84.48592,37.32725],[-84.48543,37.32808],[-84.48544,37.32888],[-84.48594,37.33003],[-84.48597,37.33033],[-84.48502,37.32989],[-84.48489,37.32974],[-84.48472,37.32885],[-84.48477,37.32729],[-84.48455,37.32669],[-84.48547,37.32578],[-84.48562,37.32531],[-84.48723,37.32453],[-84.48792,37.32405],[-84.48831,37.32356],[-84.48823,37.32298],[-84.48915,37.32323],[-84.49005,37.32324],[-84.49066,37.32314],[-84.49167,37.32274],[-84.49193,37.32256],[-84.49213,37.32221],[-84.49194,37.32172]]]}},{"type":"Feature","properties":{"quad":"Maretburg","gq_number":"338","source_pub":"Geology of the Maretburg quadrangle, Kentucky | Seymour O. Schlanger | 1965, GQ-338","source_url":"https://pubs.usgs.gov/publication/gq338","original_line_symbol":"Mbh","polygon_pair_below_above":"Mb|Mbr","contact_style":"CONTACT","contact_comments":"Halls Gap Member, Borden Formation","meaning":"Top of Halls Gap Member (Mbh) under Renfro; the Wildie (upper-Nada equivalent) is absent or unmapped here, so the target horizon may be missing or included in an adjacent unit.","class_label":"AMBIGUOUS","confidence":"Not used"},"geometry":{"type":"LineString","coordinates":[[-84.49423,37.32181],[-84.49459,37.32158],[-84.49596,37.32022],[-84.49683,37.3187],[-84.49696,37.3183],[-84.49687,37.3181],[-84.49707,37.31791],[-84.49718,37.31754],[-84.49713,37.31714],[-84.49686,37.31669],[-84.49628,37.31642],[-84.49687,37.31597],[-84.49711,37.31534],[-84.49665,37.3146],[-84.49681,37.31383],[-84.49674,37.31283],[-84.49615,37.31101],[-84.49568,37.31037],[-84.49536,37.31021],[-84.49493,37.30966],[-84.49439,37.30933],[-84.49467,37.30892],[-84.49446,37.30767],[-84.49394,37.30656],[-84.49332,37.30574],[-84.49343,37.30543],[-84.49333,37.30404],[-84.49257,37.30229],[-84.49248,37.30162],[-84.4919,37.30125],[-84.49153,37.30111],[-84.49106,37.3011],[-84.4906,37.30127],[-84.49033,37.30147],[-84.49041,37.3016],[-84.49101,37.30143],[-84.49139,37.30145],[-84.4918,37.30166],[-84.49187,37.30189],[-84.49114,37.30181],[-84.49077,37.30189],[-84.49009,37.30241],[-84.48889,37.30358],[-84.48751,37.30415],[-84.48683,37.30431],[-84.48587,37.30419],[-84.48331,37.30345],[-84.48098,37.30302],[-84.48001,37.30273],[-84.47951,37.30248]]}},{"type":"Feature","properties":{"quad":"Maretburg","gq_number":"338","source_pub":"Geology of the Maretburg quadrangle, Kentucky | Seymour O. Schlanger | 1965, GQ-338","source_url":"https://pubs.usgs.gov/publication/gq338","original_line_symbol":"Mbh","polygon_pair_below_above":"Mb|Mbr","contact_style":"CONTACT","contact_comments":"Halls Gap Member, Borden Formation","meaning":"Top of Halls Gap Member (Mbh) under Renfro; the Wildie (upper-Nada equivalent) is absent or unmapped here, so the target horizon may be missing or included in an adjacent unit.","class_label":"AMBIGUOUS","confidence":"Not used"},"geometry":{"type":"LineString","coordinates":[[-84.4926,37.3002],[-84.49358,37.30041],[-84.49549,37.30168],[-84.49617,37.30237],[-84.49683,37.3024],[-84.49722,37.30252],[-84.49764,37.30244],[-84.49815,37.30248],[-84.49868,37.30231],[-84.49861,37.30313],[-84.49871,37.30357],[-84.49891,37.30389],[-84.49888,37.30404],[-84.49819,37.30405],[-84.49697,37.3037],[-84.49633,37.3039],[-84.49599,37.30437],[-84.4959,37.3049],[-84.49595,37.30572],[-84.49633,37.30717],[-84.4966,37.30765],[-84.49685,37.30792],[-84.49763,37.30823],[-84.49755,37.30885],[-84.49801,37.31017],[-84.49864,37.31085],[-84.49924,37.31106],[-84.49919,37.3116],[-84.49968,37.31338],[-84.49967,37.31461],[-84.49995,37.31498]]}},{"type":"Feature","properties":{"quad":"Woodstock","gq_number":"776","source_pub":"Geologic map of the Woodstock quadrangle, south-central Kentucky | Gordon Whitney Weir and Seymour O. Schlanger | 1969, GQ-776","source_url":"https://pubs.usgs.gov/publication/gq776","original_line_symbol":"Mbrl","polygon_pair_below_above":"Mb|Mbru","contact_style":"CONTACT","contact_comments":"Lower part of Renfro Member, Slade Formation","meaning":"Not interpreted as the target contact.","class_label":"AMBIGUOUS","confidence":"Not used"},"geometry":{"type":"MultiLineString","coordinates":[[[-84.56696,37.30168],[-84.56495,37.30294]],[[-84.55992,37.30345],[-84.5593,37.30346]],[[-84.5559,37.31459],[-84.55614,37.31472]],[[-84.55205,37.31005],[-84.55179,37.31004]],[[-84.55095,37.31784],[-84.55139,37.31792]]]}},{"type":"Feature","properties":{"quad":"Maretburg","gq_number":"338","source_pub":"Geology of the Maretburg quadrangle, Kentucky | Seymour O. Schlanger | 1965, GQ-338","source_url":"https://pubs.usgs.gov/publication/gq338","original_line_symbol":"Mbh","polygon_pair_below_above":"Mb|Mbr","contact_style":"CONTACT","contact_comments":"Halls Gap Member, Borden Formation","meaning":"Top of Halls Gap Member (Mbh) under Renfro; the Wildie (upper-Nada equivalent) is absent or unmapped here, so the target horizon may be missing or included in an adjacent unit.","class_label":"AMBIGUOUS","confidence":"Not used"},"geometry":{"type":"LineString","coordinates":[[-84.47951,37.30248],[-84.47927,37.30233],[-84.47873,37.30165],[-84.47817,37.30062],[-84.47795,37.30069],[-84.47793,37.30189],[-84.47782,37.30191],[-84.47762,37.30173],[-84.47728,37.30126],[-84.47721,37.30068],[-84.47677,37.30039],[-84.47669,37.29973],[-84.47614,37.2995],[-84.47604,37.29902],[-84.47582,37.2988]]}},{"type":"Feature","properties":{"quad":"Woodstock","gq_number":"776","source_pub":"Geologic map of the Woodstock quadrangle, south-central Kentucky | Gordon Whitney Weir and Seymour O. Schlanger | 1969, GQ-776","source_url":"https://pubs.usgs.gov/publication/gq776","original_line_symbol":"Mbh","polygon_pair_below_above":"Mb|Mbrl","contact_style":"CONTACT","contact_comments":"Halls Gap Member, Borden Formation","meaning":"Top of Halls Gap Member (Mbh) under Renfro; the Wildie (upper-Nada equivalent) is absent or unmapped here, so the target horizon may be missing or included in an adjacent unit.","class_label":"AMBIGUOUS","confidence":"Not used"},"geometry":{"type":"MultiLineString","coordinates":[[[-84.58267,37.30555],[-84.58248,37.30617],[-84.58177,37.30729],[-84.58155,37.30783],[-84.58155,37.30829],[-84.58197,37.30979],[-84.58182,37.31117]],[[-84.58167,37.31128],[-84.58134,37.30969],[-84.58075,37.30846],[-84.58049,37.30825],[-84.57979,37.30845],[-84.57965,37.30833],[-84.5797,37.30814],[-84.58012,37.30788],[-84.58044,37.30753],[-84.5808,37.30694],[-84.58085,37.30669],[-84.58047,37.30654],[-84.58046,37.30645],[-84.58125,37.30606],[-84.58141,37.30579],[-84.58144,37.30509],[-84.58108,37.30395],[-84.58059,37.30341],[-84.5801,37.30319],[-84.57962,37.30319],[-84.57934,37.30268],[-84.5788,37.30236],[-84.5786,37.30185],[-84.57823,37.30162],[-84.57785,37.30171],[-84.57726,37.30224],[-84.57674,37.30297],[-84.57656,37.30341]],[[-84.57649,37.30346],[-84.57643,37.30344]],[[-84.57641,37.30331],[-84.57649,37.30268],[-84.57638,37.30245],[-84.57722,37.30137],[-84.57738,37.30082],[-84.57721,37.30043],[-84.57707,37.30033],[-84.57626,37.30049],[-84.57636,37.30016],[-84.57624,37.29977],[-84.57518,37.29877],[-84.57496,37.30008],[-84.57476,37.30064],[-84.57451,37.30118],[-84.57397,37.30185],[-84.57322,37.30315],[-84.57242,37.30496],[-84.57242,37.30536],[-84.57293,37.30583],[-84.57189,37.30605],[-84.57172,37.30637],[-84.57183,37.30696],[-84.57275,37.30797]]]}},{"type":"Feature","properties":{"quad":"Woodstock","gq_number":"776","source_pub":"Geologic map of the Woodstock quadrangle, south-central Kentucky | Gordon Whitney Weir and Seymour O. Schlanger | 1969, GQ-776","source_url":"https://pubs.usgs.gov/publication/gq776","original_line_symbol":"Mbrl","polygon_pair_below_above":"Mb|Mbru","contact_style":"CONTACT","contact_comments":"Lower part of Renfro Member, Slade Formation","meaning":"Not interpreted as the target contact.","class_label":"AMBIGUOUS","confidence":"Not used"},"geometry":{"type":"MultiLineString","coordinates":[[[-84.57519,37.29979],[-84.57505,37.30032]],[[-84.57477,37.301],[-84.57421,37.30176]]]}},{"type":"Feature","properties":{"quad":"Woodstock","gq_number":"776","source_pub":"Geologic map of the Woodstock quadrangle, south-central Kentucky | Gordon Whitney Weir and Seymour O. Schlanger | 1969, GQ-776","source_url":"https://pubs.usgs.gov/publication/gq776","original_line_symbol":"Mbh","polygon_pair_below_above":"Mb|Mbrl","contact_style":"CONTACT","contact_comments":"Halls Gap Member, Borden Formation","meaning":"Top of Halls Gap Member (Mbh) under Renfro; the Wildie (upper-Nada equivalent) is absent or unmapped here, so the target horizon may be missing or included in an adjacent unit.","class_label":"AMBIGUOUS","confidence":"Not used"},"geometry":{"type":"MultiLineString","coordinates":[[[-84.60326,37.32446],[-84.60338,37.32469],[-84.60404,37.32506],[-84.6045,37.3251],[-84.60468,37.32496],[-84.60549,37.32378],[-84.60627,37.32294],[-84.60625,37.32266],[-84.60674,37.32247],[-84.60713,37.32199],[-84.60751,37.32128],[-84.60803,37.31961],[-84.60871,37.31867]],[[-84.60043,37.32454],[-84.60087,37.32468],[-84.60156,37.32471],[-84.60294,37.32463],[-84.60315,37.32446]]]}},{"type":"Feature","properties":{"quad":"Woodstock","gq_number":"776","source_pub":"Geologic map of the Woodstock quadrangle, south-central Kentucky | Gordon Whitney Weir and Seymour O. Schlanger | 1969, GQ-776","source_url":"https://pubs.usgs.gov/publication/gq776","original_line_symbol":"Mbh","polygon_pair_below_above":"Mb|Mbrl","contact_style":"CONTACT","contact_comments":"Halls Gap Member, Borden Formation","meaning":"Top of Halls Gap Member (Mbh) under Renfro; the Wildie (upper-Nada equivalent) is absent or unmapped here, so the target horizon may be missing or included in an adjacent unit.","class_label":"AMBIGUOUS","confidence":"Not used"},"geometry":{"type":"LineString","coordinates":[[-84.60087,37.32988],[-84.60145,37.32931],[-84.60209,37.32847],[-84.60259,37.32817],[-84.60282,37.32789],[-84.60357,37.32662],[-84.60366,37.3261],[-84.60254,37.32546],[-84.60195,37.32537],[-84.60092,37.32536],[-84.60034,37.32517],[-84.59975,37.32517],[-84.59968,37.32507]]}},{"type":"Feature","properties":{"quad":"Woodstock","gq_number":"776","source_pub":"Geologic map of the Woodstock quadrangle, south-central Kentucky | Gordon Whitney Weir and Seymour O. Schlanger | 1969, GQ-776","source_url":"https://pubs.usgs.gov/publication/gq776","original_line_symbol":"Mbh","polygon_pair_below_above":"Mb|Mbrl","contact_style":"CONTACT","contact_comments":"Halls Gap Member, Borden Formation","meaning":"Top of Halls Gap Member (Mbh) under Renfro; the Wildie (upper-Nada equivalent) is absent or unmapped here, so the target horizon may be missing or included in an adjacent unit.","class_label":"AMBIGUOUS","confidence":"Not used"},"geometry":{"type":"MultiLineString","coordinates":[[[-84.60871,37.31867],[-84.6086,37.31845],[-84.60884,37.31788],[-84.60865,37.31773],[-84.60826,37.31774],[-84.60719,37.31801],[-84.60677,37.31856],[-84.60652,37.31835],[-84.60637,37.31835],[-84.6042,37.31934]],[[-84.60473,37.31778],[-84.6053,37.31789],[-84.60568,37.31778],[-84.60654,37.31723],[-84.6072,37.31698],[-84.60905,37.31654],[-84.60914,37.31628],[-84.6086,37.31542],[-84.60811,37.31504],[-84.60768,37.31491],[-84.60676,37.31499],[-84.60693,37.31434],[-84.60679,37.31401],[-84.60628,37.31391],[-84.60514,37.31422],[-84.60476,37.31412]],[[-84.6048,37.31398],[-84.60515,37.31388],[-84.60581,37.31345],[-84.60603,37.31312],[-84.60601,37.31279],[-84.60554,37.31204],[-84.60496,37.31154],[-84.60441,37.31086],[-84.60409,37.3103],[-84.60394,37.30961],[-84.60369,37.30943],[-84.60322,37.3094],[-84.60293,37.31006],[-84.60239,37.31074],[-84.60195,37.31155],[-84.60171,37.31177],[-84.60141,37.3124],[-84.60079,37.31303],[-84.60071,37.31341]],[[-84.6041,37.31922],[-84.60475,37.31877],[-84.60506,37.31831],[-84.60459,37.31787]],[[-84.60463,37.31409],[-84.60461,37.31402]],[[-84.60051,37.31348],[-84.60038,37.31349],[-84.59991,37.31388],[-84.59902,37.31477],[-84.59862,37.31498],[-84.59856,37.31489],[-84.59919,37.31399],[-84.59923,37.31358],[-84.59955,37.31336],[-84.60044,37.31212],[-84.6009,37.31111],[-84.60175,37.30966],[-84.60166,37.30906],[-84.60173,37.30809],[-84.60163,37.30796],[-84.60118,37.30784],[-84.6006,37.3074],[-84.60024,37.30732],[-84.60009,37.30738],[-84.59941,37.30821]],[[-84.59933,37.308],[-84.59931,37.30759],[-84.59905,37.30681],[-84.59932,37.30635],[-84.59921,37.30624],[-84.59894,37.30622],[-84.59872,37.30648],[-84.59859,37.30721],[-84.59845,37.30746],[-84.59802,37.30793],[-84.59715,37.30853],[-84.59634,37.30937]],[[-84.59932,37.30828],[-84.59925,37.30827]],[[-84.59622,37.30944],[-84.59617,37.30942]],[[-84.59619,37.30929],[-84.59656,37.30839],[-84.59623,37.30801],[-84.59713,37.3078],[-84.59736,37.30764],[-84.5976,37.30724],[-84.5976,37.30685],[-84.59746,37.30652],[-84.59687,37.30622],[-84.59659,37.30588],[-84.5966,37.30495],[-84.59602,37.30411],[-84.59579,37.30409],[-84.59522,37.30424],[-84.59553,37.30353],[-84.59535,37.30329],[-84.59466,37.30312],[-84.59496,37.30287],[-84.59502,37.30268],[-84.59456,37.30184],[-84.59398,37.30175],[-84.59326,37.30181],[-84.59243,37.30209],[-84.59213,37.30193],[-84.59278,37.30152],[-84.59423,37.3011],[-84.59441,37.30084],[-84.59443,37.30026],[-84.59425,37.29932],[-84.59401,37.29888],[-84.59379,37.29879],[-84.59355,37.29736],[-84.59327,37.29653],[-84.59308,37.29631],[-84.59288,37.29625],[-84.59186,37.29664],[-84.5916,37.29752],[-84.59166,37.29825],[-84.59149,37.29857],[-84.59135,37.29852],[-84.59121,37.29802],[-84.59095,37.29783],[-84.59061,37.29798],[-84.58978,37.29875],[-84.58965,37.29854],[-84.5899,37.29814]]]}},{"type":"Feature","properties":{"quad":"Woodstock","gq_number":"776","source_pub":"Geologic map of the Woodstock quadrangle, south-central Kentucky | Gordon Whitney Weir and Seymour O. Schlanger | 1969, GQ-776","source_url":"https://pubs.usgs.gov/publication/gq776","original_line_symbol":"Mbh","polygon_pair_below_above":"Mb|Mbrl","contact_style":"CONTACT","contact_comments":"Halls Gap Member, Borden Formation","meaning":"Top of Halls Gap Member (Mbh) under Renfro; the Wildie (upper-Nada equivalent) is absent or unmapped here, so the target horizon may be missing or included in an adjacent unit.","class_label":"AMBIGUOUS","confidence":"Not used"},"geometry":{"type":"MultiLineString","coordinates":[[[-84.59617,37.32506],[-84.59637,37.32462],[-84.59675,37.32461],[-84.59781,37.32436],[-84.59875,37.3245],[-84.59968,37.3244],[-84.60043,37.32454]],[[-84.59968,37.32507],[-84.59947,37.3249],[-84.59913,37.32485],[-84.59706,37.32483],[-84.59637,37.32498]]]}},{"type":"Feature","properties":{"quad":"Woodstock","gq_number":"776","source_pub":"Geologic map of the Woodstock quadrangle, south-central Kentucky | Gordon Whitney Weir and Seymour O. Schlanger | 1969, GQ-776","source_url":"https://pubs.usgs.gov/publication/gq776","original_line_symbol":"Mbrl","polygon_pair_below_above":"Mb|Mbru","contact_style":"CONTACT","contact_comments":"Lower part of Renfro Member, Slade Formation","meaning":"Not interpreted as the target contact.","class_label":"AMBIGUOUS","confidence":"Not used"},"geometry":{"type":"MultiLineString","coordinates":[[[-84.60596,37.30508],[-84.6061,37.30506]],[[-84.60462,37.30501],[-84.60497,37.30508]],[[-84.60267,37.30398],[-84.60395,37.30474]],[[-84.60181,37.3036],[-84.60196,37.30367]]]}},{"type":"Feature","properties":{"quad":"Woodstock","gq_number":"776","source_pub":"Geologic map of the Woodstock quadrangle, south-central Kentucky | Gordon Whitney Weir and Seymour O. Schlanger | 1969, GQ-776","source_url":"https://pubs.usgs.gov/publication/gq776","original_line_symbol":"Mbh","polygon_pair_below_above":"Mb|Mbrl","contact_style":"CONTACT","contact_comments":"Halls Gap Member, Borden Formation","meaning":"Top of Halls Gap Member (Mbh) under Renfro; the Wildie (upper-Nada equivalent) is absent or unmapped here, so the target horizon may be missing or included in an adjacent unit.","class_label":"AMBIGUOUS","confidence":"Not used"},"geometry":{"type":"MultiLineString","coordinates":[[[-84.61968,37.31344],[-84.61973,37.31351],[-84.61952,37.31395],[-84.61967,37.31414],[-84.62066,37.31448],[-84.6217,37.31471],[-84.62267,37.31432],[-84.624,37.31355],[-84.62446,37.31318],[-84.62475,37.31259]],[[-84.61791,37.31285],[-84.61828,37.31355],[-84.61854,37.31378],[-84.6188,37.31381],[-84.61964,37.31345]],[[-84.61494,37.31425],[-84.61663,37.31399],[-84.61734,37.31375],[-84.61765,37.31349],[-84.61789,37.31287]]]}},{"type":"Feature","properties":{"quad":"Woodstock","gq_number":"776","source_pub":"Geologic map of the Woodstock quadrangle, south-central Kentucky | Gordon Whitney Weir and Seymour O. Schlanger | 1969, GQ-776","source_url":"https://pubs.usgs.gov/publication/gq776","original_line_symbol":"Mbh","polygon_pair_below_above":"Mb|Mbrl","contact_style":"CONTACT","contact_comments":"Halls Gap Member, Borden Formation","meaning":"Top of Halls Gap Member (Mbh) under Renfro; the Wildie (upper-Nada equivalent) is absent or unmapped here, so the target horizon may be missing or included in an adjacent unit.","class_label":"AMBIGUOUS","confidence":"Not used"},"geometry":{"type":"MultiLineString","coordinates":[[[-84.61639,37.31041],[-84.6164,37.31048],[-84.61543,37.3109],[-84.61527,37.31111],[-84.61214,37.31124],[-84.61148,37.3114],[-84.61119,37.31158],[-84.61112,37.31173],[-84.61166,37.31253],[-84.6126,37.3133],[-84.61394,37.31402],[-84.61494,37.31425]],[[-84.61309,37.30752],[-84.61225,37.30748],[-84.61148,37.3076],[-84.60956,37.30861],[-84.6095,37.30888],[-84.60957,37.3091],[-84.61026,37.31003],[-84.61073,37.31029],[-84.61131,37.31019],[-84.61151,37.31034],[-84.61193,37.31042],[-84.61321,37.31029],[-84.61384,37.31051],[-84.61492,37.31069],[-84.61622,37.31041]],[[-84.60011,37.29881],[-84.59935,37.29884],[-84.59903,37.29906],[-84.59901,37.29925],[-84.59917,37.29955],[-84.59893,37.29998],[-84.59905,37.30026],[-84.59876,37.30049],[-84.59876,37.30073],[-84.59861,37.30092],[-84.59867,37.30128],[-84.59881,37.30159],[-84.59924,37.30186],[-84.60001,37.30205],[-84.60022,37.30227],[-84.60127,37.30244],[-84.60137,37.30255],[-84.60118,37.30263],[-84.59983,37.30266],[-84.59969,37.30275],[-84.59983,37.30287],[-84.60222,37.30391],[-84.60407,37.30495],[-84.60455,37.30512],[-84.60528,37.30524],[-84.60632,37.30517],[-84.60653,37.30499],[-84.60671,37.3044],[-84.60731,37.30502],[-84.60822,37.30502],[-84.60835,37.30508],[-84.60833,37.30524],[-84.6079,37.30555],[-84.60785,37.30572],[-84.6083,37.30602],[-84.60873,37.30647],[-84.60903,37.30726],[-84.60933,37.30716],[-84.60959,37.30686],[-84.61047,37.30556],[-84.6108,37.30534],[-84.61111,37.30529],[-84.61117,37.30541],[-84.61086,37.30565],[-84.6107,37.30597],[-84.61057,37.30651],[-84.61062,37.30695],[-84.61109,37.30709],[-84.61223,37.30701],[-84.613,37.30735]],[[-84.61224,37.29685],[-84.61218,37.29689]],[[-84.60778,37.29544],[-84.6083,37.29556],[-84.60885,37.29549],[-84.61029,37.2946],[-84.61141,37.29406],[-84.61217,37.29399],[-84.61233,37.29354],[-84.61276,37.2941],[-84.6132,37.29407],[-84.61372,37.29417],[-84.61504,37.29463],[-84.61586,37.29457],[-84.61608,37.29465],[-84.61593,37.2948],[-84.6156,37.29484],[-84.61352,37.29491],[-84.61263,37.29478],[-84.6119,37.29489],[-84.61124,37.29511],[-84.61106,37.29525],[-84.61107,37.29536],[-84.61153,37.29564],[-84.61223,37.29668]],[[-84.61204,37.29668],[-84.61122,37.29601],[-84.61063,37.29587],[-84.61025,37.29586],[-84.60991,37.29618],[-84.60915,37.29643],[-84.60753,37.29653],[-84.60732,37.29659],[-84.60716,37.29676],[-84.60707,37.29764],[-84.60715,37.29809]],[[-84.60722,37.29833],[-84.60714,37.29836]],[[-84.60703,37.29819],[-84.60673,37.29783],[-84.60655,37.29683],[-84.60627,37.29645],[-84.60531,37.29625],[-84.60479,37.29624],[-84.60441,37.29632],[-84.60403,37.29656],[-84.60369,37.29629],[-84.60272,37.29626],[-84.60164,37.29562],[-84.6007,37.29525],[-84.59995,37.29466],[-84.59883,37.29402],[-84.59853,37.29399],[-84.59844,37.29421],[-84.59846,37.29468],[-84.59885,37.29623],[-84.59857,37.29689],[-84.59904,37.29728],[-84.59868,37.29769],[-84.59863,37.29796],[-84.59896,37.29826],[-84.6001,37.29863]]]}},{"type":"Feature","properties":{"quad":"Maretburg","gq_number":"338","source_pub":"Geology of the Maretburg quadrangle, Kentucky | Seymour O. Schlanger | 1965, GQ-338","source_url":"https://pubs.usgs.gov/publication/gq338","original_line_symbol":"Mbh","polygon_pair_below_above":"Mb|Mbr","contact_style":"CONTACT","contact_comments":"Halls Gap Member, Borden Formation","meaning":"Top of Halls Gap Member (Mbh) under Renfro; the Wildie (upper-Nada equivalent) is absent or unmapped here, so the target horizon may be missing or included in an adjacent unit.","class_label":"AMBIGUOUS","confidence":"Not used"},"geometry":{"type":"MultiLineString","coordinates":[[[-84.46905,37.32646],[-84.46823,37.32719],[-84.46808,37.3276],[-84.46781,37.32778],[-84.46803,37.32886],[-84.46825,37.32924]],[[-84.4419,37.2907],[-84.44211,37.29136],[-84.44273,37.29194],[-84.44387,37.2925],[-84.4453,37.29282],[-84.44659,37.29343],[-84.44793,37.29505],[-84.44821,37.29522],[-84.44811,37.29545],[-84.44823,37.29681],[-84.44787,37.29772],[-84.44785,37.29816],[-84.44814,37.29846],[-84.44904,37.29849],[-84.44982,37.29936],[-84.45023,37.29947],[-84.45029,37.30001],[-84.45083,37.30092],[-84.45184,37.30169],[-84.45222,37.30264],[-84.45276,37.3029],[-84.45267,37.30321],[-84.4529,37.30364],[-84.45262,37.30401],[-84.45267,37.30421],[-84.45319,37.30443],[-84.45365,37.30492],[-84.45418,37.30496],[-84.45485,37.30529],[-84.45528,37.30532],[-84.45579,37.3057],[-84.45715,37.30603],[-84.4588,37.30628],[-84.45939,37.30663],[-84.45972,37.30698],[-84.46029,37.30736],[-84.46139,37.30794],[-84.46119,37.30839],[-84.46161,37.30925],[-84.46225,37.31011],[-84.46348,37.31126],[-84.46331,37.31149],[-84.46341,37.31197],[-84.4634,37.31359],[-84.46355,37.31453],[-84.464,37.3151],[-84.46468,37.31545],[-84.4646,37.31556],[-84.46409,37.31552],[-84.46367,37.31558],[-84.46337,37.31578],[-84.46291,37.31626],[-84.46244,37.31729],[-84.46215,37.31817],[-84.46217,37.31863],[-84.46237,37.31923],[-84.46216,37.3194],[-84.46207,37.31975],[-84.46231,37.32095],[-84.46274,37.32185],[-84.46323,37.32255],[-84.464,37.32312],[-84.46463,37.32324],[-84.46448,37.3234],[-84.46461,37.32365],[-84.46549,37.32464],[-84.46596,37.32543],[-84.46646,37.32587],[-84.46693,37.32617],[-84.46769,37.32638],[-84.46902,37.32634]]]}},{"type":"Feature","properties":{"quad":"Woodstock","gq_number":"776","source_pub":"Geologic map of the Woodstock quadrangle, south-central Kentucky | Gordon Whitney Weir and Seymour O. Schlanger | 1969, GQ-776","source_url":"https://pubs.usgs.gov/publication/gq776","original_line_symbol":"Mbrl","polygon_pair_below_above":"Mb|Mbru","contact_style":"CONTACT","contact_comments":"Lower part of Renfro Member, Slade Formation","meaning":"Not interpreted as the target contact.","class_label":"AMBIGUOUS","confidence":"Not used"},"geometry":{"type":"MultiLineString","coordinates":[[[-84.59063,37.2909],[-84.58988,37.29192]],[[-84.58821,37.28545],[-84.58878,37.28562],[-84.58911,37.28589],[-84.58949,37.2866],[-84.59071,37.28792]]]}},{"type":"Feature","properties":{"quad":"Woodstock","gq_number":"776","source_pub":"Geologic map of the Woodstock quadrangle, south-central Kentucky | Gordon Whitney Weir and Seymour O. Schlanger | 1969, GQ-776","source_url":"https://pubs.usgs.gov/publication/gq776","original_line_symbol":"Mbh","polygon_pair_below_above":"Mb|Mbrl","contact_style":"CONTACT","contact_comments":"Halls Gap Member, Borden Formation","meaning":"Top of Halls Gap Member (Mbh) under Renfro; the Wildie (upper-Nada equivalent) is absent or unmapped here, so the target horizon may be missing or included in an adjacent unit.","class_label":"AMBIGUOUS","confidence":"Not used"},"geometry":{"type":"MultiLineString","coordinates":[[[-84.592,37.28713],[-84.592,37.28669],[-84.59176,37.28633],[-84.59119,37.28603],[-84.58951,37.28579],[-84.5888,37.28477],[-84.58831,37.28459],[-84.58673,37.28425],[-84.58602,37.28397],[-84.58504,37.28343],[-84.58478,37.28342],[-84.58492,37.28373],[-84.58558,37.2842],[-84.58645,37.28459],[-84.587,37.28496],[-84.58735,37.28505],[-84.58788,37.28549],[-84.58857,37.28563],[-84.58887,37.28578],[-84.58957,37.28686],[-84.5903,37.28759],[-84.59068,37.28818],[-84.5908,37.28868],[-84.5908,37.28958],[-84.59064,37.29049],[-84.59041,37.29104],[-84.58965,37.29191],[-84.58791,37.29308],[-84.58718,37.29342],[-84.58673,37.29345],[-84.58512,37.29314],[-84.5846,37.29322],[-84.58419,37.29359],[-84.5843,37.29412],[-84.58462,37.29458],[-84.58461,37.29472],[-84.58445,37.29478],[-84.5839,37.29466],[-84.58345,37.295]],[[-84.58861,37.2971],[-84.58967,37.29657],[-84.5905,37.29626],[-84.59108,37.29596],[-84.59135,37.29572],[-84.59131,37.29556],[-84.59055,37.29517],[-84.59057,37.29506],[-84.59193,37.29521],[-84.59238,37.29508],[-84.59254,37.29367],[-84.59324,37.2924],[-84.59368,37.29103],[-84.59365,37.29089],[-84.59345,37.29081],[-84.59283,37.29081],[-84.59193,37.29105],[-84.59188,37.29096],[-84.59229,37.29059],[-84.59344,37.29007],[-84.5936,37.28972],[-84.59364,37.28926],[-84.59336,37.28814],[-84.593,37.28754],[-84.59267,37.28737],[-84.59254,37.28713],[-84.59196,37.28726]],[[-84.5899,37.29814],[-84.59064,37.29735],[-84.59079,37.29702],[-84.59026,37.29693],[-84.58866,37.29721]],[[-84.58335,37.29498],[-84.58355,37.29423],[-84.58356,37.29359],[-84.58348,37.29312],[-84.58313,37.2928],[-84.58197,37.29272],[-84.58134,37.29279],[-84.58104,37.29292],[-84.58024,37.29286],[-84.57978,37.29299],[-84.57954,37.29335],[-84.57929,37.29327],[-84.57922,37.29293],[-84.57894,37.29254],[-84.57841,37.29242],[-84.57792,37.29243],[-84.57716,37.29258],[-84.57669,37.29308],[-84.57659,37.2931],[-84.57599,37.29269],[-84.57581,37.29267],[-84.57533,37.29281],[-84.57518,37.293],[-84.57519,37.29336],[-84.5757,37.29405],[-84.57609,37.29489],[-84.57613,37.29563],[-84.57658,37.29683],[-84.57694,37.29696],[-84.57773,37.29694],[-84.57767,37.2971],[-84.57704,37.29766],[-84.57694,37.29791],[-84.57746,37.29854],[-84.57789,37.29881],[-84.57829,37.29884],[-84.57902,37.29859],[-84.58016,37.29791],[-84.58045,37.29792],[-84.57991,37.29855],[-84.57953,37.29931],[-84.57907,37.29942],[-84.57891,37.29971],[-84.57907,37.30007],[-84.58026,37.30157],[-84.58081,37.30206],[-84.58128,37.30226],[-84.58219,37.30193],[-84.58386,37.30151],[-84.58448,37.30177],[-84.58442,37.30189],[-84.58381,37.30199],[-84.58248,37.3025],[-84.58205,37.30287],[-84.58251,37.30376],[-84.58259,37.30438],[-84.58347,37.30496],[-84.58385,37.305],[-84.58528,37.30486],[-84.58648,37.30501],[-84.58636,37.30512],[-84.58452,37.30546],[-84.58391,37.30571],[-84.5841,37.3064],[-84.58442,37.30698],[-84.5851,37.30795],[-84.58564,37.30846],[-84.58548,37.30852],[-84.58544,37.30873],[-84.58504,37.30816],[-84.58455,37.30781],[-84.58369,37.30688],[-84.58306,37.30577],[-84.58277,37.30552],[-84.58267,37.30555]]]}},{"type":"Feature","properties":{"quad":"Maretburg","gq_number":"338","source_pub":"Geology of the Maretburg quadrangle, Kentucky | Seymour O. Schlanger | 1965, GQ-338","source_url":"https://pubs.usgs.gov/publication/gq338","original_line_symbol":"Mbh","polygon_pair_below_above":"Mb|Mbr","contact_style":"CONTACT","contact_comments":"Halls Gap Member, Borden Formation","meaning":"Top of Halls Gap Member (Mbh) under Renfro; the Wildie (upper-Nada equivalent) is absent or unmapped here, so the target horizon may be missing or included in an adjacent unit.","class_label":"AMBIGUOUS","confidence":"Not used"},"geometry":{"type":"MultiLineString","coordinates":[[[-84.47002,37.33695],[-84.47061,37.33674],[-84.47097,37.33621],[-84.47067,37.33547],[-84.47045,37.33512],[-84.46997,37.33476],[-84.46978,37.33426],[-84.46935,37.33389],[-84.46926,37.33353],[-84.46863,37.33276],[-84.46835,37.3322],[-84.46779,37.33204],[-84.46734,37.33168],[-84.46683,37.33158],[-84.46694,37.33099],[-84.46639,37.32992],[-84.46568,37.32902],[-84.46525,37.32874],[-84.46475,37.32867],[-84.46329,37.32946],[-84.46295,37.32954],[-84.46284,37.3295],[-84.46385,37.32839],[-84.46386,37.328],[-84.46433,37.32745],[-84.46437,37.32717],[-84.46411,37.32667],[-84.46365,37.32628],[-84.4634,37.32531],[-84.46292,37.32493],[-84.46254,37.32499]],[[-84.46255,37.3249],[-84.46265,37.32458],[-84.46259,37.32427],[-84.46213,37.32387],[-84.46161,37.32263],[-84.46085,37.32147],[-84.4606,37.32051],[-84.46062,37.31989],[-84.4601,37.31946],[-84.46032,37.31927],[-84.46111,37.31762],[-84.4616,37.31628],[-84.46174,37.31569],[-84.46165,37.31547],[-84.46136,37.3154],[-84.46106,37.31545],[-84.46067,37.31566],[-84.46006,37.31619],[-84.45944,37.31635],[-84.45804,37.31703],[-84.45682,37.31776],[-84.45598,37.3181],[-84.45526,37.31882],[-84.45461,37.31892],[-84.45434,37.31924],[-84.45332,37.31923],[-84.45383,37.31874],[-84.45469,37.31822],[-84.4549,37.3179],[-84.4556,37.31743],[-84.45593,37.31706],[-84.45635,37.31698],[-84.45661,37.31673],[-84.45739,37.31634],[-84.45822,37.31566],[-84.4583,37.31569],[-84.45822,37.31606],[-84.45844,37.31612],[-84.45924,37.31559],[-84.45973,37.31543],[-84.46044,37.31474],[-84.4613,37.31423],[-84.46164,37.31249],[-84.46152,37.31163],[-84.46113,37.31101],[-84.46111,37.3104],[-84.46058,37.31017],[-84.46042,37.30982],[-84.46004,37.3097],[-84.45982,37.30948],[-84.4596,37.30936],[-84.45918,37.30931],[-84.45812,37.30824],[-84.4577,37.30811],[-84.45728,37.30776],[-84.4568,37.30766],[-84.45657,37.30747],[-84.45612,37.30735],[-84.45524,37.30736],[-84.45445,37.30751],[-84.45409,37.30699],[-84.45354,37.30645],[-84.45306,37.30617],[-84.45265,37.30609],[-84.45247,37.30597],[-84.45193,37.30542],[-84.45188,37.30498],[-84.45111,37.30334],[-84.4501,37.3023],[-84.44956,37.30184],[-84.44921,37.30168],[-84.44755,37.29978],[-84.44715,37.29944],[-84.44663,37.2992],[-84.44661,37.29829],[-84.44634,37.29721],[-84.4446,37.29485],[-84.44418,37.2946],[-84.44353,37.29444],[-84.44338,37.29417],[-84.44269,37.29371],[-84.44037,37.29313],[-84.43976,37.2928],[-84.43911,37.29214],[-84.43874,37.29214],[-84.43835,37.29131],[-84.43773,37.29068],[-84.43716,37.28968],[-84.43688,37.28969],[-84.43647,37.28999],[-84.43596,37.29077],[-84.43581,37.29087],[-84.43565,37.29053],[-84.43605,37.28955],[-84.43613,37.28906],[-84.43595,37.28847],[-84.43512,37.28766],[-84.43473,37.28699],[-84.43459,37.28555],[-84.43493,37.28376],[-84.43469,37.28334],[-84.43441,37.28341],[-84.43406,37.28406]],[[-84.43392,37.28406],[-84.43374,37.28333],[-84.43399,37.28319],[-84.43408,37.28244],[-84.43383,37.28141],[-84.43362,37.2811],[-84.4331,37.28102],[-84.43122,37.2814],[-84.43072,37.28159],[-84.43055,37.28149]]]}},{"type":"Feature","properties":{"quad":"Woodstock","gq_number":"776","source_pub":"Geologic map of the Woodstock quadrangle, south-central Kentucky | Gordon Whitney Weir and Seymour O. Schlanger | 1969, GQ-776","source_url":"https://pubs.usgs.gov/publication/gq776","original_line_symbol":"Mbrl","polygon_pair_below_above":"Mb|Mbru","contact_style":"CONTACT","contact_comments":"Lower part of Renfro Member, Slade Formation","meaning":"Not interpreted as the target contact.","class_label":"AMBIGUOUS","confidence":"Not used"},"geometry":{"type":"MultiLineString","coordinates":[[[-84.58034,37.28511],[-84.5809,37.28575],[-84.58119,37.28626]],[[-84.58109,37.28709],[-84.58072,37.28704]],[[-84.58035,37.287],[-84.5777,37.28661]],[[-84.57905,37.28428],[-84.57978,37.28464]],[[-84.57811,37.28393],[-84.57868,37.28413]],[[-84.57711,37.28662],[-84.57587,37.28673],[-84.57369,37.28731]],[[-84.57355,37.28754],[-84.57347,37.28763]],[[-84.57305,37.2815],[-84.57352,37.28187]],[[-84.57316,37.28785],[-84.57226,37.28876]],[[-84.57204,37.27891],[-84.57297,37.28137]],[[-84.57133,37.28995],[-84.57111,37.29053]],[[-84.5707,37.29142],[-84.57083,37.29157],[-84.57091,37.29194],[-84.57086,37.29247]],[[-84.56347,37.29525],[-84.56324,37.29494]]]}},{"type":"Feature","properties":{"quad":"Woodstock","gq_number":"776","source_pub":"Geologic map of the Woodstock quadrangle, south-central Kentucky | Gordon Whitney Weir and Seymour O. Schlanger | 1969, GQ-776","source_url":"https://pubs.usgs.gov/publication/gq776","original_line_symbol":"Mbh","polygon_pair_below_above":"Mb|Mbrl","contact_style":"CONTACT","contact_comments":"Halls Gap Member, Borden Formation","meaning":"Top of Halls Gap Member (Mbh) under Renfro; the Wildie (upper-Nada equivalent) is absent or unmapped here, so the target horizon may be missing or included in an adjacent unit.","class_label":"AMBIGUOUS","confidence":"Not used"},"geometry":{"type":"MultiLineString","coordinates":[[[-84.57402,37.28373],[-84.57468,37.28353],[-84.57559,37.28354],[-84.57591,37.28365],[-84.5762,37.2834],[-84.57637,37.28336],[-84.57671,37.28354],[-84.57699,37.2835],[-84.578,37.28373],[-84.57888,37.28405],[-84.5801,37.28465],[-84.58073,37.2853],[-84.5817,37.28679],[-84.58183,37.28718],[-84.58161,37.28726],[-84.58123,37.28724],[-84.57821,37.28675],[-84.57675,37.28673],[-84.57592,37.28681],[-84.57414,37.28734],[-84.57378,37.28737],[-84.57371,37.28758],[-84.57299,37.28816],[-84.57215,37.28909],[-84.57139,37.29021],[-84.57112,37.29114],[-84.57086,37.29142],[-84.57106,37.29198],[-84.57094,37.29318],[-84.57081,37.29368],[-84.57026,37.29431],[-84.57026,37.29486],[-84.57009,37.29538],[-84.56985,37.29571],[-84.5695,37.29591],[-84.56912,37.29597],[-84.56881,37.2962],[-84.5676,37.29632],[-84.5658,37.29632],[-84.56457,37.29614],[-84.56355,37.29552],[-84.56304,37.295],[-84.56279,37.29463],[-84.56278,37.29425],[-84.562,37.29466],[-84.56138,37.29459],[-84.56032,37.29421],[-84.55979,37.29454],[-84.55906,37.29477],[-84.55834,37.29512]],[[-84.57058,37.27646],[-84.57119,37.27695],[-84.57156,37.27757],[-84.57313,37.2814],[-84.57433,37.2824],[-84.57425,37.2827],[-84.57451,37.28284],[-84.57456,37.28297],[-84.57396,37.28362]],[[-84.5739,37.2837],[-84.57391,37.28373]],[[-84.55843,37.29519],[-84.55958,37.29482],[-84.55992,37.29487],[-84.56034,37.2948],[-84.56094,37.29493],[-84.56241,37.29556],[-84.56282,37.29583],[-84.56317,37.29623],[-84.56328,37.29659],[-84.56303,37.29695],[-84.56248,37.29714]],[[-84.56229,37.29728],[-84.56311,37.29741],[-84.5638,37.29705],[-84.5643,37.29701],[-84.56498,37.29719],[-84.5654,37.29753],[-84.56545,37.29825],[-84.56529,37.29874],[-84.56555,37.29884],[-84.56572,37.2987],[-84.56618,37.29773],[-84.56663,37.29752],[-84.56969,37.29759],[-84.56994,37.29771],[-84.57001,37.29796],[-84.56983,37.29826],[-84.56935,37.29858],[-84.56798,37.29927],[-84.56787,37.29987],[-84.56856,37.29957],[-84.56894,37.29959],[-84.56905,37.29976],[-84.56885,37.3003],[-84.56817,37.30112],[-84.56475,37.3032],[-84.5643,37.30324],[-84.56353,37.3028],[-84.56318,37.30297],[-84.56276,37.30295],[-84.56239,37.30265],[-84.56165,37.30317],[-84.56105,37.30312],[-84.56089,37.30342],[-84.56072,37.30352],[-84.55997,37.30359]],[[-84.56112,37.30441],[-84.5617,37.30385],[-84.56279,37.30385],[-84.56314,37.30397],[-84.56321,37.30414],[-84.56318,37.30436],[-84.5628,37.30507],[-84.56282,37.30531],[-84.563,37.30528],[-84.56411,37.30459],[-84.56442,37.30454],[-84.56464,37.3047],[-84.5647,37.30541],[-84.56446,37.30703],[-84.56417,37.30777],[-84.56368,37.3083],[-84.56331,37.30852],[-84.56319,37.30882],[-84.56283,37.30923],[-84.56252,37.30935],[-84.56156,37.30933],[-84.56221,37.31003],[-84.56187,37.31038],[-84.56195,37.31067],[-84.56133,37.31091],[-84.56136,37.31112],[-84.56124,37.31122],[-84.56077,37.31127]],[[-84.56098,37.30447],[-84.56103,37.3045]],[[-84.56077,37.31128],[-84.56062,37.31133],[-84.5608,37.31179],[-84.56023,37.31248],[-84.55964,37.31297],[-84.55846,37.31349],[-84.55773,37.31356],[-84.55712,37.31332],[-84.5562,37.31278],[-84.55534,37.31244],[-84.55494,37.31238],[-84.55433,37.31207],[-84.55293,37.31072],[-84.55295,37.31055],[-84.55343,37.31014],[-84.55347,37.31],[-84.55298,37.30997],[-84.55218,37.31019],[-84.55153,37.31014],[-84.55108,37.30993]],[[-84.55982,37.3037],[-84.56078,37.3039],[-84.561,37.30411],[-84.56098,37.3043]],[[-84.55931,37.30358],[-84.55929,37.30364]],[[-84.55831,37.29514],[-84.55833,37.29518]]]}},{"type":"Feature","properties":{"quad":"Woodstock","gq_number":"776","source_pub":"Geologic map of the Woodstock quadrangle, south-central Kentucky | Gordon Whitney Weir and Seymour O. Schlanger | 1969, GQ-776","source_url":"https://pubs.usgs.gov/publication/gq776","original_line_symbol":"Mbrl","polygon_pair_below_above":"Mb|Mbru","contact_style":"CONTACT","contact_comments":"Lower part of Renfro Member, Slade Formation","meaning":"Not interpreted as the target contact.","class_label":"AMBIGUOUS","confidence":"Not used"},"geometry":{"type":"LineString","coordinates":[[-84.58595,37.2743],[-84.58529,37.27443],[-84.58232,37.27452]]}},{"type":"Feature","properties":{"quad":"Maretburg","gq_number":"338","source_pub":"Geology of the Maretburg quadrangle, Kentucky | Seymour O. Schlanger | 1965, GQ-338","source_url":"https://pubs.usgs.gov/publication/gq338","original_line_symbol":"Mbh","polygon_pair_below_above":"Mb|Mbr","contact_style":"CONTACT","contact_comments":"Halls Gap Member, Borden Formation","meaning":"Top of Halls Gap Member (Mbh) under Renfro; the Wildie (upper-Nada equivalent) is absent or unmapped here, so the target horizon may be missing or included in an adjacent unit.","class_label":"AMBIGUOUS","confidence":"Not used"},"geometry":{"type":"MultiLineString","coordinates":[[[-84.46923,37.28772],[-84.46758,37.28755],[-84.46727,37.28773],[-84.46714,37.288],[-84.46694,37.28925],[-84.46689,37.29021],[-84.46738,37.29056],[-84.46845,37.29179],[-84.46951,37.29247],[-84.47034,37.29257],[-84.47109,37.29295],[-84.47163,37.29295],[-84.47273,37.29278],[-84.47459,37.29204],[-84.47532,37.29212],[-84.47642,37.29269],[-84.47658,37.29295],[-84.47643,37.29367],[-84.47666,37.29403],[-84.47532,37.2952],[-84.47483,37.29579],[-84.47482,37.29607],[-84.47572,37.29628],[-84.47792,37.29701],[-84.47786,37.29714],[-84.47795,37.29732],[-84.47849,37.29794],[-84.47972,37.2989],[-84.47959,37.29968],[-84.47935,37.30006],[-84.47955,37.30032],[-84.47967,37.30077],[-84.48024,37.3011],[-84.48053,37.3014],[-84.48101,37.30161],[-84.48124,37.30189],[-84.48161,37.30201],[-84.48279,37.30206],[-84.48361,37.30244],[-84.48393,37.30248],[-84.48449,37.3024],[-84.4851,37.30273],[-84.4858,37.30278],[-84.48617,37.30269],[-84.48657,37.30236],[-84.4883,37.30176],[-84.48855,37.30155],[-84.4891,37.30149],[-84.49036,37.30046],[-84.49076,37.30003],[-84.49133,37.30034],[-84.49202,37.30016],[-84.4926,37.3002]],[[-84.46283,37.28215],[-84.4621,37.28226],[-84.46187,37.28246],[-84.46191,37.28271],[-84.46396,37.28427],[-84.46496,37.28477],[-84.46638,37.2851],[-84.46674,37.28529],[-84.46714,37.28566],[-84.46721,37.28617],[-84.46748,37.28635],[-84.46763,37.28662],[-84.46819,37.28705],[-84.46923,37.28758]],[[-84.4631,37.28204],[-84.46311,37.28208]],[[-84.45736,37.27429],[-84.45819,37.27483],[-84.45871,37.27553],[-84.45908,37.27626],[-84.4594,37.27665],[-84.45923,37.27698],[-84.45932,37.27725],[-84.45957,37.27748],[-84.46013,37.27768],[-84.45976,37.27807],[-84.45967,37.27833],[-84.45987,37.27872],[-84.4598,37.27903],[-84.45991,37.27964],[-84.46052,37.28149],[-84.46084,37.2818],[-84.46136,37.28199],[-84.46301,37.28201]]]}},{"type":"Feature","properties":{"quad":"Woodstock","gq_number":"776","source_pub":"Geologic map of the Woodstock quadrangle, south-central Kentucky | Gordon Whitney Weir and Seymour O. Schlanger | 1969, GQ-776","source_url":"https://pubs.usgs.gov/publication/gq776","original_line_symbol":"Mbh","polygon_pair_below_above":"Mb|Mbru","contact_style":"CONTACT","contact_comments":"Halls Gap Member, Borden Formation","meaning":"Top of Halls Gap Member (Mbh) under Renfro; the Wildie (upper-Nada equivalent) is absent or unmapped here, so the target horizon may be missing or included in an adjacent unit.","class_label":"AMBIGUOUS","confidence":"Not used"},"geometry":{"type":"MultiLineString","coordinates":[[[-84.60356,37.2941],[-84.60325,37.29466],[-84.60343,37.29489],[-84.60409,37.29504],[-84.60538,37.29499],[-84.60638,37.29444],[-84.60643,37.29451],[-84.60606,37.295],[-84.60619,37.29529],[-84.60676,37.29526],[-84.60734,37.29544],[-84.60778,37.29544]],[[-84.60268,37.28793],[-84.60159,37.28763],[-84.60124,37.28761],[-84.60087,37.28783],[-84.60079,37.28819],[-84.60194,37.28913],[-84.60193,37.28923],[-84.60162,37.28922],[-84.60091,37.2886],[-84.60022,37.28838],[-84.59831,37.28915],[-84.59816,37.28942],[-84.59848,37.29032],[-84.59838,37.29143],[-84.59867,37.29192],[-84.59938,37.29246],[-84.59979,37.29251],[-84.6003,37.29285],[-84.60108,37.29259],[-84.60084,37.29335],[-84.60089,37.29355],[-84.60109,37.29379],[-84.60205,37.29431],[-84.60256,37.29433],[-84.60358,37.294]],[[-84.60069,37.28634],[-84.60115,37.28661],[-84.6015,37.28656],[-84.60178,37.2864],[-84.60209,37.2864],[-84.60263,37.28602],[-84.60292,37.28618],[-84.60325,37.28613],[-84.60339,37.28629],[-84.60333,37.28633],[-84.60225,37.28672],[-84.60166,37.28713],[-84.60189,37.28734],[-84.60289,37.28784]],[[-84.60047,37.28619],[-84.60051,37.28617]],[[-84.59573,37.28223],[-84.59442,37.28352],[-84.59431,37.28387],[-84.59462,37.28427],[-84.59506,37.28438],[-84.59695,37.28381],[-84.59708,37.28384],[-84.59611,37.28464],[-84.59591,37.28494],[-84.59591,37.28518],[-84.59563,37.28519],[-84.59555,37.2853],[-84.59614,37.28625],[-84.59704,37.28712],[-84.59749,37.28796],[-84.59808,37.288],[-84.59873,37.28789],[-84.59968,37.28755],[-84.60013,37.28728],[-84.60048,37.28692],[-84.60048,37.28636]],[[-84.5957,37.28207],[-84.59576,37.28209]],[[-84.58774,37.27648],[-84.58698,37.27655],[-84.58638,37.27684],[-84.58627,37.27716],[-84.58646,37.27772],[-84.58658,37.27788],[-84.58772,37.27857],[-84.58801,37.27865],[-84.58915,37.27868],[-84.59019,37.27895],[-84.59017,37.27907],[-84.58959,37.27913],[-84.58906,37.27937],[-84.58879,37.27978],[-84.58901,37.28008],[-84.58962,37.28034],[-84.59006,37.28087],[-84.59052,37.28105],[-84.59056,37.28115],[-84.5904,37.28142],[-84.59081,37.28196],[-84.59147,37.28222],[-84.59391,37.28283],[-84.59461,37.28266],[-84.59554,37.28222]],[[-84.58598,37.27417],[-84.58544,37.27435],[-84.58448,37.27443],[-84.58168,37.27435],[-84.58072,37.27447],[-84.58024,37.2744],[-84.5792,37.27487],[-84.5789,37.27535],[-84.57899,37.27581],[-84.57867,37.27599],[-84.57818,37.27609],[-84.57796,37.27627],[-84.57799,37.27652],[-84.57827,37.27696],[-84.57871,37.27736],[-84.57932,37.27744],[-84.58133,37.27747],[-84.58275,37.27737],[-84.58456,37.27686],[-84.58568,37.27641],[-84.58592,37.27627],[-84.58605,37.27607],[-84.5869,37.27598],[-84.58774,37.27636]]]}},{"type":"Feature","properties":{"quad":"Maretburg","gq_number":"338","source_pub":"Geology of the Maretburg quadrangle, Kentucky | Seymour O. Schlanger | 1965, GQ-338","source_url":"https://pubs.usgs.gov/publication/gq338","original_line_symbol":"Mbh","polygon_pair_below_above":"Mb|Mbr","contact_style":"CONTACT","contact_comments":"Halls Gap Member, Borden Formation","meaning":"Top of Halls Gap Member (Mbh) under Renfro; the Wildie (upper-Nada equivalent) is absent or unmapped here, so the target horizon may be missing or included in an adjacent unit.","class_label":"AMBIGUOUS","confidence":"Not used"},"geometry":{"type":"MultiLineString","coordinates":[[[-84.44211,37.29018],[-84.44193,37.29043],[-84.4419,37.2907]],[[-84.44002,37.27445],[-84.43888,37.27449],[-84.43807,37.27518],[-84.43783,37.27567],[-84.43781,37.27614],[-84.43786,37.27669],[-84.43821,37.27724],[-84.43828,37.27755],[-84.43818,37.27767],[-84.43774,37.27755],[-84.43752,37.27763],[-84.43661,37.27945],[-84.43646,37.2805],[-84.43653,37.28079],[-84.43686,37.28119],[-84.43681,37.28145],[-84.43691,37.28185],[-84.43778,37.28237],[-84.43716,37.28311],[-84.43707,37.28343],[-84.43712,37.28402],[-84.43739,37.28441],[-84.43805,37.28484],[-84.43743,37.28503],[-84.43711,37.28528],[-84.43701,37.28565],[-84.43709,37.28605],[-84.43682,37.28626],[-84.43681,37.2866],[-84.43723,37.28744],[-84.43771,37.28794],[-84.43925,37.28916],[-84.44089,37.29009],[-84.44205,37.29018]]]}},{"type":"Feature","properties":{"quad":"Maretburg","gq_number":"338","source_pub":"Geology of the Maretburg quadrangle, Kentucky | Seymour O. Schlanger | 1965, GQ-338","source_url":"https://pubs.usgs.gov/publication/gq338","original_line_symbol":"Mbh","polygon_pair_below_above":"Mb|Mbr","contact_style":"CONTACT","contact_comments":"Halls Gap Member, Borden Formation","meaning":"Top of Halls Gap Member (Mbh) under Renfro; the Wildie (upper-Nada equivalent) is absent or unmapped here, so the target horizon may be missing or included in an adjacent unit.","class_label":"AMBIGUOUS","confidence":"Not used"},"geometry":{"type":"LineString","coordinates":[[-84.47582,37.2988],[-84.47554,37.2991],[-84.47531,37.29895],[-84.47504,37.29897],[-84.47476,37.29954],[-84.4745,37.29966],[-84.47425,37.29965],[-84.4741,37.29925],[-84.47351,37.29882],[-84.4735,37.29824],[-84.47332,37.29792],[-84.47299,37.29785],[-84.47253,37.29817],[-84.47242,37.2981],[-84.47264,37.29783],[-84.47273,37.29749],[-84.47263,37.29597],[-84.47316,37.29536],[-84.47466,37.29421],[-84.4749,37.29385],[-84.47511,37.29348],[-84.47513,37.2932],[-84.4748,37.29264],[-84.47454,37.29259],[-84.47427,37.29279],[-84.47389,37.29284],[-84.47336,37.29326],[-84.47286,37.29352],[-84.47175,37.29352],[-84.47044,37.2937],[-84.46882,37.29365],[-84.46808,37.2935],[-84.4671,37.29311],[-84.46696,37.29312],[-84.46666,37.2934],[-84.46653,37.29339],[-84.46636,37.29318],[-84.46631,37.29274],[-84.46584,37.29164],[-84.46544,37.29162],[-84.46493,37.29175],[-84.4655,37.28971],[-84.46552,37.2883],[-84.46544,37.28813],[-84.4656,37.28768],[-84.46549,37.28721],[-84.4651,37.28682],[-84.46371,37.28618],[-84.46216,37.28562],[-84.46134,37.28556],[-84.46116,37.28515],[-84.4607,37.28469],[-84.45979,37.28336],[-84.45933,37.28288],[-84.4589,37.28266],[-84.45837,37.28211],[-84.4574,37.28163],[-84.45712,37.28111],[-84.45678,37.28096],[-84.45697,37.2787],[-84.45633,37.27797],[-84.45645,37.27753],[-84.45625,37.27675],[-84.45519,37.27564],[-84.45458,37.27532],[-84.45331,37.27515],[-84.45231,37.27533],[-84.45165,37.27524],[-84.45054,37.27548],[-84.44937,37.27554],[-84.44908,37.27566],[-84.44923,37.27598],[-84.44927,37.2764],[-84.44913,37.27659],[-84.44825,37.27609],[-84.44782,37.27601],[-84.44725,37.27667],[-84.44724,37.27692],[-84.44737,37.27713],[-84.44677,37.27732],[-84.44644,37.27851],[-84.44631,37.27861],[-84.44593,37.27841],[-84.44438,37.27666],[-84.44337,37.2761],[-84.44264,37.27534],[-84.4423,37.27481],[-84.44178,37.27347],[-84.44134,37.27282],[-84.44104,37.2726],[-84.44025,37.27269],[-84.43987,37.27299],[-84.43979,37.27325],[-84.44002,37.27445]]}},{"type":"Feature","properties":{"quad":"Woodstock","gq_number":"776","source_pub":"Geologic map of the Woodstock quadrangle, south-central Kentucky | Gordon Whitney Weir and Seymour O. Schlanger | 1969, GQ-776","source_url":"https://pubs.usgs.gov/publication/gq776","original_line_symbol":"Mbh","polygon_pair_below_above":"Mb|Mbrl","contact_style":"CONTACT","contact_comments":"Halls Gap Member, Borden Formation","meaning":"Top of Halls Gap Member (Mbh) under Renfro; the Wildie (upper-Nada equivalent) is absent or unmapped here, so the target horizon may be missing or included in an adjacent unit.","class_label":"AMBIGUOUS","confidence":"Not used"},"geometry":{"type":"LineString","coordinates":[[-84.58801,37.27252],[-84.58786,37.27316],[-84.58701,37.27342],[-84.58598,37.27417]]}},{"type":"Feature","properties":{"quad":"Woodstock","gq_number":"776","source_pub":"Geologic map of the Woodstock quadrangle, south-central Kentucky | Gordon Whitney Weir and Seymour O. Schlanger | 1969, GQ-776","source_url":"https://pubs.usgs.gov/publication/gq776","original_line_symbol":"Mbrl","polygon_pair_below_above":"Mb|Mbru","contact_style":"CONTACT","contact_comments":"Lower part of Renfro Member, Slade Formation","meaning":"Not interpreted as the target contact.","class_label":"AMBIGUOUS","confidence":"Not used"},"geometry":{"type":"MultiLineString","coordinates":[[[-84.57115,37.27716],[-84.57152,37.27773],[-84.57174,37.27849]],[[-84.56277,37.2702],[-84.5629,37.27023],[-84.56341,37.26999],[-84.56428,37.26989]],[[-84.56406,37.26797],[-84.56409,37.26841]],[[-84.5626,37.2697],[-84.56219,37.26983]]]}},{"type":"Feature","properties":{"quad":"Woodstock","gq_number":"776","source_pub":"Geologic map of the Woodstock quadrangle, south-central Kentucky | Gordon Whitney Weir and Seymour O. Schlanger | 1969, GQ-776","source_url":"https://pubs.usgs.gov/publication/gq776","original_line_symbol":"Mbrl","polygon_pair_below_above":"Mb|Mbru","contact_style":"CONTACT","contact_comments":"Lower part of Renfro Member, Slade Formation","meaning":"Not interpreted as the target contact.","class_label":"AMBIGUOUS","confidence":"Not used"},"geometry":{"type":"MultiLineString","coordinates":[[[-84.60345,37.27109],[-84.60322,37.27097]],[[-84.60035,37.27131],[-84.60028,37.2717]],[[-84.59753,37.27214],[-84.597,37.27189],[-84.59624,37.27135]],[[-84.59289,37.27393],[-84.5927,37.27386]],[[-84.58657,37.27396],[-84.58595,37.2743]]]}},{"type":"Feature","properties":{"quad":"Woodstock","gq_number":"776","source_pub":"Geologic map of the Woodstock quadrangle, south-central Kentucky | Gordon Whitney Weir and Seymour O. Schlanger | 1969, GQ-776","source_url":"https://pubs.usgs.gov/publication/gq776","original_line_symbol":"Mbh","polygon_pair_below_above":"Mb|Mbrl","contact_style":"CONTACT","contact_comments":"Halls Gap Member, Borden Formation","meaning":"Top of Halls Gap Member (Mbh) under Renfro; the Wildie (upper-Nada equivalent) is absent or unmapped here, so the target horizon may be missing or included in an adjacent unit.","class_label":"AMBIGUOUS","confidence":"Not used"},"geometry":{"type":"MultiLineString","coordinates":[[[-84.62495,37.26477],[-84.62349,37.26467],[-84.62165,37.2641],[-84.62131,37.26413],[-84.62121,37.2643]],[[-84.62099,37.26421],[-84.62036,37.26392],[-84.61661,37.26368],[-84.61566,37.26421],[-84.61533,37.26455],[-84.61518,37.26488],[-84.61521,37.26518],[-84.61477,37.2651],[-84.61462,37.26518],[-84.61466,37.26538],[-84.61496,37.26573],[-84.61493,37.26587]],[[-84.61698,37.27156],[-84.61695,37.27161]],[[-84.6148,37.2658],[-84.61423,37.26545],[-84.61385,37.2655],[-84.61308,37.26617],[-84.61258,37.26695],[-84.61027,37.26755],[-84.60954,37.2679],[-84.60939,37.26819],[-84.60953,37.26847],[-84.61029,37.26926],[-84.61084,37.26965],[-84.61188,37.27],[-84.61265,37.27005],[-84.61364,37.27042],[-84.61464,37.27039],[-84.6156,37.27077],[-84.61596,37.27113],[-84.6164,37.27122]],[[-84.61637,37.27132],[-84.616,37.27139],[-84.61561,37.27102],[-84.61538,37.27095],[-84.61472,37.27108],[-84.61336,37.27074],[-84.61273,37.27067],[-84.61184,37.27077],[-84.61159,37.27104],[-84.61166,37.27208],[-84.61179,37.27252],[-84.6117,37.27256],[-84.61127,37.27199],[-84.61066,37.27073],[-84.61002,37.27041],[-84.60957,37.26991],[-84.60905,37.26956],[-84.60833,37.26935],[-84.60778,37.26933],[-84.60726,37.2695],[-84.60562,37.27032],[-84.60467,37.27094],[-84.60409,37.27103],[-84.60361,37.27098],[-84.60266,37.27048],[-84.60259,37.27082],[-84.60285,37.27161]],[[-84.60263,37.27156],[-84.60203,37.2709],[-84.60172,37.27077],[-84.60062,37.27093],[-84.60029,37.27113],[-84.60006,37.27174],[-84.59958,37.2716],[-84.59892,37.27197],[-84.59842,37.27213],[-84.59743,37.27197],[-84.59699,37.27175],[-84.59648,37.27133],[-84.59577,37.27103],[-84.59533,37.27098],[-84.59381,37.27105],[-84.59291,37.27127],[-84.59293,37.27145],[-84.59342,37.27215],[-84.59433,37.2731],[-84.59588,37.27352],[-84.59656,37.27384],[-84.59815,37.2743],[-84.59882,37.27472],[-84.59995,37.27526],[-84.60008,37.27559],[-84.60061,37.27616]],[[-84.60042,37.27617],[-84.59953,37.27562],[-84.59817,37.27512],[-84.59726,37.27507],[-84.59674,37.27483],[-84.59594,37.27482],[-84.59583,37.27469],[-84.5953,37.27447],[-84.59477,37.27436],[-84.59408,37.27435],[-84.59356,37.27446],[-84.59329,37.27398],[-84.5927,37.27368],[-84.59246,37.27327],[-84.59203,37.27289],[-84.59171,37.27235],[-84.59114,37.27193],[-84.59035,37.27181],[-84.58919,37.27198],[-84.58853,37.27215],[-84.58801,37.27252]]]}},{"type":"Feature","properties":{"quad":"Woodstock","gq_number":"776","source_pub":"Geologic map of the Woodstock quadrangle, south-central Kentucky | Gordon Whitney Weir and Seymour O. Schlanger | 1969, GQ-776","source_url":"https://pubs.usgs.gov/publication/gq776","original_line_symbol":"Mbh","polygon_pair_below_above":"Mb|Mbrl","contact_style":"CONTACT","contact_comments":"Halls Gap Member, Borden Formation","meaning":"Top of Halls Gap Member (Mbh) under Renfro; the Wildie (upper-Nada equivalent) is absent or unmapped here, so the target horizon may be missing or included in an adjacent unit.","class_label":"AMBIGUOUS","confidence":"Not used"},"geometry":{"type":"MultiLineString","coordinates":[[[-84.61317,37.26116],[-84.61234,37.26215],[-84.61216,37.26289],[-84.61157,37.26438],[-84.6115,37.26472],[-84.61158,37.2648],[-84.61204,37.26481],[-84.6125,37.26464],[-84.61418,37.26333],[-84.61488,37.26289],[-84.61581,37.2624],[-84.61662,37.26218],[-84.61769,37.26215],[-84.61852,37.26222],[-84.6188,37.26213],[-84.61902,37.26232],[-84.61938,37.26234],[-84.61986,37.26222],[-84.62086,37.26276],[-84.62259,37.26304],[-84.62283,37.26305],[-84.62302,37.26293],[-84.62373,37.26305],[-84.62475,37.26278]],[[-84.61022,37.26214],[-84.61073,37.26266],[-84.61112,37.26283],[-84.61135,37.26278],[-84.61193,37.26175],[-84.61317,37.26096]],[[-84.60517,37.26716],[-84.60546,37.2661],[-84.60583,37.26646],[-84.60646,37.26638],[-84.6071,37.26597],[-84.60788,37.26576],[-84.6082,37.26542],[-84.60922,37.26531],[-84.60978,37.26509],[-84.61006,37.26486],[-84.61041,37.2644],[-84.61078,37.26344],[-84.61019,37.26255],[-84.61013,37.26219]],[[-84.60188,37.2648],[-84.60233,37.26511],[-84.6033,37.26609],[-84.60357,37.26653],[-84.60372,37.26761],[-84.60357,37.26807],[-84.60366,37.26829],[-84.60385,37.26829],[-84.6041,37.26812],[-84.60479,37.26798],[-84.60502,37.2676]],[[-84.6017,37.26475],[-84.60177,37.26472]],[[-84.58905,37.26382],[-84.58918,37.26489],[-84.58936,37.2653],[-84.58882,37.26733],[-84.58908,37.26845],[-84.5893,37.26884],[-84.58943,37.2689],[-84.59029,37.26883],[-84.59064,37.26871],[-84.59123,37.26804],[-84.59173,37.26856],[-84.59194,37.26848],[-84.59222,37.26852],[-84.59246,37.26831],[-84.59294,37.26845],[-84.59315,37.26841],[-84.59334,37.26775],[-84.59387,37.26687],[-84.59408,37.26598],[-84.59448,37.26571],[-84.59459,37.26579],[-84.59455,37.26778],[-84.59477,37.26802],[-84.59528,37.2681],[-84.59618,37.268],[-84.59711,37.26802],[-84.59714,37.26867],[-84.59753,37.2689],[-84.59791,37.26889],[-84.59805,37.26873],[-84.59866,37.26856],[-84.59919,37.26826],[-84.59952,37.26855],[-84.59983,37.26865],[-84.60028,37.26861],[-84.60091,37.2682],[-84.60209,37.26844],[-84.60253,37.26808],[-84.60295,37.267],[-84.60249,37.26633],[-84.60212,37.26538],[-84.60172,37.26488]],[[-84.58897,37.26376],[-84.58903,37.26376]]]}},{"type":"Feature","properties":{"quad":"Woodstock","gq_number":"776","source_pub":"Geologic map of the Woodstock quadrangle, south-central Kentucky | Gordon Whitney Weir and Seymour O. Schlanger | 1969, GQ-776","source_url":"https://pubs.usgs.gov/publication/gq776","original_line_symbol":"Mbrl","polygon_pair_below_above":"Mb|Mbru","contact_style":"CONTACT","contact_comments":"Lower part of Renfro Member, Slade Formation","meaning":"Not interpreted as the target contact.","class_label":"AMBIGUOUS","confidence":"Not used"},"geometry":{"type":"MultiLineString","coordinates":[[[-84.61442,37.26302],[-84.61517,37.26257]],[[-84.61398,37.26329],[-84.61418,37.26315]]]}},{"type":"Feature","properties":{"quad":"Woodstock","gq_number":"776","source_pub":"Geologic map of the Woodstock quadrangle, south-central Kentucky | Gordon Whitney Weir and Seymour O. Schlanger | 1969, GQ-776","source_url":"https://pubs.usgs.gov/publication/gq776","original_line_symbol":"Mbrl","polygon_pair_below_above":"Mb|Mbru","contact_style":"CONTACT","contact_comments":"Lower part of Renfro Member, Slade Formation","meaning":"Not interpreted as the target contact.","class_label":"AMBIGUOUS","confidence":"Not used"},"geometry":{"type":"MultiLineString","coordinates":[[[-84.58826,37.26578],[-84.58841,37.2653]],[[-84.57782,37.2617],[-84.57807,37.26277],[-84.57798,37.26389],[-84.57773,37.26449]],[[-84.5776,37.26062],[-84.57766,37.26078]],[[-84.57718,37.2649],[-84.57592,37.26524],[-84.57471,37.26571]],[[-84.57577,37.25776],[-84.57676,37.2589]]]}},{"type":"Feature","properties":{"quad":"Woodstock","gq_number":"776","source_pub":"Geologic map of the Woodstock quadrangle, south-central Kentucky | Gordon Whitney Weir and Seymour O. Schlanger | 1969, GQ-776","source_url":"https://pubs.usgs.gov/publication/gq776","original_line_symbol":"Mbh","polygon_pair_below_above":"Mb|Mbrl","contact_style":"CONTACT","contact_comments":"Halls Gap Member, Borden Formation","meaning":"Top of Halls Gap Member (Mbh) under Renfro; the Wildie (upper-Nada equivalent) is absent or unmapped here, so the target horizon may be missing or included in an adjacent unit.","class_label":"AMBIGUOUS","confidence":"Not used"},"geometry":{"type":"MultiLineString","coordinates":[[[-84.53412,37.28099],[-84.5344,37.28094],[-84.53511,37.28039],[-84.53564,37.28051],[-84.53576,37.28034]],[[-84.53631,37.26146],[-84.53658,37.26155],[-84.53662,37.26173],[-84.53584,37.2621],[-84.53521,37.26253],[-84.53438,37.26333],[-84.53326,37.26339]],[[-84.53174,37.25289],[-84.53205,37.2527],[-84.5334,37.25245],[-84.53418,37.25182],[-84.53468,37.25181],[-84.53496,37.25209],[-84.53498,37.25304],[-84.53399,37.25443],[-84.5342,37.2545],[-84.5346,37.25414],[-84.5349,37.25403],[-84.53539,37.25407],[-84.53565,37.25545],[-84.53615,37.2564],[-84.53573,37.25689],[-84.5367,37.257],[-84.53691,37.25716],[-84.53716,37.25758],[-84.53711,37.25794],[-84.53682,37.25815],[-84.5375,37.25839],[-84.53761,37.25852],[-84.53773,37.25955],[-84.53748,37.26012],[-84.5379,37.26049],[-84.53794,37.26069],[-84.53764,37.26105],[-84.53613,37.26131]],[[-84.53575,37.26128],[-84.53572,37.26133]],[[-84.53357,37.27852],[-84.5338,37.27865],[-84.53406,37.27986],[-84.53444,37.28041],[-84.53436,37.28063],[-84.53407,37.28087]],[[-84.53333,37.27587],[-84.53357,37.27597],[-84.53367,37.2764],[-84.53372,37.2782],[-84.53342,37.27851]],[[-84.53331,37.26348],[-84.53418,37.26395],[-84.53399,37.26414],[-84.53323,37.2657],[-84.53245,37.26638],[-84.53247,37.26679],[-84.53286,37.26746],[-84.533,37.26807],[-84.53321,37.26836],[-84.53318,37.26861],[-84.53221,37.26924],[-84.53165,37.26913],[-84.5308,37.2686],[-84.53075,37.26916],[-84.53057,37.26944],[-84.53003,37.26975],[-84.52904,37.27004],[-84.52792,37.27084],[-84.52749,37.27164],[-84.52773,37.27181],[-84.52775,37.27193],[-84.52744,37.27265],[-84.52756,37.27266],[-84.52787,37.27235],[-84.52799,37.27134],[-84.529,37.27069],[-84.52994,37.27047],[-84.53099,37.26995],[-84.53161,37.26995],[-84.53207,37.27011],[-84.53279,37.27009],[-84.53365,37.26963],[-84.53407,37.26956],[-84.53436,37.26965],[-84.53477,37.27016],[-84.53483,37.27094],[-84.53408,37.27251],[-84.53388,37.27331],[-84.53333,37.27354],[-84.53348,37.27385],[-84.53339,37.27459],[-84.53359,37.27531],[-84.53353,37.2755],[-84.53314,37.27587]]]}},{"type":"Feature","properties":{"quad":"Woodstock","gq_number":"776","source_pub":"Geologic map of the Woodstock quadrangle, south-central Kentucky | Gordon Whitney Weir and Seymour O. Schlanger | 1969, GQ-776","source_url":"https://pubs.usgs.gov/publication/gq776","original_line_symbol":"Mbh","polygon_pair_below_above":"Mb|Mbrl","contact_style":"CONTACT","contact_comments":"Halls Gap Member, Borden Formation","meaning":"Top of Halls Gap Member (Mbh) under Renfro; the Wildie (upper-Nada equivalent) is absent or unmapped here, so the target horizon may be missing or included in an adjacent unit.","class_label":"AMBIGUOUS","confidence":"Not used"},"geometry":{"type":"LineString","coordinates":[[-84.56176,37.25025],[-84.55978,37.25153],[-84.55936,37.25167],[-84.55938,37.25153],[-84.55986,37.25113],[-84.55997,37.25079],[-84.56076,37.2501]]}},{"type":"Feature","properties":{"quad":"Woodstock","gq_number":"776","source_pub":"Geologic map of the Woodstock quadrangle, south-central Kentucky | Gordon Whitney Weir and Seymour O. Schlanger | 1969, GQ-776","source_url":"https://pubs.usgs.gov/publication/gq776","original_line_symbol":"Mbh","polygon_pair_below_above":"Mb|Mbrl","contact_style":"CONTACT","contact_comments":"Halls Gap Member, Borden Formation","meaning":"Top of Halls Gap Member (Mbh) under Renfro; the Wildie (upper-Nada equivalent) is absent or unmapped here, so the target horizon may be missing or included in an adjacent unit.","class_label":"AMBIGUOUS","confidence":"Not used"},"geometry":{"type":"MultiLineString","coordinates":[[[-84.57851,37.27053],[-84.57774,37.27082],[-84.57729,37.27119],[-84.57716,37.2716],[-84.57732,37.2719],[-84.57767,37.27197],[-84.58227,37.27143],[-84.58423,37.27137],[-84.58497,37.2711],[-84.5855,37.27115],[-84.58602,37.27099],[-84.58676,37.26996],[-84.58766,37.2692],[-84.58787,37.26885],[-84.58779,37.26858],[-84.58707,37.26823],[-84.5875,37.26793],[-84.5877,37.26756],[-84.58765,37.26734],[-84.58735,37.26694],[-84.58694,37.26663],[-84.58679,37.26631],[-84.58685,37.26624],[-84.58734,37.26632],[-84.58777,37.26656],[-84.58797,37.26658],[-84.58839,37.26597],[-84.58884,37.26399]],[[-84.57717,37.25641],[-84.57519,37.25684],[-84.57496,37.25701],[-84.57651,37.25879],[-84.57691,37.25942],[-84.57714,37.25941],[-84.57772,37.25916],[-84.57858,37.25909],[-84.5802,37.25911],[-84.58071,37.25921],[-84.58074,37.25928],[-84.57867,37.25959],[-84.57776,37.25997],[-84.57744,37.26028],[-84.57749,37.26081],[-84.57795,37.26139],[-84.57773,37.26155],[-84.5777,37.26168],[-84.57792,37.26261],[-84.57788,37.26383],[-84.57747,37.26463],[-84.57229,37.26636],[-84.57202,37.26662],[-84.57203,37.26673],[-84.57237,37.2673],[-84.57299,37.26796],[-84.57297,37.26815],[-84.57281,37.26819],[-84.57264,37.26812],[-84.57122,37.26738],[-84.57084,37.2674],[-84.5704,37.26766],[-84.57004,37.26813],[-84.56966,37.26839],[-84.56948,37.26888],[-84.56948,37.26936],[-84.56981,37.27011],[-84.57065,37.27087],[-84.5717,37.27206],[-84.57198,37.27224],[-84.57329,37.27265],[-84.57389,37.27246],[-84.57444,37.27213],[-84.57492,37.27152],[-84.57515,37.27149],[-84.57547,37.2716],[-84.57578,37.27153],[-84.5758,37.27103],[-84.57617,37.27091],[-84.57655,37.26985],[-84.57644,37.26927],[-84.57698,37.26858],[-84.57718,37.26861],[-84.57717,37.2704],[-84.57735,37.27045],[-84.57787,37.27036],[-84.57844,37.27042]],[[-84.57742,37.25635],[-84.57738,37.25642]],[[-84.56902,37.25022],[-84.57039,37.25115],[-84.57114,37.25138],[-84.57213,37.2522],[-84.57272,37.25249],[-84.5736,37.25434],[-84.57442,37.25559],[-84.57459,37.25559],[-84.57489,37.2554],[-84.57599,37.25443],[-84.57641,37.25419],[-84.57672,37.25369],[-84.57704,37.25386],[-84.57741,37.25391],[-84.57775,37.25392],[-84.57861,37.25376],[-84.57902,37.25397],[-84.57978,37.25403],[-84.58038,37.25398],[-84.5804,37.25406],[-84.57959,37.25457],[-84.57873,37.25438],[-84.57808,37.2544],[-84.57714,37.2546],[-84.57688,37.25475],[-84.57596,37.25565],[-84.5757,37.25606],[-84.57729,37.25629]]]}},{"type":"Feature","properties":{"quad":"Woodstock","gq_number":"776","source_pub":"Geologic map of the Woodstock quadrangle, south-central Kentucky | Gordon Whitney Weir and Seymour O. Schlanger | 1969, GQ-776","source_url":"https://pubs.usgs.gov/publication/gq776","original_line_symbol":"Mbrl","polygon_pair_below_above":"Mb|Mbru","contact_style":"CONTACT","contact_comments":"Lower part of Renfro Member, Slade Formation","meaning":"Not interpreted as the target contact.","class_label":"AMBIGUOUS","confidence":"Not used"},"geometry":{"type":"MultiLineString","coordinates":[[[-84.57933,37.25466],[-84.57922,37.25462]],[[-84.57561,37.25753],[-84.57577,37.25776]]]}},{"type":"Feature","properties":{"quad":"Maretburg","gq_number":"338","source_pub":"Geology of the Maretburg quadrangle, Kentucky | Seymour O. Schlanger | 1965, GQ-338","source_url":"https://pubs.usgs.gov/publication/gq338","original_line_symbol":"Mbh","polygon_pair_below_above":"Mb|Mbr","contact_style":"CONTACT","contact_comments":"Halls Gap Member, Borden Formation","meaning":"Top of Halls Gap Member (Mbh) under Renfro; the Wildie (upper-Nada equivalent) is absent or unmapped here, so the target horizon may be missing or included in an adjacent unit.","class_label":"AMBIGUOUS","confidence":"Not used"},"geometry":{"type":"MultiLineString","coordinates":[[[-84.43386,37.27309],[-84.43421,37.27328],[-84.43469,37.27336],[-84.43501,37.27336],[-84.4356,37.27315],[-84.43604,37.27256],[-84.43623,37.27159]],[[-84.43362,37.27759],[-84.434,37.27748],[-84.43435,37.27719],[-84.43476,37.2759],[-84.4348,37.27509],[-84.43477,37.27406],[-84.43449,37.27392],[-84.43411,37.27392],[-84.4341,37.27354],[-84.43377,37.27321]],[[-84.43055,37.28149],[-84.4301,37.28128],[-84.43008,37.28119],[-84.43093,37.2812],[-84.43175,37.28104],[-84.43227,37.2808],[-84.43292,37.28035],[-84.43307,37.27998],[-84.43315,37.27902],[-84.43372,37.27804],[-84.43361,37.27773]],[[-84.43345,37.2776],[-84.43348,37.27758]]]}},{"type":"Feature","properties":{"quad":"Maretburg","gq_number":"338","source_pub":"Geology of the Maretburg quadrangle, Kentucky | Seymour O. Schlanger | 1965, GQ-338","source_url":"https://pubs.usgs.gov/publication/gq338","original_line_symbol":"Mbh","polygon_pair_below_above":"Mb|Mbr","contact_style":"CONTACT","contact_comments":"Halls Gap Member, Borden Formation","meaning":"Top of Halls Gap Member (Mbh) under Renfro; the Wildie (upper-Nada equivalent) is absent or unmapped here, so the target horizon may be missing or included in an adjacent unit.","class_label":"AMBIGUOUS","confidence":"Not used"},"geometry":{"type":"MultiLineString","coordinates":[[[-84.4419,37.25154],[-84.44249,37.25149],[-84.44297,37.2512],[-84.44316,37.25147],[-84.44364,37.25132],[-84.44533,37.25129],[-84.44732,37.25151],[-84.44852,37.25171],[-84.45225,37.25288],[-84.45339,37.25315],[-84.45357,37.25295],[-84.45312,37.2523],[-84.45284,37.25212],[-84.45227,37.25201],[-84.45227,37.25187],[-84.45263,37.25146],[-84.45262,37.25131],[-84.45236,37.25126],[-84.45139,37.25146],[-84.45106,37.25136],[-84.45164,37.25112],[-84.45221,37.25074],[-84.45263,37.2501]],[[-84.43543,37.25668],[-84.43614,37.25728],[-84.43646,37.25732],[-84.43665,37.25719],[-84.43702,37.25653],[-84.43732,37.2563],[-84.43767,37.25618],[-84.44006,37.25602],[-84.44147,37.25608],[-84.44235,37.25595],[-84.44312,37.25567],[-84.44343,37.25539],[-84.44363,37.25486],[-84.44341,37.25437],[-84.44383,37.25406],[-84.44387,37.25389],[-84.44314,37.25217],[-84.44276,37.25189],[-84.44208,37.2517]],[[-84.43623,37.27159],[-84.43644,37.26954],[-84.43622,37.26926],[-84.43628,37.26909],[-84.43616,37.2689],[-84.43569,37.26882],[-84.43533,37.26898],[-84.43528,37.2687],[-84.43554,37.26846],[-84.43657,37.26697],[-84.43755,37.26613],[-84.44021,37.26414],[-84.44073,37.26334],[-84.44081,37.26304],[-84.44083,37.26254],[-84.44049,37.26149],[-84.44013,37.26139],[-84.43925,37.26162],[-84.43926,37.26147],[-84.43958,37.26114],[-84.43936,37.26065],[-84.43839,37.26005],[-84.43814,37.25999],[-84.43771,37.2601]],[[-84.43766,37.26002],[-84.43777,37.25974],[-84.43754,37.25939],[-84.43671,37.25924],[-84.43619,37.25941],[-84.43433,37.2604],[-84.43302,37.26084],[-84.43261,37.26081],[-84.4327,37.26069],[-84.43329,37.26051],[-84.43453,37.25993],[-84.43555,37.25926],[-84.4358,37.25878],[-84.43631,37.25848],[-84.43637,37.25813],[-84.43626,37.25786],[-84.43562,37.25729],[-84.43536,37.25679]],[[-84.43765,37.2601],[-84.43765,37.26006]],[[-84.4353,37.25666],[-84.43533,37.25664]]]}},{"type":"Feature","properties":{"quad":"Woodstock","gq_number":"776","source_pub":"Geologic map of the Woodstock quadrangle, south-central Kentucky | Gordon Whitney Weir and Seymour O. Schlanger | 1969, GQ-776","source_url":"https://pubs.usgs.gov/publication/gq776","original_line_symbol":"Mbh","polygon_pair_below_above":"Mb|Mbrl","contact_style":"CONTACT","contact_comments":"Halls Gap Member, Borden Formation","meaning":"Top of Halls Gap Member (Mbh) under Renfro; the Wildie (upper-Nada equivalent) is absent or unmapped here, so the target horizon may be missing or included in an adjacent unit.","class_label":"AMBIGUOUS","confidence":"Not used"},"geometry":{"type":"LineString","coordinates":[[-84.55769,37.25022],[-84.55584,37.25104],[-84.55508,37.25109],[-84.55486,37.25102],[-84.55456,37.25072],[-84.55403,37.25112],[-84.55353,37.25116],[-84.55153,37.25103],[-84.55063,37.2507],[-84.54993,37.2501]]}},{"type":"Feature","properties":{"quad":"Maretburg","gq_number":"338","source_pub":"Geology of the Maretburg quadrangle, Kentucky | Seymour O. Schlanger | 1965, GQ-338","source_url":"https://pubs.usgs.gov/publication/gq338","original_line_symbol":"Mbh","polygon_pair_below_above":"Mb|Mbr","contact_style":"CONTACT","contact_comments":"Halls Gap Member, Borden Formation","meaning":"Top of Halls Gap Member (Mbh) under Renfro; the Wildie (upper-Nada equivalent) is absent or unmapped here, so the target horizon may be missing or included in an adjacent unit.","class_label":"AMBIGUOUS","confidence":"Not used"},"geometry":{"type":"MultiLineString","coordinates":[[[-84.45195,37.27297],[-84.45178,37.27335],[-84.45222,37.27359],[-84.45321,37.27367],[-84.4561,37.27362],[-84.45708,37.27371],[-84.45717,37.27376],[-84.45711,37.27403],[-84.45736,37.27429]],[[-84.45467,37.25938],[-84.45464,37.2594]],[[-84.45488,37.2501],[-84.45486,37.25058],[-84.45533,37.25184],[-84.45588,37.2529],[-84.45595,37.2535],[-84.45568,37.25404],[-84.45537,37.25434],[-84.45487,37.25456],[-84.45386,37.25476],[-84.45361,37.25501],[-84.45372,37.25542],[-84.45508,37.25676],[-84.45488,37.25791],[-84.45493,37.25844],[-84.4547,37.25874],[-84.45467,37.25925]],[[-84.45458,37.25937],[-84.45439,37.2591],[-84.45453,37.25806],[-84.45434,37.25691],[-84.45421,37.25674],[-84.45376,37.25661],[-84.45343,37.25612],[-84.45288,37.25587],[-84.45247,37.25508],[-84.45222,37.2548],[-84.45197,37.25475],[-84.45143,37.25496],[-84.45089,37.25505],[-84.44918,37.25485],[-84.44864,37.25542],[-84.44791,37.25564],[-84.4477,37.25556],[-84.44765,37.25497],[-84.44713,37.25416],[-84.44681,37.25377],[-84.44647,37.25366],[-84.44605,37.25374],[-84.44598,37.25391],[-84.44662,37.25509],[-84.44683,37.25636],[-84.44641,37.25646],[-84.44564,37.25699],[-84.44433,37.25751],[-84.44276,37.25788],[-84.44258,37.25809],[-84.44252,37.25842]],[[-84.44656,37.27189],[-84.44523,37.27292],[-84.44502,37.27349],[-84.44522,37.27373],[-84.44599,37.2737],[-84.44806,37.27309],[-84.45112,37.27317],[-84.45192,37.2729]],[[-84.44644,37.27182],[-84.44648,37.27185]],[[-84.444,37.26507],[-84.44371,37.26528],[-84.44361,37.26553],[-84.44334,37.26538],[-84.443,37.26534],[-84.44246,37.26553],[-84.44209,37.26578],[-84.44172,37.26625],[-84.44167,37.26652],[-84.44102,37.26686],[-84.44064,37.26737],[-84.44001,37.26843],[-84.43999,37.26866],[-84.44019,37.26896],[-84.4422,37.26997],[-84.44231,37.27019],[-84.4434,37.27133],[-84.4446,37.27239],[-84.44519,37.2724],[-84.44642,37.27176]],[[-84.44413,37.26497],[-84.44417,37.26502]],[[-84.44255,37.25852],[-84.44243,37.25856],[-84.44231,37.25845],[-84.44184,37.25786],[-84.44119,37.2577],[-84.44029,37.25773],[-84.43992,37.25786],[-84.43975,37.25806],[-84.43959,37.25874],[-84.43996,37.25937],[-84.441,37.26051],[-84.44171,37.261],[-84.44334,37.26184],[-84.44365,37.2622],[-84.44379,37.26263],[-84.44378,37.2634],[-84.44355,37.2643],[-84.44355,37.26472],[-84.44383,37.26495]]]}},{"type":"Feature","properties":{"quad":"Woodstock","gq_number":"776","source_pub":"Geologic map of the Woodstock quadrangle, south-central Kentucky | Gordon Whitney Weir and Seymour O. Schlanger | 1969, GQ-776","source_url":"https://pubs.usgs.gov/publication/gq776","original_line_symbol":"Mbh","polygon_pair_below_above":"Mb|Mbrl","contact_style":"CONTACT","contact_comments":"Halls Gap Member, Borden Formation","meaning":"Top of Halls Gap Member (Mbh) under Renfro; the Wildie (upper-Nada equivalent) is absent or unmapped here, so the target horizon may be missing or included in an adjacent unit.","class_label":"AMBIGUOUS","confidence":"Not used"},"geometry":{"type":"MultiLineString","coordinates":[[[-84.56786,37.28275],[-84.56784,37.28245],[-84.568,37.28207],[-84.568,37.28102],[-84.56816,37.28056],[-84.56826,37.28046],[-84.56886,37.28046],[-84.56892,37.28038],[-84.56891,37.2802],[-84.56806,37.27911],[-84.56799,37.27847],[-84.56822,37.27818],[-84.56921,37.27739],[-84.56992,37.27636],[-84.57029,37.27632],[-84.57058,37.27646]],[[-84.56229,37.2817],[-84.5623,37.28154],[-84.56282,37.28101],[-84.56299,37.28097],[-84.56347,37.28106],[-84.56364,37.28057],[-84.56385,37.28039],[-84.5655,37.27947],[-84.56678,37.27898],[-84.56702,37.27915],[-84.56743,37.2806],[-84.56763,37.28272]],[[-84.56817,37.25843],[-84.56844,37.25791],[-84.56859,37.25709],[-84.569,37.25652],[-84.56906,37.25621],[-84.56886,37.25541],[-84.56805,37.25388],[-84.56784,37.2533],[-84.56782,37.25297],[-84.5679,37.25275],[-84.56805,37.25269],[-84.56846,37.25281],[-84.56871,37.253],[-84.57098,37.25635],[-84.57205,37.25764],[-84.57253,37.25878],[-84.57261,37.25998],[-84.57303,37.26051],[-84.57259,37.26094],[-84.57248,37.26135],[-84.57268,37.26147],[-84.57325,37.26152],[-84.57347,37.26164],[-84.57348,37.26174],[-84.5732,37.26218],[-84.57267,37.26268],[-84.5723,37.26287],[-84.57201,37.2629],[-84.57188,37.26317],[-84.57153,37.26337],[-84.56917,37.26361],[-84.56711,37.2643],[-84.56558,37.26508],[-84.56499,37.26578],[-84.56448,37.26667],[-84.56431,37.26727],[-84.56429,37.26867],[-84.56419,37.269],[-84.56386,37.26925],[-84.56338,37.26937],[-84.56283,37.26973],[-84.56226,37.26993]],[[-84.56798,37.25866],[-84.56806,37.25866]],[[-84.54586,37.2501],[-84.54741,37.25195],[-84.548,37.25216],[-84.54883,37.25296],[-84.54911,37.25336],[-84.54905,37.2536],[-84.54945,37.25376],[-84.55088,37.25508],[-84.55173,37.25573],[-84.55333,37.25634],[-84.55456,37.25644],[-84.556,37.25632],[-84.55991,37.25525],[-84.56122,37.25513],[-84.56191,37.25518],[-84.56208,37.25531],[-84.56222,37.25563],[-84.56218,37.25624],[-84.56079,37.25768],[-84.56006,37.25812],[-84.55937,37.25839],[-84.55954,37.25858],[-84.56059,37.25811],[-84.56135,37.25798],[-84.56225,37.2571],[-84.56291,37.25678],[-84.56314,37.2568],[-84.56333,37.25716],[-84.56343,37.25714],[-84.56364,37.25685],[-84.56344,37.25563],[-84.56346,37.25511],[-84.56363,37.25481],[-84.56408,37.25464],[-84.56512,37.25451],[-84.56545,37.2542],[-84.56596,37.25402],[-84.56627,37.25371],[-84.56647,37.2537],[-84.56691,37.25434],[-84.5681,37.25557],[-84.56838,37.25619],[-84.56836,37.25646],[-84.5681,37.25703],[-84.56802,37.25834]],[[-84.56234,37.27004],[-84.56291,37.2701],[-84.56342,37.26988],[-84.56459,37.26974],[-84.56493,37.27041],[-84.56514,37.27129],[-84.56556,37.2722],[-84.5665,37.27322],[-84.56792,37.27507],[-84.56781,37.27521],[-84.56728,37.2752],[-84.56564,37.27476],[-84.56562,37.27489],[-84.56609,37.27509],[-84.56625,37.27538],[-84.56647,37.27554],[-84.56772,37.27618],[-84.56781,37.27669],[-84.56738,37.27721],[-84.56628,37.27807],[-84.56587,37.27808],[-84.56519,37.27787]],[[-84.56507,37.27793],[-84.56531,37.27833],[-84.56511,37.27865],[-84.56308,37.27968],[-84.56222,37.27961]],[[-84.56212,37.27973],[-84.56261,37.2799],[-84.56278,37.28027],[-84.56241,37.28117]],[[-84.56225,37.28134],[-84.56209,37.2815],[-84.56215,37.2817]],[[-84.56209,37.28203],[-84.5622,37.28204]],[[-84.56219,37.26997],[-84.56223,37.27002]]]}},{"type":"Feature","properties":{"quad":"Woodstock","gq_number":"776","source_pub":"Geologic map of the Woodstock quadrangle, south-central Kentucky | Gordon Whitney Weir and Seymour O. Schlanger | 1969, GQ-776","source_url":"https://pubs.usgs.gov/publication/gq776","original_line_symbol":"Mbrl","polygon_pair_below_above":"Mbm|Mbru","contact_style":"CONTACT","contact_comments":"Lower part of Renfro Member, Slade Formation","meaning":"Not interpreted as the target contact.","class_label":"AMBIGUOUS","confidence":"Not used"},"geometry":{"type":"MultiLineString","coordinates":[[[-84.56437,37.26652],[-84.56413,37.2674]],[[-84.55409,37.2566],[-84.55608,37.25644],[-84.55734,37.25615]],[[-84.55174,37.25589],[-84.55345,37.25651]],[[-84.54992,37.25444],[-84.55034,37.25482]],[[-84.54895,37.25372],[-84.54923,37.25381]],[[-84.54542,37.2501],[-84.54554,37.25013]]]}},{"type":"Feature","properties":{"quad":"Maretburg","gq_number":"338","source_pub":"Geology of the Maretburg quadrangle, Kentucky | Seymour O. Schlanger | 1965, GQ-338","source_url":"https://pubs.usgs.gov/publication/gq338","original_line_symbol":"Mbh","polygon_pair_below_above":"Mb|Mbr","contact_style":"CONTACT","contact_comments":"Halls Gap Member, Borden Formation","meaning":"Top of Halls Gap Member (Mbh) under Renfro; the Wildie (upper-Nada equivalent) is absent or unmapped here, so the target horizon may be missing or included in an adjacent unit.","class_label":"AMBIGUOUS","confidence":"Not used"},"geometry":{"type":"LineString","coordinates":[[-84.45666,37.2501],[-84.45657,37.2505],[-84.45621,37.25061],[-84.4559,37.2501]]}},{"type":"Feature","properties":{"quad":"Woodstock","gq_number":"776","source_pub":"Geologic map of the Woodstock quadrangle, south-central Kentucky | Gordon Whitney Weir and Seymour O. Schlanger | 1969, GQ-776","source_url":"https://pubs.usgs.gov/publication/gq776","original_line_symbol":"Mbrl","polygon_pair_below_above":"Mbm|Mbrl","contact_style":"CONTACT","contact_comments":"Lower part of Renfro Member, Slade Formation","meaning":"Not interpreted as the target contact.","class_label":"AMBIGUOUS","confidence":"Not used"},"geometry":{"type":"MultiLineString","coordinates":[[[-84.54024,37.25023],[-84.53998,37.25024]],[[-84.53971,37.25024],[-84.53939,37.25021],[-84.53922,37.2501]]]}},{"type":"Feature","properties":{"quad":"Maretburg","gq_number":"338","source_pub":"Geology of the Maretburg quadrangle, Kentucky | Seymour O. Schlanger | 1965, GQ-338","source_url":"https://pubs.usgs.gov/publication/gq338","original_line_symbol":"Mbh","polygon_pair_below_above":"Mb|Mbr","contact_style":"CONTACT","contact_comments":"Halls Gap Member, Borden Formation","meaning":"Top of Halls Gap Member (Mbh) under Renfro; the Wildie (upper-Nada equivalent) is absent or unmapped here, so the target horizon may be missing or included in an adjacent unit.","class_label":"AMBIGUOUS","confidence":"Not used"},"geometry":{"type":"MultiLineString","coordinates":[[[-84.46655,37.25425],[-84.46654,37.25429]],[[-84.46651,37.2543],[-84.46482,37.25429],[-84.46439,37.25452],[-84.46455,37.25529],[-84.46463,37.25705],[-84.46477,37.25733],[-84.46458,37.25774],[-84.46457,37.25809],[-84.46488,37.25851],[-84.46443,37.2586],[-84.46407,37.25892]],[[-84.46325,37.2501],[-84.46331,37.25033],[-84.46306,37.25063],[-84.46298,37.25118],[-84.46274,37.25174],[-84.46278,37.25216],[-84.46442,37.2538],[-84.46503,37.25391],[-84.46528,37.25414],[-84.46646,37.25419]],[[-84.46404,37.25894],[-84.46401,37.25894]],[[-84.46398,37.25885],[-84.46424,37.25792],[-84.46421,37.25734],[-84.46409,37.25721]],[[-84.46405,37.25721],[-84.46414,37.25676],[-84.46381,37.25535],[-84.46364,37.25519],[-84.4633,37.25516],[-84.46342,37.25457],[-84.46325,37.25416],[-84.46279,37.25368],[-84.46144,37.25273],[-84.46082,37.25281],[-84.45971,37.25341],[-84.45933,37.2532],[-84.46006,37.25275],[-84.46018,37.25231],[-84.46077,37.25192],[-84.46093,37.2517],[-84.46105,37.25035],[-84.46082,37.25025],[-84.45852,37.2504],[-84.45744,37.2501]]]}},{"type":"Feature","properties":{"quad":"Woodstock","gq_number":"776","source_pub":"Geologic map of the Woodstock quadrangle, south-central Kentucky | Gordon Whitney Weir and Seymour O. Schlanger | 1969, GQ-776","source_url":"https://pubs.usgs.gov/publication/gq776","original_line_symbol":"Mbh","polygon_pair_below_above":"Mb|Mbrl","contact_style":"CONTACT","contact_comments":"Halls Gap Member, Borden Formation","meaning":"Top of Halls Gap Member (Mbh) under Renfro; the Wildie (upper-Nada equivalent) is absent or unmapped here, so the target horizon may be missing or included in an adjacent unit.","class_label":"AMBIGUOUS","confidence":"Not used"},"geometry":{"type":"MultiLineString","coordinates":[[[-84.54238,37.26068],[-84.54253,37.26002],[-84.54238,37.2593],[-84.54096,37.25822],[-84.54086,37.25795],[-84.54029,37.25786],[-84.53942,37.25741],[-84.53871,37.25611],[-84.53874,37.25576],[-84.54046,37.25523]],[[-84.541,37.26226],[-84.54027,37.26062],[-84.53999,37.26028],[-84.53972,37.2597],[-84.5396,37.25897],[-84.53975,37.25863],[-84.53994,37.2586],[-84.5406,37.25879],[-84.54143,37.2592],[-84.54194,37.25972],[-84.54206,37.25997],[-84.54208,37.26041],[-84.54226,37.26076],[-84.54237,37.26078]],[[-84.53701,37.26734],[-84.53665,37.26735],[-84.53589,37.26755],[-84.53482,37.26758],[-84.5346,37.26744],[-84.53431,37.26676],[-84.5345,37.26621],[-84.53519,37.26524],[-84.5369,37.2636],[-84.53743,37.26343],[-84.53922,37.26211],[-84.53991,37.26187],[-84.54021,37.2619],[-84.54076,37.2622]],[[-84.54023,37.25519],[-84.53903,37.2551],[-84.53835,37.25493],[-84.53795,37.25402],[-84.5379,37.25356],[-84.5374,37.25283],[-84.53725,37.25225],[-84.53739,37.25162],[-84.53752,37.25149],[-84.53889,37.25169],[-84.53892,37.2516],[-84.53864,37.25128],[-84.5388,37.25097],[-84.54,37.25071]],[[-84.5401,37.25064],[-84.53837,37.25055],[-84.53822,37.25045],[-84.53822,37.2501]],[[-84.53724,37.26734],[-84.5372,37.26729]],[[-84.53576,37.28034],[-84.53701,37.28118],[-84.53794,37.28241],[-84.53812,37.28202],[-84.53803,37.28159],[-84.53755,37.28106],[-84.53756,37.28075],[-84.53716,37.28025],[-84.53645,37.27993],[-84.53629,37.27963],[-84.53579,37.27949],[-84.53551,37.27922],[-84.53515,37.27917],[-84.5348,37.27865],[-84.5348,37.27835],[-84.53498,37.27825],[-84.53504,37.27768],[-84.53483,37.27691],[-84.53508,37.27647],[-84.53486,37.27591],[-84.53491,37.27418],[-84.53503,37.27369],[-84.53537,37.27338],[-84.53528,37.27317],[-84.53572,37.27265],[-84.53571,37.27205],[-84.53608,37.2712],[-84.53637,37.27089],[-84.53663,37.27077],[-84.53769,37.27089],[-84.53814,37.2711],[-84.53838,37.27097],[-84.53904,37.27091],[-84.54016,37.271],[-84.54048,37.27126],[-84.54072,37.27164],[-84.54048,37.27226],[-84.54071,37.27249],[-84.54084,37.27199],[-84.54125,37.27146],[-84.54085,37.27094],[-84.54024,37.27058],[-84.53989,37.27023],[-84.53879,37.27042],[-84.53688,37.26993],[-84.53645,37.26969],[-84.53612,37.26894],[-84.53561,37.26822],[-84.53586,37.26793],[-84.53682,37.26769],[-84.53714,37.2674]]]}},{"type":"Feature","properties":{"quad":"Woodstock","gq_number":"776","source_pub":"Geologic map of the Woodstock quadrangle, south-central Kentucky | Gordon Whitney Weir and Seymour O. Schlanger | 1969, GQ-776","source_url":"https://pubs.usgs.gov/publication/gq776","original_line_symbol":"Mbh","polygon_pair_below_above":"Mb|Mbrl","contact_style":"CONTACT","contact_comments":"Halls Gap Member, Borden Formation","meaning":"Top of Halls Gap Member (Mbh) under Renfro; the Wildie (upper-Nada equivalent) is absent or unmapped here, so the target horizon may be missing or included in an adjacent unit.","class_label":"AMBIGUOUS","confidence":"Not used"},"geometry":{"type":"MultiLineString","coordinates":[[[-84.52979,37.25539],[-84.52981,37.25493],[-84.53072,37.25433],[-84.53145,37.25367],[-84.53174,37.25289]],[[-84.52393,37.26009],[-84.52411,37.25961],[-84.52403,37.25885],[-84.5242,37.25847],[-84.52528,37.2572],[-84.526,37.25695],[-84.52655,37.25701],[-84.52676,37.25716],[-84.52686,37.25662],[-84.5272,37.25619],[-84.52729,37.2559],[-84.52791,37.25582],[-84.52855,37.25538],[-84.52906,37.25523],[-84.52927,37.25523],[-84.52957,37.25548]],[[-84.52857,37.25035],[-84.52931,37.251],[-84.52955,37.25136],[-84.52948,37.25161],[-84.52887,37.25199],[-84.52844,37.25252],[-84.52839,37.25288],[-84.52859,37.25352],[-84.52818,37.25407],[-84.52734,37.25439],[-84.52641,37.25436],[-84.52422,37.25297]],[[-84.52412,37.25294],[-84.52409,37.25295]],[[-84.52409,37.25302],[-84.52569,37.25487],[-84.52566,37.25523],[-84.52519,37.25577],[-84.5247,37.25609],[-84.52347,37.25652],[-84.5226,37.25717],[-84.52234,37.25723],[-84.52157,37.25718],[-84.52126,37.25709],[-84.52077,37.25673]],[[-84.52372,37.25801],[-84.52334,37.25861],[-84.52327,37.25905],[-84.52377,37.26011]],[[-84.51331,37.25822],[-84.51374,37.25849],[-84.5142,37.25897],[-84.51443,37.25881],[-84.51617,37.25879],[-84.51683,37.25861],[-84.51811,37.25852],[-84.51906,37.25802],[-84.51968,37.25787],[-84.52112,37.25814],[-84.52153,37.25826],[-84.52182,37.25847],[-84.52313,37.25833],[-84.52372,37.25795]],[[-84.5206,37.25675],[-84.52053,37.25699],[-84.51939,37.25699],[-84.51771,37.25765],[-84.51714,37.25798],[-84.51582,37.25817],[-84.51547,37.25813],[-84.51508,37.25843],[-84.51415,37.25858],[-84.51361,37.25819],[-84.51334,37.25815]]]}},{"type":"Feature","properties":{"quad":"Woodstock","gq_number":"776","source_pub":"Geologic map of the Woodstock quadrangle, south-central Kentucky | Gordon Whitney Weir and Seymour O. Schlanger | 1969, GQ-776","source_url":"https://pubs.usgs.gov/publication/gq776","original_line_symbol":"Mbh","polygon_pair_below_above":"Mb|Mbrl","contact_style":"CONTACT","contact_comments":"Halls Gap Member, Borden Formation","meaning":"Top of Halls Gap Member (Mbh) under Renfro; the Wildie (upper-Nada equivalent) is absent or unmapped here, so the target horizon may be missing or included in an adjacent unit.","class_label":"AMBIGUOUS","confidence":"Not used"},"geometry":{"type":"MultiLineString","coordinates":[[[-84.53162,37.2501],[-84.53187,37.25039],[-84.53182,37.25053],[-84.53057,37.25094],[-84.52982,37.25071],[-84.52877,37.25026]],[[-84.52857,37.25018],[-84.52836,37.2501]]]}},{"type":"Feature","properties":{"quad":"Maretburg","gq_number":"338","source_pub":"Geology of the Maretburg quadrangle, Kentucky | Seymour O. Schlanger | 1965, GQ-338","source_url":"https://pubs.usgs.gov/publication/gq338","original_line_symbol":"Mbh","polygon_pair_below_above":"Mb|Mbr","contact_style":"CONTACT","contact_comments":"Halls Gap Member, Borden Formation","meaning":"Top of Halls Gap Member (Mbh) under Renfro; the Wildie (upper-Nada equivalent) is absent or unmapped here, so the target horizon may be missing or included in an adjacent unit.","class_label":"AMBIGUOUS","confidence":"Not used"},"geometry":{"type":"MultiLineString","coordinates":[[[-84.48577,37.25487],[-84.48563,37.25488],[-84.48545,37.25471],[-84.48545,37.25434],[-84.48516,37.25387],[-84.48513,37.25345],[-84.48493,37.2533],[-84.48452,37.25328],[-84.4846,37.25276],[-84.48366,37.25224],[-84.48299,37.25203],[-84.48285,37.2516],[-84.48211,37.25094],[-84.48209,37.25065],[-84.48159,37.2501]],[[-84.48302,37.25009],[-84.48308,37.25063],[-84.48325,37.25088],[-84.48354,37.25116],[-84.485,37.25201],[-84.48575,37.25294],[-84.48595,37.2535],[-84.48559,37.25401],[-84.48575,37.25433],[-84.48575,37.25483]]]}},{"type":"Feature","properties":{"quad":"Shopville","gq_number":"282","source_pub":"Geology of the Shopville quadrangle, Kentucky | Norman L. Hatch Jr. | 1964, GQ-282","source_url":"https://pubs.usgs.gov/publication/gq282","original_line_symbol":"Mbl","polygon_pair_below_above":"Mb|Mbr","contact_style":"CONTACT","contact_comments":"Lower part of Borden Formation","meaning":"Borden member symbol Mbl (Shopville, GQ-282, Hatch 1964) beneath Renfro; not equated with the Nada in the legend reviewed.","class_label":"AMBIGUOUS","confidence":"Not used"},"geometry":{"type":"LineString","coordinates":[[-84.45744,37.2501],[-84.45701,37.24973],[-84.45685,37.24979],[-84.45666,37.2501]]}},{"type":"Feature","properties":{"quad":"Shopville","gq_number":"282","source_pub":"Geology of the Shopville quadrangle, Kentucky | Norman L. Hatch Jr. | 1964, GQ-282","source_url":"https://pubs.usgs.gov/publication/gq282","original_line_symbol":"Mbl","polygon_pair_below_above":"Mb|Mbr","contact_style":"CONTACT","contact_comments":"Lower part of Borden Formation","meaning":"Borden member symbol Mbl (Shopville, GQ-282, Hatch 1964) beneath Renfro; not equated with the Nada in the legend reviewed.","class_label":"AMBIGUOUS","confidence":"Not used"},"geometry":{"type":"LineString","coordinates":[[-84.4559,37.2501],[-84.45569,37.24979],[-84.45507,37.24956],[-84.45488,37.24968],[-84.45488,37.2501]]}},{"type":"Feature","properties":{"quad":"Bobtown","gq_number":"1102","source_pub":"Geologic map of the Bobtown quadrangle, Pulaski County, Kentucky | Richard Wheatley Lewis Jr., Alfred R. Taylor, and Gordon Whitney Weir | 1973, GQ-1102","source_url":"https://pubs.usgs.gov/publication/gq1102","original_line_symbol":"Mbm","polygon_pair_below_above":"Mbm|Mbru","contact_style":"CONTACT","contact_comments":"Muldraugh Member, Borden Formation","meaning":"Muldraugh Member (Mbm) - carbonate/chert interval SW of the Nada belt (Bobtown GQ-1102); geodes here are a different horizon.","class_label":"NOT TARGET GEOLOGY","confidence":"Not used"},"geometry":{"type":"LineString","coordinates":[[-84.54542,37.2501],[-84.54526,37.25003],[-84.54481,37.24947],[-84.54425,37.24909],[-84.5437,37.24843],[-84.54322,37.24805],[-84.54264,37.24776],[-84.54251,37.24781],[-84.54214,37.24853],[-84.54113,37.24837],[-84.54067,37.24877],[-84.54013,37.24892],[-84.5402,37.24939],[-84.54,37.24982],[-84.54018,37.2501]]}},{"type":"Feature","properties":{"quad":"Bobtown","gq_number":"1102","source_pub":"Geologic map of the Bobtown quadrangle, Pulaski County, Kentucky | Richard Wheatley Lewis Jr., Alfred R. Taylor, and Gordon Whitney Weir | 1973, GQ-1102","source_url":"https://pubs.usgs.gov/publication/gq1102","original_line_symbol":"Mbm","polygon_pair_below_above":"Mbm|Mbru","contact_style":"CONTACT","contact_comments":"Muldraugh Member, Borden Formation","meaning":"Muldraugh Member (Mbm) - carbonate/chert interval SW of the Nada belt (Bobtown GQ-1102); geodes here are a different horizon.","class_label":"NOT TARGET GEOLOGY","confidence":"Not used"},"geometry":{"type":"MultiLineString","coordinates":[[[-84.5255,37.24961],[-84.52651,37.24966],[-84.52707,37.24938],[-84.52718,37.24876],[-84.52665,37.24814],[-84.52671,37.24809],[-84.52741,37.2482],[-84.52791,37.2484],[-84.52882,37.24934],[-84.52908,37.24953],[-84.52927,37.24954],[-84.52915,37.24913],[-84.52856,37.24843],[-84.52862,37.24821],[-84.52895,37.24796],[-84.52894,37.24773],[-84.52729,37.24606],[-84.52748,37.24594],[-84.52752,37.24575],[-84.52815,37.24577],[-84.52942,37.24622],[-84.53032,37.24682],[-84.53056,37.24679],[-84.53095,37.24659],[-84.53144,37.24662],[-84.53186,37.24693],[-84.53194,37.2471],[-84.53196,37.24767],[-84.53173,37.24799],[-84.53175,37.2483],[-84.532,37.24862],[-84.53239,37.24864],[-84.53276,37.24845],[-84.53299,37.24818],[-84.53316,37.24758],[-84.53381,37.24756],[-84.53437,37.24732],[-84.53476,37.24691],[-84.535,37.24645],[-84.53495,37.24564],[-84.53464,37.24535],[-84.53419,37.24535],[-84.53373,37.24568],[-84.53312,37.24583],[-84.53278,37.24579]],[[-84.52567,37.2501],[-84.52541,37.24966]]]}},{"type":"Feature","properties":{"quad":"Bobtown","gq_number":"1102","source_pub":"Geologic map of the Bobtown quadrangle, Pulaski County, Kentucky | Richard Wheatley Lewis Jr., Alfred R. Taylor, and Gordon Whitney Weir | 1973, GQ-1102","source_url":"https://pubs.usgs.gov/publication/gq1102","original_line_symbol":"Mbm","polygon_pair_below_above":"Mbm|Msw","contact_style":"CONTACT","contact_comments":"Muldraugh Member, Borden Formation","meaning":"Muldraugh Member (Mbm) - carbonate/chert interval SW of the Nada belt (Bobtown GQ-1102); geodes here are a different horizon.","class_label":"NOT TARGET GEOLOGY","confidence":"Not used"},"geometry":{"type":"MultiLineString","coordinates":[[[-84.58116,37.24609],[-84.58027,37.24544],[-84.57836,37.2448],[-84.5775,37.24494],[-84.57614,37.24493],[-84.57555,37.24508],[-84.57384,37.24504],[-84.57342,37.24485],[-84.57308,37.24449],[-84.57248,37.2443],[-84.57209,37.24404],[-84.572,37.24359],[-84.57245,37.24324],[-84.57258,37.24286],[-84.57295,37.24256],[-84.57415,37.24209],[-84.57502,37.24158],[-84.57585,37.24146],[-84.57596,37.24139],[-84.57595,37.24109],[-84.57605,37.24096],[-84.57658,37.24077],[-84.57692,37.24042],[-84.57786,37.24007],[-84.57804,37.23993]],[[-84.56928,37.25005],[-84.56811,37.24937],[-84.56647,37.24888],[-84.56593,37.24857],[-84.56493,37.24862],[-84.56474,37.24842],[-84.56541,37.24783],[-84.56652,37.24725],[-84.56765,37.24695],[-84.56851,37.24705],[-84.56881,37.24658],[-84.56913,37.24637],[-84.56961,37.2464],[-84.57005,37.24684],[-84.57044,37.2466],[-84.57082,37.24652],[-84.57095,37.24637],[-84.57053,37.24576],[-84.57069,37.24525],[-84.57165,37.24533],[-84.57283,37.24596],[-84.57368,37.24626],[-84.57459,37.2471],[-84.57472,37.24689],[-84.57472,37.24624],[-84.57495,37.24608],[-84.57536,37.24599],[-84.5764,37.24589],[-84.5774,37.24595],[-84.57844,37.24569],[-84.57964,37.24565],[-84.58037,37.24583],[-84.58103,37.24615]],[[-84.57794,37.2399],[-84.57708,37.23974],[-84.5767,37.23977],[-84.57487,37.24084],[-84.5736,37.24125],[-84.5723,37.2415],[-84.57114,37.24226],[-84.57017,37.24316],[-84.56977,37.2432],[-84.56949,37.24287],[-84.56923,37.24225],[-84.56913,37.24164],[-84.56938,37.2402],[-84.56923,37.23967],[-84.56916,37.23954],[-84.56906,37.23955],[-84.56861,37.23991],[-84.56867,37.24065],[-84.56829,37.24172],[-84.56776,37.2419],[-84.56768,37.24201],[-84.56768,37.24212],[-84.56805,37.24239],[-84.56833,37.24295],[-84.56839,37.24372],[-84.56825,37.24405],[-84.56779,37.24427],[-84.56703,37.24423],[-84.56669,37.24462],[-84.56608,37.24492],[-84.56543,37.2448],[-84.56494,37.24523],[-84.56424,37.24553],[-84.56321,37.24626],[-84.56301,37.24609],[-84.56301,37.24518],[-84.56283,37.24497],[-84.56237,37.24533],[-84.56187,37.24544],[-84.56192,37.24609],[-84.56122,37.24686],[-84.56058,37.2469],[-84.55989,37.24648],[-84.55961,37.24676],[-84.559,37.24684],[-84.55899,37.24706],[-84.55933,37.24767],[-84.55916,37.24813],[-84.55766,37.24946],[-84.55655,37.25004]]]}},{"type":"Feature","properties":{"quad":"Bobtown","gq_number":"1102","source_pub":"Geologic map of the Bobtown quadrangle, Pulaski County, Kentucky | Richard Wheatley Lewis Jr., Alfred R. Taylor, and Gordon Whitney Weir | 1973, GQ-1102","source_url":"https://pubs.usgs.gov/publication/gq1102","original_line_symbol":"Mbm","polygon_pair_below_above":"Mbm|Msw","contact_style":"CONTACT","contact_comments":"Muldraugh Member, Borden Formation","meaning":"Muldraugh Member (Mbm) - carbonate/chert interval SW of the Nada belt (Bobtown GQ-1102); geodes here are a different horizon.","class_label":"NOT TARGET GEOLOGY","confidence":"Not used"},"geometry":{"type":"MultiLineString","coordinates":[[[-84.55464,37.24652],[-84.55428,37.24624],[-84.55437,37.24576],[-84.55573,37.24481],[-84.55659,37.24456],[-84.55677,37.24422],[-84.55732,37.24395],[-84.55738,37.2436],[-84.55786,37.24353],[-84.55788,37.24313],[-84.55811,37.24285],[-84.55884,37.24248],[-84.55886,37.24238],[-84.55858,37.24207],[-84.55857,37.24111],[-84.55877,37.24078],[-84.55873,37.24001],[-84.55914,37.23928]],[[-84.55911,37.23914],[-84.5586,37.23934],[-84.55811,37.23931],[-84.55814,37.23964],[-84.55789,37.24005],[-84.55797,37.2406],[-84.55776,37.24137],[-84.55755,37.2418],[-84.55708,37.24223],[-84.55658,37.2424],[-84.55619,37.2424],[-84.55584,37.24229],[-84.55536,37.24187],[-84.55504,37.24188]],[[-84.55489,37.24201],[-84.5557,37.24336],[-84.55548,37.24352],[-84.55432,37.24387],[-84.55371,37.24421],[-84.55315,37.2442],[-84.55304,37.24393],[-84.55298,37.2431],[-84.55288,37.24296],[-84.55239,37.24273],[-84.55225,37.24351],[-84.55201,37.244],[-84.55166,37.24439],[-84.55109,37.24461],[-84.54971,37.24483],[-84.54914,37.2448],[-84.54899,37.24468],[-84.54905,37.24421],[-84.54852,37.24414],[-84.54794,37.24391],[-84.5477,37.24438],[-84.54739,37.24464],[-84.54693,37.2448],[-84.5463,37.24474],[-84.54573,37.24438],[-84.54557,37.24392],[-84.54524,37.24351],[-84.54493,37.24359],[-84.54451,37.24353],[-84.54367,37.24305],[-84.5429,37.2423],[-84.54261,37.24177],[-84.54264,37.24169],[-84.54283,37.24166],[-84.54366,37.2419],[-84.54336,37.24143],[-84.54338,37.24112],[-84.54313,37.24059],[-84.54321,37.24029],[-84.54451,37.24004],[-84.54549,37.24018],[-84.54582,37.24012]],[[-84.55077,37.2501],[-84.55038,37.24932],[-84.54971,37.24853],[-84.54968,37.24821],[-84.5499,37.24801],[-84.55111,37.24784],[-84.55114,37.24773],[-84.55095,37.2475],[-84.55008,37.24698],[-84.54997,37.24673],[-84.55003,37.2466],[-84.55088,37.24637],[-84.55224,37.24628],[-84.5526,37.24637],[-84.55284,37.24674],[-84.55344,37.24667],[-84.5543,37.24697],[-84.55458,37.2466]],[[-84.54841,37.2372],[-84.54781,37.23691],[-84.54713,37.23734],[-84.54662,37.23743],[-84.54621,37.23725],[-84.54604,37.23726],[-84.54551,37.23775],[-84.54497,37.23781],[-84.54454,37.23757],[-84.54444,37.23677],[-84.54428,37.23673],[-84.54373,37.2373],[-84.54332,37.23826],[-84.5431,37.23841],[-84.54278,37.23845],[-84.54254,37.23838],[-84.54233,37.23815],[-84.54223,37.23757],[-84.5417,37.23685],[-84.54169,37.23643]],[[-84.54601,37.24009],[-84.54476,37.23935],[-84.54465,37.23919],[-84.54468,37.23899],[-84.54574,37.23882],[-84.54614,37.23862],[-84.54648,37.23859],[-84.54662,37.2385],[-84.54666,37.23829],[-84.54705,37.23796],[-84.54831,37.23736],[-84.54836,37.23725]]]}},{"type":"Feature","properties":{"quad":"Bobtown","gq_number":"1102","source_pub":"Geologic map of the Bobtown quadrangle, Pulaski County, Kentucky | Richard Wheatley Lewis Jr., Alfred R. Taylor, and Gordon Whitney Weir | 1973, GQ-1102","source_url":"https://pubs.usgs.gov/publication/gq1102","original_line_symbol":"Mbm","polygon_pair_below_above":"Mbm|Msw","contact_style":"CONTACT","contact_comments":"Muldraugh Member, Borden Formation","meaning":"Muldraugh Member (Mbm) - carbonate/chert interval SW of the Nada belt (Bobtown GQ-1102); geodes here are a different horizon.","class_label":"NOT TARGET GEOLOGY","confidence":"Not used"},"geometry":{"type":"MultiLineString","coordinates":[[[-84.53267,37.24569],[-84.53292,37.24546],[-84.53305,37.24512],[-84.53341,37.24489],[-84.53363,37.24454],[-84.53352,37.24377],[-84.5341,37.24293],[-84.53406,37.24238],[-84.53389,37.24216],[-84.53357,37.2421],[-84.53256,37.24288],[-84.53181,37.24329],[-84.53145,37.24377],[-84.53098,37.24356],[-84.53064,37.24368],[-84.53009,37.24417],[-84.52954,37.24406],[-84.52979,37.24361],[-84.52979,37.24336],[-84.53102,37.24265],[-84.53168,37.24211],[-84.53188,37.24177],[-84.53179,37.24143],[-84.53157,37.24128],[-84.53103,37.24118],[-84.53112,37.24085],[-84.53105,37.24061],[-84.53058,37.24017],[-84.53006,37.23941],[-84.52968,37.2395],[-84.52897,37.24023],[-84.52892,37.24053],[-84.52924,37.24121],[-84.52923,37.24149],[-84.52898,37.24153],[-84.52843,37.24141],[-84.52796,37.24157],[-84.52754,37.2421],[-84.52694,37.24254],[-84.52679,37.24306],[-84.5268,37.24346],[-84.52638,37.24343],[-84.52541,37.2437]],[[-84.52658,37.23799],[-84.52714,37.23776],[-84.5271,37.23736],[-84.5264,37.23594],[-84.52595,37.23554],[-84.52516,37.23618],[-84.52501,37.23642],[-84.52524,37.23703],[-84.52517,37.23711],[-84.52483,37.23718],[-84.52427,37.2375],[-84.52352,37.23722],[-84.52281,37.23745],[-84.52271,37.23775],[-84.52298,37.2383],[-84.52274,37.23837],[-84.52209,37.23833],[-84.52176,37.23846],[-84.52206,37.23937],[-84.52191,37.23943],[-84.52151,37.23927],[-84.52092,37.23924],[-84.52078,37.23933],[-84.52048,37.24003],[-84.51937,37.24086],[-84.51933,37.24127],[-84.5197,37.24158],[-84.52045,37.24181],[-84.52064,37.24214],[-84.52042,37.24241],[-84.5204,37.24264]],[[-84.52534,37.24364],[-84.5256,37.24333],[-84.52558,37.2428],[-84.52541,37.24261],[-84.52498,37.24245],[-84.52499,37.24216],[-84.52478,37.24171],[-84.5254,37.24175],[-84.52607,37.24148],[-84.5263,37.24086],[-84.52593,37.24042],[-84.52586,37.24017],[-84.52675,37.23999],[-84.52703,37.23952],[-84.52792,37.23911],[-84.52807,37.23885],[-84.52797,37.23854],[-84.52772,37.23832],[-84.52642,37.23806]],[[-84.5202,37.2427],[-84.51985,37.24244],[-84.51934,37.24237],[-84.51847,37.24248],[-84.51853,37.24284],[-84.51913,37.24392],[-84.51953,37.24423],[-84.5197,37.2445],[-84.51969,37.24464],[-84.51949,37.24467],[-84.51911,37.24456],[-84.51793,37.24389],[-84.51772,37.24393],[-84.51712,37.24428],[-84.51674,37.24384],[-84.5159,37.2439],[-84.51581,37.24374],[-84.5159,37.24351],[-84.51652,37.24323],[-84.51683,37.24297],[-84.51673,37.24251],[-84.51638,37.24231],[-84.51593,37.2423],[-84.51546,37.24251],[-84.51493,37.24295],[-84.5147,37.24301],[-84.51452,37.24248],[-84.51389,37.24219],[-84.5132,37.24219],[-84.51288,37.24238],[-84.51251,37.24214],[-84.51168,37.2421],[-84.51177,37.2419],[-84.51221,37.24175],[-84.51232,37.24159],[-84.51206,37.241],[-84.51249,37.2411],[-84.51322,37.24104],[-84.51381,37.24128],[-84.51419,37.24127],[-84.51562,37.24075],[-84.51575,37.24062],[-84.51576,37.24038],[-84.51503,37.23972],[-84.51503,37.23938],[-84.51537,37.23931],[-84.51645,37.23974],[-84.51657,37.23961],[-84.5157,37.23897],[-84.51545,37.23863],[-84.51536,37.23829],[-84.51549,37.23826],[-84.51731,37.23863],[-84.51786,37.23856],[-84.51826,37.23829],[-84.51836,37.23805],[-84.51832,37.23759],[-84.51806,37.23721]],[[-84.5181,37.2372],[-84.51863,37.23715],[-84.51882,37.23695],[-84.51877,37.2367],[-84.51848,37.23636],[-84.51821,37.23621],[-84.51774,37.23611],[-84.51663,37.23613],[-84.5164,37.23593],[-84.5169,37.23575],[-84.51719,37.23519],[-84.51768,37.23518],[-84.51851,37.23499],[-84.51935,37.23558],[-84.51998,37.23572],[-84.52073,37.23569],[-84.52115,37.23547],[-84.5213,37.23518],[-84.52118,37.23466],[-84.52076,37.23399],[-84.52115,37.23372],[-84.5217,37.23366],[-84.52245,37.23421],[-84.52272,37.23429],[-84.5232,37.23421],[-84.52357,37.2339],[-84.5239,37.23302],[-84.52375,37.23241],[-84.52216,37.23055],[-84.52203,37.23061],[-84.52177,37.23108],[-84.52132,37.23142],[-84.52121,37.23135],[-84.52108,37.23068],[-84.52086,37.23053],[-84.52052,37.23055],[-84.52,37.23086],[-84.51917,37.23171],[-84.51856,37.23207],[-84.51821,37.23247],[-84.51804,37.23253],[-84.51788,37.23228]]]}},{"type":"Feature","properties":{"quad":"Bobtown","gq_number":"1102","source_pub":"Geologic map of the Bobtown quadrangle, Pulaski County, Kentucky | Richard Wheatley Lewis Jr., Alfred R. Taylor, and Gordon Whitney Weir | 1973, GQ-1102","source_url":"https://pubs.usgs.gov/publication/gq1102","original_line_symbol":"Mbm","polygon_pair_below_above":"Mbm|Msw","contact_style":"CONTACT","contact_comments":"Muldraugh Member, Borden Formation","meaning":"Muldraugh Member (Mbm) - carbonate/chert interval SW of the Nada belt (Bobtown GQ-1102); geodes here are a different horizon.","class_label":"NOT TARGET GEOLOGY","confidence":"Not used"},"geometry":{"type":"LineString","coordinates":[[-84.49995,37.23044],[-84.50029,37.23028],[-84.50055,37.22989],[-84.50024,37.22883],[-84.50031,37.2279],[-84.50021,37.22765],[-84.49995,37.2274]]}},{"type":"Feature","properties":{"quad":"Bobtown","gq_number":"1102","source_pub":"Geologic map of the Bobtown quadrangle, Pulaski County, Kentucky | Richard Wheatley Lewis Jr., Alfred R. Taylor, and Gordon Whitney Weir | 1973, GQ-1102","source_url":"https://pubs.usgs.gov/publication/gq1102","original_line_symbol":"Mbm","polygon_pair_below_above":"Mbm|Msw","contact_style":"CONTACT","contact_comments":"Muldraugh Member, Borden Formation","meaning":"Muldraugh Member (Mbm) - carbonate/chert interval SW of the Nada belt (Bobtown GQ-1102); geodes here are a different horizon.","class_label":"NOT TARGET GEOLOGY","confidence":"Not used"},"geometry":{"type":"MultiLineString","coordinates":[[[-84.54228,37.23356],[-84.54182,37.23302],[-84.54185,37.23244],[-84.54228,37.23228],[-84.54303,37.23234],[-84.54313,37.2322],[-84.54299,37.23195],[-84.54247,37.23176],[-84.54186,37.23138],[-84.5416,37.23084],[-84.54174,37.23062],[-84.54243,37.23062],[-84.54244,37.23049],[-84.54213,37.23012],[-84.54202,37.2298],[-84.54243,37.2294],[-84.54288,37.22925],[-84.5434,37.22939],[-84.54457,37.23038],[-84.5448,37.22993],[-84.54509,37.22978],[-84.54516,37.22948],[-84.54556,37.22925],[-84.54577,37.22926],[-84.54627,37.22976],[-84.54752,37.23012],[-84.54681,37.22901],[-84.54694,37.22863],[-84.54725,37.22856],[-84.54776,37.22924],[-84.54898,37.2299],[-84.54941,37.23072],[-84.54993,37.23116],[-84.54998,37.23095],[-84.54976,37.22998],[-84.54994,37.22954],[-84.54992,37.22929],[-84.54976,37.22919],[-84.54898,37.22905],[-84.54874,37.22876],[-84.54868,37.22821],[-84.54882,37.22716],[-84.5492,37.22714],[-84.54917,37.22686],[-84.54926,37.22668],[-84.54949,37.22659],[-84.54988,37.22659],[-84.55045,37.22706],[-84.55065,37.22749],[-84.55152,37.22798],[-84.55188,37.22844]],[[-84.54169,37.23643],[-84.54147,37.23622],[-84.54071,37.23594],[-84.53914,37.23474],[-84.53829,37.23424],[-84.53752,37.23416],[-84.53622,37.23422],[-84.53554,37.2341],[-84.53485,37.23384],[-84.53361,37.23289],[-84.53325,37.23241],[-84.53343,37.2323],[-84.53524,37.23226],[-84.53606,37.23268],[-84.53707,37.2329],[-84.53705,37.23201],[-84.53721,37.2318],[-84.53739,37.23173],[-84.53794,37.23171],[-84.5391,37.23213],[-84.5394,37.23169],[-84.53989,37.23145],[-84.54028,37.23157],[-84.54057,37.23186],[-84.54079,37.23293],[-84.54105,37.23357],[-84.5416,37.23353],[-84.54237,37.23369]]]}},{"type":"Feature","properties":{"quad":"Shopville","gq_number":"282","source_pub":"Geology of the Shopville quadrangle, Kentucky | Norman L. Hatch Jr. | 1964, GQ-282","source_url":"https://pubs.usgs.gov/publication/gq282","original_line_symbol":"Mbl","polygon_pair_below_above":"Mb|Mbr","contact_style":"CONTACT","contact_comments":"Lower part of Borden Formation","meaning":"Borden member symbol Mbl (Shopville, GQ-282, Hatch 1964) beneath Renfro; not equated with the Nada in the legend reviewed.","class_label":"AMBIGUOUS","confidence":"Not used"},"geometry":{"type":"MultiLineString","coordinates":[[[-84.49634,37.22818],[-84.49631,37.22788],[-84.49753,37.22732],[-84.49794,37.22687],[-84.49877,37.22641],[-84.49995,37.22547]],[[-84.49984,37.22678],[-84.49806,37.22758],[-84.49768,37.2279],[-84.49724,37.2279],[-84.49637,37.22831]],[[-84.49632,37.22832],[-84.4963,37.22828]]]}},{"type":"Feature","properties":{"quad":"Bobtown","gq_number":"1102","source_pub":"Geologic map of the Bobtown quadrangle, Pulaski County, Kentucky | Richard Wheatley Lewis Jr., Alfred R. Taylor, and Gordon Whitney Weir | 1973, GQ-1102","source_url":"https://pubs.usgs.gov/publication/gq1102","original_line_symbol":"Mbh","polygon_pair_below_above":"Mb|Mbr","contact_style":"CONTACT","contact_comments":"Halls Gap Member, Borden Formation","meaning":"Top of Halls Gap Member (Mbh) under Renfro; the Wildie (upper-Nada equivalent) is absent or unmapped here, so the target horizon may be missing or included in an adjacent unit.","class_label":"AMBIGUOUS","confidence":"Not used"},"geometry":{"type":"LineString","coordinates":[[-84.49995,37.22492],[-84.50011,37.22513],[-84.49995,37.22547]]}},{"type":"Feature","properties":{"quad":"Shopville","gq_number":"282","source_pub":"Geology of the Shopville quadrangle, Kentucky | Norman L. Hatch Jr. | 1964, GQ-282","source_url":"https://pubs.usgs.gov/publication/gq282","original_line_symbol":"Mbl","polygon_pair_below_above":"Mb|Mbr","contact_style":"CONTACT","contact_comments":"Lower part of Borden Formation","meaning":"Borden member symbol Mbl (Shopville, GQ-282, Hatch 1964) beneath Renfro; not equated with the Nada in the legend reviewed.","class_label":"AMBIGUOUS","confidence":"Not used"},"geometry":{"type":"LineString","coordinates":[[-84.49995,37.22492],[-84.49861,37.22479],[-84.4971,37.22489],[-84.49567,37.22481],[-84.49515,37.22469]]}},{"type":"Feature","properties":{"quad":"Bobtown","gq_number":"1102","source_pub":"Geologic map of the Bobtown quadrangle, Pulaski County, Kentucky | Richard Wheatley Lewis Jr., Alfred R. Taylor, and Gordon Whitney Weir | 1973, GQ-1102","source_url":"https://pubs.usgs.gov/publication/gq1102","original_line_symbol":"Mbm","polygon_pair_below_above":"Mbm|Msw","contact_style":"CONTACT","contact_comments":"Muldraugh Member, Borden Formation","meaning":"Muldraugh Member (Mbm) - carbonate/chert interval SW of the Nada belt (Bobtown GQ-1102); geodes here are a different horizon.","class_label":"NOT TARGET GEOLOGY","confidence":"Not used"},"geometry":{"type":"MultiLineString","coordinates":[[[-84.50334,37.22442],[-84.50331,37.22452],[-84.50285,37.22464],[-84.50274,37.22476],[-84.50277,37.22531],[-84.50294,37.22581],[-84.50328,37.22628],[-84.50426,37.22662],[-84.50452,37.22693],[-84.50459,37.22723],[-84.50436,37.22815],[-84.50358,37.22776],[-84.50331,37.22774],[-84.50304,37.22783],[-84.50288,37.22808],[-84.50285,37.2285],[-84.50297,37.22895],[-84.5029,37.22969],[-84.50327,37.23036],[-84.50342,37.23119],[-84.50329,37.23138],[-84.5033,37.23167],[-84.50348,37.23232],[-84.50333,37.23278],[-84.50364,37.2331],[-84.50426,37.23334],[-84.5049,37.23372],[-84.50538,37.23386],[-84.50544,37.23396],[-84.5054,37.23406],[-84.50488,37.23423],[-84.50417,37.23389],[-84.50348,37.23402],[-84.50286,37.234],[-84.50261,37.2341],[-84.50217,37.23453],[-84.50212,37.23507],[-84.50229,37.23561]],[[-84.50214,37.23565],[-84.50179,37.23525],[-84.50146,37.23512],[-84.50115,37.2351],[-84.50063,37.23525]],[[-84.50138,37.23275],[-84.50179,37.23253],[-84.5019,37.23227],[-84.50185,37.23188],[-84.50158,37.23138],[-84.50116,37.23124],[-84.49995,37.23148]],[[-84.50069,37.23507],[-84.50127,37.23462],[-84.50163,37.23405],[-84.50192,37.23332],[-84.50184,37.23304],[-84.50127,37.23284]]]}},{"type":"Feature","properties":{"quad":"Shopville","gq_number":"282","source_pub":"Geology of the Shopville quadrangle, Kentucky | Norman L. Hatch Jr. | 1964, GQ-282","source_url":"https://pubs.usgs.gov/publication/gq282","original_line_symbol":"Mbl","polygon_pair_below_above":"Mb|Mbr","contact_style":"CONTACT","contact_comments":"Lower part of Borden Formation","meaning":"Borden member symbol Mbl (Shopville, GQ-282, Hatch 1964) beneath Renfro; not equated with the Nada in the legend reviewed.","class_label":"AMBIGUOUS","confidence":"Not used"},"geometry":{"type":"MultiLineString","coordinates":[[[-84.46441,37.22445],[-84.46491,37.22505],[-84.46523,37.22586],[-84.46484,37.22591],[-84.46382,37.22562],[-84.46323,37.22567],[-84.46248,37.22601],[-84.46114,37.22683]],[[-84.46036,37.22678],[-84.46004,37.22668]]]}},{"type":"Feature","properties":{"quad":"Shopville","gq_number":"282","source_pub":"Geology of the Shopville quadrangle, Kentucky | Norman L. Hatch Jr. | 1964, GQ-282","source_url":"https://pubs.usgs.gov/publication/gq282","original_line_symbol":"Mbl","polygon_pair_below_above":"Mb|Mbr","contact_style":"CONTACT","contact_comments":"Lower part of Borden Formation","meaning":"Borden member symbol Mbl (Shopville, GQ-282, Hatch 1964) beneath Renfro; not equated with the Nada in the legend reviewed.","class_label":"AMBIGUOUS","confidence":"Not used"},"geometry":{"type":"MultiLineString","coordinates":[[[-84.49321,37.24597],[-84.49214,37.24567],[-84.49014,37.2442],[-84.48941,37.244],[-84.48913,37.24401],[-84.48898,37.24407],[-84.48888,37.24425],[-84.48925,37.24489],[-84.48935,37.2454]],[[-84.48274,37.23752],[-84.48187,37.23724],[-84.48137,37.23726],[-84.48077,37.23756],[-84.48058,37.23791],[-84.48072,37.2381],[-84.48143,37.23854],[-84.48154,37.23888],[-84.48176,37.23914],[-84.48327,37.24014],[-84.48427,37.24098],[-84.48499,37.24111],[-84.48624,37.24104],[-84.48683,37.24092],[-84.48709,37.2407],[-84.48755,37.2409],[-84.48876,37.24078],[-84.48941,37.24095],[-84.48906,37.24111],[-84.48774,37.24122],[-84.48702,37.24142],[-84.48672,37.24171],[-84.48637,37.2418],[-84.48636,37.242],[-84.48723,37.24307],[-84.4876,37.24335],[-84.48822,37.24351],[-84.48972,37.24335],[-84.49057,37.2436],[-84.49171,37.2445],[-84.49255,37.24551],[-84.4932,37.24579]],[[-84.48923,37.24541],[-84.48868,37.24504],[-84.48802,37.2443],[-84.4872,37.244],[-84.48527,37.24232],[-84.48469,37.24211],[-84.4839,37.24225],[-84.48377,37.24268],[-84.48395,37.24398],[-84.48358,37.24536],[-84.48385,37.24559],[-84.48384,37.24571],[-84.48322,37.24679],[-84.48314,37.24725],[-84.48224,37.24905],[-84.48235,37.24953],[-84.48298,37.24998],[-84.48302,37.25009]],[[-84.4839,37.23021],[-84.48357,37.23053],[-84.48355,37.23087],[-84.48453,37.23133],[-84.48449,37.23143],[-84.48331,37.23121],[-84.48286,37.23121],[-84.48169,37.23174],[-84.48062,37.23198],[-84.48005,37.23229],[-84.47949,37.23226],[-84.4788,37.2324],[-84.4787,37.23245],[-84.47856,37.23302],[-84.47867,37.23399],[-84.47901,37.23464],[-84.47934,37.23494],[-84.47924,37.23547],[-84.47941,37.23611],[-84.47936,37.23674],[-84.47954,37.23712],[-84.47993,37.23722],[-84.48102,37.23693],[-84.48192,37.23692],[-84.4823,37.23724],[-84.48271,37.23739]],[[-84.48057,37.22388],[-84.47975,37.22436],[-84.47923,37.22499],[-84.47925,37.22543],[-84.47953,37.22611],[-84.47933,37.22611],[-84.47872,37.22581],[-84.47831,37.22576],[-84.47801,37.22597],[-84.47746,37.2267],[-84.47743,37.22706],[-84.47783,37.22845],[-84.47852,37.22884],[-84.47831,37.22894],[-84.47745,37.22904],[-84.47716,37.2292],[-84.47683,37.2296],[-84.47694,37.22999],[-84.47753,37.23058],[-84.47872,37.2312],[-84.47905,37.23158],[-84.47932,37.23168],[-84.48152,37.23132],[-84.48217,37.23082],[-84.48259,37.23085],[-84.48301,37.23076],[-84.48378,37.2301]]]}},{"type":"Feature","properties":{"quad":"Bobtown","gq_number":"1102","source_pub":"Geologic map of the Bobtown quadrangle, Pulaski County, Kentucky | Richard Wheatley Lewis Jr., Alfred R. Taylor, and Gordon Whitney Weir | 1973, GQ-1102","source_url":"https://pubs.usgs.gov/publication/gq1102","original_line_symbol":"Mbm","polygon_pair_below_above":"Mbm|Msw","contact_style":"CONTACT","contact_comments":"Muldraugh Member, Borden Formation","meaning":"Muldraugh Member (Mbm) - carbonate/chert interval SW of the Nada belt (Bobtown GQ-1102); geodes here are a different horizon.","class_label":"NOT TARGET GEOLOGY","confidence":"Not used"},"geometry":{"type":"LineString","coordinates":[[-84.51788,37.23228],[-84.51612,37.23221],[-84.51629,37.23202],[-84.51784,37.23129],[-84.51818,37.23103],[-84.5193,37.22938],[-84.51927,37.22918],[-84.51902,37.22907],[-84.51871,37.22911],[-84.51823,37.22946],[-84.51756,37.23049],[-84.51695,37.23115],[-84.51663,37.2314],[-84.51602,37.23162],[-84.51471,37.23184],[-84.51251,37.23169],[-84.51148,37.23256],[-84.51068,37.23294],[-84.5103,37.23278],[-84.51068,37.23178],[-84.51029,37.23135],[-84.51001,37.23134],[-84.50917,37.23173],[-84.50793,37.23168],[-84.50724,37.2323],[-84.50674,37.23226],[-84.50665,37.23219],[-84.50675,37.23146],[-84.50643,37.23056],[-84.50701,37.23039],[-84.50714,37.23018],[-84.50711,37.22993],[-84.50684,37.22923],[-84.50647,37.22884],[-84.50638,37.22843],[-84.50649,37.22821],[-84.50594,37.22676],[-84.50564,37.22626],[-84.50521,37.22599],[-84.50527,37.22559],[-84.50501,37.22512],[-84.50464,37.22484],[-84.50386,37.22329],[-84.50361,37.22307],[-84.50286,37.223],[-84.50267,37.22313],[-84.50276,37.22343],[-84.50312,37.22383],[-84.50334,37.22442]]}},{"type":"Feature","properties":{"quad":"Bobtown","gq_number":"1102","source_pub":"Geologic map of the Bobtown quadrangle, Pulaski County, Kentucky | Richard Wheatley Lewis Jr., Alfred R. Taylor, and Gordon Whitney Weir | 1973, GQ-1102","source_url":"https://pubs.usgs.gov/publication/gq1102","original_line_symbol":"Mbh","polygon_pair_below_above":"Mb|Mbrl","contact_style":"CONTACT","contact_comments":"Halls Gap Member, Borden Formation","meaning":"Top of Halls Gap Member (Mbh) under Renfro; the Wildie (upper-Nada equivalent) is absent or unmapped here, so the target horizon may be missing or included in an adjacent unit.","class_label":"AMBIGUOUS","confidence":"Not used"},"geometry":{"type":"LineString","coordinates":[[-84.53146,37.24995],[-84.53162,37.2501]]}},{"type":"Feature","properties":{"quad":"Bobtown","gq_number":"1102","source_pub":"Geologic map of the Bobtown quadrangle, Pulaski County, Kentucky | Richard Wheatley Lewis Jr., Alfred R. Taylor, and Gordon Whitney Weir | 1973, GQ-1102","source_url":"https://pubs.usgs.gov/publication/gq1102","original_line_symbol":"Mbm","polygon_pair_below_above":"Mbm|Msw","contact_style":"CONTACT","contact_comments":"Muldraugh Member, Borden Formation","meaning":"Muldraugh Member (Mbm) - carbonate/chert interval SW of the Nada belt (Bobtown GQ-1102); geodes here are a different horizon.","class_label":"NOT TARGET GEOLOGY","confidence":"Not used"},"geometry":{"type":"MultiLineString","coordinates":[[[-84.56668,37.21974],[-84.56598,37.21975],[-84.56512,37.21965],[-84.56437,37.21938],[-84.56396,37.21912],[-84.56362,37.21852]],[[-84.56163,37.22015],[-84.56159,37.21992],[-84.56185,37.21972],[-84.56292,37.21968],[-84.56354,37.21954],[-84.56435,37.21956],[-84.56543,37.21991],[-84.5663,37.21993],[-84.56664,37.21986]],[[-84.56345,37.21838],[-84.56337,37.21883],[-84.56298,37.2191],[-84.56203,37.21928],[-84.56106,37.21931],[-84.56024,37.21945],[-84.55966,37.21932]],[[-84.55527,37.22519],[-84.55374,37.22378],[-84.55371,37.22338],[-84.55398,37.22303],[-84.55426,37.2229],[-84.55502,37.22276],[-84.55496,37.22251],[-84.55505,37.22239],[-84.55751,37.2218],[-84.55842,37.22145],[-84.55872,37.22148],[-84.559,37.22164],[-84.55908,37.22143],[-84.55889,37.22115],[-84.55892,37.22101],[-84.5597,37.22075],[-84.56025,37.22025],[-84.56079,37.22],[-84.56148,37.2202]],[[-84.55963,37.21946],[-84.55946,37.21967],[-84.5586,37.22017],[-84.55791,37.22041],[-84.55738,37.22038],[-84.55727,37.22058],[-84.55692,37.22079],[-84.55621,37.22098],[-84.55521,37.22111],[-84.55416,37.22064],[-84.55392,37.22143],[-84.55256,37.22238],[-84.55206,37.22309],[-84.55138,37.22344],[-84.55121,37.22342],[-84.55106,37.22319],[-84.5506,37.22188]],[[-84.55188,37.22844],[-84.5521,37.22871],[-84.55322,37.22861],[-84.55306,37.22831],[-84.55209,37.22767],[-84.55146,37.22668],[-84.5515,37.22647],[-84.5517,37.22632],[-84.55232,37.2263],[-84.55281,37.22642],[-84.55296,37.22641],[-84.55292,37.22631],[-84.55259,37.22609],[-84.55159,37.22588],[-84.55146,37.22569],[-84.55159,37.22545],[-84.55215,37.22516],[-84.55293,37.2246],[-84.55338,37.22449],[-84.55369,37.22456],[-84.55455,37.22509],[-84.55534,37.2254]],[[-84.55052,37.22193],[-84.55034,37.22197],[-84.55009,37.22362],[-84.54981,37.22403],[-84.54876,37.22418],[-84.54827,37.22414],[-84.54792,37.22467],[-84.54765,37.22477],[-84.54682,37.22544],[-84.54617,37.22573],[-84.54597,37.22574],[-84.54587,37.22565],[-84.54566,37.22492]],[[-84.54553,37.22496],[-84.54463,37.22553],[-84.54341,37.22574],[-84.54241,37.22643],[-84.5421,37.22646],[-84.54202,37.22637],[-84.54267,37.2251],[-84.54265,37.22403],[-84.54297,37.22253],[-84.5434,37.2219],[-84.54343,37.22108],[-84.54362,37.22056],[-84.54387,37.22032],[-84.5439,37.21974]]]}},{"type":"Feature","properties":{"quad":"Shopville","gq_number":"282","source_pub":"Geology of the Shopville quadrangle, Kentucky | Norman L. Hatch Jr. | 1964, GQ-282","source_url":"https://pubs.usgs.gov/publication/gq282","original_line_symbol":"Mbl","polygon_pair_below_above":"Mb|Mbr","contact_style":"CONTACT","contact_comments":"Lower part of Borden Formation","meaning":"Borden member symbol Mbl (Shopville, GQ-282, Hatch 1964) beneath Renfro; not equated with the Nada in the legend reviewed.","class_label":"AMBIGUOUS","confidence":"Not used"},"geometry":{"type":"MultiLineString","coordinates":[[[-84.48159,37.2501],[-84.48123,37.24962],[-84.48085,37.24862],[-84.48042,37.24825],[-84.48156,37.24665],[-84.48166,37.24616],[-84.48146,37.24591],[-84.48144,37.24561],[-84.48129,37.24547],[-84.48062,37.24519]],[[-84.48059,37.24509],[-84.48183,37.24522],[-84.48214,37.24504],[-84.48231,37.24408],[-84.48225,37.24243],[-84.48204,37.24221],[-84.48189,37.24176],[-84.48153,37.24121],[-84.48126,37.241],[-84.48086,37.24086],[-84.4807,37.24049],[-84.48007,37.24002],[-84.47959,37.23924],[-84.47876,37.23836],[-84.47847,37.2383],[-84.47763,37.23868],[-84.47728,37.2387]],[[-84.48053,37.24516],[-84.48052,37.2451]],[[-84.47733,37.23863],[-84.47785,37.23796],[-84.47786,37.23756],[-84.4776,37.23633],[-84.4772,37.23598],[-84.4769,37.23498],[-84.4769,37.23462],[-84.47667,37.23452],[-84.47511,37.23491]],[[-84.47598,37.22506],[-84.47621,37.22477],[-84.47747,37.22374],[-84.47774,37.2234],[-84.47747,37.22199],[-84.47767,37.22087],[-84.47762,37.22046],[-84.47772,37.21984],[-84.47729,37.21935],[-84.4758,37.21845],[-84.47491,37.21762],[-84.47445,37.21757],[-84.47358,37.21794],[-84.47303,37.2183],[-84.47193,37.21858],[-84.47155,37.21857],[-84.47053,37.21811],[-84.47002,37.21808],[-84.46987,37.21818],[-84.46961,37.21862],[-84.46943,37.21942],[-84.4691,37.21958],[-84.46882,37.21991],[-84.46898,37.22043],[-84.46862,37.22049],[-84.46844,37.22083],[-84.46846,37.22108],[-84.469,37.22153]],[[-84.4755,37.2282],[-84.47598,37.22782],[-84.476,37.22766],[-84.47486,37.22645],[-84.47575,37.22534]],[[-84.47503,37.2348],[-84.47691,37.23391],[-84.47702,37.23361],[-84.47705,37.23272],[-84.47697,37.23207],[-84.47671,37.2315],[-84.47611,37.23124],[-84.47581,37.23041],[-84.47494,37.2297]],[[-84.47495,37.23492],[-84.4749,37.23487]],[[-84.46902,37.22158],[-84.46808,37.22145],[-84.46785,37.22152],[-84.46766,37.22264],[-84.46789,37.22309],[-84.46847,37.22379],[-84.46952,37.22463],[-84.47025,37.22544],[-84.47047,37.22611],[-84.47053,37.22679],[-84.47028,37.2275],[-84.46972,37.228],[-84.46827,37.22822],[-84.46782,37.22816],[-84.46656,37.22776],[-84.46589,37.22644],[-84.46549,37.22621],[-84.46535,37.22623],[-84.46525,37.22636]],[[-84.4653,37.22653],[-84.46586,37.22841],[-84.46653,37.22949],[-84.46688,37.22978],[-84.46696,37.23181],[-84.4671,37.23259],[-84.46692,37.23353],[-84.46744,37.23469],[-84.46786,37.236],[-84.46755,37.23645],[-84.4669,37.23802],[-84.46659,37.2381],[-84.46599,37.2385],[-84.46539,37.23905],[-84.46522,37.23955],[-84.46541,37.24005],[-84.46523,37.2401],[-84.46461,37.23959],[-84.46439,37.23957],[-84.46293,37.24078],[-84.46217,37.24133],[-84.46142,37.2417],[-84.46131,37.24185],[-84.46179,37.24261],[-84.46237,37.24286],[-84.4631,37.24385],[-84.4638,37.24435]],[[-84.4637,37.24445],[-84.46322,37.24423],[-84.46285,37.24418],[-84.46203,37.24336],[-84.46107,37.24296],[-84.46063,37.2424],[-84.4602,37.24209],[-84.45992,37.24202],[-84.45832,37.24273],[-84.45788,37.24306],[-84.45657,37.24367],[-84.4547,37.24407],[-84.45517,37.24427],[-84.45715,37.24472],[-84.4579,37.245],[-84.45945,37.24646],[-84.45991,37.24707],[-84.46017,37.24753],[-84.46019,37.24806],[-84.46032,37.2482],[-84.46173,37.24875],[-84.4625,37.24914],[-84.46277,37.24962],[-84.4632,37.24991],[-84.46325,37.2501]]]}},{"type":"Feature","properties":{"quad":"Bobtown","gq_number":"1102","source_pub":"Geologic map of the Bobtown quadrangle, Pulaski County, Kentucky | Richard Wheatley Lewis Jr., Alfred R. Taylor, and Gordon Whitney Weir | 1973, GQ-1102","source_url":"https://pubs.usgs.gov/publication/gq1102","original_line_symbol":"Mbm","polygon_pair_below_above":"Mbm|Msw","contact_style":"CONTACT","contact_comments":"Muldraugh Member, Borden Formation","meaning":"Muldraugh Member (Mbm) - carbonate/chert interval SW of the Nada belt (Bobtown GQ-1102); geodes here are a different horizon.","class_label":"NOT TARGET GEOLOGY","confidence":"Not used"},"geometry":{"type":"MultiLineString","coordinates":[[[-84.54384,37.21959],[-84.54298,37.22059],[-84.5427,37.22071],[-84.54244,37.2207],[-84.54251,37.22137],[-84.54217,37.22192],[-84.54182,37.22211],[-84.54087,37.22216],[-84.54114,37.22263],[-84.54125,37.22334],[-84.54103,37.22419],[-84.54061,37.22478],[-84.53989,37.22507],[-84.53888,37.22489],[-84.53859,37.22502]],[[-84.53859,37.22509],[-84.53877,37.22529],[-84.53884,37.22559],[-84.53959,37.22635],[-84.53984,37.22681],[-84.53975,37.22747],[-84.53951,37.22774],[-84.53877,37.2282],[-84.53808,37.22838],[-84.53739,37.22837],[-84.53671,37.2282],[-84.53648,37.22875],[-84.53623,37.22897],[-84.53555,37.22895],[-84.53504,37.22918],[-84.53422,37.22922],[-84.5336,37.22904],[-84.53336,37.2288],[-84.53388,37.22811],[-84.53434,37.22725],[-84.53417,37.22692],[-84.53426,37.22639],[-84.534,37.22576],[-84.53347,37.22588],[-84.53307,37.22675],[-84.53242,37.22739],[-84.53203,37.22755],[-84.53165,37.22759],[-84.53079,37.22739],[-84.53056,37.22769],[-84.53016,37.22787],[-84.5299,37.22779],[-84.52898,37.22706],[-84.52853,37.22654],[-84.52838,37.2262],[-84.52856,37.2259],[-84.52979,37.22494]],[[-84.5325,37.22103],[-84.53186,37.22106],[-84.53109,37.22095],[-84.53083,37.22077],[-84.53078,37.22062],[-84.53088,37.22022],[-84.53117,37.21996],[-84.53112,37.21944],[-84.53128,37.21903],[-84.53159,37.21881],[-84.5319,37.21879],[-84.53207,37.21846],[-84.53233,37.21829],[-84.53167,37.21802],[-84.53149,37.21759],[-84.5318,37.21683],[-84.53203,37.21665],[-84.53239,37.21657],[-84.53226,37.21616]],[[-84.52969,37.22492],[-84.52884,37.2247],[-84.52836,37.22444],[-84.5281,37.22416],[-84.52793,37.22391],[-84.52784,37.22341],[-84.52802,37.22295],[-84.52931,37.22227],[-84.52982,37.22191],[-84.53017,37.22189],[-84.53071,37.22224],[-84.5312,37.22204],[-84.5316,37.22216],[-84.53226,37.22217],[-84.53202,37.22149],[-84.53212,37.22132],[-84.53248,37.22113]],[[-84.53242,37.21604],[-84.53239,37.216]],[[-84.53229,37.21601],[-84.53173,37.2161],[-84.53134,37.2157]],[[-84.53124,37.21582],[-84.53119,37.21623]]]}},{"type":"Feature","properties":{"quad":"Shopville","gq_number":"282","source_pub":"Geology of the Shopville quadrangle, Kentucky | Norman L. Hatch Jr. | 1964, GQ-282","source_url":"https://pubs.usgs.gov/publication/gq282","original_line_symbol":"Mbl","polygon_pair_below_above":"Mb|Mbr","contact_style":"CONTACT","contact_comments":"Lower part of Borden Formation","meaning":"Borden member symbol Mbl (Shopville, GQ-282, Hatch 1964) beneath Renfro; not equated with the Nada in the legend reviewed.","class_label":"AMBIGUOUS","confidence":"Not used"},"geometry":{"type":"LineString","coordinates":[[-84.49995,37.21509],[-84.49968,37.21545],[-84.49916,37.2156],[-84.49883,37.2156],[-84.49847,37.21535],[-84.49844,37.21487],[-84.49856,37.21457],[-84.49881,37.21446],[-84.49882,37.21395],[-84.4998,37.21278]]}},{"type":"Feature","properties":{"quad":"Bobtown","gq_number":"1102","source_pub":"Geologic map of the Bobtown quadrangle, Pulaski County, Kentucky | Richard Wheatley Lewis Jr., Alfred R. Taylor, and Gordon Whitney Weir | 1973, GQ-1102","source_url":"https://pubs.usgs.gov/publication/gq1102","original_line_symbol":"Mbh","polygon_pair_below_above":"Mb|Mbr","contact_style":"CONTACT","contact_comments":"Halls Gap Member, Borden Formation","meaning":"Top of Halls Gap Member (Mbh) under Renfro; the Wildie (upper-Nada equivalent) is absent or unmapped here, so the target horizon may be missing or included in an adjacent unit.","class_label":"AMBIGUOUS","confidence":"Not used"},"geometry":{"type":"LineString","coordinates":[[-84.49995,37.2122],[-84.50006,37.21204]]}},{"type":"Feature","properties":{"quad":"Bobtown","gq_number":"1102","source_pub":"Geologic map of the Bobtown quadrangle, Pulaski County, Kentucky | Richard Wheatley Lewis Jr., Alfred R. Taylor, and Gordon Whitney Weir | 1973, GQ-1102","source_url":"https://pubs.usgs.gov/publication/gq1102","original_line_symbol":"Mbh","polygon_pair_below_above":"Mb|Msw","contact_style":"CONTACT","contact_comments":"Halls Gap Member, Borden Formation","meaning":"Top of Halls Gap Member (Mbh) under Renfro; the Wildie (upper-Nada equivalent) is absent or unmapped here, so the target horizon may be missing or included in an adjacent unit.","class_label":"AMBIGUOUS","confidence":"Not used"},"geometry":{"type":"MultiLineString","coordinates":[[[-84.50428,37.21225],[-84.50371,37.21257]],[[-84.50318,37.21289],[-84.50258,37.21327]],[[-84.50167,37.21392],[-84.5011,37.21429]]]}},{"type":"Feature","properties":{"quad":"Bobtown","gq_number":"1102","source_pub":"Geologic map of the Bobtown quadrangle, Pulaski County, Kentucky | Richard Wheatley Lewis Jr., Alfred R. Taylor, and Gordon Whitney Weir | 1973, GQ-1102","source_url":"https://pubs.usgs.gov/publication/gq1102","original_line_symbol":"Mbm","polygon_pair_below_above":"Mbm|Msw","contact_style":"CONTACT","contact_comments":"Muldraugh Member, Borden Formation","meaning":"Muldraugh Member (Mbm) - carbonate/chert interval SW of the Nada belt (Bobtown GQ-1102); geodes here are a different horizon.","class_label":"NOT TARGET GEOLOGY","confidence":"Not used"},"geometry":{"type":"MultiLineString","coordinates":[[[-84.53119,37.21623],[-84.53083,37.21663],[-84.53046,37.21673],[-84.52996,37.21669],[-84.52998,37.21683],[-84.53034,37.21722],[-84.53044,37.21775],[-84.52993,37.21887],[-84.52984,37.21938],[-84.52953,37.21987],[-84.52886,37.22038],[-84.52774,37.22081],[-84.52737,37.22077],[-84.52717,37.22067],[-84.527,37.22051],[-84.52688,37.22017],[-84.52719,37.21935],[-84.52698,37.21893],[-84.52692,37.21854],[-84.5274,37.21759],[-84.52722,37.21759],[-84.5264,37.21793],[-84.52592,37.21765]],[[-84.52586,37.21776],[-84.52599,37.21833],[-84.52572,37.21888],[-84.52484,37.21898],[-84.52513,37.21944],[-84.52518,37.21972],[-84.52505,37.22056],[-84.5247,37.22094],[-84.52376,37.22087],[-84.52276,37.22111],[-84.52234,37.22108],[-84.52193,37.22093],[-84.52126,37.2205],[-84.52076,37.22105],[-84.51936,37.22112],[-84.51691,37.22177],[-84.51675,37.22173],[-84.51677,37.22144],[-84.51666,37.22122],[-84.51549,37.22109],[-84.5147,37.22068],[-84.51432,37.22014],[-84.51443,37.21991],[-84.51515,37.21952],[-84.51605,37.21924],[-84.51631,37.21885],[-84.51664,37.21872],[-84.51652,37.21851],[-84.51606,37.21833],[-84.51578,37.21809],[-84.51563,37.21781],[-84.51567,37.21768],[-84.51632,37.21741],[-84.51657,37.21716],[-84.51688,37.2171],[-84.51819,37.21756],[-84.51889,37.21772],[-84.5191,37.21767],[-84.51907,37.21751],[-84.51832,37.21662],[-84.51816,37.21628],[-84.51845,37.216],[-84.51834,37.21538],[-84.51868,37.21479],[-84.51913,37.21457],[-84.51951,37.21456],[-84.52039,37.21493],[-84.52068,37.21495],[-84.52075,37.21466],[-84.52113,37.21458],[-84.52182,37.21495],[-84.52249,37.21504],[-84.52269,37.21519]],[[-84.52585,37.21762],[-84.52582,37.21763]],[[-84.52548,37.20788],[-84.52545,37.20785]],[[-84.52287,37.21517],[-84.52344,37.21486],[-84.52182,37.21376],[-84.5217,37.2134],[-84.52194,37.21291],[-84.52297,37.21254],[-84.52344,37.21168],[-84.52408,37.21116],[-84.52463,37.21114],[-84.52517,37.2113],[-84.52613,37.21128],[-84.52579,37.21091],[-84.52513,37.21064],[-84.52471,37.21034],[-84.52472,37.20998],[-84.52511,37.20964],[-84.52507,37.20884],[-84.52534,37.20809]],[[-84.52506,37.20812],[-84.52375,37.20985],[-84.52286,37.21064],[-84.52233,37.21089],[-84.52162,37.21066],[-84.52159,37.211],[-84.52146,37.21116],[-84.52127,37.21121],[-84.5209,37.21113],[-84.52092,37.21156],[-84.52082,37.21184],[-84.52041,37.21213],[-84.51976,37.21241],[-84.5182,37.21267],[-84.51804,37.21254],[-84.51811,37.21204],[-84.51804,37.21149],[-84.51793,37.21129],[-84.51738,37.21091]],[[-84.51735,37.21097],[-84.51723,37.21165],[-84.51699,37.21206],[-84.51632,37.21255],[-84.51561,37.2129],[-84.51484,37.21295],[-84.5141,37.21267],[-84.51327,37.21209],[-84.51318,37.21214],[-84.51298,37.21353],[-84.51309,37.21376],[-84.5136,37.21417],[-84.51368,37.21435],[-84.51356,37.215],[-84.51338,37.21525],[-84.5132,37.21533],[-84.51287,37.21537],[-84.51181,37.21515],[-84.5111,37.21483],[-84.51071,37.21451],[-84.50997,37.213],[-84.50946,37.21229],[-84.50859,37.2117],[-84.50701,37.21135],[-84.50632,37.21135],[-84.50458,37.21192],[-84.50216,37.21334],[-84.50129,37.21403],[-84.50062,37.21438],[-84.50046,37.21437],[-84.50037,37.2142],[-84.5008,37.21355],[-84.50177,37.21287],[-84.5021,37.21187],[-84.50282,37.21176],[-84.5034,37.21155],[-84.50337,37.21141],[-84.50273,37.21126],[-84.50257,37.21114],[-84.50238,37.21087],[-84.50233,37.2104],[-84.50244,37.21006],[-84.5027,37.20999],[-84.50274,37.20976],[-84.50294,37.20958],[-84.50378,37.20928]],[[-84.50354,37.20919],[-84.50247,37.2094],[-84.5021,37.20942],[-84.50194,37.20934]],[[-84.50195,37.20937],[-84.50168,37.20984],[-84.50055,37.21061],[-84.50029,37.2111],[-84.49995,37.21118]]]}},{"type":"Feature","properties":{"quad":"Bobtown","gq_number":"1102","source_pub":"Geologic map of the Bobtown quadrangle, Pulaski County, Kentucky | Richard Wheatley Lewis Jr., Alfred R. Taylor, and Gordon Whitney Weir | 1973, GQ-1102","source_url":"https://pubs.usgs.gov/publication/gq1102","original_line_symbol":"Mbm","polygon_pair_below_above":"Mbm|Msw","contact_style":"CONTACT","contact_comments":"Muldraugh Member, Borden Formation","meaning":"Muldraugh Member (Mbm) - carbonate/chert interval SW of the Nada belt (Bobtown GQ-1102); geodes here are a different horizon.","class_label":"NOT TARGET GEOLOGY","confidence":"Not used"},"geometry":{"type":"MultiLineString","coordinates":[[[-84.50155,37.2046],[-84.50183,37.20451]],[[-84.50172,37.20445],[-84.50158,37.20442]],[[-84.50116,37.2041],[-84.50094,37.20382],[-84.50084,37.20346],[-84.50057,37.20323],[-84.5005,37.20304],[-84.49995,37.20299]],[[-84.49995,37.20373],[-84.501,37.20416]]]}},{"type":"Feature","properties":{"quad":"Bobtown","gq_number":"1102","source_pub":"Geologic map of the Bobtown quadrangle, Pulaski County, Kentucky | Richard Wheatley Lewis Jr., Alfred R. Taylor, and Gordon Whitney Weir | 1973, GQ-1102","source_url":"https://pubs.usgs.gov/publication/gq1102","original_line_symbol":"Mbm","polygon_pair_below_above":"Mbm|Msw","contact_style":"CONTACT","contact_comments":"Muldraugh Member, Borden Formation","meaning":"Muldraugh Member (Mbm) - carbonate/chert interval SW of the Nada belt (Bobtown GQ-1102); geodes here are a different horizon.","class_label":"NOT TARGET GEOLOGY","confidence":"Not used"},"geometry":{"type":"LineString","coordinates":[[-84.49995,37.19925],[-84.50059,37.19931],[-84.50068,37.19961],[-84.501,37.19974],[-84.5022,37.19988],[-84.50302,37.19981],[-84.50305,37.19988],[-84.5029,37.20018],[-84.50255,37.20032],[-84.50202,37.20036],[-84.50167,37.20047],[-84.49995,37.20057]]}},{"type":"Feature","properties":{"quad":"Bobtown","gq_number":"1102","source_pub":"Geologic map of the Bobtown quadrangle, Pulaski County, Kentucky | Richard Wheatley Lewis Jr., Alfred R. Taylor, and Gordon Whitney Weir | 1973, GQ-1102","source_url":"https://pubs.usgs.gov/publication/gq1102","original_line_symbol":"Mbm","polygon_pair_below_above":"Mbm|Msw","contact_style":"CONTACT","contact_comments":"Muldraugh Member, Borden Formation","meaning":"Muldraugh Member (Mbm) - carbonate/chert interval SW of the Nada belt (Bobtown GQ-1102); geodes here are a different horizon.","class_label":"NOT TARGET GEOLOGY","confidence":"Not used"},"geometry":{"type":"MultiLineString","coordinates":[[[-84.60261,37.21706],[-84.60296,37.21644],[-84.60314,37.21632],[-84.60359,37.21626]],[[-84.59256,37.21309],[-84.59304,37.21335],[-84.59311,37.21359],[-84.59326,37.21355],[-84.59409,37.21321],[-84.59655,37.21174],[-84.59721,37.2116],[-84.59755,37.2117],[-84.59834,37.21283],[-84.5986,37.21361],[-84.59873,37.21467],[-84.59928,37.21535],[-84.60044,37.21568],[-84.60147,37.21576],[-84.6021,37.21593],[-84.60251,37.21653],[-84.60249,37.21701]],[[-84.59158,37.20654],[-84.59251,37.20661],[-84.59356,37.20618],[-84.59411,37.20634],[-84.59437,37.20678],[-84.59442,37.20717],[-84.59421,37.20783],[-84.59387,37.20817],[-84.59457,37.20861],[-84.5948,37.20898],[-84.59484,37.20934],[-84.59558,37.20964],[-84.59583,37.20982],[-84.596,37.21015],[-84.59603,37.2106],[-84.59592,37.21091],[-84.59549,37.21146],[-84.59497,37.21192],[-84.59364,37.2129],[-84.59305,37.21307],[-84.59267,37.21306]],[[-84.59178,37.2049],[-84.59223,37.20514],[-84.59238,37.20538],[-84.59245,37.20588],[-84.59218,37.20626],[-84.5915,37.20639]],[[-84.58894,37.20424],[-84.5913,37.20353],[-84.59199,37.20342],[-84.59253,37.20348],[-84.59268,37.20367],[-84.59265,37.20388],[-84.59241,37.20438],[-84.59219,37.20463],[-84.59171,37.20481]],[[-84.58659,37.20024],[-84.58697,37.20011],[-84.58733,37.19978],[-84.58813,37.19977],[-84.58878,37.19946],[-84.59024,37.19898],[-84.59079,37.19895],[-84.591,37.19901],[-84.59133,37.19931],[-84.59199,37.20028],[-84.59214,37.20068],[-84.59188,37.20085],[-84.59142,37.20083],[-84.59128,37.20115],[-84.59168,37.20128],[-84.59215,37.20164],[-84.59225,37.20201],[-84.59219,37.20246],[-84.59209,37.20259],[-84.59057,37.2032],[-84.58882,37.20412]],[[-84.58317,37.20036],[-84.5845,37.19982],[-84.58554,37.19966],[-84.58638,37.19974],[-84.58653,37.19992],[-84.58652,37.20013]]]}},{"type":"Feature","properties":{"quad":"Shopville","gq_number":"282","source_pub":"Geology of the Shopville quadrangle, Kentucky | Norman L. Hatch Jr. | 1964, GQ-282","source_url":"https://pubs.usgs.gov/publication/gq282","original_line_symbol":"Mbl","polygon_pair_below_above":"Mb|Mbr","contact_style":"CONTACT","contact_comments":"Lower part of Borden Formation","meaning":"Borden member symbol Mbl (Shopville, GQ-282, Hatch 1964) beneath Renfro; not equated with the Nada in the legend reviewed.","class_label":"AMBIGUOUS","confidence":"Not used"},"geometry":{"type":"MultiLineString","coordinates":[[[-84.49515,37.22469],[-84.49332,37.22415],[-84.49244,37.22411],[-84.49195,37.2236],[-84.49105,37.2234],[-84.49101,37.22333],[-84.49066,37.22139],[-84.49073,37.22098],[-84.49091,37.22046],[-84.49178,37.21897],[-84.49195,37.21827],[-84.49176,37.21777],[-84.49184,37.21736],[-84.49174,37.21679],[-84.49187,37.21633],[-84.49174,37.21576],[-84.49137,37.21552],[-84.49144,37.21533],[-84.4913,37.21457],[-84.49137,37.21357],[-84.49122,37.21309],[-84.49096,37.21288],[-84.49065,37.21282],[-84.49037,37.21225],[-84.48955,37.21193],[-84.48952,37.21135],[-84.48933,37.21099],[-84.48827,37.21025],[-84.48763,37.21001],[-84.48686,37.20992],[-84.48648,37.2095],[-84.48592,37.20946],[-84.48548,37.2093],[-84.48451,37.20918],[-84.48359,37.20918],[-84.48321,37.20951]],[[-84.48313,37.20968],[-84.48308,37.20966]],[[-84.48306,37.20962],[-84.4829,37.20923],[-84.48258,37.20906],[-84.48228,37.20902],[-84.48168,37.20922],[-84.48111,37.20892],[-84.48053,37.20889],[-84.48025,37.20896]],[[-84.4819,37.21819],[-84.48201,37.21863],[-84.48227,37.21887],[-84.48302,37.21912],[-84.4837,37.21898],[-84.4847,37.21938],[-84.48508,37.21944],[-84.48513,37.21955],[-84.48481,37.21963],[-84.48469,37.21989],[-84.48407,37.2197],[-84.48291,37.21991],[-84.48082,37.21923],[-84.48034,37.21915],[-84.47996,37.21921],[-84.47987,37.21941],[-84.47985,37.22041],[-84.4801,37.22072],[-84.47952,37.22105],[-84.47929,37.22172],[-84.47955,37.22224],[-84.47994,37.22273],[-84.48032,37.22356],[-84.48063,37.22378],[-84.48057,37.22388]],[[-84.47656,37.21653],[-84.47647,37.21683],[-84.47661,37.21713],[-84.47707,37.21717],[-84.47757,37.217],[-84.4777,37.21735],[-84.47916,37.21806],[-84.47978,37.21819],[-84.48027,37.21811],[-84.48069,37.21836],[-84.48135,37.21852],[-84.48171,37.21839],[-84.48186,37.21821]],[[-84.48014,37.20891],[-84.48014,37.20865],[-84.47988,37.20826],[-84.47883,37.20765],[-84.47815,37.20674],[-84.47808,37.20632],[-84.47817,37.20583],[-84.47914,37.20383],[-84.47912,37.20241],[-84.47897,37.20131],[-84.47885,37.20108],[-84.47889,37.20081],[-84.47834,37.19858],[-84.47766,37.19733],[-84.47747,37.19679],[-84.47703,37.19652],[-84.47672,37.19648],[-84.47632,37.19666],[-84.47522,37.19762],[-84.47494,37.19801],[-84.47482,37.1984],[-84.47405,37.19921],[-84.47401,37.1995],[-84.47417,37.19971],[-84.4741,37.1998],[-84.47345,37.20016],[-84.47113,37.20231],[-84.47014,37.20304],[-84.46997,37.20343],[-84.46913,37.20371],[-84.46835,37.20437],[-84.4679,37.20519],[-84.46787,37.20575],[-84.46815,37.20604],[-84.46885,37.20593]],[[-84.47652,37.21638],[-84.47659,37.21638]],[[-84.46985,37.21451],[-84.47046,37.21508],[-84.47086,37.21654],[-84.47136,37.21698],[-84.47188,37.21693],[-84.47324,37.21602],[-84.47344,37.21597],[-84.47432,37.21599],[-84.47499,37.21612],[-84.47593,37.21676],[-84.47617,37.21674],[-84.47642,37.21647]],[[-84.4688,37.206],[-84.46817,37.20676],[-84.46815,37.20703],[-84.46841,37.20732],[-84.46879,37.20747],[-84.46923,37.2075],[-84.46919,37.20794],[-84.46948,37.20825],[-84.46987,37.20895],[-84.46982,37.20957],[-84.46998,37.21019],[-84.46948,37.21104],[-84.46836,37.212],[-84.46796,37.21256],[-84.46808,37.21294],[-84.46946,37.21338],[-84.46948,37.2135],[-84.46917,37.21392],[-84.4694,37.21431]]]}},{"type":"Feature","properties":{"quad":"Shopville","gq_number":"282","source_pub":"Geology of the Shopville quadrangle, Kentucky | Norman L. Hatch Jr. | 1964, GQ-282","source_url":"https://pubs.usgs.gov/publication/gq282","original_line_symbol":"Mbl","polygon_pair_below_above":"Mb|Mbr","contact_style":"CONTACT","contact_comments":"Lower part of Borden Formation","meaning":"Borden member symbol Mbl (Shopville, GQ-282, Hatch 1964) beneath Renfro; not equated with the Nada in the legend reviewed.","class_label":"AMBIGUOUS","confidence":"Not used"},"geometry":{"type":"MultiLineString","coordinates":[[[-84.46639,37.22135],[-84.46676,37.22042],[-84.46675,37.22015],[-84.46657,37.21985]],[[-84.4665,37.21975],[-84.46677,37.21974],[-84.46705,37.21948],[-84.46713,37.21907],[-84.46742,37.21891],[-84.46847,37.21698],[-84.46848,37.21634],[-84.46831,37.21606],[-84.46804,37.21591],[-84.46789,37.21534],[-84.46724,37.21481],[-84.46678,37.2142],[-84.46635,37.21416],[-84.46572,37.21424],[-84.4648,37.21459],[-84.46365,37.21561],[-84.46344,37.21563]],[[-84.46595,37.22392],[-84.46603,37.22387]],[[-84.46594,37.22214],[-84.46606,37.22197]],[[-84.45007,37.24288],[-84.45027,37.24299],[-84.4514,37.24268],[-84.45309,37.24267],[-84.45352,37.24257],[-84.4556,37.24178],[-84.45667,37.24108],[-84.45722,37.24104],[-84.45778,37.24088],[-84.45913,37.24027],[-84.45939,37.23986],[-84.45925,37.23935],[-84.45886,37.23905],[-84.45873,37.23908],[-84.45854,37.23898],[-84.45827,37.23867],[-84.45836,37.23857],[-84.45868,37.23863],[-84.46023,37.23949],[-84.46095,37.23956],[-84.46118,37.23949],[-84.4618,37.23889],[-84.46296,37.23823],[-84.46309,37.23782],[-84.46285,37.23745]],[[-84.46283,37.23735],[-84.46329,37.23749],[-84.46369,37.23737],[-84.4641,37.23647],[-84.46417,37.23603],[-84.46408,37.23558],[-84.46441,37.23542],[-84.46475,37.2349],[-84.46479,37.23433],[-84.46494,37.23393],[-84.46491,37.23255],[-84.46446,37.23056],[-84.46456,37.22892],[-84.46449,37.22811],[-84.46439,37.22782],[-84.46414,37.22765],[-84.46364,37.22755],[-84.46332,37.22763],[-84.463,37.22787],[-84.4627,37.22774],[-84.46226,37.22784],[-84.461,37.22853]],[[-84.4634,37.21564],[-84.46339,37.21521],[-84.46323,37.215],[-84.46124,37.21436],[-84.46113,37.21418],[-84.46105,37.21357],[-84.4615,37.21326],[-84.46233,37.21244],[-84.46232,37.21221],[-84.46269,37.21189],[-84.46319,37.21118],[-84.46309,37.21083],[-84.46229,37.2095],[-84.46167,37.20897],[-84.46104,37.20898],[-84.45988,37.20834],[-84.45951,37.20827],[-84.45896,37.2085],[-84.45775,37.20679],[-84.45731,37.20627],[-84.45681,37.20598],[-84.45674,37.20576]],[[-84.46107,37.22348],[-84.46184,37.22339]],[[-84.46076,37.22875],[-84.46005,37.22936],[-84.45992,37.22915],[-84.46027,37.22883],[-84.46031,37.22868],[-84.46022,37.22846],[-84.45994,37.22824]],[[-84.46018,37.22354],[-84.46085,37.22349]],[[-84.45962,37.22788],[-84.45867,37.22704]],[[-84.45831,37.22682],[-84.45778,37.22639]],[[-84.45627,37.22435],[-84.4572,37.2245],[-84.45742,37.22447],[-84.45771,37.22427]],[[-84.4574,37.22502],[-84.45732,37.22486],[-84.4571,37.22474],[-84.45669,37.22469],[-84.4562,37.22448]],[[-84.45667,37.20563],[-84.45653,37.20554],[-84.45638,37.20512]],[[-84.45631,37.20501],[-84.45625,37.20438],[-84.45633,37.20418],[-84.45791,37.20276],[-84.45807,37.20252],[-84.45809,37.20225],[-84.45778,37.20192],[-84.45643,37.20141],[-84.45536,37.20119],[-84.45482,37.20127],[-84.4541,37.20087],[-84.45314,37.20063]],[[-84.45263,37.2501],[-84.45267,37.24894],[-84.45311,37.24745],[-84.4529,37.24726],[-84.45247,37.2472],[-84.45196,37.24691],[-84.45079,37.24654],[-84.45011,37.24577],[-84.44968,37.24481],[-84.4494,37.24468],[-84.44955,37.24447]],[[-84.45248,37.20047],[-84.45225,37.20051]],[[-84.45225,37.20046],[-84.45219,37.2003]],[[-84.44972,37.24417],[-84.4497,37.24356],[-84.44995,37.24321],[-84.45002,37.24285]]]}},{"type":"Feature","properties":{"quad":"Shopville","gq_number":"282","source_pub":"Geology of the Shopville quadrangle, Kentucky | Norman L. Hatch Jr. | 1964, GQ-282","source_url":"https://pubs.usgs.gov/publication/gq282","original_line_symbol":"Mbl","polygon_pair_below_above":"Mb|Mbr","contact_style":"CONTACT","contact_comments":"Lower part of Borden Formation","meaning":"Borden member symbol Mbl (Shopville, GQ-282, Hatch 1964) beneath Renfro; not equated with the Nada in the legend reviewed.","class_label":"AMBIGUOUS","confidence":"Not used"},"geometry":{"type":"MultiLineString","coordinates":[[[-84.49995,37.2122],[-84.49979,37.21235],[-84.499,37.21255],[-84.49807,37.21316],[-84.49719,37.21434],[-84.49704,37.21495]],[[-84.49702,37.21502],[-84.49694,37.21503]],[[-84.49689,37.21497],[-84.49658,37.21277],[-84.49618,37.21188],[-84.49591,37.2117],[-84.49493,37.21061],[-84.49392,37.20979],[-84.49258,37.20893],[-84.49111,37.20826]],[[-84.49173,37.2078],[-84.49151,37.20775],[-84.49137,37.2076],[-84.4916,37.20709],[-84.49159,37.20665]],[[-84.49077,37.20811],[-84.49169,37.20791]],[[-84.49145,37.20665],[-84.49101,37.20748],[-84.49078,37.20764],[-84.49015,37.20769],[-84.48968,37.20763],[-84.48885,37.20729],[-84.48808,37.20714],[-84.4878,37.20693],[-84.48738,37.20684],[-84.4868,37.20632],[-84.48675,37.20597],[-84.48643,37.2056],[-84.48628,37.20522],[-84.48585,37.20502],[-84.48563,37.20452],[-84.48531,37.20416],[-84.48494,37.20401],[-84.48464,37.20375],[-84.48458,37.203]],[[-84.48449,37.20286],[-84.48426,37.20338],[-84.48429,37.20394],[-84.48513,37.20476],[-84.48545,37.20554],[-84.4859,37.20619],[-84.48592,37.20675],[-84.48551,37.20686],[-84.48334,37.2069],[-84.48078,37.2068],[-84.4801,37.20665],[-84.47992,37.20626],[-84.48045,37.2055],[-84.48058,37.20471],[-84.48113,37.20407],[-84.48103,37.20351],[-84.48128,37.20293],[-84.48137,37.20185],[-84.48122,37.19987],[-84.48013,37.19623],[-84.48017,37.19611],[-84.48056,37.19582],[-84.48096,37.19572],[-84.48136,37.19578],[-84.48145,37.19532],[-84.48254,37.19531]],[[-84.48248,37.19518],[-84.48208,37.19502],[-84.48192,37.19441]],[[-84.48178,37.19443],[-84.48106,37.19513],[-84.48065,37.19531],[-84.48041,37.1953],[-84.47989,37.19564],[-84.47977,37.19565],[-84.47937,37.19533]],[[-84.47354,37.19756],[-84.47244,37.19876],[-84.47184,37.19926],[-84.47137,37.19934],[-84.47088,37.19896]],[[-84.47083,37.19895],[-84.47082,37.19968],[-84.47035,37.20027],[-84.46923,37.20126],[-84.46843,37.20161],[-84.46832,37.20232],[-84.46809,37.20259],[-84.46633,37.20359],[-84.46496,37.20522],[-84.46466,37.20569]],[[-84.466,37.20806],[-84.46693,37.20848],[-84.46719,37.20869],[-84.46738,37.20902],[-84.46753,37.20981],[-84.46744,37.21],[-84.46719,37.21016],[-84.46686,37.2102],[-84.46643,37.21006],[-84.46615,37.20978],[-84.46594,37.20927],[-84.46551,37.20935],[-84.46513,37.20921],[-84.46269,37.20752]],[[-84.46455,37.20601],[-84.46449,37.20647],[-84.46476,37.20713]],[[-84.46195,37.20714],[-84.46168,37.20705]],[[-84.46029,37.20641],[-84.45954,37.20605]],[[-84.45899,37.20586],[-84.45879,37.20557],[-84.45884,37.20459],[-84.45897,37.20433],[-84.45895,37.20388],[-84.45938,37.20336],[-84.4592,37.20296],[-84.45947,37.20221],[-84.45909,37.20163],[-84.45879,37.20138],[-84.45828,37.2012],[-84.45673,37.20083],[-84.45466,37.20053],[-84.45368,37.20025]]]}},{"type":"Feature","properties":{"quad":"Bobtown","gq_number":"1102","source_pub":"Geologic map of the Bobtown quadrangle, Pulaski County, Kentucky | Richard Wheatley Lewis Jr., Alfred R. Taylor, and Gordon Whitney Weir | 1973, GQ-1102","source_url":"https://pubs.usgs.gov/publication/gq1102","original_line_symbol":"Mbm","polygon_pair_below_above":"Mbm|Msw","contact_style":"CONTACT","contact_comments":"Muldraugh Member, Borden Formation","meaning":"Muldraugh Member (Mbm) - carbonate/chert interval SW of the Nada belt (Bobtown GQ-1102); geodes here are a different horizon.","class_label":"NOT TARGET GEOLOGY","confidence":"Not used"},"geometry":{"type":"MultiLineString","coordinates":[[[-84.62308,37.19879],[-84.62247,37.19773],[-84.62197,37.19723],[-84.62154,37.19704],[-84.62052,37.19677],[-84.62003,37.19683],[-84.61771,37.19647],[-84.61689,37.196],[-84.61665,37.19598],[-84.61636,37.1961],[-84.61614,37.19658]],[[-84.61595,37.19658],[-84.61586,37.19534],[-84.61561,37.19513],[-84.61516,37.19504],[-84.61509,37.19471],[-84.61486,37.19443],[-84.6146,37.19437],[-84.6142,37.19448],[-84.61346,37.19505],[-84.61333,37.19484],[-84.61382,37.19417],[-84.61381,37.19403],[-84.61352,37.19385],[-84.61302,37.19374],[-84.61257,37.19322],[-84.6119,37.19289],[-84.61114,37.19328],[-84.61083,37.1936]],[[-84.61075,37.19356],[-84.61073,37.19282],[-84.61053,37.19261],[-84.61007,37.19253],[-84.60933,37.19291],[-84.60905,37.19271],[-84.60846,37.1927],[-84.60815,37.19258],[-84.6077,37.19268],[-84.60754,37.1928],[-84.60755,37.19335],[-84.60815,37.19566],[-84.60808,37.19583],[-84.60758,37.1961],[-84.60742,37.19657],[-84.60765,37.1973],[-84.60802,37.19759]],[[-84.60798,37.19776],[-84.60708,37.19725],[-84.60642,37.19726],[-84.60633,37.19704],[-84.60631,37.19605],[-84.60613,37.19572],[-84.60621,37.19544],[-84.60609,37.19517],[-84.60617,37.19489],[-84.60608,37.19445],[-84.60577,37.19387],[-84.60535,37.19373],[-84.60527,37.19333],[-84.605,37.193],[-84.60481,37.19291],[-84.60446,37.19291],[-84.60395,37.19326],[-84.60373,37.19381],[-84.60344,37.19404],[-84.60343,37.19464],[-84.60329,37.19497]],[[-84.60469,37.21575],[-84.60491,37.21602]],[[-84.60471,37.21382],[-84.60421,37.21464]],[[-84.60053,37.21169],[-84.60012,37.21193],[-84.59994,37.21239],[-84.60002,37.21294],[-84.60024,37.21333],[-84.60027,37.21371],[-84.60066,37.21424],[-84.60132,37.21427],[-84.60252,37.21458],[-84.60307,37.21461],[-84.6037,37.21437],[-84.60398,37.21399],[-84.60471,37.21379]],[[-84.60321,37.19496],[-84.60285,37.19464],[-84.60299,37.19415],[-84.60265,37.19288],[-84.60246,37.19266],[-84.60226,37.19261],[-84.60187,37.19277],[-84.60165,37.19302]],[[-84.60158,37.19306],[-84.60153,37.19305]],[[-84.60152,37.19299],[-84.60184,37.19179],[-84.6017,37.19157],[-84.60134,37.19148],[-84.60101,37.19161],[-84.5998,37.19258],[-84.59992,37.19349],[-84.59943,37.19377],[-84.59921,37.19417],[-84.59914,37.19472],[-84.59927,37.1954],[-84.59913,37.19554],[-84.59831,37.19462],[-84.59826,37.19404],[-84.59776,37.19377]],[[-84.60063,37.21155],[-84.60067,37.21159]],[[-84.59714,37.20186],[-84.59601,37.20209],[-84.59575,37.20235],[-84.596,37.20313],[-84.59572,37.20362],[-84.59583,37.20416],[-84.59558,37.20455],[-84.59558,37.20474],[-84.59584,37.20504],[-84.59707,37.20554],[-84.59805,37.20547],[-84.59789,37.20683],[-84.59814,37.20714],[-84.59865,37.20734],[-84.59872,37.20745],[-84.5985,37.20764],[-84.59818,37.20776],[-84.59803,37.20803],[-84.59782,37.20815],[-84.59777,37.20864],[-84.5982,37.20926],[-84.59886,37.20969],[-84.59904,37.20994],[-84.59985,37.21021],[-84.59977,37.21091],[-84.59985,37.21119],[-84.60012,37.21143],[-84.60053,37.21156]],[[-84.59776,37.19363],[-84.59809,37.19331],[-84.59873,37.19196],[-84.59875,37.19163],[-84.59844,37.19133],[-84.59753,37.19156],[-84.59718,37.19176],[-84.59667,37.1917],[-84.59562,37.19211],[-84.59524,37.19248],[-84.59523,37.19293],[-84.59452,37.19303],[-84.59426,37.19326],[-84.59428,37.19362],[-84.5946,37.19407],[-84.5943,37.19425],[-84.59433,37.19461],[-84.59414,37.19497],[-84.59426,37.19541],[-84.59394,37.19586],[-84.59396,37.19634],[-84.59367,37.19683],[-84.59362,37.1973],[-84.59397,37.19782],[-84.59462,37.19807],[-84.59546,37.19806],[-84.59599,37.19863]],[[-84.59579,37.19869],[-84.59494,37.19873],[-84.59461,37.199],[-84.59457,37.19941],[-84.59492,37.20072],[-84.59531,37.2011],[-84.59614,37.20133],[-84.59655,37.20159],[-84.59707,37.20172],[-84.59721,37.20183]]]}},{"type":"Feature","properties":{"quad":"Bobtown","gq_number":"1102","source_pub":"Geologic map of the Bobtown quadrangle, Pulaski County, Kentucky | Richard Wheatley Lewis Jr., Alfred R. Taylor, and Gordon Whitney Weir | 1973, GQ-1102","source_url":"https://pubs.usgs.gov/publication/gq1102","original_line_symbol":"Mbm","polygon_pair_below_above":"Mbm|Msw","contact_style":"CONTACT","contact_comments":"Muldraugh Member, Borden Formation","meaning":"Muldraugh Member (Mbm) - carbonate/chert interval SW of the Nada belt (Bobtown GQ-1102); geodes here are a different horizon.","class_label":"NOT TARGET GEOLOGY","confidence":"Not used"},"geometry":{"type":"MultiLineString","coordinates":[[[-84.61043,37.1901],[-84.61112,37.18997],[-84.61216,37.18999],[-84.61323,37.18986],[-84.6134,37.18992],[-84.61348,37.19016],[-84.61347,37.19098],[-84.61413,37.19158],[-84.61469,37.1917],[-84.61494,37.19208],[-84.61594,37.1917],[-84.61667,37.19199],[-84.61665,37.1921],[-84.61602,37.19253],[-84.61593,37.19286],[-84.61603,37.19319],[-84.61626,37.19343],[-84.61686,37.19366],[-84.6162,37.19385],[-84.61613,37.19402],[-84.61706,37.19508],[-84.61772,37.19544],[-84.6198,37.19614],[-84.62202,37.19664],[-84.62337,37.19766],[-84.62317,37.19833],[-84.62321,37.1987]],[[-84.6133,37.18607],[-84.61286,37.18672],[-84.61277,37.18692],[-84.61283,37.18714],[-84.61307,37.18715],[-84.61393,37.18679],[-84.61532,37.18639],[-84.61634,37.18615],[-84.617,37.18611],[-84.61843,37.18548],[-84.61917,37.18556],[-84.62063,37.18542]],[[-84.62061,37.18557],[-84.61877,37.18618],[-84.618,37.18676],[-84.61733,37.18697],[-84.61709,37.18714],[-84.61622,37.18734],[-84.61565,37.1877],[-84.61552,37.18792],[-84.61557,37.18822],[-84.61545,37.18833],[-84.61454,37.18831],[-84.61429,37.18843],[-84.61364,37.18851],[-84.61301,37.18883],[-84.61225,37.18867],[-84.61159,37.18884],[-84.61098,37.18925],[-84.61045,37.19003]],[[-84.61186,37.18599],[-84.6125,37.18619],[-84.61307,37.18609]],[[-84.60533,37.1829],[-84.60563,37.18338],[-84.60603,37.1836],[-84.60715,37.18361],[-84.6076,37.18382],[-84.60711,37.18412],[-84.6064,37.18438],[-84.6043,37.18472],[-84.6039,37.18463],[-84.60342,37.18469],[-84.603,37.18518],[-84.60295,37.18564],[-84.60319,37.18594],[-84.60424,37.18615],[-84.60483,37.18646],[-84.60518,37.18645],[-84.60545,37.18621],[-84.6057,37.18624],[-84.60575,37.18632],[-84.60575,37.1869],[-84.60559,37.18731],[-84.60537,37.18751],[-84.60507,37.18757],[-84.60439,37.18798],[-84.60408,37.1885],[-84.60419,37.18917],[-84.60444,37.18941],[-84.60519,37.18975],[-84.6053,37.19034],[-84.60546,37.19052],[-84.60611,37.19042],[-84.60634,37.19023],[-84.60645,37.18997],[-84.60693,37.18997],[-84.60742,37.18982],[-84.60766,37.18961],[-84.60772,37.18938],[-84.60839,37.18937],[-84.6087,37.18908],[-84.6088,37.18871],[-84.60878,37.18857],[-84.60838,37.18823],[-84.60823,37.18793],[-84.6089,37.1876],[-84.60915,37.18683],[-84.60971,37.18696],[-84.61045,37.18742],[-84.61102,37.18743],[-84.61163,37.1867],[-84.61174,37.18634],[-84.61172,37.18594]]]}},{"type":"Feature","properties":{"quad":"Bobtown","gq_number":"1102","source_pub":"Geologic map of the Bobtown quadrangle, Pulaski County, Kentucky | Richard Wheatley Lewis Jr., Alfred R. Taylor, and Gordon Whitney Weir | 1973, GQ-1102","source_url":"https://pubs.usgs.gov/publication/gq1102","original_line_symbol":"Mbm","polygon_pair_below_above":"Mbm|Msw","contact_style":"CONTACT","contact_comments":"Muldraugh Member, Borden Formation","meaning":"Muldraugh Member (Mbm) - carbonate/chert interval SW of the Nada belt (Bobtown GQ-1102); geodes here are a different horizon.","class_label":"NOT TARGET GEOLOGY","confidence":"Not used"},"geometry":{"type":"MultiLineString","coordinates":[[[-84.59005,37.17402],[-84.5911,37.17358],[-84.59156,37.17365],[-84.59188,37.17391],[-84.59195,37.17388],[-84.59208,37.17357],[-84.59198,37.1731],[-84.59206,37.17258],[-84.59255,37.17226],[-84.59309,37.1723],[-84.59341,37.17264],[-84.59423,37.17249],[-84.59473,37.17289],[-84.59476,37.17325],[-84.59447,37.17366],[-84.59476,37.17397],[-84.59477,37.17409],[-84.59404,37.17529],[-84.5943,37.17535],[-84.59513,37.17508],[-84.59534,37.17516],[-84.59543,37.17532],[-84.59547,37.17581],[-84.59497,37.17761],[-84.59478,37.17775],[-84.59437,37.1778],[-84.59409,37.17795],[-84.59307,37.1778],[-84.59269,37.17766]],[[-84.59265,37.17774],[-84.59274,37.17826],[-84.59266,37.17843],[-84.59241,37.17863],[-84.59167,37.17893],[-84.59241,37.17923],[-84.59299,37.1791],[-84.59371,37.17925],[-84.59409,37.17956],[-84.59414,37.17981],[-84.594,37.18008],[-84.59359,37.18047],[-84.59282,37.18086],[-84.59219,37.18143],[-84.59183,37.18158],[-84.59133,37.18161]],[[-84.59113,37.18171],[-84.59163,37.182],[-84.59187,37.18236],[-84.59205,37.18327],[-84.59222,37.18346],[-84.59295,37.18238],[-84.59499,37.18165],[-84.59521,37.18173],[-84.59524,37.182],[-84.59459,37.18287],[-84.59461,37.18298],[-84.59483,37.18302],[-84.59566,37.18289],[-84.59659,37.18321],[-84.59674,37.1834],[-84.59672,37.18377],[-84.59599,37.1844],[-84.5958,37.1847],[-84.59602,37.18489],[-84.59678,37.18504],[-84.59711,37.18521],[-84.5971,37.1858],[-84.59672,37.18637],[-84.59671,37.18685],[-84.5965,37.18703],[-84.59616,37.18712],[-84.59499,37.187],[-84.59453,37.18726],[-84.59378,37.18747],[-84.59379,37.18758],[-84.59444,37.18784],[-84.59479,37.1881],[-84.59467,37.18852],[-84.59344,37.18976],[-84.592,37.19093],[-84.59108,37.19152],[-84.59068,37.19158],[-84.59022,37.19151],[-84.58983,37.19123],[-84.58969,37.1909],[-84.58907,37.19092],[-84.58883,37.19086],[-84.58852,37.19036],[-84.58848,37.18968],[-84.58796,37.19001],[-84.58764,37.19001],[-84.58731,37.18977],[-84.58695,37.18908],[-84.58639,37.18894]],[[-84.58942,37.19417],[-84.58979,37.19433],[-84.58988,37.19462],[-84.5895,37.19571],[-84.58898,37.19614],[-84.58915,37.19641],[-84.58962,37.19648],[-84.59005,37.1968],[-84.59021,37.19719],[-84.59019,37.19746],[-84.58992,37.19787],[-84.58954,37.19822],[-84.58912,37.1984],[-84.5888,37.19841],[-84.5885,37.19866],[-84.58804,37.19883],[-84.58707,37.19901],[-84.58604,37.19898],[-84.58506,37.19922],[-84.58461,37.19916],[-84.58426,37.19953],[-84.58305,37.20026]],[[-84.58374,37.19448],[-84.58395,37.1944],[-84.58432,37.19447],[-84.58432,37.19409],[-84.58449,37.19376],[-84.58545,37.19312],[-84.58594,37.19313],[-84.58676,37.19269],[-84.58743,37.1927],[-84.58776,37.19262],[-84.58808,37.19262],[-84.58993,37.19321],[-84.59006,37.19337],[-84.59004,37.19353],[-84.5899,37.19375],[-84.58937,37.19415]],[[-84.58863,37.17096],[-84.58773,37.17006],[-84.58771,37.16982],[-84.58792,37.16959],[-84.58792,37.16913],[-84.58842,37.16874],[-84.58921,37.16861],[-84.58924,37.16815],[-84.58905,37.1676],[-84.58943,37.167],[-84.58956,37.16686],[-84.59027,37.16666],[-84.59051,37.16624],[-84.5907,37.16609],[-84.59108,37.16604],[-84.59137,37.16656],[-84.59152,37.1675],[-84.59184,37.16821],[-84.59174,37.16848],[-84.5912,37.16878],[-84.59113,37.16899],[-84.59137,37.16925],[-84.59246,37.16933],[-84.59273,37.16957],[-84.59287,37.16995],[-84.5927,37.17017],[-84.59027,37.17169],[-84.5903,37.17185],[-84.59073,37.1721],[-84.59083,37.17258],[-84.59045,37.17338],[-84.58993,37.17395]],[[-84.58631,37.18888],[-84.58627,37.18888]],[[-84.58626,37.18894],[-84.58646,37.18965],[-84.58632,37.19017],[-84.58676,37.19056],[-84.58682,37.1908],[-84.58657,37.19131],[-84.58586,37.19189],[-84.58525,37.19231],[-84.58452,37.19262],[-84.58368,37.19281],[-84.58308,37.19272],[-84.58257,37.19252],[-84.58182,37.19205]],[[-84.58262,37.19362],[-84.58303,37.19361],[-84.58351,37.1938],[-84.5837,37.19407],[-84.58366,37.19434]],[[-84.58166,37.19216],[-84.58244,37.1927],[-84.58285,37.19317],[-84.58276,37.19336],[-84.58253,37.19349]],[[-84.58222,37.19361],[-84.58221,37.19367]]]}},{"type":"Feature","properties":{"quad":"Bobtown","gq_number":"1102","source_pub":"Geologic map of the Bobtown quadrangle, Pulaski County, Kentucky | Richard Wheatley Lewis Jr., Alfred R. Taylor, and Gordon Whitney Weir | 1973, GQ-1102","source_url":"https://pubs.usgs.gov/publication/gq1102","original_line_symbol":"Mbm","polygon_pair_below_above":"Mbm|Msw","contact_style":"CONTACT","contact_comments":"Muldraugh Member, Borden Formation","meaning":"Muldraugh Member (Mbm) - carbonate/chert interval SW of the Nada belt (Bobtown GQ-1102); geodes here are a different horizon.","class_label":"NOT TARGET GEOLOGY","confidence":"Not used"},"geometry":{"type":"MultiLineString","coordinates":[[[-84.61409,37.17538],[-84.61393,37.1758],[-84.61279,37.1754],[-84.61214,37.17545],[-84.61152,37.17597],[-84.61138,37.1764],[-84.61157,37.17667],[-84.61184,37.17681],[-84.61261,37.17682],[-84.61291,37.17728],[-84.61403,37.1773],[-84.61384,37.17762],[-84.61305,37.17796],[-84.61301,37.1782],[-84.61312,37.17847],[-84.61396,37.1792],[-84.61465,37.1794]],[[-84.61435,37.17951],[-84.614,37.17958],[-84.61363,37.17993]],[[-84.61293,37.17424],[-84.61285,37.1748],[-84.61294,37.17495],[-84.61311,37.17502],[-84.61358,37.17499],[-84.61371,37.17516],[-84.61402,37.17522]],[[-84.61358,37.17986],[-84.61308,37.17943],[-84.61274,37.17934],[-84.61229,37.17936],[-84.61202,37.17917],[-84.61186,37.17892],[-84.61184,37.17846],[-84.61149,37.17806],[-84.61067,37.17753],[-84.61001,37.17728],[-84.60954,37.17733],[-84.6092,37.17756],[-84.6093,37.17791],[-84.60989,37.17839],[-84.60973,37.17921],[-84.60983,37.17973],[-84.61008,37.18023],[-84.60987,37.18052],[-84.60957,37.1805],[-84.60865,37.17927],[-84.60809,37.17896],[-84.60738,37.17877],[-84.6074,37.1785],[-84.60777,37.17813],[-84.60736,37.17787],[-84.60719,37.17789],[-84.607,37.17807],[-84.60697,37.17883],[-84.60681,37.17915],[-84.60627,37.17915],[-84.60597,37.17944],[-84.60592,37.17985],[-84.6061,37.18084],[-84.60584,37.18077],[-84.60513,37.18082],[-84.60505,37.18051],[-84.60474,37.18031]],[[-84.61013,37.17371],[-84.60948,37.17417],[-84.60928,37.17448],[-84.60939,37.17497],[-84.6098,37.17534],[-84.61015,37.17528],[-84.61148,37.17442],[-84.61243,37.17441],[-84.61281,37.17421]],[[-84.59629,37.16335],[-84.59646,37.16367],[-84.59705,37.16429],[-84.59698,37.16463],[-84.59706,37.16484],[-84.59814,37.16526],[-84.59861,37.1658],[-84.59858,37.16613],[-84.59817,37.16696],[-84.59824,37.16773],[-84.5981,37.16871],[-84.59838,37.16923],[-84.59895,37.1695],[-84.60119,37.16971],[-84.60312,37.17017],[-84.60371,37.17054],[-84.60417,37.17109],[-84.60421,37.17143],[-84.60458,37.17171],[-84.60506,37.17232],[-84.60511,37.17248],[-84.60495,37.17266],[-84.60459,37.17264],[-84.60402,37.17203],[-84.60335,37.1719],[-84.60307,37.17152],[-84.60275,37.17131],[-84.60152,37.17114],[-84.60088,37.17131],[-84.60084,37.17178],[-84.6013,37.17293],[-84.6015,37.17314],[-84.60189,37.17338],[-84.60318,37.17357],[-84.60339,37.17371],[-84.60337,37.17395],[-84.6031,37.17433],[-84.60213,37.17482],[-84.60203,37.17501],[-84.6022,37.17527],[-84.6032,37.17556],[-84.60382,37.17564],[-84.60451,37.1756],[-84.60475,37.17539],[-84.60499,37.17494],[-84.60568,37.17443],[-84.60596,37.17445],[-84.60609,37.17456],[-84.60648,37.17543],[-84.60706,37.17554],[-84.60727,37.1755],[-84.60757,37.17527],[-84.60778,37.17437],[-84.60758,37.17374],[-84.60812,37.17345],[-84.60843,37.17311],[-84.60868,37.17308],[-84.60879,37.17317],[-84.60903,37.17361],[-84.61016,37.17366]],[[-84.60479,37.18021],[-84.60487,37.17997],[-84.60456,37.17934],[-84.60431,37.17933],[-84.60378,37.1795],[-84.60343,37.17944],[-84.60372,37.17882],[-84.60355,37.17852],[-84.60285,37.17856],[-84.60243,37.17888],[-84.60216,37.17855],[-84.60163,37.17852],[-84.60085,37.17902],[-84.60045,37.17875],[-84.60025,37.17871],[-84.59994,37.17874],[-84.59985,37.17885],[-84.59975,37.17932],[-84.59991,37.17992],[-84.60015,37.18026],[-84.60073,37.18064],[-84.60117,37.18146],[-84.6016,37.18166],[-84.60192,37.18164],[-84.60238,37.18204],[-84.60292,37.18219],[-84.60301,37.1827],[-84.60342,37.18294],[-84.60414,37.183],[-84.6048,37.18284],[-84.60533,37.1829]],[[-84.59942,37.16501],[-84.59877,37.16431],[-84.59805,37.16394],[-84.59694,37.16363],[-84.59641,37.16337]]]}},{"type":"Feature","properties":{"quad":"Bobtown","gq_number":"1102","source_pub":"Geologic map of the Bobtown quadrangle, Pulaski County, Kentucky | Richard Wheatley Lewis Jr., Alfred R. Taylor, and Gordon Whitney Weir | 1973, GQ-1102","source_url":"https://pubs.usgs.gov/publication/gq1102","original_line_symbol":"Mbm","polygon_pair_below_above":"Mbm|Msw","contact_style":"CONTACT","contact_comments":"Muldraugh Member, Borden Formation","meaning":"Muldraugh Member (Mbm) - carbonate/chert interval SW of the Nada belt (Bobtown GQ-1102); geodes here are a different horizon.","class_label":"NOT TARGET GEOLOGY","confidence":"Not used"},"geometry":{"type":"MultiLineString","coordinates":[[[-84.58978,37.15163],[-84.59014,37.15235],[-84.59085,37.15261],[-84.59133,37.15302],[-84.59136,37.15342],[-84.59108,37.15411],[-84.59064,37.15441],[-84.58999,37.1544],[-84.5891,37.15464],[-84.58871,37.15459],[-84.58842,37.15486],[-84.58819,37.15494],[-84.58705,37.15501],[-84.58661,37.15521]],[[-84.58194,37.1814],[-84.58201,37.18091],[-84.58227,37.18031],[-84.58232,37.17957],[-84.58261,37.17925],[-84.58238,37.17877],[-84.58263,37.17822],[-84.58293,37.17793],[-84.58303,37.17753],[-84.58315,37.17743],[-84.58353,37.17737],[-84.5846,37.17755],[-84.58404,37.1766],[-84.58374,37.17626],[-84.5837,37.17593],[-84.58391,37.17572],[-84.58423,37.17561],[-84.58491,37.17559],[-84.58572,37.17577],[-84.58559,37.17549],[-84.58518,37.17518],[-84.58512,37.17478],[-84.58533,37.17448],[-84.58536,37.17412],[-84.58607,37.17385],[-84.58594,37.17353],[-84.58604,37.17333],[-84.58636,37.17319],[-84.58681,37.17316],[-84.58651,37.17235],[-84.58658,37.17191],[-84.58719,37.17111],[-84.58745,37.17106],[-84.58786,37.17121],[-84.58815,37.17107],[-84.58862,37.17104],[-84.58863,37.17096]],[[-84.58666,37.1553],[-84.58738,37.15544],[-84.58844,37.15582],[-84.59,37.15572],[-84.59036,37.15587],[-84.59049,37.15604],[-84.59036,37.15627],[-84.58968,37.15647],[-84.58951,37.15661],[-84.59003,37.15711],[-84.59017,37.15747],[-84.59012,37.15772],[-84.58987,37.15798],[-84.58919,37.15826],[-84.58843,37.15842],[-84.58762,37.15848],[-84.58678,37.15841],[-84.58647,37.15862],[-84.58697,37.1589],[-84.58719,37.15927],[-84.58759,37.15956],[-84.58827,37.15932],[-84.58871,37.15936],[-84.58928,37.1596],[-84.58945,37.1599],[-84.58939,37.16025],[-84.58897,37.16077],[-84.58839,37.16107],[-84.58823,37.16144],[-84.58838,37.16167],[-84.5892,37.16195],[-84.58942,37.16216],[-84.58954,37.16258],[-84.58932,37.16285],[-84.58876,37.16317],[-84.58817,37.1632],[-84.58678,37.16294],[-84.58583,37.16251],[-84.58425,37.16229]],[[-84.58401,37.16229],[-84.58405,37.16251],[-84.58392,37.1627],[-84.5837,37.16283],[-84.58286,37.16302],[-84.5831,37.16325],[-84.58353,37.16335],[-84.58372,37.16353],[-84.58425,37.16332],[-84.58483,37.16342],[-84.58578,37.16432],[-84.58606,37.16485],[-84.5865,37.16516],[-84.58663,37.16548],[-84.58635,37.16588],[-84.58598,37.16616],[-84.5855,37.16636],[-84.58463,37.16648],[-84.58446,37.16664],[-84.58432,37.16715],[-84.58393,37.16778],[-84.58407,37.16795],[-84.58455,37.16818],[-84.58463,37.16831],[-84.5843,37.16932],[-84.58392,37.16953],[-84.58418,37.17003],[-84.58408,37.17033],[-84.58357,37.17059],[-84.58225,37.1707],[-84.58173,37.17062],[-84.58152,37.17071],[-84.58183,37.17123],[-84.58292,37.172],[-84.5835,37.17231],[-84.58361,37.17264],[-84.58251,37.17425],[-84.58204,37.17463],[-84.58074,37.17475],[-84.57833,37.17466]],[[-84.58125,37.18131],[-84.5815,37.18126],[-84.58187,37.18134]],[[-84.57826,37.17478],[-84.57852,37.17488],[-84.57888,37.17488],[-84.57909,37.17516],[-84.57953,37.17523],[-84.58008,37.17549],[-84.58098,37.17565],[-84.58128,37.17599],[-84.58131,37.17658],[-84.58112,37.17712],[-84.58023,37.17815],[-84.58113,37.17812],[-84.58146,37.17834],[-84.58175,37.17987],[-84.58158,37.18022],[-84.58155,37.18071],[-84.58123,37.18119]]]}}]}