{"type":"FeatureCollection","features":[{"type":"Feature","properties":{"NAME":"Rowan"},"geometry":{"type":"Polygon","coordinates":[[[-83.41214,38.39592],[-83.41715,38.396],[-83.42475,38.39128],[-83.42567,38.38948],[-83.42767,38.38823],[-83.43284,38.38933],[-83.44369,38.38723],[-83.44441,38.38323],[-83.44654,38.38067],[-83.45138,38.38117],[-83.45285,38.38173],[-83.4546,38.37727],[-83.45694,38.37456],[-83.45998,38.37302],[-83.4633,38.37318],[-83.46502,38.37191],[-83.46385,38.36703],[-83.45932,38.36244],[-83.46711,38.35652],[-83.47033,38.35512],[-83.47173,38.35547],[-83.4728,38.35719],[-83.47144,38.35821],[-83.47154,38.35875],[-83.47354,38.36039],[-83.48219,38.35963],[-83.48631,38.35366],[-83.48876,38.35162],[-83.49083,38.35212],[-83.4964,38.35052],[-83.49953,38.34893],[-83.49991,38.34199],[-83.49712,38.34001],[-83.49593,38.33967],[-83.49469,38.33614],[-83.49579,38.33466],[-83.49722,38.33416],[-83.4932,38.32815],[-83.49158,38.32824],[-83.49072,38.32929],[-83.48862,38.32687],[-83.48812,38.32424],[-83.48952,38.32325],[-83.49098,38.32295],[-83.49185,38.32429],[-83.49524,38.32429],[-83.50126,38.31648],[-83.50516,38.30418],[-83.50515,38.29978],[-83.50359,38.29805],[-83.5041,38.29579],[-83.50596,38.2939],[-83.51221,38.29332],[-83.51406,38.2925],[-83.51428,38.29197],[-83.51197,38.28436],[-83.50961,38.28342],[-83.50787,38.27795],[-83.50791,38.27311],[-83.50555,38.27218],[-83.50745,38.26916],[-83.51477,38.26783],[-83.52076,38.26773],[-83.52252,38.26714],[-83.52396,38.26016],[-83.52191,38.25883],[-83.5211,38.25741],[-83.52379,38.25523],[-83.5251,38.25476],[-83.52933,38.25538],[-83.53451,38.25417],[-83.53685,38.25213],[-83.53785,38.24974],[-83.53562,38.24885],[-83.53557,38.24844],[-83.53938,38.24506],[-83.54415,38.24459],[-83.54993,38.24107],[-83.55335,38.23998],[-83.5563,38.23727],[-83.55972,38.231],[-83.55929,38.22488],[-83.56003,38.22274],[-83.56172,38.21892],[-83.56387,38.21673],[-83.57548,38.21425],[-83.57836,38.21541],[-83.58227,38.21852],[-83.58706,38.218],[-83.58697,38.21502],[-83.58761,38.21428],[-83.59207,38.21027],[-83.59883,38.20636],[-83.60017,38.20377],[-83.60337,38.20251],[-83.60981,38.20159],[-83.6134,38.19789],[-83.61533,38.19294],[-83.61879,38.19268],[-83.62047,38.19435],[-83.62208,38.19474],[-83.63355,38.19225],[-83.63551,38.18932],[-83.6353,38.18753],[-83.63435,38.18725],[-83.62661,38.18123],[-83.62073,38.17606],[-83.61855,38.17622],[-83.6162,38.17768],[-83.61226,38.17624],[-83.61087,38.17698],[-83.61061,38.17895],[-83.61134,38.18103],[-83.61392,38.18363],[-83.61372,38.18741],[-83.6116,38.18778],[-83.61012,38.1856],[-83.60934,38.18238],[-83.60786,38.18133],[-83.6056,38.18181],[-83.60499,38.18245],[-83.6052,38.18398],[-83.60699,38.18494],[-83.60778,38.18604],[-83.60766,38.18666],[-83.60639,38.18737],[-83.60543,38.18691],[-83.6045,38.18492],[-83.60343,38.18421],[-83.59785,38.18479],[-83.5963,38.18417],[-83.59618,38.18231],[-83.60038,38.18165],[-83.60166,38.1808],[-83.60186,38.17961],[-83.59725,38.17689],[-83.59516,38.17367],[-83.59084,38.17154],[-83.59055,38.1701],[-83.592,38.16907],[-83.59464,38.16822],[-83.59652,38.16831],[-83.59928,38.16934],[-83.6009,38.16891],[-83.60151,38.16792],[-83.5989,38.166],[-83.59875,38.16472],[-83.59991,38.16312],[-83.60127,38.16284],[-83.60573,38.16469],[-83.60707,38.16378],[-83.60622,38.16119],[-83.60654,38.15984],[-83.6079,38.15955],[-83.61086,38.16128],[-83.6124,38.16153],[-83.61497,38.16048],[-83.61732,38.15815],[-83.61937,38.15309],[-83.61842,38.15213],[-83.615,38.15115],[-83.61433,38.14939],[-83.61471,38.14872],[-83.61572,38.14842],[-83.61892,38.14976],[-83.62047,38.14982],[-83.62177,38.14824],[-83.6205,38.14721],[-83.61806,38.14213],[-83.61487,38.14186],[-83.61357,38.1411],[-83.61467,38.13829],[-83.6136,38.1374],[-83.61053,38.13756],[-83.61003,38.13717],[-83.61035,38.13575],[-83.61342,38.13582],[-83.61438,38.13536],[-83.61278,38.13207],[-83.61217,38.13159],[-83.60655,38.13095],[-83.60369,38.1293],[-83.60386,38.128],[-83.60678,38.12566],[-83.60601,38.12414],[-83.60473,38.12375],[-83.60294,38.12421],[-83.59775,38.12809],[-83.59497,38.1321],[-83.59227,38.13274],[-83.58987,38.13473],[-83.58489,38.14592],[-83.57186,38.14732],[-83.56826,38.14645],[-83.56094,38.14345],[-83.55821,38.14109],[-83.55659,38.13629],[-83.55523,38.13544],[-83.55404,38.13547],[-83.55381,38.13592],[-83.55445,38.13821],[-83.5541,38.13997],[-83.55204,38.14221],[-83.54919,38.1431],[-83.54835,38.14132],[-83.55129,38.13629],[-83.55039,38.13508],[-83.54981,38.13103],[-83.55318,38.12145],[-83.55779,38.11801],[-83.55919,38.11631],[-83.55908,38.11574],[-83.55565,38.11248],[-83.55329,38.11274],[-83.54814,38.115],[-83.54388,38.11555],[-83.53605,38.11887],[-83.53328,38.12054],[-83.52618,38.11941],[-83.52435,38.11867],[-83.51998,38.11512],[-83.51569,38.1105],[-83.51536,38.10826],[-83.51578,38.10779],[-83.51844,38.1082],[-83.521,38.10741],[-83.52129,38.10681],[-83.52078,38.10504],[-83.52179,38.10257],[-83.52362,38.10081],[-83.52534,38.10027],[-83.52941,38.10099],[-83.53443,38.09515],[-83.53442,38.09425],[-83.5332,38.09295],[-83.53145,38.09233],[-83.52866,38.09319],[-83.52643,38.09297],[-83.52293,38.09133],[-83.5196,38.08895],[-83.52204,38.08365],[-83.51883,38.08061],[-83.51631,38.0721],[-83.51424,38.0698],[-83.5132,38.06935],[-83.51111,38.07005],[-83.50975,38.07169],[-83.50851,38.07559],[-83.50709,38.08647],[-83.50636,38.08779],[-83.50425,38.08826],[-83.50201,38.0879],[-83.49722,38.08507],[-83.49355,38.08618],[-83.48975,38.08562],[-83.47994,38.0825],[-83.47493,38.08542],[-83.46547,38.08431],[-83.46315,38.07991],[-83.46275,38.07041],[-83.46361,38.06832],[-83.46475,38.06705],[-83.46744,38.06532],[-83.46907,38.06564],[-83.46989,38.06838],[-83.47095,38.06932],[-83.47611,38.06981],[-83.48069,38.06912],[-83.48655,38.06162],[-83.49099,38.05928],[-83.49294,38.05906],[-83.49827,38.05453],[-83.49877,38.05376],[-83.4989,38.05081],[-83.49366,38.04889],[-83.48284,38.04654],[-83.4729,38.04774],[-83.46901,38.05018],[-83.46369,38.05001],[-83.46334,38.04918],[-83.46507,38.04228],[-83.4675,38.03957],[-83.4722,38.03848],[-83.47365,38.03764],[-83.47858,38.03268],[-83.47965,38.0281],[-83.47918,38.02669],[-83.47537,38.0256],[-83.46236,38.03195],[-83.45742,38.03289],[-83.4559,38.03261],[-83.45476,38.03101],[-83.45482,38.02947],[-83.46128,38.02513],[-83.4663,38.02315],[-83.46852,38.02176],[-83.46902,38.02009],[-83.46874,38.01908],[-83.46586,38.01763],[-83.46334,38.01704],[-83.4552,38.01762],[-83.4504,38.01942],[-83.45134,38.02796],[-83.44978,38.03054],[-83.44846,38.03097],[-83.443,38.03056],[-83.43857,38.0309],[-83.43596,38.03204],[-83.43389,38.0341],[-83.43218,38.03864],[-83.43267,38.03924],[-83.43489,38.03978],[-83.43422,38.04286],[-83.43069,38.04448],[-83.4205,38.0477],[-83.41678,38.048],[-83.41226,38.04321],[-83.41133,38.04116],[-83.40877,38.03913],[-83.39891,38.03886],[-83.39525,38.04192],[-83.39607,38.04571],[-83.39154,38.04858],[-83.38963,38.05477],[-83.38629,38.05431],[-83.38278,38.05674],[-83.38097,38.06211],[-83.37975,38.06193],[-83.374,38.0591],[-83.37113,38.05956],[-83.37078,38.06286],[-83.37184,38.06492],[-83.37176,38.06863],[-83.37122,38.06946],[-83.36383,38.06636],[-83.3596,38.06574],[-83.35717,38.06635],[-83.35136,38.065],[-83.34946,38.06738],[-83.34612,38.06791],[-83.34291,38.06917],[-83.34291,38.06972],[-83.34601,38.07171],[-83.34615,38.07226],[-83.34294,38.07818],[-83.34118,38.07825],[-83.33771,38.08242],[-83.33832,38.08473],[-83.3395,38.08597],[-83.33895,38.08702],[-83.3349,38.08883],[-83.33415,38.08871],[-83.33377,38.08734],[-83.33001,38.08535],[-83.32766,38.08544],[-83.3261,38.08487],[-83.32158,38.08665],[-83.31985,38.08876],[-83.3078,38.09096],[-83.3032,38.09073],[-83.29883,38.09283],[-83.30013,38.09775],[-83.29935,38.0999],[-83.28629,38.1021],[-83.28525,38.1043],[-83.28218,38.10635],[-83.2767,38.10757],[-83.27491,38.10944],[-83.27366,38.11173],[-83.26313,38.1154],[-83.2592,38.12003],[-83.2499,38.12808],[-83.24933,38.12922],[-83.24745,38.13027],[-83.24218,38.13041],[-83.23494,38.13275],[-83.23253,38.13268],[-83.23126,38.13142],[-83.22529,38.13122],[-83.22315,38.13164],[-83.22073,38.13672],[-83.2204,38.14046],[-83.21858,38.14376],[-83.2182,38.14644],[-83.21942,38.14808],[-83.21942,38.14886],[-83.21673,38.15244],[-83.21728,38.15641],[-83.21447,38.16209],[-83.21169,38.16436],[-83.20152,38.16715],[-83.19899,38.1685],[-83.19914,38.16996],[-83.19986,38.17072],[-83.20523,38.17422],[-83.20972,38.17552],[-83.21621,38.17701],[-83.21874,38.17639],[-83.21943,38.1752],[-83.22705,38.17417],[-83.22984,38.17572],[-83.23285,38.17654],[-83.2379,38.17743],[-83.24198,38.17691],[-83.24836,38.18004],[-83.25736,38.18325],[-83.26109,38.18599],[-83.26425,38.18723],[-83.26427,38.18799],[-83.25984,38.19004],[-83.25598,38.1894],[-83.25482,38.18872],[-83.2538,38.18703],[-83.25232,38.18615],[-83.24714,38.18533],[-83.24426,38.18722],[-83.24525,38.18783],[-83.24419,38.19242],[-83.25193,38.19414],[-83.26298,38.19075],[-83.27321,38.19686],[-83.27292,38.19822],[-83.27383,38.20192],[-83.2756,38.20385],[-83.27617,38.20416],[-83.27889,38.20291],[-83.28001,38.20309],[-83.28303,38.20418],[-83.28648,38.20617],[-83.28547,38.20871],[-83.28539,38.21324],[-83.28798,38.21559],[-83.2905,38.21423],[-83.29253,38.21064],[-83.29948,38.20916],[-83.30117,38.20978],[-83.30119,38.2122],[-83.30053,38.21292],[-83.29868,38.21342],[-83.29752,38.21579],[-83.29736,38.21817],[-83.2989,38.22008],[-83.30337,38.22388],[-83.30421,38.22368],[-83.30695,38.22554],[-83.30828,38.23296],[-83.30626,38.23459],[-83.30838,38.23668],[-83.31064,38.23794],[-83.31265,38.24378],[-83.30872,38.24636],[-83.30782,38.25232],[-83.30943,38.25366],[-83.31198,38.25255],[-83.31875,38.26021],[-83.31888,38.26446],[-83.32102,38.27234],[-83.32335,38.27729],[-83.32475,38.27854],[-83.3263,38.27785],[-83.32801,38.27826],[-83.33086,38.28148],[-83.33111,38.28346],[-83.33452,38.2861],[-83.33484,38.28693],[-83.33019,38.2885],[-83.32813,38.28819],[-83.3262,38.29042],[-83.3293,38.29384],[-83.33254,38.29636],[-83.33254,38.3017],[-83.33154,38.30315],[-83.3334,38.3042],[-83.33591,38.30462],[-83.33507,38.30653],[-83.33509,38.30806],[-83.33814,38.31256],[-83.34121,38.31441],[-83.34132,38.31951],[-83.34866,38.32128],[-83.35606,38.3217],[-83.35889,38.32366],[-83.36264,38.33079],[-83.36402,38.33829],[-83.36364,38.34313],[-83.36902,38.34823],[-83.37239,38.34895],[-83.37491,38.35157],[-83.37902,38.35828],[-83.37811,38.36229],[-83.3843,38.36419],[-83.38904,38.36775],[-83.39294,38.36977],[-83.39486,38.37281],[-83.39656,38.37423],[-83.40027,38.37509],[-83.40111,38.37961],[-83.4002,38.38536],[-83.40084,38.38982],[-83.40476,38.39172],[-83.40845,38.39208],[-83.40972,38.39275],[-83.41235,38.39473],[-83.41214,38.39592]]]}},{"type":"Feature","properties":{"NAME":"Bath"},"geometry":{"type":"Polygon","coordinates":[[[-83.84843,38.29682],[-83.85097,38.29577],[-83.97818,38.19219],[-83.97452,38.19084],[-83.9725,38.19178],[-83.97142,38.19178],[-83.9705,38.19039],[-83.96989,38.18743],[-83.96997,38.18689],[-83.97078,38.1867],[-83.9753,38.18663],[-83.97861,38.18814],[-83.97948,38.18796],[-83.98029,38.18489],[-83.98014,38.18325],[-83.97945,38.18267],[-83.97623,38.18261],[-83.97235,38.18153],[-83.9711,38.17918],[-83.97292,38.17776],[-83.97898,38.17682],[-83.97959,38.17615],[-83.97941,38.17526],[-83.97277,38.17165],[-83.96805,38.17177],[-83.96646,38.17133],[-83.96536,38.17021],[-83.96576,38.16726],[-83.96727,38.16557],[-83.96996,38.16523],[-83.97321,38.16644],[-83.97404,38.16333],[-83.97248,38.16028],[-83.96799,38.15951],[-83.96437,38.15718],[-83.96434,38.15441],[-83.96344,38.15388],[-83.96185,38.15391],[-83.96109,38.15457],[-83.96159,38.15985],[-83.95374,38.16452],[-83.95237,38.16445],[-83.95095,38.16306],[-83.95559,38.16004],[-83.95628,38.15869],[-83.95011,38.15507],[-83.95063,38.15304],[-83.94278,38.15185],[-83.94148,38.15077],[-83.94287,38.14963],[-83.93719,38.14695],[-83.93181,38.14803],[-83.88137,38.13649],[-83.85992,38.11758],[-83.8211,38.08139],[-83.80187,38.04167],[-83.75567,38.00525],[-83.75578,38.00425],[-83.75943,37.99879],[-83.75863,37.99558],[-83.75692,37.99262],[-83.74846,37.99718],[-83.74527,38.00009],[-83.74492,38.00182],[-83.74568,38.00443],[-83.74403,38.00688],[-83.73806,38.01019],[-83.7307,38.01052],[-83.72718,38.00875],[-83.72745,38.00772],[-83.72691,38.00699],[-83.71749,38.0033],[-83.71521,38.0044],[-83.70577,38.01209],[-83.68658,38.01357],[-83.67542,38.01782],[-83.67138,38.02026],[-83.67133,38.02157],[-83.66914,38.02455],[-83.6624,38.02782],[-83.65945,38.02833],[-83.65721,38.0276],[-83.65372,38.02436],[-83.65189,38.02392],[-83.63517,38.02696],[-83.62553,38.02296],[-83.62357,38.02064],[-83.61983,38.01415],[-83.61768,38.01412],[-83.61589,38.01322],[-83.61257,38.01031],[-83.6116,38.0081],[-83.61017,38.00712],[-83.60698,38.01001],[-83.60794,38.01137],[-83.60708,38.0131],[-83.60451,38.01443],[-83.60103,38.01241],[-83.5951,38.01344],[-83.58562,38.01412],[-83.58242,38.01259],[-83.57748,38.01537],[-83.57739,38.01896],[-83.57355,38.0238],[-83.57609,38.02958],[-83.57603,38.03352],[-83.57268,38.04074],[-83.57324,38.0461],[-83.57637,38.04887],[-83.57638,38.04977],[-83.57792,38.05258],[-83.57506,38.05888],[-83.50117,38.04899],[-83.49991,38.04954],[-83.4989,38.05081],[-83.49877,38.05376],[-83.49827,38.05453],[-83.49294,38.05906],[-83.49099,38.05928],[-83.48655,38.06162],[-83.48069,38.06912],[-83.47611,38.06981],[-83.47095,38.06932],[-83.46989,38.06838],[-83.46907,38.06564],[-83.46744,38.06532],[-83.46475,38.06705],[-83.46361,38.06832],[-83.46275,38.07041],[-83.46315,38.07991],[-83.46547,38.08431],[-83.47493,38.08542],[-83.47994,38.0825],[-83.48975,38.08562],[-83.49355,38.08618],[-83.49722,38.08507],[-83.50201,38.0879],[-83.50425,38.08826],[-83.50636,38.08779],[-83.50709,38.08647],[-83.50851,38.07559],[-83.50975,38.07169],[-83.51111,38.07005],[-83.5132,38.06935],[-83.51424,38.0698],[-83.51631,38.0721],[-83.51883,38.08061],[-83.52204,38.08365],[-83.5196,38.08895],[-83.52293,38.09133],[-83.52643,38.09297],[-83.52866,38.09319],[-83.53145,38.09233],[-83.5332,38.09295],[-83.53442,38.09425],[-83.53443,38.09515],[-83.52941,38.10099],[-83.52534,38.10027],[-83.52362,38.10081],[-83.52179,38.10257],[-83.52078,38.10504],[-83.52129,38.10681],[-83.521,38.10741],[-83.51844,38.1082],[-83.51578,38.10779],[-83.51536,38.10826],[-83.51569,38.1105],[-83.51998,38.11512],[-83.52435,38.11867],[-83.52618,38.11941],[-83.53328,38.12054],[-83.53605,38.11887],[-83.54388,38.11555],[-83.54814,38.115],[-83.55329,38.11274],[-83.55565,38.11248],[-83.55908,38.11574],[-83.55919,38.11631],[-83.55779,38.11801],[-83.55318,38.12145],[-83.54981,38.13103],[-83.55039,38.13508],[-83.55129,38.13629],[-83.54835,38.14132],[-83.54919,38.1431],[-83.55204,38.14221],[-83.5541,38.13997],[-83.55445,38.13821],[-83.55381,38.13592],[-83.55404,38.13547],[-83.55523,38.13544],[-83.55659,38.13629],[-83.55821,38.14109],[-83.56094,38.14345],[-83.56826,38.14645],[-83.57186,38.14732],[-83.58489,38.14592],[-83.58987,38.13473],[-83.59227,38.13274],[-83.59497,38.1321],[-83.59775,38.12809],[-83.60294,38.12421],[-83.60473,38.12375],[-83.60601,38.12414],[-83.60678,38.12566],[-83.60386,38.128],[-83.60369,38.1293],[-83.60655,38.13095],[-83.61217,38.13159],[-83.61278,38.13207],[-83.61438,38.13536],[-83.61342,38.13582],[-83.61035,38.13575],[-83.61003,38.13717],[-83.61053,38.13756],[-83.6136,38.1374],[-83.61467,38.13829],[-83.61357,38.1411],[-83.61487,38.14186],[-83.61806,38.14213],[-83.6205,38.14721],[-83.62177,38.14824],[-83.62047,38.14982],[-83.61892,38.14976],[-83.61572,38.14842],[-83.61471,38.14872],[-83.61433,38.14939],[-83.615,38.15115],[-83.61842,38.15213],[-83.61937,38.15309],[-83.61732,38.15815],[-83.61497,38.16048],[-83.6124,38.16153],[-83.61086,38.16128],[-83.6079,38.15955],[-83.60654,38.15984],[-83.60622,38.16119],[-83.60707,38.16378],[-83.60573,38.16469],[-83.60127,38.16284],[-83.59991,38.16312],[-83.59875,38.16472],[-83.5989,38.166],[-83.60151,38.16792],[-83.6009,38.16891],[-83.59928,38.16934],[-83.59652,38.16831],[-83.59464,38.16822],[-83.592,38.16907],[-83.59055,38.1701],[-83.59084,38.17154],[-83.59516,38.17367],[-83.59725,38.17689],[-83.60186,38.17961],[-83.60166,38.1808],[-83.60038,38.18165],[-83.59618,38.18231],[-83.5963,38.18417],[-83.59785,38.18479],[-83.60343,38.18421],[-83.6045,38.18492],[-83.60543,38.18691],[-83.60639,38.18737],[-83.60766,38.18666],[-83.60778,38.18604],[-83.60699,38.18494],[-83.6052,38.18398],[-83.60499,38.18245],[-83.6056,38.18181],[-83.60786,38.18133],[-83.60934,38.18238],[-83.61012,38.1856],[-83.6116,38.18778],[-83.61372,38.18741],[-83.61392,38.18363],[-83.61134,38.18103],[-83.61061,38.17895],[-83.61087,38.17698],[-83.61226,38.17624],[-83.6162,38.17768],[-83.61855,38.17622],[-83.62073,38.17606],[-83.62661,38.18123],[-83.63435,38.18725],[-83.6353,38.18753],[-83.63641,38.18657],[-83.63661,38.18439],[-83.63908,38.17799],[-83.64424,38.17229],[-83.64673,38.17085],[-83.65003,38.17712],[-83.64968,38.18273],[-83.65406,38.19266],[-83.65901,38.20117],[-83.65976,38.2016],[-83.6635,38.20227],[-83.66745,38.20108],[-83.67087,38.19659],[-83.67206,38.19662],[-83.67365,38.19813],[-83.67893,38.20554],[-83.68246,38.21364],[-83.68409,38.21458],[-83.68562,38.214],[-83.68823,38.21135],[-83.69423,38.20952],[-83.68942,38.2003],[-83.68884,38.19817],[-83.68927,38.19751],[-83.69078,38.19694],[-83.69586,38.19733],[-83.69815,38.19877],[-83.70058,38.20169],[-83.7009,38.20803],[-83.69653,38.2129],[-83.69795,38.21721],[-83.69772,38.22292],[-83.69624,38.22647],[-83.69212,38.22926],[-83.6914,38.2305],[-83.69137,38.23457],[-83.69404,38.23814],[-83.69499,38.2404],[-83.69543,38.2434],[-83.69418,38.24555],[-83.68449,38.25196],[-83.68475,38.25475],[-83.68716,38.26049],[-83.68803,38.26159],[-83.68904,38.26186],[-83.69154,38.26054],[-83.69264,38.25811],[-83.69264,38.25301],[-83.69369,38.25009],[-83.69859,38.24623],[-83.70518,38.24383],[-83.7086,38.24358],[-83.71185,38.24504],[-83.7124,38.24639],[-83.71598,38.25009],[-83.71704,38.2528],[-83.71582,38.25511],[-83.71312,38.25696],[-83.70802,38.25841],[-83.70616,38.2603],[-83.70564,38.26319],[-83.70875,38.26744],[-83.71139,38.26824],[-83.72607,38.26888],[-83.72859,38.26702],[-83.73114,38.26302],[-83.73341,38.26197],[-83.73637,38.26343],[-83.73811,38.26649],[-83.73808,38.26913],[-83.73362,38.28194],[-83.73148,38.28354],[-83.72518,38.28357],[-83.72364,38.28556],[-83.72498,38.29196],[-83.72585,38.29301],[-83.72719,38.29349],[-83.73348,38.29388],[-83.73581,38.29331],[-83.7392,38.29113],[-83.74018,38.28665],[-83.74216,38.28514],[-83.75537,38.28429],[-83.75777,38.28512],[-83.7587,38.28626],[-83.75928,38.28754],[-83.7594,38.29242],[-83.75995,38.29381],[-83.76116,38.29491],[-83.76404,38.29525],[-83.76755,38.29411],[-83.76955,38.29219],[-83.77313,38.28695],[-83.77539,38.28563],[-83.77681,38.28581],[-83.7778,38.28677],[-83.7829,38.294],[-83.78441,38.29446],[-83.78697,38.29416],[-83.79393,38.29256],[-83.79602,38.29142],[-83.79739,38.2889],[-83.79878,38.28261],[-83.80137,38.27918],[-83.80224,38.27902],[-83.80967,38.28197],[-83.81324,38.28229],[-83.81437,38.28362],[-83.81512,38.28632],[-83.81373,38.29076],[-83.81643,38.29297],[-83.82055,38.2938],[-83.82189,38.2946],[-83.822,38.29595],[-83.82058,38.29942],[-83.8209,38.30016],[-83.82195,38.30068],[-83.83547,38.30267],[-83.83988,38.30256],[-83.84313,38.3002],[-83.8467,38.29642],[-83.84843,38.29682]]]}},{"type":"Feature","properties":{"NAME":"Fayette"},"geometry":{"type":"Polygon","coordinates":[[[-84.40184,38.20776],[-84.53899,38.15906],[-84.62065,38.12946],[-84.65755,38.01767],[-84.6603,38.00376],[-84.59245,37.98638],[-84.47948,37.94001],[-84.47815,37.93612],[-84.47615,37.93397],[-84.47393,37.9326],[-84.47188,37.92057],[-84.46554,37.91814],[-84.46175,37.91404],[-84.45276,37.90898],[-84.45226,37.90557],[-84.44816,37.89362],[-84.44628,37.88997],[-84.443,37.88713],[-84.44242,37.88385],[-84.44279,37.88266],[-84.44164,37.87855],[-84.43848,37.87362],[-84.43447,37.86873],[-84.43452,37.86789],[-84.43692,37.86457],[-84.43764,37.86255],[-84.43708,37.86012],[-84.43469,37.85612],[-84.43448,37.85445],[-84.43636,37.85138],[-84.43703,37.84831],[-84.43575,37.84711],[-84.42821,37.85378],[-84.42204,37.86861],[-84.42032,37.87039],[-84.41573,37.87215],[-84.41368,37.87213],[-84.41122,37.87148],[-84.41013,37.87071],[-84.4065,37.86562],[-84.40455,37.86047],[-84.39325,37.84764],[-84.39096,37.84596],[-84.38834,37.84525],[-84.38611,37.8454],[-84.38383,37.84674],[-84.37759,37.85197],[-84.36925,37.85415],[-84.3668,37.8561],[-84.36599,37.85764],[-84.36551,37.86076],[-84.37239,37.87593],[-84.37925,37.88818],[-84.38331,37.89333],[-84.38375,37.89613],[-84.38168,37.89983],[-84.37911,37.90133],[-84.37503,37.90149],[-84.36551,37.89735],[-84.3496,37.88697],[-84.34583,37.88185],[-84.34258,37.88137],[-84.34093,37.88213],[-84.33949,37.88397],[-84.33739,37.89194],[-84.34251,37.89593],[-84.34539,37.89679],[-84.34623,37.89653],[-84.348,37.89906],[-84.34623,37.90137],[-84.34295,37.90335],[-84.33936,37.90645],[-84.34279,37.91065],[-84.34255,37.91503],[-84.34021,37.91527],[-84.33922,37.91618],[-84.33997,37.91746],[-84.34117,37.91764],[-84.34167,37.9205],[-84.33942,37.92239],[-84.33595,37.92071],[-84.33181,37.92031],[-84.33098,37.92101],[-84.32997,37.92357],[-84.32998,37.92431],[-84.33256,37.92837],[-84.33982,37.93177],[-84.33958,37.93458],[-84.3379,37.93857],[-84.33203,37.94417],[-84.32901,37.94597],[-84.32338,37.9465],[-84.3183,37.94833],[-84.31731,37.94943],[-84.31427,37.95127],[-84.3111,37.95225],[-84.31062,37.95343],[-84.31158,37.95418],[-84.32115,37.95356],[-84.32258,37.95463],[-84.32325,37.95604],[-84.32005,37.96034],[-84.31443,37.96097],[-84.31206,37.96273],[-84.31184,37.96389],[-84.31266,37.96735],[-84.32278,37.96497],[-84.32387,37.9654],[-84.32422,37.96617],[-84.3241,37.96837],[-84.3212,37.97394],[-84.32077,37.97932],[-84.32152,37.98277],[-84.32432,37.98551],[-84.32547,37.98975],[-84.32398,37.99218],[-84.32043,37.99383],[-84.31965,37.99516],[-84.31974,37.99692],[-84.32083,37.9974],[-84.3224,38.00097],[-84.28272,38.01913],[-84.28531,38.02209],[-84.28776,38.02234],[-84.28907,38.02455],[-84.29059,38.02932],[-84.2903,38.03164],[-84.29086,38.03249],[-84.29282,38.03333],[-84.29285,38.03404],[-84.29146,38.03612],[-84.28818,38.03682],[-84.28597,38.03815],[-84.28459,38.04085],[-84.28467,38.04727],[-84.2863,38.05482],[-84.28448,38.05612],[-84.28376,38.05765],[-84.28448,38.06495],[-84.28634,38.06706],[-84.28443,38.06914],[-84.2843,38.07026],[-84.28755,38.0752],[-84.2984,38.08037],[-84.30445,38.08556],[-84.31149,38.08674],[-84.31318,38.08967],[-84.31418,38.09276],[-84.31515,38.0932],[-84.31805,38.09293],[-84.31952,38.09136],[-84.32053,38.08912],[-84.32635,38.085],[-84.33018,38.08567],[-84.34365,38.09109],[-84.34416,38.09472],[-84.35026,38.09741],[-84.35459,38.09834],[-84.35767,38.09794],[-84.36045,38.09871],[-84.364,38.10072],[-84.36706,38.1028],[-84.36962,38.10688],[-84.36978,38.10882],[-84.37365,38.11004],[-84.37629,38.10992],[-84.3793,38.11103],[-84.381,38.1134],[-84.37732,38.11807],[-84.37698,38.11909],[-84.37781,38.1213],[-84.37642,38.12256],[-84.37027,38.12445],[-84.36851,38.12634],[-84.36736,38.13],[-84.36771,38.13255],[-84.3685,38.13356],[-84.36996,38.14709],[-84.37093,38.15019],[-84.36981,38.15288],[-84.37247,38.15669],[-84.37175,38.1625],[-84.36767,38.16314],[-84.36293,38.16716],[-84.36407,38.16869],[-84.36357,38.16997],[-84.36276,38.17109],[-84.35923,38.17341],[-84.35711,38.17661],[-84.35663,38.17911],[-84.36026,38.1844],[-84.35962,38.18552],[-84.35776,38.18698],[-84.3586,38.19448],[-84.35978,38.19538],[-84.36464,38.19603],[-84.36716,38.19863],[-84.36802,38.20034],[-84.3713,38.20029],[-84.37439,38.20299],[-84.37485,38.20531],[-84.37304,38.20735],[-84.37298,38.208],[-84.37703,38.21069],[-84.37892,38.21138],[-84.38772,38.2097],[-84.39274,38.20799],[-84.3944,38.20656],[-84.39692,38.20555],[-84.40127,38.20517],[-84.40184,38.20776]]]}},{"type":"Feature","properties":{"NAME":"Montgomery"},"geometry":{"type":"Polygon","coordinates":[[[-84.04126,38.14329],[-84.04275,38.14144],[-84.04946,38.13748],[-84.06035,38.13387],[-84.06637,38.1287],[-84.06949,38.12425],[-84.08053,38.11511],[-84.05441,38.07573],[-83.99993,37.989],[-83.96656,37.93124],[-83.95978,37.93399],[-83.91459,37.91956],[-83.91316,37.9186],[-83.90807,37.91676],[-83.89367,37.91685],[-83.8875,37.91599],[-83.8802,37.91378],[-83.88053,37.90894],[-83.87839,37.9049],[-83.87672,37.90451],[-83.87543,37.90595],[-83.86557,37.90696],[-83.86136,37.90627],[-83.8605,37.90535],[-83.85232,37.90281],[-83.84405,37.90294],[-83.84372,37.90508],[-83.84293,37.90602],[-83.84136,37.90632],[-83.83103,37.90506],[-83.82837,37.90647],[-83.82231,37.9057],[-83.8208,37.90379],[-83.81388,37.90116],[-83.8126,37.90329],[-83.81152,37.90389],[-83.80566,37.9042],[-83.80228,37.905],[-83.79974,37.90744],[-83.79236,37.90699],[-83.78546,37.90734],[-83.78169,37.90926],[-83.78115,37.91056],[-83.77668,37.91137],[-83.77081,37.91567],[-83.76886,37.91844],[-83.7644,37.92885],[-83.76451,37.92935],[-83.76664,37.93047],[-83.77276,37.93283],[-83.77374,37.93408],[-83.77531,37.93913],[-83.77417,37.95423],[-83.7727,37.95872],[-83.77009,37.9613],[-83.77577,37.97242],[-83.77448,37.97292],[-83.77359,37.97394],[-83.77464,37.98227],[-83.77583,37.98714],[-83.77447,37.99015],[-83.77328,37.99025],[-83.7693,37.98808],[-83.76756,37.98598],[-83.76533,37.98582],[-83.76463,37.9869],[-83.76185,37.99781],[-83.75943,37.99879],[-83.75578,38.00425],[-83.75567,38.00525],[-83.80187,38.04167],[-83.8211,38.08139],[-83.85992,38.11758],[-83.88137,38.13649],[-83.93181,38.14803],[-83.93719,38.14695],[-83.94287,38.14963],[-83.94148,38.15077],[-83.94278,38.15185],[-83.95063,38.15304],[-83.95011,38.15507],[-83.95628,38.15869],[-83.95559,38.16004],[-83.95095,38.16306],[-83.95237,38.16445],[-83.95374,38.16452],[-83.96159,38.15985],[-83.96109,38.15457],[-83.96185,38.15391],[-83.96344,38.15388],[-83.96434,38.15441],[-83.96437,38.15718],[-83.96799,38.15951],[-83.97248,38.16028],[-83.97404,38.16333],[-83.97321,38.16644],[-83.96996,38.16523],[-83.96727,38.16557],[-83.96576,38.16726],[-83.96536,38.17021],[-83.96646,38.17133],[-83.96805,38.17177],[-83.97277,38.17165],[-83.97941,38.17526],[-83.97959,38.17615],[-83.97898,38.17682],[-83.97292,38.17776],[-83.9711,38.17918],[-83.97235,38.18153],[-83.97623,38.18261],[-83.97945,38.18267],[-83.98014,38.18325],[-83.98029,38.18489],[-83.97948,38.18796],[-83.97861,38.18814],[-83.9753,38.18663],[-83.97078,38.1867],[-83.96997,38.18689],[-83.96989,38.18743],[-83.9705,38.19039],[-83.97142,38.19178],[-83.9725,38.19178],[-83.97452,38.19084],[-83.97818,38.19219],[-83.99021,38.17506],[-84.03219,38.14873],[-84.03584,38.14755],[-84.04126,38.14329]]]}},{"type":"Feature","properties":{"NAME":"Morgan"},"geometry":{"type":"Polygon","coordinates":[[[-83.35717,38.06635],[-83.3596,38.06574],[-83.36383,38.06636],[-83.37122,38.06946],[-83.37176,38.06863],[-83.37184,38.06492],[-83.37078,38.06286],[-83.37113,38.05956],[-83.374,38.0591],[-83.37975,38.06193],[-83.38097,38.06211],[-83.38278,38.05674],[-83.38629,38.05431],[-83.38963,38.05477],[-83.39154,38.04858],[-83.39607,38.04571],[-83.39525,38.04192],[-83.39891,38.03886],[-83.40877,38.03913],[-83.41133,38.04116],[-83.41226,38.04321],[-83.41678,38.048],[-83.4205,38.0477],[-83.43069,38.04448],[-83.43422,38.04286],[-83.43489,38.03978],[-83.43267,38.03924],[-83.43218,38.03864],[-83.43389,38.0341],[-83.44427,37.94245],[-83.49609,37.89073],[-83.49912,37.87457],[-83.50622,37.86997],[-83.50657,37.86934],[-83.50254,37.86785],[-83.49721,37.86795],[-83.49617,37.86737],[-83.49197,37.86405],[-83.49512,37.8619],[-83.49429,37.86039],[-83.48321,37.85294],[-83.47811,37.85199],[-83.47896,37.85074],[-83.48096,37.85033],[-83.48227,37.85045],[-83.48327,37.85139],[-83.48432,37.8515],[-83.48441,37.84395],[-83.4804,37.84374],[-83.48105,37.84123],[-83.48064,37.84045],[-83.47897,37.84001],[-83.47647,37.84092],[-83.47537,37.84257],[-83.46465,37.84355],[-83.45538,37.84269],[-83.45585,37.84001],[-83.45245,37.83635],[-83.44624,37.83651],[-83.44123,37.83508],[-83.44049,37.83329],[-83.44256,37.83154],[-83.44365,37.8297],[-83.44244,37.82675],[-83.4355,37.82277],[-83.43325,37.82004],[-83.43311,37.81912],[-83.41974,37.81609],[-83.41614,37.81736],[-83.41179,37.81678],[-83.40997,37.81559],[-83.40612,37.81477],[-83.38616,37.81362],[-83.38494,37.80851],[-83.38486,37.80246],[-83.38627,37.80154],[-83.38549,37.79997],[-83.37699,37.79818],[-83.36679,37.8011],[-83.36385,37.80033],[-83.36172,37.79821],[-83.34974,37.79174],[-83.3482,37.78707],[-83.34718,37.7855],[-83.33575,37.7788],[-83.33505,37.77877],[-83.33346,37.77998],[-83.33322,37.78194],[-83.33228,37.7836],[-83.33084,37.78406],[-83.32946,37.7832],[-83.3263,37.77915],[-83.32681,37.77662],[-83.32845,37.7749],[-83.32873,37.77313],[-83.33399,37.7638],[-83.3333,37.76363],[-83.33435,37.76166],[-83.3341,37.75821],[-83.32605,37.75288],[-83.31261,37.74951],[-83.31086,37.74853],[-83.30931,37.74497],[-83.30556,37.74268],[-83.30399,37.74254],[-83.30309,37.74405],[-83.29639,37.74482],[-83.2932,37.74432],[-83.28912,37.7421],[-83.28685,37.73908],[-83.28879,37.73762],[-83.28834,37.7349],[-83.28427,37.73578],[-83.28364,37.73713],[-83.2828,37.73728],[-83.28095,37.73438],[-83.28,37.73177],[-83.28169,37.72589],[-83.28122,37.71883],[-83.27295,37.71341],[-83.26529,37.7151],[-83.26206,37.71261],[-83.2619,37.71606],[-83.26268,37.7201],[-83.26127,37.72541],[-83.25964,37.7261],[-83.25846,37.72528],[-83.25311,37.72481],[-83.25024,37.7297],[-83.25106,37.73321],[-83.24244,37.73834],[-83.24326,37.74421],[-83.26976,37.76608],[-83.27053,37.76722],[-83.27069,37.76914],[-83.25181,37.77733],[-83.24998,37.77893],[-83.25118,37.78111],[-83.24205,37.7877],[-83.23332,37.79216],[-83.22437,37.79065],[-83.22358,37.79215],[-83.224,37.79343],[-83.22582,37.79528],[-83.22544,37.79673],[-83.21859,37.80415],[-83.21823,37.80669],[-83.21633,37.81024],[-83.20774,37.81923],[-83.20366,37.82019],[-83.2002,37.8195],[-83.19466,37.81686],[-83.18193,37.81945],[-83.17848,37.82183],[-83.17728,37.82525],[-83.17406,37.8298],[-83.17394,37.83181],[-83.1133,37.8641],[-83.13136,37.89269],[-83.12844,37.89464],[-83.12624,37.89467],[-83.11674,37.89169],[-83.10937,37.89241],[-83.10686,37.89436],[-83.10553,37.89426],[-83.10484,37.89272],[-83.10077,37.89058],[-83.09706,37.89013],[-83.09508,37.89083],[-83.08919,37.89034],[-83.08167,37.8872],[-83.07475,37.88262],[-83.0707,37.87911],[-83.0648,37.87247],[-83.05681,37.87012],[-83.05474,37.86997],[-83.04367,37.87433],[-83.04531,37.87671],[-83.0447,37.8785],[-83.03957,37.88474],[-83.03448,37.88639],[-83.0328,37.88539],[-83.03195,37.88288],[-83.02757,37.87764],[-83.02241,37.8751],[-83.0215,37.86801],[-83.02444,37.8652],[-83.01584,37.86593],[-83.01471,37.8652],[-83.01393,37.86364],[-83.00701,37.85991],[-83.00456,37.8591],[-82.99989,37.8654],[-82.99785,37.86897],[-82.99399,37.87072],[-82.99133,37.87125],[-82.99022,37.87005],[-82.98911,37.86993],[-82.98794,37.87092],[-82.9848,37.87621],[-82.98347,37.87945],[-82.983,37.88456],[-82.98822,37.8914],[-82.98775,37.89669],[-82.98634,37.89848],[-82.98203,37.89872],[-82.98035,37.89729],[-82.97975,37.89553],[-82.97725,37.89338],[-82.97649,37.89323],[-82.97387,37.89555],[-82.96991,37.8978],[-82.96852,37.89745],[-82.96655,37.89373],[-82.96518,37.8929],[-82.96357,37.89256],[-82.96142,37.89381],[-82.96332,37.89742],[-82.96411,37.9032],[-82.96215,37.90484],[-82.96098,37.90685],[-82.96153,37.91274],[-82.96359,37.91297],[-82.96599,37.91214],[-82.96645,37.91114],[-82.96724,37.91096],[-82.97024,37.91111],[-82.97143,37.91181],[-82.97313,37.91411],[-82.97049,37.91905],[-82.9689,37.91977],[-82.96817,37.921],[-82.96844,37.92393],[-82.96927,37.92511],[-82.97085,37.92562],[-82.97545,37.93078],[-82.97627,37.93512],[-82.97577,37.93653],[-82.97724,37.93921],[-82.98381,37.94182],[-82.98522,37.94294],[-82.98561,37.94393],[-82.98471,37.94513],[-82.98089,37.94407],[-82.9806,37.94833],[-82.98148,37.95007],[-82.98482,37.95189],[-82.98738,37.95594],[-82.98768,37.96081],[-82.98904,37.96396],[-82.99214,37.96147],[-82.99336,37.96146],[-83.00897,37.96813],[-83.01088,37.96994],[-83.01005,37.97163],[-83.01181,37.97336],[-83.01582,37.97561],[-83.01768,37.98],[-83.02207,37.98191],[-83.02207,37.98794],[-83.0242,37.98788],[-83.02526,37.99108],[-83.02509,37.99283],[-83.02168,37.99561],[-83.01935,37.99925],[-83.0226,38.0009],[-83.02424,38.00359],[-83.02186,38.00564],[-83.0222,38.00709],[-83.02437,38.00714],[-83.02476,38.00797],[-83.02435,38.00958],[-83.02785,38.00986],[-83.02923,38.00953],[-83.03578,38.00413],[-83.03682,38.00223],[-83.03661,38.00088],[-83.03895,37.9997],[-83.04834,37.99661],[-83.0553,37.99833],[-83.05715,37.99931],[-83.05638,38.00269],[-83.05906,38.00618],[-83.06072,38.00611],[-83.0651,38.00787],[-83.0699,38.0048],[-83.07161,38.0018],[-83.07354,38.00154],[-83.07397,38.00274],[-83.07511,38.00283],[-83.07945,38.00689],[-83.08727,38.00791],[-83.09301,38.00798],[-83.09662,38.00979],[-83.10227,38.00846],[-83.10489,38.00602],[-83.10838,38.00484],[-83.111,38.00487],[-83.11324,38.00581],[-83.11444,38.00532],[-83.11486,38.00435],[-83.12236,38.00237],[-83.12401,38.00446],[-83.13329,38.00479],[-83.13559,38.00447],[-83.1368,38.00393],[-83.14015,38.00009],[-83.14185,37.99725],[-83.14473,37.99655],[-83.14518,37.9979],[-83.14712,38.00036],[-83.15183,38.00528],[-83.15151,38.00985],[-83.15279,38.01069],[-83.15579,38.01075],[-83.15812,38.00853],[-83.15941,38.00808],[-83.16698,38.01182],[-83.17208,38.01491],[-83.17353,38.01634],[-83.17601,38.01451],[-83.1766,38.01273],[-83.19179,38.01145],[-83.19535,38.01193],[-83.20284,38.01393],[-83.20414,38.01494],[-83.2085,38.02057],[-83.21149,38.02228],[-83.21223,38.025],[-83.21096,38.02692],[-83.21242,38.02705],[-83.2148,38.02819],[-83.21658,38.02629],[-83.2191,38.02605],[-83.22142,38.02733],[-83.22381,38.03125],[-83.22104,38.03258],[-83.22092,38.03744],[-83.22243,38.04371],[-83.22875,38.04501],[-83.23098,38.04639],[-83.23141,38.04796],[-83.23096,38.0499],[-83.23272,38.05188],[-83.23831,38.05355],[-83.23972,38.05246],[-83.24506,38.05075],[-83.2499,38.0502],[-83.25661,38.0545],[-83.26101,38.0556],[-83.26555,38.0586],[-83.2681,38.05917],[-83.27061,38.06832],[-83.27061,38.07457],[-83.26875,38.07919],[-83.26626,38.08265],[-83.26336,38.09013],[-83.26385,38.09493],[-83.26067,38.09868],[-83.26098,38.10225],[-83.26376,38.10408],[-83.26581,38.10629],[-83.26749,38.107],[-83.26955,38.10523],[-83.27048,38.10621],[-83.26972,38.10894],[-83.2681,38.10974],[-83.26439,38.11342],[-83.26313,38.1154],[-83.27366,38.11173],[-83.27491,38.10944],[-83.2767,38.10757],[-83.28218,38.10635],[-83.28525,38.1043],[-83.28629,38.1021],[-83.29935,38.0999],[-83.30013,38.09775],[-83.29883,38.09283],[-83.3032,38.09073],[-83.3078,38.09096],[-83.31985,38.08876],[-83.32158,38.08665],[-83.3261,38.08487],[-83.32766,38.08544],[-83.33001,38.08535],[-83.33377,38.08734],[-83.33415,38.08871],[-83.3349,38.08883],[-83.33895,38.08702],[-83.3395,38.08597],[-83.33832,38.08473],[-83.33771,38.08242],[-83.34118,38.07825],[-83.34294,38.07818],[-83.34615,38.07226],[-83.34601,38.07171],[-83.34291,38.06972],[-83.34291,38.06917],[-83.34612,38.06791],[-83.34946,38.06738],[-83.35136,38.065],[-83.35717,38.06635]]]}},{"type":"Feature","properties":{"NAME":"Clark"},"geometry":{"type":"Polygon","coordinates":[[[-84.08053,38.11511],[-84.28634,38.06706],[-84.28448,38.06495],[-84.28376,38.05765],[-84.28448,38.05612],[-84.2863,38.05482],[-84.28467,38.04727],[-84.28459,38.04085],[-84.28597,38.03815],[-84.28818,38.03682],[-84.29146,38.03612],[-84.29285,38.03404],[-84.29282,38.03333],[-84.29086,38.03249],[-84.2903,38.03164],[-84.29059,38.02932],[-84.28907,38.02455],[-84.28776,38.02234],[-84.28531,38.02209],[-84.28272,38.01913],[-84.3224,38.00097],[-84.32083,37.9974],[-84.31974,37.99692],[-84.31965,37.99516],[-84.32043,37.99383],[-84.32398,37.99218],[-84.32547,37.98975],[-84.32432,37.98551],[-84.32152,37.98277],[-84.32077,37.97932],[-84.3212,37.97394],[-84.3241,37.96837],[-84.32422,37.96617],[-84.32387,37.9654],[-84.32278,37.96497],[-84.31266,37.96735],[-84.31184,37.96389],[-84.31206,37.96273],[-84.31443,37.96097],[-84.32005,37.96034],[-84.32325,37.95604],[-84.32258,37.95463],[-84.32115,37.95356],[-84.31158,37.95418],[-84.31062,37.95343],[-84.3111,37.95225],[-84.31427,37.95127],[-84.31731,37.94943],[-84.3183,37.94833],[-84.32338,37.9465],[-84.32901,37.94597],[-84.33203,37.94417],[-84.3379,37.93857],[-84.33958,37.93458],[-84.33982,37.93177],[-84.33256,37.92837],[-84.32998,37.92431],[-84.32997,37.92357],[-84.33098,37.92101],[-84.33181,37.92031],[-84.33595,37.92071],[-84.33942,37.92239],[-84.34167,37.9205],[-84.34117,37.91764],[-84.33997,37.91746],[-84.33922,37.91618],[-84.34021,37.91527],[-84.34255,37.91503],[-84.34279,37.91065],[-84.33936,37.90645],[-84.34295,37.90335],[-84.34623,37.90137],[-84.348,37.89906],[-84.34623,37.89653],[-84.34539,37.89679],[-84.34251,37.89593],[-84.33739,37.89194],[-84.33659,37.89316],[-84.33358,37.89522],[-84.328,37.89748],[-84.31506,37.90116],[-84.30906,37.90357],[-84.30504,37.90444],[-84.30027,37.90453],[-84.29851,37.90498],[-84.2857,37.91236],[-84.27239,37.91748],[-84.27035,37.91721],[-84.26893,37.91593],[-84.26885,37.91247],[-84.27043,37.90778],[-84.27027,37.90668],[-84.26331,37.89898],[-84.2615,37.89573],[-84.26256,37.88749],[-84.26517,37.88444],[-84.26557,37.88119],[-84.26489,37.87905],[-84.26302,37.87676],[-84.26142,37.87602],[-84.26014,37.8761],[-84.25086,37.88354],[-84.24503,37.88566],[-84.23781,37.8873],[-84.23233,37.8862],[-84.22967,37.8847],[-84.22653,37.88149],[-84.22359,37.87509],[-84.22107,37.87126],[-84.2159,37.8695],[-84.21254,37.86934],[-84.20495,37.87031],[-84.19725,37.87509],[-84.18969,37.87846],[-84.18515,37.87927],[-84.1829,37.87903],[-84.17311,37.87542],[-84.17161,37.87447],[-84.17044,37.87308],[-84.16998,37.87127],[-84.1694,37.86576],[-84.16727,37.86227],[-84.16589,37.86141],[-84.16177,37.86147],[-84.15345,37.86525],[-84.14914,37.86664],[-84.14302,37.86738],[-84.12982,37.86772],[-84.1275,37.86647],[-84.12281,37.86202],[-84.12035,37.8593],[-84.11557,37.85228],[-84.11018,37.85005],[-84.10752,37.85046],[-84.09998,37.85894],[-84.09725,37.86039],[-84.09354,37.86143],[-84.08984,37.86144],[-84.0884,37.86062],[-84.08043,37.8528],[-84.07711,37.85101],[-84.07916,37.84801],[-84.08026,37.84488],[-84.07746,37.83889],[-84.07769,37.83351],[-84.07639,37.8245],[-84.07555,37.82354],[-84.07238,37.82194],[-84.06947,37.82191],[-84.06707,37.82365],[-84.06615,37.82592],[-84.06687,37.82882],[-84.06647,37.83093],[-84.05931,37.8334],[-84.05781,37.8352],[-84.05675,37.83967],[-84.05686,37.84298],[-84.05747,37.845],[-84.05943,37.84737],[-84.05917,37.84785],[-84.05461,37.84758],[-84.05383,37.84712],[-84.05222,37.84152],[-84.0491,37.83777],[-84.04723,37.83728],[-84.04215,37.83925],[-84.03976,37.8339],[-84.03581,37.83403],[-84.02681,37.83703],[-84.02476,37.83787],[-84.01994,37.8416],[-84.01579,37.84293],[-84.01483,37.84272],[-84.01319,37.84139],[-84.01313,37.84059],[-84.01735,37.83972],[-84.02049,37.83762],[-84.02055,37.83531],[-84.01775,37.83314],[-84.01683,37.83281],[-84.00593,37.83354],[-84.00429,37.83436],[-84.00218,37.83805],[-84.01068,37.8486],[-84.00966,37.85283],[-84.00871,37.85287],[-84.00848,37.85363],[-84.00995,37.85505],[-84.01234,37.85589],[-84.01497,37.85624],[-84.01811,37.85574],[-84.02022,37.85649],[-84.02198,37.85782],[-84.02293,37.85878],[-84.02696,37.86672],[-84.02745,37.86978],[-84.02286,37.87074],[-84.01992,37.86974],[-84.01883,37.86843],[-84.01759,37.86095],[-84.01572,37.85873],[-84.01462,37.85827],[-84.00732,37.85948],[-84.00634,37.8609],[-84.00599,37.86417],[-84.00117,37.87046],[-83.99655,37.87832],[-83.99655,37.8788],[-83.99855,37.88054],[-83.99613,37.8829],[-83.99627,37.88454],[-83.99844,37.8874],[-83.99218,37.89614],[-83.99016,37.89989],[-83.9884,37.8993],[-83.98739,37.89964],[-83.98595,37.90294],[-83.98595,37.9034],[-83.98682,37.90367],[-83.98904,37.90355],[-83.99097,37.90282],[-83.99181,37.90335],[-83.99219,37.90724],[-83.99092,37.91181],[-83.9898,37.91323],[-83.99248,37.91446],[-83.99148,37.9165],[-83.98266,37.92396],[-83.97895,37.9233],[-83.97612,37.92357],[-83.97629,37.92499],[-83.97985,37.92755],[-83.97967,37.92824],[-83.97731,37.92929],[-83.97124,37.92941],[-83.96807,37.93133],[-83.96656,37.93124],[-83.99993,37.989],[-84.05441,38.07573],[-84.08053,38.11511]]]}},{"type":"Feature","properties":{"NAME":"Menifee"},"geometry":{"type":"Polygon","coordinates":[[[-83.4989,38.05081],[-83.49991,38.04954],[-83.50117,38.04899],[-83.57506,38.05888],[-83.57792,38.05258],[-83.57638,38.04977],[-83.57637,38.04887],[-83.57324,38.0461],[-83.57268,38.04074],[-83.57603,38.03352],[-83.57609,38.02958],[-83.57355,38.0238],[-83.57739,38.01896],[-83.57748,38.01537],[-83.58242,38.01259],[-83.58562,38.01412],[-83.5951,38.01344],[-83.60103,38.01241],[-83.60451,38.01443],[-83.60708,38.0131],[-83.60794,38.01137],[-83.60698,38.01001],[-83.61017,38.00712],[-83.6116,38.0081],[-83.61257,38.01031],[-83.61589,38.01322],[-83.61768,38.01412],[-83.61983,38.01415],[-83.62357,38.02064],[-83.62553,38.02296],[-83.63517,38.02696],[-83.65189,38.02392],[-83.65372,38.02436],[-83.65721,38.0276],[-83.65945,38.02833],[-83.6624,38.02782],[-83.66914,38.02455],[-83.67133,38.02157],[-83.67138,38.02026],[-83.67542,38.01782],[-83.68658,38.01357],[-83.70577,38.01209],[-83.71521,38.0044],[-83.71749,38.0033],[-83.72691,38.00699],[-83.72745,38.00772],[-83.72718,38.00875],[-83.7307,38.01052],[-83.73806,38.01019],[-83.74403,38.00688],[-83.74568,38.00443],[-83.74492,38.00182],[-83.74527,38.00009],[-83.74846,37.99718],[-83.75644,37.99262],[-83.75692,37.99262],[-83.75863,37.99558],[-83.75943,37.99879],[-83.76185,37.99781],[-83.76463,37.9869],[-83.76533,37.98582],[-83.76756,37.98598],[-83.7693,37.98808],[-83.77328,37.99025],[-83.77447,37.99015],[-83.77583,37.98714],[-83.77464,37.98227],[-83.77359,37.97394],[-83.77448,37.97292],[-83.77577,37.97242],[-83.77009,37.9613],[-83.7727,37.95872],[-83.77417,37.95423],[-83.77531,37.93913],[-83.77374,37.93408],[-83.77276,37.93283],[-83.76451,37.92935],[-83.76886,37.91844],[-83.76751,37.91739],[-83.76528,37.91702],[-83.76307,37.91752],[-83.7579,37.91583],[-83.75585,37.91369],[-83.75676,37.91096],[-83.7566,37.90835],[-83.75857,37.90632],[-83.75904,37.90477],[-83.75808,37.90184],[-83.75616,37.89969],[-83.74871,37.89519],[-83.67748,37.85651],[-83.67374,37.85249],[-83.6675,37.85251],[-83.66677,37.85091],[-83.66803,37.84885],[-83.67087,37.84637],[-83.67599,37.84393],[-83.67461,37.84258],[-83.67271,37.84221],[-83.67037,37.84313],[-83.66705,37.84564],[-83.66624,37.84569],[-83.66166,37.84031],[-83.66146,37.83816],[-83.6635,37.83535],[-83.66091,37.83342],[-83.65678,37.83217],[-83.65208,37.83484],[-83.65096,37.83493],[-83.64752,37.83322],[-83.64683,37.83058],[-83.64332,37.82587],[-83.64121,37.82546],[-83.63732,37.8263],[-83.63112,37.82543],[-83.62842,37.8227],[-83.62691,37.82305],[-83.62492,37.82458],[-83.62143,37.83355],[-83.6206,37.83456],[-83.61743,37.83543],[-83.60534,37.83189],[-83.60583,37.83065],[-83.60886,37.82903],[-83.6079,37.82825],[-83.60058,37.83017],[-83.59801,37.82583],[-83.598,37.82194],[-83.5963,37.82027],[-83.59065,37.81844],[-83.58725,37.81967],[-83.5865,37.82077],[-83.58624,37.82491],[-83.58555,37.82549],[-83.582,37.8245],[-83.58185,37.8227],[-83.58292,37.82116],[-83.58165,37.82036],[-83.57516,37.81981],[-83.57081,37.82094],[-83.56873,37.82162],[-83.5644,37.82521],[-83.56215,37.82494],[-83.5623,37.82357],[-83.55581,37.82096],[-83.54635,37.82494],[-83.53942,37.82672],[-83.53608,37.82572],[-83.5327,37.8275],[-83.53215,37.82839],[-83.52944,37.83027],[-83.52396,37.83139],[-83.52644,37.83375],[-83.52439,37.84036],[-83.52199,37.84228],[-83.52002,37.84623],[-83.51613,37.85209],[-83.4995,37.85693],[-83.49764,37.85858],[-83.49719,37.8601],[-83.49197,37.86405],[-83.49721,37.86795],[-83.50254,37.86785],[-83.50657,37.86934],[-83.50622,37.86997],[-83.49912,37.87457],[-83.49609,37.89073],[-83.44427,37.94245],[-83.43389,38.0341],[-83.43596,38.03204],[-83.43857,38.0309],[-83.443,38.03056],[-83.44846,38.03097],[-83.44978,38.03054],[-83.45134,38.02796],[-83.4502,38.02035],[-83.4504,38.01942],[-83.45113,38.019],[-83.4552,38.01762],[-83.46334,38.01704],[-83.46586,38.01763],[-83.46874,38.01908],[-83.46902,38.02009],[-83.46852,38.02176],[-83.4663,38.02315],[-83.46128,38.02513],[-83.45482,38.02947],[-83.45476,38.03101],[-83.4559,38.03261],[-83.45742,38.03289],[-83.46236,38.03195],[-83.47537,38.0256],[-83.47918,38.02669],[-83.47965,38.0281],[-83.47858,38.03268],[-83.47365,38.03764],[-83.4722,38.03848],[-83.4675,38.03957],[-83.46507,38.04228],[-83.46334,38.04918],[-83.46369,38.05001],[-83.46901,38.05018],[-83.4729,38.04774],[-83.48284,38.04654],[-83.49366,38.04889],[-83.4989,38.05081]]]}},{"type":"Feature","properties":{"NAME":"Jessamine"},"geometry":{"type":"Polygon","coordinates":[[[-84.6603,38.00376],[-84.70977,37.86193],[-84.69394,37.85945],[-84.69197,37.85867],[-84.69085,37.85784],[-84.68895,37.85481],[-84.68879,37.85131],[-84.69038,37.84862],[-84.69496,37.84567],[-84.69874,37.84463],[-84.70825,37.84403],[-84.71249,37.84317],[-84.71681,37.84095],[-84.72079,37.8369],[-84.72367,37.83237],[-84.72465,37.82465],[-84.72388,37.82198],[-84.72067,37.81758],[-84.71892,37.81621],[-84.71648,37.81544],[-84.71217,37.81623],[-84.70757,37.8183],[-84.70497,37.81991],[-84.69896,37.82582],[-84.69598,37.82763],[-84.69059,37.82923],[-84.68459,37.83008],[-84.68046,37.82999],[-84.67689,37.82804],[-84.67584,37.82627],[-84.67505,37.82263],[-84.67533,37.81767],[-84.67836,37.81024],[-84.67974,37.802],[-84.67957,37.79904],[-84.67853,37.79433],[-84.67646,37.78952],[-84.67337,37.78636],[-84.66872,37.78376],[-84.66361,37.78297],[-84.65755,37.78364],[-84.65386,37.78546],[-84.65,37.7892],[-84.64926,37.79206],[-84.64996,37.79363],[-84.65315,37.79766],[-84.65873,37.80323],[-84.65968,37.80504],[-84.66029,37.8078],[-84.65955,37.8091],[-84.65722,37.80984],[-84.64921,37.8096],[-84.64107,37.80654],[-84.6272,37.80497],[-84.62019,37.80496],[-84.61632,37.80384],[-84.60952,37.80041],[-84.6082,37.79879],[-84.60752,37.79543],[-84.60781,37.79392],[-84.60873,37.79268],[-84.61055,37.7916],[-84.61335,37.79126],[-84.61669,37.79207],[-84.62495,37.79662],[-84.62929,37.79709],[-84.63332,37.79626],[-84.63907,37.79389],[-84.64311,37.79133],[-84.64455,37.78891],[-84.64497,37.78706],[-84.64497,37.78542],[-84.64319,37.77847],[-84.64074,37.77548],[-84.63765,37.77327],[-84.63453,37.77267],[-84.6272,37.77418],[-84.62495,37.7735],[-84.62007,37.7704],[-84.61192,37.76677],[-84.60462,37.75912],[-84.60423,37.75725],[-84.6057,37.75519],[-84.61026,37.75182],[-84.61552,37.74903],[-84.61643,37.74774],[-84.61541,37.74585],[-84.60648,37.74302],[-84.60519,37.74335],[-84.60375,37.74473],[-84.60109,37.75009],[-84.59762,37.75292],[-84.5915,37.75413],[-84.58775,37.75358],[-84.58603,37.75255],[-84.58523,37.75079],[-84.58634,37.74725],[-84.58978,37.74192],[-84.58763,37.73579],[-84.58644,37.73455],[-84.57979,37.7311],[-84.57224,37.72873],[-84.57075,37.72892],[-84.56914,37.72981],[-84.5633,37.73627],[-84.55916,37.74527],[-84.5565,37.74845],[-84.54979,37.75191],[-84.54157,37.75354],[-84.53913,37.7551],[-84.53859,37.75597],[-84.53816,37.75956],[-84.53904,37.76467],[-84.53874,37.76671],[-84.53741,37.76851],[-84.53468,37.77042],[-84.53283,37.77103],[-84.5256,37.76958],[-84.52331,37.7745],[-84.52328,37.77618],[-84.52124,37.7784],[-84.51225,37.78192],[-84.49994,37.78402],[-84.49573,37.78532],[-84.49235,37.78852],[-84.48513,37.79682],[-84.48344,37.80132],[-84.48233,37.80211],[-84.47979,37.80273],[-84.47739,37.80263],[-84.47608,37.80162],[-84.47375,37.79731],[-84.47146,37.79635],[-84.4675,37.7964],[-84.46449,37.79907],[-84.46248,37.80226],[-84.46192,37.80413],[-84.46348,37.80825],[-84.47122,37.82025],[-84.47242,37.82162],[-84.47832,37.82586],[-84.48205,37.83175],[-84.48423,37.8366],[-84.48519,37.8402],[-84.48513,37.84265],[-84.48386,37.84553],[-84.47781,37.85234],[-84.47565,37.85341],[-84.47304,37.85308],[-84.47028,37.851],[-84.4664,37.84633],[-84.46242,37.843],[-84.45773,37.84095],[-84.45437,37.84021],[-84.44938,37.84002],[-84.44436,37.84105],[-84.44074,37.84282],[-84.43575,37.84711],[-84.43703,37.84831],[-84.43636,37.85138],[-84.43448,37.85445],[-84.43469,37.85612],[-84.43708,37.86012],[-84.43764,37.86255],[-84.43692,37.86457],[-84.43452,37.86789],[-84.43447,37.86873],[-84.43848,37.87362],[-84.44164,37.87855],[-84.44279,37.88266],[-84.44242,37.88385],[-84.443,37.88713],[-84.44628,37.88997],[-84.44816,37.89362],[-84.45226,37.90557],[-84.45276,37.90898],[-84.46175,37.91404],[-84.46554,37.91814],[-84.47188,37.92057],[-84.47393,37.9326],[-84.47615,37.93397],[-84.47815,37.93612],[-84.47948,37.94001],[-84.59245,37.98638],[-84.6603,38.00376]]]}},{"type":"Feature","properties":{"NAME":"Powell"},"geometry":{"type":"Polygon","coordinates":[[[-83.99237,37.91466],[-83.9898,37.91323],[-83.99092,37.91181],[-83.99219,37.90724],[-83.99181,37.90335],[-83.99097,37.90282],[-83.98904,37.90355],[-83.98682,37.90367],[-83.98595,37.9034],[-83.98595,37.90294],[-83.98739,37.89964],[-83.9884,37.8993],[-83.99016,37.89989],[-83.99218,37.89614],[-83.99844,37.8874],[-83.99627,37.88454],[-83.99613,37.8829],[-83.99855,37.88054],[-83.99655,37.8788],[-83.99655,37.87832],[-84.00117,37.87046],[-84.00599,37.86417],[-84.00634,37.8609],[-84.00732,37.85948],[-84.01462,37.85827],[-84.01572,37.85873],[-84.01759,37.86095],[-84.01883,37.86843],[-84.01992,37.86974],[-84.02286,37.87074],[-84.02745,37.86978],[-84.02696,37.86672],[-84.02293,37.85878],[-84.02022,37.85649],[-84.01811,37.85574],[-84.01497,37.85624],[-84.01234,37.85589],[-84.00995,37.85505],[-84.00848,37.85363],[-84.00871,37.85287],[-84.00966,37.85283],[-84.01068,37.8486],[-84.00218,37.83805],[-83.99954,37.83997],[-83.99192,37.85001],[-83.98817,37.84942],[-83.98664,37.84757],[-83.98606,37.84517],[-83.98508,37.84377],[-83.98234,37.84297],[-83.9807,37.84345],[-83.98041,37.84679],[-83.97903,37.8481],[-83.97083,37.84563],[-83.96826,37.84652],[-83.96749,37.84741],[-83.96316,37.84545],[-83.96255,37.8444],[-83.9627,37.84179],[-83.96425,37.83904],[-83.96428,37.8355],[-83.96329,37.82607],[-83.9622,37.82331],[-83.96057,37.8213],[-83.96386,37.8134],[-83.96449,37.80591],[-83.96543,37.80305],[-83.96502,37.80175],[-83.96357,37.80029],[-83.91182,37.76663],[-83.90878,37.76562],[-83.90636,37.7593],[-83.90486,37.75852],[-83.90325,37.75936],[-83.89904,37.76024],[-83.89043,37.75909],[-83.88862,37.75744],[-83.8866,37.75667],[-83.88475,37.75737],[-83.88424,37.75865],[-83.88256,37.75854],[-83.87994,37.75689],[-83.87931,37.75437],[-83.87784,37.75268],[-83.87588,37.75206],[-83.87422,37.75295],[-83.86621,37.75234],[-83.86514,37.75398],[-83.86299,37.75439],[-83.86137,37.75664],[-83.85466,37.75914],[-83.84581,37.76002],[-83.84134,37.76274],[-83.83026,37.76523],[-83.82623,37.7632],[-83.82614,37.76168],[-83.82769,37.75981],[-83.82789,37.7574],[-83.82956,37.75264],[-83.82596,37.75059],[-83.82392,37.74726],[-83.82254,37.74601],[-83.82118,37.74553],[-83.82011,37.74596],[-83.81796,37.74868],[-83.81062,37.75113],[-83.80411,37.75666],[-83.79776,37.75813],[-83.79068,37.75518],[-83.78724,37.75779],[-83.78517,37.76026],[-83.77974,37.7605],[-83.77689,37.75978],[-83.77629,37.75923],[-83.77615,37.75834],[-83.77736,37.75712],[-83.77759,37.75602],[-83.77264,37.74576],[-83.77214,37.74577],[-83.77114,37.74429],[-83.76648,37.74031],[-83.76126,37.73919],[-83.75049,37.73248],[-83.74845,37.73176],[-83.73967,37.73026],[-83.7376,37.73041],[-83.73503,37.73232],[-83.73307,37.73274],[-83.73034,37.73166],[-83.72525,37.72786],[-83.72319,37.72377],[-83.72273,37.7173],[-83.72208,37.71631],[-83.71279,37.71986],[-83.71121,37.71931],[-83.70809,37.71644],[-83.63112,37.82543],[-83.63732,37.8263],[-83.64121,37.82546],[-83.64332,37.82587],[-83.64683,37.83058],[-83.64752,37.83322],[-83.65096,37.83493],[-83.65208,37.83484],[-83.65678,37.83217],[-83.66091,37.83342],[-83.6635,37.83535],[-83.66146,37.83816],[-83.66166,37.84031],[-83.66624,37.84569],[-83.66705,37.84564],[-83.67037,37.84313],[-83.67271,37.84221],[-83.67461,37.84258],[-83.67599,37.84393],[-83.67087,37.84637],[-83.66803,37.84885],[-83.66677,37.85091],[-83.6675,37.85251],[-83.67374,37.85249],[-83.67748,37.85651],[-83.74871,37.89519],[-83.75616,37.89969],[-83.75808,37.90184],[-83.75904,37.90477],[-83.75857,37.90632],[-83.7566,37.90835],[-83.75676,37.91096],[-83.75585,37.91369],[-83.7579,37.91583],[-83.76307,37.91752],[-83.76528,37.91702],[-83.76751,37.91739],[-83.76886,37.91844],[-83.77081,37.91567],[-83.77668,37.91137],[-83.78115,37.91056],[-83.78169,37.90926],[-83.78356,37.90804],[-83.78546,37.90734],[-83.79236,37.90699],[-83.79974,37.90744],[-83.80228,37.905],[-83.80566,37.9042],[-83.81152,37.90389],[-83.8126,37.90329],[-83.81388,37.90116],[-83.8208,37.90379],[-83.82231,37.9057],[-83.82837,37.90647],[-83.83103,37.90506],[-83.84136,37.90632],[-83.84293,37.90602],[-83.84372,37.90508],[-83.84405,37.90294],[-83.85232,37.90281],[-83.8605,37.90535],[-83.86136,37.90627],[-83.86557,37.90696],[-83.87543,37.90595],[-83.87672,37.90451],[-83.87839,37.9049],[-83.88053,37.90894],[-83.8802,37.91378],[-83.8875,37.91599],[-83.89367,37.91685],[-83.90807,37.91676],[-83.91316,37.9186],[-83.91459,37.91956],[-83.95978,37.93399],[-83.96656,37.93124],[-83.96807,37.93133],[-83.97124,37.92941],[-83.97731,37.92929],[-83.97967,37.92824],[-83.97985,37.92755],[-83.97629,37.92499],[-83.97612,37.92357],[-83.97895,37.9233],[-83.98266,37.92396],[-83.98862,37.91925],[-83.99148,37.9165],[-83.99237,37.91466]]]}},{"type":"Feature","properties":{"NAME":"Madison"},"geometry":{"type":"Polygon","coordinates":[[[-84.27239,37.91748],[-84.2857,37.91236],[-84.29851,37.90498],[-84.30027,37.90453],[-84.30504,37.90444],[-84.30906,37.90357],[-84.31506,37.90116],[-84.328,37.89748],[-84.33358,37.89522],[-84.33659,37.89316],[-84.33739,37.89194],[-84.33949,37.88397],[-84.34093,37.88213],[-84.34258,37.88137],[-84.34583,37.88185],[-84.3496,37.88697],[-84.36551,37.89735],[-84.37503,37.90149],[-84.37911,37.90133],[-84.38168,37.89983],[-84.38375,37.89613],[-84.38331,37.89333],[-84.37925,37.88818],[-84.37239,37.87593],[-84.36551,37.86076],[-84.36599,37.85764],[-84.3668,37.8561],[-84.36925,37.85415],[-84.37759,37.85197],[-84.38383,37.84674],[-84.38611,37.8454],[-84.38834,37.84525],[-84.39096,37.84596],[-84.39325,37.84764],[-84.40455,37.86047],[-84.4065,37.86562],[-84.41013,37.87071],[-84.41122,37.87148],[-84.41368,37.87213],[-84.41573,37.87215],[-84.42032,37.87039],[-84.42204,37.86861],[-84.42821,37.85378],[-84.44074,37.84282],[-84.44436,37.84105],[-84.44938,37.84002],[-84.45437,37.84021],[-84.45773,37.84095],[-84.46242,37.843],[-84.4664,37.84633],[-84.47028,37.851],[-84.47304,37.85308],[-84.47565,37.85341],[-84.47781,37.85234],[-84.48386,37.84553],[-84.48513,37.84265],[-84.48519,37.8402],[-84.48423,37.8366],[-84.48205,37.83175],[-84.47832,37.82586],[-84.47242,37.82162],[-84.47122,37.82025],[-84.46348,37.80825],[-84.46192,37.80413],[-84.46248,37.80226],[-84.46449,37.79907],[-84.4675,37.7964],[-84.47146,37.79635],[-84.47375,37.79731],[-84.47608,37.80162],[-84.47739,37.80263],[-84.47979,37.80273],[-84.48233,37.80211],[-84.48344,37.80132],[-84.48513,37.79682],[-84.49235,37.78852],[-84.49573,37.78532],[-84.49994,37.78402],[-84.51225,37.78192],[-84.52124,37.7784],[-84.52328,37.77618],[-84.52331,37.7745],[-84.5256,37.76958],[-84.52549,37.76912],[-84.5199,37.7688],[-84.51359,37.76706],[-84.51192,37.76575],[-84.51178,37.76415],[-84.51386,37.75862],[-84.51495,37.75791],[-84.51446,37.75505],[-84.51095,37.75408],[-84.50671,37.75443],[-84.50366,37.75379],[-84.50285,37.7495],[-84.50224,37.74865],[-84.49904,37.74733],[-84.49723,37.74843],[-84.49457,37.74772],[-84.49345,37.74189],[-84.49408,37.74008],[-84.50205,37.73655],[-84.50324,37.73566],[-84.5035,37.73454],[-84.49994,37.73251],[-84.49759,37.73019],[-84.49733,37.7264],[-84.4949,37.72505],[-84.49266,37.72507],[-84.49033,37.72935],[-84.48915,37.72926],[-84.48848,37.72871],[-84.48421,37.72034],[-84.48565,37.71125],[-84.48398,37.70908],[-84.48026,37.70808],[-84.47715,37.70874],[-84.47459,37.70828],[-84.47116,37.70435],[-84.47007,37.70158],[-84.46888,37.70021],[-84.46183,37.69568],[-84.45918,37.69511],[-84.45561,37.69698],[-84.45192,37.69804],[-84.45103,37.69813],[-84.45014,37.69758],[-84.45002,37.69591],[-84.45374,37.69229],[-84.46419,37.6875],[-84.46516,37.68415],[-84.45964,37.67989],[-84.45702,37.67639],[-84.45483,37.67477],[-84.45255,37.67472],[-84.45011,37.67811],[-84.44657,37.68026],[-84.44541,37.68028],[-84.44297,37.67813],[-84.44383,37.67557],[-84.44645,37.67145],[-84.44622,37.66857],[-84.44254,37.66353],[-84.43813,37.66207],[-84.43744,37.66161],[-84.43704,37.66008],[-84.43735,37.65944],[-84.44668,37.65303],[-84.44711,37.65196],[-84.44662,37.65141],[-84.4455,37.65148],[-84.44259,37.65377],[-84.44046,37.65475],[-84.43865,37.65489],[-84.4341,37.65335],[-84.42947,37.6563],[-84.42873,37.65631],[-84.42878,37.65333],[-84.43091,37.65022],[-84.43031,37.64358],[-84.42979,37.64306],[-84.42792,37.64306],[-84.42478,37.64459],[-84.42291,37.6448],[-84.41831,37.64168],[-84.41828,37.64093],[-84.41957,37.64033],[-84.42553,37.64043],[-84.42671,37.63736],[-84.42481,37.63477],[-84.42124,37.63301],[-84.41837,37.63258],[-84.41661,37.63287],[-84.4129,37.63047],[-84.41503,37.62278],[-84.42,37.62177],[-84.42231,37.61974],[-84.42268,37.61857],[-84.41195,37.61758],[-84.40568,37.6185],[-84.40174,37.61783],[-84.39938,37.61593],[-84.39807,37.60678],[-84.39836,37.60385],[-84.39744,37.60012],[-84.37541,37.59524],[-84.37244,37.59245],[-84.37025,37.58511],[-84.37166,37.58204],[-84.37021,37.57346],[-84.37119,37.57243],[-84.36981,37.57083],[-84.36543,37.57056],[-84.36242,37.56713],[-84.36345,37.56628],[-84.36334,37.56399],[-84.36213,37.56376],[-84.3588,37.56049],[-84.35836,37.55881],[-84.35267,37.55339],[-84.3523,37.55102],[-84.35294,37.54592],[-84.35136,37.54168],[-84.34922,37.54102],[-84.34785,37.539],[-84.33853,37.53698],[-84.33728,37.53626],[-84.33602,37.53629],[-84.33085,37.53868],[-84.32268,37.53905],[-84.31899,37.53752],[-84.31735,37.53465],[-84.31826,37.53212],[-84.31524,37.52882],[-84.31322,37.52824],[-84.30927,37.529],[-84.30726,37.5307],[-84.30695,37.53515],[-84.30399,37.53746],[-84.29839,37.53494],[-84.29858,37.53338],[-84.30026,37.53141],[-84.30261,37.52989],[-84.30196,37.5234],[-84.30131,37.52294],[-84.29891,37.52254],[-84.29271,37.52299],[-84.28734,37.5245],[-84.27787,37.52371],[-84.2722,37.5205],[-84.27019,37.5199],[-84.26847,37.51541],[-84.26347,37.5157],[-84.25563,37.51848],[-84.25361,37.52322],[-84.25163,37.52429],[-84.24853,37.52485],[-84.24052,37.52403],[-84.23897,37.52345],[-84.23658,37.52176],[-84.23518,37.51982],[-84.23397,37.52007],[-84.23305,37.52131],[-84.23002,37.52309],[-84.22932,37.52472],[-84.22826,37.5257],[-84.22369,37.52733],[-84.21053,37.52413],[-84.19948,37.52287],[-84.17189,37.55759],[-84.14211,37.56494],[-84.09049,37.56624],[-84.11261,37.6057],[-84.12702,37.64256],[-84.12653,37.64566],[-84.12144,37.64683],[-84.11307,37.65083],[-84.11255,37.65157],[-84.11264,37.65575],[-84.10873,37.65903],[-84.10692,37.66006],[-84.10499,37.6593],[-84.10364,37.65942],[-84.09895,37.66103],[-84.09153,37.66452],[-84.08899,37.66756],[-84.08917,37.66811],[-84.0925,37.66782],[-84.09671,37.6712],[-84.10071,37.67845],[-84.10048,37.67937],[-84.09668,37.6841],[-84.09274,37.68678],[-84.09174,37.6892],[-84.09151,37.69641],[-84.09232,37.70217],[-84.0935,37.707],[-84.09566,37.71098],[-84.09511,37.7121],[-84.09387,37.71251],[-84.09292,37.71444],[-84.0988,37.71776],[-84.099,37.71995],[-84.09794,37.72189],[-84.09647,37.72219],[-84.09402,37.72178],[-84.0916,37.72434],[-84.09235,37.72812],[-84.09587,37.73207],[-84.09659,37.73527],[-84.09498,37.7366],[-84.08625,37.7388],[-84.0838,37.74054],[-84.08178,37.74283],[-84.08014,37.74635],[-84.08094,37.74916],[-84.08773,37.75351],[-84.08951,37.756],[-84.0897,37.75742],[-84.08846,37.76115],[-84.0821,37.76675],[-84.08209,37.76835],[-84.08413,37.76996],[-84.08704,37.77094],[-84.09771,37.77226],[-84.10598,37.77498],[-84.10947,37.77892],[-84.10901,37.78314],[-84.10758,37.784],[-84.09761,37.7851],[-84.09531,37.78592],[-84.07703,37.79848],[-84.07472,37.80032],[-84.07381,37.80241],[-84.07487,37.80675],[-84.07585,37.80833],[-84.07835,37.80938],[-84.0841,37.80956],[-84.08617,37.81016],[-84.09217,37.81417],[-84.09533,37.81558],[-84.09749,37.81598],[-84.09939,37.81544],[-84.10551,37.81174],[-84.1135,37.80545],[-84.11532,37.80454],[-84.11827,37.80483],[-84.12053,37.80569],[-84.12151,37.8069],[-84.12195,37.80917],[-84.12157,37.81374],[-84.12013,37.81747],[-84.11934,37.81846],[-84.11265,37.82239],[-84.10974,37.82517],[-84.10586,37.83233],[-84.10408,37.83949],[-84.10148,37.84025],[-84.09406,37.83626],[-84.09046,37.83593],[-84.08643,37.83923],[-84.08303,37.84364],[-84.08043,37.8528],[-84.0884,37.86062],[-84.08984,37.86144],[-84.09354,37.86143],[-84.09725,37.86039],[-84.09998,37.85894],[-84.10752,37.85046],[-84.11018,37.85005],[-84.11557,37.85228],[-84.12035,37.8593],[-84.12281,37.86202],[-84.1275,37.86647],[-84.12982,37.86772],[-84.14302,37.86738],[-84.14914,37.86664],[-84.15345,37.86525],[-84.16177,37.86147],[-84.16589,37.86141],[-84.16727,37.86227],[-84.1694,37.86576],[-84.16998,37.87127],[-84.17044,37.87308],[-84.17161,37.87447],[-84.17311,37.87542],[-84.1829,37.87903],[-84.18515,37.87927],[-84.18969,37.87846],[-84.19725,37.87509],[-84.20495,37.87031],[-84.21254,37.86934],[-84.2159,37.8695],[-84.22107,37.87126],[-84.22359,37.87509],[-84.22653,37.88149],[-84.22967,37.8847],[-84.23233,37.8862],[-84.23781,37.8873],[-84.24503,37.88566],[-84.25086,37.88354],[-84.26014,37.8761],[-84.26142,37.87602],[-84.26302,37.87676],[-84.26489,37.87905],[-84.26557,37.88119],[-84.26517,37.88444],[-84.26256,37.88749],[-84.2615,37.89573],[-84.26331,37.89898],[-84.27027,37.90668],[-84.27043,37.90778],[-84.26885,37.91247],[-84.26893,37.91593],[-84.27035,37.91721],[-84.27239,37.91748]]]}},{"type":"Feature","properties":{"NAME":"Wolfe"},"geometry":{"type":"Polygon","coordinates":[[[-83.60886,37.82903],[-83.60583,37.83065],[-83.60534,37.83189],[-83.61743,37.83543],[-83.6206,37.83456],[-83.62143,37.83355],[-83.62492,37.82458],[-83.62691,37.82305],[-83.62842,37.8227],[-83.63112,37.82543],[-83.70809,37.71644],[-83.70633,37.71669],[-83.70289,37.71369],[-83.69804,37.71228],[-83.68594,37.70711],[-83.68505,37.70522],[-83.68301,37.70511],[-83.62822,37.67888],[-83.61675,37.66685],[-83.52236,37.63838],[-83.4976,37.64603],[-83.49587,37.64545],[-83.49563,37.64375],[-83.49714,37.64096],[-83.49452,37.63936],[-83.49415,37.63758],[-83.49494,37.62988],[-83.4987,37.62509],[-83.49915,37.62263],[-83.49544,37.6195],[-83.49427,37.61912],[-83.49066,37.6208],[-83.49017,37.62175],[-83.48269,37.62418],[-83.48106,37.62429],[-83.47848,37.62268],[-83.47725,37.62304],[-83.47572,37.62591],[-83.47238,37.62902],[-83.46815,37.63059],[-83.46389,37.63097],[-83.46172,37.63007],[-83.46009,37.6299],[-83.45873,37.63033],[-83.45036,37.63742],[-83.44696,37.64426],[-83.44584,37.65066],[-83.439,37.65101],[-83.43556,37.654],[-83.43377,37.6568],[-83.43552,37.65862],[-83.43535,37.66466],[-83.4337,37.66553],[-83.43117,37.66548],[-83.42901,37.66776],[-83.43169,37.67412],[-83.42938,37.67547],[-83.42504,37.68424],[-83.41875,37.69062],[-83.41527,37.69036],[-83.4139,37.68931],[-83.41023,37.69076],[-83.40358,37.69548],[-83.40108,37.69505],[-83.39091,37.69961],[-83.38795,37.69982],[-83.38329,37.6949],[-83.38222,37.69221],[-83.38127,37.6916],[-83.38066,37.69148],[-83.37721,37.69299],[-83.37509,37.69505],[-83.37441,37.695],[-83.3705,37.68902],[-83.36364,37.68465],[-83.3549,37.68315],[-83.353,37.68367],[-83.35186,37.68466],[-83.34678,37.68182],[-83.3458,37.67798],[-83.3319,37.6747],[-83.3304,37.67473],[-83.33038,37.67741],[-83.32935,37.6799],[-83.31789,37.68285],[-83.31318,37.68267],[-83.31287,37.68156],[-83.30709,37.67798],[-83.30086,37.67898],[-83.29479,37.68239],[-83.29302,37.68242],[-83.28716,37.67614],[-83.27999,37.6744],[-83.27653,37.67602],[-83.27576,37.67716],[-83.26798,37.67979],[-83.26388,37.67434],[-83.25727,37.67],[-83.24864,37.66964],[-83.2499,37.6727],[-83.25592,37.67576],[-83.2572,37.67714],[-83.25833,37.68012],[-83.25659,37.68698],[-83.24497,37.69671],[-83.24655,37.69995],[-83.25096,37.70421],[-83.25521,37.7074],[-83.25948,37.70784],[-83.2614,37.7105],[-83.26206,37.71261],[-83.26529,37.7151],[-83.27295,37.71341],[-83.28122,37.71883],[-83.28169,37.72589],[-83.28,37.73177],[-83.28095,37.73438],[-83.2828,37.73728],[-83.28364,37.73713],[-83.28427,37.73578],[-83.28834,37.7349],[-83.28879,37.73762],[-83.28685,37.73908],[-83.28912,37.7421],[-83.2932,37.74432],[-83.29639,37.74482],[-83.30309,37.74405],[-83.30399,37.74254],[-83.30556,37.74268],[-83.30931,37.74497],[-83.31086,37.74853],[-83.31261,37.74951],[-83.32605,37.75288],[-83.3341,37.75821],[-83.33435,37.76166],[-83.3333,37.76363],[-83.33399,37.7638],[-83.32873,37.77313],[-83.32845,37.7749],[-83.32681,37.77662],[-83.3263,37.77915],[-83.32946,37.7832],[-83.33084,37.78406],[-83.33228,37.7836],[-83.33322,37.78194],[-83.33346,37.77998],[-83.33505,37.77877],[-83.33575,37.7788],[-83.34718,37.7855],[-83.3482,37.78707],[-83.34974,37.79174],[-83.36172,37.79821],[-83.36385,37.80033],[-83.36679,37.8011],[-83.37699,37.79818],[-83.38549,37.79997],[-83.38627,37.80154],[-83.38486,37.80246],[-83.38494,37.80851],[-83.38616,37.81362],[-83.40612,37.81477],[-83.40997,37.81559],[-83.41179,37.81678],[-83.41614,37.81736],[-83.41974,37.81609],[-83.43311,37.81912],[-83.43325,37.82004],[-83.4355,37.82277],[-83.44244,37.82675],[-83.44365,37.8297],[-83.44256,37.83154],[-83.44049,37.83329],[-83.44123,37.83508],[-83.44624,37.83651],[-83.45245,37.83635],[-83.45585,37.84001],[-83.45538,37.84269],[-83.46465,37.84355],[-83.47537,37.84257],[-83.47647,37.84092],[-83.47897,37.84001],[-83.48064,37.84045],[-83.48105,37.84123],[-83.4804,37.84374],[-83.48441,37.84395],[-83.48432,37.8515],[-83.48327,37.85139],[-83.48227,37.85045],[-83.48096,37.85033],[-83.47896,37.85074],[-83.47811,37.85199],[-83.48321,37.85294],[-83.49429,37.86039],[-83.49512,37.8619],[-83.49719,37.8601],[-83.49764,37.85858],[-83.4995,37.85693],[-83.51613,37.85209],[-83.52002,37.84623],[-83.52199,37.84228],[-83.52439,37.84036],[-83.52644,37.83375],[-83.52396,37.83139],[-83.52944,37.83027],[-83.53215,37.82839],[-83.5327,37.8275],[-83.53608,37.82572],[-83.53942,37.82672],[-83.54635,37.82494],[-83.55581,37.82096],[-83.5623,37.82357],[-83.56215,37.82494],[-83.5644,37.82521],[-83.56873,37.82162],[-83.57516,37.81981],[-83.58165,37.82036],[-83.58292,37.82116],[-83.58185,37.8227],[-83.582,37.8245],[-83.58555,37.82549],[-83.58624,37.82491],[-83.5865,37.82077],[-83.58725,37.81967],[-83.59065,37.81844],[-83.5963,37.82027],[-83.598,37.82194],[-83.59801,37.82583],[-83.60058,37.83017],[-83.6079,37.82825],[-83.60886,37.82903]]]}},{"type":"Feature","properties":{"NAME":"Estill"},"geometry":{"type":"Polygon","coordinates":[[[-84.08043,37.8528],[-84.08303,37.84364],[-84.08643,37.83923],[-84.09046,37.83593],[-84.09406,37.83626],[-84.10148,37.84025],[-84.10408,37.83949],[-84.10586,37.83233],[-84.10974,37.82517],[-84.11265,37.82239],[-84.11934,37.81846],[-84.12013,37.81747],[-84.12157,37.81374],[-84.12195,37.80917],[-84.12151,37.8069],[-84.12053,37.80569],[-84.11827,37.80483],[-84.11532,37.80454],[-84.1135,37.80545],[-84.10551,37.81174],[-84.09939,37.81544],[-84.09749,37.81598],[-84.09533,37.81558],[-84.09217,37.81417],[-84.08617,37.81016],[-84.0841,37.80956],[-84.07835,37.80938],[-84.07585,37.80833],[-84.07487,37.80675],[-84.07381,37.80241],[-84.07472,37.80032],[-84.07703,37.79848],[-84.09531,37.78592],[-84.09761,37.7851],[-84.10758,37.784],[-84.10901,37.78314],[-84.10947,37.77892],[-84.10598,37.77498],[-84.09771,37.77226],[-84.08704,37.77094],[-84.08413,37.76996],[-84.08209,37.76835],[-84.0821,37.76675],[-84.08846,37.76115],[-84.0897,37.75742],[-84.08951,37.756],[-84.08773,37.75351],[-84.08094,37.74916],[-84.08014,37.74635],[-84.08178,37.74283],[-84.0838,37.74054],[-84.08625,37.7388],[-84.09498,37.7366],[-84.09659,37.73527],[-84.09587,37.73207],[-84.09235,37.72812],[-84.0916,37.72434],[-84.09402,37.72178],[-84.09647,37.72219],[-84.09794,37.72189],[-84.099,37.71995],[-84.0988,37.71776],[-84.09292,37.71444],[-84.09387,37.71251],[-84.09511,37.7121],[-84.09566,37.71098],[-84.0935,37.707],[-84.09232,37.70217],[-84.09151,37.69641],[-84.09174,37.6892],[-84.09274,37.68678],[-84.09668,37.6841],[-84.10048,37.67937],[-84.10071,37.67845],[-84.09671,37.6712],[-84.0925,37.66782],[-84.08917,37.66811],[-84.08899,37.66756],[-84.09153,37.66452],[-84.09895,37.66103],[-84.10364,37.65942],[-84.10499,37.6593],[-84.10692,37.66006],[-84.10873,37.65903],[-84.11264,37.65575],[-84.11255,37.65157],[-84.11307,37.65083],[-84.12144,37.64683],[-84.12653,37.64566],[-84.12702,37.64256],[-84.11261,37.6057],[-84.10155,37.58555],[-84.09049,37.56624],[-84.04516,37.56354],[-83.9931,37.5736],[-83.9652,37.58144],[-83.9395,37.57289],[-83.92322,37.55933],[-83.9056,37.5429],[-83.85822,37.60938],[-83.86065,37.60891],[-83.86416,37.61067],[-83.8663,37.61301],[-83.86663,37.61396],[-83.8661,37.61567],[-83.85875,37.62179],[-83.84092,37.63232],[-83.83209,37.63645],[-83.83085,37.63645],[-83.81856,37.63297],[-83.80921,37.63523],[-83.80716,37.63866],[-83.80673,37.64015],[-83.80698,37.64241],[-83.80832,37.64374],[-83.81065,37.6447],[-83.81203,37.64501],[-83.81426,37.64466],[-83.82321,37.66006],[-83.82422,37.66267],[-83.82232,37.66562],[-83.82008,37.66706],[-83.8159,37.66805],[-83.81052,37.66768],[-83.80304,37.67306],[-83.80238,37.67766],[-83.79961,37.67926],[-83.79806,37.67978],[-83.79466,37.67978],[-83.79092,37.68164],[-83.78965,37.68445],[-83.78703,37.68649],[-83.78306,37.68671],[-83.7811,37.68761],[-83.77802,37.69115],[-83.77825,37.69463],[-83.77494,37.69707],[-83.77174,37.69723],[-83.75976,37.70624],[-83.74939,37.7151],[-83.74258,37.71666],[-83.73425,37.7174],[-83.72784,37.71634],[-83.72208,37.71631],[-83.72273,37.7173],[-83.72319,37.72377],[-83.72525,37.72786],[-83.73034,37.73166],[-83.73307,37.73274],[-83.73503,37.73232],[-83.7376,37.73041],[-83.73967,37.73026],[-83.74845,37.73176],[-83.75049,37.73248],[-83.76126,37.73919],[-83.76648,37.74031],[-83.77114,37.74429],[-83.77214,37.74577],[-83.77264,37.74576],[-83.77759,37.75602],[-83.77736,37.75712],[-83.77615,37.75834],[-83.77629,37.75923],[-83.77689,37.75978],[-83.77974,37.7605],[-83.78517,37.76026],[-83.78724,37.75779],[-83.79068,37.75518],[-83.79776,37.75813],[-83.80411,37.75666],[-83.81062,37.75113],[-83.81796,37.74868],[-83.82011,37.74596],[-83.82118,37.74553],[-83.82254,37.74601],[-83.82392,37.74726],[-83.82596,37.75059],[-83.82956,37.75264],[-83.82789,37.7574],[-83.82769,37.75981],[-83.82614,37.76168],[-83.82623,37.7632],[-83.83026,37.76523],[-83.84134,37.76274],[-83.84581,37.76002],[-83.85466,37.75914],[-83.86137,37.75664],[-83.86299,37.75439],[-83.86514,37.75398],[-83.86621,37.75234],[-83.87422,37.75295],[-83.87588,37.75206],[-83.87784,37.75268],[-83.87931,37.75437],[-83.87994,37.75689],[-83.88256,37.75854],[-83.88424,37.75865],[-83.88475,37.75737],[-83.8866,37.75667],[-83.88862,37.75744],[-83.89043,37.75909],[-83.89904,37.76024],[-83.90325,37.75936],[-83.90486,37.75852],[-83.90636,37.7593],[-83.90878,37.76562],[-83.91182,37.76663],[-83.96357,37.80029],[-83.96502,37.80175],[-83.96543,37.80305],[-83.96449,37.80591],[-83.96386,37.8134],[-83.96057,37.8213],[-83.9622,37.82331],[-83.96329,37.82607],[-83.96428,37.8355],[-83.96425,37.83904],[-83.9627,37.84179],[-83.96255,37.8444],[-83.96316,37.84545],[-83.96749,37.84741],[-83.96826,37.84652],[-83.97083,37.84563],[-83.97903,37.8481],[-83.98041,37.84679],[-83.9807,37.84345],[-83.98234,37.84297],[-83.98508,37.84377],[-83.98606,37.84517],[-83.98664,37.84757],[-83.98817,37.84942],[-83.99192,37.85001],[-83.99954,37.83997],[-84.00218,37.83805],[-84.00429,37.83436],[-84.00593,37.83354],[-84.01683,37.83281],[-84.02055,37.83531],[-84.02049,37.83762],[-84.01735,37.83972],[-84.01313,37.84059],[-84.01319,37.84139],[-84.01483,37.84272],[-84.01579,37.84293],[-84.01994,37.8416],[-84.02476,37.83787],[-84.02681,37.83703],[-84.03581,37.83403],[-84.0391,37.83374],[-84.03976,37.8339],[-84.04215,37.83925],[-84.04723,37.83728],[-84.0491,37.83777],[-84.05222,37.84152],[-84.05383,37.84712],[-84.05461,37.84758],[-84.05917,37.84785],[-84.05943,37.84737],[-84.05747,37.845],[-84.05686,37.84298],[-84.05675,37.83967],[-84.05781,37.8352],[-84.05931,37.8334],[-84.06647,37.83093],[-84.06687,37.82882],[-84.06615,37.82592],[-84.06707,37.82365],[-84.06947,37.82191],[-84.07238,37.82194],[-84.07555,37.82354],[-84.07639,37.8245],[-84.07769,37.83351],[-84.07746,37.83889],[-84.08026,37.84488],[-84.07916,37.84801],[-84.07711,37.85101],[-84.08043,37.8528]]]}},{"type":"Feature","properties":{"NAME":"Garrard"},"geometry":{"type":"Polygon","coordinates":[[[-84.64921,37.8096],[-84.65722,37.80984],[-84.65955,37.8091],[-84.66029,37.8078],[-84.65873,37.80323],[-84.65315,37.79766],[-84.64996,37.79363],[-84.64926,37.79206],[-84.65,37.7892],[-84.65386,37.78546],[-84.65755,37.78364],[-84.66361,37.78297],[-84.66872,37.78376],[-84.67337,37.78636],[-84.67646,37.78952],[-84.67853,37.79433],[-84.67974,37.802],[-84.67836,37.81024],[-84.67533,37.81767],[-84.67505,37.82263],[-84.67584,37.82627],[-84.67689,37.82804],[-84.68046,37.82999],[-84.68459,37.83008],[-84.69059,37.82923],[-84.69598,37.82763],[-84.69896,37.82582],[-84.70497,37.81991],[-84.70757,37.8183],[-84.71217,37.81623],[-84.71648,37.81544],[-84.71404,37.81077],[-84.71326,37.8069],[-84.71649,37.80221],[-84.71684,37.80063],[-84.71609,37.79976],[-84.71136,37.80036],[-84.70922,37.79992],[-84.70919,37.7986],[-84.71251,37.79535],[-84.71268,37.79461],[-84.71182,37.79356],[-84.70709,37.79359],[-84.70443,37.79256],[-84.70322,37.79031],[-84.70285,37.7883],[-84.70383,37.78562],[-84.71029,37.78118],[-84.71132,37.77503],[-84.71525,37.77087],[-84.71566,37.76927],[-84.70966,37.76583],[-84.70688,37.76569],[-84.70213,37.76681],[-84.70006,37.76643],[-84.69601,37.76449],[-84.69382,37.76276],[-84.6936,37.76003],[-84.69476,37.75772],[-84.69712,37.75657],[-84.70309,37.75542],[-84.70509,37.74813],[-84.70365,37.7462],[-84.70202,37.74531],[-84.69461,37.74561],[-84.69021,37.74418],[-84.68825,37.74124],[-84.68825,37.73609],[-84.68858,37.73539],[-84.69009,37.73489],[-84.69235,37.73622],[-84.69354,37.7378],[-84.69638,37.73918],[-84.69739,37.73919],[-84.70648,37.73557],[-84.70718,37.73361],[-84.70664,37.73184],[-84.69761,37.73048],[-84.6906,37.72861],[-84.69053,37.72778],[-84.69195,37.72623],[-84.6961,37.72336],[-84.69986,37.72235],[-84.70189,37.72538],[-84.70321,37.7255],[-84.71083,37.72402],[-84.72028,37.72471],[-84.72406,37.72633],[-84.72632,37.72841],[-84.72829,37.7286],[-84.73059,37.72704],[-84.7307,37.72622],[-84.72552,37.71863],[-84.72416,37.71586],[-84.72435,37.71487],[-84.72521,37.71415],[-84.72637,37.71412],[-84.73496,37.71859],[-84.73872,37.71849],[-84.74226,37.7176],[-84.74393,37.71663],[-84.74555,37.71493],[-84.74472,37.71312],[-84.74041,37.7132],[-84.73599,37.7122],[-84.73457,37.71112],[-84.7336,37.70883],[-84.73869,37.70664],[-84.74333,37.69963],[-84.74302,37.69793],[-84.73604,37.6951],[-84.72647,37.69664],[-84.7233,37.69518],[-84.72167,37.69296],[-84.71313,37.69573],[-84.70419,37.69747],[-84.70061,37.6975],[-84.69872,37.69691],[-84.6981,37.69617],[-84.69864,37.69421],[-84.70427,37.68711],[-84.70194,37.68339],[-84.70097,37.68241],[-84.69908,37.68166],[-84.69563,37.68277],[-84.69255,37.6852],[-84.68548,37.68751],[-84.68352,37.6872],[-84.68204,37.68589],[-84.68222,37.68475],[-84.68507,37.6825],[-84.68524,37.68138],[-84.68393,37.67927],[-84.6803,37.67617],[-84.68028,37.67479],[-84.68089,37.67423],[-84.69623,37.66939],[-84.70341,37.66482],[-84.70451,37.66328],[-84.70511,37.66077],[-84.70485,37.6594],[-84.70324,37.65955],[-84.70048,37.66166],[-84.69494,37.66456],[-84.69374,37.66471],[-84.69289,37.66436],[-84.68882,37.659],[-84.68779,37.65863],[-84.6845,37.65942],[-84.68266,37.65902],[-84.68005,37.65701],[-84.67854,37.6546],[-84.67914,37.65256],[-84.69186,37.64595],[-84.6941,37.64295],[-84.69371,37.64109],[-84.68928,37.64069],[-84.68677,37.63996],[-84.68464,37.63926],[-84.68144,37.63727],[-84.67743,37.63728],[-84.67346,37.63953],[-84.67271,37.64099],[-84.67404,37.64207],[-84.67895,37.64263],[-84.67977,37.64346],[-84.68,37.64461],[-84.67952,37.64557],[-84.67781,37.64608],[-84.67628,37.64557],[-84.67418,37.64552],[-84.66923,37.64675],[-84.66831,37.64792],[-84.66756,37.65135],[-84.66618,37.65302],[-84.66284,37.65424],[-84.65772,37.65474],[-84.65392,37.65277],[-84.65237,37.6508],[-84.65191,37.64888],[-84.65211,37.64618],[-84.65364,37.64158],[-84.65539,37.64073],[-84.65942,37.64243],[-84.66601,37.64012],[-84.6667,37.63408],[-84.66564,37.63337],[-84.66394,37.63321],[-84.66247,37.63511],[-84.66052,37.63565],[-84.65925,37.63547],[-84.65845,37.63453],[-84.65635,37.63501],[-84.65183,37.64014],[-84.65042,37.64044],[-84.64915,37.63833],[-84.65148,37.63648],[-84.65137,37.63355],[-84.64743,37.63325],[-84.64478,37.63236],[-84.64389,37.63135],[-84.64415,37.62835],[-84.64161,37.62463],[-84.63606,37.62234],[-84.6365,37.62115],[-84.63906,37.61932],[-84.64058,37.619],[-84.64211,37.61985],[-84.64472,37.62376],[-84.6457,37.62438],[-84.64622,37.62404],[-84.65074,37.61717],[-84.64902,37.61051],[-84.6466,37.60953],[-84.64562,37.61037],[-84.64243,37.61037],[-84.63821,37.60566],[-84.63283,37.60128],[-84.62975,37.60243],[-84.62218,37.60357],[-84.62131,37.60325],[-84.61798,37.60023],[-84.61766,37.59746],[-84.61857,37.59303],[-84.47327,37.49442],[-84.47253,37.49471],[-84.4715,37.49616],[-84.46986,37.49622],[-84.46851,37.49474],[-84.46414,37.49277],[-84.46075,37.49302],[-84.45346,37.4919],[-84.44686,37.48579],[-84.37446,37.47262],[-84.37349,37.47324],[-84.37054,37.47969],[-84.36914,37.4807],[-84.36753,37.48102],[-84.36635,37.48336],[-84.36639,37.48593],[-84.36536,37.48585],[-84.36415,37.487],[-84.35763,37.49466],[-84.35473,37.4994],[-84.35486,37.50311],[-84.35899,37.50538],[-84.36138,37.51373],[-84.361,37.51593],[-84.35931,37.51623],[-84.35363,37.52152],[-84.35001,37.53051],[-84.35087,37.53269],[-84.35048,37.53437],[-84.34821,37.53667],[-84.34785,37.539],[-84.34922,37.54102],[-84.35136,37.54168],[-84.35294,37.54592],[-84.3523,37.55102],[-84.35267,37.55339],[-84.35836,37.55881],[-84.3588,37.56049],[-84.36213,37.56376],[-84.36334,37.56399],[-84.36345,37.56628],[-84.36242,37.56713],[-84.36543,37.57056],[-84.36981,37.57083],[-84.37119,37.57243],[-84.37021,37.57346],[-84.37166,37.58204],[-84.37025,37.58511],[-84.37244,37.59245],[-84.37541,37.59524],[-84.39744,37.60012],[-84.39836,37.60385],[-84.39807,37.60678],[-84.39938,37.61593],[-84.40174,37.61783],[-84.40568,37.6185],[-84.41195,37.61758],[-84.42268,37.61857],[-84.42231,37.61974],[-84.42,37.62177],[-84.41503,37.62278],[-84.4129,37.63047],[-84.41661,37.63287],[-84.41837,37.63258],[-84.42124,37.63301],[-84.42481,37.63477],[-84.42671,37.63736],[-84.42553,37.64043],[-84.41957,37.64033],[-84.41828,37.64093],[-84.41831,37.64168],[-84.42291,37.6448],[-84.42478,37.64459],[-84.42792,37.64306],[-84.42979,37.64306],[-84.43031,37.64358],[-84.43091,37.65022],[-84.42878,37.65333],[-84.42873,37.65631],[-84.42947,37.6563],[-84.4341,37.65335],[-84.43865,37.65489],[-84.44046,37.65475],[-84.44259,37.65377],[-84.4455,37.65148],[-84.44662,37.65141],[-84.44711,37.65196],[-84.44668,37.65303],[-84.43735,37.65944],[-84.43704,37.66008],[-84.43744,37.66161],[-84.43813,37.66207],[-84.44254,37.66353],[-84.44622,37.66857],[-84.44645,37.67145],[-84.44383,37.67557],[-84.44297,37.67813],[-84.44541,37.68028],[-84.44657,37.68026],[-84.45011,37.67811],[-84.45255,37.67472],[-84.45483,37.67477],[-84.45702,37.67639],[-84.45964,37.67989],[-84.46516,37.68415],[-84.46419,37.6875],[-84.45374,37.69229],[-84.45002,37.69591],[-84.45014,37.69758],[-84.45103,37.69813],[-84.45192,37.69804],[-84.45561,37.69698],[-84.45918,37.69511],[-84.46183,37.69568],[-84.46888,37.70021],[-84.47007,37.70158],[-84.47116,37.70435],[-84.47459,37.70828],[-84.47715,37.70874],[-84.48026,37.70808],[-84.48398,37.70908],[-84.48565,37.71125],[-84.48421,37.72034],[-84.48848,37.72871],[-84.48915,37.72926],[-84.49033,37.72935],[-84.49266,37.72507],[-84.4949,37.72505],[-84.49733,37.7264],[-84.49759,37.73019],[-84.49994,37.73251],[-84.5035,37.73454],[-84.50324,37.73566],[-84.50205,37.73655],[-84.49408,37.74008],[-84.49345,37.74189],[-84.49457,37.74772],[-84.49723,37.74843],[-84.49904,37.74733],[-84.50224,37.74865],[-84.50285,37.7495],[-84.50366,37.75379],[-84.50671,37.75443],[-84.51095,37.75408],[-84.51446,37.75505],[-84.51495,37.75791],[-84.51386,37.75862],[-84.51178,37.76415],[-84.51192,37.76575],[-84.51359,37.76706],[-84.5199,37.7688],[-84.52549,37.76912],[-84.5256,37.76958],[-84.53283,37.77103],[-84.53468,37.77042],[-84.53741,37.76851],[-84.53874,37.76671],[-84.53904,37.76467],[-84.53816,37.75956],[-84.53859,37.75597],[-84.53913,37.7551],[-84.54157,37.75354],[-84.54979,37.75191],[-84.5565,37.74845],[-84.55916,37.74527],[-84.5633,37.73627],[-84.56914,37.72981],[-84.57075,37.72892],[-84.57224,37.72873],[-84.57979,37.7311],[-84.58644,37.73455],[-84.58763,37.73579],[-84.58978,37.74192],[-84.58634,37.74725],[-84.58523,37.75079],[-84.58603,37.75255],[-84.58775,37.75358],[-84.5915,37.75413],[-84.59762,37.75292],[-84.60109,37.75009],[-84.60375,37.74473],[-84.60519,37.74335],[-84.60648,37.74302],[-84.61541,37.74585],[-84.61643,37.74774],[-84.61552,37.74903],[-84.61026,37.75182],[-84.6057,37.75519],[-84.60423,37.75725],[-84.60462,37.75912],[-84.61192,37.76677],[-84.62007,37.7704],[-84.62495,37.7735],[-84.6272,37.77418],[-84.63453,37.77267],[-84.63765,37.77327],[-84.64074,37.77548],[-84.64319,37.77847],[-84.64497,37.78542],[-84.64497,37.78706],[-84.64455,37.78891],[-84.64311,37.79133],[-84.63907,37.79389],[-84.63332,37.79626],[-84.62929,37.79709],[-84.62495,37.79662],[-84.61669,37.79207],[-84.61335,37.79126],[-84.61055,37.7916],[-84.60873,37.79268],[-84.60781,37.79392],[-84.60752,37.79543],[-84.6082,37.79879],[-84.60952,37.80041],[-84.61632,37.80384],[-84.62019,37.80496],[-84.6272,37.80497],[-84.64107,37.80654],[-84.64921,37.8096]]]}},{"type":"Feature","properties":{"NAME":"Lee"},"geometry":{"type":"Polygon","coordinates":[[[-83.70809,37.71644],[-83.71121,37.71931],[-83.71279,37.71986],[-83.72208,37.71631],[-83.72784,37.71634],[-83.73425,37.7174],[-83.74258,37.71666],[-83.74939,37.7151],[-83.75976,37.70624],[-83.77174,37.69723],[-83.77494,37.69707],[-83.77825,37.69463],[-83.77802,37.69115],[-83.7811,37.68761],[-83.78306,37.68671],[-83.78703,37.68649],[-83.78965,37.68445],[-83.79092,37.68164],[-83.79466,37.67978],[-83.79806,37.67978],[-83.79961,37.67926],[-83.80238,37.67766],[-83.80304,37.67306],[-83.81052,37.66768],[-83.8159,37.66805],[-83.82008,37.66706],[-83.82232,37.66562],[-83.82422,37.66267],[-83.82321,37.66006],[-83.81426,37.64466],[-83.81203,37.64501],[-83.81065,37.6447],[-83.80832,37.64374],[-83.80698,37.64241],[-83.80673,37.64015],[-83.80716,37.63866],[-83.80921,37.63523],[-83.81856,37.63297],[-83.83085,37.63645],[-83.83209,37.63645],[-83.84092,37.63232],[-83.85875,37.62179],[-83.8661,37.61567],[-83.86663,37.61396],[-83.8663,37.61301],[-83.86416,37.61067],[-83.86065,37.60891],[-83.85822,37.60938],[-83.9056,37.5429],[-83.89882,37.53449],[-83.89655,37.53339],[-83.89371,37.53108],[-83.8931,37.52973],[-83.89319,37.52694],[-83.89075,37.52346],[-83.88851,37.52204],[-83.88527,37.51808],[-83.88203,37.51609],[-83.87605,37.5165],[-83.86845,37.5138],[-83.86631,37.51373],[-83.86751,37.51184],[-83.86682,37.50491],[-83.86435,37.50185],[-83.85755,37.50108],[-83.85711,37.50009],[-83.85202,37.49754],[-83.85208,37.49573],[-83.85001,37.4953],[-83.84711,37.4961],[-83.84522,37.49505],[-83.84424,37.49311],[-83.84283,37.49242],[-83.84016,37.49217],[-83.8381,37.49292],[-83.835,37.4921],[-83.83146,37.48892],[-83.82813,37.48799],[-83.82345,37.48892],[-83.82418,37.48707],[-83.74284,37.49411],[-83.74304,37.50538],[-83.74478,37.50788],[-83.74121,37.51414],[-83.7384,37.5178],[-83.73556,37.51961],[-83.73197,37.52105],[-83.70173,37.5077],[-83.68041,37.51202],[-83.66655,37.52416],[-83.66584,37.5268],[-83.66214,37.53204],[-83.6564,37.53686],[-83.65317,37.53818],[-83.65151,37.53956],[-83.64721,37.53901],[-83.63775,37.53917],[-83.63487,37.53888],[-83.63034,37.53743],[-83.62945,37.53541],[-83.62814,37.52922],[-83.62858,37.5272],[-83.62683,37.52262],[-83.62254,37.52074],[-83.61929,37.52189],[-83.61833,37.52076],[-83.61848,37.51925],[-83.62062,37.51777],[-83.62197,37.51143],[-83.61664,37.50949],[-83.6134,37.50886],[-83.61031,37.51034],[-83.61016,37.51401],[-83.60762,37.51489],[-83.59508,37.51106],[-83.5897,37.50702],[-83.58952,37.50595],[-83.58906,37.5058],[-83.58406,37.5046],[-83.58083,37.50446],[-83.57919,37.50626],[-83.5622,37.54922],[-83.52236,37.63838],[-83.61675,37.66685],[-83.62822,37.67888],[-83.68301,37.70511],[-83.68505,37.70522],[-83.68594,37.70711],[-83.69804,37.71228],[-83.70289,37.71369],[-83.70633,37.71669],[-83.70809,37.71644]]]}},{"type":"Feature","properties":{"NAME":"Breathitt"},"geometry":{"type":"Polygon","coordinates":[[[-83.37509,37.69505],[-83.37721,37.69299],[-83.38066,37.69148],[-83.38127,37.6916],[-83.38222,37.69221],[-83.38329,37.6949],[-83.38795,37.69982],[-83.39091,37.69961],[-83.40108,37.69505],[-83.40358,37.69548],[-83.41023,37.69076],[-83.4139,37.68931],[-83.41527,37.69036],[-83.41875,37.69062],[-83.42504,37.68424],[-83.42938,37.67547],[-83.43169,37.67412],[-83.42901,37.66776],[-83.43117,37.66548],[-83.4337,37.66553],[-83.43535,37.66466],[-83.43552,37.65862],[-83.43377,37.6568],[-83.43556,37.654],[-83.439,37.65101],[-83.44584,37.65066],[-83.44696,37.64426],[-83.45036,37.63742],[-83.45873,37.63033],[-83.46009,37.6299],[-83.46172,37.63007],[-83.46389,37.63097],[-83.46815,37.63059],[-83.47238,37.62902],[-83.47572,37.62591],[-83.47725,37.62304],[-83.47848,37.62268],[-83.48106,37.62429],[-83.48269,37.62418],[-83.49017,37.62175],[-83.49066,37.6208],[-83.49427,37.61912],[-83.49544,37.6195],[-83.49915,37.62263],[-83.4987,37.62509],[-83.49494,37.62988],[-83.49415,37.63758],[-83.49452,37.63936],[-83.49714,37.64096],[-83.49563,37.64375],[-83.49587,37.64545],[-83.4976,37.64603],[-83.52236,37.63838],[-83.53211,37.61688],[-83.5622,37.54922],[-83.57919,37.50626],[-83.57765,37.50515],[-83.57646,37.50059],[-83.57677,37.49965],[-83.57901,37.49881],[-83.58027,37.49645],[-83.57987,37.49322],[-83.57878,37.49273],[-83.57721,37.49303],[-83.57594,37.49257],[-83.57013,37.4869],[-83.57027,37.48433],[-83.56927,37.47716],[-83.56496,37.47106],[-83.55975,37.47003],[-83.5496,37.46584],[-83.54931,37.46502],[-83.55338,37.46276],[-83.55512,37.46044],[-83.55306,37.4552],[-83.55153,37.45361],[-83.54992,37.44941],[-83.54552,37.447],[-83.54668,37.44505],[-83.54972,37.44569],[-83.55388,37.44084],[-83.55464,37.43845],[-83.5512,37.43631],[-83.55254,37.43305],[-83.5472,37.42806],[-83.54338,37.42554],[-83.54479,37.42227],[-83.54365,37.42019],[-83.54083,37.41776],[-83.53877,37.41749],[-83.53763,37.41901],[-83.53587,37.41976],[-83.53483,37.41897],[-83.5343,37.41735],[-83.53509,37.41371],[-83.53654,37.41245],[-83.53981,37.40802],[-83.54105,37.39995],[-83.54167,37.39869],[-83.54419,37.39934],[-83.54591,37.39862],[-83.54852,37.39647],[-83.54921,37.39366],[-83.54866,37.39178],[-83.54413,37.38502],[-83.54181,37.38323],[-83.54345,37.38156],[-83.54709,37.37929],[-83.54892,37.37954],[-83.54951,37.37912],[-83.54985,37.37826],[-83.54898,37.37188],[-83.54708,37.36915],[-83.54041,37.35611],[-83.5361,37.3532],[-83.53422,37.35272],[-83.53835,37.34808],[-83.53986,37.34726],[-83.54184,37.34525],[-83.54315,37.33742],[-83.54735,37.33559],[-83.54786,37.33459],[-83.5385,37.33038],[-83.53631,37.33034],[-83.53529,37.33185],[-83.5331,37.33349],[-83.52907,37.33604],[-83.52648,37.33641],[-83.5227,37.33906],[-83.52042,37.3394],[-83.51931,37.33863],[-83.51889,37.33732],[-83.51744,37.33635],[-83.51657,37.33662],[-83.51593,37.33755],[-83.51654,37.34159],[-83.51244,37.34047],[-83.50435,37.34201],[-83.50286,37.34524],[-83.50322,37.3481],[-83.49937,37.35234],[-83.49588,37.35368],[-83.49357,37.35336],[-83.49099,37.35543],[-83.49195,37.35827],[-83.48874,37.35806],[-83.48703,37.3599],[-83.48457,37.36642],[-83.48323,37.372],[-83.47679,37.37761],[-83.47509,37.37715],[-83.46899,37.37375],[-83.46492,37.373],[-83.46195,37.37374],[-83.45829,37.37588],[-83.4567,37.3776],[-83.44967,37.37903],[-83.44796,37.3783],[-83.44747,37.37749],[-83.44753,37.3731],[-83.44618,37.37079],[-83.44014,37.36895],[-83.43583,37.36638],[-83.43452,37.3632],[-83.43231,37.36051],[-83.42578,37.35718],[-83.42616,37.35586],[-83.4273,37.35485],[-83.42556,37.3531],[-83.42141,37.35062],[-83.42043,37.35083],[-83.41921,37.35378],[-83.41713,37.35404],[-83.41382,37.35164],[-83.41409,37.34718],[-83.41277,37.3451],[-83.40485,37.33871],[-83.40071,37.33831],[-83.39777,37.33714],[-83.38985,37.33722],[-83.38093,37.33853],[-83.37837,37.34078],[-83.37687,37.34571],[-83.37524,37.3476],[-83.37159,37.34779],[-83.36967,37.34652],[-83.36842,37.34744],[-83.36653,37.35109],[-83.36712,37.3525],[-83.3671,37.35841],[-83.36155,37.36369],[-83.35705,37.36708],[-83.35418,37.36877],[-83.34972,37.36981],[-83.3564,37.36692],[-83.35907,37.36404],[-83.36155,37.35935],[-83.36149,37.35864],[-83.36018,37.3579],[-83.3578,37.35784],[-83.35426,37.36113],[-83.3509,37.36094],[-83.34742,37.36193],[-83.33973,37.36942],[-83.33986,37.37191],[-83.34068,37.37273],[-83.33398,37.3792],[-83.32676,37.38101],[-83.32529,37.37989],[-83.3222,37.3787],[-83.31971,37.38089],[-83.31874,37.38108],[-83.3151,37.38014],[-83.31328,37.37837],[-83.31037,37.37773],[-83.30364,37.38055],[-83.30276,37.38205],[-83.30392,37.38348],[-83.30249,37.38602],[-83.29985,37.38795],[-83.29594,37.38951],[-83.28837,37.391],[-83.28143,37.39522],[-83.27733,37.39831],[-83.27027,37.39862],[-83.21447,37.44379],[-83.21217,37.44226],[-83.21147,37.43946],[-83.20245,37.4308],[-83.20255,37.42948],[-83.20479,37.4281],[-83.20594,37.42568],[-83.19975,37.41462],[-83.19576,37.41226],[-83.19158,37.41146],[-83.18668,37.41294],[-83.18353,37.41023],[-83.17768,37.40912],[-83.17165,37.40881],[-83.16496,37.4108],[-83.15156,37.40858],[-83.14322,37.40409],[-83.13621,37.40567],[-83.12986,37.40633],[-83.1244,37.40524],[-83.13484,37.45713],[-83.09517,37.4955],[-83.09264,37.49896],[-83.09213,37.50205],[-83.09305,37.50943],[-83.09395,37.51273],[-83.09536,37.51393],[-83.09536,37.51623],[-83.09468,37.51833],[-83.09022,37.51737],[-83.08959,37.51872],[-83.09,37.52156],[-83.08876,37.52266],[-83.08429,37.52191],[-83.07984,37.51818],[-83.07314,37.51821],[-83.07115,37.51679],[-83.06892,37.5175],[-83.06871,37.51987],[-83.06534,37.52547],[-83.0621,37.5251],[-83.05622,37.52081],[-83.05478,37.52099],[-83.05156,37.52383],[-83.04777,37.52577],[-83.04614,37.52334],[-83.047,37.52245],[-83.04681,37.52166],[-83.04274,37.52005],[-83.03534,37.51414],[-83.03467,37.51277],[-83.03611,37.51215],[-83.03605,37.51161],[-83.03326,37.50794],[-83.02798,37.50594],[-83.01581,37.50844],[-83.01382,37.50847],[-83.00689,37.50316],[-83.00271,37.50123],[-83.00158,37.50161],[-82.99934,37.50376],[-82.99505,37.50372],[-82.99358,37.50328],[-82.99294,37.50205],[-82.99131,37.5021],[-82.98605,37.50612],[-82.9848,37.50661],[-82.98258,37.50536],[-82.98104,37.50379],[-82.98076,37.50176],[-82.97841,37.4997],[-82.97328,37.49784],[-82.96945,37.49964],[-82.96522,37.50054],[-82.9587,37.50076],[-82.9567,37.4999],[-82.95403,37.50085],[-82.95229,37.50224],[-82.94838,37.50313],[-82.94963,37.50515],[-82.95106,37.50542],[-82.9533,37.50457],[-82.95467,37.50622],[-82.95469,37.50689],[-82.95051,37.51082],[-82.95048,37.51268],[-82.95259,37.5142],[-82.95477,37.51305],[-82.95858,37.51538],[-82.9595,37.51677],[-82.96871,37.52128],[-82.97235,37.52176],[-82.97437,37.51985],[-82.97616,37.51958],[-82.98666,37.52282],[-82.98881,37.52521],[-82.99576,37.52828],[-82.99989,37.52796],[-83.0,37.53342],[-83.00112,37.53622],[-83.00222,37.54349],[-83.00404,37.54777],[-83.00473,37.54858],[-83.00755,37.55007],[-83.01103,37.54938],[-83.01818,37.54941],[-83.01691,37.55179],[-83.0151,37.56268],[-83.0181,37.56791],[-83.01639,37.57066],[-83.0139,37.5705],[-83.01126,37.57303],[-83.00989,37.57629],[-83.01296,37.58239],[-83.01457,37.58396],[-83.0184,37.58495],[-83.02034,37.58264],[-83.02129,37.58275],[-83.02448,37.58566],[-83.02466,37.58788],[-83.0273,37.58957],[-83.036,37.58616],[-83.0381,37.58431],[-83.03921,37.58638],[-83.0429,37.59072],[-83.05143,37.59347],[-83.05982,37.5951],[-83.05852,37.59699],[-83.05748,37.59761],[-83.06125,37.60807],[-83.06298,37.61144],[-83.06517,37.61131],[-83.06541,37.60926],[-83.06652,37.60733],[-83.07177,37.60931],[-83.07229,37.61101],[-83.07161,37.61557],[-83.07278,37.61916],[-83.07435,37.62081],[-83.08104,37.62065],[-83.08246,37.6219],[-83.0825,37.62368],[-83.08133,37.62462],[-83.08553,37.63063],[-83.08927,37.63207],[-83.09135,37.63038],[-83.09178,37.62397],[-83.09331,37.62279],[-83.09454,37.621],[-83.09913,37.62154],[-83.09972,37.62356],[-83.10034,37.62394],[-83.10161,37.62336],[-83.10267,37.62124],[-83.10875,37.618],[-83.11263,37.61281],[-83.11469,37.61149],[-83.11615,37.61168],[-83.11827,37.61315],[-83.11983,37.6135],[-83.1224,37.61132],[-83.12534,37.60759],[-83.13139,37.60616],[-83.13442,37.60661],[-83.13657,37.60822],[-83.13744,37.60971],[-83.13655,37.6119],[-83.13722,37.6144],[-83.14215,37.61915],[-83.14461,37.62056],[-83.14749,37.62364],[-83.15101,37.62928],[-83.15335,37.6311],[-83.15678,37.62905],[-83.15743,37.62914],[-83.16066,37.63492],[-83.16493,37.63466],[-83.16812,37.63516],[-83.17364,37.63853],[-83.17399,37.63951],[-83.17215,37.64075],[-83.17169,37.64171],[-83.17476,37.64343],[-83.18133,37.64379],[-83.18435,37.64336],[-83.18484,37.64304],[-83.18526,37.64069],[-83.18931,37.64106],[-83.1946,37.64465],[-83.19314,37.64754],[-83.19611,37.64754],[-83.1968,37.64639],[-83.20095,37.64428],[-83.20536,37.64463],[-83.21023,37.64947],[-83.21861,37.64957],[-83.22078,37.65049],[-83.23022,37.65654],[-83.23655,37.66727],[-83.23988,37.66685],[-83.24221,37.66742],[-83.2444,37.66675],[-83.24682,37.66744],[-83.24864,37.66964],[-83.25727,37.67],[-83.26388,37.67434],[-83.26798,37.67979],[-83.27576,37.67716],[-83.27653,37.67602],[-83.27999,37.6744],[-83.28716,37.67614],[-83.29302,37.68242],[-83.29479,37.68239],[-83.30086,37.67898],[-83.30709,37.67798],[-83.31287,37.68156],[-83.31318,37.68267],[-83.31789,37.68285],[-83.32935,37.6799],[-83.33038,37.67741],[-83.3304,37.67473],[-83.3319,37.6747],[-83.3458,37.67798],[-83.34678,37.68182],[-83.35186,37.68466],[-83.353,37.68367],[-83.3549,37.68315],[-83.36364,37.68465],[-83.3705,37.68902],[-83.37441,37.695],[-83.37509,37.69505]]]}},{"type":"Feature","properties":{"NAME":"Lincoln"},"geometry":{"type":"Polygon","coordinates":[[[-84.65845,37.63453],[-84.65968,37.63366],[-84.66015,37.63268],[-84.6526,37.62636],[-84.65238,37.62509],[-84.65626,37.6218],[-84.65782,37.61864],[-84.65931,37.61772],[-84.66007,37.61781],[-84.66075,37.62235],[-84.66187,37.62404],[-84.66409,37.62551],[-84.66492,37.62546],[-84.66535,37.62472],[-84.66417,37.62203],[-84.66581,37.61795],[-84.66688,37.61729],[-84.67355,37.61603],[-84.67631,37.61665],[-84.67715,37.61764],[-84.67703,37.61857],[-84.67505,37.62104],[-84.67519,37.62249],[-84.67666,37.62404],[-84.68146,37.62304],[-84.68641,37.62343],[-84.68797,37.62509],[-84.6901,37.62575],[-84.69567,37.61892],[-84.69633,37.61716],[-84.69559,37.61647],[-84.69334,37.61619],[-84.68934,37.61455],[-84.68825,37.61343],[-84.68831,37.61279],[-84.69504,37.61027],[-84.69622,37.60915],[-84.69587,37.60803],[-84.72368,37.59163],[-84.74616,37.58567],[-84.74763,37.58677],[-84.74446,37.59429],[-84.74575,37.59443],[-84.74427,37.59752],[-84.74613,37.59757],[-84.75482,37.596],[-84.75351,37.5936],[-84.75449,37.59201],[-84.75557,37.59214],[-84.75619,37.58835],[-84.75248,37.58858],[-84.74675,37.58551],[-84.78421,37.57645],[-84.78396,37.57682],[-84.78624,37.57729],[-84.78715,37.57521],[-84.84733,37.54787],[-84.85705,37.5285],[-84.85774,37.484],[-84.86012,37.46729],[-84.85082,37.42705],[-84.79608,37.39055],[-84.73573,37.36652],[-84.72262,37.36022],[-84.70627,37.29977],[-84.70865,37.29846],[-84.714,37.29365],[-84.72202,37.28909],[-84.72417,37.2866],[-84.72296,37.2793],[-84.72299,37.27468],[-84.72273,37.27385],[-84.72012,37.27205],[-84.71974,37.26342],[-84.71817,37.25461],[-84.72099,37.2411],[-84.72075,37.23817],[-84.55649,37.3558],[-84.50298,37.32846],[-84.47639,37.40524],[-84.44686,37.48579],[-84.45346,37.4919],[-84.46075,37.49302],[-84.46414,37.49277],[-84.46851,37.49474],[-84.46986,37.49622],[-84.4715,37.49616],[-84.47253,37.49471],[-84.47327,37.49442],[-84.61857,37.59303],[-84.61766,37.59746],[-84.61798,37.60023],[-84.62131,37.60325],[-84.62218,37.60357],[-84.62975,37.60243],[-84.63283,37.60128],[-84.63821,37.60566],[-84.64243,37.61037],[-84.64562,37.61037],[-84.6466,37.60953],[-84.64902,37.61051],[-84.65074,37.61717],[-84.64622,37.62404],[-84.6457,37.62438],[-84.64472,37.62376],[-84.64211,37.61985],[-84.64058,37.619],[-84.63906,37.61932],[-84.6365,37.62115],[-84.63606,37.62234],[-84.64161,37.62463],[-84.64415,37.62835],[-84.64389,37.63135],[-84.64478,37.63236],[-84.64743,37.63325],[-84.65137,37.63355],[-84.65148,37.63648],[-84.64915,37.63833],[-84.65042,37.64044],[-84.65183,37.64014],[-84.65635,37.63501],[-84.65845,37.63453]]]}},{"type":"Feature","properties":{"NAME":"Jackson"},"geometry":{"type":"Polygon","coordinates":[[[-83.9395,37.57289],[-83.9652,37.58144],[-83.9931,37.5736],[-84.04516,37.56354],[-84.09049,37.56624],[-84.14211,37.56494],[-84.17189,37.55759],[-84.20059,37.52152],[-84.19902,37.51922],[-84.19863,37.51473],[-84.20006,37.51318],[-84.20289,37.51286],[-84.20438,37.51177],[-84.20455,37.5069],[-84.20299,37.49794],[-84.20179,37.49634],[-84.20038,37.49583],[-84.20015,37.49469],[-84.20073,37.49345],[-84.204,37.49062],[-84.20426,37.48865],[-84.20377,37.48606],[-84.19932,37.48217],[-84.19607,37.47762],[-84.19651,37.47522],[-84.19289,37.46591],[-84.19042,37.46456],[-84.18896,37.46051],[-84.18893,37.45786],[-84.1828,37.45444],[-84.18431,37.44768],[-84.18351,37.44596],[-84.18262,37.44516],[-84.1798,37.44413],[-84.17803,37.4426],[-84.17123,37.43173],[-84.16965,37.42708],[-84.15924,37.41708],[-84.16392,37.40455],[-84.16613,37.40086],[-84.16781,37.39977],[-84.16954,37.39268],[-84.169,37.38794],[-84.16981,37.38611],[-84.16837,37.38455],[-84.15843,37.37799],[-84.15705,37.37604],[-84.15676,37.37466],[-84.15045,37.37206],[-84.1477,37.36982],[-84.14524,37.36856],[-84.1371,37.36755],[-84.13448,37.36674],[-84.13413,37.36636],[-84.13584,37.36437],[-84.13106,37.36128],[-84.12931,37.35817],[-84.12934,37.35737],[-84.13083,37.35645],[-84.14316,37.35243],[-84.14293,37.35142],[-84.14144,37.34984],[-84.13428,37.35012],[-84.13296,37.34911],[-84.13385,37.34453],[-84.13529,37.34296],[-84.13574,37.34284],[-84.13918,37.34527],[-84.14242,37.34534],[-84.14205,37.34017],[-84.14156,37.33916],[-84.13836,37.33639],[-84.13621,37.33552],[-84.13509,37.33268],[-84.13667,37.32944],[-84.14194,37.32964],[-84.14426,37.33067],[-84.14538,37.32958],[-84.14616,37.32754],[-84.14012,37.3209],[-84.13794,37.32003],[-84.13579,37.32358],[-84.1351,37.32582],[-84.13315,37.32721],[-84.1298,37.32833],[-84.1279,37.32998],[-84.12876,37.33273],[-84.12807,37.33421],[-84.1242,37.3357],[-84.11899,37.33582],[-84.11529,37.3323],[-84.11411,37.32932],[-84.10813,37.32649],[-84.10655,37.31828],[-84.10712,37.31574],[-84.10228,37.31565],[-84.09812,37.31645],[-84.09414,37.31387],[-84.09434,37.31277],[-84.095,37.31226],[-84.10448,37.30993],[-84.107,37.31059],[-84.10832,37.31048],[-84.10857,37.30961],[-84.10757,37.30821],[-84.10347,37.30535],[-84.09984,37.30387],[-84.09964,37.30288],[-84.10044,37.30151],[-84.09329,37.29623],[-84.08941,37.29531],[-84.08185,37.29209],[-84.07563,37.28676],[-84.07277,37.28534],[-84.06192,37.28472],[-84.06089,37.28555],[-84.05957,37.2858],[-84.05628,37.28475],[-84.05262,37.28292],[-84.05176,37.27946],[-84.05591,37.27665],[-84.05637,37.27528],[-84.05628,37.27056],[-84.04647,37.26654],[-84.04423,37.26734],[-84.00567,37.25343],[-83.94325,37.25059],[-83.94352,37.25165],[-83.93972,37.25892],[-83.92446,37.26064],[-83.92317,37.26157],[-83.92129,37.26162],[-83.91622,37.25972],[-83.91075,37.25631],[-83.90649,37.25599],[-83.90444,37.25541],[-83.90346,37.25376],[-83.90165,37.25378],[-83.89896,37.25696],[-83.89891,37.26259],[-83.9002,37.26537],[-83.90002,37.26691],[-83.89773,37.27002],[-83.89041,37.27471],[-83.88841,37.27775],[-83.88803,37.28195],[-83.88838,37.28574],[-83.87691,37.29475],[-83.87891,37.30152],[-83.88151,37.30377],[-83.88196,37.30696],[-83.86317,37.30663],[-83.82145,37.33145],[-83.79663,37.32983],[-83.79181,37.33032],[-83.78532,37.33707],[-83.78238,37.34292],[-83.78486,37.34874],[-83.79192,37.35124],[-83.80004,37.3577],[-83.80224,37.36075],[-83.80191,37.36464],[-83.80503,37.36439],[-83.80778,37.36575],[-83.81189,37.37035],[-83.81044,37.3732],[-83.81059,37.37395],[-83.81357,37.37984],[-83.81439,37.38054],[-83.8162,37.38007],[-83.81735,37.38083],[-83.82886,37.41187],[-83.83675,37.42054],[-83.84143,37.42887],[-83.84151,37.43113],[-83.84029,37.43377],[-83.84573,37.43582],[-83.84519,37.4371],[-83.8443,37.43724],[-83.84184,37.43646],[-83.84188,37.43895],[-83.84648,37.44275],[-83.8478,37.44515],[-83.85027,37.44778],[-83.85595,37.44803],[-83.85971,37.45036],[-83.86499,37.45134],[-83.88384,37.47725],[-83.88124,37.49539],[-83.8838,37.49637],[-83.88463,37.49724],[-83.8844,37.49889],[-83.88762,37.50187],[-83.88841,37.50652],[-83.88455,37.51353],[-83.88527,37.51808],[-83.88851,37.52204],[-83.89075,37.52346],[-83.89319,37.52694],[-83.8931,37.52973],[-83.89371,37.53108],[-83.89655,37.53339],[-83.89882,37.53449],[-83.9056,37.5429],[-83.92322,37.55933],[-83.9395,37.57289]]]}},{"type":"Feature","properties":{"NAME":"Owsley"},"geometry":{"type":"Polygon","coordinates":[[[-83.65151,37.53956],[-83.65317,37.53818],[-83.6564,37.53686],[-83.66214,37.53204],[-83.66584,37.5268],[-83.66655,37.52416],[-83.68041,37.51202],[-83.70173,37.5077],[-83.73197,37.52105],[-83.73556,37.51961],[-83.7384,37.5178],[-83.74121,37.51414],[-83.74478,37.50788],[-83.74304,37.50538],[-83.74284,37.49411],[-83.76901,37.49167],[-83.82418,37.48707],[-83.82345,37.48892],[-83.82813,37.48799],[-83.83146,37.48892],[-83.835,37.4921],[-83.8381,37.49292],[-83.84016,37.49217],[-83.84283,37.49242],[-83.84424,37.49311],[-83.84522,37.49505],[-83.84711,37.4961],[-83.85001,37.4953],[-83.85208,37.49573],[-83.85202,37.49754],[-83.85711,37.50009],[-83.85755,37.50108],[-83.86435,37.50185],[-83.86682,37.50491],[-83.86751,37.51184],[-83.86631,37.51373],[-83.86845,37.5138],[-83.87605,37.5165],[-83.88203,37.51609],[-83.88527,37.51808],[-83.88455,37.51353],[-83.88841,37.50652],[-83.88762,37.50187],[-83.8844,37.49889],[-83.88463,37.49724],[-83.8838,37.49637],[-83.88124,37.49539],[-83.88384,37.47725],[-83.86499,37.45134],[-83.85971,37.45036],[-83.85595,37.44803],[-83.85027,37.44778],[-83.8478,37.44515],[-83.84648,37.44275],[-83.84188,37.43895],[-83.84184,37.43646],[-83.8443,37.43724],[-83.84519,37.4371],[-83.84573,37.43582],[-83.84029,37.43377],[-83.84151,37.43113],[-83.84143,37.42887],[-83.83675,37.42054],[-83.82886,37.41187],[-83.81735,37.38083],[-83.8162,37.38007],[-83.81439,37.38054],[-83.81357,37.37984],[-83.81059,37.37395],[-83.81044,37.3732],[-83.81189,37.37035],[-83.80778,37.36575],[-83.80503,37.36439],[-83.80191,37.36464],[-83.80224,37.36075],[-83.80004,37.3577],[-83.79192,37.35124],[-83.78486,37.34874],[-83.71821,37.33887],[-83.6882,37.33676],[-83.68791,37.33762],[-83.68,37.33705],[-83.67587,37.33886],[-83.67493,37.34041],[-83.67507,37.34625],[-83.66962,37.35377],[-83.66745,37.35576],[-83.66504,37.35652],[-83.65357,37.3581],[-83.65223,37.35675],[-83.65323,37.35341],[-83.65251,37.35089],[-83.65072,37.34889],[-83.64634,37.34646],[-83.6413,37.34604],[-83.63817,37.34383],[-83.63423,37.33916],[-83.63172,37.335],[-83.63204,37.33286],[-83.63342,37.33091],[-83.62952,37.32758],[-83.62656,37.32819],[-83.62372,37.32625],[-83.62168,37.3212],[-83.62226,37.31492],[-83.62031,37.31412],[-83.61888,37.31426],[-83.61706,37.31287],[-83.61587,37.31019],[-83.61646,37.30809],[-83.6128,37.30678],[-83.61057,37.30931],[-83.60886,37.30874],[-83.60855,37.30482],[-83.60929,37.30134],[-83.60402,37.29893],[-83.59976,37.29545],[-83.59861,37.29349],[-83.58973,37.29127],[-83.58518,37.29315],[-83.58295,37.29485],[-83.57405,37.28835],[-83.57404,37.2841],[-83.57578,37.28179],[-83.57389,37.27918],[-83.57112,37.27675],[-83.56743,37.27579],[-83.56555,37.27576],[-83.56561,37.27126],[-83.56743,37.26782],[-83.56608,37.26539],[-83.56389,37.26515],[-83.54949,37.26805],[-83.54205,37.26836],[-83.53311,37.2567],[-83.5297,37.25592],[-83.52681,37.25853],[-83.52887,37.26055],[-83.52928,37.26159],[-83.52497,37.26276],[-83.52153,37.26447],[-83.52331,37.27151],[-83.52521,37.27345],[-83.52783,37.27419],[-83.53302,37.27783],[-83.53588,37.28117],[-83.53675,37.28396],[-83.5397,37.28587],[-83.54284,37.28415],[-83.54682,37.2839],[-83.55168,37.28669],[-83.55128,37.29246],[-83.54871,37.29685],[-83.54783,37.30253],[-83.54929,37.30663],[-83.5506,37.30715],[-83.55354,37.30588],[-83.55396,37.30644],[-83.55321,37.31034],[-83.55059,37.3104],[-83.54888,37.31144],[-83.54709,37.3155],[-83.5473,37.32393],[-83.54985,37.32617],[-83.55185,37.32715],[-83.55157,37.33295],[-83.54786,37.33459],[-83.54735,37.33559],[-83.54315,37.33742],[-83.54184,37.34525],[-83.53986,37.34726],[-83.53835,37.34808],[-83.53422,37.35272],[-83.5361,37.3532],[-83.54041,37.35611],[-83.54708,37.36915],[-83.54898,37.37188],[-83.54985,37.37826],[-83.54951,37.37912],[-83.54892,37.37954],[-83.54709,37.37929],[-83.54345,37.38156],[-83.54181,37.38323],[-83.54413,37.38502],[-83.54866,37.39178],[-83.54921,37.39366],[-83.54887,37.39552],[-83.54852,37.39647],[-83.54591,37.39862],[-83.54419,37.39934],[-83.54167,37.39869],[-83.54105,37.39995],[-83.53981,37.40802],[-83.53654,37.41245],[-83.53509,37.41371],[-83.5343,37.41735],[-83.53483,37.41897],[-83.53587,37.41976],[-83.53763,37.41901],[-83.53877,37.41749],[-83.54083,37.41776],[-83.54365,37.42019],[-83.54479,37.42227],[-83.54338,37.42554],[-83.5472,37.42806],[-83.55254,37.43305],[-83.5512,37.43631],[-83.55464,37.43845],[-83.55388,37.44084],[-83.54972,37.44569],[-83.54668,37.44505],[-83.54552,37.447],[-83.54992,37.44941],[-83.55153,37.45361],[-83.55306,37.4552],[-83.55512,37.46044],[-83.55338,37.46276],[-83.54931,37.46502],[-83.5496,37.46584],[-83.55975,37.47003],[-83.56496,37.47106],[-83.56927,37.47716],[-83.57027,37.48433],[-83.57013,37.4869],[-83.57594,37.49257],[-83.57721,37.49303],[-83.57878,37.49273],[-83.57987,37.49322],[-83.58027,37.49645],[-83.57901,37.49881],[-83.57677,37.49965],[-83.57646,37.50059],[-83.57765,37.50515],[-83.57919,37.50626],[-83.58083,37.50446],[-83.58406,37.5046],[-83.58906,37.5058],[-83.58952,37.50595],[-83.5897,37.50702],[-83.59508,37.51106],[-83.60762,37.51489],[-83.61016,37.51401],[-83.61031,37.51034],[-83.6134,37.50886],[-83.61664,37.50949],[-83.62197,37.51143],[-83.62062,37.51777],[-83.61848,37.51925],[-83.61833,37.52076],[-83.61929,37.52189],[-83.62254,37.52074],[-83.62683,37.52262],[-83.62858,37.5272],[-83.62814,37.52922],[-83.62945,37.53541],[-83.63034,37.53743],[-83.63487,37.53888],[-83.63775,37.53917],[-83.64721,37.53901],[-83.65151,37.53956]]]}},{"type":"Feature","properties":{"NAME":"Rockcastle"},"geometry":{"type":"Polygon","coordinates":[[[-84.23002,37.52309],[-84.23305,37.52131],[-84.23397,37.52007],[-84.23518,37.51982],[-84.23658,37.52176],[-84.24052,37.52403],[-84.24853,37.52485],[-84.25163,37.52429],[-84.25361,37.52322],[-84.25563,37.51848],[-84.26347,37.5157],[-84.26847,37.51541],[-84.27019,37.5199],[-84.2722,37.5205],[-84.27787,37.52371],[-84.28734,37.5245],[-84.29271,37.52299],[-84.29891,37.52254],[-84.30131,37.52294],[-84.30196,37.5234],[-84.30261,37.52989],[-84.30026,37.53141],[-84.29858,37.53338],[-84.29839,37.53494],[-84.30399,37.53746],[-84.30695,37.53515],[-84.30726,37.5307],[-84.30927,37.529],[-84.31322,37.52824],[-84.31524,37.52882],[-84.31826,37.53212],[-84.31735,37.53465],[-84.31899,37.53752],[-84.32268,37.53905],[-84.33085,37.53868],[-84.33602,37.53629],[-84.33728,37.53626],[-84.33853,37.53698],[-84.34785,37.539],[-84.34821,37.53667],[-84.35048,37.53437],[-84.35087,37.53269],[-84.35001,37.53051],[-84.35363,37.52152],[-84.35931,37.51623],[-84.361,37.51593],[-84.36138,37.51373],[-84.35899,37.50538],[-84.35486,37.50311],[-84.35473,37.4994],[-84.35763,37.49466],[-84.36415,37.487],[-84.36536,37.48585],[-84.36639,37.48593],[-84.36635,37.48336],[-84.36753,37.48102],[-84.36914,37.4807],[-84.37054,37.47969],[-84.37349,37.47324],[-84.37446,37.47262],[-84.44686,37.48579],[-84.47639,37.40524],[-84.50298,37.32846],[-84.49994,37.32683],[-84.49592,37.32337],[-84.44935,37.2817],[-84.42668,37.26409],[-84.40586,37.24869],[-84.30032,37.16389],[-84.29478,37.16158],[-84.29199,37.16098],[-84.29031,37.15618],[-84.29077,37.15458],[-84.289,37.15171],[-84.28797,37.15667],[-84.28826,37.16061],[-84.28883,37.16202],[-84.29043,37.16299],[-84.29523,37.16379],[-84.29686,37.16477],[-84.29998,37.16809],[-84.29975,37.17054],[-84.29735,37.17134],[-84.28485,37.17289],[-84.27761,37.17744],[-84.2731,37.1787],[-84.26926,37.17909],[-84.26555,37.18188],[-84.26609,37.18389],[-84.267,37.18494],[-84.27,37.186],[-84.27667,37.18653],[-84.27858,37.1874],[-84.28084,37.19659],[-84.28078,37.1982],[-84.27953,37.19911],[-84.2732,37.20108],[-84.27062,37.20103],[-84.26668,37.20016],[-84.26445,37.20041],[-84.2615,37.20265],[-84.25921,37.20546],[-84.25952,37.20668],[-84.27196,37.21224],[-84.2721,37.21311],[-84.27145,37.21403],[-84.26527,37.21597],[-84.26363,37.21672],[-84.26283,37.21764],[-84.263,37.21835],[-84.26583,37.22013],[-84.26715,37.22199],[-84.26706,37.22322],[-84.26586,37.2245],[-84.25796,37.22805],[-84.25739,37.22962],[-84.25715,37.23397],[-84.25618,37.23637],[-84.25472,37.23884],[-84.25197,37.24035],[-84.25057,37.23992],[-84.24795,37.23379],[-84.2438,37.22995],[-84.24037,37.22839],[-84.2365,37.22963],[-84.23553,37.23233],[-84.23585,37.23343],[-84.23765,37.23462],[-84.23911,37.23642],[-84.23963,37.23796],[-84.23931,37.2404],[-84.23831,37.24322],[-84.23405,37.24775],[-84.23245,37.24837],[-84.22962,37.24778],[-84.22876,37.24231],[-84.22443,37.23899],[-84.22343,37.23872],[-84.22192,37.23906],[-84.21888,37.24119],[-84.2182,37.2424],[-84.21759,37.24248],[-84.21607,37.28032],[-84.21742,37.28311],[-84.21624,37.28316],[-84.2161,37.28243],[-84.21487,37.28151],[-84.21003,37.27975],[-84.20287,37.28003],[-84.20001,37.28085],[-84.19938,37.28362],[-84.19835,37.28538],[-84.19654,37.28596],[-84.19159,37.28529],[-84.18984,37.28614],[-84.18818,37.28893],[-84.18689,37.29293],[-84.1818,37.29515],[-84.17896,37.29881],[-84.17896,37.29982],[-84.18068,37.30259],[-84.18074,37.30346],[-84.17982,37.30419],[-84.1736,37.30508],[-84.17148,37.30714],[-84.17045,37.30657],[-84.1704,37.30561],[-84.17215,37.30122],[-84.17186,37.30035],[-84.16335,37.29897],[-84.15989,37.3021],[-84.14955,37.30233],[-84.14775,37.30283],[-84.14711,37.30357],[-84.14746,37.30597],[-84.15135,37.30842],[-84.15278,37.31013],[-84.15264,37.31057],[-84.14923,37.31041],[-84.14485,37.30919],[-84.13792,37.30944],[-84.13703,37.31004],[-84.13585,37.312],[-84.13568,37.31379],[-84.1372,37.31667],[-84.13794,37.32003],[-84.14012,37.3209],[-84.14616,37.32754],[-84.14538,37.32958],[-84.14426,37.33067],[-84.14194,37.32964],[-84.13667,37.32944],[-84.13509,37.33268],[-84.13621,37.33552],[-84.13836,37.33639],[-84.14156,37.33916],[-84.14205,37.34017],[-84.14242,37.34534],[-84.13918,37.34527],[-84.13574,37.34284],[-84.13529,37.34296],[-84.13385,37.34453],[-84.13296,37.34911],[-84.13428,37.35012],[-84.14144,37.34984],[-84.14293,37.35142],[-84.14316,37.35243],[-84.13083,37.35645],[-84.12934,37.35737],[-84.12931,37.35817],[-84.13106,37.36128],[-84.13584,37.36437],[-84.13413,37.36636],[-84.13448,37.36674],[-84.1371,37.36755],[-84.14524,37.36856],[-84.1477,37.36982],[-84.15045,37.37206],[-84.15676,37.37466],[-84.15705,37.37604],[-84.15843,37.37799],[-84.16837,37.38455],[-84.16981,37.38611],[-84.169,37.38794],[-84.16954,37.39268],[-84.16781,37.39977],[-84.16613,37.40086],[-84.16392,37.40455],[-84.15924,37.41708],[-84.16965,37.42708],[-84.17123,37.43173],[-84.17803,37.4426],[-84.1798,37.44413],[-84.18262,37.44516],[-84.18351,37.44596],[-84.18431,37.44768],[-84.1828,37.45444],[-84.18893,37.45786],[-84.18896,37.46051],[-84.19042,37.46456],[-84.19289,37.46591],[-84.19651,37.47522],[-84.19607,37.47762],[-84.19932,37.48217],[-84.20377,37.48606],[-84.20426,37.48865],[-84.204,37.49062],[-84.20073,37.49345],[-84.20015,37.49469],[-84.20038,37.49583],[-84.20179,37.49634],[-84.20299,37.49794],[-84.20455,37.5069],[-84.20438,37.51177],[-84.20289,37.51286],[-84.20006,37.51318],[-84.19863,37.51473],[-84.19902,37.51922],[-84.20059,37.52152],[-84.19948,37.52287],[-84.21053,37.52413],[-84.22369,37.52733],[-84.22826,37.5257],[-84.22932,37.52472],[-84.23002,37.52309]]]}},{"type":"Feature","properties":{"NAME":"Perry"},"geometry":{"type":"Polygon","coordinates":[[[-83.1244,37.40524],[-83.12986,37.40633],[-83.13621,37.40567],[-83.14322,37.40409],[-83.15156,37.40858],[-83.16496,37.4108],[-83.17165,37.40881],[-83.17768,37.40912],[-83.18353,37.41023],[-83.18668,37.41294],[-83.19158,37.41146],[-83.19576,37.41226],[-83.19975,37.41462],[-83.20594,37.42568],[-83.20479,37.4281],[-83.20255,37.42948],[-83.20245,37.4308],[-83.21147,37.43946],[-83.21217,37.44226],[-83.21447,37.44379],[-83.27027,37.39862],[-83.27733,37.39831],[-83.28143,37.39522],[-83.28837,37.391],[-83.29594,37.38951],[-83.29985,37.38795],[-83.30249,37.38602],[-83.30392,37.38348],[-83.30276,37.38205],[-83.30364,37.38055],[-83.31037,37.37773],[-83.31328,37.37837],[-83.3151,37.38014],[-83.31874,37.38108],[-83.31971,37.38089],[-83.3222,37.3787],[-83.32529,37.37989],[-83.32676,37.38101],[-83.33398,37.3792],[-83.34068,37.37273],[-83.33986,37.37191],[-83.33973,37.36942],[-83.34742,37.36193],[-83.3509,37.36094],[-83.35426,37.36113],[-83.3578,37.35784],[-83.36018,37.3579],[-83.36149,37.35864],[-83.36155,37.35935],[-83.35907,37.36404],[-83.3564,37.36692],[-83.34972,37.36981],[-83.35418,37.36877],[-83.35705,37.36708],[-83.36155,37.36369],[-83.3671,37.35841],[-83.36712,37.3525],[-83.36653,37.35109],[-83.36842,37.34744],[-83.36967,37.34652],[-83.37159,37.34779],[-83.37524,37.3476],[-83.37687,37.34571],[-83.37837,37.34078],[-83.38093,37.33853],[-83.38985,37.33722],[-83.39777,37.33714],[-83.40071,37.33831],[-83.40485,37.33871],[-83.41277,37.3451],[-83.41409,37.34718],[-83.41382,37.35164],[-83.41713,37.35404],[-83.41921,37.35378],[-83.42043,37.35083],[-83.42141,37.35062],[-83.42556,37.3531],[-83.4273,37.35485],[-83.42616,37.35586],[-83.42578,37.35718],[-83.43231,37.36051],[-83.43452,37.3632],[-83.43583,37.36638],[-83.44014,37.36895],[-83.44618,37.37079],[-83.44753,37.3731],[-83.44747,37.37749],[-83.44796,37.3783],[-83.44967,37.37903],[-83.4567,37.3776],[-83.45829,37.37588],[-83.46195,37.37374],[-83.46492,37.373],[-83.46899,37.37375],[-83.47509,37.37715],[-83.47679,37.37761],[-83.48323,37.372],[-83.48457,37.36642],[-83.48703,37.3599],[-83.48874,37.35806],[-83.49195,37.35827],[-83.49099,37.35543],[-83.49357,37.35336],[-83.49588,37.35368],[-83.49937,37.35234],[-83.50322,37.3481],[-83.50286,37.34524],[-83.50435,37.34201],[-83.51244,37.34047],[-83.51654,37.34159],[-83.51593,37.33755],[-83.51657,37.33662],[-83.51744,37.33635],[-83.51889,37.33732],[-83.51931,37.33863],[-83.52042,37.3394],[-83.5227,37.33906],[-83.52648,37.33641],[-83.52907,37.33604],[-83.5331,37.33349],[-83.53529,37.33185],[-83.53631,37.33034],[-83.53708,37.33011],[-83.5385,37.33038],[-83.54786,37.33459],[-83.55157,37.33295],[-83.55185,37.32715],[-83.54985,37.32617],[-83.5473,37.32393],[-83.54709,37.3155],[-83.54888,37.31144],[-83.55059,37.3104],[-83.55321,37.31034],[-83.55396,37.30644],[-83.55354,37.30588],[-83.5506,37.30715],[-83.54929,37.30663],[-83.54783,37.30253],[-83.54871,37.29685],[-83.55128,37.29246],[-83.55168,37.28669],[-83.54682,37.2839],[-83.54284,37.28415],[-83.5397,37.28587],[-83.53675,37.28396],[-83.53588,37.28117],[-83.53302,37.27783],[-83.52783,37.27419],[-83.52521,37.27345],[-83.52331,37.27151],[-83.52153,37.26447],[-83.52497,37.26276],[-83.52928,37.26159],[-83.52887,37.26055],[-83.52542,37.25727],[-83.52124,37.25528],[-83.51902,37.25517],[-83.51562,37.25676],[-83.51129,37.2551],[-83.50959,37.24784],[-83.51052,37.24376],[-83.51137,37.2425],[-83.50775,37.23598],[-83.50635,37.23586],[-83.50245,37.23751],[-83.50134,37.24077],[-83.50118,37.24363],[-83.49991,37.24523],[-83.49459,37.24654],[-83.48983,37.2501],[-83.48338,37.25185],[-83.48155,37.2602],[-83.47982,37.2636],[-83.47739,37.2647],[-83.47637,37.26606],[-83.48087,37.26798],[-83.48273,37.26735],[-83.48451,37.26798],[-83.48648,37.27031],[-83.48685,37.27179],[-83.48651,37.2741],[-83.48389,37.27907],[-83.47901,37.28603],[-83.47665,37.28834],[-83.47208,37.29128],[-83.461,37.29398],[-83.45728,37.29124],[-83.443,37.28743],[-83.44225,37.28746],[-83.44081,37.29054],[-83.43876,37.29317],[-83.4367,37.29286],[-83.43492,37.29095],[-83.4319,37.29019],[-83.42988,37.29463],[-83.43,37.29644],[-83.43189,37.29857],[-83.43187,37.30034],[-83.42896,37.30341],[-83.42767,37.30363],[-83.42648,37.30263],[-83.4237,37.30225],[-83.42074,37.30644],[-83.41908,37.31026],[-83.41611,37.31194],[-83.40953,37.31432],[-83.40486,37.31486],[-83.4028,37.31395],[-83.40184,37.3146],[-83.40114,37.31877],[-83.40012,37.32003],[-83.39839,37.32075],[-83.39693,37.31917],[-83.39807,37.316],[-83.39679,37.31172],[-83.39565,37.30966],[-83.39453,37.3094],[-83.39044,37.31018],[-83.38859,37.30981],[-83.38757,37.3088],[-83.38831,37.30738],[-83.38726,37.30559],[-83.38103,37.30432],[-83.3784,37.30482],[-83.37403,37.30066],[-83.37161,37.29655],[-83.3668,37.30047],[-83.35918,37.30021],[-83.35312,37.29787],[-83.35184,37.29541],[-83.3525,37.29346],[-83.35513,37.29057],[-83.35344,37.28672],[-83.35111,37.28427],[-83.34519,37.28301],[-83.34473,37.28157],[-83.34521,37.2794],[-83.33751,37.27306],[-83.33734,37.27183],[-83.33832,37.27019],[-83.34167,37.26767],[-83.33993,37.26614],[-83.33944,37.26469],[-83.34109,37.26458],[-83.34213,37.26396],[-83.34432,37.25968],[-83.34204,37.25728],[-83.33809,37.25613],[-83.33597,37.25424],[-83.33688,37.25287],[-83.33879,37.25193],[-83.33936,37.2505],[-83.33518,37.24828],[-83.33263,37.24401],[-83.33242,37.24089],[-83.33504,37.23934],[-83.33748,37.23689],[-83.33634,37.23503],[-83.3318,37.23507],[-83.32524,37.22915],[-83.3242,37.22538],[-83.3235,37.22507],[-83.32106,37.22697],[-83.31847,37.22805],[-83.31077,37.22985],[-83.3081,37.22854],[-83.30667,37.22347],[-83.30355,37.21832],[-83.29926,37.2149],[-83.29651,37.21418],[-83.29378,37.21445],[-83.29247,37.21765],[-83.28696,37.21756],[-83.28676,37.21573],[-83.2819,37.20742],[-83.27726,37.20348],[-83.27252,37.20179],[-83.26307,37.20034],[-83.25552,37.20417],[-83.25308,37.20373],[-83.25226,37.20307],[-83.25199,37.19946],[-83.24923,37.19514],[-83.24805,37.1947],[-83.24547,37.1948],[-83.24078,37.19602],[-83.2353,37.19149],[-83.23499,37.18801],[-83.22459,37.18042],[-83.21407,37.1759],[-83.20347,37.17572],[-83.20159,37.1678],[-83.20185,37.16678],[-83.20807,37.16704],[-83.21197,37.16525],[-83.21318,37.16174],[-83.2124,37.16023],[-83.21254,37.15946],[-83.21442,37.15756],[-83.21652,37.15749],[-83.21752,37.15938],[-83.21906,37.16025],[-83.22331,37.15845],[-83.22629,37.15575],[-83.2271,37.15437],[-83.22704,37.15097],[-83.22176,37.14862],[-83.2189,37.14896],[-83.2181,37.14655],[-83.2182,37.14409],[-83.22118,37.14198],[-83.22396,37.14096],[-83.22682,37.13914],[-83.22745,37.13811],[-83.22743,37.13681],[-83.225,37.13532],[-83.22181,37.13451],[-83.21954,37.13465],[-83.21471,37.13259],[-83.21003,37.12917],[-83.20553,37.129],[-83.20648,37.12806],[-83.20605,37.1243],[-83.20191,37.12002],[-83.19704,37.11787],[-83.19639,37.11044],[-83.19512,37.10918],[-83.19429,37.10898],[-83.1843,37.1123],[-83.18332,37.11115],[-83.18346,37.10914],[-83.18275,37.10725],[-83.18163,37.1064],[-83.1771,37.10555],[-83.17416,37.10434],[-83.16926,37.10048],[-83.16722,37.095],[-83.16889,37.09274],[-83.16823,37.08806],[-83.17187,37.08585],[-83.1755,37.08453],[-83.17665,37.08069],[-83.17378,37.07955],[-83.17038,37.07698],[-83.16744,37.07365],[-83.16595,37.07158],[-83.16559,37.06736],[-83.16657,37.0652],[-83.16785,37.06453],[-83.1721,37.06331],[-83.17299,37.06325],[-83.17373,37.06382],[-83.17822,37.06273],[-83.17997,37.05854],[-83.18046,37.05049],[-83.18189,37.04689],[-83.18114,37.0455],[-83.17864,37.04336],[-83.17823,37.03848],[-83.18421,37.03525],[-83.18616,37.03514],[-83.18685,37.03432],[-83.18635,37.03167],[-83.18438,37.02883],[-83.18605,37.02632],[-83.18539,37.02136],[-83.17735,37.0199],[-83.17593,37.01768],[-83.17363,37.01686],[-83.16995,37.01797],[-83.16692,37.02063],[-83.16464,37.02118],[-83.16155,37.02108],[-83.16092,37.02065],[-83.1605,37.01463],[-83.15986,37.01367],[-83.15526,37.01543],[-83.15206,37.0152],[-83.14729,37.01275],[-83.14361,37.00923],[-83.14225,37.00633],[-83.13681,37.00411],[-83.12848,37.00357],[-83.1239,37.00572],[-83.12278,37.00395],[-83.12206,37.00111],[-83.12009,36.9993],[-83.11409,36.9983],[-83.11279,36.9965],[-83.11289,36.9947],[-83.11069,36.9922],[-83.10839,36.9921],[-83.10349,36.9934],[-83.10019,36.9964],[-83.09539,36.9988],[-83.09429,36.9983],[-83.09249,36.9985],[-83.08501,37.00187],[-83.07878,37.00891],[-83.07337,37.01197],[-83.07058,37.01163],[-83.06587,37.0149],[-83.06194,37.01649],[-83.05835,37.0154],[-83.05478,37.01789],[-83.05419,37.01885],[-83.05447,37.01988],[-83.05763,37.02229],[-83.05829,37.02514],[-83.05681,37.02632],[-83.04956,37.02953],[-83.05247,37.03403],[-83.05822,37.03537],[-83.06424,37.03883],[-83.06603,37.0412],[-83.07042,37.04271],[-83.07202,37.04219],[-83.07356,37.04709],[-83.0695,37.05036],[-83.06772,37.0509],[-83.06387,37.05089],[-83.06244,37.05149],[-83.05748,37.05711],[-83.05803,37.06194],[-83.05708,37.06228],[-83.04877,37.05865],[-83.04473,37.06071],[-83.04275,37.06233],[-83.04485,37.06585],[-83.04488,37.07002],[-83.04269,37.07757],[-83.04087,37.07806],[-83.04042,37.07892],[-83.04077,37.08006],[-83.04752,37.08657],[-83.05125,37.09212],[-83.05189,37.09641],[-83.05059,37.0981],[-83.04862,37.09807],[-83.04722,37.09876],[-83.04659,37.10046],[-83.04696,37.10257],[-83.04946,37.10396],[-83.05275,37.10296],[-83.05499,37.10397],[-83.05473,37.10756],[-83.0554,37.10991],[-83.05867,37.11237],[-83.06139,37.1164],[-83.06132,37.11811],[-83.05852,37.1251],[-83.05667,37.12789],[-83.05397,37.12967],[-83.05202,37.13241],[-83.03548,37.15768],[-83.03613,37.16094],[-83.03703,37.16203],[-83.04471,37.16736],[-83.04823,37.1678],[-83.04902,37.16881],[-83.04859,37.16956],[-83.04426,37.17064],[-83.04263,37.17038],[-83.0399,37.16864],[-83.03423,37.16863],[-83.02864,37.16942],[-83.02253,37.17454],[-83.0211,37.17806],[-83.01731,37.1773],[-83.01572,37.17794],[-83.00934,37.18618],[-83.00938,37.18904],[-83.00876,37.19015],[-83.00285,37.19298],[-83.00003,37.19601],[-83.00072,37.19751],[-83.00492,37.20264],[-83.00795,37.20523],[-83.01407,37.20449],[-83.01485,37.20744],[-83.01458,37.20852],[-83.01564,37.20911],[-83.02048,37.20993],[-83.02347,37.20832],[-83.02928,37.20828],[-83.03041,37.20884],[-83.03246,37.21115],[-83.03282,37.21651],[-83.03365,37.21715],[-83.03571,37.21775],[-83.04023,37.21761],[-83.04312,37.21574],[-83.05218,37.21476],[-83.05403,37.21552],[-83.05571,37.21965],[-83.05619,37.22247],[-83.06735,37.23123],[-83.06816,37.23553],[-83.0684,37.2416],[-83.06633,37.24453],[-83.06792,37.24655],[-83.07034,37.24844],[-83.08262,37.24767],[-83.08336,37.24606],[-83.09132,37.242],[-83.09207,37.24054],[-83.09198,37.2387],[-83.09271,37.23812],[-83.10076,37.23554],[-83.10735,37.23608],[-83.11263,37.23829],[-83.11432,37.23983],[-83.11614,37.24063],[-83.12187,37.23855],[-83.1232,37.23624],[-83.12689,37.23601],[-83.12708,37.23753],[-83.1233,37.24231],[-83.12075,37.24725],[-83.12122,37.2522],[-83.12411,37.25325],[-83.12587,37.25616],[-83.12551,37.25707],[-83.12164,37.25936],[-83.1216,37.26053],[-83.12283,37.26263],[-83.1253,37.26379],[-83.12639,37.26492],[-83.12718,37.26809],[-83.12711,37.2699],[-83.12565,37.27358],[-83.12395,37.27564],[-83.12427,37.27972],[-83.12025,37.28411],[-83.1232,37.28808],[-83.119,37.29563],[-83.11562,37.29524],[-83.1104,37.29889],[-83.10975,37.30304],[-83.11097,37.30589],[-83.11631,37.30717],[-83.11668,37.30856],[-83.11223,37.31802],[-83.10981,37.31928],[-83.11072,37.32531],[-83.11287,37.32634],[-83.11452,37.32984],[-83.11046,37.33217],[-83.10981,37.33594],[-83.1119,37.34237],[-83.1244,37.40524]]]}},{"type":"Feature","properties":{"NAME":"Clay"},"geometry":{"type":"Polygon","coordinates":[[[-83.57389,37.27918],[-83.57578,37.28179],[-83.57404,37.2841],[-83.57405,37.28835],[-83.58295,37.29485],[-83.58518,37.29315],[-83.58973,37.29127],[-83.59861,37.29349],[-83.59976,37.29545],[-83.60402,37.29893],[-83.60929,37.30134],[-83.60855,37.30482],[-83.60886,37.30874],[-83.61057,37.30931],[-83.6128,37.30678],[-83.61646,37.30809],[-83.61587,37.31019],[-83.61706,37.31287],[-83.61888,37.31426],[-83.62031,37.31412],[-83.62226,37.31492],[-83.62168,37.3212],[-83.62372,37.32625],[-83.62656,37.32819],[-83.62952,37.32758],[-83.63342,37.33091],[-83.63204,37.33286],[-83.63172,37.335],[-83.63423,37.33916],[-83.63817,37.34383],[-83.6413,37.34604],[-83.64634,37.34646],[-83.65072,37.34889],[-83.65251,37.35089],[-83.65323,37.35341],[-83.65223,37.35675],[-83.65357,37.3581],[-83.66504,37.35652],[-83.66745,37.35576],[-83.66962,37.35377],[-83.67507,37.34625],[-83.67493,37.34041],[-83.67587,37.33886],[-83.68,37.33705],[-83.68791,37.33762],[-83.6882,37.33676],[-83.71821,37.33887],[-83.78486,37.34874],[-83.78238,37.34292],[-83.78532,37.33707],[-83.79181,37.33032],[-83.79663,37.32983],[-83.82145,37.33145],[-83.86317,37.30663],[-83.88196,37.30696],[-83.88151,37.30377],[-83.87891,37.30152],[-83.87691,37.29475],[-83.88838,37.28574],[-83.88803,37.28195],[-83.88841,37.27775],[-83.89041,37.27471],[-83.89773,37.27002],[-83.90002,37.26691],[-83.9002,37.26537],[-83.89891,37.26259],[-83.89896,37.25696],[-83.90165,37.25378],[-83.90346,37.25376],[-83.90444,37.25541],[-83.90649,37.25599],[-83.91075,37.25631],[-83.91622,37.25972],[-83.92129,37.26162],[-83.92317,37.26157],[-83.92446,37.26064],[-83.93972,37.25892],[-83.94352,37.25165],[-83.94043,37.205],[-83.94126,37.20221],[-83.94289,37.20036],[-83.94404,37.20008],[-83.94521,37.20104],[-83.94644,37.20095],[-83.94993,37.19619],[-83.95379,37.18503],[-83.9537,37.18393],[-83.96167,37.17766],[-83.96505,37.17734],[-83.96882,37.1748],[-83.96867,37.16754],[-83.95701,37.16004],[-83.94726,37.15103],[-83.94277,37.14545],[-83.94189,37.14341],[-83.942,37.14209],[-83.94018,37.1413],[-83.93715,37.13562],[-83.93539,37.13463],[-83.93551,37.12332],[-83.93472,37.12095],[-83.93318,37.11967],[-83.93244,37.11784],[-83.92875,37.11617],[-83.92694,37.11318],[-83.92527,37.11163],[-83.91952,37.10981],[-83.91545,37.11228],[-83.91361,37.11241],[-83.90708,37.11156],[-83.90395,37.11043],[-83.89836,37.11189],[-83.89795,37.11219],[-83.89817,37.11357],[-83.89528,37.11566],[-83.88591,37.11899],[-83.88097,37.11402],[-83.88193,37.11252],[-83.88364,37.11188],[-83.88389,37.11012],[-83.88274,37.109],[-83.87556,37.10717],[-83.87273,37.10805],[-83.87047,37.10707],[-83.86657,37.10397],[-83.86704,37.10069],[-83.86634,37.09932],[-83.86754,37.09688],[-83.86623,37.09401],[-83.86485,37.09314],[-83.86279,37.09259],[-83.86273,37.09101],[-83.86759,37.08324],[-83.87264,37.08037],[-83.8738,37.08095],[-83.87493,37.08246],[-83.88119,37.07711],[-83.88424,37.07773],[-83.88594,37.07736],[-83.88794,37.07493],[-83.88614,37.07028],[-83.88497,37.06232],[-83.8844,37.06166],[-83.88121,37.06156],[-83.87795,37.06306],[-83.87616,37.0625],[-83.87148,37.05819],[-83.87102,37.05486],[-83.86966,37.05518],[-83.86099,37.05415],[-83.85845,37.05462],[-83.85585,37.04697],[-83.85793,37.04533],[-83.85815,37.04457],[-83.85761,37.04329],[-83.85649,37.04254],[-83.84864,37.04266],[-83.84339,37.04335],[-83.84248,37.04299],[-83.84236,37.04196],[-83.84102,37.04068],[-83.83798,37.04006],[-83.83689,37.04021],[-83.83409,37.04328],[-83.83291,37.04337],[-83.82579,37.04017],[-83.82546,37.03924],[-83.82784,37.03624],[-83.83086,37.03368],[-83.83173,37.03119],[-83.82299,37.02597],[-83.82099,37.02703],[-83.81767,37.02692],[-83.80948,37.02987],[-83.80553,37.03175],[-83.8009,37.03286],[-83.79722,37.0369],[-83.79543,37.03678],[-83.7936,37.03536],[-83.79052,37.03542],[-83.78819,37.03706],[-83.78541,37.03418],[-83.78073,37.0354],[-83.77977,37.03734],[-83.77419,37.03713],[-83.77515,37.0314],[-83.77913,37.02963],[-83.78019,37.02289],[-83.77518,37.01529],[-83.77212,37.01587],[-83.74992,37.02679],[-83.74372,37.02688],[-83.74168,37.024],[-83.74197,37.02252],[-83.73965,37.01916],[-83.73668,37.0182],[-83.73521,37.01873],[-83.73234,37.01647],[-83.73456,37.00858],[-83.73586,37.00789],[-83.73613,37.00701],[-83.73431,37.00418],[-83.72841,37.0022],[-83.72574,37.00331],[-83.72201,37.00354],[-83.72118,37.00273],[-83.71982,36.9955],[-83.71037,36.99655],[-83.70432,36.99221],[-83.70352,36.99105],[-83.70342,36.9898],[-83.69902,36.9872],[-83.69442,36.9852],[-83.69342,36.9836],[-83.69222,36.9829],[-83.68382,36.983],[-83.67532,36.9818],[-83.67342,36.9806],[-83.67262,36.9775],[-83.66082,36.9767],[-83.65472,36.9721],[-83.64912,36.9659],[-83.64827,36.96376],[-83.64422,36.9629],[-83.64082,36.9595],[-83.63172,36.961],[-83.62972,36.96],[-83.62452,36.9587],[-83.62302,36.9591],[-83.61922,36.9614],[-83.61612,36.9624],[-83.61172,36.95939],[-83.61102,36.95539],[-83.60782,36.95259],[-83.60542,36.95339],[-83.60392,36.95459],[-83.6015,36.95429],[-83.59782,36.95499],[-83.59092,36.95759],[-83.58992,36.95719],[-83.58952,36.95579],[-83.53102,36.94309],[-83.52402,36.93979],[-83.52272,36.93799],[-83.52162,36.93769],[-83.51132,36.93749],[-83.50902,36.93839],[-83.52285,36.99886],[-83.51951,37.00099],[-83.5155,37.00131],[-83.51192,37.00265],[-83.51081,37.00358],[-83.51238,37.0068],[-83.51564,37.01031],[-83.51701,37.01259],[-83.51638,37.0163],[-83.51967,37.02002],[-83.52141,37.02124],[-83.52457,37.02062],[-83.52648,37.02143],[-83.52717,37.02572],[-83.53111,37.02938],[-83.5328,37.0357],[-83.53379,37.03652],[-83.53961,37.03508],[-83.54035,37.03549],[-83.54084,37.03634],[-83.54058,37.03799],[-83.5369,37.04144],[-83.53727,37.04224],[-83.53975,37.04238],[-83.54286,37.04133],[-83.54549,37.04133],[-83.54643,37.0419],[-83.54709,37.04419],[-83.5462,37.04794],[-83.54534,37.04831],[-83.54158,37.04765],[-83.53872,37.05046],[-83.53875,37.05101],[-83.54126,37.05275],[-83.5414,37.05421],[-83.53878,37.05877],[-83.53823,37.0684],[-83.5446,37.08005],[-83.54625,37.08042],[-83.55311,37.07943],[-83.53523,37.10322],[-83.55124,37.11931],[-83.55147,37.16761],[-83.50511,37.20422],[-83.52915,37.23099],[-83.50775,37.23598],[-83.51137,37.2425],[-83.51052,37.24376],[-83.50959,37.24784],[-83.51129,37.2551],[-83.51562,37.25676],[-83.51902,37.25517],[-83.52124,37.25528],[-83.52542,37.25727],[-83.52681,37.25853],[-83.5297,37.25592],[-83.53311,37.2567],[-83.54205,37.26836],[-83.54949,37.26805],[-83.56389,37.26515],[-83.56608,37.26539],[-83.56743,37.26782],[-83.56561,37.27126],[-83.56555,37.27576],[-83.56743,37.27579],[-83.57112,37.27675],[-83.57389,37.27918]]]}},{"type":"Feature","properties":{"NAME":"Pulaski"},"geometry":{"type":"Polygon","coordinates":[[[-84.55649,37.3558],[-84.72075,37.23817],[-84.75039,37.2176],[-84.81141,37.17371],[-84.88193,37.1283],[-84.90118,37.11633],[-84.90303,37.10224],[-84.90694,37.08762],[-84.90589,37.04727],[-84.88284,37.02585],[-84.87495,37.01925],[-84.86361,37.00787],[-84.78385,36.97848],[-84.77023,36.9578],[-84.76315,36.95978],[-84.74635,36.96268],[-84.72675,36.96778],[-84.71305,36.97358],[-84.71125,36.97518],[-84.70805,36.97978],[-84.70514,36.982],[-84.70205,36.98248],[-84.69595,36.98238],[-84.67935,36.98088],[-84.62142,36.89815],[-84.61884,36.89378],[-84.61394,36.89078],[-84.60534,36.88058],[-84.60364,36.87928],[-84.60264,36.87908],[-84.60094,36.87948],[-84.59474,36.88528],[-84.58934,36.89408],[-84.58624,36.89478],[-84.58424,36.89408],[-84.58224,36.89178],[-84.58244,36.88998],[-84.58294,36.88918],[-84.58774,36.88638],[-84.58954,36.88438],[-84.58984,36.88288],[-84.58804,36.87918],[-84.57874,36.86928],[-84.57814,36.86708],[-84.41654,36.94689],[-84.38474,36.95169],[-84.38014,36.95419],[-84.37004,36.96169],[-84.36754,36.96269],[-84.36284,36.96219],[-84.35804,36.95939],[-84.35014,36.96349],[-84.34504,36.97079],[-84.34464,36.97299],[-84.34634,36.97689],[-84.34674,36.98419],[-84.34704,36.98499],[-84.35044,36.98789],[-84.35044,36.98879],[-84.34974,36.98939],[-84.33654,36.99099],[-84.33454,36.99199],[-84.33204,36.99469],[-84.32784,36.99759],[-84.32304,36.99849],[-84.32034,36.99819],[-84.31854,36.99859],[-84.31619,37.00009],[-84.31482,37.0022],[-84.31382,37.00526],[-84.31377,37.00834],[-84.32011,37.01207],[-84.32383,37.01356],[-84.32643,37.01536],[-84.3312,37.02111],[-84.33218,37.02482],[-84.33155,37.02593],[-84.32804,37.02827],[-84.32564,37.02889],[-84.31999,37.02869],[-84.31855,37.0275],[-84.31653,37.02357],[-84.315,37.02277],[-84.31282,37.02332],[-84.31059,37.02459],[-84.30928,37.02702],[-84.30814,37.03154],[-84.30297,37.03856],[-84.30262,37.04096],[-84.30345,37.0414],[-84.30679,37.0413],[-84.30956,37.03851],[-84.31233,37.03785],[-84.31378,37.03812],[-84.31749,37.04144],[-84.31812,37.04357],[-84.31789,37.04673],[-84.31647,37.04844],[-84.31567,37.05458],[-84.31864,37.05924],[-84.32029,37.06041],[-84.32286,37.06094],[-84.32469,37.06185],[-84.3248,37.06764],[-84.31844,37.07062],[-84.31435,37.07732],[-84.31193,37.07794],[-84.3085,37.07764],[-84.3053,37.07894],[-84.30362,37.08077],[-84.3025,37.08679],[-84.30121,37.08796],[-84.29833,37.08846],[-84.29116,37.08725],[-84.28522,37.08885],[-84.28442,37.09001],[-84.28456,37.0913],[-84.2871,37.09454],[-84.28719,37.09532],[-84.28036,37.10068],[-84.28013,37.10184],[-84.29087,37.11054],[-84.29307,37.11308],[-84.2929,37.11379],[-84.2913,37.115],[-84.28841,37.11521],[-84.28258,37.11445],[-84.28035,37.11486],[-84.2793,37.11568],[-84.2789,37.11681],[-84.27892,37.11951],[-84.28403,37.12276],[-84.28555,37.12326],[-84.28795,37.12326],[-84.29495,37.12104],[-84.29655,37.1212],[-84.29701,37.12187],[-84.29626,37.12467],[-84.29158,37.12665],[-84.28964,37.12924],[-84.2897,37.13031],[-84.29249,37.13571],[-84.29161,37.14084],[-84.29398,37.14457],[-84.29352,37.14715],[-84.289,37.15171],[-84.29077,37.15458],[-84.29031,37.15618],[-84.29199,37.16098],[-84.29478,37.16158],[-84.30032,37.16389],[-84.40586,37.24869],[-84.42668,37.26409],[-84.44935,37.2817],[-84.49994,37.32683],[-84.55649,37.3558]]]}},{"type":"Feature","properties":{"NAME":"Laurel"},"geometry":{"type":"Polygon","coordinates":[[[-84.13792,37.30944],[-84.14485,37.30919],[-84.14923,37.31041],[-84.15264,37.31057],[-84.15278,37.31013],[-84.15135,37.30842],[-84.14746,37.30597],[-84.14711,37.30357],[-84.14775,37.30283],[-84.14955,37.30233],[-84.15989,37.3021],[-84.16335,37.29897],[-84.17186,37.30035],[-84.17215,37.30122],[-84.1704,37.30561],[-84.17045,37.30657],[-84.17148,37.30714],[-84.1736,37.30508],[-84.17982,37.30419],[-84.18074,37.30346],[-84.18068,37.30259],[-84.17896,37.29982],[-84.17896,37.29881],[-84.1818,37.29515],[-84.18689,37.29293],[-84.18818,37.28893],[-84.18984,37.28614],[-84.19159,37.28529],[-84.19654,37.28596],[-84.19835,37.28538],[-84.19938,37.28362],[-84.20001,37.28085],[-84.20287,37.28003],[-84.21003,37.27975],[-84.21487,37.28151],[-84.2161,37.28243],[-84.21624,37.28316],[-84.21742,37.28311],[-84.21607,37.28032],[-84.21759,37.24248],[-84.2182,37.2424],[-84.21888,37.24119],[-84.22192,37.23906],[-84.22343,37.23872],[-84.22443,37.23899],[-84.22876,37.24231],[-84.22962,37.24778],[-84.23245,37.24837],[-84.23405,37.24775],[-84.23831,37.24322],[-84.23963,37.23796],[-84.23911,37.23642],[-84.23765,37.23462],[-84.23585,37.23343],[-84.23553,37.23233],[-84.2365,37.22963],[-84.24037,37.22839],[-84.2438,37.22995],[-84.24795,37.23379],[-84.25057,37.23992],[-84.25197,37.24035],[-84.25472,37.23884],[-84.25715,37.23397],[-84.25739,37.22962],[-84.25796,37.22805],[-84.26586,37.2245],[-84.26706,37.22322],[-84.26715,37.22199],[-84.26583,37.22013],[-84.263,37.21835],[-84.26283,37.21764],[-84.26363,37.21672],[-84.26527,37.21597],[-84.27145,37.21403],[-84.2721,37.21311],[-84.27196,37.21224],[-84.25952,37.20668],[-84.25921,37.20546],[-84.2615,37.20265],[-84.26445,37.20041],[-84.26668,37.20016],[-84.27062,37.20103],[-84.2732,37.20108],[-84.27953,37.19911],[-84.28078,37.1982],[-84.28084,37.19659],[-84.27858,37.1874],[-84.27667,37.18653],[-84.27,37.186],[-84.267,37.18494],[-84.26609,37.18389],[-84.26555,37.18188],[-84.26926,37.17909],[-84.2731,37.1787],[-84.27761,37.17744],[-84.28485,37.17289],[-84.29735,37.17134],[-84.29975,37.17054],[-84.29998,37.16809],[-84.29686,37.16477],[-84.29523,37.16379],[-84.29043,37.16299],[-84.28883,37.16202],[-84.28826,37.16061],[-84.28797,37.15667],[-84.289,37.15171],[-84.29352,37.14715],[-84.29398,37.14457],[-84.29161,37.14084],[-84.29249,37.13571],[-84.2897,37.13031],[-84.28964,37.12924],[-84.29158,37.12665],[-84.29626,37.12467],[-84.29701,37.12187],[-84.29655,37.1212],[-84.29495,37.12104],[-84.28795,37.12326],[-84.28555,37.12326],[-84.28403,37.12276],[-84.27892,37.11951],[-84.2789,37.11681],[-84.2793,37.11568],[-84.28035,37.11486],[-84.28258,37.11445],[-84.28841,37.11521],[-84.2913,37.115],[-84.2929,37.11379],[-84.29307,37.11308],[-84.29087,37.11054],[-84.28013,37.10184],[-84.28036,37.10068],[-84.28719,37.09532],[-84.2871,37.09454],[-84.28456,37.0913],[-84.28442,37.09001],[-84.28522,37.08885],[-84.29116,37.08725],[-84.29833,37.08846],[-84.30121,37.08796],[-84.3025,37.08679],[-84.30362,37.08077],[-84.3053,37.07894],[-84.3085,37.07764],[-84.31193,37.07794],[-84.31435,37.07732],[-84.31844,37.07062],[-84.3248,37.06764],[-84.32469,37.06185],[-84.32286,37.06094],[-84.32029,37.06041],[-84.31864,37.05924],[-84.31567,37.05458],[-84.31647,37.04844],[-84.31789,37.04673],[-84.31812,37.04357],[-84.31749,37.04144],[-84.31378,37.03812],[-84.31233,37.03785],[-84.30956,37.03851],[-84.30679,37.0413],[-84.30345,37.0414],[-84.30262,37.04096],[-84.30297,37.03856],[-84.30814,37.03154],[-84.30928,37.02702],[-84.31059,37.02459],[-84.31282,37.02332],[-84.315,37.02277],[-84.31653,37.02357],[-84.31855,37.0275],[-84.31999,37.02869],[-84.32564,37.02889],[-84.32804,37.02827],[-84.33155,37.02593],[-84.33218,37.02482],[-84.3312,37.02111],[-84.32643,37.01536],[-84.32383,37.01356],[-84.32011,37.01207],[-84.31377,37.00834],[-84.31382,37.00526],[-84.31482,37.0022],[-84.31619,37.00009],[-84.31854,36.99859],[-84.32034,36.99819],[-84.32304,36.99849],[-84.32784,36.99759],[-84.33204,36.99469],[-84.33454,36.99199],[-84.33654,36.99099],[-84.34974,36.98939],[-84.35044,36.98879],[-84.35044,36.98789],[-84.34704,36.98499],[-84.34674,36.98419],[-84.34634,36.97689],[-84.34464,36.97299],[-84.34504,36.97079],[-84.35014,36.96349],[-84.35804,36.95939],[-84.35734,36.95829],[-84.35814,36.95639],[-84.36264,36.95249],[-84.36794,36.95019],[-84.36854,36.94739],[-84.36744,36.94529],[-84.36424,36.94249],[-84.35904,36.93969],[-84.35024,36.93939],[-84.34014,36.94039],[-84.32504,36.94609],[-84.32304,36.94599],[-84.31664,36.94289],[-84.31204,36.94199],[-84.30954,36.94229],[-84.30714,36.94319],[-84.30194,36.94649],[-84.29964,36.94669],[-84.29724,36.94589],[-84.29054,36.94979],[-84.28732,36.95486],[-84.2857,36.95611],[-84.28119,36.9571],[-84.27863,36.9565],[-84.27749,36.95671],[-84.27663,36.95854],[-84.27634,36.96158],[-84.27549,36.96215],[-84.27292,36.96224],[-84.26779,36.96082],[-84.26364,36.96249],[-84.25844,36.97079],[-84.25834,36.97239],[-84.25694,36.97299],[-84.25624,36.97269],[-84.25544,36.97059],[-84.25664,36.96609],[-84.26004,36.96309],[-84.26054,36.96189],[-84.25854,36.95449],[-84.25744,36.95389],[-84.25144,36.95389],[-84.24874,36.95569],[-84.24584,36.95589],[-84.23764,36.95109],[-84.23714,36.95039],[-84.23804,36.94749],[-84.23614,36.94209],[-84.23454,36.94159],[-84.22604,36.94569],[-84.22524,36.94649],[-84.22464,36.94909],[-84.22484,36.95629],[-84.22334,36.95989],[-84.22154,36.96039],[-84.21764,36.95759],[-84.21724,36.95389],[-84.21634,36.95159],[-84.21254,36.95009],[-84.21114,36.94869],[-84.21077,36.94708],[-84.20977,36.94713],[-84.20724,36.94929],[-84.20634,36.95119],[-84.20464,36.95189],[-84.20344,36.95139],[-84.20144,36.94769],[-84.20174,36.94619],[-84.20104,36.94569],[-84.19934,36.94589],[-84.19524,36.94779],[-84.18984,36.94749],[-84.18524,36.94459],[-84.18474,36.94149],[-84.18344,36.93969],[-84.18204,36.93949],[-84.17834,36.94067],[-84.17654,36.94019],[-84.17354,36.94069],[-84.17094,36.94289],[-84.16734,36.94429],[-84.16634,36.94429],[-84.16554,36.94259],[-84.16434,36.94189],[-84.16374,36.94169],[-84.16274,36.94219],[-84.16094,36.94709],[-84.16094,36.94859],[-84.16334,36.95119],[-84.16304,36.95179],[-84.15544,36.95539],[-84.15234,36.95799],[-84.15104,36.96479],[-84.15174,36.96599],[-84.15134,36.96709],[-84.14554,36.96769],[-84.14394,36.96709],[-84.14314,36.96599],[-84.14234,36.96409],[-84.14324,36.96329],[-84.14634,36.96229],[-84.14674,36.96129],[-84.14684,36.95689],[-84.14474,36.95639],[-84.14134,36.95699],[-84.13674,36.95959],[-84.13424,36.96549],[-84.13524,36.96769],[-84.13464,36.96829],[-84.12415,36.97027],[-84.12329,36.96983],[-84.12302,36.96885],[-84.12457,36.96672],[-84.12439,36.96497],[-84.12296,36.96447],[-84.12231,36.96481],[-84.12051,36.96892],[-84.11686,36.96695],[-84.11433,36.96391],[-84.11143,36.96401],[-84.11238,36.96124],[-84.11224,36.95982],[-84.11084,36.95961],[-84.11001,36.96105],[-84.1091,36.96135],[-84.1081,36.96087],[-84.10776,36.95978],[-84.10672,36.95902],[-84.10332,36.96369],[-84.10283,36.96364],[-84.10175,36.96064],[-84.10215,36.95843],[-84.1018,36.95435],[-84.09502,36.955],[-84.09137,36.95606],[-84.09159,36.95705],[-84.08667,36.96191],[-84.08402,36.96239],[-84.07903,36.9644],[-84.0731,36.9722],[-84.06788,36.9749],[-84.06089,36.97648],[-84.06082,36.97458],[-84.05934,36.97321],[-84.05733,36.9732],[-84.05263,36.9773],[-84.04953,36.9766],[-84.04143,36.9771],[-84.03763,36.9827],[-84.03803,36.9838],[-84.03763,36.9847],[-84.03613,36.9865],[-84.03303,36.9887],[-84.0281,36.98611],[-84.02343,36.9893],[-84.02313,36.988],[-84.02123,36.9858],[-84.01613,36.9834],[-84.01503,36.9835],[-84.01063,36.9863],[-84.00623,36.9858],[-84.00273,36.9835],[-83.99183,36.9797],[-83.98813,36.98],[-83.98223,36.9827],[-83.97833,36.9815],[-83.97804,36.97863],[-83.97741,36.97813],[-83.97253,36.97755],[-83.95913,36.9772],[-83.95563,36.9806],[-83.95333,36.9844],[-83.95293,36.986],[-83.95133,36.9875],[-83.94553,36.9882],[-83.94193,36.99],[-83.93513,36.996],[-83.93353,36.9999],[-83.93467,37.00096],[-83.93409,37.00692],[-83.92672,37.0142],[-83.92693,37.01878],[-83.92438,37.02424],[-83.92411,37.03384],[-83.92219,37.03648],[-83.9199,37.03719],[-83.91685,37.03681],[-83.90516,37.03321],[-83.90118,37.03507],[-83.89921,37.03802],[-83.89071,37.04384],[-83.88328,37.04385],[-83.87751,37.04647],[-83.87573,37.0486],[-83.87511,37.05195],[-83.87393,37.05337],[-83.87102,37.05486],[-83.87148,37.05819],[-83.87616,37.0625],[-83.87795,37.06306],[-83.88121,37.06156],[-83.8844,37.06166],[-83.88497,37.06232],[-83.88614,37.07028],[-83.88794,37.07493],[-83.88594,37.07736],[-83.88424,37.07773],[-83.88119,37.07711],[-83.87493,37.08246],[-83.8738,37.08095],[-83.87264,37.08037],[-83.86759,37.08324],[-83.86273,37.09101],[-83.86279,37.09259],[-83.86485,37.09314],[-83.86623,37.09401],[-83.86754,37.09688],[-83.86634,37.09932],[-83.86704,37.10069],[-83.86657,37.10397],[-83.87047,37.10707],[-83.87273,37.10805],[-83.87556,37.10717],[-83.88274,37.109],[-83.88389,37.11012],[-83.88364,37.11188],[-83.88193,37.11252],[-83.88097,37.11402],[-83.88591,37.11899],[-83.89528,37.11566],[-83.89817,37.11357],[-83.89795,37.11219],[-83.89836,37.11189],[-83.90395,37.11043],[-83.90708,37.11156],[-83.91361,37.11241],[-83.91545,37.11228],[-83.91952,37.10981],[-83.92527,37.11163],[-83.92694,37.11318],[-83.92875,37.11617],[-83.93244,37.11784],[-83.93318,37.11967],[-83.93472,37.12095],[-83.93551,37.12332],[-83.93539,37.13463],[-83.93715,37.13562],[-83.94018,37.1413],[-83.942,37.14209],[-83.94189,37.14341],[-83.94277,37.14545],[-83.94726,37.15103],[-83.95701,37.16004],[-83.96867,37.16754],[-83.96882,37.1748],[-83.96505,37.17734],[-83.96167,37.17766],[-83.9537,37.18393],[-83.95379,37.18503],[-83.94993,37.19619],[-83.94644,37.20095],[-83.94521,37.20104],[-83.94404,37.20008],[-83.94289,37.20036],[-83.94126,37.20221],[-83.94043,37.205],[-83.94325,37.25059],[-84.00567,37.25343],[-84.04423,37.26734],[-84.04647,37.26654],[-84.05628,37.27056],[-84.05637,37.27528],[-84.05591,37.27665],[-84.05176,37.27946],[-84.05262,37.28292],[-84.05628,37.28475],[-84.05957,37.2858],[-84.06089,37.28555],[-84.06192,37.28472],[-84.07277,37.28534],[-84.07563,37.28676],[-84.08185,37.29209],[-84.08941,37.29531],[-84.09329,37.29623],[-84.10044,37.30151],[-84.09964,37.30288],[-84.09984,37.30387],[-84.10347,37.30535],[-84.10757,37.30821],[-84.10857,37.30961],[-84.10832,37.31048],[-84.107,37.31059],[-84.10448,37.30993],[-84.095,37.31226],[-84.09434,37.31277],[-84.09414,37.31387],[-84.09812,37.31645],[-84.10228,37.31565],[-84.10712,37.31574],[-84.10655,37.31828],[-84.10813,37.32649],[-84.11411,37.32932],[-84.11529,37.3323],[-84.11899,37.33582],[-84.1242,37.3357],[-84.12807,37.33421],[-84.12876,37.33273],[-84.1279,37.32998],[-84.1298,37.32833],[-84.13315,37.32721],[-84.1351,37.32582],[-84.13579,37.32358],[-84.13794,37.32003],[-84.1372,37.31667],[-84.13568,37.31379],[-84.13585,37.312],[-84.13703,37.31004],[-84.13792,37.30944]]]}},{"type":"Feature","properties":{"NAME":"Leslie"},"geometry":{"type":"Polygon","coordinates":[[[-83.50775,37.23598],[-83.52915,37.23099],[-83.50511,37.20422],[-83.55147,37.16761],[-83.55124,37.11931],[-83.53523,37.10322],[-83.55311,37.07943],[-83.54625,37.08042],[-83.5446,37.08005],[-83.53823,37.0684],[-83.53878,37.05877],[-83.5414,37.05421],[-83.54126,37.05275],[-83.53875,37.05101],[-83.53872,37.05046],[-83.54158,37.04765],[-83.54534,37.04831],[-83.5462,37.04794],[-83.54709,37.04419],[-83.54643,37.0419],[-83.54549,37.04133],[-83.54286,37.04133],[-83.53975,37.04238],[-83.53727,37.04224],[-83.5369,37.04144],[-83.54058,37.03799],[-83.54084,37.03634],[-83.54035,37.03549],[-83.53961,37.03508],[-83.53379,37.03652],[-83.5328,37.0357],[-83.53111,37.02938],[-83.52717,37.02572],[-83.52648,37.02143],[-83.52457,37.02062],[-83.52141,37.02124],[-83.51967,37.02002],[-83.51638,37.0163],[-83.51701,37.01259],[-83.51564,37.01031],[-83.51238,37.0068],[-83.51081,37.00358],[-83.51192,37.00265],[-83.5155,37.00131],[-83.51951,37.00099],[-83.52285,36.99886],[-83.50902,36.93839],[-83.51062,36.93339],[-83.51142,36.92819],[-83.51092,36.92519],[-83.50942,36.92359],[-83.50802,36.92309],[-83.50652,36.92329],[-83.50412,36.92479],[-83.50122,36.92359],[-83.49772,36.92009],[-83.49242,36.91889],[-83.49072,36.91739],[-83.48922,36.91309],[-83.48962,36.91159],[-83.49692,36.90969],[-83.50362,36.90559],[-83.50482,36.90399],[-83.50432,36.89869],[-83.50362,36.89799],[-83.50207,36.89766],[-83.50042,36.89563],[-83.49942,36.89539],[-83.49352,36.89559],[-83.49252,36.89679],[-83.49002,36.89609],[-83.48985,36.89538],[-83.48752,36.89309],[-83.48132,36.89409],[-83.47902,36.89519],[-83.46461,36.88689],[-83.45981,36.88609],[-83.45751,36.88329],[-83.45601,36.88359],[-83.45381,36.89049],[-83.45321,36.89149],[-83.45171,36.89219],[-83.44991,36.89179],[-83.44671,36.88989],[-83.44021,36.89149],[-83.43461,36.89429],[-83.43411,36.89049],[-83.43311,36.88909],[-83.41261,36.8896],[-83.40781,36.8909],[-83.39601,36.9003],[-83.39561,36.9036],[-83.39671,36.9053],[-83.40051,36.9061],[-83.40131,36.9065],[-83.40191,36.9078],[-83.40011,36.9102],[-83.40041,36.9131],[-83.40271,36.9158],[-83.40001,36.9206],[-83.39921,36.9212],[-83.39181,36.9207],[-83.38881,36.922],[-83.38581,36.9244],[-83.38431,36.9264],[-83.37119,36.92916],[-83.32349,36.94084],[-83.2916,36.9521],[-83.2774,36.9609],[-83.26,36.9688],[-83.24061,36.98469],[-83.23293,36.99514],[-83.23218,36.99894],[-83.23089,37.00207],[-83.2301,37.00282],[-83.22779,37.00318],[-83.22596,37.00564],[-83.21836,37.00423],[-83.21439,37.00539],[-83.20968,37.00363],[-83.20395,37.00356],[-83.20219,37.00453],[-83.20088,37.00705],[-83.19557,37.00919],[-83.18778,37.00565],[-83.18601,37.00587],[-83.18161,37.01329],[-83.18152,37.01619],[-83.18219,37.02087],[-83.18539,37.02136],[-83.18605,37.02632],[-83.18438,37.02883],[-83.18635,37.03167],[-83.18685,37.03432],[-83.18616,37.03514],[-83.18421,37.03525],[-83.17823,37.03848],[-83.17864,37.04336],[-83.18114,37.0455],[-83.18189,37.04689],[-83.18046,37.05049],[-83.17997,37.05854],[-83.17822,37.06273],[-83.17373,37.06382],[-83.17299,37.06325],[-83.1721,37.06331],[-83.16785,37.06453],[-83.16657,37.0652],[-83.16559,37.06736],[-83.16595,37.07158],[-83.16744,37.07365],[-83.17038,37.07698],[-83.17378,37.07955],[-83.17665,37.08069],[-83.1755,37.08453],[-83.17187,37.08585],[-83.16823,37.08806],[-83.16889,37.09274],[-83.16722,37.095],[-83.16926,37.10048],[-83.17416,37.10434],[-83.1771,37.10555],[-83.18163,37.1064],[-83.18275,37.10725],[-83.18346,37.10914],[-83.18332,37.11115],[-83.1843,37.1123],[-83.19429,37.10898],[-83.19512,37.10918],[-83.19639,37.11044],[-83.19704,37.11787],[-83.20191,37.12002],[-83.20605,37.1243],[-83.20648,37.12806],[-83.20553,37.129],[-83.21003,37.12917],[-83.21471,37.13259],[-83.21954,37.13465],[-83.22181,37.13451],[-83.225,37.13532],[-83.22743,37.13681],[-83.22745,37.13811],[-83.22682,37.13914],[-83.22396,37.14096],[-83.22118,37.14198],[-83.2182,37.14409],[-83.2181,37.14655],[-83.2189,37.14896],[-83.22176,37.14862],[-83.22704,37.15097],[-83.2271,37.15437],[-83.22629,37.15575],[-83.22331,37.15845],[-83.21906,37.16025],[-83.21752,37.15938],[-83.21652,37.15749],[-83.21442,37.15756],[-83.21254,37.15946],[-83.2124,37.16023],[-83.21318,37.16174],[-83.21197,37.16525],[-83.20807,37.16704],[-83.20185,37.16678],[-83.20159,37.1678],[-83.20347,37.17572],[-83.21407,37.1759],[-83.22459,37.18042],[-83.23499,37.18801],[-83.2353,37.19149],[-83.24078,37.19602],[-83.24547,37.1948],[-83.24805,37.1947],[-83.24923,37.19514],[-83.25199,37.19946],[-83.25226,37.20307],[-83.25308,37.20373],[-83.25552,37.20417],[-83.26307,37.20034],[-83.27252,37.20179],[-83.27726,37.20348],[-83.2819,37.20742],[-83.28676,37.21573],[-83.28696,37.21756],[-83.29247,37.21765],[-83.29378,37.21445],[-83.29651,37.21418],[-83.29926,37.2149],[-83.30355,37.21832],[-83.30667,37.22347],[-83.3081,37.22854],[-83.31077,37.22985],[-83.31847,37.22805],[-83.32106,37.22697],[-83.3235,37.22507],[-83.3242,37.22538],[-83.32524,37.22915],[-83.3318,37.23507],[-83.33634,37.23503],[-83.33748,37.23689],[-83.33504,37.23934],[-83.33242,37.24089],[-83.33263,37.24401],[-83.33518,37.24828],[-83.33936,37.2505],[-83.33879,37.25193],[-83.33688,37.25287],[-83.33597,37.25424],[-83.33809,37.25613],[-83.34204,37.25728],[-83.34432,37.25968],[-83.34213,37.26396],[-83.34109,37.26458],[-83.33944,37.26469],[-83.33993,37.26614],[-83.34167,37.26767],[-83.33832,37.27019],[-83.33734,37.27183],[-83.33751,37.27306],[-83.34521,37.2794],[-83.34473,37.28157],[-83.34519,37.28301],[-83.35111,37.28427],[-83.35344,37.28672],[-83.35513,37.29057],[-83.3525,37.29346],[-83.35184,37.29541],[-83.35312,37.29787],[-83.35918,37.30021],[-83.3668,37.30047],[-83.37161,37.29655],[-83.37403,37.30066],[-83.3784,37.30482],[-83.38103,37.30432],[-83.38726,37.30559],[-83.38831,37.30738],[-83.38757,37.3088],[-83.38859,37.30981],[-83.39044,37.31018],[-83.39453,37.3094],[-83.39565,37.30966],[-83.39679,37.31172],[-83.39807,37.316],[-83.39693,37.31917],[-83.39839,37.32075],[-83.40012,37.32003],[-83.40114,37.31877],[-83.40184,37.3146],[-83.4028,37.31395],[-83.40486,37.31486],[-83.40953,37.31432],[-83.41611,37.31194],[-83.41908,37.31026],[-83.42074,37.30644],[-83.4237,37.30225],[-83.42648,37.30263],[-83.42767,37.30363],[-83.42896,37.30341],[-83.43187,37.30034],[-83.43189,37.29857],[-83.43,37.29644],[-83.42988,37.29463],[-83.4319,37.29019],[-83.43492,37.29095],[-83.4367,37.29286],[-83.43876,37.29317],[-83.44081,37.29054],[-83.44225,37.28746],[-83.443,37.28743],[-83.45728,37.29124],[-83.461,37.29398],[-83.47208,37.29128],[-83.47665,37.28834],[-83.47901,37.28603],[-83.48389,37.27907],[-83.48651,37.2741],[-83.48685,37.27179],[-83.48648,37.27031],[-83.48451,37.26798],[-83.48273,37.26735],[-83.48087,37.26798],[-83.47637,37.26606],[-83.47739,37.2647],[-83.47982,37.2636],[-83.48155,37.2602],[-83.48338,37.25185],[-83.48983,37.2501],[-83.49459,37.24654],[-83.49991,37.24523],[-83.50118,37.24363],[-83.50134,37.24077],[-83.50245,37.23751],[-83.50635,37.23586],[-83.50775,37.23598]]]}}]}