{"type":"FeatureCollection","properties":{"layer":"Menifee County (?) \u2014 geology only (experimental)","derived_from":"datasets/valid_crossings_scored.csv (unchanged), county == Menifee","formula":"100 \u00d7 G \u00d7 (0.25S + 0.20D + 0.10E + 0.15I + 0.10T) / 0.80  \u2014 the documented RANKING.md formula with the regional-evidence term R removed and the remaining weights rescaled to sum to 1","formula_check":"The documented full formula reproduces every stored score within 0.08 points.","caveat":"Every Menifee crossing is on a combined-unit quadrangle (VERIFIED TARGET CONTACT, combined-unit top): the true Nada top sits a few feet to ~10 m below the mapped line. Not field-checked. Not part of the ranked 120.","count":1253},"features":[{"type":"Feature","geometry":{"type":"Point","coordinates":[-83.6976,37.8838]},"properties":{"menifee_rank":1,"id":6346,"stream":"Unnamed ravine / small hollow, tributary to Camp Branch","quad":"Frenchburg","gq":"GQ-1390","score_geology_only":78.2,"score_original":72.0,"top_pct_geology_only":0.8,"S":1.0,"D":0.764,"E":0.409,"I":0.764,"T":1.0,"R":0.5,"G":0.95,"dist_outline_km":6.8,"contact_class":"VERIFIED TARGET CONTACT (combined-unit top)","geo_conf":"Moderate-high","walk_start":"[37.87846, -83.70498]","source_zone_end":"[37.88371, -83.69952]"}},{"type":"Feature","geometry":{"type":"Point","coordinates":[-83.6965,37.8798]},"properties":{"menifee_rank":2,"id":6576,"stream":"Unnamed ravine / small hollow, tributary to Camp Branch","quad":"Frenchburg","gq":"GQ-1390","score_geology_only":77.9,"score_original":71.8,"top_pct_geology_only":1.0,"S":1.0,"D":0.764,"E":0.411,"I":0.748,"T":1.0,"R":0.5,"G":0.95,"dist_outline_km":6.5,"contact_class":"VERIFIED TARGET CONTACT (combined-unit top)","geo_conf":"Moderate-high","walk_start":"","source_zone_end":""}},{"type":"Feature","geometry":{"type":"Point","coordinates":[-83.6995,37.8748]},"properties":{"menifee_rank":3,"id":5595,"stream":"Blackburn Branch, tributary to Spaas Creek","quad":"Slade","gq":"GQ-1183","score_geology_only":77.7,"score_original":71.7,"top_pct_geology_only":1.1,"S":1.0,"D":0.766,"E":0.416,"I":0.753,"T":0.965,"R":0.5,"G":0.95,"dist_outline_km":5.9,"contact_class":"VERIFIED TARGET CONTACT (combined-unit top)","geo_conf":"Moderate-high","walk_start":"","source_zone_end":""}},{"type":"Feature","geometry":{"type":"Point","coordinates":[-83.7008,37.87]},"properties":{"menifee_rank":4,"id":5308,"stream":"Unnamed ravine / small hollow, tributary to Spaas Creek","quad":"Slade","gq":"GQ-1183","score_geology_only":77.3,"score_original":71.4,"top_pct_geology_only":1.4,"S":1.0,"D":0.775,"E":0.407,"I":0.708,"T":0.991,"R":0.5,"G":0.95,"dist_outline_km":5.4,"contact_class":"VERIFIED TARGET CONTACT (combined-unit top)","geo_conf":"Moderate-high","walk_start":"","source_zone_end":""}},{"type":"Feature","geometry":{"type":"Point","coordinates":[-83.6998,37.8755]},"properties":{"menifee_rank":5,"id":5620,"stream":"Unnamed ravine / small hollow, tributary to Blackburn Branch","quad":"Frenchburg","gq":"GQ-1390","score_geology_only":77.2,"score_original":71.2,"top_pct_geology_only":1.4,"S":1.0,"D":0.766,"E":0.416,"I":0.713,"T":0.983,"R":0.5,"G":0.95,"dist_outline_km":5.9,"contact_class":"VERIFIED TARGET CONTACT (combined-unit top)","geo_conf":"Moderate-high","walk_start":"","source_zone_end":""}},{"type":"Feature","geometry":{"type":"Point","coordinates":[-83.6997,37.8745]},"properties":{"menifee_rank":6,"id":2961,"stream":"Blackburn Branch, tributary to Spaas Creek","quad":"Slade","gq":"GQ-1183","score_geology_only":76.6,"score_original":70.8,"top_pct_geology_only":1.8,"S":1.0,"D":0.765,"E":0.415,"I":0.724,"T":0.923,"R":0.5,"G":0.95,"dist_outline_km":5.8,"contact_class":"VERIFIED TARGET CONTACT (combined-unit top)","geo_conf":"Moderate-high","walk_start":"","source_zone_end":""}},{"type":"Feature","geometry":{"type":"Point","coordinates":[-83.7038,37.891]},"properties":{"menifee_rank":7,"id":5291,"stream":"Unnamed ravine / small hollow, tributary to Spaas Creek","quad":"Frenchburg","gq":"GQ-1390","score_geology_only":76.3,"score_original":70.5,"top_pct_geology_only":2.0,"S":0.954,"D":0.819,"E":0.392,"I":0.691,"T":0.974,"R":0.5,"G":0.95,"dist_outline_km":7.2,"contact_class":"VERIFIED TARGET CONTACT (combined-unit top)","geo_conf":"Moderate-high","walk_start":"","source_zone_end":""}},{"type":"Feature","geometry":{"type":"Point","coordinates":[-83.6682,37.9217]},"properties":{"menifee_rank":8,"id":6037,"stream":"Unnamed ravine / small hollow, tributary to Indian Creek","quad":"Frenchburg","gq":"GQ-1390","score_geology_only":76.1,"score_original":70.3,"top_pct_geology_only":2.3,"S":1.0,"D":0.64,"E":0.413,"I":0.808,"T":1.0,"R":0.5,"G":0.95,"dist_outline_km":11.7,"contact_class":"VERIFIED TARGET CONTACT (combined-unit top)","geo_conf":"Moderate-high","walk_start":"","source_zone_end":""}},{"type":"Feature","geometry":{"type":"Point","coordinates":[-83.6983,37.8807]},"properties":{"menifee_rank":9,"id":1650,"stream":"Unnamed hollow head, tributary to Camp Branch","quad":"Frenchburg","gq":"GQ-1390","score_geology_only":75.9,"score_original":70.3,"top_pct_geology_only":2.3,"S":1.0,"D":0.767,"E":0.412,"I":0.645,"T":0.982,"R":0.5,"G":0.95,"dist_outline_km":6.5,"contact_class":"VERIFIED TARGET CONTACT (combined-unit top)","geo_conf":"Moderate-high","walk_start":"","source_zone_end":""}},{"type":"Feature","geometry":{"type":"Point","coordinates":[-83.6985,37.8879]},"properties":{"menifee_rank":10,"id":737,"stream":"Camp Branch, tributary to Spaas Creek","quad":"Frenchburg","gq":"GQ-1390","score_geology_only":75.9,"score_original":70.2,"top_pct_geology_only":2.3,"S":1.0,"D":0.759,"E":0.407,"I":0.645,"T":1.0,"R":0.5,"G":0.95,"dist_outline_km":7.1,"contact_class":"VERIFIED TARGET CONTACT (combined-unit top)","geo_conf":"Moderate-high","walk_start":"","source_zone_end":""}},{"type":"Feature","geometry":{"type":"Point","coordinates":[-83.6986,37.8797]},"properties":{"menifee_rank":11,"id":11,"stream":"Unnamed hollow head, tributary to Camp Branch","quad":"Frenchburg","gq":"GQ-1390","score_geology_only":75.8,"score_original":70.2,"top_pct_geology_only":2.4,"S":1.0,"D":0.766,"E":0.411,"I":0.661,"T":0.95,"R":0.5,"G":0.95,"dist_outline_km":6.4,"contact_class":"VERIFIED TARGET CONTACT (combined-unit top)","geo_conf":"Moderate-high","walk_start":"","source_zone_end":""}},{"type":"Feature","geometry":{"type":"Point","coordinates":[-83.6991,37.8694]},"properties":{"menifee_rank":12,"id":6392,"stream":"Unnamed ravine / small hollow, tributary to Spaas Creek","quad":"Slade","gq":"GQ-1183","score_geology_only":75.8,"score_original":70.1,"top_pct_geology_only":2.4,"S":1.0,"D":0.77,"E":0.408,"I":0.667,"T":0.934,"R":0.5,"G":0.95,"dist_outline_km":5.4,"contact_class":"VERIFIED TARGET CONTACT (combined-unit top)","geo_conf":"Moderate-high","walk_start":"","source_zone_end":""}},{"type":"Feature","geometry":{"type":"Point","coordinates":[-83.7158,37.8804]},"properties":{"menifee_rank":13,"id":6342,"stream":"Big Cordual Branch, tributary to Spaas Creek","quad":"Frenchburg","gq":"GQ-1390","score_geology_only":75.6,"score_original":70.0,"top_pct_geology_only":2.6,"S":1.0,"D":0.763,"E":0.414,"I":0.656,"T":0.943,"R":0.5,"G":0.95,"dist_outline_km":5.7,"contact_class":"VERIFIED TARGET CONTACT (combined-unit top)","geo_conf":"Moderate-high","walk_start":"","source_zone_end":""}},{"type":"Feature","geometry":{"type":"Point","coordinates":[-83.699,37.8691]},"properties":{"menifee_rank":14,"id":5506,"stream":"Unnamed ravine / small hollow, tributary to Spaas Creek","quad":"Slade","gq":"GQ-1183","score_geology_only":75.4,"score_original":69.8,"top_pct_geology_only":2.8,"S":1.0,"D":0.77,"E":0.408,"I":0.657,"T":0.917,"R":0.5,"G":0.95,"dist_outline_km":5.3,"contact_class":"VERIFIED TARGET CONTACT (combined-unit top)","geo_conf":"Moderate-high","walk_start":"","source_zone_end":""}},{"type":"Feature","geometry":{"type":"Point","coordinates":[-83.6652,37.9083]},"properties":{"menifee_rank":15,"id":6388,"stream":"Ox Yoke Branch, tributary to Indian Creek","quad":"Frenchburg","gq":"GQ-1390","score_geology_only":75.4,"score_original":69.8,"top_pct_geology_only":2.8,"S":1.0,"D":0.608,"E":0.444,"I":0.794,"T":0.999,"R":0.5,"G":0.95,"dist_outline_km":10.6,"contact_class":"VERIFIED TARGET CONTACT (combined-unit top)","geo_conf":"Moderate-high","walk_start":"","source_zone_end":""}},{"type":"Feature","geometry":{"type":"Point","coordinates":[-83.6998,37.8799]},"properties":{"menifee_rank":16,"id":287,"stream":"Unnamed hollow head, tributary to Camp Branch","quad":"Frenchburg","gq":"GQ-1390","score_geology_only":75.3,"score_original":69.8,"top_pct_geology_only":2.9,"S":1.0,"D":0.767,"E":0.412,"I":0.635,"T":0.946,"R":0.5,"G":0.95,"dist_outline_km":6.3,"contact_class":"VERIFIED TARGET CONTACT (combined-unit top)","geo_conf":"Moderate-high","walk_start":"","source_zone_end":""}},{"type":"Feature","geometry":{"type":"Point","coordinates":[-83.7412,37.8937]},"properties":{"menifee_rank":17,"id":2912,"stream":"Unnamed hollow head, tributary to Right Fork Cane Creek","quad":"Frenchburg","gq":"GQ-1390","score_geology_only":75.3,"score_original":69.7,"top_pct_geology_only":3.0,"S":0.98,"D":0.913,"E":0.285,"I":0.601,"T":0.875,"R":0.5,"G":0.95,"dist_outline_km":6.6,"contact_class":"VERIFIED TARGET CONTACT (combined-unit top)","geo_conf":"Moderate-high","walk_start":"","source_zone_end":""}},{"type":"Feature","geometry":{"type":"Point","coordinates":[-83.7145,37.8852]},"properties":{"menifee_rank":18,"id":5134,"stream":"Unnamed ravine / small hollow, tributary to Spaas Creek","quad":"Frenchburg","gq":"GQ-1390","score_geology_only":75.2,"score_original":69.7,"top_pct_geology_only":3.0,"S":1.0,"D":0.759,"E":0.407,"I":0.633,"T":0.959,"R":0.5,"G":0.95,"dist_outline_km":6.3,"contact_class":"VERIFIED TARGET CONTACT (combined-unit top)","geo_conf":"Moderate-high","walk_start":"","source_zone_end":""}},{"type":"Feature","geometry":{"type":"Point","coordinates":[-83.7106,37.8808]},"properties":{"menifee_rank":19,"id":4868,"stream":"Unnamed ravine / small hollow, tributary to Spaas Creek","quad":"Frenchburg","gq":"GQ-1390","score_geology_only":75.1,"score_original":69.6,"top_pct_geology_only":3.0,"S":1.0,"D":0.769,"E":0.413,"I":0.618,"T":0.95,"R":0.5,"G":0.95,"dist_outline_km":6.0,"contact_class":"VERIFIED TARGET CONTACT (combined-unit top)","geo_conf":"Moderate-high","walk_start":"","source_zone_end":""}},{"type":"Feature","geometry":{"type":"Point","coordinates":[-83.6652,37.9085]},"properties":{"menifee_rank":20,"id":6808,"stream":"Ox Yoke Branch, tributary to Indian Creek","quad":"Frenchburg","gq":"GQ-1390","score_geology_only":75.1,"score_original":69.6,"top_pct_geology_only":3.1,"S":1.0,"D":0.607,"E":0.445,"I":0.777,"T":1.0,"R":0.5,"G":0.95,"dist_outline_km":10.6,"contact_class":"VERIFIED TARGET CONTACT (combined-unit top)","geo_conf":"Moderate-high","walk_start":"","source_zone_end":""}},{"type":"Feature","geometry":{"type":"Point","coordinates":[-83.6655,37.915]},"properties":{"menifee_rank":21,"id":7104,"stream":"Bear Branch, tributary to Indian Creek","quad":"Frenchburg","gq":"GQ-1390","score_geology_only":75.1,"score_original":69.6,"top_pct_geology_only":3.1,"S":1.0,"D":0.624,"E":0.425,"I":0.766,"T":1.0,"R":0.5,"G":0.95,"dist_outline_km":11.2,"contact_class":"VERIFIED TARGET CONTACT (combined-unit top)","geo_conf":"Moderate-high","walk_start":"","source_zone_end":""}},{"type":"Feature","geometry":{"type":"Point","coordinates":[-83.7002,37.8882]},"properties":{"menifee_rank":22,"id":4837,"stream":"Unnamed ravine / small hollow, tributary to Camp Branch","quad":"Frenchburg","gq":"GQ-1390","score_geology_only":75.0,"score_original":69.5,"top_pct_geology_only":3.1,"S":1.0,"D":0.758,"E":0.407,"I":0.602,"T":0.992,"R":0.5,"G":0.95,"dist_outline_km":7.1,"contact_class":"VERIFIED TARGET CONTACT (combined-unit top)","geo_conf":"Moderate-high","walk_start":"","source_zone_end":""}},{"type":"Feature","geometry":{"type":"Point","coordinates":[-83.665,37.9148]},"properties":{"menifee_rank":23,"id":7094,"stream":"Bear Branch, tributary to Indian Creek","quad":"Frenchburg","gq":"GQ-1390","score_geology_only":74.9,"score_original":69.5,"top_pct_geology_only":3.2,"S":1.0,"D":0.623,"E":0.424,"I":0.761,"T":1.0,"R":0.5,"G":0.95,"dist_outline_km":11.2,"contact_class":"VERIFIED TARGET CONTACT (combined-unit top)","geo_conf":"Moderate-high","walk_start":"","source_zone_end":""}},{"type":"Feature","geometry":{"type":"Point","coordinates":[-83.666,37.9153]},"properties":{"menifee_rank":24,"id":4571,"stream":"Bear Branch, tributary to Indian Creek","quad":"Frenchburg","gq":"GQ-1390","score_geology_only":74.8,"score_original":69.3,"top_pct_geology_only":3.4,"S":1.0,"D":0.626,"E":0.426,"I":0.746,"T":1.0,"R":0.5,"G":0.95,"dist_outline_km":11.2,"contact_class":"VERIFIED TARGET CONTACT (combined-unit top)","geo_conf":"Moderate-high","walk_start":"","source_zone_end":""}},{"type":"Feature","geometry":{"type":"Point","coordinates":[-83.743,37.8956]},"properties":{"menifee_rank":25,"id":3400,"stream":"Unnamed hollow head, tributary to Right Fork Cane Creek","quad":"Frenchburg","gq":"GQ-1390","score_geology_only":74.5,"score_original":69.1,"top_pct_geology_only":3.9,"S":0.984,"D":0.914,"E":0.287,"I":0.563,"T":0.852,"R":0.5,"G":0.95,"dist_outline_km":6.8,"contact_class":"VERIFIED TARGET CONTACT (combined-unit top)","geo_conf":"Moderate-high","walk_start":"","source_zone_end":""}},{"type":"Feature","geometry":{"type":"Point","coordinates":[-83.7418,37.8942]},"properties":{"menifee_rank":26,"id":641,"stream":"Unnamed hollow head, tributary to Right Fork Cane Creek","quad":"Frenchburg","gq":"GQ-1390","score_geology_only":74.4,"score_original":69.0,"top_pct_geology_only":3.9,"S":0.98,"D":0.913,"E":0.285,"I":0.551,"T":0.88,"R":0.5,"G":0.95,"dist_outline_km":6.7,"contact_class":"VERIFIED TARGET CONTACT (combined-unit top)","geo_conf":"Moderate-high","walk_start":"","source_zone_end":""}},{"type":"Feature","geometry":{"type":"Point","coordinates":[-83.6548,37.9509]},"properties":{"menifee_rank":27,"id":5706,"stream":"Unnamed ravine / small hollow, tributary to Beaver Creek","quad":"Frenchburg","gq":"GQ-1390","score_geology_only":74.3,"score_original":65.2,"top_pct_geology_only":4.1,"S":1.0,"D":0.871,"E":0.136,"I":0.588,"T":1.0,"R":0.3,"G":0.95,"dist_outline_km":15.1,"contact_class":"VERIFIED TARGET CONTACT (combined-unit top)","geo_conf":"Moderate-high","walk_start":"","source_zone_end":""}},{"type":"Feature","geometry":{"type":"Point","coordinates":[-83.7314,37.938]},"properties":{"menifee_rank":28,"id":4141,"stream":"Unnamed hollow head, tributary to Peter Trace","quad":"Frenchburg","gq":"GQ-1390","score_geology_only":74.2,"score_original":68.8,"top_pct_geology_only":4.3,"S":1.0,"D":0.914,"E":0.235,"I":0.536,"T":0.878,"R":0.5,"G":0.95,"dist_outline_km":11.6,"contact_class":"VERIFIED TARGET CONTACT (combined-unit top)","geo_conf":"Moderate-high","walk_start":"","source_zone_end":""}},{"type":"Feature","geometry":{"type":"Point","coordinates":[-83.7207,37.885]},"properties":{"menifee_rank":29,"id":520,"stream":"Unnamed hollow head, tributary to Short Creek","quad":"Frenchburg","gq":"GQ-1390","score_geology_only":74.0,"score_original":68.7,"top_pct_geology_only":4.4,"S":0.871,"D":0.888,"E":0.347,"I":0.704,"T":0.879,"R":0.5,"G":0.95,"dist_outline_km":6.1,"contact_class":"VERIFIED TARGET CONTACT (combined-unit top)","geo_conf":"Moderate-high","walk_start":"","source_zone_end":""}},{"type":"Feature","geometry":{"type":"Point","coordinates":[-83.6646,37.9022]},"properties":{"menifee_rank":30,"id":6647,"stream":"Unnamed ravine / small hollow, tributary to Indian Creek","quad":"Frenchburg","gq":"GQ-1390","score_geology_only":74.0,"score_original":68.7,"top_pct_geology_only":4.5,"S":1.0,"D":0.602,"E":0.458,"I":0.714,"T":1.0,"R":0.5,"G":0.95,"dist_outline_km":10.1,"contact_class":"VERIFIED TARGET CONTACT (combined-unit top)","geo_conf":"Moderate-high","walk_start":"","source_zone_end":""}},{"type":"Feature","geometry":{"type":"Point","coordinates":[-83.7039,37.8943]},"properties":{"menifee_rank":31,"id":1973,"stream":"Unnamed hollow head, tributary to Bear Branch","quad":"Frenchburg","gq":"GQ-1390","score_geology_only":74.0,"score_original":68.7,"top_pct_geology_only":4.6,"S":0.882,"D":0.769,"E":0.4,"I":0.724,"T":1.0,"R":0.5,"G":0.95,"dist_outline_km":7.6,"contact_class":"VERIFIED TARGET CONTACT (combined-unit top)","geo_conf":"Moderate-high","walk_start":"","source_zone_end":""}},{"type":"Feature","geometry":{"type":"Point","coordinates":[-83.7151,37.8804]},"properties":{"menifee_rank":32,"id":2661,"stream":"Big Cordual Branch, tributary to Spaas Creek","quad":"Frenchburg","gq":"GQ-1390","score_geology_only":74.0,"score_original":68.7,"top_pct_geology_only":4.6,"S":1.0,"D":0.763,"E":0.414,"I":0.586,"T":0.91,"R":0.5,"G":0.95,"dist_outline_km":5.8,"contact_class":"VERIFIED TARGET CONTACT (combined-unit top)","geo_conf":"Moderate-high","walk_start":"","source_zone_end":""}},{"type":"Feature","geometry":{"type":"Point","coordinates":[-83.7039,37.8945]},"properties":{"menifee_rank":33,"id":5626,"stream":"Unnamed ravine / small hollow, tributary to Bear Branch","quad":"Frenchburg","gq":"GQ-1390","score_geology_only":73.8,"score_original":68.6,"top_pct_geology_only":4.8,"S":0.882,"D":0.769,"E":0.4,"I":0.715,"T":1.0,"R":0.5,"G":0.95,"dist_outline_km":7.6,"contact_class":"VERIFIED TARGET CONTACT (combined-unit top)","geo_conf":"Moderate-high","walk_start":"","source_zone_end":""}},{"type":"Feature","geometry":{"type":"Point","coordinates":[-83.7141,37.8798]},"properties":{"menifee_rank":34,"id":851,"stream":"Big Cordual Branch, tributary to Spaas Creek","quad":"Frenchburg","gq":"GQ-1390","score_geology_only":73.7,"score_original":68.5,"top_pct_geology_only":4.9,"S":1.0,"D":0.763,"E":0.414,"I":0.566,"T":0.92,"R":0.5,"G":0.95,"dist_outline_km":5.7,"contact_class":"VERIFIED TARGET CONTACT (combined-unit top)","geo_conf":"Moderate-high","walk_start":"","source_zone_end":""}},{"type":"Feature","geometry":{"type":"Point","coordinates":[-83.6738,37.8992]},"properties":{"menifee_rank":35,"id":6690,"stream":"Unnamed ravine / small hollow, tributary to Indian Creek","quad":"Frenchburg","gq":"GQ-1390","score_geology_only":73.7,"score_original":68.5,"top_pct_geology_only":5.0,"S":1.0,"D":0.603,"E":0.465,"I":0.712,"T":0.968,"R":0.5,"G":0.95,"dist_outline_km":9.4,"contact_class":"VERIFIED TARGET CONTACT (combined-unit top)","geo_conf":"Moderate-high","walk_start":"","source_zone_end":""}},{"type":"Feature","geometry":{"type":"Point","coordinates":[-83.6652,37.8994]},"properties":{"menifee_rank":36,"id":6530,"stream":"Flat Rock Branch, tributary to Indian Creek","quad":"Frenchburg","gq":"GQ-1390","score_geology_only":73.5,"score_original":68.3,"top_pct_geology_only":5.2,"S":1.0,"D":0.6,"E":0.46,"I":0.69,"T":0.995,"R":0.5,"G":0.95,"dist_outline_km":9.8,"contact_class":"VERIFIED TARGET CONTACT (combined-unit top)","geo_conf":"Moderate-high","walk_start":"","source_zone_end":""}},{"type":"Feature","geometry":{"type":"Point","coordinates":[-83.716,37.8869]},"properties":{"menifee_rank":37,"id":4953,"stream":"Unnamed ravine / small hollow, tributary to Bee Branch","quad":"Frenchburg","gq":"GQ-1390","score_geology_only":73.5,"score_original":68.3,"top_pct_geology_only":5.2,"S":0.949,"D":0.811,"E":0.395,"I":0.569,"T":0.947,"R":0.5,"G":0.95,"dist_outline_km":6.4,"contact_class":"VERIFIED TARGET CONTACT (combined-unit top)","geo_conf":"Moderate-high","walk_start":"","source_zone_end":""}},{"type":"Feature","geometry":{"type":"Point","coordinates":[-83.7165,37.8911]},"properties":{"menifee_rank":38,"id":286,"stream":"Bee Branch, tributary to Spaas Creek","quad":"Frenchburg","gq":"GQ-1390","score_geology_only":73.5,"score_original":68.3,"top_pct_geology_only":5.2,"S":0.929,"D":0.792,"E":0.4,"I":0.627,"T":0.941,"R":0.5,"G":0.95,"dist_outline_km":6.8,"contact_class":"VERIFIED TARGET CONTACT (combined-unit top)","geo_conf":"Moderate-high","walk_start":"","source_zone_end":""}},{"type":"Feature","geometry":{"type":"Point","coordinates":[-83.6799,37.8723]},"properties":{"menifee_rank":39,"id":4805,"stream":"Rock and Tildy Branch, tributary to Indian Creek","quad":"Slade","gq":"GQ-1183","score_geology_only":73.2,"score_original":68.1,"top_pct_geology_only":5.6,"S":1.0,"D":0.546,"E":0.499,"I":0.742,"T":0.962,"R":0.5,"G":0.95,"dist_outline_km":6.5,"contact_class":"VERIFIED TARGET CONTACT (combined-unit top)","geo_conf":"Moderate-high","walk_start":"","source_zone_end":""}},{"type":"Feature","geometry":{"type":"Point","coordinates":[-83.6809,37.8733]},"properties":{"menifee_rank":40,"id":6841,"stream":"Rock and Tildy Branch, tributary to Indian Creek","quad":"Slade","gq":"GQ-1183","score_geology_only":73.1,"score_original":68.0,"top_pct_geology_only":5.7,"S":1.0,"D":0.546,"E":0.5,"I":0.768,"T":0.911,"R":0.5,"G":0.95,"dist_outline_km":6.6,"contact_class":"VERIFIED TARGET CONTACT (combined-unit top)","geo_conf":"Moderate-high","walk_start":"","source_zone_end":""}},{"type":"Feature","geometry":{"type":"Point","coordinates":[-83.7205,37.8841]},"properties":{"menifee_rank":41,"id":2660,"stream":"Unnamed hollow head, tributary to Short Creek","quad":"Frenchburg","gq":"GQ-1390","score_geology_only":73.1,"score_original":68.0,"top_pct_geology_only":5.7,"S":0.87,"D":0.888,"E":0.347,"I":0.669,"T":0.852,"R":0.5,"G":0.95,"dist_outline_km":6.0,"contact_class":"VERIFIED TARGET CONTACT (combined-unit top)","geo_conf":"Moderate-high","walk_start":"","source_zone_end":""}},{"type":"Feature","geometry":{"type":"Point","coordinates":[-83.6607,37.9522]},"properties":{"menifee_rank":42,"id":5537,"stream":"Unnamed ravine / small hollow, tributary to Beaver Creek","quad":"Frenchburg","gq":"GQ-1390","score_geology_only":73.0,"score_original":64.1,"top_pct_geology_only":5.8,"S":1.0,"D":0.877,"E":0.105,"I":0.527,"T":1.0,"R":0.3,"G":0.95,"dist_outline_km":15.0,"contact_class":"VERIFIED TARGET CONTACT (combined-unit top)","geo_conf":"Moderate-high","walk_start":"","source_zone_end":""}},{"type":"Feature","geometry":{"type":"Point","coordinates":[-83.7133,37.8899]},"properties":{"menifee_rank":43,"id":4086,"stream":"Unnamed hollow head, tributary to Bee Branch","quad":"Frenchburg","gq":"GQ-1390","score_geology_only":73.0,"score_original":67.9,"top_pct_geology_only":5.8,"S":0.949,"D":0.81,"E":0.395,"I":0.526,"T":0.972,"R":0.5,"G":0.95,"dist_outline_km":6.8,"contact_class":"VERIFIED TARGET CONTACT (combined-unit top)","geo_conf":"Moderate-high","walk_start":"","source_zone_end":""}},{"type":"Feature","geometry":{"type":"Point","coordinates":[-83.7205,37.8843]},"properties":{"menifee_rank":44,"id":1175,"stream":"Unnamed hollow head, tributary to Short Creek","quad":"Frenchburg","gq":"GQ-1390","score_geology_only":73.0,"score_original":67.9,"top_pct_geology_only":5.9,"S":0.87,"D":0.888,"E":0.347,"I":0.668,"T":0.848,"R":0.5,"G":0.95,"dist_outline_km":6.0,"contact_class":"VERIFIED TARGET CONTACT (combined-unit top)","geo_conf":"Moderate-high","walk_start":"","source_zone_end":""}},{"type":"Feature","geometry":{"type":"Point","coordinates":[-83.7424,37.8925]},"properties":{"menifee_rank":45,"id":1649,"stream":"Unnamed hollow head, tributary to Right Fork Cane Creek","quad":"Frenchburg","gq":"GQ-1390","score_geology_only":73.0,"score_original":67.9,"top_pct_geology_only":5.9,"S":0.98,"D":0.913,"E":0.285,"I":0.479,"T":0.866,"R":0.5,"G":0.95,"dist_outline_km":6.5,"contact_class":"VERIFIED TARGET CONTACT (combined-unit top)","geo_conf":"Moderate-high","walk_start":"","source_zone_end":""}},{"type":"Feature","geometry":{"type":"Point","coordinates":[-83.7115,37.878]},"properties":{"menifee_rank":46,"id":2873,"stream":"Unnamed hollow head, tributary to Big Cordual Branch","quad":"Frenchburg","gq":"GQ-1390","score_geology_only":72.9,"score_original":67.8,"top_pct_geology_only":6.0,"S":1.0,"D":0.768,"E":0.417,"I":0.52,"T":0.907,"R":0.5,"G":0.95,"dist_outline_km":5.6,"contact_class":"VERIFIED TARGET CONTACT (combined-unit top)","geo_conf":"Moderate-high","walk_start":"","source_zone_end":""}},{"type":"Feature","geometry":{"type":"Point","coordinates":[-83.7205,37.8839]},"properties":{"menifee_rank":47,"id":1554,"stream":"Unnamed hollow head, tributary to Short Creek","quad":"Frenchburg","gq":"GQ-1390","score_geology_only":72.9,"score_original":67.8,"top_pct_geology_only":6.1,"S":0.87,"D":0.888,"E":0.347,"I":0.661,"T":0.848,"R":0.5,"G":0.95,"dist_outline_km":6.0,"contact_class":"VERIFIED TARGET CONTACT (combined-unit top)","geo_conf":"Moderate-high","walk_start":"","source_zone_end":""}},{"type":"Feature","geometry":{"type":"Point","coordinates":[-83.7022,37.8858]},"properties":{"menifee_rank":48,"id":517,"stream":"Unnamed hollow head, tributary to Camp Branch","quad":"Frenchburg","gq":"GQ-1390","score_geology_only":72.8,"score_original":67.8,"top_pct_geology_only":6.1,"S":1.0,"D":0.764,"E":0.41,"I":0.49,"T":0.961,"R":0.5,"G":0.95,"dist_outline_km":6.8,"contact_class":"VERIFIED TARGET CONTACT (combined-unit top)","geo_conf":"Moderate-high","walk_start":"","source_zone_end":""}},{"type":"Feature","geometry":{"type":"Point","coordinates":[-83.675,37.8737]},"properties":{"menifee_rank":49,"id":3525,"stream":"Unnamed hollow head, tributary to Indian Creek","quad":"Slade","gq":"GQ-1183","score_geology_only":72.7,"score_original":67.7,"top_pct_geology_only":6.3,"S":1.0,"D":0.547,"E":0.5,"I":0.747,"T":0.91,"R":0.5,"G":0.95,"dist_outline_km":6.9,"contact_class":"VERIFIED TARGET CONTACT (combined-unit top)","geo_conf":"Moderate-high","walk_start":"","source_zone_end":""}},{"type":"Feature","geometry":{"type":"Point","coordinates":[-83.6805,37.8729]},"properties":{"menifee_rank":50,"id":6856,"stream":"Rock and Tildy Branch, tributary to Indian Creek","quad":"Slade","gq":"GQ-1183","score_geology_only":72.7,"score_original":67.7,"top_pct_geology_only":6.3,"S":1.0,"D":0.545,"E":0.499,"I":0.734,"T":0.933,"R":0.5,"G":0.95,"dist_outline_km":6.6,"contact_class":"VERIFIED TARGET CONTACT (combined-unit top)","geo_conf":"Moderate-high","walk_start":"","source_zone_end":""}},{"type":"Feature","geometry":{"type":"Point","coordinates":[-83.6672,37.9259]},"properties":{"menifee_rank":51,"id":5752,"stream":"Unnamed ravine / small hollow, tributary to Indian Creek","quad":"Frenchburg","gq":"GQ-1390","score_geology_only":72.7,"score_original":67.6,"top_pct_geology_only":6.3,"S":0.98,"D":0.603,"E":0.461,"I":0.67,"T":1.0,"R":0.5,"G":0.95,"dist_outline_km":12.2,"contact_class":"VERIFIED TARGET CONTACT (combined-unit top)","geo_conf":"Moderate-high","walk_start":"","source_zone_end":""}},{"type":"Feature","geometry":{"type":"Point","coordinates":[-83.6816,37.8717]},"properties":{"menifee_rank":52,"id":5964,"stream":"Unnamed ravine / small hollow, tributary to Rock and Tildy Branch","quad":"Slade","gq":"GQ-1183","score_geology_only":72.6,"score_original":67.6,"top_pct_geology_only":6.4,"S":1.0,"D":0.546,"E":0.499,"I":0.741,"T":0.912,"R":0.5,"G":0.95,"dist_outline_km":6.4,"contact_class":"VERIFIED TARGET CONTACT (combined-unit top)","geo_conf":"Moderate-high","walk_start":"","source_zone_end":""}},{"type":"Feature","geometry":{"type":"Point","coordinates":[-83.6517,37.9447]},"properties":{"menifee_rank":53,"id":4061,"stream":"Unnamed hollow head, tributary to Beaver Creek","quad":"Frenchburg","gq":"GQ-1390","score_geology_only":72.5,"score_original":67.5,"top_pct_geology_only":6.6,"S":1.0,"D":0.863,"E":0.126,"I":0.503,"T":1.0,"R":0.5,"G":0.95,"dist_outline_km":14.7,"contact_class":"VERIFIED TARGET CONTACT (combined-unit top)","geo_conf":"Moderate-high","walk_start":"","source_zone_end":""}},{"type":"Feature","geometry":{"type":"Point","coordinates":[-83.6476,37.9477]},"properties":{"menifee_rank":54,"id":839,"stream":"Unnamed hollow head, tributary to Beaver Creek","quad":"Frenchburg","gq":"GQ-1390","score_geology_only":72.5,"score_original":63.7,"top_pct_geology_only":6.6,"S":1.0,"D":0.872,"E":0.139,"I":0.482,"T":1.0,"R":0.3,"G":0.95,"dist_outline_km":15.2,"contact_class":"VERIFIED TARGET CONTACT (combined-unit top)","geo_conf":"Moderate-high","walk_start":"","source_zone_end":""}},{"type":"Feature","geometry":{"type":"Point","coordinates":[-83.6542,37.9513]},"properties":{"menifee_rank":55,"id":1454,"stream":"Unnamed hollow head, tributary to Beaver Creek","quad":"Frenchburg","gq":"GQ-1390","score_geology_only":72.5,"score_original":63.7,"top_pct_geology_only":6.6,"S":1.0,"D":0.871,"E":0.136,"I":0.496,"T":0.984,"R":0.3,"G":0.95,"dist_outline_km":15.2,"contact_class":"VERIFIED TARGET CONTACT (combined-unit top)","geo_conf":"Moderate-high","walk_start":"","source_zone_end":""}},{"type":"Feature","geometry":{"type":"Point","coordinates":[-83.6655,37.9029]},"properties":{"menifee_rank":56,"id":3204,"stream":"Unnamed hollow head, tributary to Indian Creek","quad":"Frenchburg","gq":"GQ-1390","score_geology_only":72.5,"score_original":67.5,"top_pct_geology_only":6.7,"S":1.0,"D":0.602,"E":0.458,"I":0.629,"T":1.0,"R":0.5,"G":0.95,"dist_outline_km":10.1,"contact_class":"VERIFIED TARGET CONTACT (combined-unit top)","geo_conf":"Moderate-high","walk_start":"","source_zone_end":""}},{"type":"Feature","geometry":{"type":"Point","coordinates":[-83.7144,37.9371]},"properties":{"menifee_rank":57,"id":3239,"stream":"Unnamed hollow head, tributary to Peter Trace","quad":"Frenchburg","gq":"GQ-1390","score_geology_only":72.5,"score_original":67.5,"top_pct_geology_only":6.7,"S":1.0,"D":0.907,"E":0.243,"I":0.469,"T":0.843,"R":0.5,"G":0.95,"dist_outline_km":11.9,"contact_class":"VERIFIED TARGET CONTACT (combined-unit top)","geo_conf":"Moderate-high","walk_start":"","source_zone_end":""}},{"type":"Feature","geometry":{"type":"Point","coordinates":[-83.6798,37.8722]},"properties":{"menifee_rank":58,"id":741,"stream":"Rock and Tildy Branch, tributary to Indian Creek","quad":"Slade","gq":"GQ-1183","score_geology_only":72.5,"score_original":67.5,"top_pct_geology_only":6.8,"S":1.0,"D":0.546,"E":0.499,"I":0.711,"T":0.944,"R":0.5,"G":0.95,"dist_outline_km":6.5,"contact_class":"VERIFIED TARGET CONTACT (combined-unit top)","geo_conf":"Moderate-high","walk_start":"","source_zone_end":""}},{"type":"Feature","geometry":{"type":"Point","coordinates":[-83.721,37.8837]},"properties":{"menifee_rank":59,"id":521,"stream":"Unnamed hollow head, tributary to Short Creek","quad":"Frenchburg","gq":"GQ-1390","score_geology_only":72.4,"score_original":67.4,"top_pct_geology_only":6.8,"S":0.87,"D":0.888,"E":0.347,"I":0.621,"T":0.869,"R":0.5,"G":0.95,"dist_outline_km":5.9,"contact_class":"VERIFIED TARGET CONTACT (combined-unit top)","geo_conf":"Moderate-high","walk_start":"","source_zone_end":""}},{"type":"Feature","geometry":{"type":"Point","coordinates":[-83.6476,37.9476]},"properties":{"menifee_rank":60,"id":278,"stream":"Unnamed hollow head, tributary to Beaver Creek","quad":"Frenchburg","gq":"GQ-1390","score_geology_only":72.4,"score_original":63.6,"top_pct_geology_only":6.9,"S":1.0,"D":0.869,"E":0.138,"I":0.481,"T":1.0,"R":0.3,"G":0.95,"dist_outline_km":15.1,"contact_class":"VERIFIED TARGET CONTACT (combined-unit top)","geo_conf":"Moderate-high","walk_start":"","source_zone_end":""}},{"type":"Feature","geometry":{"type":"Point","coordinates":[-83.6685,37.9158]},"properties":{"menifee_rank":61,"id":4430,"stream":"Unnamed hollow head, tributary to Bear Branch","quad":"Frenchburg","gq":"GQ-1390","score_geology_only":72.3,"score_original":67.3,"top_pct_geology_only":7.0,"S":1.0,"D":0.629,"E":0.427,"I":0.606,"T":0.994,"R":0.5,"G":0.95,"dist_outline_km":11.2,"contact_class":"VERIFIED TARGET CONTACT (combined-unit top)","geo_conf":"Moderate-high","walk_start":"","source_zone_end":""}},{"type":"Feature","geometry":{"type":"Point","coordinates":[-83.6482,37.9473]},"properties":{"menifee_rank":62,"id":4852,"stream":"Unnamed ravine / small hollow, tributary to Beaver Creek","quad":"Frenchburg","gq":"GQ-1390","score_geology_only":72.2,"score_original":63.5,"top_pct_geology_only":7.2,"S":1.0,"D":0.869,"E":0.138,"I":0.471,"T":1.0,"R":0.3,"G":0.95,"dist_outline_km":15.1,"contact_class":"VERIFIED TARGET CONTACT (combined-unit top)","geo_conf":"Moderate-high","walk_start":"","source_zone_end":""}},{"type":"Feature","geometry":{"type":"Point","coordinates":[-83.6673,37.9256]},"properties":{"menifee_rank":63,"id":732,"stream":"Unnamed hollow head, tributary to Indian Creek","quad":"Frenchburg","gq":"GQ-1390","score_geology_only":72.2,"score_original":67.2,"top_pct_geology_only":7.3,"S":0.98,"D":0.603,"E":0.461,"I":0.645,"T":0.995,"R":0.5,"G":0.95,"dist_outline_km":12.2,"contact_class":"VERIFIED TARGET CONTACT (combined-unit top)","geo_conf":"Moderate-high","walk_start":"","source_zone_end":""}},{"type":"Feature","geometry":{"type":"Point","coordinates":[-83.6734,37.8992]},"properties":{"menifee_rank":64,"id":8,"stream":"Unnamed hollow head, tributary to Indian Creek","quad":"Frenchburg","gq":"GQ-1390","score_geology_only":72.2,"score_original":67.3,"top_pct_geology_only":7.3,"S":1.0,"D":0.603,"E":0.465,"I":0.647,"T":0.937,"R":0.5,"G":0.95,"dist_outline_km":9.4,"contact_class":"VERIFIED TARGET CONTACT (combined-unit top)","geo_conf":"Moderate-high","walk_start":"","source_zone_end":""}},{"type":"Feature","geometry":{"type":"Point","coordinates":[-83.6643,37.8815]},"properties":{"menifee_rank":65,"id":5640,"stream":"Unnamed ravine / small hollow, tributary to Indian Creek","quad":"Frenchburg","gq":"GQ-1390","score_geology_only":72.2,"score_original":67.2,"top_pct_geology_only":7.3,"S":1.0,"D":0.553,"E":0.501,"I":0.654,"T":0.989,"R":0.5,"G":0.95,"dist_outline_km":8.1,"contact_class":"VERIFIED TARGET CONTACT (combined-unit top)","geo_conf":"Moderate-high","walk_start":"","source_zone_end":""}},{"type":"Feature","geometry":{"type":"Point","coordinates":[-83.7562,37.9026]},"properties":{"menifee_rank":66,"id":2595,"stream":"Unnamed hollow head, tributary to Right Fork Cane Creek","quad":"Means","gq":"GQ-1324","score_geology_only":71.9,"score_original":67.0,"top_pct_geology_only":7.7,"S":0.927,"D":0.912,"E":0.298,"I":0.515,"T":0.846,"R":0.5,"G":0.95,"dist_outline_km":7.4,"contact_class":"VERIFIED TARGET CONTACT (combined-unit top)","geo_conf":"Moderate-high","walk_start":"","source_zone_end":""}},{"type":"Feature","geometry":{"type":"Point","coordinates":[-83.7157,37.888]},"properties":{"menifee_rank":67,"id":2872,"stream":"Unnamed hollow head, tributary to Bee Branch","quad":"Frenchburg","gq":"GQ-1390","score_geology_only":71.9,"score_original":67.0,"top_pct_geology_only":7.8,"S":0.949,"D":0.81,"E":0.395,"I":0.492,"T":0.93,"R":0.5,"G":0.95,"dist_outline_km":6.5,"contact_class":"VERIFIED TARGET CONTACT (combined-unit top)","geo_conf":"Moderate-high","walk_start":"","source_zone_end":""}},{"type":"Feature","geometry":{"type":"Point","coordinates":[-83.6753,37.9077]},"properties":{"menifee_rank":68,"id":6847,"stream":"Greenland Branch, tributary to Indian Creek","quad":"Frenchburg","gq":"GQ-1390","score_geology_only":71.9,"score_original":67.0,"top_pct_geology_only":8.0,"S":1.0,"D":0.608,"E":0.443,"I":0.598,"T":0.996,"R":0.5,"G":0.95,"dist_outline_km":10.1,"contact_class":"VERIFIED TARGET CONTACT (combined-unit top)","geo_conf":"Moderate-high","walk_start":"","source_zone_end":""}},{"type":"Feature","geometry":{"type":"Point","coordinates":[-83.7139,37.9479]},"properties":{"menifee_rank":69,"id":1263,"stream":"Unnamed hollow head, tributary to Peter Trace","quad":"Frenchburg","gq":"GQ-1390","score_geology_only":71.9,"score_original":67.0,"top_pct_geology_only":8.0,"S":1.0,"D":0.906,"E":0.239,"I":0.391,"T":0.914,"R":0.5,"G":0.95,"dist_outline_km":13.0,"contact_class":"VERIFIED TARGET CONTACT (combined-unit top)","geo_conf":"Moderate-high","walk_start":"","source_zone_end":""}},{"type":"Feature","geometry":{"type":"Point","coordinates":[-83.6745,37.9041]},"properties":{"menifee_rank":70,"id":735,"stream":"Unnamed hollow head, tributary to Greenland Branch","quad":"Frenchburg","gq":"GQ-1390","score_geology_only":71.9,"score_original":67.0,"top_pct_geology_only":8.0,"S":1.0,"D":0.607,"E":0.445,"I":0.608,"T":0.98,"R":0.5,"G":0.95,"dist_outline_km":9.8,"contact_class":"VERIFIED TARGET CONTACT (combined-unit top)","geo_conf":"Moderate-high","walk_start":"","source_zone_end":""}},{"type":"Feature","geometry":{"type":"Point","coordinates":[-83.7356,37.9271]},"properties":{"menifee_rank":71,"id":2538,"stream":"Unnamed hollow head, tributary to Hawkins Branch","quad":"Frenchburg","gq":"GQ-1390","score_geology_only":71.8,"score_original":67.0,"top_pct_geology_only":8.0,"S":0.982,"D":0.876,"E":0.26,"I":0.493,"T":0.844,"R":0.5,"G":0.95,"dist_outline_km":10.4,"contact_class":"VERIFIED TARGET CONTACT (combined-unit top)","geo_conf":"Moderate-high","walk_start":"","source_zone_end":""}},{"type":"Feature","geometry":{"type":"Point","coordinates":[-83.5524,37.9715]},"properties":{"menifee_rank":72,"id":5240,"stream":"Unnamed ravine / small hollow, tributary to Beaver Creek","quad":"Scranton","gq":"GQ-1488","score_geology_only":71.8,"score_original":63.2,"top_pct_geology_only":8.1,"S":1.0,"D":0.625,"E":0.153,"I":0.796,"T":0.951,"R":0.3,"G":0.95,"dist_outline_km":22.0,"contact_class":"VERIFIED TARGET CONTACT (combined-unit top)","geo_conf":"Moderate-high","walk_start":"","source_zone_end":""}},{"type":"Feature","geometry":{"type":"Point","coordinates":[-83.6759,37.9049]},"properties":{"menifee_rank":73,"id":6605,"stream":"Unnamed ravine / small hollow, tributary to Greenland Branch","quad":"Frenchburg","gq":"GQ-1390","score_geology_only":71.7,"score_original":66.9,"top_pct_geology_only":8.3,"S":1.0,"D":0.608,"E":0.443,"I":0.6,"T":0.982,"R":0.5,"G":0.95,"dist_outline_km":9.8,"contact_class":"VERIFIED TARGET CONTACT (combined-unit top)","geo_conf":"Moderate-high","walk_start":"","source_zone_end":""}},{"type":"Feature","geometry":{"type":"Point","coordinates":[-83.7047,37.8884]},"properties":{"menifee_rank":74,"id":4589,"stream":"Unnamed ravine / small hollow, tributary to Spaas Creek","quad":"Frenchburg","gq":"GQ-1390","score_geology_only":71.7,"score_original":66.9,"top_pct_geology_only":8.4,"S":1.0,"D":0.759,"E":0.408,"I":0.446,"T":0.943,"R":0.5,"G":0.95,"dist_outline_km":6.9,"contact_class":"VERIFIED TARGET CONTACT (combined-unit top)","geo_conf":"Moderate-high","walk_start":"","source_zone_end":""}},{"type":"Feature","geometry":{"type":"Point","coordinates":[-83.6695,37.9135]},"properties":{"menifee_rank":75,"id":4006,"stream":"Unnamed hollow head, tributary to Bear Branch","quad":"Frenchburg","gq":"GQ-1390","score_geology_only":71.7,"score_original":66.8,"top_pct_geology_only":8.5,"S":1.0,"D":0.631,"E":0.429,"I":0.562,"T":1.0,"R":0.5,"G":0.95,"dist_outline_km":10.9,"contact_class":"VERIFIED TARGET CONTACT (combined-unit top)","geo_conf":"Moderate-high","walk_start":"","source_zone_end":""}},{"type":"Feature","geometry":{"type":"Point","coordinates":[-83.7207,37.8883]},"properties":{"menifee_rank":76,"id":1892,"stream":"Unnamed hollow head, tributary to Short Creek","quad":"Frenchburg","gq":"GQ-1390","score_geology_only":71.6,"score_original":66.8,"top_pct_geology_only":8.6,"S":0.838,"D":0.883,"E":0.34,"I":0.607,"T":0.92,"R":0.5,"G":0.95,"dist_outline_km":6.4,"contact_class":"VERIFIED TARGET CONTACT (combined-unit top)","geo_conf":"Moderate-high","walk_start":"","source_zone_end":""}},{"type":"Feature","geometry":{"type":"Point","coordinates":[-83.7349,37.9265]},"properties":{"menifee_rank":77,"id":4062,"stream":"Unnamed hollow head, tributary to Hawkins Branch","quad":"Frenchburg","gq":"GQ-1390","score_geology_only":71.6,"score_original":66.8,"top_pct_geology_only":8.6,"S":0.982,"D":0.875,"E":0.26,"I":0.471,"T":0.858,"R":0.5,"G":0.95,"dist_outline_km":10.3,"contact_class":"VERIFIED TARGET CONTACT (combined-unit top)","geo_conf":"Moderate-high","walk_start":"","source_zone_end":""}},{"type":"Feature","geometry":{"type":"Point","coordinates":[-83.6517,37.9452]},"properties":{"menifee_rank":78,"id":505,"stream":"Unnamed hollow head, tributary to Beaver Creek","quad":"Frenchburg","gq":"GQ-1390","score_geology_only":71.6,"score_original":66.8,"top_pct_geology_only":8.7,"S":1.0,"D":0.862,"E":0.126,"I":0.451,"T":1.0,"R":0.5,"G":0.95,"dist_outline_km":14.7,"contact_class":"VERIFIED TARGET CONTACT (combined-unit top)","geo_conf":"Moderate-high","walk_start":"","source_zone_end":""}},{"type":"Feature","geometry":{"type":"Point","coordinates":[-83.675,37.9073]},"properties":{"menifee_rank":79,"id":6857,"stream":"Greenland Branch, tributary to Indian Creek","quad":"Frenchburg","gq":"GQ-1390","score_geology_only":71.6,"score_original":66.7,"top_pct_geology_only":8.7,"S":1.0,"D":0.608,"E":0.444,"I":0.58,"T":0.996,"R":0.5,"G":0.95,"dist_outline_km":10.1,"contact_class":"VERIFIED TARGET CONTACT (combined-unit top)","geo_conf":"Moderate-high","walk_start":"","source_zone_end":""}},{"type":"Feature","geometry":{"type":"Point","coordinates":[-83.6707,37.9191]},"properties":{"menifee_rank":80,"id":5049,"stream":"Unnamed ravine / small hollow, tributary to Indian Creek","quad":"Frenchburg","gq":"GQ-1390","score_geology_only":71.5,"score_original":66.7,"top_pct_geology_only":8.7,"S":1.0,"D":0.626,"E":0.426,"I":0.564,"T":1.0,"R":0.5,"G":0.95,"dist_outline_km":11.4,"contact_class":"VERIFIED TARGET CONTACT (combined-unit top)","geo_conf":"Moderate-high","walk_start":"","source_zone_end":""}},{"type":"Feature","geometry":{"type":"Point","coordinates":[-83.6756,37.8775]},"properties":{"menifee_rank":81,"id":5813,"stream":"Unnamed ravine / small hollow, tributary to Leatherwood Fork","quad":"Frenchburg","gq":"GQ-1390","score_geology_only":71.5,"score_original":66.7,"top_pct_geology_only":8.8,"S":1.0,"D":0.555,"E":0.502,"I":0.654,"T":0.93,"R":0.5,"G":0.95,"dist_outline_km":7.2,"contact_class":"VERIFIED TARGET CONTACT (combined-unit top)","geo_conf":"Moderate-high","walk_start":"","source_zone_end":""}},{"type":"Feature","geometry":{"type":"Point","coordinates":[-83.703,37.8986]},"properties":{"menifee_rank":82,"id":6445,"stream":"Unnamed ravine / small hollow, tributary to Bear Branch","quad":"Frenchburg","gq":"GQ-1390","score_geology_only":71.5,"score_original":66.7,"top_pct_geology_only":8.9,"S":0.856,"D":0.754,"E":0.4,"I":0.648,"T":1.0,"R":0.5,"G":0.95,"dist_outline_km":8.0,"contact_class":"VERIFIED TARGET CONTACT (combined-unit top)","geo_conf":"Moderate-high","walk_start":"","source_zone_end":""}},{"type":"Feature","geometry":{"type":"Point","coordinates":[-83.6645,37.8817]},"properties":{"menifee_rank":83,"id":3523,"stream":"Unnamed hollow head, tributary to Indian Creek","quad":"Frenchburg","gq":"GQ-1390","score_geology_only":71.5,"score_original":66.7,"top_pct_geology_only":8.9,"S":1.0,"D":0.554,"E":0.501,"I":0.607,"T":1.0,"R":0.5,"G":0.95,"dist_outline_km":8.1,"contact_class":"VERIFIED TARGET CONTACT (combined-unit top)","geo_conf":"Moderate-high","walk_start":"","source_zone_end":""}},{"type":"Feature","geometry":{"type":"Point","coordinates":[-83.5987,37.9674]},"properties":{"menifee_rank":84,"id":1451,"stream":"Unnamed hollow head, tributary to Beaver Creek","quad":"Scranton","gq":"GQ-1488","score_geology_only":71.5,"score_original":62.9,"top_pct_geology_only":8.9,"S":1.0,"D":0.79,"E":0.141,"I":0.601,"T":0.895,"R":0.3,"G":0.95,"dist_outline_km":19.3,"contact_class":"VERIFIED TARGET CONTACT (combined-unit top)","geo_conf":"Moderate-high","walk_start":"","source_zone_end":""}},{"type":"Feature","geometry":{"type":"Point","coordinates":[-83.6978,37.943]},"properties":{"menifee_rank":85,"id":5758,"stream":"Unnamed ravine / small hollow, tributary to Peter Trace","quad":"Frenchburg","gq":"GQ-1390","score_geology_only":71.4,"score_original":66.6,"top_pct_geology_only":9.0,"S":0.833,"D":0.884,"E":0.293,"I":0.596,"T":0.976,"R":0.5,"G":0.95,"dist_outline_km":12.8,"contact_class":"VERIFIED TARGET CONTACT (combined-unit top)","geo_conf":"Moderate-high","walk_start":"","source_zone_end":""}},{"type":"Feature","geometry":{"type":"Point","coordinates":[-83.702,37.8768]},"properties":{"menifee_rank":86,"id":4167,"stream":"Unnamed hollow head, tributary to Blackburn Branch","quad":"Frenchburg","gq":"GQ-1390","score_geology_only":71.4,"score_original":66.6,"top_pct_geology_only":9.1,"S":1.0,"D":0.77,"E":0.417,"I":0.412,"T":0.937,"R":0.5,"G":0.95,"dist_outline_km":5.9,"contact_class":"VERIFIED TARGET CONTACT (combined-unit top)","geo_conf":"Moderate-high","walk_start":"","source_zone_end":""}},{"type":"Feature","geometry":{"type":"Point","coordinates":[-83.7079,37.8779]},"properties":{"menifee_rank":87,"id":2468,"stream":"Unnamed hollow head, tributary to Spaas Creek","quad":"Frenchburg","gq":"GQ-1390","score_geology_only":71.4,"score_original":66.6,"top_pct_geology_only":9.1,"S":1.0,"D":0.765,"E":0.416,"I":0.442,"T":0.9,"R":0.5,"G":0.95,"dist_outline_km":5.8,"contact_class":"VERIFIED TARGET CONTACT (combined-unit top)","geo_conf":"Moderate-high","walk_start":"","source_zone_end":""}},{"type":"Feature","geometry":{"type":"Point","coordinates":[-83.6796,37.8704]},"properties":{"menifee_rank":88,"id":1813,"stream":"Rock and Tildy Branch, tributary to Indian Creek","quad":"Slade","gq":"GQ-1183","score_geology_only":71.4,"score_original":66.6,"top_pct_geology_only":9.1,"S":1.0,"D":0.546,"E":0.499,"I":0.659,"T":0.929,"R":0.5,"G":0.95,"dist_outline_km":6.4,"contact_class":"VERIFIED TARGET CONTACT (combined-unit top)","geo_conf":"Moderate-high","walk_start":"","source_zone_end":""}},{"type":"Feature","geometry":{"type":"Point","coordinates":[-83.6418,37.9577]},"properties":{"menifee_rank":89,"id":1806,"stream":"Unnamed hollow head, tributary to Bet Cash Branch","quad":"Frenchburg","gq":"GQ-1390","score_geology_only":71.3,"score_original":62.8,"top_pct_geology_only":9.2,"S":1.0,"D":0.87,"E":0.138,"I":0.42,"T":1.0,"R":0.3,"G":0.95,"dist_outline_km":16.4,"contact_class":"VERIFIED TARGET CONTACT (combined-unit top)","geo_conf":"Moderate-high","walk_start":"","source_zone_end":""}},{"type":"Feature","geometry":{"type":"Point","coordinates":[-83.6267,37.9603]},"properties":{"menifee_rank":90,"id":4166,"stream":"Unnamed hollow head, tributary to Owens Branch","quad":"Frenchburg","gq":"GQ-1390","score_geology_only":71.3,"score_original":62.7,"top_pct_geology_only":9.3,"S":1.0,"D":0.729,"E":0.182,"I":0.596,"T":0.968,"R":0.3,"G":0.95,"dist_outline_km":17.3,"contact_class":"VERIFIED TARGET CONTACT (combined-unit top)","geo_conf":"Moderate-high","walk_start":"","source_zone_end":""}},{"type":"Feature","geometry":{"type":"Point","coordinates":[-83.6657,37.8779]},"properties":{"menifee_rank":91,"id":3898,"stream":"Unnamed hollow head, tributary to Indian Creek","quad":"Frenchburg","gq":"GQ-1390","score_geology_only":71.3,"score_original":66.5,"top_pct_geology_only":9.3,"S":1.0,"D":0.554,"E":0.502,"I":0.603,"T":0.987,"R":0.5,"G":0.95,"dist_outline_km":7.7,"contact_class":"VERIFIED TARGET CONTACT (combined-unit top)","geo_conf":"Moderate-high","walk_start":"","source_zone_end":""}},{"type":"Feature","geometry":{"type":"Point","coordinates":[-83.6781,37.9158]},"properties":{"menifee_rank":92,"id":392,"stream":"Unnamed hollow head, tributary to Indian Creek","quad":"Frenchburg","gq":"GQ-1390","score_geology_only":71.2,"score_original":66.5,"top_pct_geology_only":9.4,"S":1.0,"D":0.634,"E":0.431,"I":0.574,"T":0.939,"R":0.5,"G":0.95,"dist_outline_km":10.7,"contact_class":"VERIFIED TARGET CONTACT (combined-unit top)","geo_conf":"Moderate-high","walk_start":"","source_zone_end":""}},{"type":"Feature","geometry":{"type":"Point","coordinates":[-83.6398,37.9539]},"properties":{"menifee_rank":93,"id":5279,"stream":"Unnamed ravine / small hollow, tributary to Beaver Creek","quad":"Frenchburg","gq":"GQ-1390","score_geology_only":71.2,"score_original":62.6,"top_pct_geology_only":9.4,"S":1.0,"D":0.874,"E":0.15,"I":0.398,"T":1.0,"R":0.3,"G":0.95,"dist_outline_km":16.1,"contact_class":"VERIFIED TARGET CONTACT (combined-unit top)","geo_conf":"Moderate-high","walk_start":"","source_zone_end":""}},{"type":"Feature","geometry":{"type":"Point","coordinates":[-83.7211,37.8896]},"properties":{"menifee_rank":94,"id":3741,"stream":"Unnamed hollow head, tributary to Short Creek","quad":"Frenchburg","gq":"GQ-1390","score_geology_only":71.2,"score_original":66.4,"top_pct_geology_only":9.5,"S":0.837,"D":0.882,"E":0.34,"I":0.596,"T":0.904,"R":0.5,"G":0.95,"dist_outline_km":6.6,"contact_class":"VERIFIED TARGET CONTACT (combined-unit top)","geo_conf":"Moderate-high","walk_start":"","source_zone_end":""}},{"type":"Feature","geometry":{"type":"Point","coordinates":[-83.7206,37.8877]},"properties":{"menifee_rank":95,"id":3038,"stream":"Unnamed hollow head, tributary to Short Creek","quad":"Frenchburg","gq":"GQ-1390","score_geology_only":71.2,"score_original":66.4,"top_pct_geology_only":9.5,"S":0.837,"D":0.882,"E":0.34,"I":0.613,"T":0.877,"R":0.5,"G":0.95,"dist_outline_km":6.4,"contact_class":"VERIFIED TARGET CONTACT (combined-unit top)","geo_conf":"Moderate-high","walk_start":"","source_zone_end":""}},{"type":"Feature","geometry":{"type":"Point","coordinates":[-83.5522,37.9719]},"properties":{"menifee_rank":96,"id":2708,"stream":"Unnamed hollow head, tributary to Beaver Creek","quad":"Scranton","gq":"GQ-1488","score_geology_only":71.1,"score_original":62.6,"top_pct_geology_only":9.7,"S":1.0,"D":0.625,"E":0.153,"I":0.772,"T":0.926,"R":0.3,"G":0.95,"dist_outline_km":22.0,"contact_class":"VERIFIED TARGET CONTACT (combined-unit top)","geo_conf":"Moderate-high","walk_start":"","source_zone_end":""}},{"type":"Feature","geometry":{"type":"Point","coordinates":[-83.5519,37.9748]},"properties":{"menifee_rank":97,"id":5485,"stream":"Unnamed ravine / small hollow, tributary to Beaver Creek","quad":"Scranton","gq":"GQ-1488","score_geology_only":71.1,"score_original":62.6,"top_pct_geology_only":9.7,"S":1.0,"D":0.623,"E":0.153,"I":0.772,"T":0.93,"R":0.3,"G":0.95,"dist_outline_km":22.3,"contact_class":"VERIFIED TARGET CONTACT (combined-unit top)","geo_conf":"Moderate-high","walk_start":"","source_zone_end":""}},{"type":"Feature","geometry":{"type":"Point","coordinates":[-83.7183,37.9334]},"properties":{"menifee_rank":98,"id":634,"stream":"Unnamed hollow head, tributary to Peter Trace","quad":"Frenchburg","gq":"GQ-1390","score_geology_only":71.1,"score_original":66.4,"top_pct_geology_only":9.8,"S":0.985,"D":0.899,"E":0.254,"I":0.402,"T":0.867,"R":0.5,"G":0.95,"dist_outline_km":11.4,"contact_class":"VERIFIED TARGET CONTACT (combined-unit top)","geo_conf":"Moderate-high","walk_start":"","source_zone_end":""}},{"type":"Feature","geometry":{"type":"Point","coordinates":[-83.6791,37.9145]},"properties":{"menifee_rank":99,"id":950,"stream":"Unnamed hollow head, tributary to Indian Creek","quad":"Frenchburg","gq":"GQ-1390","score_geology_only":71.0,"score_original":66.3,"top_pct_geology_only":9.8,"S":1.0,"D":0.634,"E":0.431,"I":0.602,"T":0.881,"R":0.5,"G":0.95,"dist_outline_km":10.6,"contact_class":"VERIFIED TARGET CONTACT (combined-unit top)","geo_conf":"Moderate-high","walk_start":"","source_zone_end":""}},{"type":"Feature","geometry":{"type":"Point","coordinates":[-83.717,37.9516]},"properties":{"menifee_rank":100,"id":2407,"stream":"Unnamed hollow head, tributary to Peter Trace","quad":"Frenchburg","gq":"GQ-1390","score_geology_only":71.0,"score_original":66.3,"top_pct_geology_only":9.9,"S":1.0,"D":0.906,"E":0.239,"I":0.352,"T":0.901,"R":0.5,"G":0.95,"dist_outline_km":13.4,"contact_class":"VERIFIED TARGET CONTACT (combined-unit top)","geo_conf":"Moderate-high","walk_start":"","source_zone_end":""}},{"type":"Feature","geometry":{"type":"Point","coordinates":[-83.7038,37.8989]},"properties":{"menifee_rank":101,"id":1971,"stream":"Unnamed hollow head, tributary to Bear Branch","quad":"Frenchburg","gq":"GQ-1390","score_geology_only":71.0,"score_original":66.2,"top_pct_geology_only":10.0,"S":0.856,"D":0.754,"E":0.4,"I":0.619,"T":1.0,"R":0.5,"G":0.95,"dist_outline_km":8.0,"contact_class":"VERIFIED TARGET CONTACT (combined-unit top)","geo_conf":"Moderate-high","walk_start":"","source_zone_end":""}},{"type":"Feature","geometry":{"type":"Point","coordinates":[-83.7218,37.8899]},"properties":{"menifee_rank":102,"id":516,"stream":"Unnamed hollow head, tributary to Short Creek","quad":"Frenchburg","gq":"GQ-1390","score_geology_only":70.9,"score_original":66.3,"top_pct_geology_only":10.1,"S":0.837,"D":0.882,"E":0.34,"I":0.579,"T":0.909,"R":0.5,"G":0.95,"dist_outline_km":6.6,"contact_class":"VERIFIED TARGET CONTACT (combined-unit top)","geo_conf":"Moderate-high","walk_start":"","source_zone_end":""}},{"type":"Feature","geometry":{"type":"Point","coordinates":[-83.6981,37.9426]},"properties":{"menifee_rank":103,"id":631,"stream":"Unnamed hollow head, tributary to Peter Trace","quad":"Frenchburg","gq":"GQ-1390","score_geology_only":70.9,"score_original":66.2,"top_pct_geology_only":10.2,"S":0.833,"D":0.88,"E":0.293,"I":0.572,"T":0.979,"R":0.5,"G":0.95,"dist_outline_km":12.8,"contact_class":"VERIFIED TARGET CONTACT (combined-unit top)","geo_conf":"Moderate-high","walk_start":"","source_zone_end":""}},{"type":"Feature","geometry":{"type":"Point","coordinates":[-83.6788,37.9156]},"properties":{"menifee_rank":104,"id":1456,"stream":"Unnamed hollow head, tributary to Indian Creek","quad":"Frenchburg","gq":"GQ-1390","score_geology_only":70.9,"score_original":66.2,"top_pct_geology_only":10.3,"S":1.0,"D":0.634,"E":0.431,"I":0.584,"T":0.893,"R":0.5,"G":0.95,"dist_outline_km":10.7,"contact_class":"VERIFIED TARGET CONTACT (combined-unit top)","geo_conf":"Moderate-high","walk_start":"","source_zone_end":""}},{"type":"Feature","geometry":{"type":"Point","coordinates":[-83.7225,37.8826]},"properties":{"menifee_rank":105,"id":955,"stream":"Unnamed hollow head, tributary to Short Creek","quad":"Frenchburg","gq":"GQ-1390","score_geology_only":70.8,"score_original":66.2,"top_pct_geology_only":10.3,"S":0.875,"D":0.89,"E":0.349,"I":0.533,"T":0.85,"R":0.5,"G":0.95,"dist_outline_km":5.8,"contact_class":"VERIFIED TARGET CONTACT (combined-unit top)","geo_conf":"Moderate-high","walk_start":"","source_zone_end":""}},{"type":"Feature","geometry":{"type":"Point","coordinates":[-83.7348,37.89]},"properties":{"menifee_rank":106,"id":5971,"stream":"Unnamed ravine / small hollow, tributary to Short Creek","quad":"Frenchburg","gq":"GQ-1390","score_geology_only":70.8,"score_original":66.2,"top_pct_geology_only":10.4,"S":0.813,"D":0.882,"E":0.337,"I":0.634,"T":0.881,"R":0.5,"G":0.95,"dist_outline_km":6.4,"contact_class":"VERIFIED TARGET CONTACT (combined-unit top)","geo_conf":"Moderate-high","walk_start":"","source_zone_end":""}},{"type":"Feature","geometry":{"type":"Point","coordinates":[-83.6784,37.9139]},"properties":{"menifee_rank":107,"id":1364,"stream":"Unnamed hollow head, tributary to Indian Creek","quad":"Frenchburg","gq":"GQ-1390","score_geology_only":70.8,"score_original":66.1,"top_pct_geology_only":10.4,"S":1.0,"D":0.634,"E":0.431,"I":0.567,"T":0.913,"R":0.5,"G":0.95,"dist_outline_km":10.5,"contact_class":"VERIFIED TARGET CONTACT (combined-unit top)","geo_conf":"Moderate-high","walk_start":"","source_zone_end":""}},{"type":"Feature","geometry":{"type":"Point","coordinates":[-83.6998,37.9357]},"properties":{"menifee_rank":108,"id":4775,"stream":"Unnamed ravine / small hollow, tributary to Peter Trace","quad":"Frenchburg","gq":"GQ-1390","score_geology_only":70.8,"score_original":66.1,"top_pct_geology_only":10.5,"S":0.831,"D":0.883,"E":0.292,"I":0.551,"T":1.0,"R":0.5,"G":0.95,"dist_outline_km":12.0,"contact_class":"VERIFIED TARGET CONTACT (combined-unit top)","geo_conf":"Moderate-high","walk_start":"","source_zone_end":""}},{"type":"Feature","geometry":{"type":"Point","coordinates":[-83.5949,37.9701]},"properties":{"menifee_rank":109,"id":723,"stream":"Unnamed hollow head, tributary to Beaver Creek","quad":"Scranton","gq":"GQ-1488","score_geology_only":70.7,"score_original":62.3,"top_pct_geology_only":10.6,"S":1.0,"D":0.797,"E":0.131,"I":0.551,"T":0.905,"R":0.3,"G":0.95,"dist_outline_km":19.7,"contact_class":"VERIFIED TARGET CONTACT (combined-unit top)","geo_conf":"Moderate-high","walk_start":"","source_zone_end":""}},{"type":"Feature","geometry":{"type":"Point","coordinates":[-83.6999,37.9664]},"properties":{"menifee_rank":110,"id":2040,"stream":"Unnamed hollow head, tributary to Dog Trot Fork","quad":"Frenchburg","gq":"GQ-1390","score_geology_only":70.7,"score_original":62.3,"top_pct_geology_only":10.6,"S":0.988,"D":0.966,"E":0.062,"I":0.409,"T":0.879,"R":0.3,"G":0.95,"dist_outline_km":15.3,"contact_class":"VERIFIED TARGET CONTACT (combined-unit top)","geo_conf":"Moderate-high","walk_start":"","source_zone_end":""}},{"type":"Feature","geometry":{"type":"Point","coordinates":[-83.5988,37.9675]},"properties":{"menifee_rank":111,"id":388,"stream":"Unnamed hollow head, tributary to Beaver Creek","quad":"Scranton","gq":"GQ-1488","score_geology_only":70.7,"score_original":62.3,"top_pct_geology_only":10.7,"S":1.0,"D":0.79,"E":0.141,"I":0.57,"T":0.877,"R":0.3,"G":0.95,"dist_outline_km":19.3,"contact_class":"VERIFIED TARGET CONTACT (combined-unit top)","geo_conf":"Moderate-high","walk_start":"","source_zone_end":""}},{"type":"Feature","geometry":{"type":"Point","coordinates":[-83.7041,37.899]},"properties":{"menifee_rank":112,"id":88,"stream":"Unnamed hollow head, tributary to Bear Branch","quad":"Frenchburg","gq":"GQ-1390","score_geology_only":70.7,"score_original":66.0,"top_pct_geology_only":10.8,"S":0.856,"D":0.754,"E":0.4,"I":0.602,"T":1.0,"R":0.5,"G":0.95,"dist_outline_km":8.0,"contact_class":"VERIFIED TARGET CONTACT (combined-unit top)","geo_conf":"Moderate-high","walk_start":"","source_zone_end":""}},{"type":"Feature","geometry":{"type":"Point","coordinates":[-83.7067,37.9009]},"properties":{"menifee_rank":113,"id":6922,"stream":"Bear Branch, tributary to Spaas Creek","quad":"Frenchburg","gq":"GQ-1390","score_geology_only":70.7,"score_original":66.0,"top_pct_geology_only":10.8,"S":0.854,"D":0.751,"E":0.399,"I":0.61,"T":1.0,"R":0.5,"G":0.95,"dist_outline_km":8.2,"contact_class":"VERIFIED TARGET CONTACT (combined-unit top)","geo_conf":"Moderate-high","walk_start":"","source_zone_end":""}},{"type":"Feature","geometry":{"type":"Point","coordinates":[-83.722,37.89]},"properties":{"menifee_rank":114,"id":2049,"stream":"Unnamed hollow head, tributary to Short Creek","quad":"Frenchburg","gq":"GQ-1390","score_geology_only":70.6,"score_original":66.0,"top_pct_geology_only":10.9,"S":0.837,"D":0.882,"E":0.34,"I":0.572,"T":0.892,"R":0.5,"G":0.95,"dist_outline_km":6.6,"contact_class":"VERIFIED TARGET CONTACT (combined-unit top)","geo_conf":"Moderate-high","walk_start":"","source_zone_end":""}},{"type":"Feature","geometry":{"type":"Point","coordinates":[-83.7223,37.8829]},"properties":{"menifee_rank":115,"id":400,"stream":"Unnamed hollow head, tributary to Short Creek","quad":"Frenchburg","gq":"GQ-1390","score_geology_only":70.6,"score_original":66.0,"top_pct_geology_only":11.0,"S":0.876,"D":0.89,"E":0.349,"I":0.505,"T":0.867,"R":0.5,"G":0.95,"dist_outline_km":5.8,"contact_class":"VERIFIED TARGET CONTACT (combined-unit top)","geo_conf":"Moderate-high","walk_start":"","source_zone_end":""}},{"type":"Feature","geometry":{"type":"Point","coordinates":[-83.5521,37.9721]},"properties":{"menifee_rank":116,"id":3738,"stream":"Unnamed hollow head, tributary to Beaver Creek","quad":"Scranton","gq":"GQ-1488","score_geology_only":70.5,"score_original":62.1,"top_pct_geology_only":11.3,"S":1.0,"D":0.625,"E":0.153,"I":0.739,"T":0.922,"R":0.3,"G":0.95,"dist_outline_km":22.1,"contact_class":"VERIFIED TARGET CONTACT (combined-unit top)","geo_conf":"Moderate-high","walk_start":"","source_zone_end":""}},{"type":"Feature","geometry":{"type":"Point","coordinates":[-83.6349,37.959]},"properties":{"menifee_rank":117,"id":4570,"stream":"Unnamed ravine / small hollow, tributary to Beaver Creek","quad":"Frenchburg","gq":"GQ-1390","score_geology_only":70.4,"score_original":62.0,"top_pct_geology_only":11.4,"S":1.0,"D":0.7,"E":0.183,"I":0.566,"T":1.0,"R":0.3,"G":0.95,"dist_outline_km":16.8,"contact_class":"VERIFIED TARGET CONTACT (combined-unit top)","geo_conf":"Moderate-high","walk_start":"","source_zone_end":""}},{"type":"Feature","geometry":{"type":"Point","coordinates":[-83.6817,37.881]},"properties":{"menifee_rank":118,"id":6796,"stream":"Smallwood Branch, tributary to Leatherwood Fork","quad":"Frenchburg","gq":"GQ-1390","score_geology_only":70.4,"score_original":65.9,"top_pct_geology_only":11.4,"S":0.932,"D":0.522,"E":0.522,"I":0.691,"T":0.999,"R":0.5,"G":0.95,"dist_outline_km":7.3,"contact_class":"VERIFIED TARGET CONTACT (combined-unit top)","geo_conf":"Moderate-high","walk_start":"","source_zone_end":""}},{"type":"Feature","geometry":{"type":"Point","coordinates":[-83.6709,37.9107]},"properties":{"menifee_rank":119,"id":5037,"stream":"Unnamed ravine / small hollow, tributary to Indian Creek","quad":"Frenchburg","gq":"GQ-1390","score_geology_only":70.4,"score_original":65.8,"top_pct_geology_only":11.6,"S":1.0,"D":0.615,"E":0.441,"I":0.512,"T":0.989,"R":0.5,"G":0.95,"dist_outline_km":10.6,"contact_class":"VERIFIED TARGET CONTACT (combined-unit top)","geo_conf":"Moderate-high","walk_start":"","source_zone_end":""}},{"type":"Feature","geometry":{"type":"Point","coordinates":[-83.7222,37.89]},"properties":{"menifee_rank":120,"id":1553,"stream":"Unnamed hollow head, tributary to Short Creek","quad":"Frenchburg","gq":"GQ-1390","score_geology_only":70.3,"score_original":65.8,"top_pct_geology_only":11.7,"S":0.837,"D":0.882,"E":0.34,"I":0.555,"T":0.892,"R":0.5,"G":0.95,"dist_outline_km":6.6,"contact_class":"VERIFIED TARGET CONTACT (combined-unit top)","geo_conf":"Moderate-high","walk_start":"","source_zone_end":""}},{"type":"Feature","geometry":{"type":"Point","coordinates":[-83.7486,37.9209]},"properties":{"menifee_rank":121,"id":2909,"stream":"Unnamed hollow head, tributary to Hawkins Branch","quad":"Frenchburg","gq":"GQ-1390","score_geology_only":70.3,"score_original":65.7,"top_pct_geology_only":11.7,"S":0.984,"D":0.871,"E":0.263,"I":0.362,"T":0.91,"R":0.5,"G":0.95,"dist_outline_km":9.5,"contact_class":"VERIFIED TARGET CONTACT (combined-unit top)","geo_conf":"Moderate-high","walk_start":"","source_zone_end":""}},{"type":"Feature","geometry":{"type":"Point","coordinates":[-83.6494,37.9634]},"properties":{"menifee_rank":122,"id":1359,"stream":"Unnamed hollow head, tributary to Beaver Creek","quad":"Frenchburg","gq":"GQ-1390","score_geology_only":70.3,"score_original":61.9,"top_pct_geology_only":11.7,"S":1.0,"D":0.877,"E":0.105,"I":0.386,"T":0.98,"R":0.3,"G":0.95,"dist_outline_km":16.6,"contact_class":"VERIFIED TARGET CONTACT (combined-unit top)","geo_conf":"Moderate-high","walk_start":"","source_zone_end":""}},{"type":"Feature","geometry":{"type":"Point","coordinates":[-83.6299,37.9593]},"properties":{"menifee_rank":123,"id":5528,"stream":"Unnamed ravine / small hollow, tributary to Owens Branch","quad":"Frenchburg","gq":"GQ-1390","score_geology_only":70.2,"score_original":61.9,"top_pct_geology_only":11.9,"S":1.0,"D":0.728,"E":0.183,"I":0.532,"T":0.977,"R":0.3,"G":0.95,"dist_outline_km":17.1,"contact_class":"VERIFIED TARGET CONTACT (combined-unit top)","geo_conf":"Moderate-high","walk_start":"","source_zone_end":""}},{"type":"Feature","geometry":{"type":"Point","coordinates":[-83.7033,37.8789]},"properties":{"menifee_rank":124,"id":1371,"stream":"Unnamed hollow head, tributary to Spaas Creek","quad":"Frenchburg","gq":"GQ-1390","score_geology_only":70.0,"score_original":65.5,"top_pct_geology_only":12.3,"S":1.0,"D":0.765,"E":0.416,"I":0.343,"T":0.936,"R":0.5,"G":0.95,"dist_outline_km":6.1,"contact_class":"VERIFIED TARGET CONTACT (combined-unit top)","geo_conf":"Moderate-high","walk_start":"","source_zone_end":""}},{"type":"Feature","geometry":{"type":"Point","coordinates":[-83.5998,37.9656]},"properties":{"menifee_rank":125,"id":1057,"stream":"Unnamed hollow head, tributary to Beaver Creek","quad":"Scranton","gq":"GQ-1488","score_geology_only":70.0,"score_original":61.7,"top_pct_geology_only":12.4,"S":1.0,"D":0.79,"E":0.142,"I":0.511,"T":0.905,"R":0.3,"G":0.95,"dist_outline_km":19.0,"contact_class":"VERIFIED TARGET CONTACT (combined-unit top)","geo_conf":"Moderate-high","walk_start":"","source_zone_end":""}},{"type":"Feature","geometry":{"type":"Point","coordinates":[-83.6669,37.8877]},"properties":{"menifee_rank":126,"id":5297,"stream":"Unnamed ravine / small hollow, tributary to Indian Creek","quad":"Frenchburg","gq":"GQ-1390","score_geology_only":69.9,"score_original":65.4,"top_pct_geology_only":12.5,"S":1.0,"D":0.597,"E":0.48,"I":0.496,"T":0.97,"R":0.5,"G":0.95,"dist_outline_km":8.6,"contact_class":"VERIFIED TARGET CONTACT (combined-unit top)","geo_conf":"Moderate-high","walk_start":"","source_zone_end":""}},{"type":"Feature","geometry":{"type":"Point","coordinates":[-83.7178,37.8967]},"properties":{"menifee_rank":127,"id":3139,"stream":"Unnamed hollow head, tributary to Spaas Creek","quad":"Frenchburg","gq":"GQ-1390","score_geology_only":69.9,"score_original":65.4,"top_pct_geology_only":12.7,"S":0.78,"D":0.867,"E":0.396,"I":0.537,"T":1.0,"R":0.5,"G":0.95,"dist_outline_km":7.4,"contact_class":"VERIFIED TARGET CONTACT (combined-unit top)","geo_conf":"Moderate-high","walk_start":"","source_zone_end":""}},{"type":"Feature","geometry":{"type":"Point","coordinates":[-83.7069,37.9364]},"properties":{"menifee_rank":128,"id":1964,"stream":"Unnamed hollow head, tributary to Peter Trace","quad":"Frenchburg","gq":"GQ-1390","score_geology_only":69.9,"score_original":65.4,"top_pct_geology_only":12.7,"S":0.916,"D":0.885,"E":0.257,"I":0.421,"T":0.937,"R":0.5,"G":0.95,"dist_outline_km":11.9,"contact_class":"VERIFIED TARGET CONTACT (combined-unit top)","geo_conf":"Moderate-high","walk_start":"","source_zone_end":""}},{"type":"Feature","geometry":{"type":"Point","coordinates":[-83.6383,37.9589]},"properties":{"menifee_rank":129,"id":5024,"stream":"Unnamed ravine / small hollow, tributary to Beaver Creek","quad":"Frenchburg","gq":"GQ-1390","score_geology_only":69.9,"score_original":61.6,"top_pct_geology_only":12.8,"S":1.0,"D":0.7,"E":0.183,"I":0.541,"T":0.989,"R":0.3,"G":0.95,"dist_outline_km":16.6,"contact_class":"VERIFIED TARGET CONTACT (combined-unit top)","geo_conf":"Moderate-high","walk_start":"","source_zone_end":""}},{"type":"Feature","geometry":{"type":"Point","coordinates":[-83.7223,37.8934]},"properties":{"menifee_rank":130,"id":2125,"stream":"Unnamed hollow head, tributary to Short Creek","quad":"Frenchburg","gq":"GQ-1390","score_geology_only":69.9,"score_original":65.4,"top_pct_geology_only":12.8,"S":0.805,"D":0.878,"E":0.339,"I":0.566,"T":0.927,"R":0.5,"G":0.95,"dist_outline_km":7.0,"contact_class":"VERIFIED TARGET CONTACT (combined-unit top)","geo_conf":"Moderate-high","walk_start":"","source_zone_end":""}},{"type":"Feature","geometry":{"type":"Point","coordinates":[-83.7332,37.9137]},"properties":{"menifee_rank":131,"id":4735,"stream":"Unnamed ravine / small hollow, tributary to Hawkins Branch","quad":"Frenchburg","gq":"GQ-1390","score_geology_only":69.9,"score_original":65.4,"top_pct_geology_only":12.9,"S":0.893,"D":0.82,"E":0.277,"I":0.489,"T":1.0,"R":0.5,"G":0.95,"dist_outline_km":9.0,"contact_class":"VERIFIED TARGET CONTACT (combined-unit top)","geo_conf":"Moderate-high","walk_start":"","source_zone_end":""}},{"type":"Feature","geometry":{"type":"Point","coordinates":[-83.6449,37.949]},"properties":{"menifee_rank":132,"id":1361,"stream":"Unnamed hollow head, tributary to Beaver Creek","quad":"Frenchburg","gq":"GQ-1390","score_geology_only":69.9,"score_original":61.6,"top_pct_geology_only":12.9,"S":1.0,"D":0.874,"E":0.15,"I":0.323,"T":1.0,"R":0.3,"G":0.95,"dist_outline_km":15.4,"contact_class":"VERIFIED TARGET CONTACT (combined-unit top)","geo_conf":"Moderate-high","walk_start":"","source_zone_end":""}},{"type":"Feature","geometry":{"type":"Point","coordinates":[-83.7043,37.9383]},"properties":{"menifee_rank":133,"id":1264,"stream":"Unnamed hollow head, tributary to Peter Trace","quad":"Frenchburg","gq":"GQ-1390","score_geology_only":69.8,"score_original":65.3,"top_pct_geology_only":13.0,"S":0.914,"D":0.885,"E":0.256,"I":0.402,"T":0.963,"R":0.5,"G":0.95,"dist_outline_km":12.2,"contact_class":"VERIFIED TARGET CONTACT (combined-unit top)","geo_conf":"Moderate-high","walk_start":"","source_zone_end":""}},{"type":"Feature","geometry":{"type":"Point","coordinates":[-83.7375,37.9397]},"properties":{"menifee_rank":134,"id":2121,"stream":"Unnamed hollow head, tributary to Slate Creek","quad":"Frenchburg","gq":"GQ-1390","score_geology_only":69.8,"score_original":65.3,"top_pct_geology_only":13.1,"S":1.0,"D":0.913,"E":0.146,"I":0.431,"T":0.756,"R":0.5,"G":0.95,"dist_outline_km":11.7,"contact_class":"VERIFIED TARGET CONTACT (combined-unit top)","geo_conf":"Moderate-high","walk_start":"","source_zone_end":""}},{"type":"Feature","geometry":{"type":"Point","coordinates":[-83.7381,37.9295]},"properties":{"menifee_rank":135,"id":3962,"stream":"Unnamed hollow head, tributary to Hawkins Branch","quad":"Frenchburg","gq":"GQ-1390","score_geology_only":69.7,"score_original":65.3,"top_pct_geology_only":13.2,"S":0.987,"D":0.866,"E":0.261,"I":0.392,"T":0.824,"R":0.5,"G":0.95,"dist_outline_km":10.6,"contact_class":"VERIFIED TARGET CONTACT (combined-unit top)","geo_conf":"Moderate-high","walk_start":"","source_zone_end":""}},{"type":"Feature","geometry":{"type":"Point","coordinates":[-83.6735,37.8943]},"properties":{"menifee_rank":136,"id":6090,"stream":"Unnamed ravine / small hollow, tributary to Indian Creek","quad":"Frenchburg","gq":"GQ-1390","score_geology_only":69.7,"score_original":65.3,"top_pct_geology_only":13.2,"S":1.0,"D":0.589,"E":0.471,"I":0.517,"T":0.948,"R":0.5,"G":0.95,"dist_outline_km":8.9,"contact_class":"VERIFIED TARGET CONTACT (combined-unit top)","geo_conf":"Moderate-high","walk_start":"","source_zone_end":""}},{"type":"Feature","geometry":{"type":"Point","coordinates":[-83.6317,37.9576]},"properties":{"menifee_rank":137,"id":4758,"stream":"Unnamed ravine / small hollow, tributary to Owens Branch","quad":"Frenchburg","gq":"GQ-1390","score_geology_only":69.7,"score_original":61.5,"top_pct_geology_only":13.3,"S":1.0,"D":0.728,"E":0.183,"I":0.504,"T":0.976,"R":0.3,"G":0.95,"dist_outline_km":16.8,"contact_class":"VERIFIED TARGET CONTACT (combined-unit top)","geo_conf":"Moderate-high","walk_start":"","source_zone_end":""}},{"type":"Feature","geometry":{"type":"Point","coordinates":[-83.7109,37.8918]},"properties":{"menifee_rank":138,"id":846,"stream":"Unnamed hollow head, tributary to Spaas Creek","quad":"Frenchburg","gq":"GQ-1390","score_geology_only":69.7,"score_original":65.3,"top_pct_geology_only":13.4,"S":0.945,"D":0.807,"E":0.397,"I":0.367,"T":0.945,"R":0.5,"G":0.95,"dist_outline_km":7.1,"contact_class":"VERIFIED TARGET CONTACT (combined-unit top)","geo_conf":"Moderate-high","walk_start":"","source_zone_end":""}},{"type":"Feature","geometry":{"type":"Point","coordinates":[-83.5531,37.9717]},"properties":{"menifee_rank":139,"id":273,"stream":"Unnamed hollow head, tributary to Beaver Creek","quad":"Scranton","gq":"GQ-1488","score_geology_only":69.7,"score_original":61.4,"top_pct_geology_only":13.5,"S":1.0,"D":0.625,"E":0.153,"I":0.676,"T":0.95,"R":0.3,"G":0.95,"dist_outline_km":22.0,"contact_class":"VERIFIED TARGET CONTACT (combined-unit top)","geo_conf":"Moderate-high","walk_start":"","source_zone_end":""}},{"type":"Feature","geometry":{"type":"Point","coordinates":[-83.643,37.9589]},"properties":{"menifee_rank":140,"id":627,"stream":"Unnamed hollow head, tributary to Bet Cash Branch","quad":"Frenchburg","gq":"GQ-1390","score_geology_only":69.7,"score_original":61.4,"top_pct_geology_only":13.5,"S":1.0,"D":0.87,"E":0.138,"I":0.325,"T":1.0,"R":0.3,"G":0.95,"dist_outline_km":16.4,"contact_class":"VERIFIED TARGET CONTACT (combined-unit top)","geo_conf":"Moderate-high","walk_start":"","source_zone_end":""}},{"type":"Feature","geometry":{"type":"Point","coordinates":[-83.7011,37.9358]},"properties":{"menifee_rank":141,"id":4629,"stream":"Unnamed ravine / small hollow, tributary to Peter Trace","quad":"Frenchburg","gq":"GQ-1390","score_geology_only":69.6,"score_original":65.2,"top_pct_geology_only":13.6,"S":0.831,"D":0.883,"E":0.292,"I":0.485,"T":1.0,"R":0.5,"G":0.95,"dist_outline_km":12.0,"contact_class":"VERIFIED TARGET CONTACT (combined-unit top)","geo_conf":"Moderate-high","walk_start":"","source_zone_end":""}},{"type":"Feature","geometry":{"type":"Point","coordinates":[-83.7098,37.8827]},"properties":{"menifee_rank":142,"id":2261,"stream":"Unnamed hollow head, tributary to Spaas Creek","quad":"Frenchburg","gq":"GQ-1390","score_geology_only":69.6,"score_original":65.2,"top_pct_geology_only":13.7,"S":1.0,"D":0.761,"E":0.409,"I":0.325,"T":0.942,"R":0.5,"G":0.95,"dist_outline_km":6.2,"contact_class":"VERIFIED TARGET CONTACT (combined-unit top)","geo_conf":"Moderate-high","walk_start":"","source_zone_end":""}},{"type":"Feature","geometry":{"type":"Point","coordinates":[-83.7189,37.898]},"properties":{"menifee_rank":143,"id":4794,"stream":"Unnamed ravine / small hollow, tributary to Spaas Creek","quad":"Frenchburg","gq":"GQ-1390","score_geology_only":69.6,"score_original":65.2,"top_pct_geology_only":13.7,"S":0.78,"D":0.868,"E":0.396,"I":0.518,"T":1.0,"R":0.5,"G":0.95,"dist_outline_km":7.5,"contact_class":"VERIFIED TARGET CONTACT (combined-unit top)","geo_conf":"Moderate-high","walk_start":"","source_zone_end":""}},{"type":"Feature","geometry":{"type":"Point","coordinates":[-83.6805,37.8806]},"properties":{"menifee_rank":144,"id":5292,"stream":"Unnamed ravine / small hollow, tributary to Smallwood Branch","quad":"Frenchburg","gq":"GQ-1390","score_geology_only":69.6,"score_original":65.2,"top_pct_geology_only":13.7,"S":0.937,"D":0.522,"E":0.53,"I":0.646,"T":0.972,"R":0.5,"G":0.95,"dist_outline_km":7.3,"contact_class":"VERIFIED TARGET CONTACT (combined-unit top)","geo_conf":"Moderate-high","walk_start":"","source_zone_end":""}},{"type":"Feature","geometry":{"type":"Point","coordinates":[-83.7417,37.9183]},"properties":{"menifee_rank":145,"id":2869,"stream":"Unnamed hollow head, tributary to Hawkins Branch","quad":"Frenchburg","gq":"GQ-1390","score_geology_only":69.5,"score_original":65.2,"top_pct_geology_only":13.8,"S":0.984,"D":0.87,"E":0.263,"I":0.307,"T":0.933,"R":0.5,"G":0.95,"dist_outline_km":9.3,"contact_class":"VERIFIED TARGET CONTACT (combined-unit top)","geo_conf":"Moderate-high","walk_start":"","source_zone_end":""}},{"type":"Feature","geometry":{"type":"Point","coordinates":[-83.6862,37.8657]},"properties":{"menifee_rank":146,"id":6347,"stream":"Unnamed ravine / small hollow, tributary to Powder Mill Branch","quad":"Slade","gq":"GQ-1183","score_geology_only":69.5,"score_original":65.1,"top_pct_geology_only":13.9,"S":1.0,"D":0.52,"E":0.499,"I":0.568,"T":0.964,"R":0.5,"G":0.95,"dist_outline_km":5.6,"contact_class":"VERIFIED TARGET CONTACT (combined-unit top)","geo_conf":"Moderate-high","walk_start":"","source_zone_end":""}},{"type":"Feature","geometry":{"type":"Point","coordinates":[-83.7362,37.9121]},"properties":{"menifee_rank":147,"id":4543,"stream":"Unnamed ravine / small hollow, tributary to Hawkins Branch","quad":"Frenchburg","gq":"GQ-1390","score_geology_only":69.5,"score_original":65.1,"top_pct_geology_only":13.9,"S":0.877,"D":0.816,"E":0.278,"I":0.501,"T":1.0,"R":0.5,"G":0.95,"dist_outline_km":8.7,"contact_class":"VERIFIED TARGET CONTACT (combined-unit top)","geo_conf":"Moderate-high","walk_start":"","source_zone_end":""}},{"type":"Feature","geometry":{"type":"Point","coordinates":[-83.6863,37.8641]},"properties":{"menifee_rank":148,"id":1374,"stream":"Unnamed hollow head, tributary to Powder Mill Branch","quad":"Slade","gq":"GQ-1183","score_geology_only":69.5,"score_original":65.1,"top_pct_geology_only":13.9,"S":1.0,"D":0.52,"E":0.499,"I":0.585,"T":0.936,"R":0.5,"G":0.95,"dist_outline_km":5.5,"contact_class":"VERIFIED TARGET CONTACT (combined-unit top)","geo_conf":"Moderate-high","walk_start":"","source_zone_end":""}},{"type":"Feature","geometry":{"type":"Point","coordinates":[-83.6738,37.8764]},"properties":{"menifee_rank":149,"id":3743,"stream":"Unnamed hollow head, tributary to Leatherwood Fork","quad":"Frenchburg","gq":"GQ-1390","score_geology_only":69.5,"score_original":65.1,"top_pct_geology_only":14.0,"S":1.0,"D":0.555,"E":0.502,"I":0.512,"T":0.971,"R":0.5,"G":0.95,"dist_outline_km":7.2,"contact_class":"VERIFIED TARGET CONTACT (combined-unit top)","geo_conf":"Moderate-high","walk_start":"","source_zone_end":""}},{"type":"Feature","geometry":{"type":"Point","coordinates":[-83.6174,37.9473]},"properties":{"menifee_rank":150,"id":5280,"stream":"Unnamed ravine / small hollow, tributary to Beaver Creek","quad":"Scranton","gq":"GQ-1488","score_geology_only":69.4,"score_original":61.2,"top_pct_geology_only":14.2,"S":1.0,"D":0.706,"E":0.189,"I":0.495,"T":1.0,"R":0.3,"G":0.95,"dist_outline_km":16.5,"contact_class":"VERIFIED TARGET CONTACT (combined-unit top)","geo_conf":"Moderate-high","walk_start":"","source_zone_end":""}},{"type":"Feature","geometry":{"type":"Point","coordinates":[-83.6998,37.9363]},"properties":{"menifee_rank":151,"id":1362,"stream":"Unnamed hollow head, tributary to Peter Trace","quad":"Frenchburg","gq":"GQ-1390","score_geology_only":69.3,"score_original":64.9,"top_pct_geology_only":14.4,"S":0.831,"D":0.884,"E":0.292,"I":0.466,"T":1.0,"R":0.5,"G":0.95,"dist_outline_km":12.1,"contact_class":"VERIFIED TARGET CONTACT (combined-unit top)","geo_conf":"Moderate-high","walk_start":"","source_zone_end":""}},{"type":"Feature","geometry":{"type":"Point","coordinates":[-83.7114,37.9047]},"properties":{"menifee_rank":152,"id":6190,"stream":"Unnamed ravine / small hollow, tributary to Ringo Branch","quad":"Frenchburg","gq":"GQ-1390","score_geology_only":69.3,"score_original":64.9,"top_pct_geology_only":14.4,"S":0.75,"D":0.846,"E":0.393,"I":0.584,"T":1.0,"R":0.5,"G":0.95,"dist_outline_km":8.4,"contact_class":"VERIFIED TARGET CONTACT (combined-unit top)","geo_conf":"Moderate-high","walk_start":"","source_zone_end":""}},{"type":"Feature","geometry":{"type":"Point","coordinates":[-83.607,37.9543]},"properties":{"menifee_rank":153,"id":4022,"stream":"Unnamed hollow head, tributary to Tolan Creek","quad":"Scranton","gq":"GQ-1488","score_geology_only":69.2,"score_original":61.1,"top_pct_geology_only":14.6,"S":1.0,"D":0.718,"E":0.181,"I":0.475,"T":1.0,"R":0.3,"G":0.95,"dist_outline_km":17.6,"contact_class":"VERIFIED TARGET CONTACT (combined-unit top)","geo_conf":"Moderate-high","walk_start":"","source_zone_end":""}},{"type":"Feature","geometry":{"type":"Point","coordinates":[-83.6037,37.9618]},"properties":{"menifee_rank":154,"id":4407,"stream":"Unnamed hollow head, tributary to Trace Branch","quad":"Scranton","gq":"GQ-1488","score_geology_only":69.2,"score_original":61.1,"top_pct_geology_only":14.6,"S":1.0,"D":0.789,"E":0.144,"I":0.411,"T":0.99,"R":0.3,"G":0.95,"dist_outline_km":18.5,"contact_class":"VERIFIED TARGET CONTACT (combined-unit top)","geo_conf":"Moderate-high","walk_start":"","source_zone_end":""}},{"type":"Feature","geometry":{"type":"Point","coordinates":[-83.7413,37.94]},"properties":{"menifee_rank":155,"id":177,"stream":"Unnamed hollow head, tributary to Slate Creek","quad":"Frenchburg","gq":"GQ-1390","score_geology_only":69.2,"score_original":64.9,"top_pct_geology_only":14.7,"S":1.0,"D":0.908,"E":0.148,"I":0.41,"T":0.748,"R":0.5,"G":0.95,"dist_outline_km":11.7,"contact_class":"VERIFIED TARGET CONTACT (combined-unit top)","geo_conf":"Moderate-high","walk_start":"","source_zone_end":""}},{"type":"Feature","geometry":{"type":"Point","coordinates":[-83.6672,37.905]},"properties":{"menifee_rank":156,"id":2956,"stream":"Unnamed hollow head, tributary to Greenland Branch","quad":"Frenchburg","gq":"GQ-1390","score_geology_only":69.2,"score_original":64.9,"top_pct_geology_only":14.7,"S":1.0,"D":0.599,"E":0.455,"I":0.449,"T":1.0,"R":0.5,"G":0.95,"dist_outline_km":10.2,"contact_class":"VERIFIED TARGET CONTACT (combined-unit top)","geo_conf":"Moderate-high","walk_start":"","source_zone_end":""}},{"type":"Feature","geometry":{"type":"Point","coordinates":[-83.7371,37.9122]},"properties":{"menifee_rank":157,"id":1457,"stream":"Unnamed hollow head, tributary to Hawkins Branch","quad":"Frenchburg","gq":"GQ-1390","score_geology_only":69.1,"score_original":64.8,"top_pct_geology_only":14.8,"S":0.884,"D":0.823,"E":0.275,"I":0.461,"T":1.0,"R":0.5,"G":0.95,"dist_outline_km":8.7,"contact_class":"VERIFIED TARGET CONTACT (combined-unit top)","geo_conf":"Moderate-high","walk_start":"","source_zone_end":""}},{"type":"Feature","geometry":{"type":"Point","coordinates":[-83.6445,37.9491]},"properties":{"menifee_rank":158,"id":2464,"stream":"Unnamed hollow head, tributary to Beaver Creek","quad":"Frenchburg","gq":"GQ-1390","score_geology_only":69.1,"score_original":61.0,"top_pct_geology_only":15.0,"S":1.0,"D":0.874,"E":0.15,"I":0.279,"T":1.0,"R":0.3,"G":0.95,"dist_outline_km":15.4,"contact_class":"VERIFIED TARGET CONTACT (combined-unit top)","geo_conf":"Moderate-high","walk_start":"","source_zone_end":""}},{"type":"Feature","geometry":{"type":"Point","coordinates":[-83.7302,37.9129]},"properties":{"menifee_rank":159,"id":4143,"stream":"Unnamed hollow head, tributary to Hawkins Branch","quad":"Frenchburg","gq":"GQ-1390","score_geology_only":69.0,"score_original":64.7,"top_pct_geology_only":15.1,"S":0.884,"D":0.823,"E":0.275,"I":0.463,"T":0.988,"R":0.5,"G":0.95,"dist_outline_km":8.9,"contact_class":"VERIFIED TARGET CONTACT (combined-unit top)","geo_conf":"Moderate-high","walk_start":"","source_zone_end":""}},{"type":"Feature","geometry":{"type":"Point","coordinates":[-83.7094,37.8897]},"properties":{"menifee_rank":160,"id":181,"stream":"Unnamed hollow head, tributary to Spaas Creek","quad":"Frenchburg","gq":"GQ-1390","score_geology_only":69.0,"score_original":64.7,"top_pct_geology_only":15.1,"S":0.965,"D":0.826,"E":0.395,"I":0.278,"T":0.937,"R":0.5,"G":0.95,"dist_outline_km":6.9,"contact_class":"VERIFIED TARGET CONTACT (combined-unit top)","geo_conf":"Moderate-high","walk_start":"","source_zone_end":""}},{"type":"Feature","geometry":{"type":"Point","coordinates":[-83.5916,37.971]},"properties":{"menifee_rank":161,"id":172,"stream":"Unnamed hollow head, tributary to Beaver Creek","quad":"Scranton","gq":"GQ-1488","score_geology_only":69.0,"score_original":60.9,"top_pct_geology_only":15.2,"S":1.0,"D":0.793,"E":0.131,"I":0.459,"T":0.907,"R":0.3,"G":0.95,"dist_outline_km":19.9,"contact_class":"VERIFIED TARGET CONTACT (combined-unit top)","geo_conf":"Moderate-high","walk_start":"","source_zone_end":""}},{"type":"Feature","geometry":{"type":"Point","coordinates":[-83.6815,37.8813]},"properties":{"menifee_rank":162,"id":1275,"stream":"Smallwood Branch, tributary to Leatherwood Fork","quad":"Frenchburg","gq":"GQ-1390","score_geology_only":68.9,"score_original":64.6,"top_pct_geology_only":15.6,"S":0.932,"D":0.522,"E":0.522,"I":0.625,"T":0.966,"R":0.5,"G":0.95,"dist_outline_km":7.3,"contact_class":"VERIFIED TARGET CONTACT (combined-unit top)","geo_conf":"Moderate-high","walk_start":"","source_zone_end":""}},{"type":"Feature","geometry":{"type":"Point","coordinates":[-83.722,37.8939]},"properties":{"menifee_rank":163,"id":4119,"stream":"Unnamed hollow head, tributary to Short Creek","quad":"Frenchburg","gq":"GQ-1390","score_geology_only":68.9,"score_original":64.6,"top_pct_geology_only":15.6,"S":0.748,"D":0.883,"E":0.303,"I":0.613,"T":0.941,"R":0.5,"G":0.95,"dist_outline_km":7.0,"contact_class":"VERIFIED TARGET CONTACT (combined-unit top)","geo_conf":"Moderate-high","walk_start":"","source_zone_end":""}},{"type":"Feature","geometry":{"type":"Point","coordinates":[-83.6173,37.9478]},"properties":{"menifee_rank":164,"id":2908,"stream":"Unnamed hollow head, tributary to Beaver Creek","quad":"Scranton","gq":"GQ-1488","score_geology_only":68.9,"score_original":60.8,"top_pct_geology_only":15.7,"S":1.0,"D":0.706,"E":0.189,"I":0.465,"T":1.0,"R":0.3,"G":0.95,"dist_outline_km":16.6,"contact_class":"VERIFIED TARGET CONTACT (combined-unit top)","geo_conf":"Moderate-high","walk_start":"","source_zone_end":""}},{"type":"Feature","geometry":{"type":"Point","coordinates":[-83.6827,37.9302]},"properties":{"menifee_rank":165,"id":1726,"stream":"Unnamed hollow head, tributary to Coldiron Fork","quad":"Frenchburg","gq":"GQ-1390","score_geology_only":68.8,"score_original":64.6,"top_pct_geology_only":15.7,"S":0.803,"D":0.715,"E":0.484,"I":0.583,"T":1.0,"R":0.5,"G":0.95,"dist_outline_km":12.0,"contact_class":"VERIFIED TARGET CONTACT (combined-unit top)","geo_conf":"Moderate-high","walk_start":"","source_zone_end":""}},{"type":"Feature","geometry":{"type":"Point","coordinates":[-83.5589,37.97]},"properties":{"menifee_rank":166,"id":3090,"stream":"Unnamed hollow head, tributary to Beaver Creek","quad":"Scranton","gq":"GQ-1488","score_geology_only":68.8,"score_original":60.7,"top_pct_geology_only":15.9,"S":1.0,"D":0.625,"E":0.153,"I":0.603,"T":0.985,"R":0.3,"G":0.95,"dist_outline_km":21.5,"contact_class":"VERIFIED TARGET CONTACT (combined-unit top)","geo_conf":"Moderate-high","walk_start":"","source_zone_end":""}},{"type":"Feature","geometry":{"type":"Point","coordinates":[-83.6397,37.9472]},"properties":{"menifee_rank":167,"id":5111,"stream":"Unnamed ravine / small hollow, tributary to Beaver Creek","quad":"Frenchburg","gq":"GQ-1390","score_geology_only":68.7,"score_original":60.7,"top_pct_geology_only":16.0,"S":1.0,"D":0.7,"E":0.183,"I":0.468,"T":1.0,"R":0.3,"G":0.95,"dist_outline_km":15.5,"contact_class":"VERIFIED TARGET CONTACT (combined-unit top)","geo_conf":"Moderate-high","walk_start":"","source_zone_end":""}},{"type":"Feature","geometry":{"type":"Point","coordinates":[-83.642,37.9565]},"properties":{"menifee_rank":168,"id":1963,"stream":"Unnamed hollow head, tributary to Bet Cash Branch","quad":"Frenchburg","gq":"GQ-1390","score_geology_only":68.7,"score_original":60.7,"top_pct_geology_only":16.0,"S":1.0,"D":0.872,"E":0.139,"I":0.277,"T":0.986,"R":0.3,"G":0.95,"dist_outline_km":16.2,"contact_class":"VERIFIED TARGET CONTACT (combined-unit top)","geo_conf":"Moderate-high","walk_start":"","source_zone_end":""}},{"type":"Feature","geometry":{"type":"Point","coordinates":[-83.668,37.8969]},"properties":{"menifee_rank":169,"id":4457,"stream":"Unnamed hollow head, tributary to Indian Creek","quad":"Frenchburg","gq":"GQ-1390","score_geology_only":68.7,"score_original":64.4,"top_pct_geology_only":16.1,"S":1.0,"D":0.592,"E":0.467,"I":0.449,"T":0.958,"R":0.5,"G":0.95,"dist_outline_km":9.4,"contact_class":"VERIFIED TARGET CONTACT (combined-unit top)","geo_conf":"Moderate-high","walk_start":"","source_zone_end":""}},{"type":"Feature","geometry":{"type":"Point","coordinates":[-83.7112,37.8996]},"properties":{"menifee_rank":170,"id":283,"stream":"Unnamed hollow head, tributary to Spaas Creek","quad":"Frenchburg","gq":"GQ-1390","score_geology_only":68.6,"score_original":64.4,"top_pct_geology_only":16.3,"S":0.856,"D":0.754,"E":0.4,"I":0.487,"T":1.0,"R":0.5,"G":0.95,"dist_outline_km":7.9,"contact_class":"VERIFIED TARGET CONTACT (combined-unit top)","geo_conf":"Moderate-high","walk_start":"","source_zone_end":""}},{"type":"Feature","geometry":{"type":"Point","coordinates":[-83.6681,37.8908]},"properties":{"menifee_rank":171,"id":6824,"stream":"Cave Branch, tributary to Indian Creek","quad":"Frenchburg","gq":"GQ-1390","score_geology_only":68.6,"score_original":64.4,"top_pct_geology_only":16.3,"S":1.0,"D":0.596,"E":0.478,"I":0.418,"T":0.98,"R":0.5,"G":0.95,"dist_outline_km":8.8,"contact_class":"VERIFIED TARGET CONTACT (combined-unit top)","geo_conf":"Moderate-high","walk_start":"","source_zone_end":""}},{"type":"Feature","geometry":{"type":"Point","coordinates":[-83.56,37.967]},"properties":{"menifee_rank":172,"id":836,"stream":"Unnamed hollow head, tributary to Hog Branch","quad":"Scranton","gq":"GQ-1488","score_geology_only":68.5,"score_original":60.5,"top_pct_geology_only":16.5,"S":1.0,"D":0.629,"E":0.148,"I":0.579,"T":0.998,"R":0.3,"G":0.95,"dist_outline_km":21.2,"contact_class":"VERIFIED TARGET CONTACT (combined-unit top)","geo_conf":"Moderate-high","walk_start":"","source_zone_end":""}},{"type":"Feature","geometry":{"type":"Point","coordinates":[-83.7223,37.8951]},"properties":{"menifee_rank":173,"id":5290,"stream":"Unnamed ravine / small hollow, tributary to Short Creek","quad":"Frenchburg","gq":"GQ-1390","score_geology_only":68.5,"score_original":64.3,"top_pct_geology_only":16.6,"S":0.748,"D":0.883,"E":0.303,"I":0.586,"T":0.953,"R":0.5,"G":0.95,"dist_outline_km":7.1,"contact_class":"VERIFIED TARGET CONTACT (combined-unit top)","geo_conf":"Moderate-high","walk_start":"","source_zone_end":""}},{"type":"Feature","geometry":{"type":"Point","coordinates":[-83.6687,37.8941]},"properties":{"menifee_rank":174,"id":3872,"stream":"Unnamed hollow head, tributary to Indian Creek","quad":"Frenchburg","gq":"GQ-1390","score_geology_only":68.5,"score_original":64.3,"top_pct_geology_only":16.6,"S":1.0,"D":0.591,"E":0.473,"I":0.429,"T":0.972,"R":0.5,"G":0.95,"dist_outline_km":9.1,"contact_class":"VERIFIED TARGET CONTACT (combined-unit top)","geo_conf":"Moderate-high","walk_start":"","source_zone_end":""}},{"type":"Feature","geometry":{"type":"Point","coordinates":[-83.7106,37.8989]},"properties":{"menifee_rank":175,"id":1170,"stream":"Unnamed hollow head, tributary to Spaas Creek","quad":"Frenchburg","gq":"GQ-1390","score_geology_only":68.5,"score_original":64.3,"top_pct_geology_only":16.6,"S":0.856,"D":0.754,"E":0.4,"I":0.487,"T":0.992,"R":0.5,"G":0.95,"dist_outline_km":7.8,"contact_class":"VERIFIED TARGET CONTACT (combined-unit top)","geo_conf":"Moderate-high","walk_start":"","source_zone_end":""}},{"type":"Feature","geometry":{"type":"Point","coordinates":[-83.6879,37.8646]},"properties":{"menifee_rank":176,"id":3207,"stream":"Unnamed hollow head, tributary to Powder Mill Branch","quad":"Slade","gq":"GQ-1183","score_geology_only":68.5,"score_original":64.3,"top_pct_geology_only":16.7,"S":1.0,"D":0.52,"E":0.499,"I":0.533,"T":0.931,"R":0.5,"G":0.95,"dist_outline_km":5.4,"contact_class":"VERIFIED TARGET CONTACT (combined-unit top)","geo_conf":"Moderate-high","walk_start":"","source_zone_end":""}},{"type":"Feature","geometry":{"type":"Point","coordinates":[-83.7226,37.8995]},"properties":{"menifee_rank":177,"id":5712,"stream":"Unnamed ravine / small hollow, tributary to Ringo Branch","quad":"Frenchburg","gq":"GQ-1390","score_geology_only":68.5,"score_original":64.3,"top_pct_geology_only":16.7,"S":0.753,"D":0.846,"E":0.391,"I":0.536,"T":1.0,"R":0.5,"G":0.95,"dist_outline_km":7.6,"contact_class":"VERIFIED TARGET CONTACT (combined-unit top)","geo_conf":"Moderate-high","walk_start":"","source_zone_end":""}},{"type":"Feature","geometry":{"type":"Point","coordinates":[-83.6237,37.9608]},"properties":{"menifee_rank":178,"id":3432,"stream":"Unnamed hollow head, tributary to Beaver Creek","quad":"Scranton","gq":"GQ-1488","score_geology_only":68.5,"score_original":60.5,"top_pct_geology_only":16.7,"S":1.0,"D":0.728,"E":0.181,"I":0.45,"T":0.956,"R":0.3,"G":0.95,"dist_outline_km":17.5,"contact_class":"VERIFIED TARGET CONTACT (combined-unit top)","geo_conf":"Moderate-high","walk_start":"","source_zone_end":""}},{"type":"Feature","geometry":{"type":"Point","coordinates":[-83.7142,37.9064]},"properties":{"menifee_rank":179,"id":5794,"stream":"Unnamed ravine / small hollow, tributary to Spaas Creek","quad":"Frenchburg","gq":"GQ-1390","score_geology_only":68.4,"score_original":64.2,"top_pct_geology_only":17.0,"S":0.73,"D":0.843,"E":0.392,"I":0.571,"T":1.0,"R":0.5,"G":0.95,"dist_outline_km":8.5,"contact_class":"VERIFIED TARGET CONTACT (combined-unit top)","geo_conf":"Moderate-high","walk_start":"","source_zone_end":""}},{"type":"Feature","geometry":{"type":"Point","coordinates":[-83.6769,37.8808]},"properties":{"menifee_rank":180,"id":1370,"stream":"Unnamed hollow head, tributary to Smallwood Branch","quad":"Frenchburg","gq":"GQ-1390","score_geology_only":68.4,"score_original":64.2,"top_pct_geology_only":17.0,"S":0.942,"D":0.526,"E":0.535,"I":0.554,"T":0.985,"R":0.5,"G":0.95,"dist_outline_km":7.5,"contact_class":"VERIFIED TARGET CONTACT (combined-unit top)","geo_conf":"Moderate-high","walk_start":"","source_zone_end":""}},{"type":"Feature","geometry":{"type":"Point","coordinates":[-83.6999,37.9455]},"properties":{"menifee_rank":181,"id":2655,"stream":"Unnamed hollow head, tributary to Peter Trace","quad":"Frenchburg","gq":"GQ-1390","score_geology_only":68.4,"score_original":64.2,"top_pct_geology_only":17.0,"S":0.833,"D":0.876,"E":0.293,"I":0.45,"T":0.955,"R":0.5,"G":0.95,"dist_outline_km":13.1,"contact_class":"VERIFIED TARGET CONTACT (combined-unit top)","geo_conf":"Moderate-high","walk_start":"","source_zone_end":""}},{"type":"Feature","geometry":{"type":"Point","coordinates":[-83.7148,37.9061]},"properties":{"menifee_rank":182,"id":1167,"stream":"Unnamed hollow head, tributary to Spaas Creek","quad":"Frenchburg","gq":"GQ-1390","score_geology_only":68.4,"score_original":64.2,"top_pct_geology_only":17.0,"S":0.73,"D":0.842,"E":0.392,"I":0.571,"T":1.0,"R":0.5,"G":0.95,"dist_outline_km":8.5,"contact_class":"VERIFIED TARGET CONTACT (combined-unit top)","geo_conf":"Moderate-high","walk_start":"","source_zone_end":""}},{"type":"Feature","geometry":{"type":"Point","coordinates":[-83.7129,37.894]},"properties":{"menifee_rank":183,"id":3205,"stream":"Unnamed hollow head, tributary to Spaas Creek","quad":"Frenchburg","gq":"GQ-1390","score_geology_only":68.4,"score_original":64.2,"top_pct_geology_only":17.0,"S":0.882,"D":0.768,"E":0.4,"I":0.459,"T":0.928,"R":0.5,"G":0.95,"dist_outline_km":7.2,"contact_class":"VERIFIED TARGET CONTACT (combined-unit top)","geo_conf":"Moderate-high","walk_start":"","source_zone_end":""}},{"type":"Feature","geometry":{"type":"Point","coordinates":[-83.6111,37.9567]},"properties":{"menifee_rank":184,"id":4290,"stream":"Unnamed hollow head, tributary to Tolan Creek","quad":"Scranton","gq":"GQ-1488","score_geology_only":68.4,"score_original":60.4,"top_pct_geology_only":17.0,"S":1.0,"D":0.725,"E":0.18,"I":0.419,"T":0.999,"R":0.3,"G":0.95,"dist_outline_km":17.7,"contact_class":"VERIFIED TARGET CONTACT (combined-unit top)","geo_conf":"Moderate-high","walk_start":"","source_zone_end":""}},{"type":"Feature","geometry":{"type":"Point","coordinates":[-83.6424,37.9714]},"properties":{"menifee_rank":185,"id":2586,"stream":"Unnamed hollow head, tributary to Stonequarry Creek","quad":"Frenchburg","gq":"GQ-1390","score_geology_only":68.4,"score_original":60.4,"top_pct_geology_only":17.0,"S":0.733,"D":0.938,"E":0.059,"I":0.706,"T":0.931,"R":0.3,"G":0.95,"dist_outline_km":17.6,"contact_class":"VERIFIED TARGET CONTACT (combined-unit top)","geo_conf":"Moderate-high","walk_start":"","source_zone_end":""}},{"type":"Feature","geometry":{"type":"Point","coordinates":[-83.6428,37.9556]},"properties":{"menifee_rank":186,"id":628,"stream":"Unnamed hollow head, tributary to Bet Cash Branch","quad":"Frenchburg","gq":"GQ-1390","score_geology_only":68.3,"score_original":60.3,"top_pct_geology_only":17.2,"S":1.0,"D":0.873,"E":0.141,"I":0.244,"T":1.0,"R":0.3,"G":0.95,"dist_outline_km":16.1,"contact_class":"VERIFIED TARGET CONTACT (combined-unit top)","geo_conf":"Moderate-high","walk_start":"","source_zone_end":""}},{"type":"Feature","geometry":{"type":"Point","coordinates":[-83.6712,37.9173]},"properties":{"menifee_rank":187,"id":3396,"stream":"Unnamed hollow head, tributary to Indian Creek","quad":"Frenchburg","gq":"GQ-1390","score_geology_only":68.3,"score_original":64.1,"top_pct_geology_only":17.3,"S":1.0,"D":0.627,"E":0.426,"I":0.393,"T":0.982,"R":0.5,"G":0.95,"dist_outline_km":11.2,"contact_class":"VERIFIED TARGET CONTACT (combined-unit top)","geo_conf":"Moderate-high","walk_start":"","source_zone_end":""}},{"type":"Feature","geometry":{"type":"Point","coordinates":[-83.6773,37.9234]},"properties":{"menifee_rank":188,"id":1165,"stream":"Unnamed hollow head, tributary to Haunted Cave Branch","quad":"Frenchburg","gq":"GQ-1390","score_geology_only":68.3,"score_original":64.1,"top_pct_geology_only":17.5,"S":1.0,"D":0.64,"E":0.413,"I":0.402,"T":0.953,"R":0.5,"G":0.95,"dist_outline_km":11.5,"contact_class":"VERIFIED TARGET CONTACT (combined-unit top)","geo_conf":"Moderate-high","walk_start":"","source_zone_end":""}},{"type":"Feature","geometry":{"type":"Point","coordinates":[-83.6107,37.9597]},"properties":{"menifee_rank":189,"id":3433,"stream":"Unnamed hollow head, tributary to Beaver Creek","quad":"Scranton","gq":"GQ-1488","score_geology_only":68.3,"score_original":60.3,"top_pct_geology_only":17.5,"S":1.0,"D":0.743,"E":0.17,"I":0.428,"T":0.95,"R":0.3,"G":0.95,"dist_outline_km":18.0,"contact_class":"VERIFIED TARGET CONTACT (combined-unit top)","geo_conf":"Moderate-high","walk_start":"","source_zone_end":""}},{"type":"Feature","geometry":{"type":"Point","coordinates":[-83.7115,37.9043]},"properties":{"menifee_rank":190,"id":7,"stream":"Unnamed hollow head, tributary to Spaas Creek","quad":"Frenchburg","gq":"GQ-1390","score_geology_only":68.3,"score_original":64.1,"top_pct_geology_only":17.6,"S":0.75,"D":0.846,"E":0.393,"I":0.525,"T":1.0,"R":0.5,"G":0.95,"dist_outline_km":8.4,"contact_class":"VERIFIED TARGET CONTACT (combined-unit top)","geo_conf":"Moderate-high","walk_start":"","source_zone_end":""}},{"type":"Feature","geometry":{"type":"Point","coordinates":[-83.6389,37.947]},"properties":{"menifee_rank":191,"id":504,"stream":"Unnamed hollow head, tributary to Beaver Creek","quad":"Frenchburg","gq":"GQ-1390","score_geology_only":68.2,"score_original":60.3,"top_pct_geology_only":17.7,"S":1.0,"D":0.7,"E":0.183,"I":0.442,"T":1.0,"R":0.3,"G":0.95,"dist_outline_km":15.5,"contact_class":"VERIFIED TARGET CONTACT (combined-unit top)","geo_conf":"Moderate-high","walk_start":"","source_zone_end":""}},{"type":"Feature","geometry":{"type":"Point","coordinates":[-83.7402,37.9129]},"properties":{"menifee_rank":192,"id":1643,"stream":"Unnamed hollow head, tributary to Hawkins Branch","quad":"Frenchburg","gq":"GQ-1390","score_geology_only":68.2,"score_original":64.0,"top_pct_geology_only":17.8,"S":0.884,"D":0.823,"E":0.275,"I":0.407,"T":1.0,"R":0.5,"G":0.95,"dist_outline_km":8.7,"contact_class":"VERIFIED TARGET CONTACT (combined-unit top)","geo_conf":"Moderate-high","walk_start":"","source_zone_end":""}},{"type":"Feature","geometry":{"type":"Point","coordinates":[-83.5735,37.9562]},"properties":{"menifee_rank":193,"id":6283,"stream":"Unnamed ravine / small hollow, tributary to Clifton Creek","quad":"Scranton","gq":"GQ-1488","score_geology_only":68.2,"score_original":60.2,"top_pct_geology_only":17.9,"S":1.0,"D":0.5,"E":0.213,"I":0.684,"T":1.0,"R":0.3,"G":0.95,"dist_outline_km":19.5,"contact_class":"VERIFIED TARGET CONTACT (combined-unit top)","geo_conf":"Moderate-high","walk_start":"","source_zone_end":""}},{"type":"Feature","geometry":{"type":"Point","coordinates":[-83.6071,37.955]},"properties":{"menifee_rank":194,"id":5289,"stream":"Unnamed ravine / small hollow, tributary to Tolan Creek","quad":"Scranton","gq":"GQ-1488","score_geology_only":68.1,"score_original":60.2,"top_pct_geology_only":18.0,"S":1.0,"D":0.718,"E":0.181,"I":0.414,"T":1.0,"R":0.3,"G":0.95,"dist_outline_km":17.7,"contact_class":"VERIFIED TARGET CONTACT (combined-unit top)","geo_conf":"Moderate-high","walk_start":"","source_zone_end":""}},{"type":"Feature","geometry":{"type":"Point","coordinates":[-83.6688,37.8944]},"properties":{"menifee_rank":195,"id":89,"stream":"Unnamed hollow head, tributary to Indian Creek","quad":"Frenchburg","gq":"GQ-1390","score_geology_only":68.1,"score_original":64.0,"top_pct_geology_only":18.0,"S":1.0,"D":0.59,"E":0.473,"I":0.416,"T":0.96,"R":0.5,"G":0.95,"dist_outline_km":9.1,"contact_class":"VERIFIED TARGET CONTACT (combined-unit top)","geo_conf":"Moderate-high","walk_start":"","source_zone_end":""}},{"type":"Feature","geometry":{"type":"Point","coordinates":[-83.6772,37.8807]},"properties":{"menifee_rank":196,"id":4007,"stream":"Unnamed hollow head, tributary to Smallwood Branch","quad":"Frenchburg","gq":"GQ-1390","score_geology_only":68.1,"score_original":64.0,"top_pct_geology_only":18.1,"S":0.942,"D":0.526,"E":0.535,"I":0.559,"T":0.955,"R":0.5,"G":0.95,"dist_outline_km":7.4,"contact_class":"VERIFIED TARGET CONTACT (combined-unit top)","geo_conf":"Moderate-high","walk_start":"","source_zone_end":""}},{"type":"Feature","geometry":{"type":"Point","coordinates":[-83.7077,37.9543]},"properties":{"menifee_rank":197,"id":838,"stream":"Unnamed hollow head, tributary to Bull Fork","quad":"Frenchburg","gq":"GQ-1390","score_geology_only":68.1,"score_original":64.0,"top_pct_geology_only":18.1,"S":1.0,"D":0.957,"E":0.086,"I":0.245,"T":0.868,"R":0.5,"G":0.95,"dist_outline_km":13.8,"contact_class":"VERIFIED TARGET CONTACT (combined-unit top)","geo_conf":"Moderate-high","walk_start":"","source_zone_end":""}},{"type":"Feature","geometry":{"type":"Point","coordinates":[-83.6991,37.9392]},"properties":{"menifee_rank":198,"id":2465,"stream":"Unnamed hollow head, tributary to Peter Trace","quad":"Frenchburg","gq":"GQ-1390","score_geology_only":68.1,"score_original":64.0,"top_pct_geology_only":18.1,"S":0.831,"D":0.883,"E":0.292,"I":0.401,"T":0.998,"R":0.5,"G":0.95,"dist_outline_km":12.4,"contact_class":"VERIFIED TARGET CONTACT (combined-unit top)","geo_conf":"Moderate-high","walk_start":"","source_zone_end":""}},{"type":"Feature","geometry":{"type":"Point","coordinates":[-83.684,37.9307]},"properties":{"menifee_rank":199,"id":6989,"stream":"Unnamed branch, tributary to Coldiron Fork","quad":"Frenchburg","gq":"GQ-1390","score_geology_only":68.1,"score_original":64.0,"top_pct_geology_only":18.1,"S":0.801,"D":0.712,"E":0.484,"I":0.549,"T":1.0,"R":0.5,"G":0.95,"dist_outline_km":12.0,"contact_class":"VERIFIED TARGET CONTACT (combined-unit top)","geo_conf":"Moderate-high","walk_start":"","source_zone_end":""}},{"type":"Feature","geometry":{"type":"Point","coordinates":[-83.6852,37.8846]},"properties":{"menifee_rank":200,"id":518,"stream":"Mill Seat Branch, tributary to Leatherwood Fork","quad":"Frenchburg","gq":"GQ-1390","score_geology_only":68.1,"score_original":63.9,"top_pct_geology_only":18.2,"S":0.898,"D":0.517,"E":0.496,"I":0.639,"T":0.999,"R":0.5,"G":0.95,"dist_outline_km":7.5,"contact_class":"VERIFIED TARGET CONTACT (combined-unit top)","geo_conf":"Moderate-high","walk_start":"","source_zone_end":""}},{"type":"Feature","geometry":{"type":"Point","coordinates":[-83.6734,37.8918]},"properties":{"menifee_rank":201,"id":4295,"stream":"Unnamed hollow head, tributary to Indian Creek","quad":"Frenchburg","gq":"GQ-1390","score_geology_only":68.0,"score_original":63.9,"top_pct_geology_only":18.4,"S":1.0,"D":0.593,"E":0.475,"I":0.43,"T":0.921,"R":0.5,"G":0.95,"dist_outline_km":8.7,"contact_class":"VERIFIED TARGET CONTACT (combined-unit top)","geo_conf":"Moderate-high","walk_start":"","source_zone_end":""}},{"type":"Feature","geometry":{"type":"Point","coordinates":[-83.6775,37.9236]},"properties":{"menifee_rank":202,"id":2657,"stream":"Unnamed hollow head, tributary to Haunted Cave Branch","quad":"Frenchburg","gq":"GQ-1390","score_geology_only":68.0,"score_original":63.9,"top_pct_geology_only":18.4,"S":1.0,"D":0.64,"E":0.413,"I":0.398,"T":0.935,"R":0.5,"G":0.95,"dist_outline_km":11.5,"contact_class":"VERIFIED TARGET CONTACT (combined-unit top)","geo_conf":"Moderate-high","walk_start":"","source_zone_end":""}},{"type":"Feature","geometry":{"type":"Point","coordinates":[-83.6575,37.8674]},"properties":{"menifee_rank":203,"id":6085,"stream":"Unnamed ravine / small hollow, tributary to East Fork Indian Creek","quad":"Slade","gq":"GQ-1183","score_geology_only":68.0,"score_original":63.9,"top_pct_geology_only":18.4,"S":1.0,"D":0.229,"E":0.574,"I":0.824,"T":0.957,"R":0.5,"G":0.95,"dist_outline_km":7.2,"contact_class":"VERIFIED TARGET CONTACT (combined-unit top)","geo_conf":"Moderate-high","walk_start":"","source_zone_end":""}},{"type":"Feature","geometry":{"type":"Point","coordinates":[-83.6225,37.9432]},"properties":{"menifee_rank":204,"id":4672,"stream":"Unnamed ravine / small hollow, tributary to Blythes Branch","quad":"Scranton","gq":"GQ-1488","score_geology_only":67.9,"score_original":60.0,"top_pct_geology_only":18.6,"S":1.0,"D":0.704,"E":0.19,"I":0.414,"T":1.0,"R":0.3,"G":0.95,"dist_outline_km":15.9,"contact_class":"VERIFIED TARGET CONTACT (combined-unit top)","geo_conf":"Moderate-high","walk_start":"","source_zone_end":""}},{"type":"Feature","geometry":{"type":"Point","coordinates":[-83.6631,37.861]},"properties":{"menifee_rank":205,"id":6621,"stream":"Unnamed ravine / small hollow, tributary to Kelley Branch","quad":"Slade","gq":"GQ-1183","score_geology_only":67.9,"score_original":63.8,"top_pct_geology_only":18.6,"S":1.0,"D":0.242,"E":0.57,"I":0.798,"T":0.968,"R":0.5,"G":0.95,"dist_outline_km":6.3,"contact_class":"VERIFIED TARGET CONTACT (combined-unit top)","geo_conf":"Moderate-high","walk_start":"","source_zone_end":""}},{"type":"Feature","geometry":{"type":"Point","coordinates":[-83.6825,37.9154]},"properties":{"menifee_rank":206,"id":3203,"stream":"Unnamed hollow head, tributary to Myers Fork","quad":"Frenchburg","gq":"GQ-1390","score_geology_only":67.9,"score_original":63.8,"top_pct_geology_only":18.6,"S":0.854,"D":0.702,"E":0.336,"I":0.562,"T":1.0,"R":0.5,"G":0.95,"dist_outline_km":10.5,"contact_class":"VERIFIED TARGET CONTACT (combined-unit top)","geo_conf":"Moderate-high","walk_start":"","source_zone_end":""}},{"type":"Feature","geometry":{"type":"Point","coordinates":[-83.616,37.9521]},"properties":{"menifee_rank":207,"id":1544,"stream":"Unnamed hollow head, tributary to Tolan Creek","quad":"Scranton","gq":"GQ-1488","score_geology_only":67.9,"score_original":60.0,"top_pct_geology_only":18.7,"S":1.0,"D":0.729,"E":0.181,"I":0.385,"T":1.0,"R":0.3,"G":0.95,"dist_outline_km":17.0,"contact_class":"VERIFIED TARGET CONTACT (combined-unit top)","geo_conf":"Moderate-high","walk_start":"","source_zone_end":""}},{"type":"Feature","geometry":{"type":"Point","coordinates":[-83.6694,37.9332]},"properties":{"menifee_rank":208,"id":4700,"stream":"Unnamed ravine / small hollow, tributary to Susans Branch","quad":"Frenchburg","gq":"GQ-1390","score_geology_only":67.8,"score_original":63.8,"top_pct_geology_only":18.8,"S":0.953,"D":0.582,"E":0.45,"I":0.478,"T":1.0,"R":0.5,"G":0.95,"dist_outline_km":12.8,"contact_class":"VERIFIED TARGET CONTACT (combined-unit top)","geo_conf":"Moderate-high","walk_start":"","source_zone_end":""}},{"type":"Feature","geometry":{"type":"Point","coordinates":[-83.7104,37.8986]},"properties":{"menifee_rank":209,"id":513,"stream":"Unnamed hollow head, tributary to Spaas Creek","quad":"Frenchburg","gq":"GQ-1390","score_geology_only":67.8,"score_original":63.7,"top_pct_geology_only":18.8,"S":0.856,"D":0.754,"E":0.4,"I":0.457,"T":0.98,"R":0.5,"G":0.95,"dist_outline_km":7.8,"contact_class":"VERIFIED TARGET CONTACT (combined-unit top)","geo_conf":"Moderate-high","walk_start":"","source_zone_end":""}},{"type":"Feature","geometry":{"type":"Point","coordinates":[-83.6297,37.945]},"properties":{"menifee_rank":210,"id":2537,"stream":"Unnamed hollow head, tributary to Adams Creek","quad":"Frenchburg","gq":"GQ-1390","score_geology_only":67.8,"score_original":60.0,"top_pct_geology_only":18.8,"S":1.0,"D":0.7,"E":0.184,"I":0.419,"T":1.0,"R":0.3,"G":0.95,"dist_outline_km":15.7,"contact_class":"VERIFIED TARGET CONTACT (combined-unit top)","geo_conf":"Moderate-high","walk_start":"","source_zone_end":""}},{"type":"Feature","geometry":{"type":"Point","coordinates":[-83.7267,37.9122]},"properties":{"menifee_rank":211,"id":1644,"stream":"Unnamed hollow head, tributary to Hawkins Branch","quad":"Frenchburg","gq":"GQ-1390","score_geology_only":67.8,"score_original":63.8,"top_pct_geology_only":18.9,"S":0.867,"D":0.801,"E":0.276,"I":0.461,"T":0.974,"R":0.5,"G":0.95,"dist_outline_km":8.9,"contact_class":"VERIFIED TARGET CONTACT (combined-unit top)","geo_conf":"Moderate-high","walk_start":"","source_zone_end":""}},{"type":"Feature","geometry":{"type":"Point","coordinates":[-83.6856,37.8844]},"properties":{"menifee_rank":212,"id":6875,"stream":"Mill Seat Branch, tributary to Leatherwood Fork","quad":"Frenchburg","gq":"GQ-1390","score_geology_only":67.8,"score_original":63.7,"top_pct_geology_only":19.0,"S":0.898,"D":0.517,"E":0.496,"I":0.638,"T":0.977,"R":0.5,"G":0.95,"dist_outline_km":7.4,"contact_class":"VERIFIED TARGET CONTACT (combined-unit top)","geo_conf":"Moderate-high","walk_start":"","source_zone_end":""}},{"type":"Feature","geometry":{"type":"Point","coordinates":[-83.5897,37.9813]},"properties":{"menifee_rank":213,"id":2583,"stream":"Unnamed hollow head, tributary to Beaver Creek","quad":"Scranton","gq":"GQ-1488","score_geology_only":67.8,"score_original":59.9,"top_pct_geology_only":19.1,"S":1.0,"D":0.801,"E":0.133,"I":0.402,"T":0.868,"R":0.3,"G":0.95,"dist_outline_km":21.0,"contact_class":"VERIFIED TARGET CONTACT (combined-unit top)","geo_conf":"Moderate-high","walk_start":"","source_zone_end":""}},{"type":"Feature","geometry":{"type":"Point","coordinates":[-83.7133,37.9012]},"properties":{"menifee_rank":214,"id":1646,"stream":"Unnamed hollow head, tributary to Spaas Creek","quad":"Frenchburg","gq":"GQ-1390","score_geology_only":67.7,"score_original":63.7,"top_pct_geology_only":19.1,"S":0.781,"D":0.866,"E":0.395,"I":0.417,"T":1.0,"R":0.5,"G":0.95,"dist_outline_km":8.0,"contact_class":"VERIFIED TARGET CONTACT (combined-unit top)","geo_conf":"Moderate-high","walk_start":"","source_zone_end":""}},{"type":"Feature","geometry":{"type":"Point","coordinates":[-83.7074,37.9515]},"properties":{"menifee_rank":215,"id":3238,"stream":"Unnamed hollow head, tributary to Peter Trace","quad":"Frenchburg","gq":"GQ-1390","score_geology_only":67.7,"score_original":63.7,"top_pct_geology_only":19.4,"S":0.831,"D":0.883,"E":0.292,"I":0.378,"T":1.0,"R":0.5,"G":0.95,"dist_outline_km":13.5,"contact_class":"VERIFIED TARGET CONTACT (combined-unit top)","geo_conf":"Moderate-high","walk_start":"","source_zone_end":""}},{"type":"Feature","geometry":{"type":"Point","coordinates":[-83.6291,37.9459]},"properties":{"menifee_rank":216,"id":3353,"stream":"Unnamed hollow head, tributary to Adams Creek","quad":"Frenchburg","gq":"GQ-1390","score_geology_only":67.6,"score_original":59.8,"top_pct_geology_only":19.7,"S":1.0,"D":0.7,"E":0.183,"I":0.408,"T":1.0,"R":0.3,"G":0.95,"dist_outline_km":15.8,"contact_class":"VERIFIED TARGET CONTACT (combined-unit top)","geo_conf":"Moderate-high","walk_start":"","source_zone_end":""}},{"type":"Feature","geometry":{"type":"Point","coordinates":[-83.7351,37.9244]},"properties":{"menifee_rank":217,"id":2592,"stream":"Unnamed hollow head, tributary to Hawkins Branch","quad":"Frenchburg","gq":"GQ-1390","score_geology_only":67.6,"score_original":63.6,"top_pct_geology_only":19.8,"S":0.97,"D":0.875,"E":0.268,"I":0.242,"T":0.888,"R":0.5,"G":0.95,"dist_outline_km":10.1,"contact_class":"VERIFIED TARGET CONTACT (combined-unit top)","geo_conf":"Moderate-high","walk_start":"","source_zone_end":""}},{"type":"Feature","geometry":{"type":"Point","coordinates":[-83.7243,37.9027]},"properties":{"menifee_rank":218,"id":6236,"stream":"Ringo Branch, tributary to Spaas Creek","quad":"Frenchburg","gq":"GQ-1390","score_geology_only":67.6,"score_original":63.6,"top_pct_geology_only":19.8,"S":0.728,"D":0.841,"E":0.392,"I":0.533,"T":1.0,"R":0.5,"G":0.95,"dist_outline_km":7.9,"contact_class":"VERIFIED TARGET CONTACT (combined-unit top)","geo_conf":"Moderate-high","walk_start":"","source_zone_end":""}},{"type":"Feature","geometry":{"type":"Point","coordinates":[-83.7526,37.9056]},"properties":{"menifee_rank":219,"id":6,"stream":"Unnamed hollow head, tributary to Right Fork Cane Creek","quad":"Means","gq":"GQ-1324","score_geology_only":67.6,"score_original":63.6,"top_pct_geology_only":19.8,"S":0.926,"D":0.91,"E":0.298,"I":0.278,"T":0.842,"R":0.5,"G":0.95,"dist_outline_km":7.8,"contact_class":"VERIFIED TARGET CONTACT (combined-unit top)","geo_conf":"Moderate-high","walk_start":"","source_zone_end":""}},{"type":"Feature","geometry":{"type":"Point","coordinates":[-83.7115,37.9]},"properties":{"menifee_rank":220,"id":4107,"stream":"Unnamed hollow head, tributary to Spaas Creek","quad":"Frenchburg","gq":"GQ-1390","score_geology_only":67.6,"score_original":63.6,"top_pct_geology_only":20.0,"S":0.852,"D":0.747,"E":0.399,"I":0.46,"T":0.978,"R":0.5,"G":0.95,"dist_outline_km":7.9,"contact_class":"VERIFIED TARGET CONTACT (combined-unit top)","geo_conf":"Moderate-high","walk_start":"","source_zone_end":""}},{"type":"Feature","geometry":{"type":"Point","coordinates":[-83.6858,37.9676]},"properties":{"menifee_rank":221,"id":3847,"stream":"Unnamed hollow head, tributary to Dog Trot Fork","quad":"Frenchburg","gq":"GQ-1390","score_geology_only":67.6,"score_original":59.8,"top_pct_geology_only":20.0,"S":0.833,"D":0.947,"E":0.027,"I":0.46,"T":0.996,"R":0.3,"G":0.95,"dist_outline_km":15.8,"contact_class":"VERIFIED TARGET CONTACT (combined-unit top)","geo_conf":"Moderate-high","walk_start":"","source_zone_end":""}},{"type":"Feature","geometry":{"type":"Point","coordinates":[-83.7033,37.9644]},"properties":{"menifee_rank":222,"id":4001,"stream":"Unnamed hollow head, tributary to Bull Fork","quad":"Frenchburg","gq":"GQ-1390","score_geology_only":67.5,"score_original":59.7,"top_pct_geology_only":20.1,"S":0.849,"D":0.903,"E":0.103,"I":0.505,"T":0.897,"R":0.3,"G":0.95,"dist_outline_km":15.0,"contact_class":"VERIFIED TARGET CONTACT (combined-unit top)","geo_conf":"Moderate-high","walk_start":"","source_zone_end":""}},{"type":"Feature","geometry":{"type":"Point","coordinates":[-83.6355,37.9754]},"properties":{"menifee_rank":223,"id":2401,"stream":"Unnamed hollow head, tributary to Stonequarry Creek","quad":"Frenchburg","gq":"GQ-1390","score_geology_only":67.5,"score_original":59.7,"top_pct_geology_only":20.3,"S":0.833,"D":0.957,"E":0.099,"I":0.481,"T":0.865,"R":0.3,"G":0.95,"dist_outline_km":18.3,"contact_class":"VERIFIED TARGET CONTACT (combined-unit top)","geo_conf":"Moderate-high","walk_start":"","source_zone_end":""}},{"type":"Feature","geometry":{"type":"Point","coordinates":[-83.6228,37.9434]},"properties":{"menifee_rank":224,"id":3497,"stream":"Unnamed hollow head, tributary to Blythes Branch","quad":"Scranton","gq":"GQ-1488","score_geology_only":67.5,"score_original":59.7,"top_pct_geology_only":20.3,"S":1.0,"D":0.704,"E":0.19,"I":0.389,"T":1.0,"R":0.3,"G":0.95,"dist_outline_km":15.9,"contact_class":"VERIFIED TARGET CONTACT (combined-unit top)","geo_conf":"Moderate-high","walk_start":"","source_zone_end":""}},{"type":"Feature","geometry":{"type":"Point","coordinates":[-83.7116,37.9042]},"properties":{"menifee_rank":225,"id":1550,"stream":"Unnamed hollow head, tributary to Ringo Branch","quad":"Frenchburg","gq":"GQ-1390","score_geology_only":67.5,"score_original":63.4,"top_pct_geology_only":20.4,"S":0.75,"D":0.846,"E":0.393,"I":0.492,"T":0.982,"R":0.5,"G":0.95,"dist_outline_km":8.4,"contact_class":"VERIFIED TARGET CONTACT (combined-unit top)","geo_conf":"Moderate-high","walk_start":"","source_zone_end":""}},{"type":"Feature","geometry":{"type":"Point","coordinates":[-83.685,37.8901]},"properties":{"menifee_rank":226,"id":6819,"stream":"Joe Smallwood Branch, tributary to Leatherwood Fork","quad":"Frenchburg","gq":"GQ-1390","score_geology_only":67.4,"score_original":63.5,"top_pct_geology_only":20.4,"S":0.89,"D":0.508,"E":0.491,"I":0.639,"T":0.989,"R":0.5,"G":0.95,"dist_outline_km":8.0,"contact_class":"VERIFIED TARGET CONTACT (combined-unit top)","geo_conf":"Moderate-high","walk_start":"","source_zone_end":""}},{"type":"Feature","geometry":{"type":"Point","coordinates":[-83.7484,37.92]},"properties":{"menifee_rank":227,"id":1642,"stream":"Unnamed hollow head, tributary to Hawkins Branch","quad":"Frenchburg","gq":"GQ-1390","score_geology_only":67.4,"score_original":63.4,"top_pct_geology_only":20.5,"S":0.984,"D":0.871,"E":0.263,"I":0.222,"T":0.878,"R":0.5,"G":0.95,"dist_outline_km":9.4,"contact_class":"VERIFIED TARGET CONTACT (combined-unit top)","geo_conf":"Moderate-high","walk_start":"","source_zone_end":""}},{"type":"Feature","geometry":{"type":"Point","coordinates":[-83.5705,37.9647]},"properties":{"menifee_rank":228,"id":5110,"stream":"Unnamed ravine / small hollow, tributary to Hog Branch","quad":"Scranton","gq":"GQ-1488","score_geology_only":67.4,"score_original":59.6,"top_pct_geology_only":20.5,"S":1.0,"D":0.629,"E":0.148,"I":0.515,"T":0.997,"R":0.3,"G":0.95,"dist_outline_km":20.4,"contact_class":"VERIFIED TARGET CONTACT (combined-unit top)","geo_conf":"Moderate-high","walk_start":"","source_zone_end":""}},{"type":"Feature","geometry":{"type":"Point","coordinates":[-83.7431,37.9016]},"properties":{"menifee_rank":229,"id":2911,"stream":"Unnamed hollow head, tributary to Right Fork Cane Creek","quad":"Frenchburg","gq":"GQ-1390","score_geology_only":67.4,"score_original":63.4,"top_pct_geology_only":20.6,"S":0.926,"D":0.911,"E":0.298,"I":0.232,"T":0.891,"R":0.5,"G":0.95,"dist_outline_km":7.5,"contact_class":"VERIFIED TARGET CONTACT (combined-unit top)","geo_conf":"Moderate-high","walk_start":"","source_zone_end":""}},{"type":"Feature","geometry":{"type":"Point","coordinates":[-83.6522,37.865]},"properties":{"menifee_rank":230,"id":6517,"stream":"Unnamed ravine / small hollow, tributary to Powell Branch","quad":"Slade","gq":"GQ-1183","score_geology_only":67.3,"score_original":63.4,"top_pct_geology_only":20.7,"S":1.0,"D":0.224,"E":0.571,"I":0.78,"T":0.981,"R":0.5,"G":0.95,"dist_outline_km":7.3,"contact_class":"VERIFIED TARGET CONTACT (combined-unit top)","geo_conf":"Moderate-high","walk_start":"","source_zone_end":""}},{"type":"Feature","geometry":{"type":"Point","coordinates":[-83.5493,37.9788]},"properties":{"menifee_rank":231,"id":5260,"stream":"Unnamed ravine / small hollow, tributary to Beaver Creek","quad":"Scranton","gq":"GQ-1488","score_geology_only":67.3,"score_original":59.5,"top_pct_geology_only":20.8,"S":1.0,"D":0.455,"E":0.155,"I":0.805,"T":0.896,"R":0.3,"G":0.95,"dist_outline_km":22.8,"contact_class":"VERIFIED TARGET CONTACT (combined-unit top)","geo_conf":"Moderate-high","walk_start":"","source_zone_end":""}},{"type":"Feature","geometry":{"type":"Point","coordinates":[-83.6677,37.8867]},"properties":{"menifee_rank":232,"id":6058,"stream":"Unnamed ravine / small hollow, tributary to Indian Creek","quad":"Frenchburg","gq":"GQ-1390","score_geology_only":67.3,"score_original":63.3,"top_pct_geology_only":20.8,"S":1.0,"D":0.598,"E":0.481,"I":0.338,"T":0.984,"R":0.5,"G":0.95,"dist_outline_km":8.5,"contact_class":"VERIFIED TARGET CONTACT (combined-unit top)","geo_conf":"Moderate-high","walk_start":"","source_zone_end":""}},{"type":"Feature","geometry":{"type":"Point","coordinates":[-83.6355,37.9546]},"properties":{"menifee_rank":233,"id":2462,"stream":"Unnamed hollow head, tributary to Beaver Creek","quad":"Frenchburg","gq":"GQ-1390","score_geology_only":67.3,"score_original":59.5,"top_pct_geology_only":20.8,"S":1.0,"D":0.707,"E":0.186,"I":0.378,"T":1.0,"R":0.3,"G":0.95,"dist_outline_km":16.4,"contact_class":"VERIFIED TARGET CONTACT (combined-unit top)","geo_conf":"Moderate-high","walk_start":"","source_zone_end":""}},{"type":"Feature","geometry":{"type":"Point","coordinates":[-83.6368,37.9521]},"properties":{"menifee_rank":234,"id":1453,"stream":"Unnamed hollow head, tributary to Beaver Creek","quad":"Frenchburg","gq":"GQ-1390","score_geology_only":67.3,"score_original":59.5,"top_pct_geology_only":20.9,"S":1.0,"D":0.7,"E":0.183,"I":0.389,"T":1.0,"R":0.3,"G":0.95,"dist_outline_km":16.1,"contact_class":"VERIFIED TARGET CONTACT (combined-unit top)","geo_conf":"Moderate-high","walk_start":"","source_zone_end":""}},{"type":"Feature","geometry":{"type":"Point","coordinates":[-83.7081,37.9372]},"properties":{"menifee_rank":235,"id":3276,"stream":"Unnamed hollow head, tributary to Peter Trace","quad":"Frenchburg","gq":"GQ-1390","score_geology_only":67.2,"score_original":63.3,"top_pct_geology_only":21.0,"S":0.945,"D":0.893,"E":0.271,"I":0.198,"T":0.946,"R":0.5,"G":0.95,"dist_outline_km":12.0,"contact_class":"VERIFIED TARGET CONTACT (combined-unit top)","geo_conf":"Moderate-high","walk_start":"","source_zone_end":""}},{"type":"Feature","geometry":{"type":"Point","coordinates":[-83.6684,37.8915]},"properties":{"menifee_rank":236,"id":4747,"stream":"Unnamed ravine / small hollow, tributary to Cave Branch","quad":"Frenchburg","gq":"GQ-1390","score_geology_only":67.2,"score_original":63.3,"top_pct_geology_only":21.0,"S":1.0,"D":0.596,"E":0.478,"I":0.363,"T":0.948,"R":0.5,"G":0.95,"dist_outline_km":8.9,"contact_class":"VERIFIED TARGET CONTACT (combined-unit top)","geo_conf":"Moderate-high","walk_start":"","source_zone_end":""}},{"type":"Feature","geometry":{"type":"Point","coordinates":[-83.6297,37.9448]},"properties":{"menifee_rank":237,"id":948,"stream":"Unnamed hollow head, tributary to Adams Creek","quad":"Frenchburg","gq":"GQ-1390","score_geology_only":67.2,"score_original":59.4,"top_pct_geology_only":21.1,"S":1.0,"D":0.7,"E":0.184,"I":0.382,"T":1.0,"R":0.3,"G":0.95,"dist_outline_km":15.7,"contact_class":"VERIFIED TARGET CONTACT (combined-unit top)","geo_conf":"Moderate-high","walk_start":"","source_zone_end":""}},{"type":"Feature","geometry":{"type":"Point","coordinates":[-83.6769,37.9362]},"properties":{"menifee_rank":238,"id":5457,"stream":"Unnamed ravine / small hollow, tributary to Coldiron Fork","quad":"Frenchburg","gq":"GQ-1390","score_geology_only":67.1,"score_original":63.2,"top_pct_geology_only":21.3,"S":0.797,"D":0.708,"E":0.483,"I":0.508,"T":1.0,"R":0.5,"G":0.95,"dist_outline_km":12.8,"contact_class":"VERIFIED TARGET CONTACT (combined-unit top)","geo_conf":"Moderate-high","walk_start":"","source_zone_end":""}},{"type":"Feature","geometry":{"type":"Point","coordinates":[-83.5204,37.9733]},"properties":{"menifee_rank":239,"id":5321,"stream":"Unnamed ravine / small hollow, tributary to Meyers Fork","quad":"Scranton","gq":"GQ-1488","score_geology_only":67.1,"score_original":59.4,"top_pct_geology_only":21.3,"S":1.0,"D":0.401,"E":0.234,"I":0.783,"T":0.943,"R":0.3,"G":0.95,"dist_outline_km":24.0,"contact_class":"VERIFIED TARGET CONTACT (combined-unit top)","geo_conf":"Moderate-high","walk_start":"","source_zone_end":""}},{"type":"Feature","geometry":{"type":"Point","coordinates":[-83.6633,37.8603]},"properties":{"menifee_rank":240,"id":5092,"stream":"Unnamed ravine / small hollow, tributary to Kelley Branch","quad":"Slade","gq":"GQ-1183","score_geology_only":67.1,"score_original":63.1,"top_pct_geology_only":21.6,"S":1.0,"D":0.242,"E":0.57,"I":0.758,"T":0.957,"R":0.5,"G":0.95,"dist_outline_km":6.3,"contact_class":"VERIFIED TARGET CONTACT (combined-unit top)","geo_conf":"Moderate-high","walk_start":"","source_zone_end":""}},{"type":"Feature","geometry":{"type":"Point","coordinates":[-83.703,37.9543]},"properties":{"menifee_rank":241,"id":1161,"stream":"Unnamed hollow head, tributary to Bull Fork","quad":"Frenchburg","gq":"GQ-1390","score_geology_only":67.0,"score_original":63.1,"top_pct_geology_only":21.7,"S":0.912,"D":0.916,"E":0.094,"I":0.349,"T":0.916,"R":0.5,"G":0.95,"dist_outline_km":13.9,"contact_class":"VERIFIED TARGET CONTACT (combined-unit top)","geo_conf":"Moderate-high","walk_start":"","source_zone_end":""}},{"type":"Feature","geometry":{"type":"Point","coordinates":[-83.6067,37.9642]},"properties":{"menifee_rank":242,"id":1059,"stream":"Unnamed hollow head, tributary to Trace Branch","quad":"Scranton","gq":"GQ-1488","score_geology_only":67.0,"score_original":59.3,"top_pct_geology_only":21.7,"S":1.0,"D":0.791,"E":0.142,"I":0.31,"T":0.955,"R":0.3,"G":0.95,"dist_outline_km":18.6,"contact_class":"VERIFIED TARGET CONTACT (combined-unit top)","geo_conf":"Moderate-high","walk_start":"","source_zone_end":""}},{"type":"Feature","geometry":{"type":"Point","coordinates":[-83.6579,37.8801]},"properties":{"menifee_rank":243,"id":6555,"stream":"Unnamed ravine / small hollow, tributary to East Fork Indian Creek","quad":"Frenchburg","gq":"GQ-1390","score_geology_only":67.0,"score_original":63.1,"top_pct_geology_only":21.9,"S":1.0,"D":0.224,"E":0.571,"I":0.747,"T":1.0,"R":0.5,"G":0.95,"dist_outline_km":8.3,"contact_class":"VERIFIED TARGET CONTACT (combined-unit top)","geo_conf":"Moderate-high","walk_start":"","source_zone_end":""}},{"type":"Feature","geometry":{"type":"Point","coordinates":[-83.6774,37.8889]},"properties":{"menifee_rank":244,"id":3643,"stream":"Unnamed hollow head, tributary to Leatherwood Fork","quad":"Frenchburg","gq":"GQ-1390","score_geology_only":66.9,"score_original":63.0,"top_pct_geology_only":22.0,"S":0.925,"D":0.514,"E":0.513,"I":0.532,"T":0.984,"R":0.5,"G":0.95,"dist_outline_km":8.2,"contact_class":"VERIFIED TARGET CONTACT (combined-unit top)","geo_conf":"Moderate-high","walk_start":"","source_zone_end":""}},{"type":"Feature","geometry":{"type":"Point","coordinates":[-83.6087,37.9557]},"properties":{"menifee_rank":245,"id":4291,"stream":"Unnamed hollow head, tributary to Tolan Creek","quad":"Scranton","gq":"GQ-1488","score_geology_only":66.9,"score_original":59.2,"top_pct_geology_only":22.1,"S":1.0,"D":0.725,"E":0.18,"I":0.335,"T":1.0,"R":0.3,"G":0.95,"dist_outline_km":17.7,"contact_class":"VERIFIED TARGET CONTACT (combined-unit top)","geo_conf":"Moderate-high","walk_start":"","source_zone_end":""}},{"type":"Feature","geometry":{"type":"Point","coordinates":[-83.6824,37.9154]},"properties":{"menifee_rank":246,"id":280,"stream":"Unnamed hollow head, tributary to Myers Fork","quad":"Frenchburg","gq":"GQ-1390","score_geology_only":66.9,"score_original":63.0,"top_pct_geology_only":22.2,"S":0.854,"D":0.702,"E":0.336,"I":0.519,"T":0.977,"R":0.5,"G":0.95,"dist_outline_km":10.5,"contact_class":"VERIFIED TARGET CONTACT (combined-unit top)","geo_conf":"Moderate-high","walk_start":"","source_zone_end":""}},{"type":"Feature","geometry":{"type":"Point","coordinates":[-83.5613,37.9642]},"properties":{"menifee_rank":247,"id":2404,"stream":"Unnamed hollow head, tributary to Hog Branch","quad":"Scranton","gq":"GQ-1488","score_geology_only":66.8,"score_original":59.2,"top_pct_geology_only":22.2,"S":1.0,"D":0.629,"E":0.148,"I":0.481,"T":1.0,"R":0.3,"G":0.95,"dist_outline_km":20.9,"contact_class":"VERIFIED TARGET CONTACT (combined-unit top)","geo_conf":"Moderate-high","walk_start":"","source_zone_end":""}},{"type":"Feature","geometry":{"type":"Point","coordinates":[-83.7242,37.9022]},"properties":{"menifee_rank":248,"id":3399,"stream":"Unnamed hollow head, tributary to Ringo Branch","quad":"Frenchburg","gq":"GQ-1390","score_geology_only":66.8,"score_original":62.9,"top_pct_geology_only":22.3,"S":0.728,"D":0.841,"E":0.392,"I":0.488,"T":1.0,"R":0.5,"G":0.95,"dist_outline_km":7.9,"contact_class":"VERIFIED TARGET CONTACT (combined-unit top)","geo_conf":"Moderate-high","walk_start":"","source_zone_end":""}},{"type":"Feature","geometry":{"type":"Point","coordinates":[-83.6843,37.8835]},"properties":{"menifee_rank":249,"id":849,"stream":"Unnamed hollow head, tributary to Mill Seat Branch","quad":"Frenchburg","gq":"GQ-1390","score_geology_only":66.8,"score_original":62.9,"top_pct_geology_only":22.3,"S":0.919,"D":0.507,"E":0.508,"I":0.555,"T":0.974,"R":0.5,"G":0.95,"dist_outline_km":7.4,"contact_class":"VERIFIED TARGET CONTACT (combined-unit top)","geo_conf":"Moderate-high","walk_start":"","source_zone_end":""}},{"type":"Feature","geometry":{"type":"Point","coordinates":[-83.6191,37.9475]},"properties":{"menifee_rank":250,"id":2044,"stream":"Unnamed hollow head, tributary to Beaver Creek","quad":"Scranton","gq":"GQ-1488","score_geology_only":66.8,"score_original":59.1,"top_pct_geology_only":22.4,"S":1.0,"D":0.728,"E":0.183,"I":0.324,"T":1.0,"R":0.3,"G":0.95,"dist_outline_km":16.5,"contact_class":"VERIFIED TARGET CONTACT (combined-unit top)","geo_conf":"Moderate-high","walk_start":"","source_zone_end":""}},{"type":"Feature","geometry":{"type":"Point","coordinates":[-83.654,37.9666]},"properties":{"menifee_rank":251,"id":1882,"stream":"Unnamed hollow head, tributary to Sim Long Branch","quad":"Frenchburg","gq":"GQ-1390","score_geology_only":66.8,"score_original":59.1,"top_pct_geology_only":22.4,"S":0.834,"D":0.914,"E":0.043,"I":0.444,"T":1.0,"R":0.3,"G":0.95,"dist_outline_km":16.7,"contact_class":"VERIFIED TARGET CONTACT (combined-unit top)","geo_conf":"Moderate-high","walk_start":"","source_zone_end":""}},{"type":"Feature","geometry":{"type":"Point","coordinates":[-83.7258,37.8962]},"properties":{"menifee_rank":252,"id":3932,"stream":"Unnamed hollow head, tributary to Short Creek","quad":"Frenchburg","gq":"GQ-1390","score_geology_only":66.7,"score_original":62.9,"top_pct_geology_only":22.5,"S":0.748,"D":0.883,"E":0.303,"I":0.497,"T":0.936,"R":0.5,"G":0.95,"dist_outline_km":7.2,"contact_class":"VERIFIED TARGET CONTACT (combined-unit top)","geo_conf":"Moderate-high","walk_start":"","source_zone_end":""}},{"type":"Feature","geometry":{"type":"Point","coordinates":[-83.7232,37.9137]},"properties":{"menifee_rank":253,"id":281,"stream":"Unnamed hollow head, tributary to Hawkins Branch","quad":"Frenchburg","gq":"GQ-1390","score_geology_only":66.7,"score_original":62.9,"top_pct_geology_only":22.6,"S":0.866,"D":0.804,"E":0.276,"I":0.379,"T":1.0,"R":0.5,"G":0.95,"dist_outline_km":9.2,"contact_class":"VERIFIED TARGET CONTACT (combined-unit top)","geo_conf":"Moderate-high","walk_start":"","source_zone_end":""}},{"type":"Feature","geometry":{"type":"Point","coordinates":[-83.7347,37.9016]},"properties":{"menifee_rank":254,"id":5594,"stream":"Unnamed ravine / small hollow, tributary to Commissary Branch","quad":"Frenchburg","gq":"GQ-1390","score_geology_only":66.7,"score_original":62.9,"top_pct_geology_only":22.8,"S":0.692,"D":0.909,"E":0.239,"I":0.558,"T":0.991,"R":0.5,"G":0.95,"dist_outline_km":7.6,"contact_class":"VERIFIED TARGET CONTACT (combined-unit top)","geo_conf":"Moderate-high","walk_start":"","source_zone_end":""}},{"type":"Feature","geometry":{"type":"Point","coordinates":[-83.6681,37.8749]},"properties":{"menifee_rank":255,"id":1812,"stream":"Unnamed hollow head, tributary to Indian Creek","quad":"Slade","gq":"GQ-1183","score_geology_only":66.7,"score_original":62.8,"top_pct_geology_only":22.9,"S":1.0,"D":0.546,"E":0.5,"I":0.398,"T":0.925,"R":0.5,"G":0.95,"dist_outline_km":7.3,"contact_class":"VERIFIED TARGET CONTACT (combined-unit top)","geo_conf":"Moderate-high","walk_start":"","source_zone_end":""}},{"type":"Feature","geometry":{"type":"Point","coordinates":[-83.6728,37.8885]},"properties":{"menifee_rank":256,"id":4760,"stream":"Unnamed ravine / small hollow, tributary to Indian Creek","quad":"Frenchburg","gq":"GQ-1390","score_geology_only":66.6,"score_original":62.8,"top_pct_geology_only":22.9,"S":1.0,"D":0.597,"E":0.48,"I":0.346,"T":0.919,"R":0.5,"G":0.95,"dist_outline_km":8.4,"contact_class":"VERIFIED TARGET CONTACT (combined-unit top)","geo_conf":"Moderate-high","walk_start":"","source_zone_end":""}},{"type":"Feature","geometry":{"type":"Point","coordinates":[-83.7007,37.9626]},"properties":{"menifee_rank":257,"id":3576,"stream":"Unnamed hollow head, tributary to Bull Fork","quad":"Frenchburg","gq":"GQ-1390","score_geology_only":66.6,"score_original":62.8,"top_pct_geology_only":23.0,"S":0.849,"D":0.903,"E":0.103,"I":0.444,"T":0.912,"R":0.5,"G":0.95,"dist_outline_km":14.9,"contact_class":"VERIFIED TARGET CONTACT (combined-unit top)","geo_conf":"Moderate-high","walk_start":"","source_zone_end":""}},{"type":"Feature","geometry":{"type":"Point","coordinates":[-83.6842,37.9022]},"properties":{"menifee_rank":258,"id":6316,"stream":"Unnamed ravine / small hollow, tributary to Leatherwood Fork","quad":"Frenchburg","gq":"GQ-1390","score_geology_only":66.6,"score_original":62.8,"top_pct_geology_only":23.0,"S":0.799,"D":0.521,"E":0.433,"I":0.758,"T":1.0,"R":0.5,"G":0.95,"dist_outline_km":9.2,"contact_class":"VERIFIED TARGET CONTACT (combined-unit top)","geo_conf":"Moderate-high","walk_start":"","source_zone_end":""}},{"type":"Feature","geometry":{"type":"Point","coordinates":[-83.6148,37.9777]},"properties":{"menifee_rank":259,"id":831,"stream":"Unnamed hollow head, tributary to Beaver Creek","quad":"Scranton","gq":"GQ-1488","score_geology_only":66.6,"score_original":59.0,"top_pct_geology_only":23.2,"S":1.0,"D":0.791,"E":0.141,"I":0.343,"T":0.87,"R":0.3,"G":0.95,"dist_outline_km":19.5,"contact_class":"VERIFIED TARGET CONTACT (combined-unit top)","geo_conf":"Moderate-high","walk_start":"","source_zone_end":""}},{"type":"Feature","geometry":{"type":"Point","coordinates":[-83.6701,37.9011]},"properties":{"menifee_rank":260,"id":5411,"stream":"Unnamed ravine / small hollow, tributary to Indian Creek","quad":"Frenchburg","gq":"GQ-1390","score_geology_only":66.6,"score_original":62.8,"top_pct_geology_only":23.2,"S":1.0,"D":0.601,"E":0.46,"I":0.336,"T":0.941,"R":0.5,"G":0.95,"dist_outline_km":9.7,"contact_class":"VERIFIED TARGET CONTACT (combined-unit top)","geo_conf":"Moderate-high","walk_start":"","source_zone_end":""}},{"type":"Feature","geometry":{"type":"Point","coordinates":[-83.618,37.9488]},"properties":{"menifee_rank":261,"id":3794,"stream":"Unnamed hollow head, tributary to Beaver Creek","quad":"Scranton","gq":"GQ-1488","score_geology_only":66.6,"score_original":58.9,"top_pct_geology_only":23.3,"S":1.0,"D":0.728,"E":0.183,"I":0.311,"T":1.0,"R":0.3,"G":0.95,"dist_outline_km":16.6,"contact_class":"VERIFIED TARGET CONTACT (combined-unit top)","geo_conf":"Moderate-high","walk_start":"","source_zone_end":""}},{"type":"Feature","geometry":{"type":"Point","coordinates":[-83.6428,37.954]},"properties":{"menifee_rank":262,"id":837,"stream":"Unnamed hollow head, tributary to Bet Cash Branch","quad":"Frenchburg","gq":"GQ-1390","score_geology_only":66.6,"score_original":58.9,"top_pct_geology_only":23.3,"S":1.0,"D":0.872,"E":0.146,"I":0.143,"T":1.0,"R":0.3,"G":0.95,"dist_outline_km":16.0,"contact_class":"VERIFIED TARGET CONTACT (combined-unit top)","geo_conf":"Moderate-high","walk_start":"","source_zone_end":""}},{"type":"Feature","geometry":{"type":"Point","coordinates":[-83.5488,37.9796]},"properties":{"menifee_rank":263,"id":1878,"stream":"Unnamed hollow head, tributary to Beaver Creek","quad":"Scranton","gq":"GQ-1488","score_geology_only":66.6,"score_original":58.9,"top_pct_geology_only":23.3,"S":1.0,"D":0.455,"E":0.155,"I":0.755,"T":0.907,"R":0.3,"G":0.95,"dist_outline_km":22.9,"contact_class":"VERIFIED TARGET CONTACT (combined-unit top)","geo_conf":"Moderate-high","walk_start":"","source_zone_end":""}},{"type":"Feature","geometry":{"type":"Point","coordinates":[-83.6844,37.9023]},"properties":{"menifee_rank":264,"id":2871,"stream":"Unnamed hollow head, tributary to Leatherwood Fork","quad":"Frenchburg","gq":"GQ-1390","score_geology_only":66.5,"score_original":62.7,"top_pct_geology_only":23.4,"S":0.799,"D":0.521,"E":0.433,"I":0.754,"T":1.0,"R":0.5,"G":0.95,"dist_outline_km":9.2,"contact_class":"VERIFIED TARGET CONTACT (combined-unit top)","geo_conf":"Moderate-high","walk_start":"","source_zone_end":""}},{"type":"Feature","geometry":{"type":"Point","coordinates":[-83.6849,37.8938]},"properties":{"menifee_rank":265,"id":6491,"stream":"Unnamed ravine / small hollow, tributary to Leatherwood Fork","quad":"Frenchburg","gq":"GQ-1390","score_geology_only":66.5,"score_original":62.7,"top_pct_geology_only":23.4,"S":0.858,"D":0.515,"E":0.481,"I":0.633,"T":0.997,"R":0.5,"G":0.95,"dist_outline_km":8.3,"contact_class":"VERIFIED TARGET CONTACT (combined-unit top)","geo_conf":"Moderate-high","walk_start":"","source_zone_end":""}},{"type":"Feature","geometry":{"type":"Point","coordinates":[-83.7055,37.8963]},"properties":{"menifee_rank":266,"id":3243,"stream":"Unnamed hollow head, tributary to Bear Branch","quad":"Frenchburg","gq":"GQ-1390","score_geology_only":66.5,"score_original":62.7,"top_pct_geology_only":23.4,"S":0.881,"D":0.766,"E":0.4,"I":0.332,"T":0.97,"R":0.5,"G":0.95,"dist_outline_km":7.7,"contact_class":"VERIFIED TARGET CONTACT (combined-unit top)","geo_conf":"Moderate-high","walk_start":"","source_zone_end":""}},{"type":"Feature","geometry":{"type":"Point","coordinates":[-83.7404,37.9158]},"properties":{"menifee_rank":267,"id":3398,"stream":"Unnamed hollow head, tributary to Hawkins Branch","quad":"Frenchburg","gq":"GQ-1390","score_geology_only":66.5,"score_original":62.7,"top_pct_geology_only":23.5,"S":0.884,"D":0.819,"E":0.275,"I":0.322,"T":0.996,"R":0.5,"G":0.95,"dist_outline_km":9.1,"contact_class":"VERIFIED TARGET CONTACT (combined-unit top)","geo_conf":"Moderate-high","walk_start":"","source_zone_end":""}},{"type":"Feature","geometry":{"type":"Point","coordinates":[-83.5547,37.9722]},"properties":{"menifee_rank":268,"id":384,"stream":"Unnamed hollow head, tributary to Beaver Creek","quad":"Scranton","gq":"GQ-1488","score_geology_only":66.5,"score_original":58.9,"top_pct_geology_only":23.5,"S":1.0,"D":0.623,"E":0.153,"I":0.474,"T":0.992,"R":0.3,"G":0.95,"dist_outline_km":21.9,"contact_class":"VERIFIED TARGET CONTACT (combined-unit top)","geo_conf":"Moderate-high","walk_start":"","source_zone_end":""}},{"type":"Feature","geometry":{"type":"Point","coordinates":[-83.7029,37.9371]},"properties":{"menifee_rank":269,"id":3897,"stream":"Unnamed hollow head, tributary to Peter Trace","quad":"Frenchburg","gq":"GQ-1390","score_geology_only":66.5,"score_original":62.7,"top_pct_geology_only":23.5,"S":0.833,"D":0.881,"E":0.293,"I":0.333,"T":0.964,"R":0.5,"G":0.95,"dist_outline_km":12.1,"contact_class":"VERIFIED TARGET CONTACT (combined-unit top)","geo_conf":"Moderate-high","walk_start":"","source_zone_end":""}},{"type":"Feature","geometry":{"type":"Point","coordinates":[-83.6515,37.8679]},"properties":{"menifee_rank":270,"id":5634,"stream":"Unnamed ravine / small hollow, tributary to Powell Branch","quad":"Slade","gq":"GQ-1183","score_geology_only":66.5,"score_original":62.7,"top_pct_geology_only":23.6,"S":1.0,"D":0.226,"E":0.573,"I":0.721,"T":0.992,"R":0.5,"G":0.95,"dist_outline_km":7.6,"contact_class":"VERIFIED TARGET CONTACT (combined-unit top)","geo_conf":"Moderate-high","walk_start":"","source_zone_end":""}},{"type":"Feature","geometry":{"type":"Point","coordinates":[-83.6697,37.8822]},"properties":{"menifee_rank":271,"id":3171,"stream":"Unnamed hollow head, tributary to Indian Creek","quad":"Frenchburg","gq":"GQ-1390","score_geology_only":66.5,"score_original":62.7,"top_pct_geology_only":23.7,"S":1.0,"D":0.553,"E":0.5,"I":0.352,"T":0.962,"R":0.5,"G":0.95,"dist_outline_km":7.9,"contact_class":"VERIFIED TARGET CONTACT (combined-unit top)","geo_conf":"Moderate-high","walk_start":"","source_zone_end":""}},{"type":"Feature","geometry":{"type":"Point","coordinates":[-83.6824,37.9676]},"properties":{"menifee_rank":272,"id":5600,"stream":"Unnamed ravine / small hollow, tributary to Dog Trot Fork","quad":"Frenchburg","gq":"GQ-1390","score_geology_only":66.4,"score_original":58.9,"top_pct_geology_only":23.7,"S":0.833,"D":0.946,"E":0.027,"I":0.396,"T":1.0,"R":0.3,"G":0.95,"dist_outline_km":15.8,"contact_class":"VERIFIED TARGET CONTACT (combined-unit top)","geo_conf":"Moderate-high","walk_start":"","source_zone_end":""}},{"type":"Feature","geometry":{"type":"Point","coordinates":[-83.6308,37.9758]},"properties":{"menifee_rank":273,"id":4000,"stream":"Unnamed hollow head, tributary to Hackney Branch","quad":"Frenchburg","gq":"GQ-1390","score_geology_only":66.4,"score_original":58.9,"top_pct_geology_only":23.7,"S":0.753,"D":0.957,"E":0.016,"I":0.556,"T":0.949,"R":0.3,"G":0.95,"dist_outline_km":18.6,"contact_class":"VERIFIED TARGET CONTACT (combined-unit top)","geo_conf":"Moderate-high","walk_start":"","source_zone_end":""}},{"type":"Feature","geometry":{"type":"Point","coordinates":[-83.7346,37.9232]},"properties":{"menifee_rank":274,"id":2340,"stream":"Unnamed hollow head, tributary to Hawkins Branch","quad":"Frenchburg","gq":"GQ-1390","score_geology_only":66.4,"score_original":62.7,"top_pct_geology_only":23.7,"S":0.982,"D":0.876,"E":0.26,"I":0.169,"T":0.874,"R":0.5,"G":0.95,"dist_outline_km":10.0,"contact_class":"VERIFIED TARGET CONTACT (combined-unit top)","geo_conf":"Moderate-high","walk_start":"","source_zone_end":""}},{"type":"Feature","geometry":{"type":"Point","coordinates":[-83.6403,37.8822]},"properties":{"menifee_rank":275,"id":6394,"stream":"Unnamed ravine / small hollow, tributary to Little East Fork","quad":"Frenchburg","gq":"GQ-1390","score_geology_only":66.4,"score_original":62.6,"top_pct_geology_only":23.7,"S":1.0,"D":0.211,"E":0.555,"I":0.745,"T":1.0,"R":0.5,"G":0.95,"dist_outline_km":9.4,"contact_class":"VERIFIED TARGET CONTACT (combined-unit top)","geo_conf":"Moderate-high","walk_start":"","source_zone_end":""}},{"type":"Feature","geometry":{"type":"Point","coordinates":[-83.6543,37.9677]},"properties":{"menifee_rank":276,"id":945,"stream":"Unnamed hollow head, tributary to Sim Long Branch","quad":"Frenchburg","gq":"GQ-1390","score_geology_only":66.4,"score_original":58.8,"top_pct_geology_only":23.9,"S":0.832,"D":0.914,"E":0.042,"I":0.428,"T":1.0,"R":0.3,"G":0.95,"dist_outline_km":16.8,"contact_class":"VERIFIED TARGET CONTACT (combined-unit top)","geo_conf":"Moderate-high","walk_start":"","source_zone_end":""}},{"type":"Feature","geometry":{"type":"Point","coordinates":[-83.6653,37.861]},"properties":{"menifee_rank":277,"id":2963,"stream":"Unnamed hollow head, tributary to Kelley Branch","quad":"Slade","gq":"GQ-1183","score_geology_only":66.4,"score_original":62.6,"top_pct_geology_only":24.0,"S":1.0,"D":0.285,"E":0.526,"I":0.671,"T":0.988,"R":0.5,"G":0.95,"dist_outline_km":6.2,"contact_class":"VERIFIED TARGET CONTACT (combined-unit top)","geo_conf":"Moderate-high","walk_start":"","source_zone_end":""}},{"type":"Feature","geometry":{"type":"Point","coordinates":[-83.5729,37.9593]},"properties":{"menifee_rank":278,"id":4045,"stream":"Unnamed hollow head, tributary to Clifton Creek","quad":"Scranton","gq":"GQ-1488","score_geology_only":66.4,"score_original":58.8,"top_pct_geology_only":24.1,"S":1.0,"D":0.501,"E":0.215,"I":0.581,"T":1.0,"R":0.3,"G":0.95,"dist_outline_km":19.8,"contact_class":"VERIFIED TARGET CONTACT (combined-unit top)","geo_conf":"Moderate-high","walk_start":"","source_zone_end":""}},{"type":"Feature","geometry":{"type":"Point","coordinates":[-83.5748,37.9632]},"properties":{"menifee_rank":279,"id":2405,"stream":"Unnamed hollow head, tributary to Clifton Creek","quad":"Scranton","gq":"GQ-1488","score_geology_only":66.3,"score_original":58.8,"top_pct_geology_only":24.1,"S":1.0,"D":0.639,"E":0.146,"I":0.445,"T":0.995,"R":0.3,"G":0.95,"dist_outline_km":20.1,"contact_class":"VERIFIED TARGET CONTACT (combined-unit top)","geo_conf":"Moderate-high","walk_start":"","source_zone_end":""}},{"type":"Feature","geometry":{"type":"Point","coordinates":[-83.6486,37.8784]},"properties":{"menifee_rank":280,"id":3963,"stream":"Unnamed hollow head, tributary to East Fork Indian Creek","quad":"Frenchburg","gq":"GQ-1390","score_geology_only":66.3,"score_original":62.5,"top_pct_geology_only":24.3,"S":1.0,"D":0.222,"E":0.571,"I":0.712,"T":1.0,"R":0.5,"G":0.95,"dist_outline_km":8.6,"contact_class":"VERIFIED TARGET CONTACT (combined-unit top)","geo_conf":"Moderate-high","walk_start":"","source_zone_end":""}},{"type":"Feature","geometry":{"type":"Point","coordinates":[-83.7359,37.8934]},"properties":{"menifee_rank":281,"id":398,"stream":"Unnamed hollow head, tributary to Short Creek","quad":"Frenchburg","gq":"GQ-1390","score_geology_only":66.2,"score_original":62.5,"top_pct_geology_only":24.5,"S":0.696,"D":0.882,"E":0.307,"I":0.532,"T":0.969,"R":0.5,"G":0.95,"dist_outline_km":6.7,"contact_class":"VERIFIED TARGET CONTACT (combined-unit top)","geo_conf":"Moderate-high","walk_start":"","source_zone_end":""}},{"type":"Feature","geometry":{"type":"Point","coordinates":[-83.5208,37.9729]},"properties":{"menifee_rank":282,"id":3517,"stream":"Unnamed hollow head, tributary to Meyers Fork","quad":"Scranton","gq":"GQ-1488","score_geology_only":66.2,"score_original":58.7,"top_pct_geology_only":24.6,"S":1.0,"D":0.402,"E":0.234,"I":0.721,"T":0.956,"R":0.3,"G":0.95,"dist_outline_km":24.0,"contact_class":"VERIFIED TARGET CONTACT (combined-unit top)","geo_conf":"Moderate-high","walk_start":"","source_zone_end":""}},{"type":"Feature","geometry":{"type":"Point","coordinates":[-83.6273,37.948]},"properties":{"menifee_rank":283,"id":1262,"stream":"Unnamed hollow head, tributary to Blythes Branch","quad":"Frenchburg","gq":"GQ-1390","score_geology_only":66.2,"score_original":58.7,"top_pct_geology_only":24.6,"S":1.0,"D":0.728,"E":0.183,"I":0.295,"T":0.994,"R":0.3,"G":0.95,"dist_outline_km":16.1,"contact_class":"VERIFIED TARGET CONTACT (combined-unit top)","geo_conf":"Moderate-high","walk_start":"","source_zone_end":""}},{"type":"Feature","geometry":{"type":"Point","coordinates":[-83.684,37.915]},"properties":{"menifee_rank":284,"id":3848,"stream":"Unnamed hollow head, tributary to Myers Fork","quad":"Frenchburg","gq":"GQ-1390","score_geology_only":66.2,"score_original":62.4,"top_pct_geology_only":24.6,"S":0.854,"D":0.702,"E":0.336,"I":0.466,"T":1.0,"R":0.5,"G":0.95,"dist_outline_km":10.4,"contact_class":"VERIFIED TARGET CONTACT (combined-unit top)","geo_conf":"Moderate-high","walk_start":"","source_zone_end":""}},{"type":"Feature","geometry":{"type":"Point","coordinates":[-83.557,37.9709]},"properties":{"menifee_rank":285,"id":3429,"stream":"Unnamed hollow head, tributary to Beaver Creek","quad":"Scranton","gq":"GQ-1488","score_geology_only":66.2,"score_original":58.6,"top_pct_geology_only":24.7,"S":1.0,"D":0.625,"E":0.153,"I":0.491,"T":0.934,"R":0.3,"G":0.95,"dist_outline_km":21.7,"contact_class":"VERIFIED TARGET CONTACT (combined-unit top)","geo_conf":"Moderate-high","walk_start":"","source_zone_end":""}},{"type":"Feature","geometry":{"type":"Point","coordinates":[-83.6828,37.8854]},"properties":{"menifee_rank":286,"id":5315,"stream":"Unnamed ravine / small hollow, tributary to Mill Seat Branch","quad":"Frenchburg","gq":"GQ-1390","score_geology_only":66.2,"score_original":62.4,"top_pct_geology_only":24.7,"S":0.924,"D":0.512,"E":0.512,"I":0.488,"T":0.995,"R":0.5,"G":0.95,"dist_outline_km":7.6,"contact_class":"VERIFIED TARGET CONTACT (combined-unit top)","geo_conf":"Moderate-high","walk_start":"","source_zone_end":""}},{"type":"Feature","geometry":{"type":"Point","coordinates":[-83.5747,37.9634]},"properties":{"menifee_rank":287,"id":2194,"stream":"Unnamed hollow head, tributary to Clifton Creek","quad":"Scranton","gq":"GQ-1488","score_geology_only":66.2,"score_original":58.6,"top_pct_geology_only":24.8,"S":1.0,"D":0.639,"E":0.146,"I":0.439,"T":0.989,"R":0.3,"G":0.95,"dist_outline_km":20.1,"contact_class":"VERIFIED TARGET CONTACT (combined-unit top)","geo_conf":"Moderate-high","walk_start":"","source_zone_end":""}},{"type":"Feature","geometry":{"type":"Point","coordinates":[-83.6513,37.8656]},"properties":{"menifee_rank":288,"id":6135,"stream":"Unnamed ravine / small hollow, tributary to Powell Branch","quad":"Slade","gq":"GQ-1183","score_geology_only":66.1,"score_original":62.4,"top_pct_geology_only":24.9,"S":1.0,"D":0.225,"E":0.572,"I":0.705,"T":0.989,"R":0.5,"G":0.95,"dist_outline_km":7.4,"contact_class":"VERIFIED TARGET CONTACT (combined-unit top)","geo_conf":"Moderate-high","walk_start":"","source_zone_end":""}},{"type":"Feature","geometry":{"type":"Point","coordinates":[-83.6244,37.9448]},"properties":{"menifee_rank":289,"id":4891,"stream":"Unnamed ravine / small hollow, tributary to Blythes Branch","quad":"Scranton","gq":"GQ-1488","score_geology_only":66.1,"score_original":58.6,"top_pct_geology_only":24.9,"S":1.0,"D":0.705,"E":0.19,"I":0.312,"T":1.0,"R":0.3,"G":0.95,"dist_outline_km":16.0,"contact_class":"VERIFIED TARGET CONTACT (combined-unit top)","geo_conf":"Moderate-high","walk_start":"","source_zone_end":""}},{"type":"Feature","geometry":{"type":"Point","coordinates":[-83.6396,37.8878]},"properties":{"menifee_rank":290,"id":6387,"stream":"Unnamed ravine / small hollow, tributary to Little East Fork","quad":"Frenchburg","gq":"GQ-1390","score_geology_only":66.1,"score_original":62.4,"top_pct_geology_only":25.0,"S":1.0,"D":0.21,"E":0.553,"I":0.729,"T":1.0,"R":0.5,"G":0.95,"dist_outline_km":9.9,"contact_class":"VERIFIED TARGET CONTACT (combined-unit top)","geo_conf":"Moderate-high","walk_start":"","source_zone_end":""}},{"type":"Feature","geometry":{"type":"Point","coordinates":[-83.7396,37.9126]},"properties":{"menifee_rank":291,"id":510,"stream":"Unnamed hollow head, tributary to Hawkins Branch","quad":"Frenchburg","gq":"GQ-1390","score_geology_only":66.1,"score_original":62.4,"top_pct_geology_only":25.1,"S":0.877,"D":0.815,"E":0.278,"I":0.322,"T":0.981,"R":0.5,"G":0.95,"dist_outline_km":8.7,"contact_class":"VERIFIED TARGET CONTACT (combined-unit top)","geo_conf":"Moderate-high","walk_start":"","source_zone_end":""}},{"type":"Feature","geometry":{"type":"Point","coordinates":[-83.6411,37.9863]},"properties":{"menifee_rank":292,"id":2459,"stream":"Unnamed hollow head, tributary to Stonequarry Creek","quad":"Frenchburg","gq":"GQ-1390","score_geology_only":66.1,"score_original":58.5,"top_pct_geology_only":25.2,"S":0.825,"D":0.955,"E":0.098,"I":0.382,"T":0.919,"R":0.3,"G":0.95,"dist_outline_km":19.2,"contact_class":"VERIFIED TARGET CONTACT (combined-unit top)","geo_conf":"Moderate-high","walk_start":"","source_zone_end":""}},{"type":"Feature","geometry":{"type":"Point","coordinates":[-83.7517,37.9229]},"properties":{"menifee_rank":293,"id":2123,"stream":"Unnamed hollow head, tributary to Hawkins Branch","quad":"Means","gq":"GQ-1324","score_geology_only":66.1,"score_original":62.3,"top_pct_geology_only":25.2,"S":1.0,"D":0.858,"E":0.252,"I":0.203,"T":0.79,"R":0.5,"G":0.95,"dist_outline_km":9.7,"contact_class":"VERIFIED TARGET CONTACT (combined-unit top)","geo_conf":"Moderate-high","walk_start":"","source_zone_end":""}},{"type":"Feature","geometry":{"type":"Point","coordinates":[-83.5802,37.9784]},"properties":{"menifee_rank":294,"id":2863,"stream":"Unnamed hollow head, tributary to Beaver Creek","quad":"Scranton","gq":"GQ-1488","score_geology_only":66.0,"score_original":58.5,"top_pct_geology_only":25.3,"S":1.0,"D":0.794,"E":0.13,"I":0.291,"T":0.907,"R":0.3,"G":0.95,"dist_outline_km":21.2,"contact_class":"VERIFIED TARGET CONTACT (combined-unit top)","geo_conf":"Moderate-high","walk_start":"","source_zone_end":""}},{"type":"Feature","geometry":{"type":"Point","coordinates":[-83.6492,37.895]},"properties":{"menifee_rank":295,"id":3740,"stream":"Unnamed hollow head, tributary to East Fork Indian Creek","quad":"Frenchburg","gq":"GQ-1390","score_geology_only":66.0,"score_original":62.3,"top_pct_geology_only":25.4,"S":1.0,"D":0.197,"E":0.548,"I":0.745,"T":1.0,"R":0.5,"G":0.95,"dist_outline_km":10.1,"contact_class":"VERIFIED TARGET CONTACT (combined-unit top)","geo_conf":"Moderate-high","walk_start":"","source_zone_end":""}},{"type":"Feature","geometry":{"type":"Point","coordinates":[-83.7234,37.8947]},"properties":{"menifee_rank":296,"id":397,"stream":"Unnamed hollow head, tributary to Short Creek","quad":"Frenchburg","gq":"GQ-1390","score_geology_only":66.0,"score_original":62.3,"top_pct_geology_only":25.5,"S":0.748,"D":0.883,"E":0.303,"I":0.452,"T":0.939,"R":0.5,"G":0.95,"dist_outline_km":7.1,"contact_class":"VERIFIED TARGET CONTACT (combined-unit top)","geo_conf":"Moderate-high","walk_start":"","source_zone_end":""}},{"type":"Feature","geometry":{"type":"Point","coordinates":[-83.723,37.9026]},"properties":{"menifee_rank":297,"id":1270,"stream":"Ringo Branch, tributary to Spaas Creek","quad":"Frenchburg","gq":"GQ-1390","score_geology_only":66.0,"score_original":62.3,"top_pct_geology_only":25.5,"S":0.73,"D":0.843,"E":0.392,"I":0.434,"T":1.0,"R":0.5,"G":0.95,"dist_outline_km":7.9,"contact_class":"VERIFIED TARGET CONTACT (combined-unit top)","geo_conf":"Moderate-high","walk_start":"","source_zone_end":""}},{"type":"Feature","geometry":{"type":"Point","coordinates":[-83.6472,37.8722]},"properties":{"menifee_rank":298,"id":6777,"stream":"Unnamed ravine / small hollow, tributary to Powell Branch","quad":"Slade","gq":"GQ-1183","score_geology_only":66.0,"score_original":62.3,"top_pct_geology_only":25.5,"S":1.0,"D":0.224,"E":0.571,"I":0.69,"T":1.0,"R":0.5,"G":0.95,"dist_outline_km":8.2,"contact_class":"VERIFIED TARGET CONTACT (combined-unit top)","geo_conf":"Moderate-high","walk_start":"","source_zone_end":""}},{"type":"Feature","geometry":{"type":"Point","coordinates":[-83.7298,37.8988]},"properties":{"menifee_rank":299,"id":5991,"stream":"Short Creek","quad":"Frenchburg","gq":"GQ-1390","score_geology_only":65.9,"score_original":62.2,"top_pct_geology_only":25.6,"S":0.695,"D":0.882,"E":0.306,"I":0.536,"T":0.941,"R":0.5,"G":0.95,"dist_outline_km":7.4,"contact_class":"VERIFIED TARGET CONTACT (combined-unit top)","geo_conf":"Moderate-high","walk_start":"","source_zone_end":""}},{"type":"Feature","geometry":{"type":"Point","coordinates":[-83.655,37.9679]},"properties":{"menifee_rank":300,"id":1452,"stream":"Unnamed hollow head, tributary to Sim Long Branch","quad":"Frenchburg","gq":"GQ-1390","score_geology_only":65.9,"score_original":58.4,"top_pct_geology_only":25.7,"S":0.832,"D":0.914,"E":0.042,"I":0.401,"T":1.0,"R":0.3,"G":0.95,"dist_outline_km":16.8,"contact_class":"VERIFIED TARGET CONTACT (combined-unit top)","geo_conf":"Moderate-high","walk_start":"","source_zone_end":""}},{"type":"Feature","geometry":{"type":"Point","coordinates":[-83.7438,37.9305]},"properties":{"menifee_rank":301,"id":2591,"stream":"Unnamed hollow head, tributary to Hawkins Branch","quad":"Frenchburg","gq":"GQ-1390","score_geology_only":65.9,"score_original":62.2,"top_pct_geology_only":25.8,"S":1.0,"D":0.86,"E":0.252,"I":0.203,"T":0.774,"R":0.5,"G":0.95,"dist_outline_km":10.6,"contact_class":"VERIFIED TARGET CONTACT (combined-unit top)","geo_conf":"Moderate-high","walk_start":"","source_zone_end":""}},{"type":"Feature","geometry":{"type":"Point","coordinates":[-83.6484,37.8787]},"properties":{"menifee_rank":302,"id":956,"stream":"Unnamed hollow head, tributary to East Fork Indian Creek","quad":"Frenchburg","gq":"GQ-1390","score_geology_only":65.9,"score_original":62.2,"top_pct_geology_only":25.8,"S":1.0,"D":0.222,"E":0.571,"I":0.688,"T":1.0,"R":0.5,"G":0.95,"dist_outline_km":8.7,"contact_class":"VERIFIED TARGET CONTACT (combined-unit top)","geo_conf":"Moderate-high","walk_start":"","source_zone_end":""}},{"type":"Feature","geometry":{"type":"Point","coordinates":[-83.6137,37.9515]},"properties":{"menifee_rank":303,"id":2337,"stream":"Unnamed hollow head, tributary to Tolan Creek","quad":"Scranton","gq":"GQ-1488","score_geology_only":65.8,"score_original":58.4,"top_pct_geology_only":26.0,"S":1.0,"D":0.726,"E":0.18,"I":0.274,"T":1.0,"R":0.3,"G":0.95,"dist_outline_km":17.1,"contact_class":"VERIFIED TARGET CONTACT (combined-unit top)","geo_conf":"Moderate-high","walk_start":"","source_zone_end":""}},{"type":"Feature","geometry":{"type":"Point","coordinates":[-83.5741,37.9565]},"properties":{"menifee_rank":304,"id":3068,"stream":"Unnamed hollow head, tributary to Clifton Creek","quad":"Scranton","gq":"GQ-1488","score_geology_only":65.7,"score_original":58.3,"top_pct_geology_only":26.4,"S":1.0,"D":0.499,"E":0.213,"I":0.548,"T":1.0,"R":0.3,"G":0.95,"dist_outline_km":19.5,"contact_class":"VERIFIED TARGET CONTACT (combined-unit top)","geo_conf":"Moderate-high","walk_start":"","source_zone_end":""}},{"type":"Feature","geometry":{"type":"Point","coordinates":[-83.6488,37.8784]},"properties":{"menifee_rank":305,"id":2127,"stream":"Unnamed hollow head, tributary to East Fork Indian Creek","quad":"Frenchburg","gq":"GQ-1390","score_geology_only":65.7,"score_original":62.0,"top_pct_geology_only":26.5,"S":1.0,"D":0.222,"E":0.571,"I":0.677,"T":1.0,"R":0.5,"G":0.95,"dist_outline_km":8.6,"contact_class":"VERIFIED TARGET CONTACT (combined-unit top)","geo_conf":"Moderate-high","walk_start":"","source_zone_end":""}},{"type":"Feature","geometry":{"type":"Point","coordinates":[-83.7271,37.8967]},"properties":{"menifee_rank":306,"id":4532,"stream":"Unnamed ravine / small hollow, tributary to Short Creek","quad":"Frenchburg","gq":"GQ-1390","score_geology_only":65.6,"score_original":62.0,"top_pct_geology_only":26.6,"S":0.71,"D":0.888,"E":0.307,"I":0.504,"T":0.914,"R":0.5,"G":0.95,"dist_outline_km":7.2,"contact_class":"VERIFIED TARGET CONTACT (combined-unit top)","geo_conf":"Moderate-high","walk_start":"","source_zone_end":""}},{"type":"Feature","geometry":{"type":"Point","coordinates":[-83.5838,37.9426]},"properties":{"menifee_rank":307,"id":7371,"stream":"Clifton Creek, tributary to Beaver Creek","quad":"Scranton","gq":"GQ-1488","score_geology_only":65.6,"score_original":58.2,"top_pct_geology_only":26.6,"S":1.0,"D":0.5,"E":0.213,"I":0.543,"T":1.0,"R":0.3,"G":0.95,"dist_outline_km":17.8,"contact_class":"VERIFIED TARGET CONTACT (combined-unit top)","geo_conf":"Moderate-high","walk_start":"","source_zone_end":""}},{"type":"Feature","geometry":{"type":"Point","coordinates":[-83.7252,37.8912]},"properties":{"menifee_rank":308,"id":1736,"stream":"Unnamed hollow head, tributary to Short Creek","quad":"Frenchburg","gq":"GQ-1390","score_geology_only":65.6,"score_original":62.0,"top_pct_geology_only":26.7,"S":0.835,"D":0.881,"E":0.337,"I":0.301,"T":0.889,"R":0.5,"G":0.95,"dist_outline_km":6.7,"contact_class":"VERIFIED TARGET CONTACT (combined-unit top)","geo_conf":"Moderate-high","walk_start":"","source_zone_end":""}},{"type":"Feature","geometry":{"type":"Point","coordinates":[-83.6189,37.9507]},"properties":{"menifee_rank":309,"id":3435,"stream":"Unnamed hollow head, tributary to Beaver Creek","quad":"Scranton","gq":"GQ-1488","score_geology_only":65.6,"score_original":58.2,"top_pct_geology_only":26.7,"S":1.0,"D":0.728,"E":0.183,"I":0.258,"T":1.0,"R":0.3,"G":0.95,"dist_outline_km":16.8,"contact_class":"VERIFIED TARGET CONTACT (combined-unit top)","geo_conf":"Moderate-high","walk_start":"","source_zone_end":""}},{"type":"Feature","geometry":{"type":"Point","coordinates":[-83.6095,37.9521]},"properties":{"menifee_rank":310,"id":728,"stream":"Unnamed hollow head, tributary to Tolan Creek","quad":"Scranton","gq":"GQ-1488","score_geology_only":65.6,"score_original":58.2,"top_pct_geology_only":26.8,"S":1.0,"D":0.718,"E":0.181,"I":0.272,"T":1.0,"R":0.3,"G":0.95,"dist_outline_km":17.3,"contact_class":"VERIFIED TARGET CONTACT (combined-unit top)","geo_conf":"Moderate-high","walk_start":"","source_zone_end":""}},{"type":"Feature","geometry":{"type":"Point","coordinates":[-83.6747,37.9252]},"properties":{"menifee_rank":311,"id":2868,"stream":"Unnamed hollow head, tributary to Indian Creek","quad":"Frenchburg","gq":"GQ-1390","score_geology_only":65.6,"score_original":62.0,"top_pct_geology_only":27.0,"S":1.0,"D":0.642,"E":0.413,"I":0.279,"T":0.905,"R":0.5,"G":0.95,"dist_outline_km":11.8,"contact_class":"VERIFIED TARGET CONTACT (combined-unit top)","geo_conf":"Moderate-high","walk_start":"","source_zone_end":""}},{"type":"Feature","geometry":{"type":"Point","coordinates":[-83.6659,37.8594]},"properties":{"menifee_rank":312,"id":6419,"stream":"Kelley Branch, tributary to East Fork Indian Creek","quad":"Slade","gq":"GQ-1183","score_geology_only":65.5,"score_original":61.9,"top_pct_geology_only":27.0,"S":1.0,"D":0.285,"E":0.526,"I":0.644,"T":0.958,"R":0.5,"G":0.95,"dist_outline_km":6.0,"contact_class":"VERIFIED TARGET CONTACT (combined-unit top)","geo_conf":"Moderate-high","walk_start":"","source_zone_end":""}},{"type":"Feature","geometry":{"type":"Point","coordinates":[-83.677,37.9266]},"properties":{"menifee_rank":313,"id":2656,"stream":"Unnamed hollow head, tributary to Coldiron Fork","quad":"Frenchburg","gq":"GQ-1390","score_geology_only":65.5,"score_original":61.9,"top_pct_geology_only":27.0,"S":0.957,"D":0.585,"E":0.451,"I":0.355,"T":0.973,"R":0.5,"G":0.95,"dist_outline_km":11.8,"contact_class":"VERIFIED TARGET CONTACT (combined-unit top)","geo_conf":"Moderate-high","walk_start":"","source_zone_end":""}},{"type":"Feature","geometry":{"type":"Point","coordinates":[-83.6842,37.9298]},"properties":{"menifee_rank":314,"id":3354,"stream":"Unnamed hollow head, tributary to Coldiron Fork","quad":"Frenchburg","gq":"GQ-1390","score_geology_only":65.5,"score_original":61.9,"top_pct_geology_only":27.2,"S":0.801,"D":0.712,"E":0.484,"I":0.428,"T":0.963,"R":0.5,"G":0.95,"dist_outline_km":11.9,"contact_class":"VERIFIED TARGET CONTACT (combined-unit top)","geo_conf":"Moderate-high","walk_start":"","source_zone_end":""}},{"type":"Feature","geometry":{"type":"Point","coordinates":[-83.5904,37.9678]},"properties":{"menifee_rank":315,"id":3818,"stream":"Unnamed hollow head, tributary to Long Branch","quad":"Scranton","gq":"GQ-1488","score_geology_only":65.5,"score_original":58.1,"top_pct_geology_only":27.3,"S":0.84,"D":0.813,"E":0.123,"I":0.473,"T":0.955,"R":0.3,"G":0.95,"dist_outline_km":19.7,"contact_class":"VERIFIED TARGET CONTACT (combined-unit top)","geo_conf":"Moderate-high","walk_start":"","source_zone_end":""}},{"type":"Feature","geometry":{"type":"Point","coordinates":[-83.6725,37.8888]},"properties":{"menifee_rank":316,"id":4505,"stream":"Unnamed hollow head, tributary to Indian Creek","quad":"Frenchburg","gq":"GQ-1390","score_geology_only":65.4,"score_original":61.9,"top_pct_geology_only":27.4,"S":1.0,"D":0.597,"E":0.48,"I":0.293,"T":0.897,"R":0.5,"G":0.95,"dist_outline_km":8.4,"contact_class":"VERIFIED TARGET CONTACT (combined-unit top)","geo_conf":"Moderate-high","walk_start":"","source_zone_end":""}},{"type":"Feature","geometry":{"type":"Point","coordinates":[-83.6956,37.9467]},"properties":{"menifee_rank":317,"id":5306,"stream":"Unnamed ravine / small hollow, tributary to Peter Trace","quad":"Frenchburg","gq":"GQ-1390","score_geology_only":65.4,"score_original":61.8,"top_pct_geology_only":27.5,"S":0.678,"D":0.883,"E":0.277,"I":0.513,"T":1.0,"R":0.5,"G":0.95,"dist_outline_km":13.3,"contact_class":"VERIFIED TARGET CONTACT (combined-unit top)","geo_conf":"Moderate-high","walk_start":"","source_zone_end":""}},{"type":"Feature","geometry":{"type":"Point","coordinates":[-83.7313,37.9067]},"properties":{"menifee_rank":318,"id":6457,"stream":"Commissary Branch, tributary to Right Fork Cane Creek","quad":"Frenchburg","gq":"GQ-1390","score_geology_only":65.4,"score_original":61.8,"top_pct_geology_only":27.6,"S":0.663,"D":0.905,"E":0.229,"I":0.54,"T":1.0,"R":0.5,"G":0.95,"dist_outline_km":8.2,"contact_class":"VERIFIED TARGET CONTACT (combined-unit top)","geo_conf":"Moderate-high","walk_start":"","source_zone_end":""}},{"type":"Feature","geometry":{"type":"Point","coordinates":[-83.6867,37.9685]},"properties":{"menifee_rank":319,"id":1157,"stream":"Unnamed hollow head, tributary to Dog Trot Fork","quad":"Frenchburg","gq":"GQ-1390","score_geology_only":65.4,"score_original":58.0,"top_pct_geology_only":27.6,"S":0.833,"D":0.947,"E":0.027,"I":0.349,"T":0.977,"R":0.3,"G":0.95,"dist_outline_km":15.8,"contact_class":"VERIFIED TARGET CONTACT (combined-unit top)","geo_conf":"Moderate-high","walk_start":"","source_zone_end":""}},{"type":"Feature","geometry":{"type":"Point","coordinates":[-83.6814,37.886]},"properties":{"menifee_rank":320,"id":1369,"stream":"Unnamed hollow head, tributary to Mill Seat Branch","quad":"Frenchburg","gq":"GQ-1390","score_geology_only":65.3,"score_original":61.8,"top_pct_geology_only":27.7,"S":0.927,"D":0.516,"E":0.515,"I":0.432,"T":0.989,"R":0.5,"G":0.95,"dist_outline_km":7.8,"contact_class":"VERIFIED TARGET CONTACT (combined-unit top)","geo_conf":"Moderate-high","walk_start":"","source_zone_end":""}},{"type":"Feature","geometry":{"type":"Point","coordinates":[-83.7179,37.9079]},"properties":{"menifee_rank":321,"id":6029,"stream":"Unnamed ravine / small hollow, tributary to Spaas Creek","quad":"Frenchburg","gq":"GQ-1390","score_geology_only":65.3,"score_original":61.8,"top_pct_geology_only":27.8,"S":0.693,"D":0.801,"E":0.389,"I":0.518,"T":1.0,"R":0.5,"G":0.95,"dist_outline_km":8.6,"contact_class":"VERIFIED TARGET CONTACT (combined-unit top)","geo_conf":"Moderate-high","walk_start":"","source_zone_end":""}},{"type":"Feature","geometry":{"type":"Point","coordinates":[-83.6836,37.9296]},"properties":{"menifee_rank":322,"id":1727,"stream":"Unnamed hollow head, tributary to Coldiron Fork","quad":"Frenchburg","gq":"GQ-1390","score_geology_only":65.3,"score_original":61.7,"top_pct_geology_only":27.9,"S":0.802,"D":0.715,"E":0.482,"I":0.419,"T":0.953,"R":0.5,"G":0.95,"dist_outline_km":11.9,"contact_class":"VERIFIED TARGET CONTACT (combined-unit top)","geo_conf":"Moderate-high","walk_start":"","source_zone_end":""}},{"type":"Feature","geometry":{"type":"Point","coordinates":[-83.6765,37.8861]},"properties":{"menifee_rank":323,"id":1069,"stream":"Unnamed hollow head, tributary to Leatherwood Fork","quad":"Frenchburg","gq":"GQ-1390","score_geology_only":65.2,"score_original":61.7,"top_pct_geology_only":28.1,"S":0.937,"D":0.522,"E":0.53,"I":0.385,"T":1.0,"R":0.5,"G":0.95,"dist_outline_km":8.0,"contact_class":"VERIFIED TARGET CONTACT (combined-unit top)","geo_conf":"Moderate-high","walk_start":"","source_zone_end":""}},{"type":"Feature","geometry":{"type":"Point","coordinates":[-83.6863,37.9143]},"properties":{"menifee_rank":324,"id":2341,"stream":"Unnamed hollow head, tributary to Myers Fork","quad":"Frenchburg","gq":"GQ-1390","score_geology_only":65.2,"score_original":61.7,"top_pct_geology_only":28.3,"S":0.849,"D":0.696,"E":0.329,"I":0.433,"T":0.997,"R":0.5,"G":0.95,"dist_outline_km":10.2,"contact_class":"VERIFIED TARGET CONTACT (combined-unit top)","geo_conf":"Moderate-high","walk_start":"","source_zone_end":""}},{"type":"Feature","geometry":{"type":"Point","coordinates":[-83.5735,37.9849]},"properties":{"menifee_rank":325,"id":2331,"stream":"Unnamed hollow head, tributary to Brier Branch","quad":"Scranton","gq":"GQ-1488","score_geology_only":65.2,"score_original":57.8,"top_pct_geology_only":28.3,"S":0.691,"D":0.955,"E":0.137,"I":0.502,"T":0.962,"R":0.3,"G":0.95,"dist_outline_km":22.1,"contact_class":"VERIFIED TARGET CONTACT (combined-unit top)","geo_conf":"Moderate-high","walk_start":"","source_zone_end":""}},{"type":"Feature","geometry":{"type":"Point","coordinates":[-83.7031,37.9526]},"properties":{"menifee_rank":326,"id":2463,"stream":"Unnamed hollow head, tributary to Peter Trace","quad":"Frenchburg","gq":"GQ-1390","score_geology_only":65.2,"score_original":61.6,"top_pct_geology_only":28.4,"S":0.74,"D":0.898,"E":0.299,"I":0.369,"T":0.99,"R":0.5,"G":0.95,"dist_outline_km":13.8,"contact_class":"VERIFIED TARGET CONTACT (combined-unit top)","geo_conf":"Moderate-high","walk_start":"","source_zone_end":""}},{"type":"Feature","geometry":{"type":"Point","coordinates":[-83.6555,37.8915]},"properties":{"menifee_rank":327,"id":6415,"stream":"Blackstand Branch, tributary to East Fork Indian Creek","quad":"Frenchburg","gq":"GQ-1390","score_geology_only":65.2,"score_original":61.6,"top_pct_geology_only":28.4,"S":1.0,"D":0.197,"E":0.547,"I":0.697,"T":1.0,"R":0.5,"G":0.95,"dist_outline_km":9.5,"contact_class":"VERIFIED TARGET CONTACT (combined-unit top)","geo_conf":"Moderate-high","walk_start":"","source_zone_end":""}},{"type":"Feature","geometry":{"type":"Point","coordinates":[-83.6821,37.9207]},"properties":{"menifee_rank":328,"id":1546,"stream":"Unnamed hollow head, tributary to Myers Fork","quad":"Frenchburg","gq":"GQ-1390","score_geology_only":65.1,"score_original":61.6,"top_pct_geology_only":28.6,"S":1.0,"D":0.642,"E":0.413,"I":0.236,"T":0.932,"R":0.5,"G":0.95,"dist_outline_km":11.0,"contact_class":"VERIFIED TARGET CONTACT (combined-unit top)","geo_conf":"Moderate-high","walk_start":"","source_zone_end":""}},{"type":"Feature","geometry":{"type":"Point","coordinates":[-83.7448,37.9053]},"properties":{"menifee_rank":329,"id":3465,"stream":"Unnamed hollow head, tributary to Right Fork Cane Creek","quad":"Frenchburg","gq":"GQ-1390","score_geology_only":65.1,"score_original":61.6,"top_pct_geology_only":28.7,"S":0.829,"D":0.911,"E":0.273,"I":0.296,"T":0.869,"R":0.5,"G":0.95,"dist_outline_km":7.8,"contact_class":"VERIFIED TARGET CONTACT (combined-unit top)","geo_conf":"Moderate-high","walk_start":"","source_zone_end":""}},{"type":"Feature","geometry":{"type":"Point","coordinates":[-83.6495,37.8947]},"properties":{"menifee_rank":330,"id":6365,"stream":"Unnamed ravine / small hollow, tributary to East Fork Indian Creek","quad":"Frenchburg","gq":"GQ-1390","score_geology_only":65.1,"score_original":61.6,"top_pct_geology_only":28.8,"S":1.0,"D":0.197,"E":0.548,"I":0.692,"T":1.0,"R":0.5,"G":0.95,"dist_outline_km":10.1,"contact_class":"VERIFIED TARGET CONTACT (combined-unit top)","geo_conf":"Moderate-high","walk_start":"","source_zone_end":""}},{"type":"Feature","geometry":{"type":"Point","coordinates":[-83.7146,37.8967]},"properties":{"menifee_rank":331,"id":395,"stream":"Unnamed hollow head, tributary to Spaas Creek","quad":"Frenchburg","gq":"GQ-1390","score_geology_only":65.1,"score_original":61.5,"top_pct_geology_only":28.8,"S":0.868,"D":0.759,"E":0.399,"I":0.275,"T":0.98,"R":0.5,"G":0.95,"dist_outline_km":7.5,"contact_class":"VERIFIED TARGET CONTACT (combined-unit top)","geo_conf":"Moderate-high","walk_start":"","source_zone_end":""}},{"type":"Feature","geometry":{"type":"Point","coordinates":[-83.5735,37.9851]},"properties":{"menifee_rank":332,"id":620,"stream":"Unnamed hollow head, tributary to Brier Branch","quad":"Scranton","gq":"GQ-1488","score_geology_only":65.1,"score_original":57.7,"top_pct_geology_only":28.8,"S":0.69,"D":0.955,"E":0.137,"I":0.506,"T":0.948,"R":0.3,"G":0.95,"dist_outline_km":22.1,"contact_class":"VERIFIED TARGET CONTACT (combined-unit top)","geo_conf":"Moderate-high","walk_start":"","source_zone_end":""}},{"type":"Feature","geometry":{"type":"Point","coordinates":[-83.6196,37.9517]},"properties":{"menifee_rank":333,"id":2119,"stream":"Unnamed hollow head, tributary to Beaver Creek","quad":"Scranton","gq":"GQ-1488","score_geology_only":65.1,"score_original":57.7,"top_pct_geology_only":28.8,"S":1.0,"D":0.728,"E":0.182,"I":0.227,"T":1.0,"R":0.3,"G":0.95,"dist_outline_km":16.8,"contact_class":"VERIFIED TARGET CONTACT (combined-unit top)","geo_conf":"Moderate-high","walk_start":"","source_zone_end":""}},{"type":"Feature","geometry":{"type":"Point","coordinates":[-83.7453,37.9074]},"properties":{"menifee_rank":334,"id":2659,"stream":"Unnamed hollow head, tributary to Right Fork Cane Creek","quad":"Frenchburg","gq":"GQ-1390","score_geology_only":65.0,"score_original":61.5,"top_pct_geology_only":29.0,"S":0.822,"D":0.91,"E":0.272,"I":0.301,"T":0.876,"R":0.5,"G":0.95,"dist_outline_km":8.1,"contact_class":"VERIFIED TARGET CONTACT (combined-unit top)","geo_conf":"Moderate-high","walk_start":"","source_zone_end":""}},{"type":"Feature","geometry":{"type":"Point","coordinates":[-83.5367,37.9785]},"properties":{"menifee_rank":335,"id":4998,"stream":"Unnamed ravine / small hollow, tributary to Meyers Fork","quad":"Scranton","gq":"GQ-1488","score_geology_only":65.0,"score_original":57.7,"top_pct_geology_only":29.1,"S":1.0,"D":0.399,"E":0.234,"I":0.689,"T":0.908,"R":0.3,"G":0.95,"dist_outline_km":23.5,"contact_class":"VERIFIED TARGET CONTACT (combined-unit top)","geo_conf":"Moderate-high","walk_start":"","source_zone_end":""}},{"type":"Feature","geometry":{"type":"Point","coordinates":[-83.6502,37.8737]},"properties":{"menifee_rank":336,"id":6406,"stream":"Unnamed ravine / small hollow, tributary to Powell Branch","quad":"Slade","gq":"GQ-1183","score_geology_only":65.0,"score_original":61.5,"top_pct_geology_only":29.2,"S":1.0,"D":0.226,"E":0.574,"I":0.631,"T":1.0,"R":0.5,"G":0.95,"dist_outline_km":8.1,"contact_class":"VERIFIED TARGET CONTACT (combined-unit top)","geo_conf":"Moderate-high","walk_start":"","source_zone_end":""}},{"type":"Feature","geometry":{"type":"Point","coordinates":[-83.6788,37.941]},"properties":{"menifee_rank":337,"id":4804,"stream":"Unnamed ravine / small hollow, tributary to Coldiron Fork","quad":"Frenchburg","gq":"GQ-1390","score_geology_only":65.0,"score_original":61.5,"top_pct_geology_only":29.3,"S":0.704,"D":0.734,"E":0.444,"I":0.533,"T":1.0,"R":0.5,"G":0.95,"dist_outline_km":13.2,"contact_class":"VERIFIED TARGET CONTACT (combined-unit top)","geo_conf":"Moderate-high","walk_start":"","source_zone_end":""}},{"type":"Feature","geometry":{"type":"Point","coordinates":[-83.6793,37.8913]},"properties":{"menifee_rank":338,"id":4877,"stream":"Unnamed ravine / small hollow, tributary to Leatherwood Fork","quad":"Frenchburg","gq":"GQ-1390","score_geology_only":65.0,"score_original":61.5,"top_pct_geology_only":29.3,"S":0.898,"D":0.517,"E":0.496,"I":0.464,"T":1.0,"R":0.5,"G":0.95,"dist_outline_km":8.4,"contact_class":"VERIFIED TARGET CONTACT (combined-unit top)","geo_conf":"Moderate-high","walk_start":"","source_zone_end":""}},{"type":"Feature","geometry":{"type":"Point","coordinates":[-83.6483,37.9]},"properties":{"menifee_rank":339,"id":7111,"stream":"Hall Sink Branch, tributary to East Fork Indian Creek","quad":"Frenchburg","gq":"GQ-1390","score_geology_only":65.0,"score_original":61.5,"top_pct_geology_only":29.4,"S":0.975,"D":0.178,"E":0.537,"I":0.76,"T":1.0,"R":0.5,"G":0.95,"dist_outline_km":10.6,"contact_class":"VERIFIED TARGET CONTACT (combined-unit top)","geo_conf":"Moderate-high","walk_start":"","source_zone_end":""}},{"type":"Feature","geometry":{"type":"Point","coordinates":[-83.6227,37.9824]},"properties":{"menifee_rank":340,"id":4605,"stream":"Unnamed ravine / small hollow, tributary to Hackney Branch","quad":"Scranton","gq":"GQ-1488","score_geology_only":65.0,"score_original":57.7,"top_pct_geology_only":29.4,"S":0.768,"D":0.958,"E":0.012,"I":0.425,"T":0.985,"R":0.3,"G":0.95,"dist_outline_km":19.6,"contact_class":"VERIFIED TARGET CONTACT (combined-unit top)","geo_conf":"Moderate-high","walk_start":"","source_zone_end":""}},{"type":"Feature","geometry":{"type":"Point","coordinates":[-83.6584,37.8799]},"properties":{"menifee_rank":341,"id":3765,"stream":"Unnamed hollow head, tributary to East Fork Indian Creek","quad":"Frenchburg","gq":"GQ-1390","score_geology_only":65.0,"score_original":61.5,"top_pct_geology_only":29.4,"S":1.0,"D":0.224,"E":0.571,"I":0.639,"T":0.992,"R":0.5,"G":0.95,"dist_outline_km":8.2,"contact_class":"VERIFIED TARGET CONTACT (combined-unit top)","geo_conf":"Moderate-high","walk_start":"","source_zone_end":""}},{"type":"Feature","geometry":{"type":"Point","coordinates":[-83.5398,37.9638]},"properties":{"menifee_rank":342,"id":5929,"stream":"Unnamed ravine / small hollow, tributary to Meyers Fork","quad":"Scranton","gq":"GQ-1488","score_geology_only":64.9,"score_original":57.6,"top_pct_geology_only":29.5,"S":1.0,"D":0.304,"E":0.246,"I":0.742,"T":1.0,"R":0.3,"G":0.95,"dist_outline_km":22.1,"contact_class":"VERIFIED TARGET CONTACT (combined-unit top)","geo_conf":"Moderate-high","walk_start":"","source_zone_end":""}},{"type":"Feature","geometry":{"type":"Point","coordinates":[-83.6833,37.9263]},"properties":{"menifee_rank":343,"id":3498,"stream":"Unnamed hollow head, tributary to Haunted Cave Branch","quad":"Frenchburg","gq":"GQ-1390","score_geology_only":64.9,"score_original":61.4,"top_pct_geology_only":29.5,"S":0.854,"D":0.702,"E":0.335,"I":0.442,"T":0.93,"R":0.5,"G":0.95,"dist_outline_km":11.6,"contact_class":"VERIFIED TARGET CONTACT (combined-unit top)","geo_conf":"Moderate-high","walk_start":"","source_zone_end":""}},{"type":"Feature","geometry":{"type":"Point","coordinates":[-83.6799,37.8935]},"properties":{"menifee_rank":344,"id":4914,"stream":"Unnamed ravine / small hollow, tributary to Leatherwood Fork","quad":"Frenchburg","gq":"GQ-1390","score_geology_only":64.8,"score_original":61.4,"top_pct_geology_only":29.9,"S":0.888,"D":0.505,"E":0.489,"I":0.494,"T":1.0,"R":0.5,"G":0.95,"dist_outline_km":8.5,"contact_class":"VERIFIED TARGET CONTACT (combined-unit top)","geo_conf":"Moderate-high","walk_start":"","source_zone_end":""}},{"type":"Feature","geometry":{"type":"Point","coordinates":[-83.6298,37.9466]},"properties":{"menifee_rank":345,"id":3202,"stream":"Unnamed hollow head, tributary to Adams Creek","quad":"Frenchburg","gq":"GQ-1390","score_geology_only":64.8,"score_original":57.6,"top_pct_geology_only":29.9,"S":1.0,"D":0.7,"E":0.183,"I":0.251,"T":1.0,"R":0.3,"G":0.95,"dist_outline_km":15.9,"contact_class":"VERIFIED TARGET CONTACT (combined-unit top)","geo_conf":"Moderate-high","walk_start":"","source_zone_end":""}},{"type":"Feature","geometry":{"type":"Point","coordinates":[-83.6624,37.874]},"properties":{"menifee_rank":346,"id":5148,"stream":"Unnamed ravine / small hollow, tributary to East Fork Indian Creek","quad":"Slade","gq":"GQ-1183","score_geology_only":64.8,"score_original":61.3,"top_pct_geology_only":30.0,"S":1.0,"D":0.234,"E":0.571,"I":0.63,"T":0.975,"R":0.5,"G":0.95,"dist_outline_km":7.5,"contact_class":"VERIFIED TARGET CONTACT (combined-unit top)","geo_conf":"Moderate-high","walk_start":"","source_zone_end":""}},{"type":"Feature","geometry":{"type":"Point","coordinates":[-83.612,37.9502]},"properties":{"menifee_rank":347,"id":2338,"stream":"Unnamed hollow head, tributary to Tolan Creek","quad":"Scranton","gq":"GQ-1488","score_geology_only":64.8,"score_original":57.5,"top_pct_geology_only":30.0,"S":1.0,"D":0.718,"E":0.181,"I":0.227,"T":1.0,"R":0.3,"G":0.95,"dist_outline_km":17.0,"contact_class":"VERIFIED TARGET CONTACT (combined-unit top)","geo_conf":"Moderate-high","walk_start":"","source_zone_end":""}},{"type":"Feature","geometry":{"type":"Point","coordinates":[-83.7305,37.9277]},"properties":{"menifee_rank":348,"id":4118,"stream":"Unnamed hollow head, tributary to Falling Timber Branch","quad":"Frenchburg","gq":"GQ-1390","score_geology_only":64.8,"score_original":61.3,"top_pct_geology_only":30.1,"S":0.617,"D":0.901,"E":0.323,"I":0.545,"T":0.971,"R":0.5,"G":0.95,"dist_outline_km":10.5,"contact_class":"VERIFIED TARGET CONTACT (combined-unit top)","geo_conf":"Moderate-high","walk_start":"","source_zone_end":""}},{"type":"Feature","geometry":{"type":"Point","coordinates":[-83.6931,37.8996]},"properties":{"menifee_rank":349,"id":6696,"stream":"Unnamed ravine / small hollow, tributary to Leatherwood Fork","quad":"Frenchburg","gq":"GQ-1390","score_geology_only":64.8,"score_original":61.3,"top_pct_geology_only":30.1,"S":0.783,"D":0.505,"E":0.419,"I":0.713,"T":1.0,"R":0.5,"G":0.95,"dist_outline_km":8.5,"contact_class":"VERIFIED TARGET CONTACT (combined-unit top)","geo_conf":"Moderate-high","walk_start":"","source_zone_end":""}},{"type":"Feature","geometry":{"type":"Point","coordinates":[-83.7333,37.9041]},"properties":{"menifee_rank":350,"id":4333,"stream":"Unnamed hollow head, tributary to Commissary Branch","quad":"Frenchburg","gq":"GQ-1390","score_geology_only":64.8,"score_original":61.3,"top_pct_geology_only":30.2,"S":0.681,"D":0.907,"E":0.234,"I":0.48,"T":0.984,"R":0.5,"G":0.95,"dist_outline_km":7.9,"contact_class":"VERIFIED TARGET CONTACT (combined-unit top)","geo_conf":"Moderate-high","walk_start":"","source_zone_end":""}},{"type":"Feature","geometry":{"type":"Point","coordinates":[-83.7263,37.9201]},"properties":{"menifee_rank":351,"id":1809,"stream":"Unnamed hollow head, tributary to Falling Timber Branch","quad":"Frenchburg","gq":"GQ-1390","score_geology_only":64.7,"score_original":61.3,"top_pct_geology_only":30.3,"S":0.884,"D":0.823,"E":0.275,"I":0.254,"T":0.94,"R":0.5,"G":0.95,"dist_outline_km":9.8,"contact_class":"VERIFIED TARGET CONTACT (combined-unit top)","geo_conf":"Moderate-high","walk_start":"","source_zone_end":""}},{"type":"Feature","geometry":{"type":"Point","coordinates":[-83.5863,37.9576]},"properties":{"menifee_rank":352,"id":726,"stream":"Unnamed hollow head, tributary to Long Branch","quad":"Scranton","gq":"GQ-1488","score_geology_only":64.7,"score_original":57.5,"top_pct_geology_only":30.4,"S":0.843,"D":0.815,"E":0.123,"I":0.394,"T":1.0,"R":0.3,"G":0.95,"dist_outline_km":19.0,"contact_class":"VERIFIED TARGET CONTACT (combined-unit top)","geo_conf":"Moderate-high","walk_start":"","source_zone_end":""}},{"type":"Feature","geometry":{"type":"Point","coordinates":[-83.5743,37.9853]},"properties":{"menifee_rank":353,"id":619,"stream":"Unnamed hollow head, tributary to Brier Branch","quad":"Scranton","gq":"GQ-1488","score_geology_only":64.7,"score_original":57.5,"top_pct_geology_only":30.4,"S":0.691,"D":0.955,"E":0.137,"I":0.489,"T":0.943,"R":0.3,"G":0.95,"dist_outline_km":22.1,"contact_class":"VERIFIED TARGET CONTACT (combined-unit top)","geo_conf":"Moderate-high","walk_start":"","source_zone_end":""}},{"type":"Feature","geometry":{"type":"Point","coordinates":[-83.6258,37.9465]},"properties":{"menifee_rank":354,"id":2408,"stream":"Unnamed hollow head, tributary to Blythes Branch","quad":"Frenchburg","gq":"GQ-1390","score_geology_only":64.7,"score_original":57.5,"top_pct_geology_only":30.5,"S":1.0,"D":0.706,"E":0.189,"I":0.233,"T":1.0,"R":0.3,"G":0.95,"dist_outline_km":16.0,"contact_class":"VERIFIED TARGET CONTACT (combined-unit top)","geo_conf":"Moderate-high","walk_start":"","source_zone_end":""}},{"type":"Feature","geometry":{"type":"Point","coordinates":[-83.6466,37.9719]},"properties":{"menifee_rank":355,"id":1156,"stream":"Unnamed hollow head, tributary to Stonequarry Creek","quad":"Frenchburg","gq":"GQ-1390","score_geology_only":64.7,"score_original":57.5,"top_pct_geology_only":30.6,"S":0.696,"D":0.941,"E":0.061,"I":0.556,"T":0.932,"R":0.3,"G":0.95,"dist_outline_km":17.5,"contact_class":"VERIFIED TARGET CONTACT (combined-unit top)","geo_conf":"Moderate-high","walk_start":"","source_zone_end":""}},{"type":"Feature","geometry":{"type":"Point","coordinates":[-83.7404,37.9028]},"properties":{"menifee_rank":356,"id":394,"stream":"Unnamed hollow head, tributary to Right Fork Cane Creek","quad":"Frenchburg","gq":"GQ-1390","score_geology_only":64.7,"score_original":61.2,"top_pct_geology_only":30.7,"S":0.827,"D":0.91,"E":0.273,"I":0.238,"T":0.929,"R":0.5,"G":0.95,"dist_outline_km":7.6,"contact_class":"VERIFIED TARGET CONTACT (combined-unit top)","geo_conf":"Moderate-high","walk_start":"","source_zone_end":""}},{"type":"Feature","geometry":{"type":"Point","coordinates":[-83.6165,37.9837]},"properties":{"menifee_rank":357,"id":5729,"stream":"Unnamed ravine / small hollow, tributary to Hackney Branch","quad":"Scranton","gq":"GQ-1488","score_geology_only":64.7,"score_original":57.4,"top_pct_geology_only":30.8,"S":0.768,"D":0.958,"E":0.012,"I":0.403,"T":0.993,"R":0.3,"G":0.95,"dist_outline_km":20.0,"contact_class":"VERIFIED TARGET CONTACT (combined-unit top)","geo_conf":"Moderate-high","walk_start":"","source_zone_end":""}},{"type":"Feature","geometry":{"type":"Point","coordinates":[-83.6663,37.8649]},"properties":{"menifee_rank":358,"id":5814,"stream":"Unnamed ravine / small hollow, tributary to East Fork Indian Creek","quad":"Slade","gq":"GQ-1183","score_geology_only":64.7,"score_original":61.2,"top_pct_geology_only":30.8,"S":1.0,"D":0.285,"E":0.526,"I":0.6,"T":0.949,"R":0.5,"G":0.95,"dist_outline_km":6.5,"contact_class":"VERIFIED TARGET CONTACT (combined-unit top)","geo_conf":"Moderate-high","walk_start":"","source_zone_end":""}},{"type":"Feature","geometry":{"type":"Point","coordinates":[-83.6483,37.879]},"properties":{"menifee_rank":359,"id":92,"stream":"Unnamed hollow head, tributary to East Fork Indian Creek","quad":"Frenchburg","gq":"GQ-1390","score_geology_only":64.6,"score_original":61.2,"top_pct_geology_only":31.0,"S":1.0,"D":0.223,"E":0.571,"I":0.617,"T":1.0,"R":0.5,"G":0.95,"dist_outline_km":8.7,"contact_class":"VERIFIED TARGET CONTACT (combined-unit top)","geo_conf":"Moderate-high","walk_start":"","source_zone_end":""}},{"type":"Feature","geometry":{"type":"Point","coordinates":[-83.64,37.9736]},"properties":{"menifee_rank":360,"id":621,"stream":"Unnamed hollow head, tributary to Stonequarry Creek","quad":"Frenchburg","gq":"GQ-1390","score_geology_only":64.6,"score_original":57.4,"top_pct_geology_only":31.0,"S":0.733,"D":0.939,"E":0.059,"I":0.489,"T":0.937,"R":0.3,"G":0.95,"dist_outline_km":18.0,"contact_class":"VERIFIED TARGET CONTACT (combined-unit top)","geo_conf":"Moderate-high","walk_start":"","source_zone_end":""}},{"type":"Feature","geometry":{"type":"Point","coordinates":[-83.5885,37.9673]},"properties":{"menifee_rank":361,"id":4307,"stream":"Unnamed hollow head, tributary to Long Branch","quad":"Scranton","gq":"GQ-1488","score_geology_only":64.6,"score_original":57.4,"top_pct_geology_only":31.1,"S":0.841,"D":0.814,"E":0.123,"I":0.412,"T":0.966,"R":0.3,"G":0.95,"dist_outline_km":19.7,"contact_class":"VERIFIED TARGET CONTACT (combined-unit top)","geo_conf":"Moderate-high","walk_start":"","source_zone_end":""}},{"type":"Feature","geometry":{"type":"Point","coordinates":[-83.7383,37.8932]},"properties":{"menifee_rank":362,"id":4386,"stream":"Unnamed hollow head, tributary to Short Creek","quad":"Frenchburg","gq":"GQ-1390","score_geology_only":64.5,"score_original":61.1,"top_pct_geology_only":31.3,"S":0.585,"D":0.888,"E":0.276,"I":0.627,"T":0.98,"R":0.5,"G":0.95,"dist_outline_km":6.6,"contact_class":"VERIFIED TARGET CONTACT (combined-unit top)","geo_conf":"Moderate-high","walk_start":"","source_zone_end":""}},{"type":"Feature","geometry":{"type":"Point","coordinates":[-83.6963,37.9653]},"properties":{"menifee_rank":363,"id":4473,"stream":"Unnamed hollow head, tributary to Bull Fork","quad":"Frenchburg","gq":"GQ-1390","score_geology_only":64.5,"score_original":57.4,"top_pct_geology_only":31.3,"S":0.794,"D":0.855,"E":0.102,"I":0.463,"T":0.943,"R":0.3,"G":0.95,"dist_outline_km":15.3,"contact_class":"VERIFIED TARGET CONTACT (combined-unit top)","geo_conf":"Moderate-high","walk_start":"","source_zone_end":""}},{"type":"Feature","geometry":{"type":"Point","coordinates":[-83.7234,37.9132]},"properties":{"menifee_rank":364,"id":2046,"stream":"Unnamed hollow head, tributary to Hawkins Branch","quad":"Frenchburg","gq":"GQ-1390","score_geology_only":64.5,"score_original":61.1,"top_pct_geology_only":31.3,"S":0.82,"D":0.751,"E":0.291,"I":0.393,"T":1.0,"R":0.5,"G":0.95,"dist_outline_km":9.1,"contact_class":"VERIFIED TARGET CONTACT (combined-unit top)","geo_conf":"Moderate-high","walk_start":"","source_zone_end":""}},{"type":"Feature","geometry":{"type":"Point","coordinates":[-83.6644,37.9294]},"properties":{"menifee_rank":365,"id":4232,"stream":"Unnamed hollow head, tributary to Indian Creek","quad":"Frenchburg","gq":"GQ-1390","score_geology_only":64.5,"score_original":61.1,"top_pct_geology_only":31.4,"S":0.966,"D":0.587,"E":0.455,"I":0.271,"T":0.981,"R":0.5,"G":0.95,"dist_outline_km":12.6,"contact_class":"VERIFIED TARGET CONTACT (combined-unit top)","geo_conf":"Moderate-high","walk_start":"","source_zone_end":""}},{"type":"Feature","geometry":{"type":"Point","coordinates":[-83.7212,37.9097]},"properties":{"menifee_rank":366,"id":6405,"stream":"Spaas Creek, tributary to Ringo Branch","quad":"Frenchburg","gq":"GQ-1390","score_geology_only":64.4,"score_original":61.1,"top_pct_geology_only":31.6,"S":0.672,"D":0.769,"E":0.387,"I":0.548,"T":1.0,"R":0.5,"G":0.95,"dist_outline_km":8.7,"contact_class":"VERIFIED TARGET CONTACT (combined-unit top)","geo_conf":"Moderate-high","walk_start":"","source_zone_end":""}},{"type":"Feature","geometry":{"type":"Point","coordinates":[-83.68,37.9251]},"properties":{"menifee_rank":367,"id":636,"stream":"Unnamed hollow head, tributary to Haunted Cave Branch","quad":"Frenchburg","gq":"GQ-1390","score_geology_only":64.4,"score_original":61.1,"top_pct_geology_only":31.6,"S":0.856,"D":0.703,"E":0.339,"I":0.41,"T":0.927,"R":0.5,"G":0.95,"dist_outline_km":11.6,"contact_class":"VERIFIED TARGET CONTACT (combined-unit top)","geo_conf":"Moderate-high","walk_start":"","source_zone_end":""}},{"type":"Feature","geometry":{"type":"Point","coordinates":[-83.6702,37.856]},"properties":{"menifee_rank":368,"id":5903,"stream":"Unnamed ravine / small hollow, tributary to Indian Creek","quad":"Slade","gq":"GQ-1183","score_geology_only":64.4,"score_original":61.0,"top_pct_geology_only":31.6,"S":1.0,"D":0.285,"E":0.525,"I":0.804,"T":0.626,"R":0.5,"G":0.95,"dist_outline_km":5.5,"contact_class":"VERIFIED TARGET CONTACT (combined-unit top)","geo_conf":"Moderate-high","walk_start":"","source_zone_end":""}},{"type":"Feature","geometry":{"type":"Point","coordinates":[-83.6606,37.8762]},"properties":{"menifee_rank":369,"id":5496,"stream":"Unnamed ravine / small hollow, tributary to East Fork Indian Creek","quad":"Frenchburg","gq":"GQ-1390","score_geology_only":64.4,"score_original":61.0,"top_pct_geology_only":31.7,"S":1.0,"D":0.226,"E":0.573,"I":0.608,"T":0.988,"R":0.5,"G":0.95,"dist_outline_km":7.8,"contact_class":"VERIFIED TARGET CONTACT (combined-unit top)","geo_conf":"Moderate-high","walk_start":"","source_zone_end":""}},{"type":"Feature","geometry":{"type":"Point","coordinates":[-83.6354,37.9431]},"properties":{"menifee_rank":370,"id":4628,"stream":"Unnamed ravine / small hollow, tributary to Adams Creek","quad":"Frenchburg","gq":"GQ-1390","score_geology_only":64.4,"score_original":57.2,"top_pct_geology_only":31.9,"S":1.0,"D":0.681,"E":0.183,"I":0.251,"T":1.0,"R":0.3,"G":0.95,"dist_outline_km":15.3,"contact_class":"VERIFIED TARGET CONTACT (combined-unit top)","geo_conf":"Moderate-high","walk_start":"","source_zone_end":""}},{"type":"Feature","geometry":{"type":"Point","coordinates":[-83.7047,37.9525]},"properties":{"menifee_rank":371,"id":629,"stream":"Unnamed hollow head, tributary to Peter Trace","quad":"Frenchburg","gq":"GQ-1390","score_geology_only":64.4,"score_original":61.0,"top_pct_geology_only":31.9,"S":0.74,"D":0.898,"E":0.299,"I":0.332,"T":0.978,"R":0.5,"G":0.95,"dist_outline_km":13.7,"contact_class":"VERIFIED TARGET CONTACT (combined-unit top)","geo_conf":"Moderate-high","walk_start":"","source_zone_end":""}},{"type":"Feature","geometry":{"type":"Point","coordinates":[-83.6661,37.9316]},"properties":{"menifee_rank":372,"id":86,"stream":"Unnamed hollow head, tributary to Indian Creek","quad":"Frenchburg","gq":"GQ-1390","score_geology_only":64.4,"score_original":61.0,"top_pct_geology_only":32.0,"S":0.955,"D":0.584,"E":0.451,"I":0.275,"T":1.0,"R":0.5,"G":0.95,"dist_outline_km":12.8,"contact_class":"VERIFIED TARGET CONTACT (combined-unit top)","geo_conf":"Moderate-high","walk_start":"","source_zone_end":""}},{"type":"Feature","geometry":{"type":"Point","coordinates":[-83.6932,37.8993]},"properties":{"menifee_rank":373,"id":6199,"stream":"Unnamed ravine / small hollow, tributary to Leatherwood Fork","quad":"Frenchburg","gq":"GQ-1390","score_geology_only":64.3,"score_original":61.0,"top_pct_geology_only":32.1,"S":0.783,"D":0.505,"E":0.419,"I":0.687,"T":1.0,"R":0.5,"G":0.95,"dist_outline_km":8.5,"contact_class":"VERIFIED TARGET CONTACT (combined-unit top)","geo_conf":"Moderate-high","walk_start":"","source_zone_end":""}},{"type":"Feature","geometry":{"type":"Point","coordinates":[-83.7312,37.906]},"properties":{"menifee_rank":374,"id":5068,"stream":"Unnamed ravine / small hollow, tributary to Commissary Branch","quad":"Frenchburg","gq":"GQ-1390","score_geology_only":64.3,"score_original":61.0,"top_pct_geology_only":32.2,"S":0.643,"D":0.903,"E":0.224,"I":0.519,"T":1.0,"R":0.5,"G":0.95,"dist_outline_km":8.2,"contact_class":"VERIFIED TARGET CONTACT (combined-unit top)","geo_conf":"Moderate-high","walk_start":"","source_zone_end":""}},{"type":"Feature","geometry":{"type":"Point","coordinates":[-83.6841,37.9388]},"properties":{"menifee_rank":375,"id":4853,"stream":"Unnamed ravine / small hollow, tributary to Coldiron Fork","quad":"Frenchburg","gq":"GQ-1390","score_geology_only":64.3,"score_original":61.0,"top_pct_geology_only":32.3,"S":0.709,"D":0.741,"E":0.45,"I":0.474,"T":1.0,"R":0.5,"G":0.95,"dist_outline_km":12.8,"contact_class":"VERIFIED TARGET CONTACT (combined-unit top)","geo_conf":"Moderate-high","walk_start":"","source_zone_end":""}},{"type":"Feature","geometry":{"type":"Point","coordinates":[-83.7406,37.9027]},"properties":{"menifee_rank":376,"id":2466,"stream":"Unnamed hollow head, tributary to Right Fork Cane Creek","quad":"Frenchburg","gq":"GQ-1390","score_geology_only":64.3,"score_original":60.9,"top_pct_geology_only":32.3,"S":0.827,"D":0.91,"E":0.273,"I":0.228,"T":0.912,"R":0.5,"G":0.95,"dist_outline_km":7.6,"contact_class":"VERIFIED TARGET CONTACT (combined-unit top)","geo_conf":"Moderate-high","walk_start":"","source_zone_end":""}},{"type":"Feature","geometry":{"type":"Point","coordinates":[-83.6351,37.9464]},"properties":{"menifee_rank":377,"id":2120,"stream":"Unnamed hollow head, tributary to Beaver Creek","quad":"Frenchburg","gq":"GQ-1390","score_geology_only":64.3,"score_original":57.1,"top_pct_geology_only":32.4,"S":1.0,"D":0.707,"E":0.186,"I":0.208,"T":1.0,"R":0.3,"G":0.95,"dist_outline_km":15.6,"contact_class":"VERIFIED TARGET CONTACT (combined-unit top)","geo_conf":"Moderate-high","walk_start":"","source_zone_end":""}},{"type":"Feature","geometry":{"type":"Point","coordinates":[-83.6651,37.8683]},"properties":{"menifee_rank":378,"id":5694,"stream":"Unnamed ravine / small hollow, tributary to East Fork Indian Creek","quad":"Slade","gq":"GQ-1183","score_geology_only":64.3,"score_original":60.9,"top_pct_geology_only":32.4,"S":1.0,"D":0.238,"E":0.57,"I":0.589,"T":0.982,"R":0.5,"G":0.95,"dist_outline_km":6.9,"contact_class":"VERIFIED TARGET CONTACT (combined-unit top)","geo_conf":"Moderate-high","walk_start":"","source_zone_end":""}},{"type":"Feature","geometry":{"type":"Point","coordinates":[-83.6764,37.9342]},"properties":{"menifee_rank":379,"id":3241,"stream":"Unnamed hollow head, tributary to Coldiron Fork","quad":"Frenchburg","gq":"GQ-1390","score_geology_only":64.2,"score_original":60.8,"top_pct_geology_only":32.7,"S":0.804,"D":0.714,"E":0.484,"I":0.321,"T":1.0,"R":0.5,"G":0.95,"dist_outline_km":12.6,"contact_class":"VERIFIED TARGET CONTACT (combined-unit top)","geo_conf":"Moderate-high","walk_start":"","source_zone_end":""}},{"type":"Feature","geometry":{"type":"Point","coordinates":[-83.5322,37.9795]},"properties":{"menifee_rank":380,"id":1541,"stream":"Unnamed hollow head, tributary to Meyers Fork","quad":"Scranton","gq":"GQ-1488","score_geology_only":64.1,"score_original":57.0,"top_pct_geology_only":33.0,"S":1.0,"D":0.401,"E":0.234,"I":0.625,"T":0.924,"R":0.3,"G":0.95,"dist_outline_km":23.8,"contact_class":"VERIFIED TARGET CONTACT (combined-unit top)","geo_conf":"Moderate-high","walk_start":"","source_zone_end":""}},{"type":"Feature","geometry":{"type":"Point","coordinates":[-83.5759,37.9569]},"properties":{"menifee_rank":381,"id":4002,"stream":"Unnamed hollow head, tributary to Clifton Creek","quad":"Scranton","gq":"GQ-1488","score_geology_only":64.1,"score_original":57.0,"top_pct_geology_only":33.1,"S":1.0,"D":0.499,"E":0.213,"I":0.457,"T":1.0,"R":0.3,"G":0.95,"dist_outline_km":19.4,"contact_class":"VERIFIED TARGET CONTACT (combined-unit top)","geo_conf":"Moderate-high","walk_start":"","source_zone_end":""}},{"type":"Feature","geometry":{"type":"Point","coordinates":[-83.5532,37.9786]},"properties":{"menifee_rank":382,"id":4164,"stream":"Unnamed hollow head, tributary to Beaver Creek","quad":"Scranton","gq":"GQ-1488","score_geology_only":64.1,"score_original":56.9,"top_pct_geology_only":33.2,"S":1.0,"D":0.46,"E":0.154,"I":0.651,"T":0.844,"R":0.3,"G":0.95,"dist_outline_km":22.6,"contact_class":"VERIFIED TARGET CONTACT (combined-unit top)","geo_conf":"Moderate-high","walk_start":"","source_zone_end":""}},{"type":"Feature","geometry":{"type":"Point","coordinates":[-83.6821,37.8976]},"properties":{"menifee_rank":383,"id":3682,"stream":"Unnamed hollow head, tributary to Leatherwood Fork","quad":"Frenchburg","gq":"GQ-1390","score_geology_only":64.0,"score_original":60.7,"top_pct_geology_only":33.3,"S":0.846,"D":0.503,"E":0.466,"I":0.543,"T":0.991,"R":0.5,"G":0.95,"dist_outline_km":8.8,"contact_class":"VERIFIED TARGET CONTACT (combined-unit top)","geo_conf":"Moderate-high","walk_start":"","source_zone_end":""}},{"type":"Feature","geometry":{"type":"Point","coordinates":[-83.738,37.9079]},"properties":{"menifee_rank":384,"id":5648,"stream":"Unnamed ravine / small hollow, tributary to Right Fork Cane Creek","quad":"Frenchburg","gq":"GQ-1390","score_geology_only":64.0,"score_original":60.7,"top_pct_geology_only":33.4,"S":0.665,"D":0.905,"E":0.23,"I":0.476,"T":0.974,"R":0.5,"G":0.95,"dist_outline_km":8.2,"contact_class":"VERIFIED TARGET CONTACT (combined-unit top)","geo_conf":"Moderate-high","walk_start":"","source_zone_end":""}},{"type":"Feature","geometry":{"type":"Point","coordinates":[-83.6301,37.9771]},"properties":{"menifee_rank":385,"id":2535,"stream":"Unnamed hollow head, tributary to Hackney Branch","quad":"Frenchburg","gq":"GQ-1390","score_geology_only":64.0,"score_original":56.9,"top_pct_geology_only":33.6,"S":0.753,"D":0.957,"E":0.016,"I":0.424,"T":0.94,"R":0.3,"G":0.95,"dist_outline_km":18.7,"contact_class":"VERIFIED TARGET CONTACT (combined-unit top)","geo_conf":"Moderate-high","walk_start":"","source_zone_end":""}},{"type":"Feature","geometry":{"type":"Point","coordinates":[-83.6801,37.9254]},"properties":{"menifee_rank":386,"id":949,"stream":"Unnamed hollow head, tributary to Haunted Cave Branch","quad":"Frenchburg","gq":"GQ-1390","score_geology_only":64.0,"score_original":60.7,"top_pct_geology_only":33.6,"S":0.856,"D":0.704,"E":0.339,"I":0.396,"T":0.907,"R":0.5,"G":0.95,"dist_outline_km":11.6,"contact_class":"VERIFIED TARGET CONTACT (combined-unit top)","geo_conf":"Moderate-high","walk_start":"","source_zone_end":""}},{"type":"Feature","geometry":{"type":"Point","coordinates":[-83.7382,37.8931]},"properties":{"menifee_rank":387,"id":642,"stream":"Unnamed hollow head, tributary to Short Creek","quad":"Frenchburg","gq":"GQ-1390","score_geology_only":64.0,"score_original":60.7,"top_pct_geology_only":33.7,"S":0.585,"D":0.888,"E":0.276,"I":0.606,"T":0.964,"R":0.5,"G":0.95,"dist_outline_km":6.6,"contact_class":"VERIFIED TARGET CONTACT (combined-unit top)","geo_conf":"Moderate-high","walk_start":"","source_zone_end":""}},{"type":"Feature","geometry":{"type":"Point","coordinates":[-83.7324,37.9069]},"properties":{"menifee_rank":388,"id":5812,"stream":"Unnamed ravine / small hollow, tributary to Commissary Branch","quad":"Frenchburg","gq":"GQ-1390","score_geology_only":63.9,"score_original":60.6,"top_pct_geology_only":33.8,"S":0.643,"D":0.903,"E":0.224,"I":0.498,"T":1.0,"R":0.5,"G":0.95,"dist_outline_km":8.2,"contact_class":"VERIFIED TARGET CONTACT (combined-unit top)","geo_conf":"Moderate-high","walk_start":"","source_zone_end":""}},{"type":"Feature","geometry":{"type":"Point","coordinates":[-83.6613,37.8703]},"properties":{"menifee_rank":389,"id":4352,"stream":"Unnamed hollow head, tributary to East Fork Indian Creek","quad":"Slade","gq":"GQ-1183","score_geology_only":63.9,"score_original":60.6,"top_pct_geology_only":34.2,"S":1.0,"D":0.235,"E":0.571,"I":0.558,"T":1.0,"R":0.5,"G":0.95,"dist_outline_km":7.2,"contact_class":"VERIFIED TARGET CONTACT (combined-unit top)","geo_conf":"Moderate-high","walk_start":"","source_zone_end":""}},{"type":"Feature","geometry":{"type":"Point","coordinates":[-83.6812,37.9702]},"properties":{"menifee_rank":390,"id":4803,"stream":"Unnamed ravine / small hollow, tributary to Dog Trot Fork","quad":"Frenchburg","gq":"GQ-1390","score_geology_only":63.8,"score_original":56.8,"top_pct_geology_only":34.4,"S":0.79,"D":0.943,"E":0.023,"I":0.328,"T":1.0,"R":0.3,"G":0.95,"dist_outline_km":16.2,"contact_class":"VERIFIED TARGET CONTACT (combined-unit top)","geo_conf":"Moderate-high","walk_start":"","source_zone_end":""}},{"type":"Feature","geometry":{"type":"Point","coordinates":[-83.6811,37.9686]},"properties":{"menifee_rank":391,"id":5167,"stream":"Unnamed ravine / small hollow, tributary to Dog Trot Fork","quad":"Frenchburg","gq":"GQ-1390","score_geology_only":63.8,"score_original":56.8,"top_pct_geology_only":34.4,"S":0.79,"D":0.943,"E":0.023,"I":0.328,"T":1.0,"R":0.3,"G":0.95,"dist_outline_km":16.0,"contact_class":"VERIFIED TARGET CONTACT (combined-unit top)","geo_conf":"Moderate-high","walk_start":"","source_zone_end":""}},{"type":"Feature","geometry":{"type":"Point","coordinates":[-83.7313,37.9228]},"properties":{"menifee_rank":392,"id":4266,"stream":"Unnamed hollow head, tributary to Falling Timber Branch","quad":"Frenchburg","gq":"GQ-1390","score_geology_only":63.8,"score_original":60.6,"top_pct_geology_only":34.4,"S":0.867,"D":0.801,"E":0.276,"I":0.261,"T":0.938,"R":0.5,"G":0.95,"dist_outline_km":10.0,"contact_class":"VERIFIED TARGET CONTACT (combined-unit top)","geo_conf":"Moderate-high","walk_start":"","source_zone_end":""}},{"type":"Feature","geometry":{"type":"Point","coordinates":[-83.647,37.9717]},"properties":{"menifee_rank":393,"id":2039,"stream":"Unnamed hollow head, tributary to Stonequarry Creek","quad":"Frenchburg","gq":"GQ-1390","score_geology_only":63.8,"score_original":56.7,"top_pct_geology_only":34.5,"S":0.696,"D":0.941,"E":0.061,"I":0.514,"T":0.919,"R":0.3,"G":0.95,"dist_outline_km":17.5,"contact_class":"VERIFIED TARGET CONTACT (combined-unit top)","geo_conf":"Moderate-high","walk_start":"","source_zone_end":""}},{"type":"Feature","geometry":{"type":"Point","coordinates":[-83.698,37.9539]},"properties":{"menifee_rank":394,"id":2817,"stream":"Unnamed hollow head, tributary to Peter Trace","quad":"Frenchburg","gq":"GQ-1390","score_geology_only":63.8,"score_original":60.5,"top_pct_geology_only":34.6,"S":0.678,"D":0.883,"E":0.277,"I":0.423,"T":1.0,"R":0.5,"G":0.95,"dist_outline_km":14.0,"contact_class":"VERIFIED TARGET CONTACT (combined-unit top)","geo_conf":"Moderate-high","walk_start":"","source_zone_end":""}},{"type":"Feature","geometry":{"type":"Point","coordinates":[-83.6483,37.8792]},"properties":{"menifee_rank":395,"id":182,"stream":"Unnamed hollow head, tributary to East Fork Indian Creek","quad":"Frenchburg","gq":"GQ-1390","score_geology_only":63.8,"score_original":60.5,"top_pct_geology_only":34.7,"S":1.0,"D":0.223,"E":0.571,"I":0.569,"T":1.0,"R":0.5,"G":0.95,"dist_outline_km":8.7,"contact_class":"VERIFIED TARGET CONTACT (combined-unit top)","geo_conf":"Moderate-high","walk_start":"","source_zone_end":""}},{"type":"Feature","geometry":{"type":"Point","coordinates":[-83.6459,37.8818]},"properties":{"menifee_rank":396,"id":5923,"stream":"Unnamed ravine / small hollow, tributary to East Fork Indian Creek","quad":"Frenchburg","gq":"GQ-1390","score_geology_only":63.7,"score_original":60.5,"top_pct_geology_only":34.8,"S":1.0,"D":0.218,"E":0.565,"I":0.578,"T":1.0,"R":0.5,"G":0.95,"dist_outline_km":9.1,"contact_class":"VERIFIED TARGET CONTACT (combined-unit top)","geo_conf":"Moderate-high","walk_start":"","source_zone_end":""}},{"type":"Feature","geometry":{"type":"Point","coordinates":[-83.5244,37.9612]},"properties":{"menifee_rank":397,"id":5116,"stream":"Unnamed ravine / small hollow, tributary to Meyers Fork","quad":"Scranton","gq":"GQ-1488","score_geology_only":63.7,"score_original":56.7,"top_pct_geology_only":34.8,"S":1.0,"D":0.318,"E":0.242,"I":0.66,"T":1.0,"R":0.3,"G":0.95,"dist_outline_km":22.8,"contact_class":"VERIFIED TARGET CONTACT (combined-unit top)","geo_conf":"Moderate-high","walk_start":"","source_zone_end":""}},{"type":"Feature","geometry":{"type":"Point","coordinates":[-83.5238,37.9627]},"properties":{"menifee_rank":398,"id":5810,"stream":"Unnamed ravine / small hollow, tributary to Meyers Fork","quad":"Scranton","gq":"GQ-1488","score_geology_only":63.7,"score_original":56.7,"top_pct_geology_only":34.9,"S":1.0,"D":0.318,"E":0.242,"I":0.658,"T":1.0,"R":0.3,"G":0.95,"dist_outline_km":23.0,"contact_class":"VERIFIED TARGET CONTACT (combined-unit top)","geo_conf":"Moderate-high","walk_start":"","source_zone_end":""}},{"type":"Feature","geometry":{"type":"Point","coordinates":[-83.6911,37.8992]},"properties":{"menifee_rank":399,"id":1970,"stream":"Unnamed hollow head, tributary to Leatherwood Fork","quad":"Frenchburg","gq":"GQ-1390","score_geology_only":63.7,"score_original":60.4,"top_pct_geology_only":35.0,"S":0.793,"D":0.514,"E":0.431,"I":0.614,"T":1.0,"R":0.5,"G":0.95,"dist_outline_km":8.6,"contact_class":"VERIFIED TARGET CONTACT (combined-unit top)","geo_conf":"Moderate-high","walk_start":"","source_zone_end":""}},{"type":"Feature","geometry":{"type":"Point","coordinates":[-83.6828,37.9427]},"properties":{"menifee_rank":400,"id":6101,"stream":"Unnamed ravine / small hollow, tributary to Coldiron Fork","quad":"Frenchburg","gq":"GQ-1390","score_geology_only":63.6,"score_original":60.4,"top_pct_geology_only":35.1,"S":0.682,"D":0.717,"E":0.441,"I":0.52,"T":1.0,"R":0.5,"G":0.95,"dist_outline_km":13.2,"contact_class":"VERIFIED TARGET CONTACT (combined-unit top)","geo_conf":"Moderate-high","walk_start":"","source_zone_end":""}},{"type":"Feature","geometry":{"type":"Point","coordinates":[-83.7239,37.9064]},"properties":{"menifee_rank":401,"id":5609,"stream":"Unnamed ravine / small hollow, tributary to Spaas Creek","quad":"Frenchburg","gq":"GQ-1390","score_geology_only":63.6,"score_original":60.4,"top_pct_geology_only":35.1,"S":0.678,"D":0.777,"E":0.388,"I":0.482,"T":1.0,"R":0.5,"G":0.95,"dist_outline_km":8.3,"contact_class":"VERIFIED TARGET CONTACT (combined-unit top)","geo_conf":"Moderate-high","walk_start":"","source_zone_end":""}},{"type":"Feature","geometry":{"type":"Point","coordinates":[-83.6786,37.9406]},"properties":{"menifee_rank":402,"id":2198,"stream":"Unnamed hollow head, tributary to Coldiron Fork","quad":"Frenchburg","gq":"GQ-1390","score_geology_only":63.6,"score_original":60.4,"top_pct_geology_only":35.2,"S":0.703,"D":0.733,"E":0.443,"I":0.462,"T":1.0,"R":0.5,"G":0.95,"dist_outline_km":13.2,"contact_class":"VERIFIED TARGET CONTACT (combined-unit top)","geo_conf":"Moderate-high","walk_start":"","source_zone_end":""}},{"type":"Feature","geometry":{"type":"Point","coordinates":[-83.7321,37.8981]},"properties":{"menifee_rank":403,"id":1972,"stream":"Unnamed hollow head, tributary to Short Creek","quad":"Frenchburg","gq":"GQ-1390","score_geology_only":63.6,"score_original":60.4,"top_pct_geology_only":35.2,"S":0.699,"D":0.883,"E":0.309,"I":0.396,"T":0.943,"R":0.5,"G":0.95,"dist_outline_km":7.3,"contact_class":"VERIFIED TARGET CONTACT (combined-unit top)","geo_conf":"Moderate-high","walk_start":"","source_zone_end":""}},{"type":"Feature","geometry":{"type":"Point","coordinates":[-83.6664,37.8721]},"properties":{"menifee_rank":404,"id":4310,"stream":"Unnamed hollow head, tributary to East Fork Indian Creek","quad":"Slade","gq":"GQ-1183","score_geology_only":63.6,"score_original":60.4,"top_pct_geology_only":35.4,"S":1.0,"D":0.237,"E":0.57,"I":0.549,"T":0.988,"R":0.5,"G":0.95,"dist_outline_km":7.1,"contact_class":"VERIFIED TARGET CONTACT (combined-unit top)","geo_conf":"Moderate-high","walk_start":"","source_zone_end":""}},{"type":"Feature","geometry":{"type":"Point","coordinates":[-83.6834,37.9347]},"properties":{"menifee_rank":405,"id":841,"stream":"Unnamed hollow head, tributary to Coldiron Fork","quad":"Frenchburg","gq":"GQ-1390","score_geology_only":63.6,"score_original":60.4,"top_pct_geology_only":35.5,"S":0.725,"D":0.759,"E":0.462,"I":0.413,"T":0.943,"R":0.5,"G":0.95,"dist_outline_km":12.4,"contact_class":"VERIFIED TARGET CONTACT (combined-unit top)","geo_conf":"Moderate-high","walk_start":"","source_zone_end":""}},{"type":"Feature","geometry":{"type":"Point","coordinates":[-83.655,37.8883]},"properties":{"menifee_rank":406,"id":3000,"stream":"Unnamed hollow head, tributary to Blackstand Branch","quad":"Frenchburg","gq":"GQ-1390","score_geology_only":63.6,"score_original":60.4,"top_pct_geology_only":35.5,"S":1.0,"D":0.198,"E":0.547,"I":0.607,"T":1.0,"R":0.5,"G":0.95,"dist_outline_km":9.2,"contact_class":"VERIFIED TARGET CONTACT (combined-unit top)","geo_conf":"Moderate-high","walk_start":"","source_zone_end":""}},{"type":"Feature","geometry":{"type":"Point","coordinates":[-83.6535,37.8768]},"properties":{"menifee_rank":407,"id":4374,"stream":"Unnamed hollow head, tributary to East Fork Indian Creek","quad":"Frenchburg","gq":"GQ-1390","score_geology_only":63.6,"score_original":60.3,"top_pct_geology_only":35.5,"S":1.0,"D":0.224,"E":0.571,"I":0.556,"T":1.0,"R":0.5,"G":0.95,"dist_outline_km":8.2,"contact_class":"VERIFIED TARGET CONTACT (combined-unit top)","geo_conf":"Moderate-high","walk_start":"","source_zone_end":""}},{"type":"Feature","geometry":{"type":"Point","coordinates":[-83.731,37.9269]},"properties":{"menifee_rank":408,"id":507,"stream":"Unnamed hollow head, tributary to Falling Timber Branch","quad":"Frenchburg","gq":"GQ-1390","score_geology_only":63.6,"score_original":60.4,"top_pct_geology_only":35.6,"S":0.62,"D":0.902,"E":0.323,"I":0.472,"T":0.967,"R":0.5,"G":0.95,"dist_outline_km":10.4,"contact_class":"VERIFIED TARGET CONTACT (combined-unit top)","geo_conf":"Moderate-high","walk_start":"","source_zone_end":""}},{"type":"Feature","geometry":{"type":"Point","coordinates":[-83.6791,37.9383]},"properties":{"menifee_rank":409,"id":1545,"stream":"Unnamed hollow head, tributary to Coldiron Fork","quad":"Frenchburg","gq":"GQ-1390","score_geology_only":63.5,"score_original":60.3,"top_pct_geology_only":35.8,"S":0.723,"D":0.759,"E":0.461,"I":0.375,"T":1.0,"R":0.5,"G":0.95,"dist_outline_km":12.9,"contact_class":"VERIFIED TARGET CONTACT (combined-unit top)","geo_conf":"Moderate-high","walk_start":"","source_zone_end":""}},{"type":"Feature","geometry":{"type":"Point","coordinates":[-83.6829,37.8636]},"properties":{"menifee_rank":410,"id":2962,"stream":"Unnamed hollow head, tributary to Powder Mill Branch","quad":"Slade","gq":"GQ-1183","score_geology_only":63.5,"score_original":60.3,"top_pct_geology_only":35.9,"S":1.0,"D":0.285,"E":0.526,"I":0.609,"T":0.838,"R":0.5,"G":0.95,"dist_outline_km":5.6,"contact_class":"VERIFIED TARGET CONTACT (combined-unit top)","geo_conf":"Moderate-high","walk_start":"","source_zone_end":""}},{"type":"Feature","geometry":{"type":"Point","coordinates":[-83.6844,37.9208]},"properties":{"menifee_rank":411,"id":2710,"stream":"Unnamed hollow head, tributary to Puncheon Camp Branch","quad":"Frenchburg","gq":"GQ-1390","score_geology_only":63.5,"score_original":60.3,"top_pct_geology_only":36.0,"S":0.854,"D":0.702,"E":0.335,"I":0.335,"T":0.97,"R":0.5,"G":0.95,"dist_outline_km":11.0,"contact_class":"VERIFIED TARGET CONTACT (combined-unit top)","geo_conf":"Moderate-high","walk_start":"","source_zone_end":""}},{"type":"Feature","geometry":{"type":"Point","coordinates":[-83.6871,37.904]},"properties":{"menifee_rank":412,"id":6163,"stream":"Unnamed ravine / small hollow, tributary to Leatherwood Fork","quad":"Frenchburg","gq":"GQ-1390","score_geology_only":63.4,"score_original":60.3,"top_pct_geology_only":36.2,"S":0.791,"D":0.512,"E":0.431,"I":0.607,"T":1.0,"R":0.5,"G":0.95,"dist_outline_km":9.2,"contact_class":"VERIFIED TARGET CONTACT (combined-unit top)","geo_conf":"Moderate-high","walk_start":"","source_zone_end":""}},{"type":"Feature","geometry":{"type":"Point","coordinates":[-83.6786,37.9453]},"properties":{"menifee_rank":413,"id":6248,"stream":"Unnamed ravine / small hollow, tributary to Coldiron Fork","quad":"Frenchburg","gq":"GQ-1390","score_geology_only":63.4,"score_original":60.2,"top_pct_geology_only":36.3,"S":0.657,"D":0.711,"E":0.451,"I":0.55,"T":1.0,"R":0.5,"G":0.95,"dist_outline_km":13.6,"contact_class":"VERIFIED TARGET CONTACT (combined-unit top)","geo_conf":"Moderate-high","walk_start":"","source_zone_end":""}},{"type":"Feature","geometry":{"type":"Point","coordinates":[-83.7208,37.9095]},"properties":{"menifee_rank":414,"id":2712,"stream":"Spaas Creek, tributary to Ringo Branch","quad":"Frenchburg","gq":"GQ-1390","score_geology_only":63.4,"score_original":60.2,"top_pct_geology_only":36.4,"S":0.672,"D":0.769,"E":0.387,"I":0.49,"T":1.0,"R":0.5,"G":0.95,"dist_outline_km":8.7,"contact_class":"VERIFIED TARGET CONTACT (combined-unit top)","geo_conf":"Moderate-high","walk_start":"","source_zone_end":""}},{"type":"Feature","geometry":{"type":"Point","coordinates":[-83.6512,37.8909]},"properties":{"menifee_rank":415,"id":5266,"stream":"Unnamed ravine / small hollow, tributary to Blackstand Branch","quad":"Frenchburg","gq":"GQ-1390","score_geology_only":63.4,"score_original":60.2,"top_pct_geology_only":36.6,"S":1.0,"D":0.211,"E":0.555,"I":0.574,"T":1.0,"R":0.5,"G":0.95,"dist_outline_km":9.6,"contact_class":"VERIFIED TARGET CONTACT (combined-unit top)","geo_conf":"Moderate-high","walk_start":"","source_zone_end":""}},{"type":"Feature","geometry":{"type":"Point","coordinates":[-83.6212,37.9845]},"properties":{"menifee_rank":416,"id":4471,"stream":"Hackney Branch, tributary to Beaver Creek","quad":"Scranton","gq":"GQ-1488","score_geology_only":63.4,"score_original":56.4,"top_pct_geology_only":36.7,"S":0.753,"D":0.957,"E":0.016,"I":0.376,"T":0.96,"R":0.3,"G":0.95,"dist_outline_km":19.8,"contact_class":"VERIFIED TARGET CONTACT (combined-unit top)","geo_conf":"Moderate-high","walk_start":"","source_zone_end":""}},{"type":"Feature","geometry":{"type":"Point","coordinates":[-83.5391,37.9638]},"properties":{"menifee_rank":417,"id":6047,"stream":"Unnamed ravine / small hollow, tributary to Meyers Fork","quad":"Scranton","gq":"GQ-1488","score_geology_only":63.4,"score_original":56.4,"top_pct_geology_only":36.7,"S":1.0,"D":0.307,"E":0.245,"I":0.651,"T":1.0,"R":0.3,"G":0.95,"dist_outline_km":22.1,"contact_class":"VERIFIED TARGET CONTACT (combined-unit top)","geo_conf":"Moderate-high","walk_start":"","source_zone_end":""}},{"type":"Feature","geometry":{"type":"Point","coordinates":[-83.5436,37.9715]},"properties":{"menifee_rank":418,"id":6666,"stream":"Unnamed ravine / small hollow, tributary to Meyers Fork","quad":"Scranton","gq":"GQ-1488","score_geology_only":63.4,"score_original":56.4,"top_pct_geology_only":36.7,"S":0.589,"D":0.82,"E":0.159,"I":0.709,"T":1.0,"R":0.3,"G":0.95,"dist_outline_km":22.5,"contact_class":"VERIFIED TARGET CONTACT (combined-unit top)","geo_conf":"Moderate-high","walk_start":"","source_zone_end":""}},{"type":"Feature","geometry":{"type":"Point","coordinates":[-83.6559,37.8882]},"properties":{"menifee_rank":419,"id":6409,"stream":"Unnamed ravine / small hollow, tributary to Blackstand Branch","quad":"Frenchburg","gq":"GQ-1390","score_geology_only":63.3,"score_original":60.2,"top_pct_geology_only":36.9,"S":1.0,"D":0.198,"E":0.547,"I":0.594,"T":1.0,"R":0.5,"G":0.95,"dist_outline_km":9.1,"contact_class":"VERIFIED TARGET CONTACT (combined-unit top)","geo_conf":"Moderate-high","walk_start":"","source_zone_end":""}},{"type":"Feature","geometry":{"type":"Point","coordinates":[-83.6888,37.9701]},"properties":{"menifee_rank":420,"id":944,"stream":"Unnamed hollow head, tributary to Dog Trot Fork","quad":"Frenchburg","gq":"GQ-1390","score_geology_only":63.3,"score_original":56.3,"top_pct_geology_only":36.9,"S":0.858,"D":0.949,"E":0.035,"I":0.217,"T":0.929,"R":0.3,"G":0.95,"dist_outline_km":16.0,"contact_class":"VERIFIED TARGET CONTACT (combined-unit top)","geo_conf":"Moderate-high","walk_start":"","source_zone_end":""}},{"type":"Feature","geometry":{"type":"Point","coordinates":[-83.7543,37.9144]},"properties":{"menifee_rank":421,"id":2870,"stream":"Unnamed hollow head, tributary to Dogtrot Branch","quad":"Means","gq":"GQ-1324","score_geology_only":63.3,"score_original":60.2,"top_pct_geology_only":37.0,"S":0.632,"D":0.957,"E":0.284,"I":0.424,"T":0.918,"R":0.5,"G":0.95,"dist_outline_km":8.7,"contact_class":"VERIFIED TARGET CONTACT (combined-unit top)","geo_conf":"Moderate-high","walk_start":"","source_zone_end":""}},{"type":"Feature","geometry":{"type":"Point","coordinates":[-83.6526,37.8662]},"properties":{"menifee_rank":422,"id":958,"stream":"Unnamed hollow head, tributary to Powell Branch","quad":"Slade","gq":"GQ-1183","score_geology_only":63.3,"score_original":60.2,"top_pct_geology_only":37.0,"S":1.0,"D":0.225,"E":0.572,"I":0.588,"T":0.928,"R":0.5,"G":0.95,"dist_outline_km":7.4,"contact_class":"VERIFIED TARGET CONTACT (combined-unit top)","geo_conf":"Moderate-high","walk_start":"","source_zone_end":""}},{"type":"Feature","geometry":{"type":"Point","coordinates":[-83.6812,37.895]},"properties":{"menifee_rank":423,"id":285,"stream":"Unnamed hollow head, tributary to Leatherwood Fork","quad":"Frenchburg","gq":"GQ-1390","score_geology_only":63.3,"score_original":60.1,"top_pct_geology_only":37.1,"S":0.858,"D":0.515,"E":0.481,"I":0.449,"T":1.0,"R":0.5,"G":0.95,"dist_outline_km":8.6,"contact_class":"VERIFIED TARGET CONTACT (combined-unit top)","geo_conf":"Moderate-high","walk_start":"","source_zone_end":""}},{"type":"Feature","geometry":{"type":"Point","coordinates":[-83.5179,37.9677]},"properties":{"menifee_rank":424,"id":5115,"stream":"Unnamed ravine / small hollow, tributary to Meyers Fork","quad":"Scranton","gq":"GQ-1488","score_geology_only":63.3,"score_original":56.3,"top_pct_geology_only":37.2,"S":1.0,"D":0.339,"E":0.249,"I":0.6,"T":1.0,"R":0.3,"G":0.95,"dist_outline_km":23.7,"contact_class":"VERIFIED TARGET CONTACT (combined-unit top)","geo_conf":"Moderate-high","walk_start":"","source_zone_end":""}},{"type":"Feature","geometry":{"type":"Point","coordinates":[-83.5505,37.9802]},"properties":{"menifee_rank":425,"id":1358,"stream":"Unnamed hollow head, tributary to Beaver Creek","quad":"Scranton","gq":"GQ-1488","score_geology_only":63.3,"score_original":56.3,"top_pct_geology_only":37.3,"S":1.0,"D":0.455,"E":0.155,"I":0.597,"T":0.866,"R":0.3,"G":0.95,"dist_outline_km":22.8,"contact_class":"VERIFIED TARGET CONTACT (combined-unit top)","geo_conf":"Moderate-high","walk_start":"","source_zone_end":""}},{"type":"Feature","geometry":{"type":"Point","coordinates":[-83.5123,37.9769]},"properties":{"menifee_rank":426,"id":5166,"stream":"Unnamed ravine / small hollow, tributary to Brushy Fork","quad":"Scranton","gq":"GQ-1488","score_geology_only":63.3,"score_original":56.3,"top_pct_geology_only":37.3,"S":1.0,"D":0.187,"E":0.302,"I":0.785,"T":0.973,"R":0.3,"G":0.95,"dist_outline_km":24.8,"contact_class":"VERIFIED TARGET CONTACT (combined-unit top)","geo_conf":"Moderate-high","walk_start":"","source_zone_end":""}},{"type":"Feature","geometry":{"type":"Point","coordinates":[-83.6877,37.9399]},"properties":{"menifee_rank":427,"id":2409,"stream":"Unnamed hollow head, tributary to Coldiron Fork","quad":"Frenchburg","gq":"GQ-1390","score_geology_only":63.2,"score_original":60.1,"top_pct_geology_only":37.4,"S":0.682,"D":0.717,"E":0.441,"I":0.497,"T":1.0,"R":0.5,"G":0.95,"dist_outline_km":12.8,"contact_class":"VERIFIED TARGET CONTACT (combined-unit top)","geo_conf":"Moderate-high","walk_start":"","source_zone_end":""}},{"type":"Feature","geometry":{"type":"Point","coordinates":[-83.688,37.9401]},"properties":{"menifee_rank":428,"id":3640,"stream":"Unnamed hollow head, tributary to Coldiron Fork","quad":"Frenchburg","gq":"GQ-1390","score_geology_only":63.2,"score_original":60.1,"top_pct_geology_only":37.4,"S":0.666,"D":0.714,"E":0.454,"I":0.519,"T":1.0,"R":0.5,"G":0.95,"dist_outline_km":12.8,"contact_class":"VERIFIED TARGET CONTACT (combined-unit top)","geo_conf":"Moderate-high","walk_start":"","source_zone_end":""}},{"type":"Feature","geometry":{"type":"Point","coordinates":[-83.6561,37.8914]},"properties":{"menifee_rank":429,"id":6417,"stream":"Blackstand Branch, tributary to East Fork Indian Creek","quad":"Frenchburg","gq":"GQ-1390","score_geology_only":63.2,"score_original":60.1,"top_pct_geology_only":37.6,"S":1.0,"D":0.197,"E":0.547,"I":0.588,"T":1.0,"R":0.5,"G":0.95,"dist_outline_km":9.4,"contact_class":"VERIFIED TARGET CONTACT (combined-unit top)","geo_conf":"Moderate-high","walk_start":"","source_zone_end":""}},{"type":"Feature","geometry":{"type":"Point","coordinates":[-83.5946,37.9648]},"properties":{"menifee_rank":430,"id":5777,"stream":"Unnamed ravine / small hollow, tributary to Long Branch","quad":"Scranton","gq":"GQ-1488","score_geology_only":63.2,"score_original":56.2,"top_pct_geology_only":37.7,"S":0.74,"D":0.796,"E":0.104,"I":0.517,"T":1.0,"R":0.3,"G":0.95,"dist_outline_km":19.2,"contact_class":"VERIFIED TARGET CONTACT (combined-unit top)","geo_conf":"Moderate-high","walk_start":"","source_zone_end":""}},{"type":"Feature","geometry":{"type":"Point","coordinates":[-83.7373,37.893]},"properties":{"menifee_rank":431,"id":736,"stream":"Unnamed hollow head, tributary to Short Creek","quad":"Frenchburg","gq":"GQ-1390","score_geology_only":63.2,"score_original":60.0,"top_pct_geology_only":37.7,"S":0.588,"D":0.889,"E":0.279,"I":0.554,"T":0.963,"R":0.5,"G":0.95,"dist_outline_km":6.6,"contact_class":"VERIFIED TARGET CONTACT (combined-unit top)","geo_conf":"Moderate-high","walk_start":"","source_zone_end":""}},{"type":"Feature","geometry":{"type":"Point","coordinates":[-83.6715,37.8556]},"properties":{"menifee_rank":432,"id":5871,"stream":"Unnamed ravine / small hollow, tributary to Indian Creek","quad":"Slade","gq":"GQ-1183","score_geology_only":63.1,"score_original":60.0,"top_pct_geology_only":37.9,"S":1.0,"D":0.285,"E":0.525,"I":0.733,"T":0.623,"R":0.5,"G":0.95,"dist_outline_km":5.4,"contact_class":"VERIFIED TARGET CONTACT (combined-unit top)","geo_conf":"Moderate-high","walk_start":"","source_zone_end":""}},{"type":"Feature","geometry":{"type":"Point","coordinates":[-83.5574,37.9672]},"properties":{"menifee_rank":433,"id":6533,"stream":"Unnamed ravine / small hollow, tributary to Hog Branch","quad":"Scranton","gq":"GQ-1488","score_geology_only":63.1,"score_original":56.2,"top_pct_geology_only":38.1,"S":0.713,"D":0.733,"E":0.164,"I":0.622,"T":0.971,"R":0.3,"G":0.95,"dist_outline_km":21.3,"contact_class":"VERIFIED TARGET CONTACT (combined-unit top)","geo_conf":"Moderate-high","walk_start":"","source_zone_end":""}},{"type":"Feature","geometry":{"type":"Point","coordinates":[-83.5123,37.9763]},"properties":{"menifee_rank":434,"id":1,"stream":"Unnamed hollow head, tributary to Brushy Fork","quad":"Scranton","gq":"GQ-1488","score_geology_only":63.1,"score_original":56.2,"top_pct_geology_only":38.1,"S":1.0,"D":0.188,"E":0.301,"I":0.777,"T":0.973,"R":0.3,"G":0.95,"dist_outline_km":24.8,"contact_class":"VERIFIED TARGET CONTACT (combined-unit top)","geo_conf":"Moderate-high","walk_start":"","source_zone_end":""}},{"type":"Feature","geometry":{"type":"Point","coordinates":[-83.5329,37.9797]},"properties":{"menifee_rank":435,"id":169,"stream":"Unnamed hollow head, tributary to Meyers Fork","quad":"Scranton","gq":"GQ-1488","score_geology_only":63.1,"score_original":56.2,"top_pct_geology_only":38.3,"S":1.0,"D":0.401,"E":0.234,"I":0.599,"T":0.878,"R":0.3,"G":0.95,"dist_outline_km":23.8,"contact_class":"VERIFIED TARGET CONTACT (combined-unit top)","geo_conf":"Moderate-high","walk_start":"","source_zone_end":""}},{"type":"Feature","geometry":{"type":"Point","coordinates":[-83.6161,37.9806]},"properties":{"menifee_rank":436,"id":1637,"stream":"Unnamed hollow head, tributary to Hackney Branch","quad":"Scranton","gq":"GQ-1488","score_geology_only":63.1,"score_original":56.2,"top_pct_geology_only":38.4,"S":0.784,"D":0.959,"E":0.015,"I":0.316,"T":0.943,"R":0.3,"G":0.95,"dist_outline_km":19.7,"contact_class":"VERIFIED TARGET CONTACT (combined-unit top)","geo_conf":"Moderate-high","walk_start":"","source_zone_end":""}},{"type":"Feature","geometry":{"type":"Point","coordinates":[-83.6747,37.8655]},"properties":{"menifee_rank":437,"id":1555,"stream":"Unnamed hollow head, tributary to Indian Creek","quad":"Slade","gq":"GQ-1183","score_geology_only":63.0,"score_original":59.9,"top_pct_geology_only":38.6,"S":1.0,"D":0.285,"E":0.526,"I":0.503,"T":0.957,"R":0.5,"G":0.95,"dist_outline_km":6.1,"contact_class":"VERIFIED TARGET CONTACT (combined-unit top)","geo_conf":"Moderate-high","walk_start":"","source_zone_end":""}},{"type":"Feature","geometry":{"type":"Point","coordinates":[-83.5828,37.9831]},"properties":{"menifee_rank":438,"id":2705,"stream":"Unnamed hollow head, tributary to Brier Branch","quad":"Scranton","gq":"GQ-1488","score_geology_only":63.0,"score_original":56.1,"top_pct_geology_only":38.6,"S":0.642,"D":0.957,"E":0.138,"I":0.434,"T":0.999,"R":0.3,"G":0.95,"dist_outline_km":21.5,"contact_class":"VERIFIED TARGET CONTACT (combined-unit top)","geo_conf":"Moderate-high","walk_start":"","source_zone_end":""}},{"type":"Feature","geometry":{"type":"Point","coordinates":[-83.6901,37.938]},"properties":{"menifee_rank":439,"id":5656,"stream":"Unnamed ravine / small hollow, tributary to Coldiron Fork","quad":"Frenchburg","gq":"GQ-1390","score_geology_only":63.0,"score_original":59.9,"top_pct_geology_only":38.7,"S":0.666,"D":0.714,"E":0.454,"I":0.506,"T":1.0,"R":0.5,"G":0.95,"dist_outline_km":12.5,"contact_class":"VERIFIED TARGET CONTACT (combined-unit top)","geo_conf":"Moderate-high","walk_start":"","source_zone_end":""}},{"type":"Feature","geometry":{"type":"Point","coordinates":[-83.6785,37.9449]},"properties":{"menifee_rank":440,"id":1162,"stream":"Unnamed hollow head, tributary to Coldiron Fork","quad":"Frenchburg","gq":"GQ-1390","score_geology_only":63.0,"score_original":59.9,"top_pct_geology_only":38.9,"S":0.655,"D":0.708,"E":0.452,"I":0.531,"T":1.0,"R":0.5,"G":0.95,"dist_outline_km":13.6,"contact_class":"VERIFIED TARGET CONTACT (combined-unit top)","geo_conf":"Moderate-high","walk_start":"","source_zone_end":""}},{"type":"Feature","geometry":{"type":"Point","coordinates":[-83.6703,37.8569]},"properties":{"menifee_rank":441,"id":5738,"stream":"Unnamed ravine / small hollow, tributary to Indian Creek","quad":"Slade","gq":"GQ-1183","score_geology_only":63.0,"score_original":59.9,"top_pct_geology_only":38.9,"S":1.0,"D":0.285,"E":0.525,"I":0.746,"T":0.588,"R":0.5,"G":0.95,"dist_outline_km":5.6,"contact_class":"VERIFIED TARGET CONTACT (combined-unit top)","geo_conf":"Moderate-high","walk_start":"","source_zone_end":""}},{"type":"Feature","geometry":{"type":"Point","coordinates":[-83.7238,37.9072]},"properties":{"menifee_rank":442,"id":5672,"stream":"Unnamed ravine / small hollow, tributary to Spaas Creek","quad":"Frenchburg","gq":"GQ-1390","score_geology_only":62.9,"score_original":59.9,"top_pct_geology_only":39.1,"S":0.676,"D":0.773,"E":0.385,"I":0.453,"T":1.0,"R":0.5,"G":0.95,"dist_outline_km":8.4,"contact_class":"VERIFIED TARGET CONTACT (combined-unit top)","geo_conf":"Moderate-high","walk_start":"","source_zone_end":""}},{"type":"Feature","geometry":{"type":"Point","coordinates":[-83.7197,37.9028]},"properties":{"menifee_rank":443,"id":393,"stream":"Unnamed hollow head, tributary to Spaas Creek","quad":"Frenchburg","gq":"GQ-1390","score_geology_only":62.9,"score_original":59.8,"top_pct_geology_only":39.3,"S":0.76,"D":0.853,"E":0.394,"I":0.198,"T":1.0,"R":0.5,"G":0.95,"dist_outline_km":8.0,"contact_class":"VERIFIED TARGET CONTACT (combined-unit top)","geo_conf":"Moderate-high","walk_start":"","source_zone_end":""}},{"type":"Feature","geometry":{"type":"Point","coordinates":[-83.726,37.9173]},"properties":{"menifee_rank":444,"id":1887,"stream":"Unnamed hollow head, tributary to Hawkins Branch","quad":"Frenchburg","gq":"GQ-1390","score_geology_only":62.9,"score_original":59.8,"top_pct_geology_only":39.3,"S":0.867,"D":0.804,"E":0.276,"I":0.175,"T":0.983,"R":0.5,"G":0.95,"dist_outline_km":9.5,"contact_class":"VERIFIED TARGET CONTACT (combined-unit top)","geo_conf":"Moderate-high","walk_start":"","source_zone_end":""}},{"type":"Feature","geometry":{"type":"Point","coordinates":[-83.7343,37.9056]},"properties":{"menifee_rank":445,"id":87,"stream":"Unnamed hollow head, tributary to Commissary Branch","quad":"Frenchburg","gq":"GQ-1390","score_geology_only":62.9,"score_original":59.8,"top_pct_geology_only":39.3,"S":0.681,"D":0.907,"E":0.234,"I":0.392,"T":0.958,"R":0.5,"G":0.95,"dist_outline_km":8.1,"contact_class":"VERIFIED TARGET CONTACT (combined-unit top)","geo_conf":"Moderate-high","walk_start":"","source_zone_end":""}},{"type":"Feature","geometry":{"type":"Point","coordinates":[-83.5622,37.963]},"properties":{"menifee_rank":446,"id":6155,"stream":"Unnamed ravine / small hollow, tributary to Hog Branch","quad":"Scranton","gq":"GQ-1488","score_geology_only":62.9,"score_original":56.0,"top_pct_geology_only":39.4,"S":0.713,"D":0.733,"E":0.164,"I":0.589,"T":1.0,"R":0.3,"G":0.95,"dist_outline_km":20.7,"contact_class":"VERIFIED TARGET CONTACT (combined-unit top)","geo_conf":"Moderate-high","walk_start":"","source_zone_end":""}},{"type":"Feature","geometry":{"type":"Point","coordinates":[-83.512,37.9815]},"properties":{"menifee_rank":447,"id":3167,"stream":"Unnamed hollow head, tributary to Brushy Fork","quad":"Scranton","gq":"GQ-1488","score_geology_only":62.9,"score_original":56.0,"top_pct_geology_only":39.4,"S":1.0,"D":0.205,"E":0.294,"I":0.76,"T":0.951,"R":0.3,"G":0.95,"dist_outline_km":25.2,"contact_class":"VERIFIED TARGET CONTACT (combined-unit top)","geo_conf":"Moderate-high","walk_start":"","source_zone_end":""}},{"type":"Feature","geometry":{"type":"Point","coordinates":[-83.6884,37.9552]},"properties":{"menifee_rank":448,"id":2866,"stream":"Unnamed hollow head, tributary to Bull Fork","quad":"Frenchburg","gq":"GQ-1390","score_geology_only":62.9,"score_original":59.8,"top_pct_geology_only":39.4,"S":0.755,"D":0.819,"E":0.103,"I":0.444,"T":1.0,"R":0.5,"G":0.95,"dist_outline_km":14.4,"contact_class":"VERIFIED TARGET CONTACT (combined-unit top)","geo_conf":"Moderate-high","walk_start":"","source_zone_end":""}},{"type":"Feature","geometry":{"type":"Point","coordinates":[-83.6451,37.891]},"properties":{"menifee_rank":449,"id":4120,"stream":"Unnamed hollow head, tributary to East Fork Indian Creek","quad":"Frenchburg","gq":"GQ-1390","score_geology_only":62.8,"score_original":59.8,"top_pct_geology_only":39.5,"S":1.0,"D":0.211,"E":0.555,"I":0.543,"T":1.0,"R":0.5,"G":0.95,"dist_outline_km":9.9,"contact_class":"VERIFIED TARGET CONTACT (combined-unit top)","geo_conf":"Moderate-high","walk_start":"","source_zone_end":""}},{"type":"Feature","geometry":{"type":"Point","coordinates":[-83.5122,37.9814]},"properties":{"menifee_rank":450,"id":3031,"stream":"Unnamed hollow head, tributary to Brushy Fork","quad":"Scranton","gq":"GQ-1488","score_geology_only":62.8,"score_original":56.0,"top_pct_geology_only":39.5,"S":1.0,"D":0.205,"E":0.294,"I":0.77,"T":0.932,"R":0.3,"G":0.95,"dist_outline_km":25.2,"contact_class":"VERIFIED TARGET CONTACT (combined-unit top)","geo_conf":"Moderate-high","walk_start":"","source_zone_end":""}},{"type":"Feature","geometry":{"type":"Point","coordinates":[-83.6897,37.955]},"properties":{"menifee_rank":451,"id":1884,"stream":"Unnamed hollow head, tributary to Bull Fork","quad":"Frenchburg","gq":"GQ-1390","score_geology_only":62.8,"score_original":59.7,"top_pct_geology_only":39.7,"S":0.754,"D":0.818,"E":0.102,"I":0.445,"T":1.0,"R":0.5,"G":0.95,"dist_outline_km":14.3,"contact_class":"VERIFIED TARGET CONTACT (combined-unit top)","geo_conf":"Moderate-high","walk_start":"","source_zone_end":""}},{"type":"Feature","geometry":{"type":"Point","coordinates":[-83.6514,37.882]},"properties":{"menifee_rank":452,"id":6188,"stream":"Unnamed ravine / small hollow, tributary to East Fork Indian Creek","quad":"Frenchburg","gq":"GQ-1390","score_geology_only":62.8,"score_original":59.7,"top_pct_geology_only":39.7,"S":1.0,"D":0.22,"E":0.565,"I":0.523,"T":1.0,"R":0.5,"G":0.95,"dist_outline_km":8.8,"contact_class":"VERIFIED TARGET CONTACT (combined-unit top)","geo_conf":"Moderate-high","walk_start":"","source_zone_end":""}},{"type":"Feature","geometry":{"type":"Point","coordinates":[-83.6895,37.9406]},"properties":{"menifee_rank":453,"id":6624,"stream":"Unnamed ravine / small hollow, tributary to Coldiron Fork","quad":"Frenchburg","gq":"GQ-1390","score_geology_only":62.8,"score_original":59.7,"top_pct_geology_only":39.8,"S":0.658,"D":0.712,"E":0.449,"I":0.514,"T":1.0,"R":0.5,"G":0.95,"dist_outline_km":12.8,"contact_class":"VERIFIED TARGET CONTACT (combined-unit top)","geo_conf":"Moderate-high","walk_start":"","source_zone_end":""}},{"type":"Feature","geometry":{"type":"Point","coordinates":[-83.5016,37.9729]},"properties":{"menifee_rank":454,"id":4429,"stream":"Unnamed hollow head, tributary to Brushy Fork","quad":"Scranton","gq":"GQ-1488","score_geology_only":62.8,"score_original":55.9,"top_pct_geology_only":39.8,"S":1.0,"D":0.188,"E":0.301,"I":0.741,"T":1.0,"R":0.3,"G":0.95,"dist_outline_km":25.2,"contact_class":"VERIFIED TARGET CONTACT (combined-unit top)","geo_conf":"Moderate-high","walk_start":"","source_zone_end":""}},{"type":"Feature","geometry":{"type":"Point","coordinates":[-83.5174,37.978]},"properties":{"menifee_rank":455,"id":4306,"stream":"Unnamed hollow head, tributary to Meyers Fork","quad":"Scranton","gq":"GQ-1488","score_geology_only":62.8,"score_original":55.9,"top_pct_geology_only":39.9,"S":1.0,"D":0.354,"E":0.169,"I":0.718,"T":0.833,"R":0.3,"G":0.95,"dist_outline_km":24.6,"contact_class":"VERIFIED TARGET CONTACT (combined-unit top)","geo_conf":"Moderate-high","walk_start":"","source_zone_end":""}},{"type":"Feature","geometry":{"type":"Point","coordinates":[-83.5016,37.9724]},"properties":{"menifee_rank":456,"id":5655,"stream":"Unnamed ravine / small hollow, tributary to Brushy Fork","quad":"Scranton","gq":"GQ-1488","score_geology_only":62.8,"score_original":55.9,"top_pct_geology_only":39.9,"S":1.0,"D":0.188,"E":0.301,"I":0.74,"T":1.0,"R":0.3,"G":0.95,"dist_outline_km":25.1,"contact_class":"VERIFIED TARGET CONTACT (combined-unit top)","geo_conf":"Moderate-high","walk_start":"","source_zone_end":""}},{"type":"Feature","geometry":{"type":"Point","coordinates":[-83.5179,37.9687]},"properties":{"menifee_rank":457,"id":5838,"stream":"Unnamed ravine / small hollow, tributary to Meyers Fork","quad":"Scranton","gq":"GQ-1488","score_geology_only":62.7,"score_original":55.9,"top_pct_geology_only":40.1,"S":1.0,"D":0.338,"E":0.247,"I":0.595,"T":0.968,"R":0.3,"G":0.95,"dist_outline_km":23.8,"contact_class":"VERIFIED TARGET CONTACT (combined-unit top)","geo_conf":"Moderate-high","walk_start":"","source_zone_end":""}},{"type":"Feature","geometry":{"type":"Point","coordinates":[-83.7655,37.9184]},"properties":{"menifee_rank":458,"id":509,"stream":"Unnamed hollow head, tributary to Dogtrot Branch","quad":"Means","gq":"GQ-1324","score_geology_only":62.7,"score_original":59.7,"top_pct_geology_only":40.2,"S":0.632,"D":0.958,"E":0.284,"I":0.437,"T":0.847,"R":0.5,"G":0.95,"dist_outline_km":9.1,"contact_class":"VERIFIED TARGET CONTACT (combined-unit top)","geo_conf":"Moderate-high","walk_start":"","source_zone_end":""}},{"type":"Feature","geometry":{"type":"Point","coordinates":[-83.5186,37.9689]},"properties":{"menifee_rank":459,"id":2192,"stream":"Unnamed hollow head, tributary to Meyers Fork","quad":"Scranton","gq":"GQ-1488","score_geology_only":62.7,"score_original":55.9,"top_pct_geology_only":40.3,"S":1.0,"D":0.339,"E":0.248,"I":0.58,"T":0.986,"R":0.3,"G":0.95,"dist_outline_km":23.8,"contact_class":"VERIFIED TARGET CONTACT (combined-unit top)","geo_conf":"Moderate-high","walk_start":"","source_zone_end":""}},{"type":"Feature","geometry":{"type":"Point","coordinates":[-83.6451,37.8912]},"properties":{"menifee_rank":460,"id":1460,"stream":"Unnamed hollow head, tributary to East Fork Indian Creek","quad":"Frenchburg","gq":"GQ-1390","score_geology_only":62.7,"score_original":59.7,"top_pct_geology_only":40.3,"S":1.0,"D":0.211,"E":0.555,"I":0.536,"T":1.0,"R":0.5,"G":0.95,"dist_outline_km":9.9,"contact_class":"VERIFIED TARGET CONTACT (combined-unit top)","geo_conf":"Moderate-high","walk_start":"","source_zone_end":""}},{"type":"Feature","geometry":{"type":"Point","coordinates":[-83.6506,37.885]},"properties":{"menifee_rank":461,"id":5770,"stream":"Unnamed ravine / small hollow, tributary to East Fork Indian Creek","quad":"Frenchburg","gq":"GQ-1390","score_geology_only":62.7,"score_original":59.7,"top_pct_geology_only":40.5,"S":1.0,"D":0.216,"E":0.563,"I":0.523,"T":1.0,"R":0.5,"G":0.95,"dist_outline_km":9.1,"contact_class":"VERIFIED TARGET CONTACT (combined-unit top)","geo_conf":"Moderate-high","walk_start":"","source_zone_end":""}},{"type":"Feature","geometry":{"type":"Point","coordinates":[-83.6539,37.9711]},"properties":{"menifee_rank":462,"id":4060,"stream":"Unnamed hollow head, tributary to Ratliff Branch","quad":"Frenchburg","gq":"GQ-1390","score_geology_only":62.7,"score_original":55.9,"top_pct_geology_only":40.5,"S":0.763,"D":0.914,"E":0.032,"I":0.341,"T":1.0,"R":0.3,"G":0.95,"dist_outline_km":17.2,"contact_class":"VERIFIED TARGET CONTACT (combined-unit top)","geo_conf":"Moderate-high","walk_start":"","source_zone_end":""}},{"type":"Feature","geometry":{"type":"Point","coordinates":[-83.6834,37.8988]},"properties":{"menifee_rank":463,"id":1551,"stream":"Unnamed hollow head, tributary to Leatherwood Fork","quad":"Frenchburg","gq":"GQ-1390","score_geology_only":62.7,"score_original":59.6,"top_pct_geology_only":40.6,"S":0.841,"D":0.496,"E":0.457,"I":0.491,"T":0.989,"R":0.5,"G":0.95,"dist_outline_km":8.9,"contact_class":"VERIFIED TARGET CONTACT (combined-unit top)","geo_conf":"Moderate-high","walk_start":"","source_zone_end":""}},{"type":"Feature","geometry":{"type":"Point","coordinates":[-83.5287,37.9583]},"properties":{"menifee_rank":464,"id":5786,"stream":"Unnamed ravine / small hollow, tributary to Meyers Fork","quad":"Scranton","gq":"GQ-1488","score_geology_only":62.6,"score_original":55.8,"top_pct_geology_only":40.7,"S":1.0,"D":0.311,"E":0.246,"I":0.605,"T":1.0,"R":0.3,"G":0.95,"dist_outline_km":22.3,"contact_class":"VERIFIED TARGET CONTACT (combined-unit top)","geo_conf":"Moderate-high","walk_start":"","source_zone_end":""}},{"type":"Feature","geometry":{"type":"Point","coordinates":[-83.6806,37.9335]},"properties":{"menifee_rank":465,"id":2199,"stream":"Unnamed hollow head, tributary to Coldiron Fork","quad":"Frenchburg","gq":"GQ-1390","score_geology_only":62.6,"score_original":59.6,"top_pct_geology_only":40.7,"S":0.797,"D":0.708,"E":0.483,"I":0.28,"T":0.964,"R":0.5,"G":0.95,"dist_outline_km":12.4,"contact_class":"VERIFIED TARGET CONTACT (combined-unit top)","geo_conf":"Moderate-high","walk_start":"","source_zone_end":""}},{"type":"Feature","geometry":{"type":"Point","coordinates":[-83.7289,37.927]},"properties":{"menifee_rank":466,"id":3709,"stream":"Unnamed hollow head, tributary to Falling Timber Branch","quad":"Frenchburg","gq":"GQ-1390","score_geology_only":62.6,"score_original":59.6,"top_pct_geology_only":40.7,"S":0.62,"D":0.903,"E":0.323,"I":0.413,"T":0.977,"R":0.5,"G":0.95,"dist_outline_km":10.5,"contact_class":"VERIFIED TARGET CONTACT (combined-unit top)","geo_conf":"Moderate-high","walk_start":"","source_zone_end":""}},{"type":"Feature","geometry":{"type":"Point","coordinates":[-83.5114,37.9821]},"properties":{"menifee_rank":467,"id":4456,"stream":"Unnamed hollow head, tributary to Brushy Fork","quad":"Scranton","gq":"GQ-1488","score_geology_only":62.6,"score_original":55.8,"top_pct_geology_only":40.7,"S":1.0,"D":0.206,"E":0.294,"I":0.723,"T":0.985,"R":0.3,"G":0.95,"dist_outline_km":25.3,"contact_class":"VERIFIED TARGET CONTACT (combined-unit top)","geo_conf":"Moderate-high","walk_start":"","source_zone_end":""}},{"type":"Feature","geometry":{"type":"Point","coordinates":[-83.5923,37.9853]},"properties":{"menifee_rank":468,"id":4182,"stream":"Unnamed hollow head, tributary to Beaver Creek","quad":"Scranton","gq":"GQ-1488","score_geology_only":62.6,"score_original":55.8,"top_pct_geology_only":40.8,"S":0.637,"D":0.973,"E":0.025,"I":0.524,"T":0.925,"R":0.3,"G":0.95,"dist_outline_km":21.3,"contact_class":"VERIFIED TARGET CONTACT (combined-unit top)","geo_conf":"Moderate-high","walk_start":"","source_zone_end":""}},{"type":"Feature","geometry":{"type":"Point","coordinates":[-83.6549,37.8678]},"properties":{"menifee_rank":469,"id":1738,"stream":"Unnamed hollow head, tributary to Powell Branch","quad":"Slade","gq":"GQ-1183","score_geology_only":62.6,"score_original":59.6,"top_pct_geology_only":40.9,"S":1.0,"D":0.227,"E":0.574,"I":0.519,"T":0.967,"R":0.5,"G":0.95,"dist_outline_km":7.4,"contact_class":"VERIFIED TARGET CONTACT (combined-unit top)","geo_conf":"Moderate-high","walk_start":"","source_zone_end":""}},{"type":"Feature","geometry":{"type":"Point","coordinates":[-83.6615,37.9279]},"properties":{"menifee_rank":470,"id":6487,"stream":"Unnamed ravine / small hollow, tributary to Indian Creek","quad":"Frenchburg","gq":"GQ-1390","score_geology_only":62.6,"score_original":59.6,"top_pct_geology_only":41.1,"S":0.726,"D":0.464,"E":0.4,"I":0.752,"T":1.0,"R":0.5,"G":0.95,"dist_outline_km":12.6,"contact_class":"VERIFIED TARGET CONTACT (combined-unit top)","geo_conf":"Moderate-high","walk_start":"","source_zone_end":""}},{"type":"Feature","geometry":{"type":"Point","coordinates":[-83.6817,37.9772]},"properties":{"menifee_rank":471,"id":2333,"stream":"Unnamed hollow head, tributary to Dog Trot Fork","quad":"Frenchburg","gq":"GQ-1390","score_geology_only":62.6,"score_original":55.8,"top_pct_geology_only":41.2,"S":0.789,"D":0.942,"E":0.024,"I":0.26,"T":1.0,"R":0.3,"G":0.95,"dist_outline_km":16.9,"contact_class":"VERIFIED TARGET CONTACT (combined-unit top)","geo_conf":"Moderate-high","walk_start":"","source_zone_end":""}},{"type":"Feature","geometry":{"type":"Point","coordinates":[-83.6616,37.9282]},"properties":{"menifee_rank":472,"id":6511,"stream":"Unnamed ravine / small hollow, tributary to Indian Creek","quad":"Frenchburg","gq":"GQ-1390","score_geology_only":62.5,"score_original":59.5,"top_pct_geology_only":41.4,"S":0.737,"D":0.465,"E":0.403,"I":0.726,"T":1.0,"R":0.5,"G":0.95,"dist_outline_km":12.7,"contact_class":"VERIFIED TARGET CONTACT (combined-unit top)","geo_conf":"Moderate-high","walk_start":"","source_zone_end":""}},{"type":"Feature","geometry":{"type":"Point","coordinates":[-83.5596,37.9631]},"properties":{"menifee_rank":473,"id":3680,"stream":"Unnamed hollow head, tributary to Hog Branch","quad":"Scranton","gq":"GQ-1488","score_geology_only":62.5,"score_original":55.7,"top_pct_geology_only":41.4,"S":0.709,"D":0.737,"E":0.163,"I":0.57,"T":1.0,"R":0.3,"G":0.95,"dist_outline_km":20.9,"contact_class":"VERIFIED TARGET CONTACT (combined-unit top)","geo_conf":"Moderate-high","walk_start":"","source_zone_end":""}},{"type":"Feature","geometry":{"type":"Point","coordinates":[-83.5937,37.9647]},"properties":{"menifee_rank":474,"id":3430,"stream":"Unnamed hollow head, tributary to Long Branch","quad":"Scranton","gq":"GQ-1488","score_geology_only":62.5,"score_original":55.7,"top_pct_geology_only":41.4,"S":0.74,"D":0.796,"E":0.104,"I":0.479,"T":1.0,"R":0.3,"G":0.95,"dist_outline_km":19.3,"contact_class":"VERIFIED TARGET CONTACT (combined-unit top)","geo_conf":"Moderate-high","walk_start":"","source_zone_end":""}},{"type":"Feature","geometry":{"type":"Point","coordinates":[-83.6976,37.947]},"properties":{"menifee_rank":475,"id":391,"stream":"Unnamed hollow head, tributary to Peter Trace","quad":"Frenchburg","gq":"GQ-1390","score_geology_only":62.5,"score_original":59.5,"top_pct_geology_only":41.4,"S":0.678,"D":0.884,"E":0.277,"I":0.349,"T":1.0,"R":0.5,"G":0.95,"dist_outline_km":13.3,"contact_class":"VERIFIED TARGET CONTACT (combined-unit top)","geo_conf":"Moderate-high","walk_start":"","source_zone_end":""}},{"type":"Feature","geometry":{"type":"Point","coordinates":[-83.5481,37.9804]},"properties":{"menifee_rank":476,"id":2036,"stream":"Unnamed hollow head, tributary to Beaver Creek","quad":"Scranton","gq":"GQ-1488","score_geology_only":62.5,"score_original":55.7,"top_pct_geology_only":41.4,"S":1.0,"D":0.455,"E":0.155,"I":0.551,"T":0.872,"R":0.3,"G":0.95,"dist_outline_km":23.0,"contact_class":"VERIFIED TARGET CONTACT (combined-unit top)","geo_conf":"Moderate-high","walk_start":"","source_zone_end":""}},{"type":"Feature","geometry":{"type":"Point","coordinates":[-83.6866,37.8978]},"properties":{"menifee_rank":477,"id":5422,"stream":"Unnamed ravine / small hollow, tributary to Leatherwood Fork","quad":"Frenchburg","gq":"GQ-1390","score_geology_only":62.5,"score_original":59.5,"top_pct_geology_only":41.5,"S":0.821,"D":0.514,"E":0.451,"I":0.488,"T":1.0,"R":0.5,"G":0.95,"dist_outline_km":8.6,"contact_class":"VERIFIED TARGET CONTACT (combined-unit top)","geo_conf":"Moderate-high","walk_start":"","source_zone_end":""}},{"type":"Feature","geometry":{"type":"Point","coordinates":[-83.6901,37.9551]},"properties":{"menifee_rank":478,"id":2773,"stream":"Unnamed hollow head, tributary to Bull Fork","quad":"Frenchburg","gq":"GQ-1390","score_geology_only":62.5,"score_original":59.5,"top_pct_geology_only":41.6,"S":0.754,"D":0.818,"E":0.102,"I":0.426,"T":1.0,"R":0.5,"G":0.95,"dist_outline_km":14.3,"contact_class":"VERIFIED TARGET CONTACT (combined-unit top)","geo_conf":"Moderate-high","walk_start":"","source_zone_end":""}},{"type":"Feature","geometry":{"type":"Point","coordinates":[-83.7377,37.9073]},"properties":{"menifee_rank":479,"id":2047,"stream":"Unnamed hollow head, tributary to Right Fork Cane Creek","quad":"Frenchburg","gq":"GQ-1390","score_geology_only":62.5,"score_original":59.5,"top_pct_geology_only":41.6,"S":0.666,"D":0.906,"E":0.23,"I":0.406,"T":0.945,"R":0.5,"G":0.95,"dist_outline_km":8.2,"contact_class":"VERIFIED TARGET CONTACT (combined-unit top)","geo_conf":"Moderate-high","walk_start":"","source_zone_end":""}},{"type":"Feature","geometry":{"type":"Point","coordinates":[-83.5824,37.9828]},"properties":{"menifee_rank":480,"id":2533,"stream":"Unnamed hollow head, tributary to Brier Branch","quad":"Scranton","gq":"GQ-1488","score_geology_only":62.4,"score_original":55.7,"top_pct_geology_only":41.8,"S":0.642,"D":0.957,"E":0.138,"I":0.404,"T":0.995,"R":0.3,"G":0.95,"dist_outline_km":21.5,"contact_class":"VERIFIED TARGET CONTACT (combined-unit top)","geo_conf":"Moderate-high","walk_start":"","source_zone_end":""}},{"type":"Feature","geometry":{"type":"Point","coordinates":[-83.6894,37.937]},"properties":{"menifee_rank":481,"id":3896,"stream":"Unnamed hollow head, tributary to Coldiron Fork","quad":"Frenchburg","gq":"GQ-1390","score_geology_only":62.4,"score_original":59.4,"top_pct_geology_only":41.9,"S":0.682,"D":0.717,"E":0.441,"I":0.451,"T":1.0,"R":0.5,"G":0.95,"dist_outline_km":12.4,"contact_class":"VERIFIED TARGET CONTACT (combined-unit top)","geo_conf":"Moderate-high","walk_start":"","source_zone_end":""}},{"type":"Feature","geometry":{"type":"Point","coordinates":[-83.585,37.9864]},"properties":{"menifee_rank":482,"id":5889,"stream":"Brier Branch, tributary to Beaver Creek","quad":"Scranton","gq":"GQ-1488","score_geology_only":62.3,"score_original":55.6,"top_pct_geology_only":42.2,"S":0.6,"D":0.959,"E":0.129,"I":0.469,"T":1.0,"R":0.3,"G":0.95,"dist_outline_km":21.7,"contact_class":"VERIFIED TARGET CONTACT (combined-unit top)","geo_conf":"Moderate-high","walk_start":"","source_zone_end":""}},{"type":"Feature","geometry":{"type":"Point","coordinates":[-83.5203,37.967]},"properties":{"menifee_rank":483,"id":4250,"stream":"Unnamed hollow head, tributary to Meyers Fork","quad":"Scranton","gq":"GQ-1488","score_geology_only":62.3,"score_original":55.6,"top_pct_geology_only":42.2,"S":1.0,"D":0.342,"E":0.249,"I":0.545,"T":1.0,"R":0.3,"G":0.95,"dist_outline_km":23.5,"contact_class":"VERIFIED TARGET CONTACT (combined-unit top)","geo_conf":"Moderate-high","walk_start":"","source_zone_end":""}},{"type":"Feature","geometry":{"type":"Point","coordinates":[-83.5307,37.979]},"properties":{"menifee_rank":484,"id":2460,"stream":"Unnamed hollow head, tributary to Meyers Fork","quad":"Scranton","gq":"GQ-1488","score_geology_only":62.3,"score_original":55.6,"top_pct_geology_only":42.2,"S":1.0,"D":0.401,"E":0.234,"I":0.526,"T":0.925,"R":0.3,"G":0.95,"dist_outline_km":23.9,"contact_class":"VERIFIED TARGET CONTACT (combined-unit top)","geo_conf":"Moderate-high","walk_start":"","source_zone_end":""}},{"type":"Feature","geometry":{"type":"Point","coordinates":[-83.6808,37.9336]},"properties":{"menifee_rank":485,"id":1062,"stream":"Unnamed hollow head, tributary to Coldiron Fork","quad":"Frenchburg","gq":"GQ-1390","score_geology_only":62.3,"score_original":59.4,"top_pct_geology_only":42.3,"S":0.797,"D":0.709,"E":0.483,"I":0.271,"T":0.949,"R":0.5,"G":0.95,"dist_outline_km":12.4,"contact_class":"VERIFIED TARGET CONTACT (combined-unit top)","geo_conf":"Moderate-high","walk_start":"","source_zone_end":""}},{"type":"Feature","geometry":{"type":"Point","coordinates":[-83.5776,37.9861]},"properties":{"menifee_rank":486,"id":3620,"stream":"Unnamed hollow head, tributary to Brier Branch","quad":"Scranton","gq":"GQ-1488","score_geology_only":62.3,"score_original":55.6,"top_pct_geology_only":42.3,"S":0.642,"D":0.957,"E":0.138,"I":0.42,"T":0.962,"R":0.3,"G":0.95,"dist_outline_km":22.0,"contact_class":"VERIFIED TARGET CONTACT (combined-unit top)","geo_conf":"Moderate-high","walk_start":"","source_zone_end":""}},{"type":"Feature","geometry":{"type":"Point","coordinates":[-83.5175,37.9782]},"properties":{"menifee_rank":487,"id":4084,"stream":"Unnamed hollow head, tributary to Meyers Fork","quad":"Scranton","gq":"GQ-1488","score_geology_only":62.3,"score_original":55.6,"top_pct_geology_only":42.4,"S":1.0,"D":0.354,"E":0.169,"I":0.692,"T":0.833,"R":0.3,"G":0.95,"dist_outline_km":24.6,"contact_class":"VERIFIED TARGET CONTACT (combined-unit top)","geo_conf":"Moderate-high","walk_start":"","source_zone_end":""}},{"type":"Feature","geometry":{"type":"Point","coordinates":[-83.6417,37.8954]},"properties":{"menifee_rank":488,"id":5586,"stream":"Unnamed ravine / small hollow, tributary to East Fork Indian Creek","quad":"Frenchburg","gq":"GQ-1390","score_geology_only":62.3,"score_original":59.3,"top_pct_geology_only":42.5,"S":0.985,"D":0.184,"E":0.537,"I":0.585,"T":1.0,"R":0.5,"G":0.95,"dist_outline_km":10.5,"contact_class":"VERIFIED TARGET CONTACT (combined-unit top)","geo_conf":"Moderate-high","walk_start":"","source_zone_end":""}},{"type":"Feature","geometry":{"type":"Point","coordinates":[-83.5736,37.9834]},"properties":{"menifee_rank":489,"id":2861,"stream":"Unnamed hollow head, tributary to Brier Branch","quad":"Scranton","gq":"GQ-1488","score_geology_only":62.3,"score_original":55.5,"top_pct_geology_only":42.5,"S":0.696,"D":0.955,"E":0.139,"I":0.342,"T":0.942,"R":0.3,"G":0.95,"dist_outline_km":21.9,"contact_class":"VERIFIED TARGET CONTACT (combined-unit top)","geo_conf":"Moderate-high","walk_start":"","source_zone_end":""}},{"type":"Feature","geometry":{"type":"Point","coordinates":[-83.5544,37.9768]},"properties":{"menifee_rank":490,"id":1449,"stream":"Unnamed hollow head, tributary to Beaver Creek","quad":"Scranton","gq":"GQ-1488","score_geology_only":62.3,"score_original":55.5,"top_pct_geology_only":42.6,"S":1.0,"D":0.613,"E":0.154,"I":0.292,"T":0.925,"R":0.3,"G":0.95,"dist_outline_km":22.3,"contact_class":"VERIFIED TARGET CONTACT (combined-unit top)","geo_conf":"Moderate-high","walk_start":"","source_zone_end":""}},{"type":"Feature","geometry":{"type":"Point","coordinates":[-83.5167,37.9799]},"properties":{"menifee_rank":491,"id":5277,"stream":"Unnamed ravine / small hollow, tributary to Meyers Fork","quad":"Scranton","gq":"GQ-1488","score_geology_only":62.2,"score_original":55.5,"top_pct_geology_only":42.7,"S":1.0,"D":0.354,"E":0.169,"I":0.695,"T":0.822,"R":0.3,"G":0.95,"dist_outline_km":24.8,"contact_class":"VERIFIED TARGET CONTACT (combined-unit top)","geo_conf":"Moderate-high","walk_start":"","source_zone_end":""}},{"type":"Feature","geometry":{"type":"Point","coordinates":[-83.6889,37.9065]},"properties":{"menifee_rank":492,"id":5911,"stream":"Unnamed ravine / small hollow, tributary to Leatherwood Fork","quad":"Frenchburg","gq":"GQ-1390","score_geology_only":62.2,"score_original":59.3,"top_pct_geology_only":42.7,"S":0.769,"D":0.495,"E":0.406,"I":0.615,"T":1.0,"R":0.5,"G":0.95,"dist_outline_km":9.4,"contact_class":"VERIFIED TARGET CONTACT (combined-unit top)","geo_conf":"Moderate-high","walk_start":"","source_zone_end":""}},{"type":"Feature","geometry":{"type":"Point","coordinates":[-83.646,37.9809]},"properties":{"menifee_rank":493,"id":4615,"stream":"Unnamed ravine / small hollow, tributary to Stonequarry Creek","quad":"Frenchburg","gq":"GQ-1390","score_geology_only":62.2,"score_original":55.5,"top_pct_geology_only":42.9,"S":0.733,"D":0.939,"E":0.059,"I":0.357,"T":0.934,"R":0.3,"G":0.95,"dist_outline_km":18.4,"contact_class":"VERIFIED TARGET CONTACT (combined-unit top)","geo_conf":"Moderate-high","walk_start":"","source_zone_end":""}},{"type":"Feature","geometry":{"type":"Point","coordinates":[-83.654,37.8802]},"properties":{"menifee_rank":494,"id":2262,"stream":"Unnamed hollow head, tributary to East Fork Indian Creek","quad":"Frenchburg","gq":"GQ-1390","score_geology_only":62.2,"score_original":59.3,"top_pct_geology_only":42.9,"S":1.0,"D":0.224,"E":0.57,"I":0.48,"T":1.0,"R":0.5,"G":0.95,"dist_outline_km":8.5,"contact_class":"VERIFIED TARGET CONTACT (combined-unit top)","geo_conf":"Moderate-high","walk_start":"","source_zone_end":""}},{"type":"Feature","geometry":{"type":"Point","coordinates":[-83.7338,37.9305]},"properties":{"menifee_rank":495,"id":5102,"stream":"Unnamed ravine / small hollow, tributary to Barnett Branch","quad":"Frenchburg","gq":"GQ-1390","score_geology_only":62.2,"score_original":59.2,"top_pct_geology_only":42.9,"S":0.552,"D":0.9,"E":0.239,"I":0.548,"T":0.997,"R":0.5,"G":0.95,"dist_outline_km":10.8,"contact_class":"VERIFIED TARGET CONTACT (combined-unit top)","geo_conf":"Moderate-high","walk_start":"","source_zone_end":""}},{"type":"Feature","geometry":{"type":"Point","coordinates":[-83.7106,37.93]},"properties":{"menifee_rank":496,"id":4787,"stream":"Unnamed ravine / small hollow, tributary to Peter Trace","quad":"Frenchburg","gq":"GQ-1390","score_geology_only":62.2,"score_original":59.2,"top_pct_geology_only":43.0,"S":0.564,"D":0.875,"E":0.149,"I":0.618,"T":1.0,"R":0.5,"G":0.95,"dist_outline_km":11.1,"contact_class":"VERIFIED TARGET CONTACT (combined-unit top)","geo_conf":"Moderate-high","walk_start":"","source_zone_end":""}},{"type":"Feature","geometry":{"type":"Point","coordinates":[-83.5421,37.9805]},"properties":{"menifee_rank":497,"id":3351,"stream":"Unnamed hollow head, tributary to Beaver Creek","quad":"Scranton","gq":"GQ-1488","score_geology_only":62.2,"score_original":55.4,"top_pct_geology_only":43.1,"S":1.0,"D":0.454,"E":0.154,"I":0.596,"T":0.779,"R":0.3,"G":0.95,"dist_outline_km":23.3,"contact_class":"VERIFIED TARGET CONTACT (combined-unit top)","geo_conf":"Moderate-high","walk_start":"","source_zone_end":""}},{"type":"Feature","geometry":{"type":"Point","coordinates":[-83.6797,37.9432]},"properties":{"menifee_rank":498,"id":3,"stream":"Coldiron Fork, tributary to Indian Creek","quad":"Frenchburg","gq":"GQ-1390","score_geology_only":62.2,"score_original":59.2,"top_pct_geology_only":43.1,"S":0.683,"D":0.716,"E":0.441,"I":0.436,"T":1.0,"R":0.5,"G":0.95,"dist_outline_km":13.4,"contact_class":"VERIFIED TARGET CONTACT (combined-unit top)","geo_conf":"Moderate-high","walk_start":"","source_zone_end":""}},{"type":"Feature","geometry":{"type":"Point","coordinates":[-83.5294,37.9583]},"properties":{"menifee_rank":499,"id":3431,"stream":"Unnamed hollow head, tributary to Meyers Fork","quad":"Scranton","gq":"GQ-1488","score_geology_only":62.1,"score_original":55.4,"top_pct_geology_only":43.2,"S":1.0,"D":0.311,"E":0.246,"I":0.577,"T":1.0,"R":0.3,"G":0.95,"dist_outline_km":22.3,"contact_class":"VERIFIED TARGET CONTACT (combined-unit top)","geo_conf":"Moderate-high","walk_start":"","source_zone_end":""}},{"type":"Feature","geometry":{"type":"Point","coordinates":[-83.6473,37.8984]},"properties":{"menifee_rank":500,"id":4718,"stream":"Unnamed ravine / small hollow, tributary to Hall Sink Branch","quad":"Frenchburg","gq":"GQ-1390","score_geology_only":62.1,"score_original":59.2,"top_pct_geology_only":43.3,"S":0.978,"D":0.18,"E":0.537,"I":0.594,"T":1.0,"R":0.5,"G":0.95,"dist_outline_km":10.5,"contact_class":"VERIFIED TARGET CONTACT (combined-unit top)","geo_conf":"Moderate-high","walk_start":"","source_zone_end":""}},{"type":"Feature","geometry":{"type":"Point","coordinates":[-83.7273,37.9187]},"properties":{"menifee_rank":501,"id":1547,"stream":"Unnamed hollow head, tributary to Falling Timber Branch","quad":"Frenchburg","gq":"GQ-1390","score_geology_only":62.1,"score_original":59.2,"top_pct_geology_only":43.3,"S":0.884,"D":0.819,"E":0.275,"I":0.125,"T":0.922,"R":0.5,"G":0.95,"dist_outline_km":9.6,"contact_class":"VERIFIED TARGET CONTACT (combined-unit top)","geo_conf":"Moderate-high","walk_start":"","source_zone_end":""}},{"type":"Feature","geometry":{"type":"Point","coordinates":[-83.5848,37.9865]},"properties":{"menifee_rank":502,"id":6563,"stream":"Brier Branch, tributary to Beaver Creek","quad":"Scranton","gq":"GQ-1488","score_geology_only":62.1,"score_original":55.4,"top_pct_geology_only":43.5,"S":0.6,"D":0.959,"E":0.129,"I":0.456,"T":1.0,"R":0.3,"G":0.95,"dist_outline_km":21.7,"contact_class":"VERIFIED TARGET CONTACT (combined-unit top)","geo_conf":"Moderate-high","walk_start":"","source_zone_end":""}},{"type":"Feature","geometry":{"type":"Point","coordinates":[-83.6688,37.9702]},"properties":{"menifee_rank":503,"id":4913,"stream":"Unnamed ravine / small hollow, tributary to Sim Long Branch","quad":"Frenchburg","gq":"GQ-1390","score_geology_only":62.1,"score_original":55.4,"top_pct_geology_only":43.6,"S":0.766,"D":0.914,"E":0.033,"I":0.303,"T":1.0,"R":0.3,"G":0.95,"dist_outline_km":16.5,"contact_class":"VERIFIED TARGET CONTACT (combined-unit top)","geo_conf":"Moderate-high","walk_start":"","source_zone_end":""}},{"type":"Feature","geometry":{"type":"Point","coordinates":[-83.5797,37.9553]},"properties":{"menifee_rank":504,"id":2865,"stream":"Unnamed hollow head, tributary to Clifton Creek","quad":"Scranton","gq":"GQ-1488","score_geology_only":62.1,"score_original":55.4,"top_pct_geology_only":43.6,"S":1.0,"D":0.498,"E":0.212,"I":0.348,"T":1.0,"R":0.3,"G":0.95,"dist_outline_km":19.1,"contact_class":"VERIFIED TARGET CONTACT (combined-unit top)","geo_conf":"Moderate-high","walk_start":"","source_zone_end":""}},{"type":"Feature","geometry":{"type":"Point","coordinates":[-83.6678,37.9543]},"properties":{"menifee_rank":505,"id":5671,"stream":"Unnamed ravine / small hollow, tributary to Hathaway Creek","quad":"Frenchburg","gq":"GQ-1390","score_geology_only":62.1,"score_original":59.2,"top_pct_geology_only":43.7,"S":0.761,"D":0.708,"E":0.157,"I":0.502,"T":1.0,"R":0.5,"G":0.95,"dist_outline_km":14.9,"contact_class":"VERIFIED TARGET CONTACT (combined-unit top)","geo_conf":"Moderate-high","walk_start":"","source_zone_end":""}},{"type":"Feature","geometry":{"type":"Point","coordinates":[-83.5352,37.9781]},"properties":{"menifee_rank":506,"id":2190,"stream":"Unnamed hollow head, tributary to Meyers Fork","quad":"Scranton","gq":"GQ-1488","score_geology_only":62.1,"score_original":55.4,"top_pct_geology_only":43.7,"S":1.0,"D":0.399,"E":0.234,"I":0.528,"T":0.904,"R":0.3,"G":0.95,"dist_outline_km":23.5,"contact_class":"VERIFIED TARGET CONTACT (combined-unit top)","geo_conf":"Moderate-high","walk_start":"","source_zone_end":""}},{"type":"Feature","geometry":{"type":"Point","coordinates":[-83.7173,37.8921]},"properties":{"menifee_rank":507,"id":6128,"stream":"Bee Branch, tributary to Spaas Creek","quad":"Frenchburg","gq":"GQ-1390","score_geology_only":62.1,"score_original":59.1,"top_pct_geology_only":43.8,"S":0.461,"D":0.86,"E":0.405,"I":0.662,"T":0.956,"R":0.5,"G":0.95,"dist_outline_km":6.9,"contact_class":"VERIFIED TARGET CONTACT (combined-unit top)","geo_conf":"Moderate-high","walk_start":"","source_zone_end":""}},{"type":"Feature","geometry":{"type":"Point","coordinates":[-83.5639,37.9707]},"properties":{"menifee_rank":508,"id":1722,"stream":"Unnamed hollow head, tributary to Hog Branch","quad":"Scranton","gq":"GQ-1488","score_geology_only":62.1,"score_original":55.3,"top_pct_geology_only":43.8,"S":1.0,"D":0.627,"E":0.152,"I":0.223,"T":0.986,"R":0.3,"G":0.95,"dist_outline_km":21.3,"contact_class":"VERIFIED TARGET CONTACT (combined-unit top)","geo_conf":"Moderate-high","walk_start":"","source_zone_end":""}},{"type":"Feature","geometry":{"type":"Point","coordinates":[-83.715,37.9323]},"properties":{"menifee_rank":509,"id":4745,"stream":"Unnamed ravine / small hollow, tributary to Peter Trace","quad":"Frenchburg","gq":"GQ-1390","score_geology_only":62.1,"score_original":59.1,"top_pct_geology_only":43.9,"S":0.565,"D":0.875,"E":0.15,"I":0.614,"T":0.992,"R":0.5,"G":0.95,"dist_outline_km":11.3,"contact_class":"VERIFIED TARGET CONTACT (combined-unit top)","geo_conf":"Moderate-high","walk_start":"","source_zone_end":""}},{"type":"Feature","geometry":{"type":"Point","coordinates":[-83.5825,37.9865]},"properties":{"menifee_rank":510,"id":4658,"stream":"Unnamed ravine / small hollow, tributary to Brier Branch","quad":"Scranton","gq":"GQ-1488","score_geology_only":62.0,"score_original":55.3,"top_pct_geology_only":44.0,"S":0.615,"D":0.957,"E":0.132,"I":0.427,"T":1.0,"R":0.3,"G":0.95,"dist_outline_km":21.8,"contact_class":"VERIFIED TARGET CONTACT (combined-unit top)","geo_conf":"Moderate-high","walk_start":"","source_zone_end":""}},{"type":"Feature","geometry":{"type":"Point","coordinates":[-83.6797,37.943]},"properties":{"menifee_rank":511,"id":176,"stream":"Unnamed hollow head, tributary to Coldiron Fork","quad":"Frenchburg","gq":"GQ-1390","score_geology_only":62.0,"score_original":59.1,"top_pct_geology_only":44.1,"S":0.683,"D":0.714,"E":0.441,"I":0.431,"T":1.0,"R":0.5,"G":0.95,"dist_outline_km":13.4,"contact_class":"VERIFIED TARGET CONTACT (combined-unit top)","geo_conf":"Moderate-high","walk_start":"","source_zone_end":""}},{"type":"Feature","geometry":{"type":"Point","coordinates":[-83.5783,37.9766]},"properties":{"menifee_rank":512,"id":2584,"stream":"Unnamed hollow head, tributary to Beaver Creek","quad":"Scranton","gq":"GQ-1488","score_geology_only":62.0,"score_original":55.3,"top_pct_geology_only":44.1,"S":1.0,"D":0.643,"E":0.147,"I":0.262,"T":0.897,"R":0.3,"G":0.95,"dist_outline_km":21.1,"contact_class":"VERIFIED TARGET CONTACT (combined-unit top)","geo_conf":"Moderate-high","walk_start":"","source_zone_end":""}},{"type":"Feature","geometry":{"type":"Point","coordinates":[-83.7522,37.9193]},"properties":{"menifee_rank":513,"id":3870,"stream":"Unnamed hollow head, tributary to Dogtrot Branch","quad":"Means","gq":"GQ-1324","score_geology_only":62.0,"score_original":59.1,"top_pct_geology_only":44.2,"S":0.632,"D":0.958,"E":0.284,"I":0.377,"T":0.877,"R":0.5,"G":0.95,"dist_outline_km":9.3,"contact_class":"VERIFIED TARGET CONTACT (combined-unit top)","geo_conf":"Moderate-high","walk_start":"","source_zone_end":""}},{"type":"Feature","geometry":{"type":"Point","coordinates":[-83.691,37.967]},"properties":{"menifee_rank":514,"id":5036,"stream":"Unnamed ravine / small hollow, tributary to Bull Fork","quad":"Frenchburg","gq":"GQ-1390","score_geology_only":62.0,"score_original":55.3,"top_pct_geology_only":44.2,"S":0.716,"D":0.782,"E":0.11,"I":0.507,"T":0.997,"R":0.3,"G":0.95,"dist_outline_km":15.6,"contact_class":"VERIFIED TARGET CONTACT (combined-unit top)","geo_conf":"Moderate-high","walk_start":"","source_zone_end":""}},{"type":"Feature","geometry":{"type":"Point","coordinates":[-83.7108,37.93]},"properties":{"menifee_rank":515,"id":5963,"stream":"Unnamed ravine / small hollow, tributary to Peter Trace","quad":"Frenchburg","gq":"GQ-1390","score_geology_only":62.0,"score_original":59.1,"top_pct_geology_only":44.3,"S":0.565,"D":0.875,"E":0.15,"I":0.605,"T":1.0,"R":0.5,"G":0.95,"dist_outline_km":11.2,"contact_class":"VERIFIED TARGET CONTACT (combined-unit top)","geo_conf":"Moderate-high","walk_start":"","source_zone_end":""}},{"type":"Feature","geometry":{"type":"Point","coordinates":[-83.741,37.9102]},"properties":{"menifee_rank":516,"id":3137,"stream":"Unnamed hollow head, tributary to Right Fork Cane Creek","quad":"Frenchburg","gq":"GQ-1390","score_geology_only":62.0,"score_original":59.1,"top_pct_geology_only":44.3,"S":0.63,"D":0.893,"E":0.219,"I":0.44,"T":0.979,"R":0.5,"G":0.95,"dist_outline_km":8.4,"contact_class":"VERIFIED TARGET CONTACT (combined-unit top)","geo_conf":"Moderate-high","walk_start":"","source_zone_end":""}},{"type":"Feature","geometry":{"type":"Point","coordinates":[-83.6345,37.8941]},"properties":{"menifee_rank":517,"id":6204,"stream":"Unnamed ravine / small hollow, tributary to East Fork Indian Creek","quad":"Frenchburg","gq":"GQ-1390","score_geology_only":62.0,"score_original":59.1,"top_pct_geology_only":44.5,"S":0.936,"D":0.165,"E":0.538,"I":0.673,"T":1.0,"R":0.5,"G":0.95,"dist_outline_km":10.8,"contact_class":"VERIFIED TARGET CONTACT (combined-unit top)","geo_conf":"Moderate-high","walk_start":"","source_zone_end":""}},{"type":"Feature","geometry":{"type":"Point","coordinates":[-83.7537,37.9211]},"properties":{"menifee_rank":518,"id":2201,"stream":"Unnamed hollow head, tributary to Dogtrot Branch","quad":"Means","gq":"GQ-1324","score_geology_only":62.0,"score_original":59.1,"top_pct_geology_only":44.5,"S":0.695,"D":0.969,"E":0.266,"I":0.298,"T":0.829,"R":0.5,"G":0.95,"dist_outline_km":9.5,"contact_class":"VERIFIED TARGET CONTACT (combined-unit top)","geo_conf":"Moderate-high","walk_start":"","source_zone_end":""}},{"type":"Feature","geometry":{"type":"Point","coordinates":[-83.5404,37.9672]},"properties":{"menifee_rank":519,"id":6254,"stream":"Unnamed ravine / small hollow, tributary to Meyers Fork","quad":"Scranton","gq":"GQ-1488","score_geology_only":61.9,"score_original":55.2,"top_pct_geology_only":44.7,"S":1.0,"D":0.303,"E":0.243,"I":0.585,"T":0.988,"R":0.3,"G":0.95,"dist_outline_km":22.3,"contact_class":"VERIFIED TARGET CONTACT (combined-unit top)","geo_conf":"Moderate-high","walk_start":"","source_zone_end":""}},{"type":"Feature","geometry":{"type":"Point","coordinates":[-83.6195,37.9844]},"properties":{"menifee_rank":520,"id":4044,"stream":"Unnamed hollow head, tributary to Hackney Branch","quad":"Scranton","gq":"GQ-1488","score_geology_only":61.9,"score_original":55.2,"top_pct_geology_only":44.7,"S":0.753,"D":0.957,"E":0.016,"I":0.291,"T":0.965,"R":0.3,"G":0.95,"dist_outline_km":19.9,"contact_class":"VERIFIED TARGET CONTACT (combined-unit top)","geo_conf":"Moderate-high","walk_start":"","source_zone_end":""}},{"type":"Feature","geometry":{"type":"Point","coordinates":[-83.6832,37.8919]},"properties":{"menifee_rank":521,"id":1735,"stream":"Unnamed hollow head, tributary to Leatherwood Fork","quad":"Frenchburg","gq":"GQ-1390","score_geology_only":61.9,"score_original":59.0,"top_pct_geology_only":44.7,"S":0.892,"D":0.511,"E":0.493,"I":0.313,"T":0.999,"R":0.5,"G":0.95,"dist_outline_km":8.2,"contact_class":"VERIFIED TARGET CONTACT (combined-unit top)","geo_conf":"Moderate-high","walk_start":"","source_zone_end":""}},{"type":"Feature","geometry":{"type":"Point","coordinates":[-83.7412,37.9374]},"properties":{"menifee_rank":522,"id":85,"stream":"Unnamed hollow head, tributary to Barnett Branch","quad":"Frenchburg","gq":"GQ-1390","score_geology_only":61.9,"score_original":59.0,"top_pct_geology_only":44.7,"S":0.642,"D":0.901,"E":0.217,"I":0.481,"T":0.867,"R":0.5,"G":0.95,"dist_outline_km":11.4,"contact_class":"VERIFIED TARGET CONTACT (combined-unit top)","geo_conf":"Moderate-high","walk_start":"","source_zone_end":""}},{"type":"Feature","geometry":{"type":"Point","coordinates":[-83.7536,37.916]},"properties":{"menifee_rank":523,"id":637,"stream":"Unnamed hollow head, tributary to Dogtrot Branch","quad":"Means","gq":"GQ-1324","score_geology_only":61.9,"score_original":59.0,"top_pct_geology_only":44.8,"S":0.632,"D":0.958,"E":0.284,"I":0.349,"T":0.908,"R":0.5,"G":0.95,"dist_outline_km":8.9,"contact_class":"VERIFIED TARGET CONTACT (combined-unit top)","geo_conf":"Moderate-high","walk_start":"","source_zone_end":""}},{"type":"Feature","geometry":{"type":"Point","coordinates":[-83.5596,37.9633]},"properties":{"menifee_rank":524,"id":6489,"stream":"Unnamed ravine / small hollow, tributary to Hog Branch","quad":"Scranton","gq":"GQ-1488","score_geology_only":61.9,"score_original":55.2,"top_pct_geology_only":44.9,"S":0.709,"D":0.736,"E":0.163,"I":0.535,"T":1.0,"R":0.3,"G":0.95,"dist_outline_km":20.9,"contact_class":"VERIFIED TARGET CONTACT (combined-unit top)","geo_conf":"Moderate-high","walk_start":"","source_zone_end":""}},{"type":"Feature","geometry":{"type":"Point","coordinates":[-83.5388,37.9815]},"properties":{"menifee_rank":525,"id":2332,"stream":"Unnamed hollow head, tributary to Beaver Creek","quad":"Scranton","gq":"GQ-1488","score_geology_only":61.8,"score_original":55.2,"top_pct_geology_only":45.2,"S":1.0,"D":0.441,"E":0.153,"I":0.591,"T":0.784,"R":0.3,"G":0.95,"dist_outline_km":23.6,"contact_class":"VERIFIED TARGET CONTACT (combined-unit top)","geo_conf":"Moderate-high","walk_start":"","source_zone_end":""}},{"type":"Feature","geometry":{"type":"Point","coordinates":[-83.512,37.9698]},"properties":{"menifee_rank":526,"id":5932,"stream":"Unnamed ravine / small hollow, tributary to Brushy Fork","quad":"Scranton","gq":"GQ-1488","score_geology_only":61.8,"score_original":55.1,"top_pct_geology_only":45.3,"S":0.995,"D":0.168,"E":0.304,"I":0.73,"T":0.982,"R":0.3,"G":0.95,"dist_outline_km":24.3,"contact_class":"VERIFIED TARGET CONTACT (combined-unit top)","geo_conf":"Moderate-high","walk_start":"","source_zone_end":""}},{"type":"Feature","geometry":{"type":"Point","coordinates":[-83.5447,37.9799]},"properties":{"menifee_rank":527,"id":2651,"stream":"Unnamed hollow head, tributary to Beaver Creek","quad":"Scranton","gq":"GQ-1488","score_geology_only":61.8,"score_original":55.1,"top_pct_geology_only":45.4,"S":1.0,"D":0.454,"E":0.154,"I":0.616,"T":0.715,"R":0.3,"G":0.95,"dist_outline_km":23.1,"contact_class":"VERIFIED TARGET CONTACT (combined-unit top)","geo_conf":"Moderate-high","walk_start":"","source_zone_end":""}},{"type":"Feature","geometry":{"type":"Point","coordinates":[-83.5267,37.9613]},"properties":{"menifee_rank":528,"id":3793,"stream":"Unnamed hollow head, tributary to Meyers Fork","quad":"Scranton","gq":"GQ-1488","score_geology_only":61.7,"score_original":55.1,"top_pct_geology_only":45.5,"S":1.0,"D":0.336,"E":0.247,"I":0.52,"T":1.0,"R":0.3,"G":0.95,"dist_outline_km":22.7,"contact_class":"VERIFIED TARGET CONTACT (combined-unit top)","geo_conf":"Moderate-high","walk_start":"","source_zone_end":""}},{"type":"Feature","geometry":{"type":"Point","coordinates":[-83.6676,37.86]},"properties":{"menifee_rank":529,"id":2914,"stream":"Unnamed hollow head, tributary to Kelley Branch","quad":"Slade","gq":"GQ-1183","score_geology_only":61.7,"score_original":58.9,"top_pct_geology_only":45.7,"S":1.0,"D":0.285,"E":0.526,"I":0.47,"T":0.895,"R":0.5,"G":0.95,"dist_outline_km":6.0,"contact_class":"VERIFIED TARGET CONTACT (combined-unit top)","geo_conf":"Moderate-high","walk_start":"","source_zone_end":""}},{"type":"Feature","geometry":{"type":"Point","coordinates":[-83.5794,37.9817]},"properties":{"menifee_rank":530,"id":2770,"stream":"Unnamed hollow head, tributary to Brier Branch","quad":"Scranton","gq":"GQ-1488","score_geology_only":61.7,"score_original":55.1,"top_pct_geology_only":45.8,"S":0.694,"D":0.955,"E":0.138,"I":0.288,"T":0.98,"R":0.3,"G":0.95,"dist_outline_km":21.5,"contact_class":"VERIFIED TARGET CONTACT (combined-unit top)","geo_conf":"Moderate-high","walk_start":"","source_zone_end":""}},{"type":"Feature","geometry":{"type":"Point","coordinates":[-83.5117,37.9754]},"properties":{"menifee_rank":531,"id":3065,"stream":"Unnamed hollow head, tributary to Brushy Fork","quad":"Scranton","gq":"GQ-1488","score_geology_only":61.7,"score_original":55.1,"top_pct_geology_only":45.9,"S":1.0,"D":0.188,"E":0.3,"I":0.679,"T":1.0,"R":0.3,"G":0.95,"dist_outline_km":24.7,"contact_class":"VERIFIED TARGET CONTACT (combined-unit top)","geo_conf":"Moderate-high","walk_start":"","source_zone_end":""}},{"type":"Feature","geometry":{"type":"Point","coordinates":[-83.5344,37.9713]},"properties":{"menifee_rank":532,"id":832,"stream":"Unnamed hollow head, tributary to Meyers Fork","quad":"Scranton","gq":"GQ-1488","score_geology_only":61.6,"score_original":55.0,"top_pct_geology_only":46.0,"S":1.0,"D":0.397,"E":0.234,"I":0.457,"T":0.978,"R":0.3,"G":0.95,"dist_outline_km":23.0,"contact_class":"VERIFIED TARGET CONTACT (combined-unit top)","geo_conf":"Moderate-high","walk_start":"","source_zone_end":""}},{"type":"Feature","geometry":{"type":"Point","coordinates":[-83.6471,37.9048]},"properties":{"menifee_rank":533,"id":734,"stream":"Unnamed hollow head, tributary to Little Amos Creek","quad":"Frenchburg","gq":"GQ-1390","score_geology_only":61.6,"score_original":58.8,"top_pct_geology_only":46.1,"S":0.93,"D":0.161,"E":0.538,"I":0.67,"T":1.0,"R":0.5,"G":0.95,"dist_outline_km":11.1,"contact_class":"VERIFIED TARGET CONTACT (combined-unit top)","geo_conf":"Moderate-high","walk_start":"","source_zone_end":""}},{"type":"Feature","geometry":{"type":"Point","coordinates":[-83.6913,37.9003]},"properties":{"menifee_rank":534,"id":4350,"stream":"Unnamed hollow head, tributary to Leatherwood Fork","quad":"Frenchburg","gq":"GQ-1390","score_geology_only":61.6,"score_original":58.8,"top_pct_geology_only":46.1,"S":0.793,"D":0.514,"E":0.431,"I":0.499,"T":1.0,"R":0.5,"G":0.95,"dist_outline_km":8.7,"contact_class":"VERIFIED TARGET CONTACT (combined-unit top)","geo_conf":"Moderate-high","walk_start":"","source_zone_end":""}},{"type":"Feature","geometry":{"type":"Point","coordinates":[-83.6476,37.8952]},"properties":{"menifee_rank":535,"id":2958,"stream":"Unnamed hollow head, tributary to East Fork Indian Creek","quad":"Frenchburg","gq":"GQ-1390","score_geology_only":61.6,"score_original":58.8,"top_pct_geology_only":46.1,"S":1.0,"D":0.198,"E":0.547,"I":0.498,"T":1.0,"R":0.5,"G":0.95,"dist_outline_km":10.2,"contact_class":"VERIFIED TARGET CONTACT (combined-unit top)","geo_conf":"Moderate-high","walk_start":"","source_zone_end":""}},{"type":"Feature","geometry":{"type":"Point","coordinates":[-83.6496,37.9719]},"properties":{"menifee_rank":536,"id":3199,"stream":"Unnamed hollow head, tributary to Stonequarry Creek","quad":"Frenchburg","gq":"GQ-1390","score_geology_only":61.6,"score_original":55.0,"top_pct_geology_only":46.1,"S":0.647,"D":0.932,"E":0.037,"I":0.461,"T":0.979,"R":0.3,"G":0.95,"dist_outline_km":17.4,"contact_class":"VERIFIED TARGET CONTACT (combined-unit top)","geo_conf":"Moderate-high","walk_start":"","source_zone_end":""}},{"type":"Feature","geometry":{"type":"Point","coordinates":[-83.5956,37.9588]},"properties":{"menifee_rank":537,"id":6142,"stream":"Unnamed ravine / small hollow, tributary to Long Branch","quad":"Scranton","gq":"GQ-1488","score_geology_only":61.6,"score_original":55.0,"top_pct_geology_only":46.2,"S":0.725,"D":0.792,"E":0.103,"I":0.459,"T":1.0,"R":0.3,"G":0.95,"dist_outline_km":18.6,"contact_class":"VERIFIED TARGET CONTACT (combined-unit top)","geo_conf":"Moderate-high","walk_start":"","source_zone_end":""}},{"type":"Feature","geometry":{"type":"Point","coordinates":[-83.5655,37.9782]},"properties":{"menifee_rank":538,"id":830,"stream":"Unnamed hollow head, tributary to Beaver Creek","quad":"Scranton","gq":"GQ-1488","score_geology_only":61.6,"score_original":55.0,"top_pct_geology_only":46.2,"S":1.0,"D":0.621,"E":0.153,"I":0.263,"T":0.898,"R":0.3,"G":0.95,"dist_outline_km":21.9,"contact_class":"VERIFIED TARGET CONTACT (combined-unit top)","geo_conf":"Moderate-high","walk_start":"","source_zone_end":""}},{"type":"Feature","geometry":{"type":"Point","coordinates":[-83.5601,37.9635]},"properties":{"menifee_rank":539,"id":6535,"stream":"Unnamed ravine / small hollow, tributary to Hog Branch","quad":"Scranton","gq":"GQ-1488","score_geology_only":61.6,"score_original":55.0,"top_pct_geology_only":46.3,"S":0.709,"D":0.734,"E":0.163,"I":0.522,"T":1.0,"R":0.3,"G":0.95,"dist_outline_km":20.9,"contact_class":"VERIFIED TARGET CONTACT (combined-unit top)","geo_conf":"Moderate-high","walk_start":"","source_zone_end":""}},{"type":"Feature","geometry":{"type":"Point","coordinates":[-83.5821,37.9574]},"properties":{"menifee_rank":540,"id":1883,"stream":"Unnamed hollow head, tributary to Clifton Creek","quad":"Scranton","gq":"GQ-1488","score_geology_only":61.6,"score_original":54.9,"top_pct_geology_only":46.5,"S":1.0,"D":0.5,"E":0.213,"I":0.32,"T":0.991,"R":0.3,"G":0.95,"dist_outline_km":19.2,"contact_class":"VERIFIED TARGET CONTACT (combined-unit top)","geo_conf":"Moderate-high","walk_start":"","source_zone_end":""}},{"type":"Feature","geometry":{"type":"Point","coordinates":[-83.7364,37.899]},"properties":{"menifee_rank":541,"id":1733,"stream":"Unnamed hollow head, tributary to Short Creek","quad":"Frenchburg","gq":"GQ-1390","score_geology_only":61.5,"score_original":58.7,"top_pct_geology_only":46.5,"S":0.581,"D":0.887,"E":0.275,"I":0.481,"T":0.96,"R":0.5,"G":0.95,"dist_outline_km":7.3,"contact_class":"VERIFIED TARGET CONTACT (combined-unit top)","geo_conf":"Moderate-high","walk_start":"","source_zone_end":""}},{"type":"Feature","geometry":{"type":"Point","coordinates":[-83.6892,37.9648]},"properties":{"menifee_rank":542,"id":3891,"stream":"Unnamed hollow head, tributary to Bull Fork","quad":"Frenchburg","gq":"GQ-1390","score_geology_only":61.5,"score_original":54.9,"top_pct_geology_only":46.5,"S":0.755,"D":0.819,"E":0.103,"I":0.373,"T":0.995,"R":0.3,"G":0.95,"dist_outline_km":15.4,"contact_class":"VERIFIED TARGET CONTACT (combined-unit top)","geo_conf":"Moderate-high","walk_start":"","source_zone_end":""}},{"type":"Feature","geometry":{"type":"Point","coordinates":[-83.5791,37.9563]},"properties":{"menifee_rank":543,"id":83,"stream":"Unnamed hollow head, tributary to Clifton Creek","quad":"Scranton","gq":"GQ-1488","score_geology_only":61.5,"score_original":54.9,"top_pct_geology_only":46.6,"S":1.0,"D":0.5,"E":0.213,"I":0.313,"T":1.0,"R":0.3,"G":0.95,"dist_outline_km":19.2,"contact_class":"VERIFIED TARGET CONTACT (combined-unit top)","geo_conf":"Moderate-high","walk_start":"","source_zone_end":""}},{"type":"Feature","geometry":{"type":"Point","coordinates":[-83.7308,37.9266]},"properties":{"menifee_rank":544,"id":635,"stream":"Unnamed hollow head, tributary to Falling Timber Branch","quad":"Frenchburg","gq":"GQ-1390","score_geology_only":61.5,"score_original":58.7,"top_pct_geology_only":46.7,"S":0.62,"D":0.902,"E":0.323,"I":0.376,"T":0.941,"R":0.5,"G":0.95,"dist_outline_km":10.4,"contact_class":"VERIFIED TARGET CONTACT (combined-unit top)","geo_conf":"Moderate-high","walk_start":"","source_zone_end":""}},{"type":"Feature","geometry":{"type":"Point","coordinates":[-83.5259,37.9658]},"properties":{"menifee_rank":545,"id":1542,"stream":"Unnamed hollow head, tributary to Meyers Fork","quad":"Scranton","gq":"GQ-1488","score_geology_only":61.5,"score_original":54.9,"top_pct_geology_only":46.7,"S":1.0,"D":0.373,"E":0.239,"I":0.464,"T":1.0,"R":0.3,"G":0.95,"dist_outline_km":23.1,"contact_class":"VERIFIED TARGET CONTACT (combined-unit top)","geo_conf":"Moderate-high","walk_start":"","source_zone_end":""}},{"type":"Feature","geometry":{"type":"Point","coordinates":[-83.5749,37.9603]},"properties":{"menifee_rank":546,"id":725,"stream":"Unnamed hollow head, tributary to Clifton Creek","quad":"Scranton","gq":"GQ-1488","score_geology_only":61.5,"score_original":54.9,"top_pct_geology_only":46.7,"S":1.0,"D":0.506,"E":0.213,"I":0.304,"T":1.0,"R":0.3,"G":0.95,"dist_outline_km":19.8,"contact_class":"VERIFIED TARGET CONTACT (combined-unit top)","geo_conf":"Moderate-high","walk_start":"","source_zone_end":""}},{"type":"Feature","geometry":{"type":"Point","coordinates":[-83.5111,37.9723]},"properties":{"menifee_rank":547,"id":6133,"stream":"Unnamed ravine / small hollow, tributary to Brushy Fork","quad":"Scranton","gq":"GQ-1488","score_geology_only":61.5,"score_original":54.9,"top_pct_geology_only":46.8,"S":0.995,"D":0.168,"E":0.304,"I":0.726,"T":0.964,"R":0.3,"G":0.95,"dist_outline_km":24.5,"contact_class":"VERIFIED TARGET CONTACT (combined-unit top)","geo_conf":"Moderate-high","walk_start":"","source_zone_end":""}},{"type":"Feature","geometry":{"type":"Point","coordinates":[-83.652,37.8884]},"properties":{"menifee_rank":548,"id":2716,"stream":"Unnamed hollow head, tributary to Blackstand Branch","quad":"Frenchburg","gq":"GQ-1390","score_geology_only":61.5,"score_original":58.7,"top_pct_geology_only":46.8,"S":1.0,"D":0.211,"E":0.555,"I":0.468,"T":1.0,"R":0.5,"G":0.95,"dist_outline_km":9.4,"contact_class":"VERIFIED TARGET CONTACT (combined-unit top)","geo_conf":"Moderate-high","walk_start":"","source_zone_end":""}},{"type":"Feature","geometry":{"type":"Point","coordinates":[-83.5012,37.9677]},"properties":{"menifee_rank":549,"id":6196,"stream":"Unnamed ravine / small hollow, tributary to Brushy Fork","quad":"Scranton","gq":"GQ-1488","score_geology_only":61.5,"score_original":54.9,"top_pct_geology_only":47.0,"S":0.983,"D":0.163,"E":0.3,"I":0.729,"T":1.0,"R":0.3,"G":0.95,"dist_outline_km":24.8,"contact_class":"VERIFIED TARGET CONTACT (combined-unit top)","geo_conf":"Moderate-high","walk_start":"","source_zone_end":""}},{"type":"Feature","geometry":{"type":"Point","coordinates":[-83.6527,37.8777]},"properties":{"menifee_rank":550,"id":3547,"stream":"Unnamed hollow head, tributary to East Fork Indian Creek","quad":"Frenchburg","gq":"GQ-1390","score_geology_only":61.5,"score_original":58.7,"top_pct_geology_only":47.0,"S":1.0,"D":0.224,"E":0.57,"I":0.439,"T":1.0,"R":0.5,"G":0.95,"dist_outline_km":8.3,"contact_class":"VERIFIED TARGET CONTACT (combined-unit top)","geo_conf":"Moderate-high","walk_start":"","source_zone_end":""}},{"type":"Feature","geometry":{"type":"Point","coordinates":[-83.7233,37.9671]},"properties":{"menifee_rank":551,"id":626,"stream":"Unnamed hollow head, tributary to Cain Branch","quad":"Frenchburg","gq":"GQ-1390","score_geology_only":61.5,"score_original":58.7,"top_pct_geology_only":47.0,"S":0.641,"D":0.992,"E":0.152,"I":0.4,"T":0.837,"R":0.5,"G":0.95,"dist_outline_km":14.9,"contact_class":"VERIFIED TARGET CONTACT (combined-unit top)","geo_conf":"Moderate-high","walk_start":"","source_zone_end":""}},{"type":"Feature","geometry":{"type":"Point","coordinates":[-83.592,37.9554]},"properties":{"menifee_rank":552,"id":1807,"stream":"Unnamed hollow head, tributary to Long Branch","quad":"Scranton","gq":"GQ-1488","score_geology_only":61.5,"score_original":54.9,"top_pct_geology_only":47.0,"S":0.751,"D":0.8,"E":0.107,"I":0.394,"T":1.0,"R":0.3,"G":0.95,"dist_outline_km":18.5,"contact_class":"VERIFIED TARGET CONTACT (combined-unit top)","geo_conf":"Moderate-high","walk_start":"","source_zone_end":""}},{"type":"Feature","geometry":{"type":"Point","coordinates":[-83.691,37.9074]},"properties":{"menifee_rank":553,"id":5433,"stream":"Unnamed ravine / small hollow, tributary to Leatherwood Fork","quad":"Frenchburg","gq":"GQ-1390","score_geology_only":61.5,"score_original":58.7,"top_pct_geology_only":47.1,"S":0.761,"D":0.496,"E":0.397,"I":0.589,"T":1.0,"R":0.5,"G":0.95,"dist_outline_km":9.4,"contact_class":"VERIFIED TARGET CONTACT (combined-unit top)","geo_conf":"Moderate-high","walk_start":"","source_zone_end":""}},{"type":"Feature","geometry":{"type":"Point","coordinates":[-83.7333,37.931]},"properties":{"menifee_rank":554,"id":5707,"stream":"Barnett Branch, tributary to Hawkins Branch","quad":"Frenchburg","gq":"GQ-1390","score_geology_only":61.4,"score_original":58.6,"top_pct_geology_only":47.2,"S":0.552,"D":0.9,"E":0.239,"I":0.513,"T":0.984,"R":0.5,"G":0.95,"dist_outline_km":10.8,"contact_class":"VERIFIED TARGET CONTACT (combined-unit top)","geo_conf":"Moderate-high","walk_start":"","source_zone_end":""}},{"type":"Feature","geometry":{"type":"Point","coordinates":[-83.5827,37.984]},"properties":{"menifee_rank":555,"id":4058,"stream":"Unnamed hollow head, tributary to Brier Branch","quad":"Scranton","gq":"GQ-1488","score_geology_only":61.4,"score_original":54.8,"top_pct_geology_only":47.3,"S":0.642,"D":0.957,"E":0.138,"I":0.343,"T":1.0,"R":0.3,"G":0.95,"dist_outline_km":21.6,"contact_class":"VERIFIED TARGET CONTACT (combined-unit top)","geo_conf":"Moderate-high","walk_start":"","source_zone_end":""}},{"type":"Feature","geometry":{"type":"Point","coordinates":[-83.5194,37.9671]},"properties":{"menifee_rank":556,"id":1723,"stream":"Unnamed hollow head, tributary to Meyers Fork","quad":"Scranton","gq":"GQ-1488","score_geology_only":61.4,"score_original":54.8,"top_pct_geology_only":47.3,"S":1.0,"D":0.34,"E":0.249,"I":0.495,"T":1.0,"R":0.3,"G":0.95,"dist_outline_km":23.6,"contact_class":"VERIFIED TARGET CONTACT (combined-unit top)","geo_conf":"Moderate-high","walk_start":"","source_zone_end":""}},{"type":"Feature","geometry":{"type":"Point","coordinates":[-83.6911,37.9296]},"properties":{"menifee_rank":557,"id":6149,"stream":"Unnamed ravine / small hollow, tributary to Haunted Cave Branch","quad":"Frenchburg","gq":"GQ-1390","score_geology_only":61.4,"score_original":58.6,"top_pct_geology_only":47.4,"S":0.637,"D":0.711,"E":0.32,"I":0.57,"T":0.981,"R":0.5,"G":0.95,"dist_outline_km":11.6,"contact_class":"VERIFIED TARGET CONTACT (combined-unit top)","geo_conf":"Moderate-high","walk_start":"","source_zone_end":""}},{"type":"Feature","geometry":{"type":"Point","coordinates":[-83.6901,37.9291]},"properties":{"menifee_rank":558,"id":279,"stream":"Unnamed hollow head, tributary to Haunted Cave Branch","quad":"Frenchburg","gq":"GQ-1390","score_geology_only":61.4,"score_original":58.6,"top_pct_geology_only":47.5,"S":0.641,"D":0.718,"E":0.323,"I":0.543,"T":0.993,"R":0.5,"G":0.95,"dist_outline_km":11.6,"contact_class":"VERIFIED TARGET CONTACT (combined-unit top)","geo_conf":"Moderate-high","walk_start":"","source_zone_end":""}},{"type":"Feature","geometry":{"type":"Point","coordinates":[-83.617,37.9816]},"properties":{"menifee_rank":559,"id":1959,"stream":"Unnamed hollow head, tributary to Hackney Branch","quad":"Scranton","gq":"GQ-1488","score_geology_only":61.4,"score_original":54.8,"top_pct_geology_only":47.5,"S":0.783,"D":0.959,"E":0.016,"I":0.215,"T":0.955,"R":0.3,"G":0.95,"dist_outline_km":19.8,"contact_class":"VERIFIED TARGET CONTACT (combined-unit top)","geo_conf":"Moderate-high","walk_start":"","source_zone_end":""}},{"type":"Feature","geometry":{"type":"Point","coordinates":[-83.6486,37.8941]},"properties":{"menifee_rank":560,"id":396,"stream":"Unnamed hollow head, tributary to East Fork Indian Creek","quad":"Frenchburg","gq":"GQ-1390","score_geology_only":61.3,"score_original":58.6,"top_pct_geology_only":47.7,"S":1.0,"D":0.197,"E":0.547,"I":0.483,"T":1.0,"R":0.5,"G":0.95,"dist_outline_km":10.0,"contact_class":"VERIFIED TARGET CONTACT (combined-unit top)","geo_conf":"Moderate-high","walk_start":"","source_zone_end":""}},{"type":"Feature","geometry":{"type":"Point","coordinates":[-83.7541,37.9097]},"properties":{"menifee_rank":561,"id":3764,"stream":"Unnamed hollow head, tributary to Right Fork Cane Creek","quad":"Means","gq":"GQ-1324","score_geology_only":61.3,"score_original":58.5,"top_pct_geology_only":47.9,"S":0.536,"D":0.884,"E":0.355,"I":0.512,"T":0.932,"R":0.5,"G":0.95,"dist_outline_km":8.2,"contact_class":"VERIFIED TARGET CONTACT (combined-unit top)","geo_conf":"Moderate-high","walk_start":"","source_zone_end":""}},{"type":"Feature","geometry":{"type":"Point","coordinates":[-83.6659,37.951]},"properties":{"menifee_rank":562,"id":2043,"stream":"Unnamed hollow head, tributary to Hathaway Creek","quad":"Frenchburg","gq":"GQ-1390","score_geology_only":61.2,"score_original":58.5,"top_pct_geology_only":48.2,"S":0.762,"D":0.709,"E":0.157,"I":0.45,"T":1.0,"R":0.5,"G":0.95,"dist_outline_km":14.7,"contact_class":"VERIFIED TARGET CONTACT (combined-unit top)","geo_conf":"Moderate-high","walk_start":"","source_zone_end":""}},{"type":"Feature","geometry":{"type":"Point","coordinates":[-83.6525,37.97]},"properties":{"menifee_rank":563,"id":5852,"stream":"Unnamed ravine / small hollow, tributary to Ratliff Branch","quad":"Frenchburg","gq":"GQ-1390","score_geology_only":61.2,"score_original":54.6,"top_pct_geology_only":48.3,"S":0.655,"D":0.908,"E":0.039,"I":0.44,"T":1.0,"R":0.3,"G":0.95,"dist_outline_km":17.1,"contact_class":"VERIFIED TARGET CONTACT (combined-unit top)","geo_conf":"Moderate-high","walk_start":"","source_zone_end":""}},{"type":"Feature","geometry":{"type":"Point","coordinates":[-83.7048,37.9334]},"properties":{"menifee_rank":564,"id":2258,"stream":"Unnamed hollow head, tributary to Peter Trace","quad":"Frenchburg","gq":"GQ-1390","score_geology_only":61.2,"score_original":58.4,"top_pct_geology_only":48.3,"S":0.583,"D":0.879,"E":0.155,"I":0.521,"T":1.0,"R":0.5,"G":0.95,"dist_outline_km":11.6,"contact_class":"VERIFIED TARGET CONTACT (combined-unit top)","geo_conf":"Moderate-high","walk_start":"","source_zone_end":""}},{"type":"Feature","geometry":{"type":"Point","coordinates":[-83.5916,37.9848]},"properties":{"menifee_rank":565,"id":1721,"stream":"Unnamed hollow head, tributary to Beaver Creek","quad":"Scranton","gq":"GQ-1488","score_geology_only":61.2,"score_original":54.6,"top_pct_geology_only":48.4,"S":0.637,"D":0.973,"E":0.025,"I":0.462,"T":0.894,"R":0.3,"G":0.95,"dist_outline_km":21.2,"contact_class":"VERIFIED TARGET CONTACT (combined-unit top)","geo_conf":"Moderate-high","walk_start":"","source_zone_end":""}},{"type":"Feature","geometry":{"type":"Point","coordinates":[-83.7315,37.9345]},"properties":{"menifee_rank":566,"id":4442,"stream":"Unnamed hollow head, tributary to Barnett Branch","quad":"Frenchburg","gq":"GQ-1390","score_geology_only":61.2,"score_original":58.4,"top_pct_geology_only":48.4,"S":0.552,"D":0.9,"E":0.239,"I":0.507,"T":0.97,"R":0.5,"G":0.95,"dist_outline_km":11.2,"contact_class":"VERIFIED TARGET CONTACT (combined-unit top)","geo_conf":"Moderate-high","walk_start":"","source_zone_end":""}},{"type":"Feature","geometry":{"type":"Point","coordinates":[-83.6709,37.8652]},"properties":{"menifee_rank":567,"id":184,"stream":"Unnamed hollow head, tributary to East Fork Indian Creek","quad":"Slade","gq":"GQ-1183","score_geology_only":61.1,"score_original":58.4,"top_pct_geology_only":48.5,"S":1.0,"D":0.285,"E":0.526,"I":0.42,"T":0.923,"R":0.5,"G":0.95,"dist_outline_km":6.3,"contact_class":"VERIFIED TARGET CONTACT (combined-unit top)","geo_conf":"Moderate-high","walk_start":"","source_zone_end":""}},{"type":"Feature","geometry":{"type":"Point","coordinates":[-83.519,37.9689]},"properties":{"menifee_rank":568,"id":2402,"stream":"Unnamed hollow head, tributary to Meyers Fork","quad":"Scranton","gq":"GQ-1488","score_geology_only":61.1,"score_original":54.6,"top_pct_geology_only":48.5,"S":1.0,"D":0.339,"E":0.248,"I":0.503,"T":0.967,"R":0.3,"G":0.95,"dist_outline_km":23.8,"contact_class":"VERIFIED TARGET CONTACT (combined-unit top)","geo_conf":"Moderate-high","walk_start":"","source_zone_end":""}},{"type":"Feature","geometry":{"type":"Point","coordinates":[-83.6712,37.9662]},"properties":{"menifee_rank":569,"id":1058,"stream":"Unnamed hollow head, tributary to Sim Long Branch","quad":"Frenchburg","gq":"GQ-1390","score_geology_only":61.1,"score_original":54.6,"top_pct_geology_only":48.7,"S":0.766,"D":0.914,"E":0.033,"I":0.246,"T":1.0,"R":0.3,"G":0.95,"dist_outline_km":16.0,"contact_class":"VERIFIED TARGET CONTACT (combined-unit top)","geo_conf":"Moderate-high","walk_start":"","source_zone_end":""}},{"type":"Feature","geometry":{"type":"Point","coordinates":[-83.5019,37.9757]},"properties":{"menifee_rank":570,"id":5278,"stream":"Unnamed ravine / small hollow, tributary to Brushy Fork","quad":"Scranton","gq":"GQ-1488","score_geology_only":61.1,"score_original":54.5,"top_pct_geology_only":48.8,"S":1.0,"D":0.189,"E":0.3,"I":0.65,"T":0.989,"R":0.3,"G":0.95,"dist_outline_km":25.4,"contact_class":"VERIFIED TARGET CONTACT (combined-unit top)","geo_conf":"Moderate-high","walk_start":"","source_zone_end":""}},{"type":"Feature","geometry":{"type":"Point","coordinates":[-83.7047,37.9332]},"properties":{"menifee_rank":571,"id":3519,"stream":"Unnamed hollow head, tributary to Peter Trace","quad":"Frenchburg","gq":"GQ-1390","score_geology_only":61.1,"score_original":58.3,"top_pct_geology_only":48.8,"S":0.583,"D":0.879,"E":0.155,"I":0.514,"T":1.0,"R":0.5,"G":0.95,"dist_outline_km":11.6,"contact_class":"VERIFIED TARGET CONTACT (combined-unit top)","geo_conf":"Moderate-high","walk_start":"","source_zone_end":""}},{"type":"Feature","geometry":{"type":"Point","coordinates":[-83.6679,37.9697]},"properties":{"menifee_rank":572,"id":3034,"stream":"Unnamed hollow head, tributary to Sim Long Branch","quad":"Frenchburg","gq":"GQ-1390","score_geology_only":61.0,"score_original":54.5,"top_pct_geology_only":49.0,"S":0.766,"D":0.914,"E":0.033,"I":0.242,"T":1.0,"R":0.3,"G":0.95,"dist_outline_km":16.5,"contact_class":"VERIFIED TARGET CONTACT (combined-unit top)","geo_conf":"Moderate-high","walk_start":"","source_zone_end":""}},{"type":"Feature","geometry":{"type":"Point","coordinates":[-83.6557,37.8897]},"properties":{"menifee_rank":573,"id":4854,"stream":"Unnamed ravine / small hollow, tributary to Blackstand Branch","quad":"Frenchburg","gq":"GQ-1390","score_geology_only":61.0,"score_original":58.3,"top_pct_geology_only":49.2,"S":1.0,"D":0.198,"E":0.547,"I":0.461,"T":1.0,"R":0.5,"G":0.95,"dist_outline_km":9.3,"contact_class":"VERIFIED TARGET CONTACT (combined-unit top)","geo_conf":"Moderate-high","walk_start":"","source_zone_end":""}},{"type":"Feature","geometry":{"type":"Point","coordinates":[-83.6664,37.9683]},"properties":{"menifee_rank":574,"id":4138,"stream":"Unnamed hollow head, tributary to Sim Long Branch","quad":"Frenchburg","gq":"GQ-1390","score_geology_only":61.0,"score_original":54.5,"top_pct_geology_only":49.2,"S":0.776,"D":0.916,"E":0.034,"I":0.219,"T":1.0,"R":0.3,"G":0.95,"dist_outline_km":16.4,"contact_class":"VERIFIED TARGET CONTACT (combined-unit top)","geo_conf":"Moderate-high","walk_start":"","source_zone_end":""}},{"type":"Feature","geometry":{"type":"Point","coordinates":[-83.5905,37.9835]},"properties":{"menifee_rank":575,"id":3032,"stream":"Unnamed hollow head, tributary to Beaver Creek","quad":"Scranton","gq":"GQ-1488","score_geology_only":60.9,"score_original":54.4,"top_pct_geology_only":49.4,"S":0.637,"D":0.973,"E":0.025,"I":0.459,"T":0.879,"R":0.3,"G":0.95,"dist_outline_km":21.2,"contact_class":"VERIFIED TARGET CONTACT (combined-unit top)","geo_conf":"Moderate-high","walk_start":"","source_zone_end":""}},{"type":"Feature","geometry":{"type":"Point","coordinates":[-83.7362,37.9371]},"properties":{"menifee_rank":576,"id":3091,"stream":"Unnamed hollow head, tributary to Barnett Branch","quad":"Frenchburg","gq":"GQ-1390","score_geology_only":60.9,"score_original":58.2,"top_pct_geology_only":49.5,"S":0.585,"D":0.908,"E":0.24,"I":0.445,"T":0.943,"R":0.5,"G":0.95,"dist_outline_km":11.5,"contact_class":"VERIFIED TARGET CONTACT (combined-unit top)","geo_conf":"Moderate-high","walk_start":"","source_zone_end":""}},{"type":"Feature","geometry":{"type":"Point","coordinates":[-83.5118,37.9704]},"properties":{"menifee_rank":577,"id":3914,"stream":"Unnamed hollow head, tributary to Brushy Fork","quad":"Scranton","gq":"GQ-1488","score_geology_only":60.9,"score_original":54.4,"top_pct_geology_only":49.7,"S":0.995,"D":0.168,"E":0.304,"I":0.676,"T":0.986,"R":0.3,"G":0.95,"dist_outline_km":24.3,"contact_class":"VERIFIED TARGET CONTACT (combined-unit top)","geo_conf":"Moderate-high","walk_start":"","source_zone_end":""}},{"type":"Feature","geometry":{"type":"Point","coordinates":[-83.7422,37.9105]},"properties":{"menifee_rank":578,"id":5355,"stream":"Right Fork Cane Creek","quad":"Frenchburg","gq":"GQ-1390","score_geology_only":60.8,"score_original":58.2,"top_pct_geology_only":49.9,"S":0.626,"D":0.887,"E":0.218,"I":0.39,"T":0.981,"R":0.5,"G":0.95,"dist_outline_km":8.4,"contact_class":"VERIFIED TARGET CONTACT (combined-unit top)","geo_conf":"Moderate-high","walk_start":"","source_zone_end":""}},{"type":"Feature","geometry":{"type":"Point","coordinates":[-83.705,37.9336]},"properties":{"menifee_rank":579,"id":2122,"stream":"Unnamed hollow head, tributary to Peter Trace","quad":"Frenchburg","gq":"GQ-1390","score_geology_only":60.8,"score_original":58.2,"top_pct_geology_only":50.0,"S":0.583,"D":0.879,"E":0.155,"I":0.501,"T":1.0,"R":0.5,"G":0.95,"dist_outline_km":11.7,"contact_class":"VERIFIED TARGET CONTACT (combined-unit top)","geo_conf":"Moderate-high","walk_start":"","source_zone_end":""}},{"type":"Feature","geometry":{"type":"Point","coordinates":[-83.5427,37.9799]},"properties":{"menifee_rank":580,"id":271,"stream":"Unnamed hollow head, tributary to Beaver Creek","quad":"Scranton","gq":"GQ-1488","score_geology_only":60.8,"score_original":54.3,"top_pct_geology_only":50.2,"S":1.0,"D":0.454,"E":0.154,"I":0.552,"T":0.73,"R":0.3,"G":0.95,"dist_outline_km":23.3,"contact_class":"VERIFIED TARGET CONTACT (combined-unit top)","geo_conf":"Moderate-high","walk_start":"","source_zone_end":""}},{"type":"Feature","geometry":{"type":"Point","coordinates":[-83.5943,37.9618]},"properties":{"menifee_rank":581,"id":5778,"stream":"Unnamed ravine / small hollow, tributary to Long Branch","quad":"Scranton","gq":"GQ-1488","score_geology_only":60.8,"score_original":54.3,"top_pct_geology_only":50.2,"S":0.749,"D":0.799,"E":0.105,"I":0.363,"T":1.0,"R":0.3,"G":0.95,"dist_outline_km":18.9,"contact_class":"VERIFIED TARGET CONTACT (combined-unit top)","geo_conf":"Moderate-high","walk_start":"","source_zone_end":""}},{"type":"Feature","geometry":{"type":"Point","coordinates":[-83.5917,37.9638]},"properties":{"menifee_rank":582,"id":3237,"stream":"Unnamed hollow head, tributary to Long Branch","quad":"Scranton","gq":"GQ-1488","score_geology_only":60.8,"score_original":54.3,"top_pct_geology_only":50.3,"S":0.749,"D":0.799,"E":0.105,"I":0.362,"T":1.0,"R":0.3,"G":0.95,"dist_outline_km":19.3,"contact_class":"VERIFIED TARGET CONTACT (combined-unit top)","geo_conf":"Moderate-high","walk_start":"","source_zone_end":""}},{"type":"Feature","geometry":{"type":"Point","coordinates":[-83.6517,37.9744]},"properties":{"menifee_rank":583,"id":1879,"stream":"Unnamed hollow head, tributary to Stonequarry Creek","quad":"Frenchburg","gq":"GQ-1390","score_geology_only":60.8,"score_original":54.3,"top_pct_geology_only":50.3,"S":0.652,"D":0.934,"E":0.034,"I":0.423,"T":0.952,"R":0.3,"G":0.95,"dist_outline_km":17.6,"contact_class":"VERIFIED TARGET CONTACT (combined-unit top)","geo_conf":"Moderate-high","walk_start":"","source_zone_end":""}},{"type":"Feature","geometry":{"type":"Point","coordinates":[-83.6451,37.905]},"properties":{"menifee_rank":584,"id":4106,"stream":"Little Amos Creek, tributary to Big Amos Creek","quad":"Frenchburg","gq":"GQ-1390","score_geology_only":60.8,"score_original":58.1,"top_pct_geology_only":50.4,"S":0.934,"D":0.164,"E":0.537,"I":0.611,"T":1.0,"R":0.5,"G":0.95,"dist_outline_km":11.2,"contact_class":"VERIFIED TARGET CONTACT (combined-unit top)","geo_conf":"Moderate-high","walk_start":"","source_zone_end":""}},{"type":"Feature","geometry":{"type":"Point","coordinates":[-83.6435,37.8863]},"properties":{"menifee_rank":585,"id":3140,"stream":"Unnamed hollow head, tributary to Little East Fork","quad":"Frenchburg","gq":"GQ-1390","score_geology_only":60.7,"score_original":58.1,"top_pct_geology_only":50.5,"S":1.0,"D":0.213,"E":0.56,"I":0.419,"T":1.0,"R":0.5,"G":0.95,"dist_outline_km":9.6,"contact_class":"VERIFIED TARGET CONTACT (combined-unit top)","geo_conf":"Moderate-high","walk_start":"","source_zone_end":""}},{"type":"Feature","geometry":{"type":"Point","coordinates":[-83.6034,37.9857]},"properties":{"menifee_rank":586,"id":827,"stream":"Unnamed hollow head, tributary to Halfway Branch","quad":"Scranton","gq":"GQ-1488","score_geology_only":60.7,"score_original":54.3,"top_pct_geology_only":50.5,"S":0.634,"D":0.937,"E":0.082,"I":0.406,"T":0.964,"R":0.3,"G":0.95,"dist_outline_km":20.8,"contact_class":"VERIFIED TARGET CONTACT (combined-unit top)","geo_conf":"Moderate-high","walk_start":"","source_zone_end":""}},{"type":"Feature","geometry":{"type":"Point","coordinates":[-83.5405,37.9775]},"properties":{"menifee_rank":587,"id":4264,"stream":"Unnamed hollow head, tributary to Meyers Fork","quad":"Scranton","gq":"GQ-1488","score_geology_only":60.7,"score_original":54.2,"top_pct_geology_only":50.9,"S":0.598,"D":0.825,"E":0.16,"I":0.557,"T":0.97,"R":0.3,"G":0.95,"dist_outline_km":23.2,"contact_class":"VERIFIED TARGET CONTACT (combined-unit top)","geo_conf":"Moderate-high","walk_start":"","source_zone_end":""}},{"type":"Feature","geometry":{"type":"Point","coordinates":[-83.5108,37.9766]},"properties":{"menifee_rank":588,"id":1056,"stream":"Unnamed hollow head, tributary to Brushy Fork","quad":"Scranton","gq":"GQ-1488","score_geology_only":60.7,"score_original":54.2,"top_pct_geology_only":51.0,"S":1.0,"D":0.188,"E":0.301,"I":0.625,"T":0.995,"R":0.3,"G":0.95,"dist_outline_km":24.9,"contact_class":"VERIFIED TARGET CONTACT (combined-unit top)","geo_conf":"Moderate-high","walk_start":"","source_zone_end":""}},{"type":"Feature","geometry":{"type":"Point","coordinates":[-83.6447,37.8932]},"properties":{"menifee_rank":589,"id":4023,"stream":"Unnamed hollow head, tributary to East Fork Indian Creek","quad":"Frenchburg","gq":"GQ-1390","score_geology_only":60.6,"score_original":58.0,"top_pct_geology_only":51.1,"S":1.0,"D":0.198,"E":0.547,"I":0.442,"T":1.0,"R":0.5,"G":0.95,"dist_outline_km":10.1,"contact_class":"VERIFIED TARGET CONTACT (combined-unit top)","geo_conf":"Moderate-high","walk_start":"","source_zone_end":""}},{"type":"Feature","geometry":{"type":"Point","coordinates":[-83.695,37.9481]},"properties":{"menifee_rank":590,"id":1641,"stream":"Unnamed hollow head, tributary to Peter Trace","quad":"Frenchburg","gq":"GQ-1390","score_geology_only":60.6,"score_original":58.0,"top_pct_geology_only":51.2,"S":0.678,"D":0.883,"E":0.277,"I":0.245,"T":1.0,"R":0.5,"G":0.95,"dist_outline_km":13.5,"contact_class":"VERIFIED TARGET CONTACT (combined-unit top)","geo_conf":"Moderate-high","walk_start":"","source_zone_end":""}},{"type":"Feature","geometry":{"type":"Point","coordinates":[-83.6397,37.9043]},"properties":{"menifee_rank":591,"id":4572,"stream":"Unnamed ravine / small hollow, tributary to Big Amos Creek","quad":"Frenchburg","gq":"GQ-1390","score_geology_only":60.6,"score_original":58.0,"top_pct_geology_only":51.4,"S":0.934,"D":0.164,"E":0.537,"I":0.601,"T":1.0,"R":0.5,"G":0.95,"dist_outline_km":11.4,"contact_class":"VERIFIED TARGET CONTACT (combined-unit top)","geo_conf":"Moderate-high","walk_start":"","source_zone_end":""}},{"type":"Feature","geometry":{"type":"Point","coordinates":[-83.7337,37.8982]},"properties":{"menifee_rank":592,"id":3915,"stream":"Unnamed hollow head, tributary to Short Creek","quad":"Frenchburg","gq":"GQ-1390","score_geology_only":60.6,"score_original":58.0,"top_pct_geology_only":51.4,"S":0.589,"D":0.889,"E":0.281,"I":0.416,"T":0.946,"R":0.5,"G":0.95,"dist_outline_km":7.3,"contact_class":"VERIFIED TARGET CONTACT (combined-unit top)","geo_conf":"Moderate-high","walk_start":"","source_zone_end":""}},{"type":"Feature","geometry":{"type":"Point","coordinates":[-83.5672,37.963]},"properties":{"menifee_rank":593,"id":4943,"stream":"Unnamed ravine / small hollow, tributary to Hog Branch","quad":"Scranton","gq":"GQ-1488","score_geology_only":60.5,"score_original":54.1,"top_pct_geology_only":51.5,"S":0.713,"D":0.734,"E":0.164,"I":0.456,"T":1.0,"R":0.3,"G":0.95,"dist_outline_km":20.4,"contact_class":"VERIFIED TARGET CONTACT (combined-unit top)","geo_conf":"Moderate-high","walk_start":"","source_zone_end":""}},{"type":"Feature","geometry":{"type":"Point","coordinates":[-83.5258,37.9661]},"properties":{"menifee_rank":594,"id":1880,"stream":"Unnamed hollow head, tributary to Meyers Fork","quad":"Scranton","gq":"GQ-1488","score_geology_only":60.5,"score_original":54.1,"top_pct_geology_only":51.6,"S":1.0,"D":0.373,"E":0.239,"I":0.41,"T":0.998,"R":0.3,"G":0.95,"dist_outline_km":23.1,"contact_class":"VERIFIED TARGET CONTACT (combined-unit top)","geo_conf":"Moderate-high","walk_start":"","source_zone_end":""}},{"type":"Feature","geometry":{"type":"Point","coordinates":[-83.7406,37.909]},"properties":{"menifee_rank":595,"id":511,"stream":"Unnamed hollow head, tributary to Right Fork Cane Creek","quad":"Frenchburg","gq":"GQ-1390","score_geology_only":60.5,"score_original":57.9,"top_pct_geology_only":51.7,"S":0.634,"D":0.901,"E":0.22,"I":0.354,"T":0.958,"R":0.5,"G":0.95,"dist_outline_km":8.3,"contact_class":"VERIFIED TARGET CONTACT (combined-unit top)","geo_conf":"Moderate-high","walk_start":"","source_zone_end":""}},{"type":"Feature","geometry":{"type":"Point","coordinates":[-83.7057,37.932]},"properties":{"menifee_rank":596,"id":5101,"stream":"Unnamed ravine / small hollow, tributary to Peter Trace","quad":"Frenchburg","gq":"GQ-1390","score_geology_only":60.5,"score_original":57.9,"top_pct_geology_only":51.8,"S":0.583,"D":0.879,"E":0.155,"I":0.483,"T":1.0,"R":0.5,"G":0.95,"dist_outline_km":11.5,"contact_class":"VERIFIED TARGET CONTACT (combined-unit top)","geo_conf":"Moderate-high","walk_start":"","source_zone_end":""}},{"type":"Feature","geometry":{"type":"Point","coordinates":[-83.7262,37.9266]},"properties":{"menifee_rank":597,"id":2200,"stream":"Unnamed hollow head, tributary to Falling Timber Branch","quad":"Frenchburg","gq":"GQ-1390","score_geology_only":60.5,"score_original":57.9,"top_pct_geology_only":51.9,"S":0.619,"D":0.902,"E":0.324,"I":0.284,"T":0.992,"R":0.5,"G":0.95,"dist_outline_km":10.5,"contact_class":"VERIFIED TARGET CONTACT (combined-unit top)","geo_conf":"Moderate-high","walk_start":"","source_zone_end":""}},{"type":"Feature","geometry":{"type":"Point","coordinates":[-83.5403,37.9772]},"properties":{"menifee_rank":598,"id":2254,"stream":"Unnamed hollow head, tributary to Meyers Fork","quad":"Scranton","gq":"GQ-1488","score_geology_only":60.5,"score_original":54.1,"top_pct_geology_only":51.9,"S":0.598,"D":0.825,"E":0.16,"I":0.541,"T":0.977,"R":0.3,"G":0.95,"dist_outline_km":23.2,"contact_class":"VERIFIED TARGET CONTACT (combined-unit top)","geo_conf":"Moderate-high","walk_start":"","source_zone_end":""}},{"type":"Feature","geometry":{"type":"Point","coordinates":[-83.7148,37.9327]},"properties":{"menifee_rank":599,"id":1064,"stream":"Unnamed hollow head, tributary to Peter Trace","quad":"Frenchburg","gq":"GQ-1390","score_geology_only":60.4,"score_original":57.9,"top_pct_geology_only":52.1,"S":0.565,"D":0.875,"E":0.15,"I":0.541,"T":0.966,"R":0.5,"G":0.95,"dist_outline_km":11.4,"contact_class":"VERIFIED TARGET CONTACT (combined-unit top)","geo_conf":"Moderate-high","walk_start":"","source_zone_end":""}},{"type":"Feature","geometry":{"type":"Point","coordinates":[-83.7417,37.9379]},"properties":{"menifee_rank":600,"id":633,"stream":"Unnamed hollow head, tributary to Barnett Branch","quad":"Frenchburg","gq":"GQ-1390","score_geology_only":60.4,"score_original":57.8,"top_pct_geology_only":52.2,"S":0.609,"D":0.905,"E":0.245,"I":0.442,"T":0.848,"R":0.5,"G":0.95,"dist_outline_km":11.4,"contact_class":"VERIFIED TARGET CONTACT (combined-unit top)","geo_conf":"Moderate-high","walk_start":"","source_zone_end":""}},{"type":"Feature","geometry":{"type":"Point","coordinates":[-83.6594,37.877]},"properties":{"menifee_rank":601,"id":3742,"stream":"Unnamed hollow head, tributary to East Fork Indian Creek","quad":"Frenchburg","gq":"GQ-1390","score_geology_only":60.4,"score_original":57.8,"top_pct_geology_only":52.2,"S":1.0,"D":0.227,"E":0.574,"I":0.387,"T":0.98,"R":0.5,"G":0.95,"dist_outline_km":7.9,"contact_class":"VERIFIED TARGET CONTACT (combined-unit top)","geo_conf":"Moderate-high","walk_start":"","source_zone_end":""}},{"type":"Feature","geometry":{"type":"Point","coordinates":[-83.5926,37.9604]},"properties":{"menifee_rank":602,"id":1805,"stream":"Unnamed hollow head, tributary to Long Branch","quad":"Scranton","gq":"GQ-1488","score_geology_only":60.4,"score_original":54.0,"top_pct_geology_only":52.3,"S":0.762,"D":0.804,"E":0.113,"I":0.308,"T":1.0,"R":0.3,"G":0.95,"dist_outline_km":18.9,"contact_class":"VERIFIED TARGET CONTACT (combined-unit top)","geo_conf":"Moderate-high","walk_start":"","source_zone_end":""}},{"type":"Feature","geometry":{"type":"Point","coordinates":[-83.6894,37.9288]},"properties":{"menifee_rank":603,"id":1808,"stream":"Unnamed hollow head, tributary to Haunted Cave Branch","quad":"Frenchburg","gq":"GQ-1390","score_geology_only":60.4,"score_original":57.8,"top_pct_geology_only":52.3,"S":0.647,"D":0.727,"E":0.33,"I":0.471,"T":0.979,"R":0.5,"G":0.95,"dist_outline_km":11.6,"contact_class":"VERIFIED TARGET CONTACT (combined-unit top)","geo_conf":"Moderate-high","walk_start":"","source_zone_end":""}},{"type":"Feature","geometry":{"type":"Point","coordinates":[-83.6716,37.957]},"properties":{"menifee_rank":604,"id":5811,"stream":"Unnamed ravine / small hollow, tributary to Beaver Creek","quad":"Frenchburg","gq":"GQ-1390","score_geology_only":60.4,"score_original":54.0,"top_pct_geology_only":52.4,"S":0.731,"D":0.693,"E":0.153,"I":0.48,"T":1.0,"R":0.3,"G":0.95,"dist_outline_km":15.1,"contact_class":"VERIFIED TARGET CONTACT (combined-unit top)","geo_conf":"Moderate-high","walk_start":"","source_zone_end":""}},{"type":"Feature","geometry":{"type":"Point","coordinates":[-83.5414,37.9727]},"properties":{"menifee_rank":605,"id":942,"stream":"Unnamed hollow head, tributary to Meyers Fork","quad":"Scranton","gq":"GQ-1488","score_geology_only":60.4,"score_original":54.0,"top_pct_geology_only":52.5,"S":0.606,"D":0.828,"E":0.167,"I":0.5,"T":0.997,"R":0.3,"G":0.95,"dist_outline_km":22.7,"contact_class":"VERIFIED TARGET CONTACT (combined-unit top)","geo_conf":"Moderate-high","walk_start":"","source_zone_end":""}},{"type":"Feature","geometry":{"type":"Point","coordinates":[-83.6129,37.843]},"properties":{"menifee_rank":606,"id":6854,"stream":"Sargent Branch, tributary to Gladie Creek","quad":"Pomeroyton","gq":"GQ-1184","score_geology_only":60.4,"score_original":57.8,"top_pct_geology_only":52.5,"S":0.954,"D":0.048,"E":0.511,"I":0.728,"T":1.0,"R":0.5,"G":0.95,"dist_outline_km":9.0,"contact_class":"VERIFIED TARGET CONTACT (combined-unit top)","geo_conf":"Moderate-high","walk_start":"","source_zone_end":""}},{"type":"Feature","geometry":{"type":"Point","coordinates":[-83.5669,37.9632]},"properties":{"menifee_rank":607,"id":3274,"stream":"Unnamed hollow head, tributary to Hog Branch","quad":"Scranton","gq":"GQ-1488","score_geology_only":60.4,"score_original":54.0,"top_pct_geology_only":52.5,"S":0.709,"D":0.736,"E":0.163,"I":0.451,"T":1.0,"R":0.3,"G":0.95,"dist_outline_km":20.5,"contact_class":"VERIFIED TARGET CONTACT (combined-unit top)","geo_conf":"Moderate-high","walk_start":"","source_zone_end":""}},{"type":"Feature","geometry":{"type":"Point","coordinates":[-83.5916,37.9601]},"properties":{"menifee_rank":608,"id":1260,"stream":"Unnamed hollow head, tributary to Long Branch","quad":"Scranton","gq":"GQ-1488","score_geology_only":60.4,"score_original":54.0,"top_pct_geology_only":52.6,"S":0.766,"D":0.805,"E":0.116,"I":0.295,"T":1.0,"R":0.3,"G":0.95,"dist_outline_km":18.9,"contact_class":"VERIFIED TARGET CONTACT (combined-unit top)","geo_conf":"Moderate-high","walk_start":"","source_zone_end":""}},{"type":"Feature","geometry":{"type":"Point","coordinates":[-83.6461,37.9043]},"properties":{"menifee_rank":609,"id":3277,"stream":"Unnamed hollow head, tributary to Little Amos Creek","quad":"Frenchburg","gq":"GQ-1390","score_geology_only":60.4,"score_original":57.8,"top_pct_geology_only":52.6,"S":0.932,"D":0.163,"E":0.538,"I":0.593,"T":1.0,"R":0.5,"G":0.95,"dist_outline_km":11.1,"contact_class":"VERIFIED TARGET CONTACT (combined-unit top)","geo_conf":"Moderate-high","walk_start":"","source_zone_end":""}},{"type":"Feature","geometry":{"type":"Point","coordinates":[-83.7062,37.9317]},"properties":{"menifee_rank":610,"id":3641,"stream":"Unnamed hollow head, tributary to Peter Trace","quad":"Frenchburg","gq":"GQ-1390","score_geology_only":60.4,"score_original":57.8,"top_pct_geology_only":52.7,"S":0.58,"D":0.878,"E":0.152,"I":0.483,"T":1.0,"R":0.5,"G":0.95,"dist_outline_km":11.4,"contact_class":"VERIFIED TARGET CONTACT (combined-unit top)","geo_conf":"Moderate-high","walk_start":"","source_zone_end":""}},{"type":"Feature","geometry":{"type":"Point","coordinates":[-83.6464,37.8894]},"properties":{"menifee_rank":611,"id":2343,"stream":"Unnamed hollow head, tributary to East Fork Indian Creek","quad":"Frenchburg","gq":"GQ-1390","score_geology_only":60.3,"score_original":57.8,"top_pct_geology_only":52.8,"S":1.0,"D":0.212,"E":0.559,"I":0.399,"T":1.0,"R":0.5,"G":0.95,"dist_outline_km":9.7,"contact_class":"VERIFIED TARGET CONTACT (combined-unit top)","geo_conf":"Moderate-high","walk_start":"","source_zone_end":""}},{"type":"Feature","geometry":{"type":"Point","coordinates":[-83.7144,37.9321]},"properties":{"menifee_rank":612,"id":180,"stream":"Unnamed hollow head, tributary to Peter Trace","quad":"Frenchburg","gq":"GQ-1390","score_geology_only":60.3,"score_original":57.7,"top_pct_geology_only":52.8,"S":0.567,"D":0.876,"E":0.151,"I":0.524,"T":0.974,"R":0.5,"G":0.95,"dist_outline_km":11.3,"contact_class":"VERIFIED TARGET CONTACT (combined-unit top)","geo_conf":"Moderate-high","walk_start":"","source_zone_end":""}},{"type":"Feature","geometry":{"type":"Point","coordinates":[-83.688,37.9556]},"properties":{"menifee_rank":613,"id":1640,"stream":"Unnamed hollow head, tributary to Bull Fork","quad":"Frenchburg","gq":"GQ-1390","score_geology_only":60.3,"score_original":57.8,"top_pct_geology_only":52.9,"S":0.755,"D":0.819,"E":0.103,"I":0.301,"T":1.0,"R":0.5,"G":0.95,"dist_outline_km":14.4,"contact_class":"VERIFIED TARGET CONTACT (combined-unit top)","geo_conf":"Moderate-high","walk_start":"","source_zone_end":""}},{"type":"Feature","geometry":{"type":"Point","coordinates":[-83.6252,37.972]},"properties":{"menifee_rank":614,"id":2334,"stream":"Unnamed hollow head, tributary to Suiters Branch","quad":"Frenchburg","gq":"GQ-1390","score_geology_only":60.3,"score_original":54.0,"top_pct_geology_only":52.9,"S":0.67,"D":0.909,"E":0.083,"I":0.381,"T":0.931,"R":0.3,"G":0.95,"dist_outline_km":18.5,"contact_class":"VERIFIED TARGET CONTACT (combined-unit top)","geo_conf":"Moderate-high","walk_start":"","source_zone_end":""}},{"type":"Feature","geometry":{"type":"Point","coordinates":[-83.7383,37.8965]},"properties":{"menifee_rank":615,"id":4719,"stream":"Unnamed ravine / small hollow, tributary to Short Creek","quad":"Frenchburg","gq":"GQ-1390","score_geology_only":60.3,"score_original":57.7,"top_pct_geology_only":53.0,"S":0.585,"D":0.888,"E":0.276,"I":0.389,"T":0.98,"R":0.5,"G":0.95,"dist_outline_km":7.0,"contact_class":"VERIFIED TARGET CONTACT (combined-unit top)","geo_conf":"Moderate-high","walk_start":"","source_zone_end":""}},{"type":"Feature","geometry":{"type":"Point","coordinates":[-83.7429,37.9083]},"properties":{"menifee_rank":616,"id":2410,"stream":"Unnamed hollow head, tributary to Right Fork Cane Creek","quad":"Frenchburg","gq":"GQ-1390","score_geology_only":60.3,"score_original":57.7,"top_pct_geology_only":53.1,"S":0.638,"D":0.901,"E":0.22,"I":0.333,"T":0.96,"R":0.5,"G":0.95,"dist_outline_km":8.2,"contact_class":"VERIFIED TARGET CONTACT (combined-unit top)","geo_conf":"Moderate-high","walk_start":"","source_zone_end":""}},{"type":"Feature","geometry":{"type":"Point","coordinates":[-83.5458,37.9613]},"properties":{"menifee_rank":617,"id":6789,"stream":"Unnamed ravine / small hollow, tributary to Meyers Fork","quad":"Scranton","gq":"GQ-1488","score_geology_only":60.3,"score_original":53.9,"top_pct_geology_only":53.1,"S":0.953,"D":0.24,"E":0.243,"I":0.647,"T":1.0,"R":0.3,"G":0.95,"dist_outline_km":21.5,"contact_class":"VERIFIED TARGET CONTACT (combined-unit top)","geo_conf":"Moderate-high","walk_start":"","source_zone_end":""}},{"type":"Feature","geometry":{"type":"Point","coordinates":[-83.6133,37.8431]},"properties":{"menifee_rank":618,"id":3850,"stream":"Sargent Branch, tributary to Gladie Creek","quad":"Pomeroyton","gq":"GQ-1184","score_geology_only":60.3,"score_original":57.7,"top_pct_geology_only":53.1,"S":0.953,"D":0.048,"E":0.511,"I":0.724,"T":1.0,"R":0.5,"G":0.95,"dist_outline_km":9.0,"contact_class":"VERIFIED TARGET CONTACT (combined-unit top)","geo_conf":"Moderate-high","walk_start":"","source_zone_end":""}},{"type":"Feature","geometry":{"type":"Point","coordinates":[-83.6823,37.8606]},"properties":{"menifee_rank":619,"id":404,"stream":"Unnamed hollow head, tributary to Powder Mill Branch","quad":"Slade","gq":"GQ-1183","score_geology_only":60.2,"score_original":57.7,"top_pct_geology_only":53.3,"S":1.0,"D":0.285,"E":0.526,"I":0.562,"T":0.634,"R":0.5,"G":0.95,"dist_outline_km":5.3,"contact_class":"VERIFIED TARGET CONTACT (combined-unit top)","geo_conf":"Moderate-high","walk_start":"","source_zone_end":""}},{"type":"Feature","geometry":{"type":"Point","coordinates":[-83.6382,37.8842]},"properties":{"menifee_rank":620,"id":1974,"stream":"Unnamed hollow head, tributary to Little East Fork","quad":"Frenchburg","gq":"GQ-1390","score_geology_only":60.2,"score_original":57.7,"top_pct_geology_only":53.3,"S":1.0,"D":0.21,"E":0.553,"I":0.4,"T":1.0,"R":0.5,"G":0.95,"dist_outline_km":9.7,"contact_class":"VERIFIED TARGET CONTACT (combined-unit top)","geo_conf":"Moderate-high","walk_start":"","source_zone_end":""}},{"type":"Feature","geometry":{"type":"Point","coordinates":[-83.6661,37.9508]},"properties":{"menifee_rank":621,"id":1455,"stream":"Unnamed hollow head, tributary to Hathaway Creek","quad":"Frenchburg","gq":"GQ-1390","score_geology_only":60.2,"score_original":57.7,"top_pct_geology_only":53.3,"S":0.761,"D":0.708,"E":0.157,"I":0.398,"T":1.0,"R":0.5,"G":0.95,"dist_outline_km":14.7,"contact_class":"VERIFIED TARGET CONTACT (combined-unit top)","geo_conf":"Moderate-high","walk_start":"","source_zone_end":""}},{"type":"Feature","geometry":{"type":"Point","coordinates":[-83.6842,37.8952]},"properties":{"menifee_rank":622,"id":4334,"stream":"Unnamed hollow head, tributary to Leatherwood Fork","quad":"Frenchburg","gq":"GQ-1390","score_geology_only":60.2,"score_original":57.7,"top_pct_geology_only":53.4,"S":0.855,"D":0.512,"E":0.479,"I":0.311,"T":0.965,"R":0.5,"G":0.95,"dist_outline_km":8.5,"contact_class":"VERIFIED TARGET CONTACT (combined-unit top)","geo_conf":"Moderate-high","walk_start":"","source_zone_end":""}},{"type":"Feature","geometry":{"type":"Point","coordinates":[-83.7227,37.9258]},"properties":{"menifee_rank":623,"id":5633,"stream":"Unnamed ravine / small hollow, tributary to Falling Timber Branch","quad":"Frenchburg","gq":"GQ-1390","score_geology_only":60.2,"score_original":57.7,"top_pct_geology_only":53.5,"S":0.61,"D":0.899,"E":0.322,"I":0.286,"T":0.997,"R":0.5,"G":0.95,"dist_outline_km":10.5,"contact_class":"VERIFIED TARGET CONTACT (combined-unit top)","geo_conf":"Moderate-high","walk_start":"","source_zone_end":""}},{"type":"Feature","geometry":{"type":"Point","coordinates":[-83.6867,37.9365]},"properties":{"menifee_rank":624,"id":178,"stream":"Unnamed hollow head, tributary to Coldiron Fork","quad":"Frenchburg","gq":"GQ-1390","score_geology_only":60.2,"score_original":57.7,"top_pct_geology_only":53.5,"S":0.701,"D":0.731,"E":0.441,"I":0.303,"T":0.961,"R":0.5,"G":0.95,"dist_outline_km":12.5,"contact_class":"VERIFIED TARGET CONTACT (combined-unit top)","geo_conf":"Moderate-high","walk_start":"","source_zone_end":""}},{"type":"Feature","geometry":{"type":"Point","coordinates":[-83.5402,37.9768]},"properties":{"menifee_rank":625,"id":383,"stream":"Unnamed hollow head, tributary to Meyers Fork","quad":"Scranton","gq":"GQ-1488","score_geology_only":60.2,"score_original":53.8,"top_pct_geology_only":53.6,"S":0.6,"D":0.826,"E":0.163,"I":0.507,"T":0.992,"R":0.3,"G":0.95,"dist_outline_km":23.1,"contact_class":"VERIFIED TARGET CONTACT (combined-unit top)","geo_conf":"Moderate-high","walk_start":"","source_zone_end":""}},{"type":"Feature","geometry":{"type":"Point","coordinates":[-83.5805,37.9854]},"properties":{"menifee_rank":626,"id":937,"stream":"Unnamed hollow head, tributary to Brier Branch","quad":"Scranton","gq":"GQ-1488","score_geology_only":60.2,"score_original":53.8,"top_pct_geology_only":53.6,"S":0.642,"D":0.958,"E":0.138,"I":0.279,"T":0.989,"R":0.3,"G":0.95,"dist_outline_km":21.8,"contact_class":"VERIFIED TARGET CONTACT (combined-unit top)","geo_conf":"Moderate-high","walk_start":"","source_zone_end":""}},{"type":"Feature","geometry":{"type":"Point","coordinates":[-83.5212,37.9672]},"properties":{"menifee_rank":627,"id":2653,"stream":"Unnamed hollow head, tributary to Meyers Fork","quad":"Scranton","gq":"GQ-1488","score_geology_only":60.2,"score_original":53.8,"top_pct_geology_only":53.7,"S":1.0,"D":0.342,"E":0.25,"I":0.436,"T":0.978,"R":0.3,"G":0.95,"dist_outline_km":23.5,"contact_class":"VERIFIED TARGET CONTACT (combined-unit top)","geo_conf":"Moderate-high","walk_start":"","source_zone_end":""}},{"type":"Feature","geometry":{"type":"Point","coordinates":[-83.6337,37.8955]},"properties":{"menifee_rank":628,"id":4444,"stream":"Unnamed hollow head, tributary to East Fork Indian Creek","quad":"Frenchburg","gq":"GQ-1390","score_geology_only":60.2,"score_original":57.6,"top_pct_geology_only":53.7,"S":0.952,"D":0.168,"E":0.532,"I":0.545,"T":1.0,"R":0.5,"G":0.95,"dist_outline_km":10.9,"contact_class":"VERIFIED TARGET CONTACT (combined-unit top)","geo_conf":"Moderate-high","walk_start":"","source_zone_end":""}},{"type":"Feature","geometry":{"type":"Point","coordinates":[-83.7252,37.9293]},"properties":{"menifee_rank":629,"id":6072,"stream":"Unnamed ravine / small hollow, tributary to Falling Timber Branch","quad":"Frenchburg","gq":"GQ-1390","score_geology_only":60.1,"score_original":57.6,"top_pct_geology_only":53.7,"S":0.56,"D":0.865,"E":0.311,"I":0.416,"T":1.0,"R":0.5,"G":0.95,"dist_outline_km":10.8,"contact_class":"VERIFIED TARGET CONTACT (combined-unit top)","geo_conf":"Moderate-high","walk_start":"","source_zone_end":""}},{"type":"Feature","geometry":{"type":"Point","coordinates":[-83.6868,37.928]},"properties":{"menifee_rank":630,"id":731,"stream":"Unnamed hollow head, tributary to Haunted Cave Branch","quad":"Frenchburg","gq":"GQ-1390","score_geology_only":60.1,"score_original":57.6,"top_pct_geology_only":53.7,"S":0.667,"D":0.747,"E":0.349,"I":0.405,"T":0.947,"R":0.5,"G":0.95,"dist_outline_km":11.6,"contact_class":"VERIFIED TARGET CONTACT (combined-unit top)","geo_conf":"Moderate-high","walk_start":"","source_zone_end":""}},{"type":"Feature","geometry":{"type":"Point","coordinates":[-83.6118,37.9846]},"properties":{"menifee_rank":631,"id":5158,"stream":"Unnamed ravine / small hollow, tributary to Halfway Branch","quad":"Scranton","gq":"GQ-1488","score_geology_only":60.1,"score_original":53.8,"top_pct_geology_only":53.8,"S":0.596,"D":0.93,"E":0.095,"I":0.438,"T":0.962,"R":0.3,"G":0.95,"dist_outline_km":20.3,"contact_class":"VERIFIED TARGET CONTACT (combined-unit top)","geo_conf":"Moderate-high","walk_start":"","source_zone_end":""}},{"type":"Feature","geometry":{"type":"Point","coordinates":[-83.6113,37.9847]},"properties":{"menifee_rank":632,"id":4059,"stream":"Unnamed hollow head, tributary to Halfway Branch","quad":"Scranton","gq":"GQ-1488","score_geology_only":60.1,"score_original":53.8,"top_pct_geology_only":53.8,"S":0.596,"D":0.93,"E":0.095,"I":0.439,"T":0.96,"R":0.3,"G":0.95,"dist_outline_km":20.3,"contact_class":"VERIFIED TARGET CONTACT (combined-unit top)","geo_conf":"Moderate-high","walk_start":"","source_zone_end":""}},{"type":"Feature","geometry":{"type":"Point","coordinates":[-83.75,37.9077]},"properties":{"menifee_rank":633,"id":1888,"stream":"Unnamed hollow head, tributary to Right Fork Cane Creek","quad":"Frenchburg","gq":"GQ-1324","score_geology_only":60.1,"score_original":57.6,"top_pct_geology_only":53.8,"S":0.577,"D":0.904,"E":0.321,"I":0.367,"T":0.941,"R":0.5,"G":0.95,"dist_outline_km":8.0,"contact_class":"VERIFIED TARGET CONTACT (combined-unit top)","geo_conf":"Moderate-high","walk_start":"","source_zone_end":""}},{"type":"Feature","geometry":{"type":"Point","coordinates":[-83.6812,37.9733]},"properties":{"menifee_rank":634,"id":622,"stream":"Unnamed hollow head, tributary to Dog Trot Fork","quad":"Frenchburg","gq":"GQ-1390","score_geology_only":60.1,"score_original":53.8,"top_pct_geology_only":53.8,"S":0.79,"D":0.943,"E":0.023,"I":0.119,"T":1.0,"R":0.3,"G":0.95,"dist_outline_km":16.5,"contact_class":"VERIFIED TARGET CONTACT (combined-unit top)","geo_conf":"Moderate-high","walk_start":"","source_zone_end":""}},{"type":"Feature","geometry":{"type":"Point","coordinates":[-83.5343,37.9566]},"properties":{"menifee_rank":635,"id":4876,"stream":"Unnamed ravine / small hollow, tributary to Meyers Fork","quad":"Scranton","gq":"GQ-1488","score_geology_only":60.1,"score_original":53.8,"top_pct_geology_only":53.9,"S":1.0,"D":0.304,"E":0.246,"I":0.472,"T":1.0,"R":0.3,"G":0.95,"dist_outline_km":21.8,"contact_class":"VERIFIED TARGET CONTACT (combined-unit top)","geo_conf":"Moderate-high","walk_start":"","source_zone_end":""}},{"type":"Feature","geometry":{"type":"Point","coordinates":[-83.5694,37.9618]},"properties":{"menifee_rank":636,"id":5463,"stream":"Unnamed ravine / small hollow, tributary to Hog Branch","quad":"Scranton","gq":"GQ-1488","score_geology_only":60.1,"score_original":53.8,"top_pct_geology_only":53.9,"S":0.709,"D":0.737,"E":0.163,"I":0.435,"T":1.0,"R":0.3,"G":0.95,"dist_outline_km":20.2,"contact_class":"VERIFIED TARGET CONTACT (combined-unit top)","geo_conf":"Moderate-high","walk_start":"","source_zone_end":""}},{"type":"Feature","geometry":{"type":"Point","coordinates":[-83.6104,37.847]},"properties":{"menifee_rank":637,"id":3357,"stream":"Klaber Branch, tributary to Gladie Creek","quad":"Pomeroyton","gq":"GQ-1184","score_geology_only":60.1,"score_original":57.6,"top_pct_geology_only":53.9,"S":0.939,"D":0.046,"E":0.516,"I":0.737,"T":1.0,"R":0.5,"G":0.95,"dist_outline_km":9.4,"contact_class":"VERIFIED TARGET CONTACT (combined-unit top)","geo_conf":"Moderate-high","walk_start":"","source_zone_end":""}},{"type":"Feature","geometry":{"type":"Point","coordinates":[-83.6043,37.986]},"properties":{"menifee_rank":638,"id":3574,"stream":"Unnamed hollow head, tributary to Halfway Branch","quad":"Scranton","gq":"GQ-1488","score_geology_only":60.1,"score_original":53.8,"top_pct_geology_only":53.9,"S":0.631,"D":0.936,"E":0.084,"I":0.391,"T":0.941,"R":0.3,"G":0.95,"dist_outline_km":20.8,"contact_class":"VERIFIED TARGET CONTACT (combined-unit top)","geo_conf":"Moderate-high","walk_start":"","source_zone_end":""}},{"type":"Feature","geometry":{"type":"Point","coordinates":[-83.527,37.9612]},"properties":{"menifee_rank":639,"id":1259,"stream":"Unnamed hollow head, tributary to Meyers Fork","quad":"Scranton","gq":"GQ-1488","score_geology_only":60.1,"score_original":53.8,"top_pct_geology_only":53.9,"S":1.0,"D":0.336,"E":0.247,"I":0.428,"T":1.0,"R":0.3,"G":0.95,"dist_outline_km":22.7,"contact_class":"VERIFIED TARGET CONTACT (combined-unit top)","geo_conf":"Moderate-high","walk_start":"","source_zone_end":""}},{"type":"Feature","geometry":{"type":"Point","coordinates":[-83.6433,37.8989]},"properties":{"menifee_rank":640,"id":1271,"stream":"Unnamed hollow head, tributary to East Fork Indian Creek","quad":"Frenchburg","gq":"GQ-1390","score_geology_only":60.1,"score_original":57.5,"top_pct_geology_only":54.1,"S":0.984,"D":0.184,"E":0.538,"I":0.462,"T":1.0,"R":0.5,"G":0.95,"dist_outline_km":10.7,"contact_class":"VERIFIED TARGET CONTACT (combined-unit top)","geo_conf":"Moderate-high","walk_start":"","source_zone_end":""}},{"type":"Feature","geometry":{"type":"Point","coordinates":[-83.5025,37.9776]},"properties":{"menifee_rank":641,"id":4183,"stream":"Unnamed hollow head, tributary to Brushy Fork","quad":"Scranton","gq":"GQ-1488","score_geology_only":60.1,"score_original":53.8,"top_pct_geology_only":54.1,"S":1.0,"D":0.188,"E":0.3,"I":0.597,"T":0.987,"R":0.3,"G":0.95,"dist_outline_km":25.5,"contact_class":"VERIFIED TARGET CONTACT (combined-unit top)","geo_conf":"Moderate-high","walk_start":"","source_zone_end":""}},{"type":"Feature","geometry":{"type":"Point","coordinates":[-83.5886,37.9629]},"properties":{"menifee_rank":642,"id":2196,"stream":"Unnamed hollow head, tributary to Long Branch","quad":"Scranton","gq":"GQ-1488","score_geology_only":60.0,"score_original":53.7,"top_pct_geology_only":54.3,"S":0.762,"D":0.804,"E":0.113,"I":0.287,"T":1.0,"R":0.3,"G":0.95,"dist_outline_km":19.3,"contact_class":"VERIFIED TARGET CONTACT (combined-unit top)","geo_conf":"Moderate-high","walk_start":"","source_zone_end":""}},{"type":"Feature","geometry":{"type":"Point","coordinates":[-83.6588,37.9683]},"properties":{"menifee_rank":643,"id":1881,"stream":"Unnamed hollow head, tributary to Ratliff Branch","quad":"Frenchburg","gq":"GQ-1390","score_geology_only":60.0,"score_original":53.7,"top_pct_geology_only":54.3,"S":0.818,"D":0.913,"E":0.032,"I":0.102,"T":1.0,"R":0.3,"G":0.95,"dist_outline_km":16.7,"contact_class":"VERIFIED TARGET CONTACT (combined-unit top)","geo_conf":"Moderate-high","walk_start":"","source_zone_end":""}},{"type":"Feature","geometry":{"type":"Point","coordinates":[-83.645,37.8832]},"properties":{"menifee_rank":644,"id":3244,"stream":"Unnamed hollow head, tributary to Little East Fork","quad":"Frenchburg","gq":"GQ-1390","score_geology_only":60.0,"score_original":57.5,"top_pct_geology_only":54.4,"S":1.0,"D":0.213,"E":0.56,"I":0.378,"T":1.0,"R":0.5,"G":0.95,"dist_outline_km":9.2,"contact_class":"VERIFIED TARGET CONTACT (combined-unit top)","geo_conf":"Moderate-high","walk_start":"","source_zone_end":""}},{"type":"Feature","geometry":{"type":"Point","coordinates":[-83.6118,37.9845]},"properties":{"menifee_rank":645,"id":3198,"stream":"Unnamed hollow head, tributary to Halfway Branch","quad":"Scranton","gq":"GQ-1488","score_geology_only":60.0,"score_original":53.7,"top_pct_geology_only":54.5,"S":0.596,"D":0.93,"E":0.095,"I":0.428,"T":0.963,"R":0.3,"G":0.95,"dist_outline_km":20.3,"contact_class":"VERIFIED TARGET CONTACT (combined-unit top)","geo_conf":"Moderate-high","walk_start":"","source_zone_end":""}},{"type":"Feature","geometry":{"type":"Point","coordinates":[-83.7568,37.9053]},"properties":{"menifee_rank":646,"id":3624,"stream":"Unnamed hollow head, tributary to Right Fork Cane Creek","quad":"Means","gq":"GQ-1324","score_geology_only":59.9,"score_original":57.4,"top_pct_geology_only":54.8,"S":0.553,"D":0.894,"E":0.369,"I":0.428,"T":0.864,"R":0.5,"G":0.95,"dist_outline_km":7.7,"contact_class":"VERIFIED TARGET CONTACT (combined-unit top)","geo_conf":"Moderate-high","walk_start":"","source_zone_end":""}},{"type":"Feature","geometry":{"type":"Point","coordinates":[-83.7476,37.9118]},"properties":{"menifee_rank":647,"id":4332,"stream":"Unnamed hollow head, tributary to Right Fork Cane Creek","quad":"Frenchburg","gq":"GQ-1390","score_geology_only":59.9,"score_original":57.4,"top_pct_geology_only":54.8,"S":0.553,"D":0.896,"E":0.316,"I":0.407,"T":0.944,"R":0.5,"G":0.95,"dist_outline_km":8.5,"contact_class":"VERIFIED TARGET CONTACT (combined-unit top)","geo_conf":"Moderate-high","walk_start":"","source_zone_end":""}},{"type":"Feature","geometry":{"type":"Point","coordinates":[-83.6945,37.9047]},"properties":{"menifee_rank":648,"id":5050,"stream":"Unnamed ravine / small hollow, tributary to Leatherwood Fork","quad":"Frenchburg","gq":"GQ-1390","score_geology_only":59.9,"score_original":57.4,"top_pct_geology_only":55.0,"S":0.755,"D":0.487,"E":0.392,"I":0.525,"T":1.0,"R":0.5,"G":0.95,"dist_outline_km":9.0,"contact_class":"VERIFIED TARGET CONTACT (combined-unit top)","geo_conf":"Moderate-high","walk_start":"","source_zone_end":""}},{"type":"Feature","geometry":{"type":"Point","coordinates":[-83.5393,37.9599]},"properties":{"menifee_rank":649,"id":4999,"stream":"Unnamed ravine / small hollow, tributary to Meyers Fork","quad":"Scranton","gq":"GQ-1488","score_geology_only":59.9,"score_original":53.6,"top_pct_geology_only":55.1,"S":0.981,"D":0.259,"E":0.245,"I":0.55,"T":1.0,"R":0.3,"G":0.95,"dist_outline_km":21.8,"contact_class":"VERIFIED TARGET CONTACT (combined-unit top)","geo_conf":"Moderate-high","walk_start":"","source_zone_end":""}},{"type":"Feature","geometry":{"type":"Point","coordinates":[-83.6639,37.872]},"properties":{"menifee_rank":650,"id":2263,"stream":"Unnamed hollow head, tributary to East Fork Indian Creek","quad":"Slade","gq":"GQ-1183","score_geology_only":59.8,"score_original":57.3,"top_pct_geology_only":55.2,"S":1.0,"D":0.236,"E":0.57,"I":0.329,"T":1.0,"R":0.5,"G":0.95,"dist_outline_km":7.3,"contact_class":"VERIFIED TARGET CONTACT (combined-unit top)","geo_conf":"Moderate-high","walk_start":"","source_zone_end":""}},{"type":"Feature","geometry":{"type":"Point","coordinates":[-83.7506,37.912]},"properties":{"menifee_rank":651,"id":6019,"stream":"Unnamed ravine / small hollow, tributary to Right Fork Cane Creek","quad":"Means","gq":"GQ-1324","score_geology_only":59.8,"score_original":57.3,"top_pct_geology_only":55.3,"S":0.541,"D":0.894,"E":0.308,"I":0.44,"T":0.926,"R":0.5,"G":0.95,"dist_outline_km":8.5,"contact_class":"VERIFIED TARGET CONTACT (combined-unit top)","geo_conf":"Moderate-high","walk_start":"","source_zone_end":""}},{"type":"Feature","geometry":{"type":"Point","coordinates":[-83.6506,37.9795]},"properties":{"menifee_rank":652,"id":4085,"stream":"Unnamed hollow head, tributary to Stonequarry Creek","quad":"Frenchburg","gq":"GQ-1390","score_geology_only":59.8,"score_original":53.5,"top_pct_geology_only":55.3,"S":0.619,"D":0.926,"E":0.033,"I":0.408,"T":0.989,"R":0.3,"G":0.95,"dist_outline_km":18.1,"contact_class":"VERIFIED TARGET CONTACT (combined-unit top)","geo_conf":"Moderate-high","walk_start":"","source_zone_end":""}},{"type":"Feature","geometry":{"type":"Point","coordinates":[-83.6679,37.9496]},"properties":{"menifee_rank":653,"id":6364,"stream":"Unnamed ravine / small hollow, tributary to Hathaway Creek","quad":"Frenchburg","gq":"GQ-1390","score_geology_only":59.7,"score_original":57.3,"top_pct_geology_only":55.5,"S":0.731,"D":0.693,"E":0.153,"I":0.443,"T":1.0,"R":0.5,"G":0.95,"dist_outline_km":14.5,"contact_class":"VERIFIED TARGET CONTACT (combined-unit top)","geo_conf":"Moderate-high","walk_start":"","source_zone_end":""}},{"type":"Feature","geometry":{"type":"Point","coordinates":[-83.5673,37.9605]},"properties":{"menifee_rank":654,"id":3067,"stream":"Unnamed hollow head, tributary to Hog Branch","quad":"Scranton","gq":"GQ-1488","score_geology_only":59.7,"score_original":53.5,"top_pct_geology_only":55.6,"S":0.705,"D":0.733,"E":0.159,"I":0.428,"T":1.0,"R":0.3,"G":0.95,"dist_outline_km":20.2,"contact_class":"VERIFIED TARGET CONTACT (combined-unit top)","geo_conf":"Moderate-high","walk_start":"","source_zone_end":""}},{"type":"Feature","geometry":{"type":"Point","coordinates":[-83.602,37.9631]},"properties":{"menifee_rank":655,"id":5065,"stream":"Unnamed ravine / small hollow, tributary to Trace Branch","quad":"Scranton","gq":"GQ-1488","score_geology_only":59.7,"score_original":53.5,"top_pct_geology_only":55.7,"S":0.545,"D":0.853,"E":0.134,"I":0.571,"T":0.969,"R":0.3,"G":0.95,"dist_outline_km":18.7,"contact_class":"VERIFIED TARGET CONTACT (combined-unit top)","geo_conf":"Moderate-high","walk_start":"","source_zone_end":""}},{"type":"Feature","geometry":{"type":"Point","coordinates":[-83.7246,37.9239]},"properties":{"menifee_rank":656,"id":3578,"stream":"Unnamed hollow head, tributary to Falling Timber Branch","quad":"Frenchburg","gq":"GQ-1390","score_geology_only":59.7,"score_original":57.3,"top_pct_geology_only":55.8,"S":0.62,"D":0.903,"E":0.323,"I":0.246,"T":0.979,"R":0.5,"G":0.95,"dist_outline_km":10.2,"contact_class":"VERIFIED TARGET CONTACT (combined-unit top)","geo_conf":"Moderate-high","walk_start":"","source_zone_end":""}},{"type":"Feature","geometry":{"type":"Point","coordinates":[-83.6829,37.9818]},"properties":{"menifee_rank":657,"id":4513,"stream":"Unnamed ravine / small hollow, tributary to Dog Trot Fork","quad":"Frenchburg","gq":"GQ-1390","score_geology_only":59.7,"score_original":53.4,"top_pct_geology_only":55.9,"S":0.6,"D":0.978,"E":0.017,"I":0.367,"T":1.0,"R":0.3,"G":0.95,"dist_outline_km":17.3,"contact_class":"VERIFIED TARGET CONTACT (combined-unit top)","geo_conf":"Moderate-high","walk_start":"","source_zone_end":""}},{"type":"Feature","geometry":{"type":"Point","coordinates":[-83.5213,37.9689]},"properties":{"menifee_rank":658,"id":2118,"stream":"Unnamed hollow head, tributary to Meyers Fork","quad":"Scranton","gq":"GQ-1488","score_geology_only":59.6,"score_original":53.4,"top_pct_geology_only":56.0,"S":1.0,"D":0.373,"E":0.239,"I":0.387,"T":0.957,"R":0.3,"G":0.95,"dist_outline_km":23.6,"contact_class":"VERIFIED TARGET CONTACT (combined-unit top)","geo_conf":"Moderate-high","walk_start":"","source_zone_end":""}},{"type":"Feature","geometry":{"type":"Point","coordinates":[-83.6628,37.9689]},"properties":{"menifee_rank":659,"id":2403,"stream":"Unnamed hollow head, tributary to Ratliff Branch","quad":"Frenchburg","gq":"GQ-1390","score_geology_only":59.6,"score_original":53.4,"top_pct_geology_only":56.0,"S":0.818,"D":0.913,"E":0.032,"I":0.083,"T":0.995,"R":0.3,"G":0.95,"dist_outline_km":16.6,"contact_class":"VERIFIED TARGET CONTACT (combined-unit top)","geo_conf":"Moderate-high","walk_start":"","source_zone_end":""}},{"type":"Feature","geometry":{"type":"Point","coordinates":[-83.7463,37.9111]},"properties":{"menifee_rank":660,"id":4746,"stream":"Unnamed ravine / small hollow, tributary to Right Fork Cane Creek","quad":"Frenchburg","gq":"GQ-1390","score_geology_only":59.6,"score_original":57.2,"top_pct_geology_only":56.2,"S":0.553,"D":0.896,"E":0.316,"I":0.396,"T":0.936,"R":0.5,"G":0.95,"dist_outline_km":8.4,"contact_class":"VERIFIED TARGET CONTACT (combined-unit top)","geo_conf":"Moderate-high","walk_start":"","source_zone_end":""}},{"type":"Feature","geometry":{"type":"Point","coordinates":[-83.6715,37.9686]},"properties":{"menifee_rank":661,"id":1724,"stream":"Unnamed hollow head, tributary to Sim Long Branch","quad":"Frenchburg","gq":"GQ-1390","score_geology_only":59.6,"score_original":53.4,"top_pct_geology_only":56.2,"S":0.763,"D":0.914,"E":0.032,"I":0.168,"T":1.0,"R":0.3,"G":0.95,"dist_outline_km":16.3,"contact_class":"VERIFIED TARGET CONTACT (combined-unit top)","geo_conf":"Moderate-high","walk_start":"","source_zone_end":""}},{"type":"Feature","geometry":{"type":"Point","coordinates":[-83.5313,37.9502]},"properties":{"menifee_rank":662,"id":2041,"stream":"Unnamed hollow head, tributary to Meyers Fork","quad":"Scranton","gq":"GQ-1488","score_geology_only":59.6,"score_original":53.4,"top_pct_geology_only":56.3,"S":0.953,"D":0.24,"E":0.243,"I":0.609,"T":1.0,"R":0.3,"G":0.95,"dist_outline_km":21.5,"contact_class":"VERIFIED TARGET CONTACT (combined-unit top)","geo_conf":"Moderate-high","walk_start":"","source_zone_end":""}},{"type":"Feature","geometry":{"type":"Point","coordinates":[-83.5371,37.9817]},"properties":{"menifee_rank":663,"id":499,"stream":"Unnamed hollow head, tributary to Beaver Creek","quad":"Scranton","gq":"GQ-1488","score_geology_only":59.6,"score_original":53.4,"top_pct_geology_only":56.4,"S":1.0,"D":0.441,"E":0.153,"I":0.473,"T":0.772,"R":0.3,"G":0.95,"dist_outline_km":23.7,"contact_class":"VERIFIED TARGET CONTACT (combined-unit top)","geo_conf":"Moderate-high","walk_start":"","source_zone_end":""}},{"type":"Feature","geometry":{"type":"Point","coordinates":[-83.5435,37.9754]},"properties":{"menifee_rank":664,"id":5177,"stream":"Unnamed ravine / small hollow, tributary to Meyers Fork","quad":"Scranton","gq":"GQ-1488","score_geology_only":59.6,"score_original":53.3,"top_pct_geology_only":56.4,"S":0.598,"D":0.825,"E":0.16,"I":0.491,"T":0.975,"R":0.3,"G":0.95,"dist_outline_km":22.8,"contact_class":"VERIFIED TARGET CONTACT (combined-unit top)","geo_conf":"Moderate-high","walk_start":"","source_zone_end":""}},{"type":"Feature","geometry":{"type":"Point","coordinates":[-83.5897,37.9634]},"properties":{"menifee_rank":665,"id":2709,"stream":"Unnamed hollow head, tributary to Long Branch","quad":"Scranton","gq":"GQ-1488","score_geology_only":59.6,"score_original":53.3,"top_pct_geology_only":56.6,"S":0.761,"D":0.803,"E":0.112,"I":0.263,"T":1.0,"R":0.3,"G":0.95,"dist_outline_km":19.3,"contact_class":"VERIFIED TARGET CONTACT (combined-unit top)","geo_conf":"Moderate-high","walk_start":"","source_zone_end":""}},{"type":"Feature","geometry":{"type":"Point","coordinates":[-83.5393,37.9693]},"properties":{"menifee_rank":666,"id":5123,"stream":"Unnamed ravine / small hollow, tributary to Meyers Fork","quad":"Scranton","gq":"GQ-1488","score_geology_only":59.5,"score_original":53.3,"top_pct_geology_only":56.6,"S":0.545,"D":0.809,"E":0.178,"I":0.576,"T":0.991,"R":0.3,"G":0.95,"dist_outline_km":22.6,"contact_class":"VERIFIED TARGET CONTACT (combined-unit top)","geo_conf":"Moderate-high","walk_start":"","source_zone_end":""}},{"type":"Feature","geometry":{"type":"Point","coordinates":[-83.7547,37.9101]},"properties":{"menifee_rank":667,"id":5394,"stream":"Unnamed ravine / small hollow, tributary to Right Fork Cane Creek","quad":"Means","gq":"GQ-1324","score_geology_only":59.5,"score_original":57.1,"top_pct_geology_only":56.8,"S":0.466,"D":0.876,"E":0.382,"I":0.522,"T":0.926,"R":0.5,"G":0.95,"dist_outline_km":8.2,"contact_class":"VERIFIED TARGET CONTACT (combined-unit top)","geo_conf":"Moderate-high","walk_start":"","source_zone_end":""}},{"type":"Feature","geometry":{"type":"Point","coordinates":[-83.6414,37.8864]},"properties":{"menifee_rank":668,"id":4410,"stream":"Unnamed hollow head, tributary to Little East Fork","quad":"Frenchburg","gq":"GQ-1390","score_geology_only":59.4,"score_original":57.0,"top_pct_geology_only":57.1,"S":1.0,"D":0.211,"E":0.559,"I":0.349,"T":1.0,"R":0.5,"G":0.95,"dist_outline_km":9.7,"contact_class":"VERIFIED TARGET CONTACT (combined-unit top)","geo_conf":"Moderate-high","walk_start":"","source_zone_end":""}},{"type":"Feature","geometry":{"type":"Point","coordinates":[-83.7263,37.9227]},"properties":{"menifee_rank":669,"id":4294,"stream":"Unnamed hollow head, tributary to Falling Timber Branch","quad":"Frenchburg","gq":"GQ-1390","score_geology_only":59.4,"score_original":57.0,"top_pct_geology_only":57.1,"S":0.821,"D":0.751,"E":0.291,"I":0.142,"T":0.946,"R":0.5,"G":0.95,"dist_outline_km":10.1,"contact_class":"VERIFIED TARGET CONTACT (combined-unit top)","geo_conf":"Moderate-high","walk_start":"","source_zone_end":""}},{"type":"Feature","geometry":{"type":"Point","coordinates":[-83.6834,37.9806]},"properties":{"menifee_rank":670,"id":3598,"stream":"Unnamed hollow head, tributary to Dog Trot Fork","quad":"Frenchburg","gq":"GQ-1390","score_geology_only":59.4,"score_original":53.2,"top_pct_geology_only":57.1,"S":0.6,"D":0.978,"E":0.017,"I":0.354,"T":1.0,"R":0.3,"G":0.95,"dist_outline_km":17.2,"contact_class":"VERIFIED TARGET CONTACT (combined-unit top)","geo_conf":"Moderate-high","walk_start":"","source_zone_end":""}},{"type":"Feature","geometry":{"type":"Point","coordinates":[-83.5012,37.9821]},"properties":{"menifee_rank":671,"id":2582,"stream":"Unnamed hollow head, tributary to Brushy Fork","quad":"Scranton","gq":"GQ-1488","score_geology_only":59.4,"score_original":53.2,"top_pct_geology_only":57.1,"S":1.0,"D":0.207,"E":0.293,"I":0.539,"T":0.988,"R":0.3,"G":0.95,"dist_outline_km":25.9,"contact_class":"VERIFIED TARGET CONTACT (combined-unit top)","geo_conf":"Moderate-high","walk_start":"","source_zone_end":""}},{"type":"Feature","geometry":{"type":"Point","coordinates":[-83.7507,37.9165]},"properties":{"menifee_rank":672,"id":2593,"stream":"Unnamed hollow head, tributary to Hawkins Branch","quad":"Means","gq":"GQ-1324","score_geology_only":59.4,"score_original":57.0,"top_pct_geology_only":57.1,"S":0.555,"D":0.961,"E":0.219,"I":0.383,"T":0.9,"R":0.5,"G":0.95,"dist_outline_km":9.0,"contact_class":"VERIFIED TARGET CONTACT (combined-unit top)","geo_conf":"Moderate-high","walk_start":"","source_zone_end":""}},{"type":"Feature","geometry":{"type":"Point","coordinates":[-83.7509,37.9097]},"properties":{"menifee_rank":673,"id":733,"stream":"Unnamed hollow head, tributary to Right Fork Cane Creek","quad":"Means","gq":"GQ-1324","score_geology_only":59.4,"score_original":57.0,"top_pct_geology_only":57.4,"S":0.57,"D":0.9,"E":0.317,"I":0.383,"T":0.883,"R":0.5,"G":0.95,"dist_outline_km":8.2,"contact_class":"VERIFIED TARGET CONTACT (combined-unit top)","geo_conf":"Moderate-high","walk_start":"","source_zone_end":""}},{"type":"Feature","geometry":{"type":"Point","coordinates":[-83.6781,37.8669]},"properties":{"menifee_rank":674,"id":4762,"stream":"Unnamed ravine / small hollow, tributary to Indian Creek","quad":"Slade","gq":"GQ-1183","score_geology_only":59.4,"score_original":57.0,"top_pct_geology_only":57.4,"S":1.0,"D":0.285,"E":0.526,"I":0.343,"T":0.889,"R":0.5,"G":0.95,"dist_outline_km":6.1,"contact_class":"VERIFIED TARGET CONTACT (combined-unit top)","geo_conf":"Moderate-high","walk_start":"","source_zone_end":""}},{"type":"Feature","geometry":{"type":"Point","coordinates":[-83.6397,37.9049]},"properties":{"menifee_rank":675,"id":2260,"stream":"Unnamed hollow head, tributary to Big Amos Creek","quad":"Frenchburg","gq":"GQ-1390","score_geology_only":59.4,"score_original":57.0,"top_pct_geology_only":57.5,"S":0.934,"D":0.164,"E":0.537,"I":0.532,"T":1.0,"R":0.5,"G":0.95,"dist_outline_km":11.5,"contact_class":"VERIFIED TARGET CONTACT (combined-unit top)","geo_conf":"Moderate-high","walk_start":"","source_zone_end":""}},{"type":"Feature","geometry":{"type":"Point","coordinates":[-83.6792,37.8655]},"properties":{"menifee_rank":676,"id":5038,"stream":"Unnamed ravine / small hollow, tributary to Indian Creek","quad":"Slade","gq":"GQ-1183","score_geology_only":59.3,"score_original":56.9,"top_pct_geology_only":57.6,"S":1.0,"D":0.285,"E":0.526,"I":0.429,"T":0.756,"R":0.5,"G":0.95,"dist_outline_km":5.9,"contact_class":"VERIFIED TARGET CONTACT (combined-unit top)","geo_conf":"Moderate-high","walk_start":"","source_zone_end":""}},{"type":"Feature","geometry":{"type":"Point","coordinates":[-83.7536,37.9079]},"properties":{"menifee_rank":677,"id":1967,"stream":"Unnamed hollow head, tributary to Right Fork Cane Creek","quad":"Means","gq":"GQ-1324","score_geology_only":59.3,"score_original":57.0,"top_pct_geology_only":57.7,"S":0.546,"D":0.889,"E":0.367,"I":0.395,"T":0.892,"R":0.5,"G":0.95,"dist_outline_km":8.0,"contact_class":"VERIFIED TARGET CONTACT (combined-unit top)","geo_conf":"Moderate-high","walk_start":"","source_zone_end":""}},{"type":"Feature","geometry":{"type":"Point","coordinates":[-83.6383,37.8996]},"properties":{"menifee_rank":678,"id":5124,"stream":"Unnamed ravine / small hollow, tributary to Big Amos Creek","quad":"Frenchburg","gq":"GQ-1390","score_geology_only":59.3,"score_original":56.9,"top_pct_geology_only":57.8,"S":0.975,"D":0.178,"E":0.537,"I":0.442,"T":1.0,"R":0.5,"G":0.95,"dist_outline_km":11.1,"contact_class":"VERIFIED TARGET CONTACT (combined-unit top)","geo_conf":"Moderate-high","walk_start":"","source_zone_end":""}},{"type":"Feature","geometry":{"type":"Point","coordinates":[-83.7144,37.933]},"properties":{"menifee_rank":679,"id":1266,"stream":"Unnamed hollow head, tributary to Peter Trace","quad":"Frenchburg","gq":"GQ-1390","score_geology_only":59.3,"score_original":56.9,"top_pct_geology_only":57.8,"S":0.577,"D":0.877,"E":0.151,"I":0.461,"T":0.954,"R":0.5,"G":0.95,"dist_outline_km":11.4,"contact_class":"VERIFIED TARGET CONTACT (combined-unit top)","geo_conf":"Moderate-high","walk_start":"","source_zone_end":""}},{"type":"Feature","geometry":{"type":"Point","coordinates":[-83.6887,37.9129]},"properties":{"menifee_rank":680,"id":5883,"stream":"Unnamed ravine / small hollow, tributary to Myers Fork","quad":"Frenchburg","gq":"GQ-1390","score_geology_only":59.3,"score_original":56.9,"top_pct_geology_only":57.8,"S":0.664,"D":0.632,"E":0.284,"I":0.523,"T":1.0,"R":0.5,"G":0.95,"dist_outline_km":10.0,"contact_class":"VERIFIED TARGET CONTACT (combined-unit top)","geo_conf":"Moderate-high","walk_start":"","source_zone_end":""}},{"type":"Feature","geometry":{"type":"Point","coordinates":[-83.6498,37.979]},"properties":{"menifee_rank":681,"id":2707,"stream":"Unnamed hollow head, tributary to Stonequarry Creek","quad":"Frenchburg","gq":"GQ-1390","score_geology_only":59.3,"score_original":53.1,"top_pct_geology_only":57.9,"S":0.642,"D":0.932,"E":0.034,"I":0.333,"T":0.989,"R":0.3,"G":0.95,"dist_outline_km":18.1,"contact_class":"VERIFIED TARGET CONTACT (combined-unit top)","geo_conf":"Moderate-high","walk_start":"","source_zone_end":""}},{"type":"Feature","geometry":{"type":"Point","coordinates":[-83.6302,37.9632]},"properties":{"menifee_rank":682,"id":82,"stream":"Unnamed hollow head, tributary to Ponder Branch","quad":"Frenchburg","gq":"GQ-1390","score_geology_only":59.3,"score_original":53.1,"top_pct_geology_only":58.0,"S":0.643,"D":0.861,"E":0.039,"I":0.442,"T":0.959,"R":0.3,"G":0.95,"dist_outline_km":17.4,"contact_class":"VERIFIED TARGET CONTACT (combined-unit top)","geo_conf":"Moderate-high","walk_start":"","source_zone_end":""}},{"type":"Feature","geometry":{"type":"Point","coordinates":[-83.6021,37.9849]},"properties":{"menifee_rank":683,"id":3931,"stream":"Unnamed hollow head, tributary to Halfway Branch","quad":"Scranton","gq":"GQ-1488","score_geology_only":59.3,"score_original":53.1,"top_pct_geology_only":58.0,"S":0.634,"D":0.937,"E":0.082,"I":0.333,"T":0.95,"R":0.3,"G":0.95,"dist_outline_km":20.8,"contact_class":"VERIFIED TARGET CONTACT (combined-unit top)","geo_conf":"Moderate-high","walk_start":"","source_zone_end":""}},{"type":"Feature","geometry":{"type":"Point","coordinates":[-83.6385,37.8962]},"properties":{"menifee_rank":684,"id":1172,"stream":"Unnamed hollow head, tributary to East Fork Indian Creek","quad":"Frenchburg","gq":"GQ-1390","score_geology_only":59.3,"score_original":56.9,"top_pct_geology_only":58.0,"S":0.971,"D":0.176,"E":0.534,"I":0.451,"T":1.0,"R":0.5,"G":0.95,"dist_outline_km":10.7,"contact_class":"VERIFIED TARGET CONTACT (combined-unit top)","geo_conf":"Moderate-high","walk_start":"","source_zone_end":""}},{"type":"Feature","geometry":{"type":"Point","coordinates":[-83.5373,37.9688]},"properties":{"menifee_rank":685,"id":3639,"stream":"Unnamed hollow head, tributary to Meyers Fork","quad":"Scranton","gq":"GQ-1488","score_geology_only":59.2,"score_original":53.1,"top_pct_geology_only":58.1,"S":1.0,"D":0.303,"E":0.243,"I":0.43,"T":0.993,"R":0.3,"G":0.95,"dist_outline_km":22.6,"contact_class":"VERIFIED TARGET CONTACT (combined-unit top)","geo_conf":"Moderate-high","walk_start":"","source_zone_end":""}},{"type":"Feature","geometry":{"type":"Point","coordinates":[-83.6067,37.9834]},"properties":{"menifee_rank":686,"id":5187,"stream":"Unnamed ravine / small hollow, tributary to Halfway Branch","quad":"Scranton","gq":"GQ-1488","score_geology_only":59.2,"score_original":53.1,"top_pct_geology_only":58.1,"S":0.657,"D":0.943,"E":0.076,"I":0.312,"T":0.914,"R":0.3,"G":0.95,"dist_outline_km":20.4,"contact_class":"VERIFIED TARGET CONTACT (combined-unit top)","geo_conf":"Moderate-high","walk_start":"","source_zone_end":""}},{"type":"Feature","geometry":{"type":"Point","coordinates":[-83.6352,37.895]},"properties":{"menifee_rank":687,"id":3356,"stream":"Unnamed hollow head, tributary to East Fork Indian Creek","quad":"Frenchburg","gq":"GQ-1390","score_geology_only":59.2,"score_original":56.9,"top_pct_geology_only":58.2,"S":0.952,"D":0.168,"E":0.532,"I":0.492,"T":1.0,"R":0.5,"G":0.95,"dist_outline_km":10.8,"contact_class":"VERIFIED TARGET CONTACT (combined-unit top)","geo_conf":"Moderate-high","walk_start":"","source_zone_end":""}},{"type":"Feature","geometry":{"type":"Point","coordinates":[-83.6554,37.8742]},"properties":{"menifee_rank":688,"id":94,"stream":"Unnamed hollow head, tributary to East Fork Indian Creek","quad":"Slade","gq":"GQ-1183","score_geology_only":59.2,"score_original":56.9,"top_pct_geology_only":58.2,"S":1.0,"D":0.229,"E":0.574,"I":0.303,"T":0.999,"R":0.5,"G":0.95,"dist_outline_km":7.9,"contact_class":"VERIFIED TARGET CONTACT (combined-unit top)","geo_conf":"Moderate-high","walk_start":"","source_zone_end":""}},{"type":"Feature","geometry":{"type":"Point","coordinates":[-83.5017,37.9803]},"properties":{"menifee_rank":689,"id":828,"stream":"Unnamed hollow head, tributary to Brushy Fork","quad":"Scranton","gq":"GQ-1488","score_geology_only":59.2,"score_original":53.1,"top_pct_geology_only":58.2,"S":1.0,"D":0.207,"E":0.293,"I":0.555,"T":0.946,"R":0.3,"G":0.95,"dist_outline_km":25.7,"contact_class":"VERIFIED TARGET CONTACT (combined-unit top)","geo_conf":"Moderate-high","walk_start":"","source_zone_end":""}},{"type":"Feature","geometry":{"type":"Point","coordinates":[-83.6433,37.9016]},"properties":{"menifee_rank":690,"id":3466,"stream":"Unnamed hollow head, tributary to Big Amos Creek","quad":"Frenchburg","gq":"GQ-1390","score_geology_only":59.2,"score_original":56.9,"top_pct_geology_only":58.3,"S":0.961,"D":0.173,"E":0.531,"I":0.47,"T":1.0,"R":0.5,"G":0.95,"dist_outline_km":11.0,"contact_class":"VERIFIED TARGET CONTACT (combined-unit top)","geo_conf":"Moderate-high","walk_start":"","source_zone_end":""}},{"type":"Feature","geometry":{"type":"Point","coordinates":[-83.5319,37.9667]},"properties":{"menifee_rank":691,"id":1258,"stream":"Unnamed hollow head, tributary to Meyers Fork","quad":"Scranton","gq":"GQ-1488","score_geology_only":59.2,"score_original":53.1,"top_pct_geology_only":58.3,"S":1.0,"D":0.342,"E":0.249,"I":0.367,"T":1.0,"R":0.3,"G":0.95,"dist_outline_km":22.8,"contact_class":"VERIFIED TARGET CONTACT (combined-unit top)","geo_conf":"Moderate-high","walk_start":"","source_zone_end":""}},{"type":"Feature","geometry":{"type":"Point","coordinates":[-83.6329,37.8325]},"properties":{"menifee_rank":692,"id":4841,"stream":"Unnamed ravine / small hollow, tributary to Wolfpen Creek","quad":"Slade","gq":"GQ-1183","score_geology_only":59.2,"score_original":56.8,"top_pct_geology_only":58.5,"S":0.777,"D":0.304,"E":0.483,"I":0.632,"T":1.0,"R":0.5,"G":0.95,"dist_outline_km":6.9,"contact_class":"VERIFIED TARGET CONTACT (combined-unit top)","geo_conf":"Moderate-high","walk_start":"","source_zone_end":""}},{"type":"Feature","geometry":{"type":"Point","coordinates":[-83.608,37.9516]},"properties":{"menifee_rank":693,"id":4515,"stream":"Unnamed ravine / small hollow, tributary to Tolan Creek","quad":"Scranton","gq":"GQ-1488","score_geology_only":59.2,"score_original":53.0,"top_pct_geology_only":58.5,"S":0.699,"D":0.641,"E":0.178,"I":0.516,"T":1.0,"R":0.3,"G":0.95,"dist_outline_km":17.3,"contact_class":"VERIFIED TARGET CONTACT (combined-unit top)","geo_conf":"Moderate-high","walk_start":"","source_zone_end":""}},{"type":"Feature","geometry":{"type":"Point","coordinates":[-83.7224,37.9291]},"properties":{"menifee_rank":694,"id":6134,"stream":"Falling Timber Branch, tributary to Hawkins Branch","quad":"Frenchburg","gq":"GQ-1390","score_geology_only":59.1,"score_original":56.8,"top_pct_geology_only":58.6,"S":0.56,"D":0.865,"E":0.311,"I":0.359,"T":1.0,"R":0.5,"G":0.95,"dist_outline_km":10.8,"contact_class":"VERIFIED TARGET CONTACT (combined-unit top)","geo_conf":"Moderate-high","walk_start":"","source_zone_end":""}},{"type":"Feature","geometry":{"type":"Point","coordinates":[-83.5966,37.9563]},"properties":{"menifee_rank":695,"id":4003,"stream":"Unnamed hollow head, tributary to Long Branch","quad":"Scranton","gq":"GQ-1488","score_geology_only":59.1,"score_original":53.0,"top_pct_geology_only":58.8,"S":0.725,"D":0.791,"E":0.103,"I":0.32,"T":1.0,"R":0.3,"G":0.95,"dist_outline_km":18.3,"contact_class":"VERIFIED TARGET CONTACT (combined-unit top)","geo_conf":"Moderate-high","walk_start":"","source_zone_end":""}},{"type":"Feature","geometry":{"type":"Point","coordinates":[-83.5376,37.9728]},"properties":{"menifee_rank":696,"id":501,"stream":"Unnamed hollow head, tributary to Meyers Fork","quad":"Scranton","gq":"GQ-1488","score_geology_only":59.1,"score_original":53.0,"top_pct_geology_only":58.8,"S":1.0,"D":0.373,"E":0.239,"I":0.368,"T":0.94,"R":0.3,"G":0.95,"dist_outline_km":22.9,"contact_class":"VERIFIED TARGET CONTACT (combined-unit top)","geo_conf":"Moderate-high","walk_start":"","source_zone_end":""}},{"type":"Feature","geometry":{"type":"Point","coordinates":[-83.7565,37.9061]},"properties":{"menifee_rank":697,"id":3169,"stream":"Unnamed hollow head, tributary to Right Fork Cane Creek","quad":"Means","gq":"GQ-1324","score_geology_only":59.1,"score_original":56.8,"top_pct_geology_only":58.9,"S":0.553,"D":0.894,"E":0.369,"I":0.373,"T":0.876,"R":0.5,"G":0.95,"dist_outline_km":7.8,"contact_class":"VERIFIED TARGET CONTACT (combined-unit top)","geo_conf":"Moderate-high","walk_start":"","source_zone_end":""}},{"type":"Feature","geometry":{"type":"Point","coordinates":[-83.6689,37.9515]},"properties":{"menifee_rank":698,"id":4184,"stream":"Unnamed hollow head, tributary to Hathaway Creek","quad":"Frenchburg","gq":"GQ-1390","score_geology_only":59.1,"score_original":56.8,"top_pct_geology_only":58.9,"S":0.733,"D":0.694,"E":0.153,"I":0.401,"T":1.0,"R":0.5,"G":0.95,"dist_outline_km":14.6,"contact_class":"VERIFIED TARGET CONTACT (combined-unit top)","geo_conf":"Moderate-high","walk_start":"","source_zone_end":""}},{"type":"Feature","geometry":{"type":"Point","coordinates":[-83.5437,37.9575]},"properties":{"menifee_rank":699,"id":4217,"stream":"Unnamed hollow head, tributary to Meyers Fork","quad":"Scranton","gq":"GQ-1488","score_geology_only":59.1,"score_original":53.0,"top_pct_geology_only":58.9,"S":0.965,"D":0.249,"E":0.247,"I":0.545,"T":1.0,"R":0.3,"G":0.95,"dist_outline_km":21.3,"contact_class":"VERIFIED TARGET CONTACT (combined-unit top)","geo_conf":"Moderate-high","walk_start":"","source_zone_end":""}},{"type":"Feature","geometry":{"type":"Point","coordinates":[-83.5305,37.9497]},"properties":{"menifee_rank":700,"id":6345,"stream":"Unnamed ravine / small hollow, tributary to Meyers Fork","quad":"Scranton","gq":"GQ-1488","score_geology_only":59.1,"score_original":52.9,"top_pct_geology_only":59.0,"S":0.904,"D":0.218,"E":0.232,"I":0.697,"T":1.0,"R":0.3,"G":0.95,"dist_outline_km":21.6,"contact_class":"VERIFIED TARGET CONTACT (combined-unit top)","geo_conf":"Moderate-high","walk_start":"","source_zone_end":""}},{"type":"Feature","geometry":{"type":"Point","coordinates":[-83.6306,37.9632]},"properties":{"menifee_rank":701,"id":389,"stream":"Unnamed hollow head, tributary to Ponder Branch","quad":"Frenchburg","gq":"GQ-1390","score_geology_only":59.0,"score_original":52.9,"top_pct_geology_only":59.1,"S":0.643,"D":0.861,"E":0.039,"I":0.424,"T":0.968,"R":0.3,"G":0.95,"dist_outline_km":17.4,"contact_class":"VERIFIED TARGET CONTACT (combined-unit top)","geo_conf":"Moderate-high","walk_start":"","source_zone_end":""}},{"type":"Feature","geometry":{"type":"Point","coordinates":[-83.6334,37.8972]},"properties":{"menifee_rank":702,"id":284,"stream":"Unnamed hollow head, tributary to East Fork Indian Creek","quad":"Frenchburg","gq":"GQ-1390","score_geology_only":59.0,"score_original":56.7,"top_pct_geology_only":59.2,"S":0.953,"D":0.168,"E":0.532,"I":0.481,"T":1.0,"R":0.5,"G":0.95,"dist_outline_km":11.1,"contact_class":"VERIFIED TARGET CONTACT (combined-unit top)","geo_conf":"Moderate-high","walk_start":"","source_zone_end":""}},{"type":"Feature","geometry":{"type":"Point","coordinates":[-83.6113,37.8505]},"properties":{"menifee_rank":703,"id":4519,"stream":"Klaber Branch, tributary to Gladie Creek","quad":"Pomeroyton","gq":"GQ-1184","score_geology_only":59.0,"score_original":56.7,"top_pct_geology_only":59.2,"S":0.92,"D":0.044,"E":0.526,"I":0.705,"T":1.0,"R":0.5,"G":0.95,"dist_outline_km":9.5,"contact_class":"VERIFIED TARGET CONTACT (combined-unit top)","geo_conf":"Moderate-high","walk_start":"","source_zone_end":""}},{"type":"Feature","geometry":{"type":"Point","coordinates":[-83.5384,37.9694]},"properties":{"menifee_rank":704,"id":3708,"stream":"Unnamed hollow head, tributary to Meyers Fork","quad":"Scranton","gq":"GQ-1488","score_geology_only":59.0,"score_original":52.9,"top_pct_geology_only":59.2,"S":0.545,"D":0.81,"E":0.178,"I":0.548,"T":0.989,"R":0.3,"G":0.95,"dist_outline_km":22.6,"contact_class":"VERIFIED TARGET CONTACT (combined-unit top)","geo_conf":"Moderate-high","walk_start":"","source_zone_end":""}},{"type":"Feature","geometry":{"type":"Point","coordinates":[-83.665,37.9342]},"properties":{"menifee_rank":705,"id":6146,"stream":"Unnamed ravine / small hollow, tributary to Indian Creek","quad":"Frenchburg","gq":"GQ-1390","score_geology_only":59.0,"score_original":56.7,"top_pct_geology_only":59.3,"S":0.726,"D":0.464,"E":0.4,"I":0.551,"T":1.0,"R":0.5,"G":0.95,"dist_outline_km":13.1,"contact_class":"VERIFIED TARGET CONTACT (combined-unit top)","geo_conf":"Moderate-high","walk_start":"","source_zone_end":""}},{"type":"Feature","geometry":{"type":"Point","coordinates":[-83.5233,37.9696]},"properties":{"menifee_rank":706,"id":81,"stream":"Unnamed hollow head, tributary to Meyers Fork","quad":"Scranton","gq":"GQ-1488","score_geology_only":59.0,"score_original":52.9,"top_pct_geology_only":59.3,"S":1.0,"D":0.373,"E":0.239,"I":0.329,"T":0.991,"R":0.3,"G":0.95,"dist_outline_km":23.5,"contact_class":"VERIFIED TARGET CONTACT (combined-unit top)","geo_conf":"Moderate-high","walk_start":"","source_zone_end":""}},{"type":"Feature","geometry":{"type":"Point","coordinates":[-83.7229,37.9296]},"properties":{"menifee_rank":707,"id":3242,"stream":"Unnamed hollow head, tributary to Falling Timber Branch","quad":"Frenchburg","gq":"GQ-1390","score_geology_only":59.0,"score_original":56.7,"top_pct_geology_only":59.5,"S":0.559,"D":0.863,"E":0.31,"I":0.355,"T":1.0,"R":0.5,"G":0.95,"dist_outline_km":10.9,"contact_class":"VERIFIED TARGET CONTACT (combined-unit top)","geo_conf":"Moderate-high","walk_start":"","source_zone_end":""}},{"type":"Feature","geometry":{"type":"Point","coordinates":[-83.7401,37.9316]},"properties":{"menifee_rank":708,"id":1267,"stream":"Unnamed hollow head, tributary to Barnett Branch","quad":"Frenchburg","gq":"GQ-1390","score_geology_only":59.0,"score_original":56.7,"top_pct_geology_only":59.5,"S":0.609,"D":0.915,"E":0.245,"I":0.331,"T":0.872,"R":0.5,"G":0.95,"dist_outline_km":10.8,"contact_class":"VERIFIED TARGET CONTACT (combined-unit top)","geo_conf":"Moderate-high","walk_start":"","source_zone_end":""}},{"type":"Feature","geometry":{"type":"Point","coordinates":[-83.698,37.8889]},"properties":{"menifee_rank":709,"id":6882,"stream":"Camp Branch, tributary to Spaas Creek","quad":"Frenchburg","gq":"GQ-1390","score_geology_only":59.0,"score_original":56.7,"top_pct_geology_only":59.6,"S":0.553,"D":0.533,"E":0.468,"I":0.699,"T":1.0,"R":0.5,"G":0.95,"dist_outline_km":7.3,"contact_class":"VERIFIED TARGET CONTACT (combined-unit top)","geo_conf":"Moderate-high","walk_start":"","source_zone_end":""}},{"type":"Feature","geometry":{"type":"Point","coordinates":[-83.5204,37.9772]},"properties":{"menifee_rank":710,"id":4569,"stream":"Unnamed ravine / small hollow, tributary to Meyers Fork","quad":"Scranton","gq":"GQ-1488","score_geology_only":59.0,"score_original":52.9,"top_pct_geology_only":59.6,"S":1.0,"D":0.354,"E":0.169,"I":0.58,"T":0.718,"R":0.3,"G":0.95,"dist_outline_km":24.3,"contact_class":"VERIFIED TARGET CONTACT (combined-unit top)","geo_conf":"Moderate-high","walk_start":"","source_zone_end":""}},{"type":"Feature","geometry":{"type":"Point","coordinates":[-83.5861,37.9813]},"properties":{"menifee_rank":711,"id":5629,"stream":"Unnamed ravine / small hollow, tributary to Beaver Creek","quad":"Scranton","gq":"GQ-1488","score_geology_only":58.9,"score_original":52.9,"top_pct_geology_only":59.7,"S":0.518,"D":0.971,"E":0.071,"I":0.483,"T":0.931,"R":0.3,"G":0.95,"dist_outline_km":21.2,"contact_class":"VERIFIED TARGET CONTACT (combined-unit top)","geo_conf":"Moderate-high","walk_start":"","source_zone_end":""}},{"type":"Feature","geometry":{"type":"Point","coordinates":[-83.7252,37.9286]},"properties":{"menifee_rank":712,"id":1164,"stream":"Unnamed hollow head, tributary to Falling Timber Branch","quad":"Frenchburg","gq":"GQ-1390","score_geology_only":58.9,"score_original":56.7,"top_pct_geology_only":59.7,"S":0.56,"D":0.865,"E":0.311,"I":0.348,"T":1.0,"R":0.5,"G":0.95,"dist_outline_km":10.7,"contact_class":"VERIFIED TARGET CONTACT (combined-unit top)","geo_conf":"Moderate-high","walk_start":"","source_zone_end":""}},{"type":"Feature","geometry":{"type":"Point","coordinates":[-83.5434,37.9747]},"properties":{"menifee_rank":713,"id":3575,"stream":"Unnamed hollow head, tributary to Meyers Fork","quad":"Scranton","gq":"GQ-1488","score_geology_only":58.9,"score_original":52.9,"top_pct_geology_only":59.8,"S":0.599,"D":0.826,"E":0.162,"I":0.462,"T":0.958,"R":0.3,"G":0.95,"dist_outline_km":22.8,"contact_class":"VERIFIED TARGET CONTACT (combined-unit top)","geo_conf":"Moderate-high","walk_start":"","source_zone_end":""}},{"type":"Feature","geometry":{"type":"Point","coordinates":[-83.5357,37.9678]},"properties":{"menifee_rank":714,"id":3623,"stream":"Unnamed hollow head, tributary to Meyers Fork","quad":"Scranton","gq":"GQ-1488","score_geology_only":58.9,"score_original":52.8,"top_pct_geology_only":60.0,"S":1.0,"D":0.303,"E":0.243,"I":0.433,"T":0.96,"R":0.3,"G":0.95,"dist_outline_km":22.6,"contact_class":"VERIFIED TARGET CONTACT (combined-unit top)","geo_conf":"Moderate-high","walk_start":"","source_zone_end":""}},{"type":"Feature","geometry":{"type":"Point","coordinates":[-83.5957,37.986]},"properties":{"menifee_rank":715,"id":3890,"stream":"Unnamed hollow head, tributary to Beaver Creek","quad":"Scranton","gq":"GQ-1488","score_geology_only":58.9,"score_original":52.8,"top_pct_geology_only":60.0,"S":0.637,"D":0.972,"E":0.025,"I":0.312,"T":0.929,"R":0.3,"G":0.95,"dist_outline_km":21.2,"contact_class":"VERIFIED TARGET CONTACT (combined-unit top)","geo_conf":"Moderate-high","walk_start":"","source_zone_end":""}},{"type":"Feature","geometry":{"type":"Point","coordinates":[-83.6063,37.9592]},"properties":{"menifee_rank":716,"id":5196,"stream":"Unnamed ravine / small hollow, tributary to Trace Branch","quad":"Scranton","gq":"GQ-1488","score_geology_only":58.9,"score_original":52.8,"top_pct_geology_only":60.0,"S":0.539,"D":0.847,"E":0.131,"I":0.524,"T":1.0,"R":0.3,"G":0.95,"dist_outline_km":18.1,"contact_class":"VERIFIED TARGET CONTACT (combined-unit top)","geo_conf":"Moderate-high","walk_start":"","source_zone_end":""}},{"type":"Feature","geometry":{"type":"Point","coordinates":[-83.514,37.9647]},"properties":{"menifee_rank":717,"id":5527,"stream":"Unnamed ravine / small hollow, tributary to Brushy Fork","quad":"Scranton","gq":"GQ-1488","score_geology_only":58.9,"score_original":52.8,"top_pct_geology_only":60.2,"S":0.957,"D":0.152,"E":0.291,"I":0.646,"T":1.0,"R":0.3,"G":0.95,"dist_outline_km":23.7,"contact_class":"VERIFIED TARGET CONTACT (combined-unit top)","geo_conf":"Moderate-high","walk_start":"","source_zone_end":""}},{"type":"Feature","geometry":{"type":"Point","coordinates":[-83.6098,37.848]},"properties":{"menifee_rank":718,"id":2130,"stream":"Klaber Branch, tributary to Gladie Creek","quad":"Pomeroyton","gq":"GQ-1184","score_geology_only":58.8,"score_original":56.6,"top_pct_geology_only":60.2,"S":0.927,"D":0.045,"E":0.521,"I":0.684,"T":1.0,"R":0.5,"G":0.95,"dist_outline_km":9.5,"contact_class":"VERIFIED TARGET CONTACT (combined-unit top)","geo_conf":"Moderate-high","walk_start":"","source_zone_end":""}},{"type":"Feature","geometry":{"type":"Point","coordinates":[-83.6817,37.9461]},"properties":{"menifee_rank":719,"id":6450,"stream":"Coldiron Fork, tributary to Indian Creek","quad":"Frenchburg","gq":"GQ-1390","score_geology_only":58.8,"score_original":56.5,"top_pct_geology_only":60.3,"S":0.503,"D":0.707,"E":0.483,"I":0.532,"T":1.0,"R":0.5,"G":0.95,"dist_outline_km":13.6,"contact_class":"VERIFIED TARGET CONTACT (combined-unit top)","geo_conf":"Moderate-high","walk_start":"","source_zone_end":""}},{"type":"Feature","geometry":{"type":"Point","coordinates":[-83.6284,37.973]},"properties":{"menifee_rank":720,"id":1257,"stream":"Unnamed hollow head, tributary to Suiters Branch","quad":"Frenchburg","gq":"GQ-1390","score_geology_only":58.8,"score_original":52.7,"top_pct_geology_only":60.3,"S":0.633,"D":0.901,"E":0.052,"I":0.381,"T":0.944,"R":0.3,"G":0.95,"dist_outline_km":18.4,"contact_class":"VERIFIED TARGET CONTACT (combined-unit top)","geo_conf":"Moderate-high","walk_start":"","source_zone_end":""}},{"type":"Feature","geometry":{"type":"Point","coordinates":[-83.6787,37.9778]},"properties":{"menifee_rank":721,"id":5890,"stream":"Dog Trot Fork, tributary to Cornwell Branch","quad":"Frenchburg","gq":"GQ-1390","score_geology_only":58.8,"score_original":52.7,"top_pct_geology_only":60.4,"S":0.616,"D":0.916,"E":0.031,"I":0.365,"T":1.0,"R":0.3,"G":0.95,"dist_outline_km":17.0,"contact_class":"VERIFIED TARGET CONTACT (combined-unit top)","geo_conf":"Moderate-high","walk_start":"","source_zone_end":""}},{"type":"Feature","geometry":{"type":"Point","coordinates":[-83.6863,37.9623]},"properties":{"menifee_rank":722,"id":1060,"stream":"Unnamed hollow head, tributary to Bull Fork","quad":"Frenchburg","gq":"GQ-1390","score_geology_only":58.8,"score_original":52.7,"top_pct_geology_only":60.4,"S":0.713,"D":0.782,"E":0.106,"I":0.332,"T":1.0,"R":0.3,"G":0.95,"dist_outline_km":15.2,"contact_class":"VERIFIED TARGET CONTACT (combined-unit top)","geo_conf":"Moderate-high","walk_start":"","source_zone_end":""}},{"type":"Feature","geometry":{"type":"Point","coordinates":[-83.6497,37.8866]},"properties":{"menifee_rank":723,"id":738,"stream":"Unnamed hollow head, tributary to East Fork Indian Creek","quad":"Frenchburg","gq":"GQ-1390","score_geology_only":58.8,"score_original":56.5,"top_pct_geology_only":60.4,"S":1.0,"D":0.214,"E":0.562,"I":0.306,"T":1.0,"R":0.5,"G":0.95,"dist_outline_km":9.3,"contact_class":"VERIFIED TARGET CONTACT (combined-unit top)","geo_conf":"Moderate-high","walk_start":"","source_zone_end":""}},{"type":"Feature","geometry":{"type":"Point","coordinates":[-83.6516,37.9793]},"properties":{"menifee_rank":724,"id":2400,"stream":"Unnamed hollow head, tributary to Stonequarry Creek","quad":"Frenchburg","gq":"GQ-1390","score_geology_only":58.7,"score_original":52.7,"top_pct_geology_only":60.5,"S":0.619,"D":0.926,"E":0.033,"I":0.368,"T":0.962,"R":0.3,"G":0.95,"dist_outline_km":18.1,"contact_class":"VERIFIED TARGET CONTACT (combined-unit top)","geo_conf":"Moderate-high","walk_start":"","source_zone_end":""}},{"type":"Feature","geometry":{"type":"Point","coordinates":[-83.6102,37.8489]},"properties":{"menifee_rank":725,"id":1558,"stream":"Klaber Branch, tributary to Gladie Creek","quad":"Pomeroyton","gq":"GQ-1184","score_geology_only":58.7,"score_original":56.5,"top_pct_geology_only":60.6,"S":0.925,"D":0.044,"E":0.522,"I":0.682,"T":1.0,"R":0.5,"G":0.95,"dist_outline_km":9.5,"contact_class":"VERIFIED TARGET CONTACT (combined-unit top)","geo_conf":"Moderate-high","walk_start":"","source_zone_end":""}},{"type":"Feature","geometry":{"type":"Point","coordinates":[-83.6815,37.9457]},"properties":{"menifee_rank":726,"id":6515,"stream":"Coldiron Fork, tributary to Indian Creek","quad":"Frenchburg","gq":"GQ-1390","score_geology_only":58.7,"score_original":56.5,"top_pct_geology_only":60.7,"S":0.506,"D":0.713,"E":0.479,"I":0.516,"T":1.0,"R":0.5,"G":0.95,"dist_outline_km":13.6,"contact_class":"VERIFIED TARGET CONTACT (combined-unit top)","geo_conf":"Moderate-high","walk_start":"","source_zone_end":""}},{"type":"Feature","geometry":{"type":"Point","coordinates":[-83.612,37.851]},"properties":{"menifee_rank":727,"id":4185,"stream":"Klaber Branch, tributary to Gladie Creek","quad":"Pomeroyton","gq":"GQ-1184","score_geology_only":58.7,"score_original":56.5,"top_pct_geology_only":60.8,"S":0.92,"D":0.044,"E":0.526,"I":0.686,"T":1.0,"R":0.5,"G":0.95,"dist_outline_km":9.4,"contact_class":"VERIFIED TARGET CONTACT (combined-unit top)","geo_conf":"Moderate-high","walk_start":"","source_zone_end":""}},{"type":"Feature","geometry":{"type":"Point","coordinates":[-83.6404,37.8409]},"properties":{"menifee_rank":728,"id":4234,"stream":"Unnamed hollow head, tributary to Dunkan Branch","quad":"Slade","gq":"GQ-1183","score_geology_only":58.7,"score_original":56.4,"top_pct_geology_only":60.8,"S":1.0,"D":0.013,"E":0.447,"I":0.66,"T":0.98,"R":0.5,"G":0.95,"dist_outline_km":6.7,"contact_class":"VERIFIED TARGET CONTACT (combined-unit top)","geo_conf":"Moderate-high","walk_start":"","source_zone_end":""}},{"type":"Feature","geometry":{"type":"Point","coordinates":[-83.697,37.9388]},"properties":{"menifee_rank":729,"id":5977,"stream":"Unnamed ravine / small hollow, tributary to Peter Trace","quad":"Frenchburg","gq":"GQ-1390","score_geology_only":58.7,"score_original":56.5,"top_pct_geology_only":60.9,"S":0.534,"D":0.783,"E":0.276,"I":0.509,"T":1.0,"R":0.5,"G":0.95,"dist_outline_km":12.4,"contact_class":"VERIFIED TARGET CONTACT (combined-unit top)","geo_conf":"Moderate-high","walk_start":"","source_zone_end":""}},{"type":"Feature","geometry":{"type":"Point","coordinates":[-83.5857,37.9552]},"properties":{"menifee_rank":730,"id":1160,"stream":"Unnamed hollow head, tributary to Clifton Creek","quad":"Scranton","gq":"GQ-1488","score_geology_only":58.7,"score_original":52.6,"top_pct_geology_only":60.9,"S":0.852,"D":0.332,"E":0.297,"I":0.566,"T":1.0,"R":0.3,"G":0.95,"dist_outline_km":18.8,"contact_class":"VERIFIED TARGET CONTACT (combined-unit top)","geo_conf":"Moderate-high","walk_start":"","source_zone_end":""}},{"type":"Feature","geometry":{"type":"Point","coordinates":[-83.7335,37.9333]},"properties":{"menifee_rank":731,"id":1965,"stream":"Unnamed hollow head, tributary to Barnett Branch","quad":"Frenchburg","gq":"GQ-1390","score_geology_only":58.6,"score_original":56.4,"top_pct_geology_only":61.1,"S":0.579,"D":0.906,"E":0.239,"I":0.322,"T":0.955,"R":0.5,"G":0.95,"dist_outline_km":11.1,"contact_class":"VERIFIED TARGET CONTACT (combined-unit top)","geo_conf":"Moderate-high","walk_start":"","source_zone_end":""}},{"type":"Feature","geometry":{"type":"Point","coordinates":[-83.6296,37.9632]},"properties":{"menifee_rank":732,"id":1962,"stream":"Unnamed hollow head, tributary to Ponder Branch","quad":"Frenchburg","gq":"GQ-1390","score_geology_only":58.6,"score_original":52.6,"top_pct_geology_only":61.2,"S":0.643,"D":0.861,"E":0.039,"I":0.416,"T":0.943,"R":0.3,"G":0.95,"dist_outline_km":17.4,"contact_class":"VERIFIED TARGET CONTACT (combined-unit top)","geo_conf":"Moderate-high","walk_start":"","source_zone_end":""}},{"type":"Feature","geometry":{"type":"Point","coordinates":[-83.6977,37.9392]},"properties":{"menifee_rank":733,"id":4202,"stream":"Unnamed hollow head, tributary to Peter Trace","quad":"Frenchburg","gq":"GQ-1390","score_geology_only":58.6,"score_original":56.4,"top_pct_geology_only":61.2,"S":0.534,"D":0.778,"E":0.276,"I":0.512,"T":1.0,"R":0.5,"G":0.95,"dist_outline_km":12.4,"contact_class":"VERIFIED TARGET CONTACT (combined-unit top)","geo_conf":"Moderate-high","walk_start":"","source_zone_end":""}},{"type":"Feature","geometry":{"type":"Point","coordinates":[-83.6403,37.8411]},"properties":{"menifee_rank":734,"id":4972,"stream":"Unnamed ravine / small hollow, tributary to Dunkan Branch","quad":"Slade","gq":"GQ-1183","score_geology_only":58.6,"score_original":56.4,"top_pct_geology_only":61.3,"S":1.0,"D":0.013,"E":0.447,"I":0.653,"T":0.981,"R":0.5,"G":0.95,"dist_outline_km":6.7,"contact_class":"VERIFIED TARGET CONTACT (combined-unit top)","geo_conf":"Moderate-high","walk_start":"","source_zone_end":""}},{"type":"Feature","geometry":{"type":"Point","coordinates":[-83.5857,37.9549]},"properties":{"menifee_rank":735,"id":2772,"stream":"Unnamed hollow head, tributary to Clifton Creek","quad":"Scranton","gq":"GQ-1488","score_geology_only":58.6,"score_original":52.6,"top_pct_geology_only":61.4,"S":0.853,"D":0.333,"E":0.296,"I":0.559,"T":1.0,"R":0.3,"G":0.95,"dist_outline_km":18.7,"contact_class":"VERIFIED TARGET CONTACT (combined-unit top)","geo_conf":"Moderate-high","walk_start":"","source_zone_end":""}},{"type":"Feature","geometry":{"type":"Point","coordinates":[-83.6692,37.9735]},"properties":{"menifee_rank":736,"id":6092,"stream":"Unnamed ravine / small hollow, tributary to Ratliff Branch","quad":"Frenchburg","gq":"GQ-1390","score_geology_only":58.6,"score_original":52.6,"top_pct_geology_only":61.4,"S":0.634,"D":0.903,"E":0.028,"I":0.342,"T":1.0,"R":0.3,"G":0.95,"dist_outline_km":16.9,"contact_class":"VERIFIED TARGET CONTACT (combined-unit top)","geo_conf":"Moderate-high","walk_start":"","source_zone_end":""}},{"type":"Feature","geometry":{"type":"Point","coordinates":[-83.6566,37.9754]},"properties":{"menifee_rank":737,"id":5910,"stream":"Unnamed ravine / small hollow, tributary to Ratliff Branch","quad":"Frenchburg","gq":"GQ-1390","score_geology_only":58.6,"score_original":52.6,"top_pct_geology_only":61.5,"S":0.655,"D":0.907,"E":0.039,"I":0.294,"T":1.0,"R":0.3,"G":0.95,"dist_outline_km":17.5,"contact_class":"VERIFIED TARGET CONTACT (combined-unit top)","geo_conf":"Moderate-high","walk_start":"","source_zone_end":""}},{"type":"Feature","geometry":{"type":"Point","coordinates":[-83.6362,37.9701]},"properties":{"menifee_rank":738,"id":4165,"stream":"Unnamed hollow head, tributary to Suiters Branch","quad":"Frenchburg","gq":"GQ-1390","score_geology_only":58.6,"score_original":52.5,"top_pct_geology_only":61.5,"S":0.543,"D":0.879,"E":0.062,"I":0.504,"T":0.998,"R":0.3,"G":0.95,"dist_outline_km":17.8,"contact_class":"VERIFIED TARGET CONTACT (combined-unit top)","geo_conf":"Moderate-high","walk_start":"","source_zone_end":""}},{"type":"Feature","geometry":{"type":"Point","coordinates":[-83.6714,37.8572]},"properties":{"menifee_rank":739,"id":405,"stream":"Unnamed hollow head, tributary to Indian Creek","quad":"Slade","gq":"GQ-1183","score_geology_only":58.5,"score_original":56.3,"top_pct_geology_only":61.6,"S":1.0,"D":0.285,"E":0.525,"I":0.61,"T":0.419,"R":0.5,"G":0.95,"dist_outline_km":5.5,"contact_class":"VERIFIED TARGET CONTACT (combined-unit top)","geo_conf":"Moderate-high","walk_start":"","source_zone_end":""}},{"type":"Feature","geometry":{"type":"Point","coordinates":[-83.6607,37.959]},"properties":{"menifee_rank":740,"id":3352,"stream":"Unnamed hollow head, tributary to Beaver Creek","quad":"Frenchburg","gq":"GQ-1390","score_geology_only":58.5,"score_original":52.5,"top_pct_geology_only":61.6,"S":0.774,"D":0.72,"E":0.16,"I":0.262,"T":1.0,"R":0.3,"G":0.95,"dist_outline_km":15.7,"contact_class":"VERIFIED TARGET CONTACT (combined-unit top)","geo_conf":"Moderate-high","walk_start":"","source_zone_end":""}},{"type":"Feature","geometry":{"type":"Point","coordinates":[-83.6302,37.9671]},"properties":{"menifee_rank":741,"id":4105,"stream":"Unnamed hollow head, tributary to Ponder Branch","quad":"Frenchburg","gq":"GQ-1390","score_geology_only":58.5,"score_original":52.5,"top_pct_geology_only":61.9,"S":0.616,"D":0.856,"E":0.028,"I":0.445,"T":0.978,"R":0.3,"G":0.95,"dist_outline_km":17.8,"contact_class":"VERIFIED TARGET CONTACT (combined-unit top)","geo_conf":"Moderate-high","walk_start":"","source_zone_end":""}},{"type":"Feature","geometry":{"type":"Point","coordinates":[-83.5239,37.9677]},"properties":{"menifee_rank":742,"id":1450,"stream":"Unnamed hollow head, tributary to Meyers Fork","quad":"Scranton","gq":"GQ-1488","score_geology_only":58.5,"score_original":52.5,"top_pct_geology_only":61.9,"S":1.0,"D":0.373,"E":0.239,"I":0.295,"T":0.996,"R":0.3,"G":0.95,"dist_outline_km":23.4,"contact_class":"VERIFIED TARGET CONTACT (combined-unit top)","geo_conf":"Moderate-high","walk_start":"","source_zone_end":""}},{"type":"Feature","geometry":{"type":"Point","coordinates":[-83.592,37.9674]},"properties":{"menifee_rank":743,"id":5462,"stream":"Unnamed ravine / small hollow, tributary to Long Branch","quad":"Scranton","gq":"GQ-1488","score_geology_only":58.4,"score_original":52.4,"top_pct_geology_only":62.1,"S":0.487,"D":0.84,"E":0.135,"I":0.617,"T":0.961,"R":0.3,"G":0.95,"dist_outline_km":19.6,"contact_class":"VERIFIED TARGET CONTACT (combined-unit top)","geo_conf":"Moderate-high","walk_start":"","source_zone_end":""}},{"type":"Feature","geometry":{"type":"Point","coordinates":[-83.5478,37.9589]},"properties":{"menifee_rank":744,"id":5331,"stream":"Unnamed ravine / small hollow, tributary to Meyers Fork","quad":"Scranton","gq":"GQ-1488","score_geology_only":58.4,"score_original":52.4,"top_pct_geology_only":62.2,"S":0.955,"D":0.241,"E":0.244,"I":0.537,"T":1.0,"R":0.3,"G":0.95,"dist_outline_km":21.2,"contact_class":"VERIFIED TARGET CONTACT (combined-unit top)","geo_conf":"Moderate-high","walk_start":"","source_zone_end":""}},{"type":"Feature","geometry":{"type":"Point","coordinates":[-83.633,37.833]},"properties":{"menifee_rank":745,"id":1821,"stream":"Unnamed hollow head, tributary to Wolfpen Creek","quad":"Slade","gq":"GQ-1183","score_geology_only":58.4,"score_original":56.2,"top_pct_geology_only":62.2,"S":0.777,"D":0.304,"E":0.483,"I":0.59,"T":1.0,"R":0.5,"G":0.95,"dist_outline_km":7.0,"contact_class":"VERIFIED TARGET CONTACT (combined-unit top)","geo_conf":"Moderate-high","walk_start":"","source_zone_end":""}},{"type":"Feature","geometry":{"type":"Point","coordinates":[-83.5338,37.9512]},"properties":{"menifee_rank":746,"id":175,"stream":"Unnamed hollow head, tributary to Meyers Fork","quad":"Scranton","gq":"GQ-1488","score_geology_only":58.4,"score_original":52.4,"top_pct_geology_only":62.3,"S":0.961,"D":0.245,"E":0.246,"I":0.519,"T":1.0,"R":0.3,"G":0.95,"dist_outline_km":21.5,"contact_class":"VERIFIED TARGET CONTACT (combined-unit top)","geo_conf":"Moderate-high","walk_start":"","source_zone_end":""}},{"type":"Feature","geometry":{"type":"Point","coordinates":[-83.677,37.975]},"properties":{"menifee_rank":747,"id":5417,"stream":"Unnamed ravine / small hollow, tributary to Dog Trot Fork","quad":"Frenchburg","gq":"GQ-1390","score_geology_only":58.4,"score_original":52.4,"top_pct_geology_only":62.3,"S":0.629,"D":0.918,"E":0.03,"I":0.319,"T":1.0,"R":0.3,"G":0.95,"dist_outline_km":16.8,"contact_class":"VERIFIED TARGET CONTACT (combined-unit top)","geo_conf":"Moderate-high","walk_start":"","source_zone_end":""}},{"type":"Feature","geometry":{"type":"Point","coordinates":[-83.7446,37.914]},"properties":{"menifee_rank":748,"id":2594,"stream":"Unnamed hollow head, tributary to Hawkins Branch","quad":"Frenchburg","gq":"GQ-1390","score_geology_only":58.4,"score_original":56.2,"top_pct_geology_only":62.4,"S":0.555,"D":0.961,"E":0.219,"I":0.282,"T":0.965,"R":0.5,"G":0.95,"dist_outline_km":8.8,"contact_class":"VERIFIED TARGET CONTACT (combined-unit top)","geo_conf":"Moderate-high","walk_start":"","source_zone_end":""}},{"type":"Feature","geometry":{"type":"Point","coordinates":[-83.53,37.9522]},"properties":{"menifee_rank":749,"id":5958,"stream":"Unnamed ravine / small hollow, tributary to Meyers Fork","quad":"Scranton","gq":"GQ-1488","score_geology_only":58.3,"score_original":52.4,"top_pct_geology_only":62.6,"S":0.904,"D":0.218,"E":0.233,"I":0.656,"T":1.0,"R":0.3,"G":0.95,"dist_outline_km":21.8,"contact_class":"VERIFIED TARGET CONTACT (combined-unit top)","geo_conf":"Moderate-high","walk_start":"","source_zone_end":""}},{"type":"Feature","geometry":{"type":"Point","coordinates":[-83.6887,37.9169]},"properties":{"menifee_rank":750,"id":5404,"stream":"Unnamed ravine / small hollow, tributary to Myers Fork","quad":"Frenchburg","gq":"GQ-1390","score_geology_only":58.3,"score_original":56.1,"top_pct_geology_only":62.7,"S":0.67,"D":0.642,"E":0.294,"I":0.439,"T":1.0,"R":0.5,"G":0.95,"dist_outline_km":10.4,"contact_class":"VERIFIED TARGET CONTACT (combined-unit top)","geo_conf":"Moderate-high","walk_start":"","source_zone_end":""}},{"type":"Feature","geometry":{"type":"Point","coordinates":[-83.543,37.9759]},"properties":{"menifee_rank":751,"id":5456,"stream":"Unnamed ravine / small hollow, tributary to Meyers Fork","quad":"Scranton","gq":"GQ-1488","score_geology_only":58.3,"score_original":52.4,"top_pct_geology_only":62.7,"S":0.599,"D":0.826,"E":0.162,"I":0.417,"T":0.974,"R":0.3,"G":0.95,"dist_outline_km":22.9,"contact_class":"VERIFIED TARGET CONTACT (combined-unit top)","geo_conf":"Moderate-high","walk_start":"","source_zone_end":""}},{"type":"Feature","geometry":{"type":"Point","coordinates":[-83.7288,37.934]},"properties":{"menifee_rank":752,"id":3168,"stream":"Unnamed hollow head, tributary to Peter Trace","quad":"Frenchburg","gq":"GQ-1390","score_geology_only":58.3,"score_original":56.2,"top_pct_geology_only":62.8,"S":0.483,"D":0.934,"E":0.149,"I":0.529,"T":0.892,"R":0.5,"G":0.95,"dist_outline_km":11.3,"contact_class":"VERIFIED TARGET CONTACT (combined-unit top)","geo_conf":"Moderate-high","walk_start":"","source_zone_end":""}},{"type":"Feature","geometry":{"type":"Point","coordinates":[-83.6013,37.8535]},"properties":{"menifee_rank":753,"id":6930,"stream":"Garrett Branch, tributary to Gladie Creek","quad":"Pomeroyton","gq":"GQ-1184","score_geology_only":58.3,"score_original":56.1,"top_pct_geology_only":62.9,"S":0.87,"D":0.039,"E":0.532,"I":0.749,"T":1.0,"R":0.5,"G":0.95,"dist_outline_km":10.4,"contact_class":"VERIFIED TARGET CONTACT (combined-unit top)","geo_conf":"Moderate-high","walk_start":"","source_zone_end":""}},{"type":"Feature","geometry":{"type":"Point","coordinates":[-83.6342,37.8808]},"properties":{"menifee_rank":754,"id":6803,"stream":"Unnamed ravine / small hollow, tributary to Little East Fork","quad":"Frenchburg","gq":"GQ-1390","score_geology_only":58.3,"score_original":56.1,"top_pct_geology_only":63.1,"S":0.638,"D":0.305,"E":0.58,"I":0.748,"T":1.0,"R":0.5,"G":0.95,"dist_outline_km":9.7,"contact_class":"VERIFIED TARGET CONTACT (combined-unit top)","geo_conf":"Moderate-high","walk_start":"","source_zone_end":""}},{"type":"Feature","geometry":{"type":"Point","coordinates":[-83.6421,37.9612]},"properties":{"menifee_rank":755,"id":4555,"stream":"Unnamed ravine / small hollow, tributary to Bet Cash Branch","quad":"Frenchburg","gq":"GQ-1390","score_geology_only":58.3,"score_original":52.3,"top_pct_geology_only":63.1,"S":0.565,"D":0.814,"E":0.206,"I":0.44,"T":1.0,"R":0.3,"G":0.95,"dist_outline_km":16.7,"contact_class":"VERIFIED TARGET CONTACT (combined-unit top)","geo_conf":"Moderate-high","walk_start":"","source_zone_end":""}},{"type":"Feature","geometry":{"type":"Point","coordinates":[-83.6425,37.9632]},"properties":{"menifee_rank":756,"id":2954,"stream":"Unnamed hollow head, tributary to Bet Cash Branch","quad":"Frenchburg","gq":"GQ-1390","score_geology_only":58.3,"score_original":52.3,"top_pct_geology_only":63.1,"S":0.561,"D":0.81,"E":0.206,"I":0.452,"T":1.0,"R":0.3,"G":0.95,"dist_outline_km":16.9,"contact_class":"VERIFIED TARGET CONTACT (combined-unit top)","geo_conf":"Moderate-high","walk_start":"","source_zone_end":""}},{"type":"Feature","geometry":{"type":"Point","coordinates":[-83.5038,37.9701]},"properties":{"menifee_rank":757,"id":502,"stream":"Unnamed hollow head, tributary to Brushy Fork","quad":"Scranton","gq":"GQ-1488","score_geology_only":58.3,"score_original":52.3,"top_pct_geology_only":63.2,"S":1.0,"D":0.186,"E":0.302,"I":0.488,"T":1.0,"R":0.3,"G":0.95,"dist_outline_km":24.8,"contact_class":"VERIFIED TARGET CONTACT (combined-unit top)","geo_conf":"Moderate-high","walk_start":"","source_zone_end":""}},{"type":"Feature","geometry":{"type":"Point","coordinates":[-83.6123,37.842]},"properties":{"menifee_rank":758,"id":411,"stream":"Sargent Branch, tributary to Gladie Creek","quad":"Pomeroyton","gq":"GQ-1184","score_geology_only":58.3,"score_original":56.1,"top_pct_geology_only":63.2,"S":0.954,"D":0.048,"E":0.51,"I":0.61,"T":1.0,"R":0.5,"G":0.95,"dist_outline_km":9.0,"contact_class":"VERIFIED TARGET CONTACT (combined-unit top)","geo_conf":"Moderate-high","walk_start":"","source_zone_end":""}},{"type":"Feature","geometry":{"type":"Point","coordinates":[-83.6324,37.9729]},"properties":{"menifee_rank":759,"id":4503,"stream":"Unnamed hollow head, tributary to Suiters Branch","quad":"Frenchburg","gq":"GQ-1390","score_geology_only":58.3,"score_original":52.3,"top_pct_geology_only":63.2,"S":0.563,"D":0.885,"E":0.06,"I":0.456,"T":0.984,"R":0.3,"G":0.95,"dist_outline_km":18.2,"contact_class":"VERIFIED TARGET CONTACT (combined-unit top)","geo_conf":"Moderate-high","walk_start":"","source_zone_end":""}},{"type":"Feature","geometry":{"type":"Point","coordinates":[-83.7288,37.9348]},"properties":{"menifee_rank":760,"id":506,"stream":"Unnamed hollow head, tributary to Peter Trace","quad":"Frenchburg","gq":"GQ-1390","score_geology_only":58.2,"score_original":56.1,"top_pct_geology_only":63.2,"S":0.483,"D":0.934,"E":0.149,"I":0.513,"T":0.911,"R":0.5,"G":0.95,"dist_outline_km":11.3,"contact_class":"VERIFIED TARGET CONTACT (combined-unit top)","geo_conf":"Moderate-high","walk_start":"","source_zone_end":""}},{"type":"Feature","geometry":{"type":"Point","coordinates":[-83.5919,37.9679]},"properties":{"menifee_rank":761,"id":4472,"stream":"Unnamed hollow head, tributary to Long Branch","quad":"Scranton","gq":"GQ-1488","score_geology_only":58.2,"score_original":52.3,"top_pct_geology_only":63.5,"S":0.487,"D":0.84,"E":0.135,"I":0.609,"T":0.956,"R":0.3,"G":0.95,"dist_outline_km":19.6,"contact_class":"VERIFIED TARGET CONTACT (combined-unit top)","geo_conf":"Moderate-high","walk_start":"","source_zone_end":""}},{"type":"Feature","geometry":{"type":"Point","coordinates":[-83.6369,37.9711]},"properties":{"menifee_rank":762,"id":6074,"stream":"Suiters Branch, tributary to Beaver Creek","quad":"Frenchburg","gq":"GQ-1390","score_geology_only":58.2,"score_original":52.3,"top_pct_geology_only":63.5,"S":0.538,"D":0.878,"E":0.059,"I":0.494,"T":1.0,"R":0.3,"G":0.95,"dist_outline_km":17.9,"contact_class":"VERIFIED TARGET CONTACT (combined-unit top)","geo_conf":"Moderate-high","walk_start":"","source_zone_end":""}},{"type":"Feature","geometry":{"type":"Point","coordinates":[-83.7384,37.936]},"properties":{"menifee_rank":763,"id":3240,"stream":"Unnamed hollow head, tributary to Barnett Branch","quad":"Frenchburg","gq":"GQ-1390","score_geology_only":58.2,"score_original":56.1,"top_pct_geology_only":63.5,"S":0.608,"D":0.918,"E":0.245,"I":0.269,"T":0.896,"R":0.5,"G":0.95,"dist_outline_km":11.3,"contact_class":"VERIFIED TARGET CONTACT (combined-unit top)","geo_conf":"Moderate-high","walk_start":"","source_zone_end":""}},{"type":"Feature","geometry":{"type":"Point","coordinates":[-83.5831,37.9806]},"properties":{"menifee_rank":764,"id":939,"stream":"Unnamed hollow head, tributary to Beaver Creek","quad":"Scranton","gq":"GQ-1488","score_geology_only":58.2,"score_original":52.3,"top_pct_geology_only":63.5,"S":0.518,"D":0.972,"E":0.071,"I":0.445,"T":0.923,"R":0.3,"G":0.95,"dist_outline_km":21.2,"contact_class":"VERIFIED TARGET CONTACT (combined-unit top)","geo_conf":"Moderate-high","walk_start":"","source_zone_end":""}},{"type":"Feature","geometry":{"type":"Point","coordinates":[-83.5482,37.9596]},"properties":{"menifee_rank":765,"id":6896,"stream":"Unnamed ravine / small hollow, tributary to Meyers Fork","quad":"Scranton","gq":"GQ-1488","score_geology_only":58.2,"score_original":52.3,"top_pct_geology_only":63.6,"S":0.953,"D":0.24,"E":0.243,"I":0.53,"T":1.0,"R":0.3,"G":0.95,"dist_outline_km":21.2,"contact_class":"VERIFIED TARGET CONTACT (combined-unit top)","geo_conf":"Moderate-high","walk_start":"","source_zone_end":""}},{"type":"Feature","geometry":{"type":"Point","coordinates":[-83.5348,37.9629]},"properties":{"menifee_rank":766,"id":1158,"stream":"Unnamed hollow head, tributary to Meyers Fork","quad":"Scranton","gq":"GQ-1488","score_geology_only":58.2,"score_original":52.3,"top_pct_geology_only":63.6,"S":1.0,"D":0.318,"E":0.242,"I":0.348,"T":1.0,"R":0.3,"G":0.95,"dist_outline_km":22.3,"contact_class":"VERIFIED TARGET CONTACT (combined-unit top)","geo_conf":"Moderate-high","walk_start":"","source_zone_end":""}},{"type":"Feature","geometry":{"type":"Point","coordinates":[-83.6276,37.9724]},"properties":{"menifee_rank":767,"id":2117,"stream":"Unnamed hollow head, tributary to Suiters Branch","quad":"Frenchburg","gq":"GQ-1390","score_geology_only":58.2,"score_original":52.2,"top_pct_geology_only":63.7,"S":0.637,"D":0.901,"E":0.059,"I":0.325,"T":0.957,"R":0.3,"G":0.95,"dist_outline_km":18.4,"contact_class":"VERIFIED TARGET CONTACT (combined-unit top)","geo_conf":"Moderate-high","walk_start":"","source_zone_end":""}},{"type":"Feature","geometry":{"type":"Point","coordinates":[-83.5305,37.9779]},"properties":{"menifee_rank":768,"id":500,"stream":"Unnamed hollow head, tributary to Meyers Fork","quad":"Scranton","gq":"GQ-1488","score_geology_only":58.2,"score_original":52.2,"top_pct_geology_only":63.8,"S":1.0,"D":0.402,"E":0.234,"I":0.28,"T":0.939,"R":0.3,"G":0.95,"dist_outline_km":23.8,"contact_class":"VERIFIED TARGET CONTACT (combined-unit top)","geo_conf":"Moderate-high","walk_start":"","source_zone_end":""}},{"type":"Feature","geometry":{"type":"Point","coordinates":[-83.6589,37.9462]},"properties":{"menifee_rank":769,"id":6760,"stream":"Unnamed ravine / small hollow, tributary to Beaver Creek","quad":"Frenchburg","gq":"GQ-1390","score_geology_only":58.1,"score_original":56.0,"top_pct_geology_only":64.0,"S":0.571,"D":0.765,"E":0.25,"I":0.458,"T":1.0,"R":0.5,"G":0.95,"dist_outline_km":14.5,"contact_class":"VERIFIED TARGET CONTACT (combined-unit top)","geo_conf":"Moderate-high","walk_start":"","source_zone_end":""}},{"type":"Feature","geometry":{"type":"Point","coordinates":[-83.6933,37.9526]},"properties":{"menifee_rank":770,"id":4292,"stream":"Unnamed hollow head, tributary to Peter Trace","quad":"Frenchburg","gq":"GQ-1390","score_geology_only":58.1,"score_original":56.0,"top_pct_geology_only":64.0,"S":0.594,"D":0.792,"E":0.316,"I":0.339,"T":1.0,"R":0.5,"G":0.95,"dist_outline_km":14.0,"contact_class":"VERIFIED TARGET CONTACT (combined-unit top)","geo_conf":"Moderate-high","walk_start":"","source_zone_end":""}},{"type":"Feature","geometry":{"type":"Point","coordinates":[-83.6412,37.9058]},"properties":{"menifee_rank":771,"id":1728,"stream":"Unnamed hollow head, tributary to Big Amos Creek","quad":"Frenchburg","gq":"GQ-1390","score_geology_only":58.1,"score_original":56.0,"top_pct_geology_only":64.1,"S":0.932,"D":0.163,"E":0.538,"I":0.466,"T":1.0,"R":0.5,"G":0.95,"dist_outline_km":11.5,"contact_class":"VERIFIED TARGET CONTACT (combined-unit top)","geo_conf":"Moderate-high","walk_start":"","source_zone_end":""}},{"type":"Feature","geometry":{"type":"Point","coordinates":[-83.6901,37.922]},"properties":{"menifee_rank":772,"id":3436,"stream":"Unnamed hollow head, tributary to Puncheon Camp Branch","quad":"Frenchburg","gq":"GQ-1390","score_geology_only":58.1,"score_original":56.0,"top_pct_geology_only":64.1,"S":0.666,"D":0.637,"E":0.29,"I":0.451,"T":0.987,"R":0.5,"G":0.95,"dist_outline_km":10.9,"contact_class":"VERIFIED TARGET CONTACT (combined-unit top)","geo_conf":"Moderate-high","walk_start":"","source_zone_end":""}},{"type":"Feature","geometry":{"type":"Point","coordinates":[-83.6826,37.978]},"properties":{"menifee_rank":773,"id":3309,"stream":"Unnamed hollow head, tributary to Dog Trot Fork","quad":"Frenchburg","gq":"GQ-1390","score_geology_only":58.1,"score_original":52.2,"top_pct_geology_only":64.1,"S":0.631,"D":0.919,"E":0.029,"I":0.302,"T":0.995,"R":0.3,"G":0.95,"dist_outline_km":16.9,"contact_class":"VERIFIED TARGET CONTACT (combined-unit top)","geo_conf":"Moderate-high","walk_start":"","source_zone_end":""}},{"type":"Feature","geometry":{"type":"Point","coordinates":[-83.5322,37.967]},"properties":{"menifee_rank":774,"id":835,"stream":"Unnamed hollow head, tributary to Meyers Fork","quad":"Scranton","gq":"GQ-1488","score_geology_only":58.1,"score_original":52.2,"top_pct_geology_only":64.2,"S":1.0,"D":0.342,"E":0.249,"I":0.338,"T":0.952,"R":0.3,"G":0.95,"dist_outline_km":22.8,"contact_class":"VERIFIED TARGET CONTACT (combined-unit top)","geo_conf":"Moderate-high","walk_start":"","source_zone_end":""}},{"type":"Feature","geometry":{"type":"Point","coordinates":[-83.6514,37.977]},"properties":{"menifee_rank":775,"id":941,"stream":"Unnamed hollow head, tributary to Stonequarry Creek","quad":"Frenchburg","gq":"GQ-1390","score_geology_only":58.1,"score_original":52.2,"top_pct_geology_only":64.3,"S":0.647,"D":0.932,"E":0.037,"I":0.297,"T":0.927,"R":0.3,"G":0.95,"dist_outline_km":17.8,"contact_class":"VERIFIED TARGET CONTACT (combined-unit top)","geo_conf":"Moderate-high","walk_start":"","source_zone_end":""}},{"type":"Feature","geometry":{"type":"Point","coordinates":[-83.6114,37.8426]},"properties":{"menifee_rank":776,"id":3626,"stream":"Sargent Branch, tributary to Gladie Creek","quad":"Pomeroyton","gq":"GQ-1184","score_geology_only":58.1,"score_original":55.9,"top_pct_geology_only":64.4,"S":0.955,"D":0.049,"E":0.51,"I":0.596,"T":1.0,"R":0.5,"G":0.95,"dist_outline_km":9.1,"contact_class":"VERIFIED TARGET CONTACT (combined-unit top)","geo_conf":"Moderate-high","walk_start":"","source_zone_end":""}},{"type":"Feature","geometry":{"type":"Point","coordinates":[-83.6675,37.9741]},"properties":{"menifee_rank":777,"id":5064,"stream":"Unnamed ravine / small hollow, tributary to Ratliff Branch","quad":"Frenchburg","gq":"GQ-1390","score_geology_only":58.0,"score_original":52.1,"top_pct_geology_only":64.5,"S":0.636,"D":0.903,"E":0.029,"I":0.308,"T":1.0,"R":0.3,"G":0.95,"dist_outline_km":17.0,"contact_class":"VERIFIED TARGET CONTACT (combined-unit top)","geo_conf":"Moderate-high","walk_start":"","source_zone_end":""}},{"type":"Feature","geometry":{"type":"Point","coordinates":[-83.6091,37.9493]},"properties":{"menifee_rank":778,"id":4005,"stream":"Unnamed hollow head, tributary to Tolan Creek","quad":"Scranton","gq":"GQ-1488","score_geology_only":58.0,"score_original":52.1,"top_pct_geology_only":64.5,"S":0.699,"D":0.642,"E":0.178,"I":0.451,"T":1.0,"R":0.3,"G":0.95,"dist_outline_km":17.1,"contact_class":"VERIFIED TARGET CONTACT (combined-unit top)","geo_conf":"Moderate-high","walk_start":"","source_zone_end":""}},{"type":"Feature","geometry":{"type":"Point","coordinates":[-83.5431,37.9576]},"properties":{"menifee_rank":779,"id":390,"stream":"Unnamed hollow head, tributary to Meyers Fork","quad":"Scranton","gq":"GQ-1488","score_geology_only":58.0,"score_original":52.1,"top_pct_geology_only":64.6,"S":0.967,"D":0.249,"E":0.247,"I":0.482,"T":1.0,"R":0.3,"G":0.95,"dist_outline_km":21.4,"contact_class":"VERIFIED TARGET CONTACT (combined-unit top)","geo_conf":"Moderate-high","walk_start":"","source_zone_end":""}},{"type":"Feature","geometry":{"type":"Point","coordinates":[-83.6621,37.9764]},"properties":{"menifee_rank":780,"id":4514,"stream":"Unnamed ravine / small hollow, tributary to Ratliff Branch","quad":"Frenchburg","gq":"GQ-1390","score_geology_only":58.0,"score_original":52.1,"top_pct_geology_only":64.7,"S":0.651,"D":0.906,"E":0.034,"I":0.272,"T":1.0,"R":0.3,"G":0.95,"dist_outline_km":17.4,"contact_class":"VERIFIED TARGET CONTACT (combined-unit top)","geo_conf":"Moderate-high","walk_start":"","source_zone_end":""}},{"type":"Feature","geometry":{"type":"Point","coordinates":[-83.5014,37.981]},"properties":{"menifee_rank":781,"id":0,"stream":"Unnamed hollow head, tributary to Brushy Fork","quad":"Scranton","gq":"GQ-1488","score_geology_only":57.9,"score_original":52.1,"top_pct_geology_only":64.8,"S":1.0,"D":0.207,"E":0.293,"I":0.486,"T":0.944,"R":0.3,"G":0.95,"dist_outline_km":25.8,"contact_class":"VERIFIED TARGET CONTACT (combined-unit top)","geo_conf":"Moderate-high","walk_start":"","source_zone_end":""}},{"type":"Feature","geometry":{"type":"Point","coordinates":[-83.642,37.8378]},"properties":{"menifee_rank":782,"id":5464,"stream":"Unnamed ravine / small hollow, tributary to Dunkan Branch","quad":"Slade","gq":"GQ-1183","score_geology_only":57.9,"score_original":55.8,"top_pct_geology_only":64.9,"S":1.0,"D":0.013,"E":0.447,"I":0.699,"T":0.858,"R":0.5,"G":0.95,"dist_outline_km":6.4,"contact_class":"VERIFIED TARGET CONTACT (combined-unit top)","geo_conf":"Moderate-high","walk_start":"","source_zone_end":""}},{"type":"Feature","geometry":{"type":"Point","coordinates":[-83.5343,37.9511]},"properties":{"menifee_rank":783,"id":947,"stream":"Unnamed hollow head, tributary to Meyers Fork","quad":"Scranton","gq":"GQ-1488","score_geology_only":57.9,"score_original":52.1,"top_pct_geology_only":65.0,"S":0.961,"D":0.245,"E":0.246,"I":0.493,"T":1.0,"R":0.3,"G":0.95,"dist_outline_km":21.4,"contact_class":"VERIFIED TARGET CONTACT (combined-unit top)","geo_conf":"Moderate-high","walk_start":"","source_zone_end":""}},{"type":"Feature","geometry":{"type":"Point","coordinates":[-83.6351,37.887]},"properties":{"menifee_rank":784,"id":6330,"stream":"Unnamed ravine / small hollow, tributary to Little East Fork","quad":"Frenchburg","gq":"GQ-1390","score_geology_only":57.9,"score_original":55.8,"top_pct_geology_only":65.0,"S":0.676,"D":0.342,"E":0.579,"I":0.616,"T":1.0,"R":0.5,"G":0.95,"dist_outline_km":10.1,"contact_class":"VERIFIED TARGET CONTACT (combined-unit top)","geo_conf":"Moderate-high","walk_start":"","source_zone_end":""}},{"type":"Feature","geometry":{"type":"Point","coordinates":[-83.5984,37.8449]},"properties":{"menifee_rank":785,"id":6714,"stream":"Gibson Branch, tributary to Gladie Creek","quad":"Pomeroyton","gq":"GQ-1184","score_geology_only":57.9,"score_original":55.8,"top_pct_geology_only":65.0,"S":0.925,"D":0.044,"E":0.522,"I":0.636,"T":1.0,"R":0.5,"G":0.95,"dist_outline_km":10.3,"contact_class":"VERIFIED TARGET CONTACT (combined-unit top)","geo_conf":"Moderate-high","walk_start":"","source_zone_end":""}},{"type":"Feature","geometry":{"type":"Point","coordinates":[-83.6636,37.9743]},"properties":{"menifee_rank":786,"id":3496,"stream":"Unnamed hollow head, tributary to Ratliff Branch","quad":"Frenchburg","gq":"GQ-1390","score_geology_only":57.9,"score_original":52.0,"top_pct_geology_only":65.0,"S":0.655,"D":0.908,"E":0.039,"I":0.256,"T":1.0,"R":0.3,"G":0.95,"dist_outline_km":17.1,"contact_class":"VERIFIED TARGET CONTACT (combined-unit top)","geo_conf":"Moderate-high","walk_start":"","source_zone_end":""}},{"type":"Feature","geometry":{"type":"Point","coordinates":[-83.6769,37.9745]},"properties":{"menifee_rank":787,"id":4137,"stream":"Unnamed hollow head, tributary to Dog Trot Fork","quad":"Frenchburg","gq":"GQ-1390","score_geology_only":57.9,"score_original":52.0,"top_pct_geology_only":65.0,"S":0.629,"D":0.918,"E":0.03,"I":0.292,"T":1.0,"R":0.3,"G":0.95,"dist_outline_km":16.7,"contact_class":"VERIFIED TARGET CONTACT (combined-unit top)","geo_conf":"Moderate-high","walk_start":"","source_zone_end":""}},{"type":"Feature","geometry":{"type":"Point","coordinates":[-83.6626,37.9606]},"properties":{"menifee_rank":788,"id":1261,"stream":"Unnamed hollow head, tributary to Beaver Creek","quad":"Frenchburg","gq":"GQ-1390","score_geology_only":57.9,"score_original":52.0,"top_pct_geology_only":65.1,"S":0.769,"D":0.716,"E":0.16,"I":0.241,"T":1.0,"R":0.3,"G":0.95,"dist_outline_km":15.8,"contact_class":"VERIFIED TARGET CONTACT (combined-unit top)","geo_conf":"Moderate-high","walk_start":"","source_zone_end":""}},{"type":"Feature","geometry":{"type":"Point","coordinates":[-83.5308,37.9526]},"properties":{"menifee_rank":789,"id":5800,"stream":"Unnamed ravine / small hollow, tributary to Meyers Fork","quad":"Scranton","gq":"GQ-1488","score_geology_only":57.9,"score_original":52.0,"top_pct_geology_only":65.1,"S":0.904,"D":0.218,"E":0.232,"I":0.632,"T":1.0,"R":0.3,"G":0.95,"dist_outline_km":21.8,"contact_class":"VERIFIED TARGET CONTACT (combined-unit top)","geo_conf":"Moderate-high","walk_start":"","source_zone_end":""}},{"type":"Feature","geometry":{"type":"Point","coordinates":[-83.6284,37.8326]},"properties":{"menifee_rank":790,"id":4573,"stream":"Unnamed ravine / small hollow, tributary to Wolfpen Creek","quad":"Slade","gq":"GQ-1183","score_geology_only":57.9,"score_original":55.8,"top_pct_geology_only":65.3,"S":1.0,"D":0.01,"E":0.46,"I":0.599,"T":0.994,"R":0.5,"G":0.95,"dist_outline_km":7.3,"contact_class":"VERIFIED TARGET CONTACT (combined-unit top)","geo_conf":"Moderate-high","walk_start":"","source_zone_end":""}},{"type":"Feature","geometry":{"type":"Point","coordinates":[-83.5093,37.9789]},"properties":{"menifee_rank":791,"id":829,"stream":"Unnamed hollow head, tributary to Brushy Fork","quad":"Scranton","gq":"GQ-1488","score_geology_only":57.9,"score_original":52.0,"top_pct_geology_only":65.3,"S":1.0,"D":0.197,"E":0.293,"I":0.495,"T":0.943,"R":0.3,"G":0.95,"dist_outline_km":25.1,"contact_class":"VERIFIED TARGET CONTACT (combined-unit top)","geo_conf":"Moderate-high","walk_start":"","source_zone_end":""}},{"type":"Feature","geometry":{"type":"Point","coordinates":[-83.6082,37.9519]},"properties":{"menifee_rank":792,"id":3393,"stream":"Unnamed hollow head, tributary to Tolan Creek","quad":"Scranton","gq":"GQ-1488","score_geology_only":57.9,"score_original":52.0,"top_pct_geology_only":65.3,"S":0.699,"D":0.641,"E":0.178,"I":0.443,"T":1.0,"R":0.3,"G":0.95,"dist_outline_km":17.4,"contact_class":"VERIFIED TARGET CONTACT (combined-unit top)","geo_conf":"Moderate-high","walk_start":"","source_zone_end":""}},{"type":"Feature","geometry":{"type":"Point","coordinates":[-83.6014,37.9835]},"properties":{"menifee_rank":793,"id":1803,"stream":"Unnamed hollow head, tributary to Halfway Branch","quad":"Scranton","gq":"GQ-1488","score_geology_only":57.8,"score_original":52.0,"top_pct_geology_only":65.4,"S":0.64,"D":0.939,"E":0.081,"I":0.253,"T":0.933,"R":0.3,"G":0.95,"dist_outline_km":20.7,"contact_class":"VERIFIED TARGET CONTACT (combined-unit top)","geo_conf":"Moderate-high","walk_start":"","source_zone_end":""}},{"type":"Feature","geometry":{"type":"Point","coordinates":[-83.6062,37.8389]},"properties":{"menifee_rank":794,"id":4556,"stream":"Unnamed ravine / small hollow, tributary to Gladie Creek","quad":"Pomeroyton","gq":"GQ-1184","score_geology_only":57.8,"score_original":55.8,"top_pct_geology_only":65.4,"S":1.0,"D":0.006,"E":0.435,"I":0.616,"T":1.0,"R":0.5,"G":0.95,"dist_outline_km":9.4,"contact_class":"VERIFIED TARGET CONTACT (combined-unit top)","geo_conf":"Moderate-high","walk_start":"","source_zone_end":""}},{"type":"Feature","geometry":{"type":"Point","coordinates":[-83.6991,37.9072]},"properties":{"menifee_rank":795,"id":5578,"stream":"Unnamed ravine / small hollow, tributary to Leatherwood Fork","quad":"Frenchburg","gq":"GQ-1390","score_geology_only":57.8,"score_original":55.8,"top_pct_geology_only":65.5,"S":0.677,"D":0.514,"E":0.283,"I":0.578,"T":1.0,"R":0.5,"G":0.95,"dist_outline_km":9.1,"contact_class":"VERIFIED TARGET CONTACT (combined-unit top)","geo_conf":"Moderate-high","walk_start":"","source_zone_end":""}},{"type":"Feature","geometry":{"type":"Point","coordinates":[-83.656,37.9737]},"properties":{"menifee_rank":796,"id":4554,"stream":"Unnamed ravine / small hollow, tributary to Ratliff Branch","quad":"Frenchburg","gq":"GQ-1390","score_geology_only":57.8,"score_original":51.9,"top_pct_geology_only":65.6,"S":0.655,"D":0.908,"E":0.039,"I":0.251,"T":1.0,"R":0.3,"G":0.95,"dist_outline_km":17.3,"contact_class":"VERIFIED TARGET CONTACT (combined-unit top)","geo_conf":"Moderate-high","walk_start":"","source_zone_end":""}},{"type":"Feature","geometry":{"type":"Point","coordinates":[-83.6972,37.906]},"properties":{"menifee_rank":797,"id":1269,"stream":"Unnamed hollow head, tributary to Leatherwood Fork","quad":"Frenchburg","gq":"GQ-1390","score_geology_only":57.8,"score_original":55.8,"top_pct_geology_only":65.6,"S":0.701,"D":0.522,"E":0.334,"I":0.492,"T":1.0,"R":0.5,"G":0.95,"dist_outline_km":9.0,"contact_class":"VERIFIED TARGET CONTACT (combined-unit top)","geo_conf":"Moderate-high","walk_start":"","source_zone_end":""}},{"type":"Feature","geometry":{"type":"Point","coordinates":[-83.6594,37.9761]},"properties":{"menifee_rank":798,"id":3737,"stream":"Unnamed hollow head, tributary to Ratliff Branch","quad":"Frenchburg","gq":"GQ-1390","score_geology_only":57.8,"score_original":51.9,"top_pct_geology_only":65.6,"S":0.655,"D":0.907,"E":0.039,"I":0.252,"T":1.0,"R":0.3,"G":0.95,"dist_outline_km":17.5,"contact_class":"VERIFIED TARGET CONTACT (combined-unit top)","geo_conf":"Moderate-high","walk_start":"","source_zone_end":""}},{"type":"Feature","geometry":{"type":"Point","coordinates":[-83.5104,37.9823]},"properties":{"menifee_rank":799,"id":1540,"stream":"Unnamed hollow head, tributary to Brushy Fork","quad":"Scranton","gq":"GQ-1488","score_geology_only":57.8,"score_original":51.9,"top_pct_geology_only":65.7,"S":1.0,"D":0.207,"E":0.293,"I":0.476,"T":0.946,"R":0.3,"G":0.95,"dist_outline_km":25.3,"contact_class":"VERIFIED TARGET CONTACT (combined-unit top)","geo_conf":"Moderate-high","walk_start":"","source_zone_end":""}},{"type":"Feature","geometry":{"type":"Point","coordinates":[-83.6949,37.9811]},"properties":{"menifee_rank":800,"id":940,"stream":"Unnamed hollow head, tributary to Steels Branch","quad":"Frenchburg","gq":"GQ-1390","score_geology_only":57.8,"score_original":51.9,"top_pct_geology_only":65.9,"S":0.663,"D":0.943,"E":0.052,"I":0.224,"T":0.933,"R":0.3,"G":0.95,"dist_outline_km":17.0,"contact_class":"VERIFIED TARGET CONTACT (combined-unit top)","geo_conf":"Moderate-high","walk_start":"","source_zone_end":""}},{"type":"Feature","geometry":{"type":"Point","coordinates":[-83.5031,37.9647]},"properties":{"menifee_rank":801,"id":623,"stream":"Unnamed hollow head, tributary to Brushy Fork","quad":"Scranton","gq":"GQ-1488","score_geology_only":57.8,"score_original":51.9,"top_pct_geology_only":65.9,"S":0.991,"D":0.166,"E":0.304,"I":0.5,"T":1.0,"R":0.3,"G":0.95,"dist_outline_km":24.5,"contact_class":"VERIFIED TARGET CONTACT (combined-unit top)","geo_conf":"Moderate-high","walk_start":"","source_zone_end":""}},{"type":"Feature","geometry":{"type":"Point","coordinates":[-83.6473,37.9058]},"properties":{"menifee_rank":802,"id":7209,"stream":"Little Amos Creek, tributary to Big Amos Creek","quad":"Frenchburg","gq":"GQ-1390","score_geology_only":57.7,"score_original":55.7,"top_pct_geology_only":66.0,"S":0.701,"D":0.208,"E":0.578,"I":0.743,"T":1.0,"R":0.5,"G":0.95,"dist_outline_km":11.2,"contact_class":"VERIFIED TARGET CONTACT (combined-unit top)","geo_conf":"Moderate-high","walk_start":"","source_zone_end":""}},{"type":"Feature","geometry":{"type":"Point","coordinates":[-83.6508,37.9659]},"properties":{"menifee_rank":803,"id":4349,"stream":"Unnamed hollow head, tributary to Beaver Creek","quad":"Frenchburg","gq":"GQ-1390","score_geology_only":57.7,"score_original":51.8,"top_pct_geology_only":66.3,"S":0.484,"D":0.847,"E":0.168,"I":0.522,"T":1.0,"R":0.3,"G":0.95,"dist_outline_km":16.8,"contact_class":"VERIFIED TARGET CONTACT (combined-unit top)","geo_conf":"Moderate-high","walk_start":"","source_zone_end":""}},{"type":"Feature","geometry":{"type":"Point","coordinates":[-83.5138,37.9645]},"properties":{"menifee_rank":804,"id":274,"stream":"Unnamed hollow head, tributary to Brushy Fork","quad":"Scranton","gq":"GQ-1488","score_geology_only":57.6,"score_original":51.8,"top_pct_geology_only":66.4,"S":0.957,"D":0.152,"E":0.291,"I":0.576,"T":1.0,"R":0.3,"G":0.95,"dist_outline_km":23.7,"contact_class":"VERIFIED TARGET CONTACT (combined-unit top)","geo_conf":"Moderate-high","walk_start":"","source_zone_end":""}},{"type":"Feature","geometry":{"type":"Point","coordinates":[-83.6904,37.9203]},"properties":{"menifee_rank":805,"id":1268,"stream":"Unnamed hollow head, tributary to Puncheon Camp Branch","quad":"Frenchburg","gq":"GQ-1390","score_geology_only":57.6,"score_original":55.6,"top_pct_geology_only":66.5,"S":0.664,"D":0.633,"E":0.284,"I":0.44,"T":0.981,"R":0.5,"G":0.95,"dist_outline_km":10.7,"contact_class":"VERIFIED TARGET CONTACT (combined-unit top)","geo_conf":"Moderate-high","walk_start":"","source_zone_end":""}},{"type":"Feature","geometry":{"type":"Point","coordinates":[-83.6345,37.9624]},"properties":{"menifee_rank":806,"id":5480,"stream":"Unnamed ravine / small hollow, tributary to Ponder Branch","quad":"Frenchburg","gq":"GQ-1390","score_geology_only":57.6,"score_original":51.8,"top_pct_geology_only":66.6,"S":0.593,"D":0.829,"E":0.023,"I":0.457,"T":1.0,"R":0.3,"G":0.95,"dist_outline_km":17.1,"contact_class":"VERIFIED TARGET CONTACT (combined-unit top)","geo_conf":"Moderate-high","walk_start":"","source_zone_end":""}},{"type":"Feature","geometry":{"type":"Point","coordinates":[-83.6924,37.9521]},"properties":{"menifee_rank":807,"id":4890,"stream":"Unnamed ravine / small hollow, tributary to Peter Trace","quad":"Frenchburg","gq":"GQ-1390","score_geology_only":57.6,"score_original":55.5,"top_pct_geology_only":66.7,"S":0.596,"D":0.792,"E":0.319,"I":0.303,"T":1.0,"R":0.5,"G":0.95,"dist_outline_km":13.9,"contact_class":"VERIFIED TARGET CONTACT (combined-unit top)","geo_conf":"Moderate-high","walk_start":"","source_zone_end":""}},{"type":"Feature","geometry":{"type":"Point","coordinates":[-83.5429,37.9598]},"properties":{"menifee_rank":808,"id":5608,"stream":"Unnamed ravine / small hollow, tributary to Meyers Fork","quad":"Scranton","gq":"GQ-1488","score_geology_only":57.6,"score_original":51.8,"top_pct_geology_only":66.7,"S":0.965,"D":0.249,"E":0.247,"I":0.46,"T":1.0,"R":0.3,"G":0.95,"dist_outline_km":21.6,"contact_class":"VERIFIED TARGET CONTACT (combined-unit top)","geo_conf":"Moderate-high","walk_start":"","source_zone_end":""}},{"type":"Feature","geometry":{"type":"Point","coordinates":[-83.5005,37.9644]},"properties":{"menifee_rank":809,"id":3959,"stream":"Unnamed hollow head, tributary to Brushy Fork","quad":"Scranton","gq":"GQ-1488","score_geology_only":57.6,"score_original":51.7,"top_pct_geology_only":66.7,"S":0.983,"D":0.163,"E":0.299,"I":0.51,"T":1.0,"R":0.3,"G":0.95,"dist_outline_km":24.6,"contact_class":"VERIFIED TARGET CONTACT (combined-unit top)","geo_conf":"Moderate-high","walk_start":"","source_zone_end":""}},{"type":"Feature","geometry":{"type":"Point","coordinates":[-83.7244,37.933]},"properties":{"menifee_rank":810,"id":3092,"stream":"Unnamed hollow head, tributary to Peter Trace","quad":"Frenchburg","gq":"GQ-1390","score_geology_only":57.6,"score_original":55.6,"top_pct_geology_only":66.8,"S":0.483,"D":0.932,"E":0.149,"I":0.503,"T":0.872,"R":0.5,"G":0.95,"dist_outline_km":11.2,"contact_class":"VERIFIED TARGET CONTACT (combined-unit top)","geo_conf":"Moderate-high","walk_start":"","source_zone_end":""}},{"type":"Feature","geometry":{"type":"Point","coordinates":[-83.539,37.9757]},"properties":{"menifee_rank":811,"id":2038,"stream":"Unnamed hollow head, tributary to Meyers Fork","quad":"Scranton","gq":"GQ-1488","score_geology_only":57.6,"score_original":51.7,"top_pct_geology_only":66.8,"S":0.607,"D":0.83,"E":0.168,"I":0.357,"T":0.966,"R":0.3,"G":0.95,"dist_outline_km":23.1,"contact_class":"VERIFIED TARGET CONTACT (combined-unit top)","geo_conf":"Moderate-high","walk_start":"","source_zone_end":""}},{"type":"Feature","geometry":{"type":"Point","coordinates":[-83.5333,37.9526]},"properties":{"menifee_rank":812,"id":4004,"stream":"Unnamed hollow head, tributary to Meyers Fork","quad":"Scranton","gq":"GQ-1488","score_geology_only":57.6,"score_original":51.7,"top_pct_geology_only":66.9,"S":0.96,"D":0.244,"E":0.246,"I":0.475,"T":1.0,"R":0.3,"G":0.95,"dist_outline_km":21.6,"contact_class":"VERIFIED TARGET CONTACT (combined-unit top)","geo_conf":"Moderate-high","walk_start":"","source_zone_end":""}},{"type":"Feature","geometry":{"type":"Point","coordinates":[-83.6127,37.9479]},"properties":{"menifee_rank":813,"id":5593,"stream":"Unnamed ravine / small hollow, tributary to Tolan Creek","quad":"Scranton","gq":"GQ-1488","score_geology_only":57.5,"score_original":51.7,"top_pct_geology_only":66.9,"S":0.686,"D":0.627,"E":0.181,"I":0.463,"T":1.0,"R":0.3,"G":0.95,"dist_outline_km":16.8,"contact_class":"VERIFIED TARGET CONTACT (combined-unit top)","geo_conf":"Moderate-high","walk_start":"","source_zone_end":""}},{"type":"Feature","geometry":{"type":"Point","coordinates":[-83.6723,37.8627]},"properties":{"menifee_rank":814,"id":2471,"stream":"Unnamed hollow head, tributary to East Fork Indian Creek","quad":"Slade","gq":"GQ-1183","score_geology_only":57.5,"score_original":55.5,"top_pct_geology_only":67.0,"S":1.0,"D":0.285,"E":0.526,"I":0.43,"T":0.602,"R":0.5,"G":0.95,"dist_outline_km":6.0,"contact_class":"VERIFIED TARGET CONTACT (combined-unit top)","geo_conf":"Moderate-high","walk_start":"","source_zone_end":""}},{"type":"Feature","geometry":{"type":"Point","coordinates":[-83.6435,37.9025]},"properties":{"menifee_rank":815,"id":3601,"stream":"Unnamed hollow head, tributary to Big Amos Creek","quad":"Frenchburg","gq":"GQ-1390","score_geology_only":57.5,"score_original":55.5,"top_pct_geology_only":67.1,"S":0.959,"D":0.171,"E":0.531,"I":0.38,"T":1.0,"R":0.5,"G":0.95,"dist_outline_km":11.1,"contact_class":"VERIFIED TARGET CONTACT (combined-unit top)","geo_conf":"Moderate-high","walk_start":"","source_zone_end":""}},{"type":"Feature","geometry":{"type":"Point","coordinates":[-83.6424,37.9628]},"properties":{"menifee_rank":816,"id":174,"stream":"Unnamed hollow head, tributary to Bet Cash Branch","quad":"Frenchburg","gq":"GQ-1390","score_geology_only":57.5,"score_original":51.7,"top_pct_geology_only":67.2,"S":0.557,"D":0.807,"E":0.202,"I":0.42,"T":1.0,"R":0.3,"G":0.95,"dist_outline_km":16.8,"contact_class":"VERIFIED TARGET CONTACT (combined-unit top)","geo_conf":"Moderate-high","walk_start":"","source_zone_end":""}},{"type":"Feature","geometry":{"type":"Point","coordinates":[-83.6291,37.9727]},"properties":{"menifee_rank":817,"id":834,"stream":"Unnamed hollow head, tributary to Suiters Branch","quad":"Frenchburg","gq":"GQ-1390","score_geology_only":57.5,"score_original":51.7,"top_pct_geology_only":67.2,"S":0.633,"D":0.901,"E":0.052,"I":0.321,"T":0.92,"R":0.3,"G":0.95,"dist_outline_km":18.4,"contact_class":"VERIFIED TARGET CONTACT (combined-unit top)","geo_conf":"Moderate-high","walk_start":"","source_zone_end":""}},{"type":"Feature","geometry":{"type":"Point","coordinates":[-83.6114,37.8486]},"properties":{"menifee_rank":818,"id":2053,"stream":"Unnamed hollow head, tributary to Klaber Branch","quad":"Pomeroyton","gq":"GQ-1184","score_geology_only":57.5,"score_original":55.5,"top_pct_geology_only":67.2,"S":0.924,"D":0.044,"E":0.522,"I":0.612,"T":1.0,"R":0.5,"G":0.95,"dist_outline_km":9.4,"contact_class":"VERIFIED TARGET CONTACT (combined-unit top)","geo_conf":"Moderate-high","walk_start":"","source_zone_end":""}},{"type":"Feature","geometry":{"type":"Point","coordinates":[-83.6578,37.9435]},"properties":{"menifee_rank":819,"id":5066,"stream":"Unnamed ravine / small hollow, tributary to Beaver Creek","quad":"Frenchburg","gq":"GQ-1390","score_geology_only":57.4,"score_original":55.5,"top_pct_geology_only":67.3,"S":0.571,"D":0.765,"E":0.25,"I":0.42,"T":1.0,"R":0.5,"G":0.95,"dist_outline_km":14.3,"contact_class":"VERIFIED TARGET CONTACT (combined-unit top)","geo_conf":"Moderate-high","walk_start":"","source_zone_end":""}},{"type":"Feature","geometry":{"type":"Point","coordinates":[-83.6963,37.9056]},"properties":{"menifee_rank":820,"id":2714,"stream":"Unnamed hollow head, tributary to Leatherwood Fork","quad":"Frenchburg","gq":"GQ-1390","score_geology_only":57.4,"score_original":55.4,"top_pct_geology_only":67.3,"S":0.703,"D":0.524,"E":0.335,"I":0.464,"T":1.0,"R":0.5,"G":0.95,"dist_outline_km":9.0,"contact_class":"VERIFIED TARGET CONTACT (combined-unit top)","geo_conf":"Moderate-high","walk_start":"","source_zone_end":""}},{"type":"Feature","geometry":{"type":"Point","coordinates":[-83.5363,37.948]},"properties":{"menifee_rank":821,"id":5201,"stream":"Unnamed ravine / small hollow, tributary to Meyers Fork","quad":"Scranton","gq":"GQ-1488","score_geology_only":57.4,"score_original":51.6,"top_pct_geology_only":67.3,"S":0.904,"D":0.218,"E":0.232,"I":0.605,"T":1.0,"R":0.3,"G":0.95,"dist_outline_km":21.1,"contact_class":"VERIFIED TARGET CONTACT (combined-unit top)","geo_conf":"Moderate-high","walk_start":"","source_zone_end":""}},{"type":"Feature","geometry":{"type":"Point","coordinates":[-83.514,37.9652]},"properties":{"menifee_rank":822,"id":1639,"stream":"Unnamed hollow head, tributary to Brushy Fork","quad":"Scranton","gq":"GQ-1488","score_geology_only":57.4,"score_original":51.6,"top_pct_geology_only":67.7,"S":0.957,"D":0.152,"E":0.291,"I":0.563,"T":1.0,"R":0.3,"G":0.95,"dist_outline_km":23.8,"contact_class":"VERIFIED TARGET CONTACT (combined-unit top)","geo_conf":"Moderate-high","walk_start":"","source_zone_end":""}},{"type":"Feature","geometry":{"type":"Point","coordinates":[-83.6727,37.9358]},"properties":{"menifee_rank":823,"id":179,"stream":"Unnamed hollow head, tributary to Susans Branch","quad":"Frenchburg","gq":"GQ-1390","score_geology_only":57.4,"score_original":55.4,"top_pct_geology_only":67.8,"S":0.721,"D":0.457,"E":0.401,"I":0.478,"T":0.995,"R":0.5,"G":0.95,"dist_outline_km":12.9,"contact_class":"VERIFIED TARGET CONTACT (combined-unit top)","geo_conf":"Moderate-high","walk_start":"","source_zone_end":""}},{"type":"Feature","geometry":{"type":"Point","coordinates":[-83.6317,37.8854]},"properties":{"menifee_rank":824,"id":6902,"stream":"Unnamed ravine / small hollow, tributary to Little East Fork","quad":"Frenchburg","gq":"GQ-1390","score_geology_only":57.3,"score_original":55.4,"top_pct_geology_only":67.9,"S":0.657,"D":0.323,"E":0.578,"I":0.641,"T":1.0,"R":0.5,"G":0.95,"dist_outline_km":10.2,"contact_class":"VERIFIED TARGET CONTACT (combined-unit top)","geo_conf":"Moderate-high","walk_start":"","source_zone_end":""}},{"type":"Feature","geometry":{"type":"Point","coordinates":[-83.6422,37.8394]},"properties":{"menifee_rank":825,"id":15,"stream":"Dunkan Branch","quad":"Slade","gq":"GQ-1183","score_geology_only":57.3,"score_original":55.3,"top_pct_geology_only":68.0,"S":1.0,"D":0.013,"E":0.447,"I":0.623,"T":0.918,"R":0.5,"G":0.95,"dist_outline_km":6.5,"contact_class":"VERIFIED TARGET CONTACT (combined-unit top)","geo_conf":"Moderate-high","walk_start":"","source_zone_end":""}},{"type":"Feature","geometry":{"type":"Point","coordinates":[-83.6576,37.8431]},"properties":{"menifee_rank":826,"id":3933,"stream":"Unnamed hollow head, tributary to Edward Branch","quad":"Slade","gq":"GQ-1183","score_geology_only":57.3,"score_original":55.3,"top_pct_geology_only":68.1,"S":1.0,"D":0.017,"E":0.434,"I":0.662,"T":0.863,"R":0.5,"G":0.95,"dist_outline_km":5.4,"contact_class":"VERIFIED TARGET CONTACT (combined-unit top)","geo_conf":"Moderate-high","walk_start":"","source_zone_end":""}},{"type":"Feature","geometry":{"type":"Point","coordinates":[-83.6464,37.9627]},"properties":{"menifee_rank":827,"id":4786,"stream":"Unnamed ravine / small hollow, tributary to Bet Cash Branch","quad":"Frenchburg","gq":"GQ-1390","score_geology_only":57.3,"score_original":51.5,"top_pct_geology_only":68.1,"S":0.561,"D":0.81,"E":0.206,"I":0.397,"T":1.0,"R":0.3,"G":0.95,"dist_outline_km":16.6,"contact_class":"VERIFIED TARGET CONTACT (combined-unit top)","geo_conf":"Moderate-high","walk_start":"","source_zone_end":""}},{"type":"Feature","geometry":{"type":"Point","coordinates":[-83.6328,37.8353]},"properties":{"menifee_rank":828,"id":6078,"stream":"Unnamed ravine / small hollow, tributary to Wolfpen Creek","quad":"Slade","gq":"GQ-1183","score_geology_only":57.3,"score_original":55.3,"top_pct_geology_only":68.1,"S":0.772,"D":0.299,"E":0.485,"I":0.54,"T":1.0,"R":0.5,"G":0.95,"dist_outline_km":7.1,"contact_class":"VERIFIED TARGET CONTACT (combined-unit top)","geo_conf":"Moderate-high","walk_start":"","source_zone_end":""}},{"type":"Feature","geometry":{"type":"Point","coordinates":[-83.6916,37.9485]},"properties":{"menifee_rank":829,"id":4330,"stream":"Unnamed hollow head, tributary to Peter Trace","quad":"Frenchburg","gq":"GQ-1390","score_geology_only":57.3,"score_original":55.3,"top_pct_geology_only":68.1,"S":0.59,"D":0.783,"E":0.309,"I":0.315,"T":1.0,"R":0.5,"G":0.95,"dist_outline_km":13.6,"contact_class":"VERIFIED TARGET CONTACT (combined-unit top)","geo_conf":"Moderate-high","walk_start":"","source_zone_end":""}},{"type":"Feature","geometry":{"type":"Point","coordinates":[-83.6438,37.8398]},"properties":{"menifee_rank":830,"id":4168,"stream":"Unnamed hollow head, tributary to Dunkan Branch","quad":"Slade","gq":"GQ-1183","score_geology_only":57.3,"score_original":55.3,"top_pct_geology_only":68.2,"S":1.0,"D":0.013,"E":0.447,"I":0.653,"T":0.87,"R":0.5,"G":0.95,"dist_outline_km":6.4,"contact_class":"VERIFIED TARGET CONTACT (combined-unit top)","geo_conf":"Moderate-high","walk_start":"","source_zone_end":""}},{"type":"Feature","geometry":{"type":"Point","coordinates":[-83.6567,37.9431]},"properties":{"menifee_rank":831,"id":4251,"stream":"Unnamed hollow head, tributary to Beaver Creek","quad":"Frenchburg","gq":"GQ-1390","score_geology_only":57.2,"score_original":55.3,"top_pct_geology_only":68.3,"S":0.574,"D":0.766,"E":0.247,"I":0.404,"T":1.0,"R":0.5,"G":0.95,"dist_outline_km":14.3,"contact_class":"VERIFIED TARGET CONTACT (combined-unit top)","geo_conf":"Moderate-high","walk_start":"","source_zone_end":""}},{"type":"Feature","geometry":{"type":"Point","coordinates":[-83.6943,37.9523]},"properties":{"menifee_rank":832,"id":4140,"stream":"Unnamed hollow head, tributary to Peter Trace","quad":"Frenchburg","gq":"GQ-1390","score_geology_only":57.2,"score_original":55.3,"top_pct_geology_only":68.5,"S":0.594,"D":0.792,"E":0.316,"I":0.289,"T":1.0,"R":0.5,"G":0.95,"dist_outline_km":13.9,"contact_class":"VERIFIED TARGET CONTACT (combined-unit top)","geo_conf":"Moderate-high","walk_start":"","source_zone_end":""}},{"type":"Feature","geometry":{"type":"Point","coordinates":[-83.6048,37.8462]},"properties":{"menifee_rank":833,"id":3964,"stream":"Unnamed hollow head, tributary to Gladie Creek","quad":"Pomeroyton","gq":"GQ-1184","score_geology_only":57.2,"score_original":55.3,"top_pct_geology_only":68.5,"S":0.946,"D":0.047,"E":0.515,"I":0.563,"T":1.0,"R":0.5,"G":0.95,"dist_outline_km":9.8,"contact_class":"VERIFIED TARGET CONTACT (combined-unit top)","geo_conf":"Moderate-high","walk_start":"","source_zone_end":""}},{"type":"Feature","geometry":{"type":"Point","coordinates":[-83.6499,37.9659]},"properties":{"menifee_rank":834,"id":4977,"stream":"Unnamed ravine / small hollow, tributary to Beaver Creek","quad":"Frenchburg","gq":"GQ-1390","score_geology_only":57.2,"score_original":51.5,"top_pct_geology_only":68.5,"S":0.484,"D":0.845,"E":0.168,"I":0.5,"T":1.0,"R":0.3,"G":0.95,"dist_outline_km":16.8,"contact_class":"VERIFIED TARGET CONTACT (combined-unit top)","geo_conf":"Moderate-high","walk_start":"","source_zone_end":""}},{"type":"Feature","geometry":{"type":"Point","coordinates":[-83.7215,37.9328]},"properties":{"menifee_rank":835,"id":1063,"stream":"Unnamed hollow head, tributary to Peter Trace","quad":"Frenchburg","gq":"GQ-1390","score_geology_only":57.2,"score_original":55.3,"top_pct_geology_only":68.6,"S":0.486,"D":0.923,"E":0.133,"I":0.481,"T":0.901,"R":0.5,"G":0.95,"dist_outline_km":11.3,"contact_class":"VERIFIED TARGET CONTACT (combined-unit top)","geo_conf":"Moderate-high","walk_start":"","source_zone_end":""}},{"type":"Feature","geometry":{"type":"Point","coordinates":[-83.6474,37.9051]},"properties":{"menifee_rank":836,"id":3138,"stream":"Little Amos Creek, tributary to Big Amos Creek","quad":"Frenchburg","gq":"GQ-1390","score_geology_only":57.2,"score_original":55.2,"top_pct_geology_only":68.6,"S":0.702,"D":0.209,"E":0.578,"I":0.71,"T":1.0,"R":0.5,"G":0.95,"dist_outline_km":11.1,"contact_class":"VERIFIED TARGET CONTACT (combined-unit top)","geo_conf":"Moderate-high","walk_start":"","source_zone_end":""}},{"type":"Feature","geometry":{"type":"Point","coordinates":[-83.6982,37.8884]},"properties":{"menifee_rank":837,"id":3580,"stream":"Camp Branch, tributary to Spaas Creek","quad":"Frenchburg","gq":"GQ-1390","score_geology_only":57.2,"score_original":55.2,"top_pct_geology_only":68.8,"S":0.553,"D":0.533,"E":0.468,"I":0.611,"T":0.981,"R":0.5,"G":0.95,"dist_outline_km":7.2,"contact_class":"VERIFIED TARGET CONTACT (combined-unit top)","geo_conf":"Moderate-high","walk_start":"","source_zone_end":""}},{"type":"Feature","geometry":{"type":"Point","coordinates":[-83.5224,37.9755]},"properties":{"menifee_rank":838,"id":2115,"stream":"Unnamed hollow head, tributary to Meyers Fork","quad":"Scranton","gq":"GQ-1488","score_geology_only":57.1,"score_original":51.4,"top_pct_geology_only":68.8,"S":1.0,"D":0.354,"E":0.169,"I":0.364,"T":0.888,"R":0.3,"G":0.95,"dist_outline_km":24.1,"contact_class":"VERIFIED TARGET CONTACT (combined-unit top)","geo_conf":"Moderate-high","walk_start":"","source_zone_end":""}},{"type":"Feature","geometry":{"type":"Point","coordinates":[-83.5792,37.9523]},"properties":{"menifee_rank":839,"id":5724,"stream":"Unnamed ravine / small hollow, tributary to Clifton Creek","quad":"Scranton","gq":"GQ-1488","score_geology_only":57.1,"score_original":51.4,"top_pct_geology_only":69.0,"S":0.801,"D":0.292,"E":0.302,"I":0.612,"T":1.0,"R":0.3,"G":0.95,"dist_outline_km":18.9,"contact_class":"VERIFIED TARGET CONTACT (combined-unit top)","geo_conf":"Moderate-high","walk_start":"","source_zone_end":""}},{"type":"Feature","geometry":{"type":"Point","coordinates":[-83.6555,37.9471]},"properties":{"menifee_rank":840,"id":4587,"stream":"Unnamed ravine / small hollow, tributary to Beaver Creek","quad":"Frenchburg","gq":"GQ-1390","score_geology_only":57.1,"score_original":55.2,"top_pct_geology_only":69.0,"S":0.581,"D":0.775,"E":0.244,"I":0.373,"T":1.0,"R":0.5,"G":0.95,"dist_outline_km":14.7,"contact_class":"VERIFIED TARGET CONTACT (combined-unit top)","geo_conf":"Moderate-high","walk_start":"","source_zone_end":""}},{"type":"Feature","geometry":{"type":"Point","coordinates":[-83.6575,37.9428]},"properties":{"menifee_rank":841,"id":630,"stream":"Unnamed hollow head, tributary to Beaver Creek","quad":"Frenchburg","gq":"GQ-1390","score_geology_only":57.1,"score_original":55.1,"top_pct_geology_only":69.1,"S":0.571,"D":0.762,"E":0.25,"I":0.402,"T":1.0,"R":0.5,"G":0.95,"dist_outline_km":14.2,"contact_class":"VERIFIED TARGET CONTACT (combined-unit top)","geo_conf":"Moderate-high","walk_start":"","source_zone_end":""}},{"type":"Feature","geometry":{"type":"Point","coordinates":[-83.6067,37.9609]},"properties":{"menifee_rank":842,"id":3275,"stream":"Unnamed hollow head, tributary to Trace Branch","quad":"Scranton","gq":"GQ-1488","score_geology_only":57.0,"score_original":51.3,"top_pct_geology_only":69.1,"S":0.545,"D":0.853,"E":0.134,"I":0.426,"T":0.962,"R":0.3,"G":0.95,"dist_outline_km":18.3,"contact_class":"VERIFIED TARGET CONTACT (combined-unit top)","geo_conf":"Moderate-high","walk_start":"","source_zone_end":""}},{"type":"Feature","geometry":{"type":"Point","coordinates":[-83.6755,37.8554]},"properties":{"menifee_rank":843,"id":2775,"stream":"Unnamed hollow head, tributary to Indian Creek","quad":"Slade","gq":"GQ-1183","score_geology_only":57.0,"score_original":55.1,"top_pct_geology_only":69.2,"S":1.0,"D":0.285,"E":0.525,"I":0.537,"T":0.4,"R":0.5,"G":0.95,"dist_outline_km":5.2,"contact_class":"VERIFIED TARGET CONTACT (combined-unit top)","geo_conf":"Moderate-high","walk_start":"","source_zone_end":""}},{"type":"Feature","geometry":{"type":"Point","coordinates":[-83.5993,37.844]},"properties":{"menifee_rank":844,"id":4312,"stream":"Unnamed hollow head, tributary to Gibson Branch","quad":"Pomeroyton","gq":"GQ-1184","score_geology_only":57.0,"score_original":55.1,"top_pct_geology_only":69.5,"S":0.925,"D":0.044,"E":0.522,"I":0.583,"T":1.0,"R":0.5,"G":0.95,"dist_outline_km":10.2,"contact_class":"VERIFIED TARGET CONTACT (combined-unit top)","geo_conf":"Moderate-high","walk_start":"","source_zone_end":""}},{"type":"Feature","geometry":{"type":"Point","coordinates":[-83.6921,37.9834]},"properties":{"menifee_rank":845,"id":2652,"stream":"Unnamed hollow head, tributary to Dog Trot Fork","quad":"Frenchburg","gq":"GQ-1390","score_geology_only":57.0,"score_original":51.3,"top_pct_geology_only":69.5,"S":0.6,"D":0.977,"E":0.017,"I":0.259,"T":0.937,"R":0.3,"G":0.95,"dist_outline_km":17.3,"contact_class":"VERIFIED TARGET CONTACT (combined-unit top)","geo_conf":"Moderate-high","walk_start":"","source_zone_end":""}},{"type":"Feature","geometry":{"type":"Point","coordinates":[-83.5363,37.9483]},"properties":{"menifee_rank":846,"id":3310,"stream":"Unnamed hollow head, tributary to Meyers Fork","quad":"Scranton","gq":"GQ-1488","score_geology_only":57.0,"score_original":51.3,"top_pct_geology_only":69.5,"S":0.904,"D":0.218,"E":0.232,"I":0.579,"T":1.0,"R":0.3,"G":0.95,"dist_outline_km":21.1,"contact_class":"VERIFIED TARGET CONTACT (combined-unit top)","geo_conf":"Moderate-high","walk_start":"","source_zone_end":""}},{"type":"Feature","geometry":{"type":"Point","coordinates":[-83.6323,37.9663]},"properties":{"menifee_rank":847,"id":5234,"stream":"Unnamed ravine / small hollow, tributary to Ponder Branch","quad":"Frenchburg","gq":"GQ-1390","score_geology_only":56.9,"score_original":51.2,"top_pct_geology_only":69.6,"S":0.615,"D":0.855,"E":0.029,"I":0.345,"T":1.0,"R":0.3,"G":0.95,"dist_outline_km":17.6,"contact_class":"VERIFIED TARGET CONTACT (combined-unit top)","geo_conf":"Moderate-high","walk_start":"","source_zone_end":""}},{"type":"Feature","geometry":{"type":"Point","coordinates":[-83.5325,37.9588]},"properties":{"menifee_rank":848,"id":2406,"stream":"Unnamed hollow head, tributary to Meyers Fork","quad":"Scranton","gq":"GQ-1488","score_geology_only":56.9,"score_original":51.2,"top_pct_geology_only":69.7,"S":1.0,"D":0.318,"E":0.242,"I":0.274,"T":1.0,"R":0.3,"G":0.95,"dist_outline_km":22.1,"contact_class":"VERIFIED TARGET CONTACT (combined-unit top)","geo_conf":"Moderate-high","walk_start":"","source_zone_end":""}},{"type":"Feature","geometry":{"type":"Point","coordinates":[-83.6659,37.972]},"properties":{"menifee_rank":849,"id":385,"stream":"Unnamed hollow head, tributary to Ratliff Branch","quad":"Frenchburg","gq":"GQ-1390","score_geology_only":56.9,"score_original":51.2,"top_pct_geology_only":69.8,"S":0.655,"D":0.908,"E":0.039,"I":0.197,"T":1.0,"R":0.3,"G":0.95,"dist_outline_km":16.8,"contact_class":"VERIFIED TARGET CONTACT (combined-unit top)","geo_conf":"Moderate-high","walk_start":"","source_zone_end":""}},{"type":"Feature","geometry":{"type":"Point","coordinates":[-83.5008,37.9621]},"properties":{"menifee_rank":850,"id":5048,"stream":"Unnamed ravine / small hollow, tributary to Brushy Fork","quad":"Scranton","gq":"GQ-1488","score_geology_only":56.9,"score_original":51.2,"top_pct_geology_only":69.8,"S":0.958,"D":0.152,"E":0.291,"I":0.532,"T":1.0,"R":0.3,"G":0.95,"dist_outline_km":24.4,"contact_class":"VERIFIED TARGET CONTACT (combined-unit top)","geo_conf":"Moderate-high","walk_start":"","source_zone_end":""}},{"type":"Feature","geometry":{"type":"Point","coordinates":[-83.6427,37.8405]},"properties":{"menifee_rank":851,"id":2719,"stream":"Unnamed hollow head, tributary to Dunkan Branch","quad":"Slade","gq":"GQ-1183","score_geology_only":56.9,"score_original":55.0,"top_pct_geology_only":69.9,"S":1.0,"D":0.013,"E":0.447,"I":0.607,"T":0.904,"R":0.5,"G":0.95,"dist_outline_km":6.5,"contact_class":"VERIFIED TARGET CONTACT (combined-unit top)","geo_conf":"Moderate-high","walk_start":"","source_zone_end":""}},{"type":"Feature","geometry":{"type":"Point","coordinates":[-83.6331,37.9724]},"properties":{"menifee_rank":852,"id":1638,"stream":"Unnamed hollow head, tributary to Suiters Branch","quad":"Frenchburg","gq":"GQ-1390","score_geology_only":56.8,"score_original":51.1,"top_pct_geology_only":70.1,"S":0.567,"D":0.886,"E":0.061,"I":0.368,"T":0.979,"R":0.3,"G":0.95,"dist_outline_km":18.2,"contact_class":"VERIFIED TARGET CONTACT (combined-unit top)","geo_conf":"Moderate-high","walk_start":"","source_zone_end":""}},{"type":"Feature","geometry":{"type":"Point","coordinates":[-83.6298,37.8356]},"properties":{"menifee_rank":853,"id":4235,"stream":"Unnamed hollow head, tributary to Wolfpen Creek","quad":"Slade","gq":"GQ-1183","score_geology_only":56.8,"score_original":54.9,"top_pct_geology_only":70.2,"S":0.768,"D":0.295,"E":0.486,"I":0.523,"T":1.0,"R":0.5,"G":0.95,"dist_outline_km":7.3,"contact_class":"VERIFIED TARGET CONTACT (combined-unit top)","geo_conf":"Moderate-high","walk_start":"","source_zone_end":""}},{"type":"Feature","geometry":{"type":"Point","coordinates":[-83.6103,37.946]},"properties":{"menifee_rank":854,"id":1061,"stream":"Unnamed hollow head, tributary to Tolan Creek","quad":"Scranton","gq":"GQ-1488","score_geology_only":56.8,"score_original":51.1,"top_pct_geology_only":70.3,"S":0.681,"D":0.621,"E":0.178,"I":0.438,"T":1.0,"R":0.3,"G":0.95,"dist_outline_km":16.7,"contact_class":"VERIFIED TARGET CONTACT (combined-unit top)","geo_conf":"Moderate-high","walk_start":"","source_zone_end":""}},{"type":"Feature","geometry":{"type":"Point","coordinates":[-83.7257,37.9331]},"properties":{"menifee_rank":855,"id":2045,"stream":"Unnamed hollow head, tributary to Peter Trace","quad":"Frenchburg","gq":"GQ-1390","score_geology_only":56.7,"score_original":54.8,"top_pct_geology_only":70.5,"S":0.483,"D":0.934,"E":0.149,"I":0.439,"T":0.891,"R":0.5,"G":0.95,"dist_outline_km":11.2,"contact_class":"VERIFIED TARGET CONTACT (combined-unit top)","geo_conf":"Moderate-high","walk_start":"","source_zone_end":""}},{"type":"Feature","geometry":{"type":"Point","coordinates":[-83.6421,37.8326]},"properties":{"menifee_rank":856,"id":6151,"stream":"Unnamed ravine / small hollow, tributary to Red River","quad":"Slade","gq":"GQ-1183","score_geology_only":56.7,"score_original":54.8,"top_pct_geology_only":70.6,"S":1.0,"D":0.012,"E":0.458,"I":0.754,"T":0.66,"R":0.5,"G":0.95,"dist_outline_km":6.2,"contact_class":"VERIFIED TARGET CONTACT (combined-unit top)","geo_conf":"Moderate-high","walk_start":"","source_zone_end":""}},{"type":"Feature","geometry":{"type":"Point","coordinates":[-83.5037,37.9703]},"properties":{"menifee_rank":857,"id":1804,"stream":"Unnamed hollow head, tributary to Brushy Fork","quad":"Scranton","gq":"GQ-1488","score_geology_only":56.7,"score_original":51.0,"top_pct_geology_only":70.6,"S":1.0,"D":0.186,"E":0.302,"I":0.399,"T":1.0,"R":0.3,"G":0.95,"dist_outline_km":24.8,"contact_class":"VERIFIED TARGET CONTACT (combined-unit top)","geo_conf":"Moderate-high","walk_start":"","source_zone_end":""}},{"type":"Feature","geometry":{"type":"Point","coordinates":[-83.696,37.926]},"properties":{"menifee_rank":858,"id":3355,"stream":"Unnamed hollow head, tributary to Haunted Cave Branch","quad":"Frenchburg","gq":"GQ-1390","score_geology_only":56.7,"score_original":54.8,"top_pct_geology_only":70.7,"S":0.603,"D":0.669,"E":0.293,"I":0.422,"T":1.0,"R":0.5,"G":0.95,"dist_outline_km":11.1,"contact_class":"VERIFIED TARGET CONTACT (combined-unit top)","geo_conf":"Moderate-high","walk_start":"","source_zone_end":""}},{"type":"Feature","geometry":{"type":"Point","coordinates":[-83.6619,37.8502]},"properties":{"menifee_rank":859,"id":6191,"stream":"Unnamed ravine / small hollow, tributary to Edward Branch","quad":"Slade","gq":"GQ-1183","score_geology_only":56.7,"score_original":54.8,"top_pct_geology_only":70.7,"S":0.625,"D":0.31,"E":0.438,"I":0.767,"T":1.0,"R":0.5,"G":0.95,"dist_outline_km":5.6,"contact_class":"VERIFIED TARGET CONTACT (combined-unit top)","geo_conf":"Moderate-high","walk_start":"","source_zone_end":""}},{"type":"Feature","geometry":{"type":"Point","coordinates":[-83.6725,37.9339]},"properties":{"menifee_rank":860,"id":1886,"stream":"Unnamed hollow head, tributary to Susans Branch","quad":"Frenchburg","gq":"GQ-1390","score_geology_only":56.6,"score_original":54.8,"top_pct_geology_only":70.8,"S":0.737,"D":0.465,"E":0.403,"I":0.407,"T":0.984,"R":0.5,"G":0.95,"dist_outline_km":12.7,"contact_class":"VERIFIED TARGET CONTACT (combined-unit top)","geo_conf":"Moderate-high","walk_start":"","source_zone_end":""}},{"type":"Feature","geometry":{"type":"Point","coordinates":[-83.6933,37.9203]},"properties":{"menifee_rank":861,"id":4491,"stream":"Unnamed hollow head, tributary to Puncheon Camp Branch","quad":"Frenchburg","gq":"GQ-1390","score_geology_only":56.6,"score_original":54.8,"top_pct_geology_only":70.8,"S":0.637,"D":0.601,"E":0.25,"I":0.485,"T":0.998,"R":0.5,"G":0.95,"dist_outline_km":10.6,"contact_class":"VERIFIED TARGET CONTACT (combined-unit top)","geo_conf":"Moderate-high","walk_start":"","source_zone_end":""}},{"type":"Feature","geometry":{"type":"Point","coordinates":[-83.6094,37.9478]},"properties":{"menifee_rank":862,"id":84,"stream":"Unnamed hollow head, tributary to Tolan Creek","quad":"Scranton","gq":"GQ-1488","score_geology_only":56.6,"score_original":51.0,"top_pct_geology_only":71.0,"S":0.693,"D":0.637,"E":0.176,"I":0.388,"T":1.0,"R":0.3,"G":0.95,"dist_outline_km":16.9,"contact_class":"VERIFIED TARGET CONTACT (combined-unit top)","geo_conf":"Moderate-high","walk_start":"","source_zone_end":""}},{"type":"Feature","geometry":{"type":"Point","coordinates":[-83.6444,37.966]},"properties":{"menifee_rank":863,"id":6269,"stream":"Bet Cash Branch, tributary to Beaver Creek","quad":"Frenchburg","gq":"GQ-1390","score_geology_only":56.6,"score_original":51.0,"top_pct_geology_only":71.0,"S":0.524,"D":0.793,"E":0.169,"I":0.466,"T":1.0,"R":0.3,"G":0.95,"dist_outline_km":17.0,"contact_class":"VERIFIED TARGET CONTACT (combined-unit top)","geo_conf":"Moderate-high","walk_start":"","source_zone_end":""}},{"type":"Feature","geometry":{"type":"Point","coordinates":[-83.6776,37.9736]},"properties":{"menifee_rank":864,"id":5479,"stream":"Unnamed ravine / small hollow, tributary to Dog Trot Fork","quad":"Frenchburg","gq":"GQ-1390","score_geology_only":56.6,"score_original":50.9,"top_pct_geology_only":71.1,"S":0.63,"D":0.918,"E":0.029,"I":0.215,"T":1.0,"R":0.3,"G":0.95,"dist_outline_km":16.6,"contact_class":"VERIFIED TARGET CONTACT (combined-unit top)","geo_conf":"Moderate-high","walk_start":"","source_zone_end":""}},{"type":"Feature","geometry":{"type":"Point","coordinates":[-83.6594,37.9756]},"properties":{"menifee_rank":865,"id":171,"stream":"Unnamed hollow head, tributary to Ratliff Branch","quad":"Frenchburg","gq":"GQ-1390","score_geology_only":56.5,"score_original":50.9,"top_pct_geology_only":71.1,"S":0.655,"D":0.907,"E":0.039,"I":0.18,"T":1.0,"R":0.3,"G":0.95,"dist_outline_km":17.4,"contact_class":"VERIFIED TARGET CONTACT (combined-unit top)","geo_conf":"Moderate-high","walk_start":"","source_zone_end":""}},{"type":"Feature","geometry":{"type":"Point","coordinates":[-83.6907,37.9131]},"properties":{"menifee_rank":866,"id":4331,"stream":"Unnamed hollow head, tributary to Myers Fork","quad":"Frenchburg","gq":"GQ-1390","score_geology_only":56.5,"score_original":54.7,"top_pct_geology_only":71.2,"S":0.652,"D":0.62,"E":0.272,"I":0.411,"T":1.0,"R":0.5,"G":0.95,"dist_outline_km":9.9,"contact_class":"VERIFIED TARGET CONTACT (combined-unit top)","geo_conf":"Moderate-high","walk_start":"","source_zone_end":""}},{"type":"Feature","geometry":{"type":"Point","coordinates":[-83.5954,37.851]},"properties":{"menifee_rank":867,"id":7023,"stream":"Powell Branch, tributary to Gladie Creek","quad":"Pomeroyton","gq":"GQ-1184","score_geology_only":56.5,"score_original":54.7,"top_pct_geology_only":71.2,"S":0.876,"D":0.039,"E":0.529,"I":0.641,"T":1.0,"R":0.5,"G":0.95,"dist_outline_km":10.8,"contact_class":"VERIFIED TARGET CONTACT (combined-unit top)","geo_conf":"Moderate-high","walk_start":"","source_zone_end":""}},{"type":"Feature","geometry":{"type":"Point","coordinates":[-83.7142,37.9802]},"properties":{"menifee_rank":868,"id":2585,"stream":"Unnamed hollow head, tributary to Cornwell Branch","quad":"Frenchburg","gq":"GQ-1390","score_geology_only":56.5,"score_original":50.9,"top_pct_geology_only":71.2,"S":0.592,"D":0.988,"E":0.069,"I":0.243,"T":0.869,"R":0.3,"G":0.95,"dist_outline_km":16.5,"contact_class":"VERIFIED TARGET CONTACT (combined-unit top)","geo_conf":"Moderate-high","walk_start":"","source_zone_end":""}},{"type":"Feature","geometry":{"type":"Point","coordinates":[-83.5151,37.9614]},"properties":{"menifee_rank":869,"id":5831,"stream":"Unnamed ravine / small hollow, tributary to Brushy Fork","quad":"Scranton","gq":"GQ-1488","score_geology_only":56.5,"score_original":50.9,"top_pct_geology_only":71.3,"S":0.912,"D":0.136,"E":0.264,"I":0.628,"T":1.0,"R":0.3,"G":0.95,"dist_outline_km":23.4,"contact_class":"VERIFIED TARGET CONTACT (combined-unit top)","geo_conf":"Moderate-high","walk_start":"","source_zone_end":""}},{"type":"Feature","geometry":{"type":"Point","coordinates":[-83.6021,37.8501]},"properties":{"menifee_rank":870,"id":6362,"stream":"Hale Branch, tributary to Gladie Creek","quad":"Pomeroyton","gq":"GQ-1184","score_geology_only":56.5,"score_original":54.7,"top_pct_geology_only":71.4,"S":0.889,"D":0.041,"E":0.529,"I":0.615,"T":1.0,"R":0.5,"G":0.95,"dist_outline_km":10.2,"contact_class":"VERIFIED TARGET CONTACT (combined-unit top)","geo_conf":"Moderate-high","walk_start":"","source_zone_end":""}},{"type":"Feature","geometry":{"type":"Point","coordinates":[-83.6449,37.9645]},"properties":{"menifee_rank":871,"id":2998,"stream":"Unnamed hollow head, tributary to Bet Cash Branch","quad":"Frenchburg","gq":"GQ-1390","score_geology_only":56.5,"score_original":50.9,"top_pct_geology_only":71.4,"S":0.54,"D":0.8,"E":0.187,"I":0.412,"T":1.0,"R":0.3,"G":0.95,"dist_outline_km":16.9,"contact_class":"VERIFIED TARGET CONTACT (combined-unit top)","geo_conf":"Moderate-high","walk_start":"","source_zone_end":""}},{"type":"Feature","geometry":{"type":"Point","coordinates":[-83.5021,37.9838]},"properties":{"menifee_rank":872,"id":2330,"stream":"Unnamed hollow head, tributary to Brushy Fork","quad":"Scranton","gq":"GQ-1488","score_geology_only":56.5,"score_original":50.9,"top_pct_geology_only":71.4,"S":1.0,"D":0.208,"E":0.29,"I":0.386,"T":0.97,"R":0.3,"G":0.95,"dist_outline_km":26.0,"contact_class":"VERIFIED TARGET CONTACT (combined-unit top)","geo_conf":"Moderate-high","walk_start":"","source_zone_end":""}},{"type":"Feature","geometry":{"type":"Point","coordinates":[-83.6958,37.9079]},"properties":{"menifee_rank":873,"id":4606,"stream":"Unnamed ravine / small hollow, tributary to Leatherwood Fork","quad":"Frenchburg","gq":"GQ-1390","score_geology_only":56.5,"score_original":54.7,"top_pct_geology_only":71.6,"S":0.698,"D":0.518,"E":0.331,"I":0.428,"T":1.0,"R":0.5,"G":0.95,"dist_outline_km":9.2,"contact_class":"VERIFIED TARGET CONTACT (combined-unit top)","geo_conf":"Moderate-high","walk_start":"","source_zone_end":""}},{"type":"Feature","geometry":{"type":"Point","coordinates":[-83.6666,37.9628]},"properties":{"menifee_rank":874,"id":5573,"stream":"Unnamed ravine / small hollow, tributary to Beaver Creek","quad":"Frenchburg","gq":"GQ-1390","score_geology_only":56.4,"score_original":50.9,"top_pct_geology_only":71.6,"S":0.738,"D":0.7,"E":0.15,"I":0.239,"T":1.0,"R":0.3,"G":0.95,"dist_outline_km":15.8,"contact_class":"VERIFIED TARGET CONTACT (combined-unit top)","geo_conf":"Moderate-high","walk_start":"","source_zone_end":""}},{"type":"Feature","geometry":{"type":"Point","coordinates":[-83.7469,37.9092]},"properties":{"menifee_rank":875,"id":1549,"stream":"Unnamed hollow head, tributary to Right Fork Cane Creek","quad":"Frenchburg","gq":"GQ-1390","score_geology_only":56.4,"score_original":54.6,"top_pct_geology_only":71.9,"S":0.574,"D":0.902,"E":0.32,"I":0.202,"T":0.886,"R":0.5,"G":0.95,"dist_outline_km":8.2,"contact_class":"VERIFIED TARGET CONTACT (combined-unit top)","geo_conf":"Moderate-high","walk_start":"","source_zone_end":""}},{"type":"Feature","geometry":{"type":"Point","coordinates":[-83.6442,37.8383]},"properties":{"menifee_rank":876,"id":4088,"stream":"Unnamed hollow head, tributary to Dunkan Branch","quad":"Slade","gq":"GQ-1183","score_geology_only":56.3,"score_original":54.5,"top_pct_geology_only":72.2,"S":1.0,"D":0.013,"E":0.447,"I":0.638,"T":0.812,"R":0.5,"G":0.95,"dist_outline_km":6.3,"contact_class":"VERIFIED TARGET CONTACT (combined-unit top)","geo_conf":"Moderate-high","walk_start":"","source_zone_end":""}},{"type":"Feature","geometry":{"type":"Point","coordinates":[-83.6577,37.8425]},"properties":{"menifee_rank":877,"id":5905,"stream":"Unnamed ravine / small hollow, tributary to Edward Branch","quad":"Slade","gq":"GQ-1183","score_geology_only":56.3,"score_original":54.5,"top_pct_geology_only":72.2,"S":1.0,"D":0.017,"E":0.434,"I":0.634,"T":0.823,"R":0.5,"G":0.95,"dist_outline_km":5.4,"contact_class":"VERIFIED TARGET CONTACT (combined-unit top)","geo_conf":"Moderate-high","walk_start":"","source_zone_end":""}},{"type":"Feature","geometry":{"type":"Point","coordinates":[-83.6922,37.9136]},"properties":{"menifee_rank":878,"id":6833,"stream":"Myers Fork, tributary to Indian Creek","quad":"Frenchburg","gq":"GQ-1390","score_geology_only":56.3,"score_original":54.6,"top_pct_geology_only":72.2,"S":0.646,"D":0.612,"E":0.266,"I":0.424,"T":1.0,"R":0.5,"G":0.95,"dist_outline_km":9.9,"contact_class":"VERIFIED TARGET CONTACT (combined-unit top)","geo_conf":"Moderate-high","walk_start":"","source_zone_end":""}},{"type":"Feature","geometry":{"type":"Point","coordinates":[-83.6048,37.9599]},"properties":{"menifee_rank":879,"id":4230,"stream":"Unnamed hollow head, tributary to Trace Branch","quad":"Scranton","gq":"GQ-1488","score_geology_only":56.3,"score_original":50.7,"top_pct_geology_only":72.3,"S":0.539,"D":0.848,"E":0.131,"I":0.395,"T":0.973,"R":0.3,"G":0.95,"dist_outline_km":18.3,"contact_class":"VERIFIED TARGET CONTACT (combined-unit top)","geo_conf":"Moderate-high","walk_start":"","source_zone_end":""}},{"type":"Feature","geometry":{"type":"Point","coordinates":[-83.7212,37.9322]},"properties":{"menifee_rank":880,"id":1363,"stream":"Unnamed hollow head, tributary to Peter Trace","quad":"Frenchburg","gq":"GQ-1390","score_geology_only":56.3,"score_original":54.5,"top_pct_geology_only":72.4,"S":0.486,"D":0.923,"E":0.133,"I":0.443,"T":0.88,"R":0.5,"G":0.95,"dist_outline_km":11.2,"contact_class":"VERIFIED TARGET CONTACT (combined-unit top)","geo_conf":"Moderate-high","walk_start":"","source_zone_end":""}},{"type":"Feature","geometry":{"type":"Point","coordinates":[-83.6627,37.9334]},"properties":{"menifee_rank":881,"id":2590,"stream":"Unnamed hollow head, tributary to Indian Creek","quad":"Frenchburg","gq":"GQ-1390","score_geology_only":56.3,"score_original":54.5,"top_pct_geology_only":72.4,"S":0.738,"D":0.467,"E":0.403,"I":0.371,"T":1.0,"R":0.5,"G":0.95,"dist_outline_km":13.1,"contact_class":"VERIFIED TARGET CONTACT (combined-unit top)","geo_conf":"Moderate-high","walk_start":"","source_zone_end":""}},{"type":"Feature","geometry":{"type":"Point","coordinates":[-83.5042,37.9698]},"properties":{"menifee_rank":882,"id":943,"stream":"Unnamed hollow head, tributary to Brushy Fork","quad":"Scranton","gq":"GQ-1488","score_geology_only":56.3,"score_original":50.7,"top_pct_geology_only":72.4,"S":1.0,"D":0.186,"E":0.302,"I":0.376,"T":1.0,"R":0.3,"G":0.95,"dist_outline_km":24.8,"contact_class":"VERIFIED TARGET CONTACT (combined-unit top)","geo_conf":"Moderate-high","walk_start":"","source_zone_end":""}},{"type":"Feature","geometry":{"type":"Point","coordinates":[-83.6535,37.8471]},"properties":{"menifee_rank":883,"id":6758,"stream":"Unnamed ravine / small hollow, tributary to Edward Branch","quad":"Slade","gq":"GQ-1183","score_geology_only":56.2,"score_original":54.5,"top_pct_geology_only":72.6,"S":0.627,"D":0.312,"E":0.437,"I":0.738,"T":1.0,"R":0.5,"G":0.95,"dist_outline_km":6.0,"contact_class":"VERIFIED TARGET CONTACT (combined-unit top)","geo_conf":"Moderate-high","walk_start":"","source_zone_end":""}},{"type":"Feature","geometry":{"type":"Point","coordinates":[-83.6795,37.9733]},"properties":{"menifee_rank":884,"id":3066,"stream":"Unnamed hollow head, tributary to Dog Trot Fork","quad":"Frenchburg","gq":"GQ-1390","score_geology_only":56.2,"score_original":50.7,"top_pct_geology_only":72.6,"S":0.63,"D":0.919,"E":0.029,"I":0.195,"T":1.0,"R":0.3,"G":0.95,"dist_outline_km":16.5,"contact_class":"VERIFIED TARGET CONTACT (combined-unit top)","geo_conf":"Moderate-high","walk_start":"","source_zone_end":""}},{"type":"Feature","geometry":{"type":"Point","coordinates":[-83.6124,37.8501]},"properties":{"menifee_rank":885,"id":4839,"stream":"Unnamed ravine / small hollow, tributary to Klaber Branch","quad":"Pomeroyton","gq":"GQ-1184","score_geology_only":56.2,"score_original":54.4,"top_pct_geology_only":72.9,"S":0.92,"D":0.044,"E":0.526,"I":0.543,"T":1.0,"R":0.5,"G":0.95,"dist_outline_km":9.3,"contact_class":"VERIFIED TARGET CONTACT (combined-unit top)","geo_conf":"Moderate-high","walk_start":"","source_zone_end":""}},{"type":"Feature","geometry":{"type":"Point","coordinates":[-83.5444,37.9536]},"properties":{"menifee_rank":886,"id":3201,"stream":"Unnamed hollow head, tributary to Meyers Fork","quad":"Scranton","gq":"GQ-1488","score_geology_only":56.1,"score_original":50.6,"top_pct_geology_only":72.9,"S":0.953,"D":0.24,"E":0.243,"I":0.415,"T":1.0,"R":0.3,"G":0.95,"dist_outline_km":21.0,"contact_class":"VERIFIED TARGET CONTACT (combined-unit top)","geo_conf":"Moderate-high","walk_start":"","source_zone_end":""}},{"type":"Feature","geometry":{"type":"Point","coordinates":[-83.5149,37.9615]},"properties":{"menifee_rank":887,"id":625,"stream":"Unnamed hollow head, tributary to Brushy Fork","quad":"Scranton","gq":"GQ-1488","score_geology_only":56.1,"score_original":50.6,"top_pct_geology_only":73.0,"S":0.912,"D":0.136,"E":0.264,"I":0.606,"T":1.0,"R":0.3,"G":0.95,"dist_outline_km":23.4,"contact_class":"VERIFIED TARGET CONTACT (combined-unit top)","geo_conf":"Moderate-high","walk_start":"","source_zone_end":""}},{"type":"Feature","geometry":{"type":"Point","coordinates":[-83.5887,37.8539]},"properties":{"menifee_rank":888,"id":7071,"stream":"Unnamed branch, tributary to Gladie Creek","quad":"Pomeroyton","gq":"GQ-1184","score_geology_only":56.1,"score_original":54.4,"top_pct_geology_only":73.1,"S":0.808,"D":0.032,"E":0.533,"I":0.738,"T":1.0,"R":0.5,"G":0.95,"dist_outline_km":11.4,"contact_class":"VERIFIED TARGET CONTACT (combined-unit top)","geo_conf":"Moderate-high","walk_start":"","source_zone_end":""}},{"type":"Feature","geometry":{"type":"Point","coordinates":[-83.7196,37.9153]},"properties":{"menifee_rank":889,"id":6172,"stream":"Unnamed ravine / small hollow, tributary to Hawkins Branch","quad":"Frenchburg","gq":"GQ-1390","score_geology_only":56.1,"score_original":54.4,"top_pct_geology_only":73.1,"S":0.644,"D":0.624,"E":0.265,"I":0.4,"T":1.0,"R":0.5,"G":0.95,"dist_outline_km":9.4,"contact_class":"VERIFIED TARGET CONTACT (combined-unit top)","geo_conf":"Moderate-high","walk_start":"","source_zone_end":""}},{"type":"Feature","geometry":{"type":"Point","coordinates":[-83.7432,37.9145]},"properties":{"menifee_rank":890,"id":2818,"stream":"Unnamed hollow head, tributary to Hawkins Branch","quad":"Frenchburg","gq":"GQ-1390","score_geology_only":56.1,"score_original":54.4,"top_pct_geology_only":73.2,"S":0.555,"D":0.961,"E":0.219,"I":0.178,"T":0.927,"R":0.5,"G":0.95,"dist_outline_km":8.9,"contact_class":"VERIFIED TARGET CONTACT (combined-unit top)","geo_conf":"Moderate-high","walk_start":"","source_zone_end":""}},{"type":"Feature","geometry":{"type":"Point","coordinates":[-83.6017,37.8503]},"properties":{"menifee_rank":891,"id":2474,"stream":"Hale Branch, tributary to Gladie Creek","quad":"Pomeroyton","gq":"GQ-1184","score_geology_only":56.1,"score_original":54.3,"top_pct_geology_only":73.3,"S":0.889,"D":0.041,"E":0.529,"I":0.592,"T":1.0,"R":0.5,"G":0.95,"dist_outline_km":10.2,"contact_class":"VERIFIED TARGET CONTACT (combined-unit top)","geo_conf":"Moderate-high","walk_start":"","source_zone_end":""}},{"type":"Feature","geometry":{"type":"Point","coordinates":[-83.692,37.9142]},"properties":{"menifee_rank":892,"id":5978,"stream":"Unnamed ravine / small hollow, tributary to Myers Fork","quad":"Frenchburg","gq":"GQ-1390","score_geology_only":56.0,"score_original":54.3,"top_pct_geology_only":73.4,"S":0.642,"D":0.606,"E":0.254,"I":0.432,"T":1.0,"R":0.5,"G":0.95,"dist_outline_km":10.0,"contact_class":"VERIFIED TARGET CONTACT (combined-unit top)","geo_conf":"Moderate-high","walk_start":"","source_zone_end":""}},{"type":"Feature","geometry":{"type":"Point","coordinates":[-83.6605,37.8514]},"properties":{"menifee_rank":893,"id":6897,"stream":"Unnamed ravine / small hollow, tributary to Edward Branch","quad":"Slade","gq":"GQ-1183","score_geology_only":56.0,"score_original":54.3,"top_pct_geology_only":73.4,"S":0.625,"D":0.311,"E":0.438,"I":0.73,"T":1.0,"R":0.5,"G":0.95,"dist_outline_km":5.7,"contact_class":"VERIFIED TARGET CONTACT (combined-unit top)","geo_conf":"Moderate-high","walk_start":"","source_zone_end":""}},{"type":"Feature","geometry":{"type":"Point","coordinates":[-83.6892,37.9499]},"properties":{"menifee_rank":894,"id":6478,"stream":"Unnamed ravine / small hollow, tributary to Peter Trace","quad":"Frenchburg","gq":"GQ-1390","score_geology_only":56.0,"score_original":54.3,"top_pct_geology_only":73.6,"S":0.577,"D":0.76,"E":0.287,"I":0.309,"T":1.0,"R":0.5,"G":0.95,"dist_outline_km":13.8,"contact_class":"VERIFIED TARGET CONTACT (combined-unit top)","geo_conf":"Moderate-high","walk_start":"","source_zone_end":""}},{"type":"Feature","geometry":{"type":"Point","coordinates":[-83.5062,37.9642]},"properties":{"menifee_rank":895,"id":4851,"stream":"Unnamed ravine / small hollow, tributary to Brushy Fork","quad":"Scranton","gq":"GQ-1488","score_geology_only":56.0,"score_original":50.5,"top_pct_geology_only":73.6,"S":0.984,"D":0.163,"E":0.3,"I":0.418,"T":1.0,"R":0.3,"G":0.95,"dist_outline_km":24.2,"contact_class":"VERIFIED TARGET CONTACT (combined-unit top)","geo_conf":"Moderate-high","walk_start":"","source_zone_end":""}},{"type":"Feature","geometry":{"type":"Point","coordinates":[-83.5972,37.9869]},"properties":{"menifee_rank":896,"id":4372,"stream":"Unnamed hollow head, tributary to Beaver Creek","quad":"Scranton","gq":"GQ-1488","score_geology_only":56.0,"score_original":50.5,"top_pct_geology_only":73.6,"S":0.534,"D":0.964,"E":0.016,"I":0.329,"T":0.94,"R":0.3,"G":0.95,"dist_outline_km":21.2,"contact_class":"VERIFIED TARGET CONTACT (combined-unit top)","geo_conf":"Moderate-high","walk_start":"","source_zone_end":""}},{"type":"Feature","geometry":{"type":"Point","coordinates":[-83.6431,37.8368]},"properties":{"menifee_rank":897,"id":413,"stream":"Unnamed hollow head, tributary to Dunkan Branch","quad":"Slade","gq":"GQ-1183","score_geology_only":55.9,"score_original":54.3,"top_pct_geology_only":73.7,"S":1.0,"D":0.013,"E":0.447,"I":0.649,"T":0.764,"R":0.5,"G":0.95,"dist_outline_km":6.3,"contact_class":"VERIFIED TARGET CONTACT (combined-unit top)","geo_conf":"Moderate-high","walk_start":"","source_zone_end":""}},{"type":"Feature","geometry":{"type":"Point","coordinates":[-83.6899,37.9484]},"properties":{"menifee_rank":898,"id":6273,"stream":"Peter Trace","quad":"Frenchburg","gq":"GQ-1390","score_geology_only":55.9,"score_original":54.2,"top_pct_geology_only":73.8,"S":0.582,"D":0.766,"E":0.297,"I":0.283,"T":1.0,"R":0.5,"G":0.95,"dist_outline_km":13.6,"contact_class":"VERIFIED TARGET CONTACT (combined-unit top)","geo_conf":"Moderate-high","walk_start":"","source_zone_end":""}},{"type":"Feature","geometry":{"type":"Point","coordinates":[-83.6613,37.8477]},"properties":{"menifee_rank":899,"id":95,"stream":"Unnamed hollow head, tributary to Edward Branch","quad":"Slade","gq":"GQ-1183","score_geology_only":55.9,"score_original":54.2,"top_pct_geology_only":73.9,"S":1.0,"D":0.017,"E":0.434,"I":0.552,"T":0.911,"R":0.5,"G":0.95,"dist_outline_km":5.4,"contact_class":"VERIFIED TARGET CONTACT (combined-unit top)","geo_conf":"Moderate-high","walk_start":"","source_zone_end":""}},{"type":"Feature","geometry":{"type":"Point","coordinates":[-83.5356,37.9556]},"properties":{"menifee_rank":900,"id":275,"stream":"Unnamed hollow head, tributary to Meyers Fork","quad":"Scranton","gq":"GQ-1488","score_geology_only":55.8,"score_original":50.4,"top_pct_geology_only":74.0,"S":1.0,"D":0.293,"E":0.236,"I":0.254,"T":1.0,"R":0.3,"G":0.95,"dist_outline_km":21.7,"contact_class":"VERIFIED TARGET CONTACT (combined-unit top)","geo_conf":"Moderate-high","walk_start":"","source_zone_end":""}},{"type":"Feature","geometry":{"type":"Point","coordinates":[-83.6035,37.8467]},"properties":{"menifee_rank":901,"id":3173,"stream":"Unnamed hollow head, tributary to Gladie Creek","quad":"Pomeroyton","gq":"GQ-1184","score_geology_only":55.8,"score_original":54.2,"top_pct_geology_only":74.1,"S":0.944,"D":0.047,"E":0.515,"I":0.489,"T":1.0,"R":0.5,"G":0.95,"dist_outline_km":9.9,"contact_class":"VERIFIED TARGET CONTACT (combined-unit top)","geo_conf":"Moderate-high","walk_start":"","source_zone_end":""}},{"type":"Feature","geometry":{"type":"Point","coordinates":[-83.6552,37.9441]},"properties":{"menifee_rank":902,"id":1163,"stream":"Unnamed hollow head, tributary to Beaver Creek","quad":"Frenchburg","gq":"GQ-1390","score_geology_only":55.8,"score_original":54.1,"top_pct_geology_only":74.2,"S":0.581,"D":0.776,"E":0.244,"I":0.301,"T":1.0,"R":0.5,"G":0.95,"dist_outline_km":14.5,"contact_class":"VERIFIED TARGET CONTACT (combined-unit top)","geo_conf":"Moderate-high","walk_start":"","source_zone_end":""}},{"type":"Feature","geometry":{"type":"Point","coordinates":[-83.6926,37.9141]},"properties":{"menifee_rank":903,"id":6567,"stream":"Myers Fork, tributary to Indian Creek","quad":"Frenchburg","gq":"GQ-1390","score_geology_only":55.8,"score_original":54.2,"top_pct_geology_only":74.2,"S":0.642,"D":0.606,"E":0.254,"I":0.419,"T":1.0,"R":0.5,"G":0.95,"dist_outline_km":10.0,"contact_class":"VERIFIED TARGET CONTACT (combined-unit top)","geo_conf":"Moderate-high","walk_start":"","source_zone_end":""}},{"type":"Feature","geometry":{"type":"Point","coordinates":[-83.5104,37.9671]},"properties":{"menifee_rank":904,"id":386,"stream":"Unnamed hollow head, tributary to Brushy Fork","quad":"Scranton","gq":"GQ-1488","score_geology_only":55.8,"score_original":50.3,"top_pct_geology_only":74.3,"S":0.984,"D":0.163,"E":0.3,"I":0.414,"T":0.992,"R":0.3,"G":0.95,"dist_outline_km":24.2,"contact_class":"VERIFIED TARGET CONTACT (combined-unit top)","geo_conf":"Moderate-high","walk_start":"","source_zone_end":""}},{"type":"Feature","geometry":{"type":"Point","coordinates":[-83.6602,37.8509]},"properties":{"menifee_rank":905,"id":2129,"stream":"Unnamed hollow head, tributary to Edward Branch","quad":"Slade","gq":"GQ-1183","score_geology_only":55.8,"score_original":54.1,"top_pct_geology_only":74.3,"S":0.625,"D":0.311,"E":0.438,"I":0.717,"T":1.0,"R":0.5,"G":0.95,"dist_outline_km":5.7,"contact_class":"VERIFIED TARGET CONTACT (combined-unit top)","geo_conf":"Moderate-high","walk_start":"","source_zone_end":""}},{"type":"Feature","geometry":{"type":"Point","coordinates":[-83.6289,37.8379]},"properties":{"menifee_rank":906,"id":5025,"stream":"Unnamed ravine / small hollow, tributary to Wolfpen Creek","quad":"Slade","gq":"GQ-1183","score_geology_only":55.8,"score_original":54.1,"top_pct_geology_only":74.4,"S":0.754,"D":0.283,"E":0.481,"I":0.51,"T":1.0,"R":0.5,"G":0.95,"dist_outline_km":7.5,"contact_class":"VERIFIED TARGET CONTACT (combined-unit top)","geo_conf":"Moderate-high","walk_start":"","source_zone_end":""}},{"type":"Feature","geometry":{"type":"Point","coordinates":[-83.6549,37.9444]},"properties":{"menifee_rank":907,"id":2339,"stream":"Unnamed hollow head, tributary to Beaver Creek","quad":"Frenchburg","gq":"GQ-1390","score_geology_only":55.8,"score_original":54.1,"top_pct_geology_only":74.4,"S":0.581,"D":0.776,"E":0.244,"I":0.299,"T":1.0,"R":0.5,"G":0.95,"dist_outline_km":14.5,"contact_class":"VERIFIED TARGET CONTACT (combined-unit top)","geo_conf":"Moderate-high","walk_start":"","source_zone_end":""}},{"type":"Feature","geometry":{"type":"Point","coordinates":[-83.5493,37.951]},"properties":{"menifee_rank":908,"id":2255,"stream":"Unnamed hollow head, tributary to Meyers Fork","quad":"Scranton","gq":"GQ-1488","score_geology_only":55.7,"score_original":50.3,"top_pct_geology_only":74.5,"S":0.89,"D":0.209,"E":0.227,"I":0.549,"T":1.0,"R":0.3,"G":0.95,"dist_outline_km":20.5,"contact_class":"VERIFIED TARGET CONTACT (combined-unit top)","geo_conf":"Moderate-high","walk_start":"","source_zone_end":""}},{"type":"Feature","geometry":{"type":"Point","coordinates":[-83.5672,37.9597]},"properties":{"menifee_rank":909,"id":5470,"stream":"Hog Branch, tributary to Beaver Creek","quad":"Scranton","gq":"GQ-1488","score_geology_only":55.7,"score_original":50.3,"top_pct_geology_only":74.7,"S":0.535,"D":0.731,"E":0.147,"I":0.496,"T":1.0,"R":0.3,"G":0.95,"dist_outline_km":20.2,"contact_class":"VERIFIED TARGET CONTACT (combined-unit top)","geo_conf":"Moderate-high","walk_start":"","source_zone_end":""}},{"type":"Feature","geometry":{"type":"Point","coordinates":[-83.5477,37.9515]},"properties":{"menifee_rank":910,"id":946,"stream":"Unnamed hollow head, tributary to Meyers Fork","quad":"Scranton","gq":"GQ-1488","score_geology_only":55.7,"score_original":50.2,"top_pct_geology_only":74.8,"S":0.895,"D":0.212,"E":0.229,"I":0.531,"T":1.0,"R":0.3,"G":0.95,"dist_outline_km":20.6,"contact_class":"VERIFIED TARGET CONTACT (combined-unit top)","geo_conf":"Moderate-high","walk_start":"","source_zone_end":""}},{"type":"Feature","geometry":{"type":"Point","coordinates":[-83.6297,37.9039]},"properties":{"menifee_rank":911,"id":6969,"stream":"Unnamed branch, tributary to East Fork Indian Creek","quad":"Frenchburg","gq":"GQ-1390","score_geology_only":55.6,"score_original":54.0,"top_pct_geology_only":75.0,"S":0.772,"D":0.129,"E":0.496,"I":0.666,"T":1.0,"R":0.5,"G":0.95,"dist_outline_km":11.9,"contact_class":"VERIFIED TARGET CONTACT (combined-unit top)","geo_conf":"Moderate-high","walk_start":"","source_zone_end":""}},{"type":"Feature","geometry":{"type":"Point","coordinates":[-83.6106,37.8408]},"properties":{"menifee_rank":912,"id":5250,"stream":"Unnamed ravine / small hollow, tributary to Sargent Branch","quad":"Pomeroyton","gq":"GQ-1184","score_geology_only":55.6,"score_original":53.9,"top_pct_geology_only":75.2,"S":0.957,"D":0.049,"E":0.508,"I":0.454,"T":1.0,"R":0.5,"G":0.95,"dist_outline_km":9.1,"contact_class":"VERIFIED TARGET CONTACT (combined-unit top)","geo_conf":"Moderate-high","walk_start":"","source_zone_end":""}},{"type":"Feature","geometry":{"type":"Point","coordinates":[-83.6288,37.8377]},"properties":{"menifee_rank":913,"id":1741,"stream":"Unnamed hollow head, tributary to Wolfpen Creek","quad":"Slade","gq":"GQ-1183","score_geology_only":55.5,"score_original":53.9,"top_pct_geology_only":75.3,"S":0.753,"D":0.282,"E":0.482,"I":0.499,"T":1.0,"R":0.5,"G":0.95,"dist_outline_km":7.5,"contact_class":"VERIFIED TARGET CONTACT (combined-unit top)","geo_conf":"Moderate-high","walk_start":"","source_zone_end":""}},{"type":"Feature","geometry":{"type":"Point","coordinates":[-83.6939,37.9848]},"properties":{"menifee_rank":914,"id":1636,"stream":"Unnamed hollow head, tributary to Steels Branch","quad":"Frenchburg","gq":"GQ-1390","score_geology_only":55.5,"score_original":50.1,"top_pct_geology_only":75.5,"S":0.623,"D":0.89,"E":0.037,"I":0.254,"T":0.917,"R":0.3,"G":0.95,"dist_outline_km":17.4,"contact_class":"VERIFIED TARGET CONTACT (combined-unit top)","geo_conf":"Moderate-high","walk_start":"","source_zone_end":""}},{"type":"Feature","geometry":{"type":"Point","coordinates":[-83.517,37.983]},"properties":{"menifee_rank":915,"id":3958,"stream":"Unnamed hollow head","quad":"Scranton","gq":"GQ-1488","score_geology_only":55.5,"score_original":50.1,"top_pct_geology_only":75.5,"S":1.0,"D":0.354,"E":0.17,"I":0.552,"T":0.466,"R":0.3,"G":0.95,"dist_outline_km":25.0,"contact_class":"VERIFIED TARGET CONTACT (combined-unit top)","geo_conf":"Moderate-high","walk_start":"","source_zone_end":""}},{"type":"Feature","geometry":{"type":"Point","coordinates":[-83.5408,37.9496]},"properties":{"menifee_rank":916,"id":3463,"stream":"Unnamed hollow head, tributary to Meyers Fork","quad":"Scranton","gq":"GQ-1488","score_geology_only":55.5,"score_original":50.1,"top_pct_geology_only":75.6,"S":0.953,"D":0.24,"E":0.243,"I":0.377,"T":1.0,"R":0.3,"G":0.95,"dist_outline_km":20.9,"contact_class":"VERIFIED TARGET CONTACT (combined-unit top)","geo_conf":"Moderate-high","walk_start":"","source_zone_end":""}},{"type":"Feature","geometry":{"type":"Point","coordinates":[-83.6928,37.9224]},"properties":{"menifee_rank":917,"id":5067,"stream":"Unnamed ravine / small hollow, tributary to Puncheon Camp Branch","quad":"Frenchburg","gq":"GQ-1390","score_geology_only":55.4,"score_original":53.8,"top_pct_geology_only":75.9,"S":0.638,"D":0.601,"E":0.25,"I":0.41,"T":1.0,"R":0.5,"G":0.95,"dist_outline_km":10.8,"contact_class":"VERIFIED TARGET CONTACT (combined-unit top)","geo_conf":"Moderate-high","walk_start":"","source_zone_end":""}},{"type":"Feature","geometry":{"type":"Point","coordinates":[-83.6569,37.9308]},"properties":{"menifee_rank":918,"id":6628,"stream":"Unnamed ravine / small hollow, tributary to Indian Creek","quad":"Frenchburg","gq":"GQ-1390","score_geology_only":55.3,"score_original":53.8,"top_pct_geology_only":76.0,"S":0.593,"D":0.426,"E":0.379,"I":0.631,"T":1.0,"R":0.5,"G":0.95,"dist_outline_km":13.1,"contact_class":"VERIFIED TARGET CONTACT (combined-unit top)","geo_conf":"Moderate-high","walk_start":"","source_zone_end":""}},{"type":"Feature","geometry":{"type":"Point","coordinates":[-83.568,37.9586]},"properties":{"menifee_rank":919,"id":6801,"stream":"Hog Branch, tributary to Beaver Creek","quad":"Scranton","gq":"GQ-1488","score_geology_only":55.3,"score_original":49.9,"top_pct_geology_only":76.0,"S":0.528,"D":0.718,"E":0.145,"I":0.505,"T":1.0,"R":0.3,"G":0.95,"dist_outline_km":20.0,"contact_class":"VERIFIED TARGET CONTACT (combined-unit top)","geo_conf":"Moderate-high","walk_start":"","source_zone_end":""}},{"type":"Feature","geometry":{"type":"Point","coordinates":[-83.6568,37.9313]},"properties":{"menifee_rank":920,"id":2259,"stream":"Unnamed hollow head, tributary to Indian Creek","quad":"Frenchburg","gq":"GQ-1390","score_geology_only":55.3,"score_original":53.8,"top_pct_geology_only":76.1,"S":0.597,"D":0.432,"E":0.373,"I":0.619,"T":1.0,"R":0.5,"G":0.95,"dist_outline_km":13.2,"contact_class":"VERIFIED TARGET CONTACT (combined-unit top)","geo_conf":"Moderate-high","walk_start":"","source_zone_end":""}},{"type":"Feature","geometry":{"type":"Point","coordinates":[-83.6391,37.9069]},"properties":{"menifee_rank":921,"id":4517,"stream":"Big Amos Creek, tributary to East Fork Indian Creek","quad":"Frenchburg","gq":"GQ-1390","score_geology_only":55.3,"score_original":53.7,"top_pct_geology_only":76.3,"S":0.701,"D":0.208,"E":0.578,"I":0.605,"T":1.0,"R":0.5,"G":0.95,"dist_outline_km":11.7,"contact_class":"VERIFIED TARGET CONTACT (combined-unit top)","geo_conf":"Moderate-high","walk_start":"","source_zone_end":""}},{"type":"Feature","geometry":{"type":"Point","coordinates":[-83.6328,37.9028]},"properties":{"menifee_rank":922,"id":6697,"stream":"Unnamed ravine / small hollow, tributary to East Fork Indian Creek","quad":"Frenchburg","gq":"GQ-1390","score_geology_only":55.2,"score_original":53.7,"top_pct_geology_only":76.5,"S":0.787,"D":0.136,"E":0.503,"I":0.604,"T":1.0,"R":0.5,"G":0.95,"dist_outline_km":11.6,"contact_class":"VERIFIED TARGET CONTACT (combined-unit top)","geo_conf":"Moderate-high","walk_start":"","source_zone_end":""}},{"type":"Feature","geometry":{"type":"Point","coordinates":[-83.5466,37.9535]},"properties":{"menifee_rank":923,"id":5486,"stream":"Unnamed ravine / small hollow, tributary to Meyers Fork","quad":"Scranton","gq":"GQ-1488","score_geology_only":55.2,"score_original":49.8,"top_pct_geology_only":76.6,"S":0.9,"D":0.215,"E":0.229,"I":0.492,"T":1.0,"R":0.3,"G":0.95,"dist_outline_km":20.8,"contact_class":"VERIFIED TARGET CONTACT (combined-unit top)","geo_conf":"Moderate-high","walk_start":"","source_zone_end":""}},{"type":"Feature","geometry":{"type":"Point","coordinates":[-83.5991,37.9854]},"properties":{"menifee_rank":924,"id":1356,"stream":"Unnamed hollow head, tributary to Beaver Creek","quad":"Scranton","gq":"GQ-1488","score_geology_only":55.2,"score_original":49.8,"top_pct_geology_only":76.7,"S":0.534,"D":0.965,"E":0.016,"I":0.296,"T":0.92,"R":0.3,"G":0.95,"dist_outline_km":21.0,"contact_class":"VERIFIED TARGET CONTACT (combined-unit top)","geo_conf":"Moderate-high","walk_start":"","source_zone_end":""}},{"type":"Feature","geometry":{"type":"Point","coordinates":[-83.5697,37.9826]},"properties":{"menifee_rank":925,"id":3622,"stream":"Unnamed hollow head, tributary to Beaver Creek","quad":"Scranton","gq":"GQ-1488","score_geology_only":55.1,"score_original":49.8,"top_pct_geology_only":76.7,"S":0.377,"D":0.936,"E":0.139,"I":0.518,"T":0.913,"R":0.3,"G":0.95,"dist_outline_km":22.1,"contact_class":"VERIFIED TARGET CONTACT (combined-unit top)","geo_conf":"Moderate-high","walk_start":"","source_zone_end":""}},{"type":"Feature","geometry":{"type":"Point","coordinates":[-83.6418,37.9112]},"properties":{"menifee_rank":926,"id":7233,"stream":"Unnamed branch, tributary to Big Amos Creek","quad":"Frenchburg","gq":"GQ-1390","score_geology_only":55.1,"score_original":53.6,"top_pct_geology_only":76.8,"S":0.655,"D":0.18,"E":0.601,"I":0.696,"T":1.0,"R":0.5,"G":0.95,"dist_outline_km":12.0,"contact_class":"VERIFIED TARGET CONTACT (combined-unit top)","geo_conf":"Moderate-high","walk_start":"","source_zone_end":""}},{"type":"Feature","geometry":{"type":"Point","coordinates":[-83.5408,37.9494]},"properties":{"menifee_rank":927,"id":2042,"stream":"Unnamed hollow head, tributary to Meyers Fork","quad":"Scranton","gq":"GQ-1488","score_geology_only":55.1,"score_original":49.8,"top_pct_geology_only":77.0,"S":0.953,"D":0.24,"E":0.243,"I":0.355,"T":1.0,"R":0.3,"G":0.95,"dist_outline_km":20.9,"contact_class":"VERIFIED TARGET CONTACT (combined-unit top)","geo_conf":"Moderate-high","walk_start":"","source_zone_end":""}},{"type":"Feature","geometry":{"type":"Point","coordinates":[-83.6097,37.944]},"properties":{"menifee_rank":928,"id":4117,"stream":"Unnamed hollow head, tributary to Tolan Creek","quad":"Scranton","gq":"GQ-1488","score_geology_only":55.0,"score_original":49.7,"top_pct_geology_only":77.5,"S":0.642,"D":0.559,"E":0.183,"I":0.483,"T":1.0,"R":0.3,"G":0.95,"dist_outline_km":16.6,"contact_class":"VERIFIED TARGET CONTACT (combined-unit top)","geo_conf":"Moderate-high","walk_start":"","source_zone_end":""}},{"type":"Feature","geometry":{"type":"Point","coordinates":[-83.5986,37.8479]},"properties":{"menifee_rank":929,"id":4296,"stream":"Unnamed hollow head, tributary to Gladie Creek","quad":"Pomeroyton","gq":"GQ-1184","score_geology_only":55.0,"score_original":53.5,"top_pct_geology_only":77.6,"S":0.92,"D":0.044,"E":0.526,"I":0.477,"T":1.0,"R":0.5,"G":0.95,"dist_outline_km":10.4,"contact_class":"VERIFIED TARGET CONTACT (combined-unit top)","geo_conf":"Moderate-high","walk_start":"","source_zone_end":""}},{"type":"Feature","geometry":{"type":"Point","coordinates":[-83.641,37.9076]},"properties":{"menifee_rank":930,"id":5753,"stream":"Unnamed ravine / small hollow, tributary to Big Amos Creek","quad":"Frenchburg","gq":"GQ-1390","score_geology_only":55.0,"score_original":53.5,"top_pct_geology_only":77.6,"S":0.7,"D":0.207,"E":0.577,"I":0.592,"T":1.0,"R":0.5,"G":0.95,"dist_outline_km":11.7,"contact_class":"VERIFIED TARGET CONTACT (combined-unit top)","geo_conf":"Moderate-high","walk_start":"","source_zone_end":""}},{"type":"Feature","geometry":{"type":"Point","coordinates":[-83.6604,37.9347]},"properties":{"menifee_rank":931,"id":3518,"stream":"Unnamed hollow head, tributary to Indian Creek","quad":"Frenchburg","gq":"GQ-1390","score_geology_only":54.9,"score_original":53.4,"top_pct_geology_only":77.7,"S":0.718,"D":0.455,"E":0.401,"I":0.347,"T":1.0,"R":0.5,"G":0.95,"dist_outline_km":13.3,"contact_class":"VERIFIED TARGET CONTACT (combined-unit top)","geo_conf":"Moderate-high","walk_start":"","source_zone_end":""}},{"type":"Feature","geometry":{"type":"Point","coordinates":[-83.7207,37.9146]},"properties":{"menifee_rank":932,"id":1166,"stream":"Unnamed hollow head, tributary to Hawkins Branch","quad":"Frenchburg","gq":"GQ-1390","score_geology_only":54.9,"score_original":53.4,"top_pct_geology_only":77.8,"S":0.647,"D":0.628,"E":0.263,"I":0.326,"T":1.0,"R":0.5,"G":0.95,"dist_outline_km":9.3,"contact_class":"VERIFIED TARGET CONTACT (combined-unit top)","geo_conf":"Moderate-high","walk_start":"","source_zone_end":""}},{"type":"Feature","geometry":{"type":"Point","coordinates":[-83.5705,37.9823]},"properties":{"menifee_rank":933,"id":3236,"stream":"Unnamed hollow head, tributary to Beaver Creek","quad":"Scranton","gq":"GQ-1488","score_geology_only":54.9,"score_original":49.6,"top_pct_geology_only":78.0,"S":0.377,"D":0.936,"E":0.139,"I":0.5,"T":0.919,"R":0.3,"G":0.95,"dist_outline_km":22.0,"contact_class":"VERIFIED TARGET CONTACT (combined-unit top)","geo_conf":"Moderate-high","walk_start":"","source_zone_end":""}},{"type":"Feature","geometry":{"type":"Point","coordinates":[-83.6274,37.8441]},"properties":{"menifee_rank":934,"id":6410,"stream":"Unnamed ravine / small hollow, tributary to Wolfpen Creek","quad":"Slade","gq":"GQ-1183","score_geology_only":54.9,"score_original":53.4,"top_pct_geology_only":78.0,"S":0.69,"D":0.24,"E":0.492,"I":0.617,"T":1.0,"R":0.5,"G":0.95,"dist_outline_km":7.9,"contact_class":"VERIFIED TARGET CONTACT (combined-unit top)","geo_conf":"Moderate-high","walk_start":"","source_zone_end":""}},{"type":"Feature","geometry":{"type":"Point","coordinates":[-83.5456,37.9516]},"properties":{"menifee_rank":935,"id":4817,"stream":"Unnamed ravine / small hollow, tributary to Meyers Fork","quad":"Scranton","gq":"GQ-1488","score_geology_only":54.9,"score_original":49.6,"top_pct_geology_only":78.0,"S":0.902,"D":0.216,"E":0.23,"I":0.47,"T":1.0,"R":0.3,"G":0.95,"dist_outline_km":20.7,"contact_class":"VERIFIED TARGET CONTACT (combined-unit top)","geo_conf":"Moderate-high","walk_start":"","source_zone_end":""}},{"type":"Feature","geometry":{"type":"Point","coordinates":[-83.6069,37.8357]},"properties":{"menifee_rank":936,"id":4533,"stream":"Unnamed ravine / small hollow, tributary to Gladie Creek","quad":"Pomeroyton","gq":"GQ-1184","score_geology_only":54.9,"score_original":53.4,"top_pct_geology_only":78.1,"S":1.0,"D":0.006,"E":0.435,"I":0.488,"T":0.942,"R":0.5,"G":0.95,"dist_outline_km":9.2,"contact_class":"VERIFIED TARGET CONTACT (combined-unit top)","geo_conf":"Moderate-high","walk_start":"","source_zone_end":""}},{"type":"Feature","geometry":{"type":"Point","coordinates":[-83.6605,37.932]},"properties":{"menifee_rank":937,"id":4203,"stream":"Unnamed hollow head, tributary to Indian Creek","quad":"Frenchburg","gq":"GQ-1390","score_geology_only":54.9,"score_original":53.4,"top_pct_geology_only":78.2,"S":0.725,"D":0.463,"E":0.4,"I":0.321,"T":1.0,"R":0.5,"G":0.95,"dist_outline_km":13.1,"contact_class":"VERIFIED TARGET CONTACT (combined-unit top)","geo_conf":"Moderate-high","walk_start":"","source_zone_end":""}},{"type":"Feature","geometry":{"type":"Point","coordinates":[-83.6758,37.9798]},"properties":{"menifee_rank":938,"id":2037,"stream":"Unnamed hollow head, tributary to Salt Lick Creek","quad":"Frenchburg","gq":"GQ-1390","score_geology_only":54.9,"score_original":49.6,"top_pct_geology_only":78.3,"S":0.513,"D":0.978,"E":0.102,"I":0.325,"T":0.792,"R":0.3,"G":0.95,"dist_outline_km":17.3,"contact_class":"VERIFIED TARGET CONTACT (combined-unit top)","geo_conf":"Moderate-high","walk_start":"","source_zone_end":""}},{"type":"Feature","geometry":{"type":"Point","coordinates":[-83.6089,37.9456]},"properties":{"menifee_rank":939,"id":840,"stream":"Unnamed hollow head, tributary to Tolan Creek","quad":"Scranton","gq":"GQ-1488","score_geology_only":54.8,"score_original":49.6,"top_pct_geology_only":78.3,"S":0.655,"D":0.58,"E":0.185,"I":0.424,"T":1.0,"R":0.3,"G":0.95,"dist_outline_km":16.7,"contact_class":"VERIFIED TARGET CONTACT (combined-unit top)","geo_conf":"Moderate-high","walk_start":"","source_zone_end":""}},{"type":"Feature","geometry":{"type":"Point","coordinates":[-83.6723,37.9599]},"properties":{"menifee_rank":940,"id":3200,"stream":"Unnamed hollow head, tributary to Beaver Creek","quad":"Frenchburg","gq":"GQ-1390","score_geology_only":54.8,"score_original":49.5,"top_pct_geology_only":78.5,"S":0.616,"D":0.8,"E":0.088,"I":0.256,"T":1.0,"R":0.3,"G":0.95,"dist_outline_km":15.4,"contact_class":"VERIFIED TARGET CONTACT (combined-unit top)","geo_conf":"Moderate-high","walk_start":"","source_zone_end":""}},{"type":"Feature","geometry":{"type":"Point","coordinates":[-83.5149,37.9544]},"properties":{"menifee_rank":941,"id":6717,"stream":"Unnamed ravine / small hollow, tributary to Brushy Fork","quad":"Scranton","gq":"GQ-1488","score_geology_only":54.7,"score_original":49.5,"top_pct_geology_only":78.6,"S":0.868,"D":0.118,"E":0.261,"I":0.629,"T":1.0,"R":0.3,"G":0.95,"dist_outline_km":22.9,"contact_class":"VERIFIED TARGET CONTACT (combined-unit top)","geo_conf":"Moderate-high","walk_start":"","source_zone_end":""}},{"type":"Feature","geometry":{"type":"Point","coordinates":[-83.6552,37.8503]},"properties":{"menifee_rank":942,"id":1818,"stream":"Unnamed hollow head, tributary to Edward Branch","quad":"Slade","gq":"GQ-1183","score_geology_only":54.7,"score_original":53.3,"top_pct_geology_only":78.6,"S":0.625,"D":0.311,"E":0.438,"I":0.662,"T":0.994,"R":0.5,"G":0.95,"dist_outline_km":6.0,"contact_class":"VERIFIED TARGET CONTACT (combined-unit top)","geo_conf":"Moderate-high","walk_start":"","source_zone_end":""}},{"type":"Feature","geometry":{"type":"Point","coordinates":[-83.6866,37.9636]},"properties":{"menifee_rank":943,"id":5410,"stream":"Unnamed ravine / small hollow, tributary to Bull Fork","quad":"Frenchburg","gq":"GQ-1390","score_geology_only":54.7,"score_original":49.4,"top_pct_geology_only":78.9,"S":0.623,"D":0.677,"E":0.142,"I":0.367,"T":1.0,"R":0.3,"G":0.95,"dist_outline_km":15.3,"contact_class":"VERIFIED TARGET CONTACT (combined-unit top)","geo_conf":"Moderate-high","walk_start":"","source_zone_end":""}},{"type":"Feature","geometry":{"type":"Point","coordinates":[-83.5395,37.9548]},"properties":{"menifee_rank":944,"id":2864,"stream":"Unnamed hollow head, tributary to Meyers Fork","quad":"Scranton","gq":"GQ-1488","score_geology_only":54.6,"score_original":49.4,"top_pct_geology_only":79.0,"S":0.981,"D":0.259,"E":0.245,"I":0.256,"T":1.0,"R":0.3,"G":0.95,"dist_outline_km":21.4,"contact_class":"VERIFIED TARGET CONTACT (combined-unit top)","geo_conf":"Moderate-high","walk_start":"","source_zone_end":""}},{"type":"Feature","geometry":{"type":"Point","coordinates":[-83.6834,37.9591]},"properties":{"menifee_rank":945,"id":6105,"stream":"Unnamed ravine / small hollow, tributary to Bull Fork","quad":"Frenchburg","gq":"GQ-1390","score_geology_only":54.6,"score_original":53.2,"top_pct_geology_only":79.1,"S":0.623,"D":0.678,"E":0.142,"I":0.361,"T":1.0,"R":0.5,"G":0.95,"dist_outline_km":14.9,"contact_class":"VERIFIED TARGET CONTACT (combined-unit top)","geo_conf":"Moderate-high","walk_start":"","source_zone_end":""}},{"type":"Feature","geometry":{"type":"Point","coordinates":[-83.637,37.9637]},"properties":{"menifee_rank":946,"id":5322,"stream":"Unnamed ravine / small hollow, tributary to Ponder Branch","quad":"Frenchburg","gq":"GQ-1390","score_geology_only":54.6,"score_original":49.4,"top_pct_geology_only":79.1,"S":0.574,"D":0.796,"E":0.009,"I":0.374,"T":1.0,"R":0.3,"G":0.95,"dist_outline_km":17.2,"contact_class":"VERIFIED TARGET CONTACT (combined-unit top)","geo_conf":"Moderate-high","walk_start":"","source_zone_end":""}},{"type":"Feature","geometry":{"type":"Point","coordinates":[-83.5064,37.9581]},"properties":{"menifee_rank":947,"id":5933,"stream":"Unnamed ravine / small hollow, tributary to Brushy Fork","quad":"Scranton","gq":"GQ-1488","score_geology_only":54.5,"score_original":49.3,"top_pct_geology_only":79.3,"S":0.896,"D":0.129,"E":0.264,"I":0.554,"T":1.0,"R":0.3,"G":0.95,"dist_outline_km":23.8,"contact_class":"VERIFIED TARGET CONTACT (combined-unit top)","geo_conf":"Moderate-high","walk_start":"","source_zone_end":""}},{"type":"Feature","geometry":{"type":"Point","coordinates":[-83.63,37.8809]},"properties":{"menifee_rank":948,"id":6972,"stream":"Unnamed branch, tributary to Little East Fork","quad":"Frenchburg","gq":"GQ-1390","score_geology_only":54.5,"score_original":53.1,"top_pct_geology_only":79.3,"S":0.582,"D":0.29,"E":0.581,"I":0.649,"T":1.0,"R":0.5,"G":0.95,"dist_outline_km":9.9,"contact_class":"VERIFIED TARGET CONTACT (combined-unit top)","geo_conf":"Moderate-high","walk_start":"","source_zone_end":""}},{"type":"Feature","geometry":{"type":"Point","coordinates":[-83.6323,37.8382]},"properties":{"menifee_rank":949,"id":5968,"stream":"Unnamed ravine / small hollow, tributary to Wolfpen Creek","quad":"Slade","gq":"GQ-1183","score_geology_only":54.5,"score_original":53.1,"top_pct_geology_only":79.4,"S":0.741,"D":0.272,"E":0.477,"I":0.477,"T":1.0,"R":0.5,"G":0.95,"dist_outline_km":7.2,"contact_class":"VERIFIED TARGET CONTACT (combined-unit top)","geo_conf":"Moderate-high","walk_start":"","source_zone_end":""}},{"type":"Feature","geometry":{"type":"Point","coordinates":[-83.6005,37.8619]},"properties":{"menifee_rank":950,"id":6286,"stream":"Unnamed ravine / small hollow, tributary to Salt Fork","quad":"Pomeroyton","gq":"GQ-1184","score_geology_only":54.5,"score_original":53.1,"top_pct_geology_only":79.4,"S":0.794,"D":0.03,"E":0.528,"I":0.677,"T":1.0,"R":0.5,"G":0.95,"dist_outline_km":10.8,"contact_class":"VERIFIED TARGET CONTACT (combined-unit top)","geo_conf":"Moderate-high","walk_start":"","source_zone_end":""}},{"type":"Feature","geometry":{"type":"Point","coordinates":[-83.6059,37.8412]},"properties":{"menifee_rank":951,"id":1075,"stream":"Unnamed hollow head, tributary to Gladie Creek","quad":"Pomeroyton","gq":"GQ-1184","score_geology_only":54.5,"score_original":53.1,"top_pct_geology_only":79.5,"S":1.0,"D":0.006,"E":0.435,"I":0.426,"T":1.0,"R":0.5,"G":0.95,"dist_outline_km":9.5,"contact_class":"VERIFIED TARGET CONTACT (combined-unit top)","geo_conf":"Moderate-high","walk_start":"","source_zone_end":""}},{"type":"Feature","geometry":{"type":"Point","coordinates":[-83.6544,37.8464]},"properties":{"menifee_rank":952,"id":4925,"stream":"Unnamed ravine / small hollow, tributary to Edward Branch","quad":"Slade","gq":"GQ-1183","score_geology_only":54.5,"score_original":53.1,"top_pct_geology_only":79.5,"S":0.627,"D":0.312,"E":0.437,"I":0.638,"T":1.0,"R":0.5,"G":0.95,"dist_outline_km":5.9,"contact_class":"VERIFIED TARGET CONTACT (combined-unit top)","geo_conf":"Moderate-high","walk_start":"","source_zone_end":""}},{"type":"Feature","geometry":{"type":"Point","coordinates":[-83.672,37.9758]},"properties":{"menifee_rank":953,"id":2536,"stream":"Unnamed hollow head, tributary to Salt Lick Creek","quad":"Frenchburg","gq":"GQ-1390","score_geology_only":54.5,"score_original":49.3,"top_pct_geology_only":79.5,"S":0.513,"D":0.948,"E":0.102,"I":0.338,"T":0.798,"R":0.3,"G":0.95,"dist_outline_km":17.0,"contact_class":"VERIFIED TARGET CONTACT (combined-unit top)","geo_conf":"Moderate-high","walk_start":"","source_zone_end":""}},{"type":"Feature","geometry":{"type":"Point","coordinates":[-83.6122,37.9815]},"properties":{"menifee_rank":954,"id":3428,"stream":"Unnamed hollow head, tributary to Beaver Creek","quad":"Scranton","gq":"GQ-1488","score_geology_only":54.4,"score_original":49.3,"top_pct_geology_only":79.5,"S":0.494,"D":0.939,"E":0.07,"I":0.338,"T":0.895,"R":0.3,"G":0.95,"dist_outline_km":20.0,"contact_class":"VERIFIED TARGET CONTACT (combined-unit top)","geo_conf":"Moderate-high","walk_start":"","source_zone_end":""}},{"type":"Feature","geometry":{"type":"Point","coordinates":[-83.5983,37.8542]},"properties":{"menifee_rank":955,"id":3315,"stream":"Unnamed hollow head, tributary to Gladie Creek","quad":"Pomeroyton","gq":"GQ-1184","score_geology_only":54.4,"score_original":53.0,"top_pct_geology_only":79.6,"S":0.871,"D":0.039,"E":0.533,"I":0.53,"T":1.0,"R":0.5,"G":0.95,"dist_outline_km":10.7,"contact_class":"VERIFIED TARGET CONTACT (combined-unit top)","geo_conf":"Moderate-high","walk_start":"","source_zone_end":""}},{"type":"Feature","geometry":{"type":"Point","coordinates":[-83.6701,37.9617]},"properties":{"menifee_rank":956,"id":2335,"stream":"Unnamed hollow head, tributary to Beaver Creek","quad":"Frenchburg","gq":"GQ-1390","score_geology_only":54.4,"score_original":49.3,"top_pct_geology_only":79.6,"S":0.619,"D":0.804,"E":0.086,"I":0.228,"T":1.0,"R":0.3,"G":0.95,"dist_outline_km":15.6,"contact_class":"VERIFIED TARGET CONTACT (combined-unit top)","geo_conf":"Moderate-high","walk_start":"","source_zone_end":""}},{"type":"Feature","geometry":{"type":"Point","coordinates":[-83.6057,37.8414]},"properties":{"menifee_rank":957,"id":1820,"stream":"Unnamed hollow head, tributary to Gladie Creek","quad":"Pomeroyton","gq":"GQ-1184","score_geology_only":54.4,"score_original":53.0,"top_pct_geology_only":79.7,"S":1.0,"D":0.006,"E":0.435,"I":0.422,"T":1.0,"R":0.5,"G":0.95,"dist_outline_km":9.5,"contact_class":"VERIFIED TARGET CONTACT (combined-unit top)","geo_conf":"Moderate-high","walk_start":"","source_zone_end":""}},{"type":"Feature","geometry":{"type":"Point","coordinates":[-83.5066,37.9576]},"properties":{"menifee_rank":958,"id":3035,"stream":"Unnamed hollow head, tributary to Brushy Fork","quad":"Scranton","gq":"GQ-1488","score_geology_only":54.4,"score_original":49.2,"top_pct_geology_only":79.7,"S":0.897,"D":0.13,"E":0.264,"I":0.542,"T":1.0,"R":0.3,"G":0.95,"dist_outline_km":23.7,"contact_class":"VERIFIED TARGET CONTACT (combined-unit top)","geo_conf":"Moderate-high","walk_start":"","source_zone_end":""}},{"type":"Feature","geometry":{"type":"Point","coordinates":[-83.7346,37.9389]},"properties":{"menifee_rank":959,"id":632,"stream":"Unnamed hollow head, tributary to Slate Creek","quad":"Frenchburg","gq":"GQ-1390","score_geology_only":54.4,"score_original":53.0,"top_pct_geology_only":79.8,"S":0.369,"D":0.949,"E":0.175,"I":0.515,"T":0.81,"R":0.5,"G":0.95,"dist_outline_km":11.7,"contact_class":"VERIFIED TARGET CONTACT (combined-unit top)","geo_conf":"Moderate-high","walk_start":"","source_zone_end":""}},{"type":"Feature","geometry":{"type":"Point","coordinates":[-83.5795,37.9481]},"properties":{"menifee_rank":960,"id":3961,"stream":"Unnamed hollow head, tributary to Clifton Creek","quad":"Scranton","gq":"GQ-1488","score_geology_only":54.4,"score_original":49.2,"top_pct_geology_only":79.9,"S":0.785,"D":0.278,"E":0.312,"I":0.498,"T":1.0,"R":0.3,"G":0.95,"dist_outline_km":18.5,"contact_class":"VERIFIED TARGET CONTACT (combined-unit top)","geo_conf":"Moderate-high","walk_start":"","source_zone_end":""}},{"type":"Feature","geometry":{"type":"Point","coordinates":[-83.5987,37.8594]},"properties":{"menifee_rank":961,"id":5815,"stream":"Unnamed ravine / small hollow, tributary to Salt Fork","quad":"Pomeroyton","gq":"GQ-1184","score_geology_only":54.3,"score_original":53.0,"top_pct_geology_only":79.9,"S":0.823,"D":0.033,"E":0.537,"I":0.61,"T":1.0,"R":0.5,"G":0.95,"dist_outline_km":10.9,"contact_class":"VERIFIED TARGET CONTACT (combined-unit top)","geo_conf":"Moderate-high","walk_start":"","source_zone_end":""}},{"type":"Feature","geometry":{"type":"Point","coordinates":[-83.6945,37.9285]},"properties":{"menifee_rank":962,"id":3520,"stream":"Unnamed hollow head, tributary to Haunted Cave Branch","quad":"Frenchburg","gq":"GQ-1390","score_geology_only":54.3,"score_original":52.9,"top_pct_geology_only":80.1,"S":0.583,"D":0.646,"E":0.268,"I":0.368,"T":1.0,"R":0.5,"G":0.95,"dist_outline_km":11.4,"contact_class":"VERIFIED TARGET CONTACT (combined-unit top)","geo_conf":"Moderate-high","walk_start":"","source_zone_end":""}},{"type":"Feature","geometry":{"type":"Point","coordinates":[-83.5899,37.9438]},"properties":{"menifee_rank":963,"id":6885,"stream":"Unnamed ravine / small hollow, tributary to Clifton Creek","quad":"Scranton","gq":"GQ-1488","score_geology_only":54.2,"score_original":49.0,"top_pct_geology_only":80.3,"S":0.721,"D":0.229,"E":0.332,"I":0.647,"T":1.0,"R":0.3,"G":0.95,"dist_outline_km":17.5,"contact_class":"VERIFIED TARGET CONTACT (combined-unit top)","geo_conf":"Moderate-high","walk_start":"","source_zone_end":""}},{"type":"Feature","geometry":{"type":"Point","coordinates":[-83.6374,37.9101]},"properties":{"menifee_rank":964,"id":6333,"stream":"Unnamed ravine / small hollow, tributary to Big Amos Creek","quad":"Frenchburg","gq":"GQ-1390","score_geology_only":54.2,"score_original":52.9,"top_pct_geology_only":80.3,"S":0.673,"D":0.19,"E":0.588,"I":0.608,"T":1.0,"R":0.5,"G":0.95,"dist_outline_km":12.1,"contact_class":"VERIFIED TARGET CONTACT (combined-unit top)","geo_conf":"Moderate-high","walk_start":"","source_zone_end":""}},{"type":"Feature","geometry":{"type":"Point","coordinates":[-83.5171,37.9583]},"properties":{"menifee_rank":965,"id":6762,"stream":"Unnamed ravine / small hollow, tributary to Brushy Fork","quad":"Scranton","gq":"GQ-1488","score_geology_only":54.2,"score_original":49.0,"top_pct_geology_only":80.3,"S":0.868,"D":0.118,"E":0.261,"I":0.597,"T":1.0,"R":0.3,"G":0.95,"dist_outline_km":23.1,"contact_class":"VERIFIED TARGET CONTACT (combined-unit top)","geo_conf":"Moderate-high","walk_start":"","source_zone_end":""}},{"type":"Feature","geometry":{"type":"Point","coordinates":[-83.5458,37.9515]},"properties":{"menifee_rank":966,"id":727,"stream":"Unnamed hollow head, tributary to Meyers Fork","quad":"Scranton","gq":"GQ-1488","score_geology_only":54.2,"score_original":49.0,"top_pct_geology_only":80.4,"S":0.9,"D":0.215,"E":0.229,"I":0.434,"T":1.0,"R":0.3,"G":0.95,"dist_outline_km":20.7,"contact_class":"VERIFIED TARGET CONTACT (combined-unit top)","geo_conf":"Moderate-high","walk_start":"","source_zone_end":""}},{"type":"Feature","geometry":{"type":"Point","coordinates":[-83.5796,37.9467]},"properties":{"menifee_rank":967,"id":4265,"stream":"Unnamed hollow head, tributary to Clifton Creek","quad":"Scranton","gq":"GQ-1488","score_geology_only":54.1,"score_original":49.0,"top_pct_geology_only":80.5,"S":0.777,"D":0.271,"E":0.318,"I":0.502,"T":1.0,"R":0.3,"G":0.95,"dist_outline_km":18.3,"contact_class":"VERIFIED TARGET CONTACT (combined-unit top)","geo_conf":"Moderate-high","walk_start":"","source_zone_end":""}},{"type":"Feature","geometry":{"type":"Point","coordinates":[-83.6132,37.9807]},"properties":{"menifee_rank":968,"id":2253,"stream":"Unnamed hollow head, tributary to Beaver Creek","quad":"Scranton","gq":"GQ-1488","score_geology_only":54.1,"score_original":49.0,"top_pct_geology_only":80.6,"S":0.494,"D":0.939,"E":0.07,"I":0.33,"T":0.876,"R":0.3,"G":0.95,"dist_outline_km":19.9,"contact_class":"VERIFIED TARGET CONTACT (combined-unit top)","geo_conf":"Moderate-high","walk_start":"","source_zone_end":""}},{"type":"Feature","geometry":{"type":"Point","coordinates":[-83.6453,37.8703]},"properties":{"menifee_rank":969,"id":6868,"stream":"Unnamed ravine / small hollow, tributary to Powell Branch","quad":"Slade","gq":"GQ-1183","score_geology_only":54.1,"score_original":52.7,"top_pct_geology_only":80.6,"S":0.533,"D":0.281,"E":0.577,"I":0.721,"T":1.0,"R":0.5,"G":0.95,"dist_outline_km":8.2,"contact_class":"VERIFIED TARGET CONTACT (combined-unit top)","geo_conf":"Moderate-high","walk_start":"","source_zone_end":""}},{"type":"Feature","geometry":{"type":"Point","coordinates":[-83.6345,37.883]},"properties":{"menifee_rank":970,"id":2596,"stream":"Unnamed hollow head, tributary to Little East Fork","quad":"Frenchburg","gq":"GQ-1390","score_geology_only":54.1,"score_original":52.8,"top_pct_geology_only":80.6,"S":0.661,"D":0.328,"E":0.581,"I":0.442,"T":1.0,"R":0.5,"G":0.95,"dist_outline_km":9.8,"contact_class":"VERIFIED TARGET CONTACT (combined-unit top)","geo_conf":"Moderate-high","walk_start":"","source_zone_end":""}},{"type":"Feature","geometry":{"type":"Point","coordinates":[-83.6349,37.9649]},"properties":{"menifee_rank":971,"id":5091,"stream":"Unnamed ravine / small hollow, tributary to Ponder Branch","quad":"Frenchburg","gq":"GQ-1390","score_geology_only":54.0,"score_original":48.9,"top_pct_geology_only":80.9,"S":0.583,"D":0.81,"E":0.019,"I":0.302,"T":1.0,"R":0.3,"G":0.95,"dist_outline_km":17.4,"contact_class":"VERIFIED TARGET CONTACT (combined-unit top)","geo_conf":"Moderate-high","walk_start":"","source_zone_end":""}},{"type":"Feature","geometry":{"type":"Point","coordinates":[-83.5772,37.9473]},"properties":{"menifee_rank":972,"id":6554,"stream":"Unnamed ravine / small hollow, tributary to Clifton Creek","quad":"Scranton","gq":"GQ-1488","score_geology_only":54.0,"score_original":48.9,"top_pct_geology_only":80.9,"S":0.759,"D":0.257,"E":0.314,"I":0.549,"T":1.0,"R":0.3,"G":0.95,"dist_outline_km":18.5,"contact_class":"VERIFIED TARGET CONTACT (combined-unit top)","geo_conf":"Moderate-high","walk_start":"","source_zone_end":""}},{"type":"Feature","geometry":{"type":"Point","coordinates":[-83.6296,37.8471]},"properties":{"menifee_rank":973,"id":6215,"stream":"Unnamed ravine / small hollow, tributary to Wolfpen Creek","quad":"Slade","gq":"GQ-1183","score_geology_only":54.0,"score_original":52.7,"top_pct_geology_only":80.9,"S":0.667,"D":0.226,"E":0.477,"I":0.634,"T":1.0,"R":0.5,"G":0.95,"dist_outline_km":7.8,"contact_class":"VERIFIED TARGET CONTACT (combined-unit top)","geo_conf":"Moderate-high","walk_start":"","source_zone_end":""}},{"type":"Feature","geometry":{"type":"Point","coordinates":[-83.5846,37.9532]},"properties":{"menifee_rank":974,"id":2336,"stream":"Unnamed hollow head, tributary to Clifton Creek","quad":"Scranton","gq":"GQ-1488","score_geology_only":54.0,"score_original":48.9,"top_pct_geology_only":81.0,"S":0.852,"D":0.332,"E":0.297,"I":0.304,"T":1.0,"R":0.3,"G":0.95,"dist_outline_km":18.6,"contact_class":"VERIFIED TARGET CONTACT (combined-unit top)","geo_conf":"Moderate-high","walk_start":"","source_zone_end":""}},{"type":"Feature","geometry":{"type":"Point","coordinates":[-83.6391,37.907]},"properties":{"menifee_rank":975,"id":1365,"stream":"Unnamed hollow head, tributary to Big Amos Creek","quad":"Frenchburg","gq":"GQ-1390","score_geology_only":54.0,"score_original":52.7,"top_pct_geology_only":81.0,"S":0.7,"D":0.208,"E":0.578,"I":0.535,"T":1.0,"R":0.5,"G":0.95,"dist_outline_km":11.7,"contact_class":"VERIFIED TARGET CONTACT (combined-unit top)","geo_conf":"Moderate-high","walk_start":"","source_zone_end":""}},{"type":"Feature","geometry":{"type":"Point","coordinates":[-83.6745,37.9691]},"properties":{"menifee_rank":976,"id":6016,"stream":"Sim Long Branch, tributary to Beaver Creek","quad":"Frenchburg","gq":"GQ-1390","score_geology_only":54.0,"score_original":48.9,"top_pct_geology_only":81.1,"S":0.504,"D":0.921,"E":0.016,"I":0.284,"T":1.0,"R":0.3,"G":0.95,"dist_outline_km":16.2,"contact_class":"VERIFIED TARGET CONTACT (combined-unit top)","geo_conf":"Moderate-high","walk_start":"","source_zone_end":""}},{"type":"Feature","geometry":{"type":"Point","coordinates":[-83.6201,37.8404]},"properties":{"menifee_rank":977,"id":6761,"stream":"Greasy Branch","quad":"Pomeroyton","gq":"GQ-1184","score_geology_only":53.9,"score_original":52.6,"top_pct_geology_only":81.2,"S":1.0,"D":0.007,"E":0.434,"I":0.585,"T":0.715,"R":0.5,"G":0.95,"dist_outline_km":8.3,"contact_class":"VERIFIED TARGET CONTACT (combined-unit top)","geo_conf":"Moderate-high","walk_start":"","source_zone_end":""}},{"type":"Feature","geometry":{"type":"Point","coordinates":[-83.654,37.852]},"properties":{"menifee_rank":978,"id":3821,"stream":"Edward Branch, tributary to Red River","quad":"Slade","gq":"GQ-1183","score_geology_only":53.9,"score_original":52.6,"top_pct_geology_only":81.2,"S":0.602,"D":0.289,"E":0.44,"I":0.678,"T":1.0,"R":0.5,"G":0.95,"dist_outline_km":6.2,"contact_class":"VERIFIED TARGET CONTACT (combined-unit top)","geo_conf":"Moderate-high","walk_start":"","source_zone_end":""}},{"type":"Feature","geometry":{"type":"Point","coordinates":[-83.6189,37.9411]},"properties":{"menifee_rank":979,"id":3311,"stream":"Blythes Branch, tributary to Beaver Creek","quad":"Scranton","gq":"GQ-1488","score_geology_only":53.9,"score_original":48.8,"top_pct_geology_only":81.2,"S":0.545,"D":0.564,"E":0.23,"I":0.545,"T":1.0,"R":0.3,"G":0.95,"dist_outline_km":15.9,"contact_class":"VERIFIED TARGET CONTACT (combined-unit top)","geo_conf":"Moderate-high","walk_start":"","source_zone_end":""}},{"type":"Feature","geometry":{"type":"Point","coordinates":[-83.6533,37.8509]},"properties":{"menifee_rank":980,"id":7016,"stream":"Unnamed branch, tributary to Edward Branch","quad":"Slade","gq":"GQ-1183","score_geology_only":53.9,"score_original":52.6,"top_pct_geology_only":81.3,"S":0.607,"D":0.295,"E":0.441,"I":0.658,"T":1.0,"R":0.5,"G":0.95,"dist_outline_km":6.2,"contact_class":"VERIFIED TARGET CONTACT (combined-unit top)","geo_conf":"Moderate-high","walk_start":"","source_zone_end":""}},{"type":"Feature","geometry":{"type":"Point","coordinates":[-83.5151,37.9573]},"properties":{"menifee_rank":981,"id":1159,"stream":"Unnamed hollow head, tributary to Brushy Fork","quad":"Scranton","gq":"GQ-1488","score_geology_only":53.9,"score_original":48.8,"top_pct_geology_only":81.3,"S":0.874,"D":0.12,"E":0.266,"I":0.563,"T":1.0,"R":0.3,"G":0.95,"dist_outline_km":23.1,"contact_class":"VERIFIED TARGET CONTACT (combined-unit top)","geo_conf":"Moderate-high","walk_start":"","source_zone_end":""}},{"type":"Feature","geometry":{"type":"Point","coordinates":[-83.631,37.8301]},"properties":{"menifee_rank":982,"id":3439,"stream":"Unnamed hollow head, tributary to Wolfpen Creek","quad":"Slade","gq":"GQ-1183","score_geology_only":53.9,"score_original":52.6,"top_pct_geology_only":81.3,"S":1.0,"D":0.01,"E":0.46,"I":0.446,"T":0.886,"R":0.5,"G":0.95,"dist_outline_km":7.0,"contact_class":"VERIFIED TARGET CONTACT (combined-unit top)","geo_conf":"Moderate-high","walk_start":"","source_zone_end":""}},{"type":"Feature","geometry":{"type":"Point","coordinates":[-83.6379,37.9088]},"properties":{"menifee_rank":983,"id":3544,"stream":"Unnamed hollow head, tributary to Big Amos Creek","quad":"Frenchburg","gq":"GQ-1390","score_geology_only":53.8,"score_original":52.6,"top_pct_geology_only":81.4,"S":0.681,"D":0.196,"E":0.585,"I":0.57,"T":1.0,"R":0.5,"G":0.95,"dist_outline_km":11.9,"contact_class":"VERIFIED TARGET CONTACT (combined-unit top)","geo_conf":"Moderate-high","walk_start":"","source_zone_end":""}},{"type":"Feature","geometry":{"type":"Point","coordinates":[-83.6338,37.9014]},"properties":{"menifee_rank":984,"id":4924,"stream":"Unnamed ravine / small hollow, tributary to East Fork Indian Creek","quad":"Frenchburg","gq":"GQ-1390","score_geology_only":53.8,"score_original":52.6,"top_pct_geology_only":81.5,"S":0.792,"D":0.139,"E":0.51,"I":0.51,"T":1.0,"R":0.5,"G":0.95,"dist_outline_km":11.4,"contact_class":"VERIFIED TARGET CONTACT (combined-unit top)","geo_conf":"Moderate-high","walk_start":"","source_zone_end":""}},{"type":"Feature","geometry":{"type":"Point","coordinates":[-83.5957,37.8537]},"properties":{"menifee_rank":985,"id":1377,"stream":"Unnamed hollow head, tributary to Gladie Creek","quad":"Pomeroyton","gq":"GQ-1184","score_geology_only":53.8,"score_original":52.6,"top_pct_geology_only":81.5,"S":0.866,"D":0.038,"E":0.534,"I":0.505,"T":1.0,"R":0.5,"G":0.95,"dist_outline_km":10.9,"contact_class":"VERIFIED TARGET CONTACT (combined-unit top)","geo_conf":"Moderate-high","walk_start":"","source_zone_end":""}},{"type":"Feature","geometry":{"type":"Point","coordinates":[-83.5983,37.9545]},"properties":{"menifee_rank":986,"id":4139,"stream":"Unnamed hollow head, tributary to Long Branch","quad":"Scranton","gq":"GQ-1488","score_geology_only":53.8,"score_original":48.7,"top_pct_geology_only":81.6,"S":0.597,"D":0.692,"E":0.085,"I":0.379,"T":1.0,"R":0.3,"G":0.95,"dist_outline_km":18.1,"contact_class":"VERIFIED TARGET CONTACT (combined-unit top)","geo_conf":"Moderate-high","walk_start":"","source_zone_end":""}},{"type":"Feature","geometry":{"type":"Point","coordinates":[-83.5806,37.9512]},"properties":{"menifee_rank":987,"id":2816,"stream":"Unnamed hollow head, tributary to Clifton Creek","quad":"Scranton","gq":"GQ-1488","score_geology_only":53.8,"score_original":48.7,"top_pct_geology_only":81.7,"S":0.81,"D":0.3,"E":0.305,"I":0.399,"T":1.0,"R":0.3,"G":0.95,"dist_outline_km":18.7,"contact_class":"VERIFIED TARGET CONTACT (combined-unit top)","geo_conf":"Moderate-high","walk_start":"","source_zone_end":""}},{"type":"Feature","geometry":{"type":"Point","coordinates":[-83.6295,37.8403]},"properties":{"menifee_rank":988,"id":4122,"stream":"Unnamed hollow head, tributary to Wolfpen Creek","quad":"Slade","gq":"GQ-1183","score_geology_only":53.8,"score_original":52.5,"top_pct_geology_only":81.7,"S":0.724,"D":0.259,"E":0.485,"I":0.477,"T":1.0,"R":0.5,"G":0.95,"dist_outline_km":7.5,"contact_class":"VERIFIED TARGET CONTACT (combined-unit top)","geo_conf":"Moderate-high","walk_start":"","source_zone_end":""}},{"type":"Feature","geometry":{"type":"Point","coordinates":[-83.5871,37.8565]},"properties":{"menifee_rank":989,"id":5458,"stream":"Unnamed ravine / small hollow, tributary to Gladie Creek","quad":"Pomeroyton","gq":"GQ-1184","score_geology_only":53.8,"score_original":52.5,"top_pct_geology_only":81.8,"S":0.799,"D":0.031,"E":0.529,"I":0.626,"T":1.0,"R":0.5,"G":0.95,"dist_outline_km":11.7,"contact_class":"VERIFIED TARGET CONTACT (combined-unit top)","geo_conf":"Moderate-high","walk_start":"","source_zone_end":""}},{"type":"Feature","geometry":{"type":"Point","coordinates":[-83.6194,37.941]},"properties":{"menifee_rank":990,"id":730,"stream":"Blythes Branch, tributary to Beaver Creek","quad":"Scranton","gq":"GQ-1488","score_geology_only":53.8,"score_original":48.7,"top_pct_geology_only":81.8,"S":0.545,"D":0.564,"E":0.23,"I":0.538,"T":1.0,"R":0.3,"G":0.95,"dist_outline_km":15.8,"contact_class":"VERIFIED TARGET CONTACT (combined-unit top)","geo_conf":"Moderate-high","walk_start":"","source_zone_end":""}},{"type":"Feature","geometry":{"type":"Point","coordinates":[-83.5478,37.9527]},"properties":{"menifee_rank":991,"id":3036,"stream":"Unnamed hollow head, tributary to Meyers Fork","quad":"Scranton","gq":"GQ-1488","score_geology_only":53.7,"score_original":48.7,"top_pct_geology_only":81.8,"S":0.894,"D":0.211,"E":0.228,"I":0.427,"T":1.0,"R":0.3,"G":0.95,"dist_outline_km":20.7,"contact_class":"VERIFIED TARGET CONTACT (combined-unit top)","geo_conf":"Moderate-high","walk_start":"","source_zone_end":""}},{"type":"Feature","geometry":{"type":"Point","coordinates":[-83.5772,37.946]},"properties":{"menifee_rank":992,"id":6887,"stream":"Unnamed ravine / small hollow, tributary to Clifton Creek","quad":"Scranton","gq":"GQ-1488","score_geology_only":53.7,"score_original":48.7,"top_pct_geology_only":82.0,"S":0.754,"D":0.252,"E":0.316,"I":0.545,"T":1.0,"R":0.3,"G":0.95,"dist_outline_km":18.4,"contact_class":"VERIFIED TARGET CONTACT (combined-unit top)","geo_conf":"Moderate-high","walk_start":"","source_zone_end":""}},{"type":"Feature","geometry":{"type":"Point","coordinates":[-83.5271,37.9786]},"properties":{"menifee_rank":993,"id":2534,"stream":"Unnamed hollow head, tributary to Meyers Fork","quad":"Scranton","gq":"GQ-1488","score_geology_only":53.7,"score_original":48.6,"top_pct_geology_only":82.1,"S":1.0,"D":0.354,"E":0.169,"I":0.289,"T":0.708,"R":0.3,"G":0.95,"dist_outline_km":24.0,"contact_class":"VERIFIED TARGET CONTACT (combined-unit top)","geo_conf":"Moderate-high","walk_start":"","source_zone_end":""}},{"type":"Feature","geometry":{"type":"Point","coordinates":[-83.6417,37.8305]},"properties":{"menifee_rank":994,"id":6094,"stream":"Unnamed ravine / small hollow","quad":"Slade","gq":"GQ-1183","score_geology_only":53.7,"score_original":52.4,"top_pct_geology_only":82.1,"S":1.0,"D":0.012,"E":0.458,"I":0.682,"T":0.513,"R":0.5,"G":0.95,"dist_outline_km":6.1,"contact_class":"VERIFIED TARGET CONTACT (combined-unit top)","geo_conf":"Moderate-high","walk_start":"","source_zone_end":""}},{"type":"Feature","geometry":{"type":"Point","coordinates":[-83.6806,37.955]},"properties":{"menifee_rank":995,"id":6633,"stream":"Bull Fork, tributary to Slate Creek","quad":"Frenchburg","gq":"GQ-1390","score_geology_only":53.6,"score_original":52.4,"top_pct_geology_only":82.2,"S":0.593,"D":0.651,"E":0.142,"I":0.393,"T":1.0,"R":0.5,"G":0.95,"dist_outline_km":14.6,"contact_class":"VERIFIED TARGET CONTACT (combined-unit top)","geo_conf":"Moderate-high","walk_start":"","source_zone_end":""}},{"type":"Feature","geometry":{"type":"Point","coordinates":[-83.6975,37.9107]},"properties":{"menifee_rank":996,"id":3522,"stream":"Unnamed hollow head, tributary to Leatherwood Fork","quad":"Frenchburg","gq":"GQ-1390","score_geology_only":53.6,"score_original":52.4,"top_pct_geology_only":82.3,"S":0.66,"D":0.492,"E":0.251,"I":0.42,"T":1.0,"R":0.5,"G":0.95,"dist_outline_km":9.5,"contact_class":"VERIFIED TARGET CONTACT (combined-unit top)","geo_conf":"Moderate-high","walk_start":"","source_zone_end":""}},{"type":"Feature","geometry":{"type":"Point","coordinates":[-83.5973,37.8579]},"properties":{"menifee_rank":997,"id":2820,"stream":"Unnamed hollow head, tributary to Salt Fork","quad":"Pomeroyton","gq":"GQ-1184","score_geology_only":53.6,"score_original":52.4,"top_pct_geology_only":82.3,"S":0.829,"D":0.034,"E":0.541,"I":0.554,"T":1.0,"R":0.5,"G":0.95,"dist_outline_km":10.9,"contact_class":"VERIFIED TARGET CONTACT (combined-unit top)","geo_conf":"Moderate-high","walk_start":"","source_zone_end":""}},{"type":"Feature","geometry":{"type":"Point","coordinates":[-83.6802,37.9554]},"properties":{"menifee_rank":998,"id":6461,"stream":"Bull Fork, tributary to Slate Creek","quad":"Frenchburg","gq":"GQ-1390","score_geology_only":53.5,"score_original":52.3,"top_pct_geology_only":82.3,"S":0.593,"D":0.651,"E":0.142,"I":0.388,"T":1.0,"R":0.5,"G":0.95,"dist_outline_km":14.6,"contact_class":"VERIFIED TARGET CONTACT (combined-unit top)","geo_conf":"Moderate-high","walk_start":"","source_zone_end":""}},{"type":"Feature","geometry":{"type":"Point","coordinates":[-83.6319,37.8427]},"properties":{"menifee_rank":999,"id":6061,"stream":"Unnamed ravine / small hollow, tributary to Wolfpen Creek","quad":"Slade","gq":"GQ-1183","score_geology_only":53.5,"score_original":52.3,"top_pct_geology_only":82.3,"S":0.704,"D":0.245,"E":0.495,"I":0.509,"T":1.0,"R":0.5,"G":0.95,"dist_outline_km":7.4,"contact_class":"VERIFIED TARGET CONTACT (combined-unit top)","geo_conf":"Moderate-high","walk_start":"","source_zone_end":""}},{"type":"Feature","geometry":{"type":"Point","coordinates":[-83.5124,37.9661]},"properties":{"menifee_rank":1000,"id":4104,"stream":"Unnamed hollow head, tributary to Brushy Fork","quad":"Scranton","gq":"GQ-1488","score_geology_only":53.5,"score_original":48.5,"top_pct_geology_only":82.4,"S":0.957,"D":0.152,"E":0.291,"I":0.357,"T":0.983,"R":0.3,"G":0.95,"dist_outline_km":24.0,"contact_class":"VERIFIED TARGET CONTACT (combined-unit top)","geo_conf":"Moderate-high","walk_start":"","source_zone_end":""}},{"type":"Feature","geometry":{"type":"Point","coordinates":[-83.6092,37.8382]},"properties":{"menifee_rank":1001,"id":188,"stream":"Unnamed hollow head, tributary to Gladie Creek","quad":"Pomeroyton","gq":"GQ-1184","score_geology_only":53.5,"score_original":52.3,"top_pct_geology_only":82.5,"S":1.0,"D":0.006,"E":0.435,"I":0.418,"T":0.929,"R":0.5,"G":0.95,"dist_outline_km":9.1,"contact_class":"VERIFIED TARGET CONTACT (combined-unit top)","geo_conf":"Moderate-high","walk_start":"","source_zone_end":""}},{"type":"Feature","geometry":{"type":"Point","coordinates":[-83.6698,37.9613]},"properties":{"menifee_rank":1002,"id":2,"stream":"Unnamed hollow head, tributary to Beaver Creek","quad":"Frenchburg","gq":"GQ-1390","score_geology_only":53.5,"score_original":48.5,"top_pct_geology_only":82.5,"S":0.619,"D":0.803,"E":0.086,"I":0.175,"T":1.0,"R":0.3,"G":0.95,"dist_outline_km":15.6,"contact_class":"VERIFIED TARGET CONTACT (combined-unit top)","geo_conf":"Moderate-high","walk_start":"","source_zone_end":""}},{"type":"Feature","geometry":{"type":"Point","coordinates":[-83.5032,37.9517]},"properties":{"menifee_rank":1003,"id":6408,"stream":"Unnamed ravine / small hollow, tributary to Brushy Fork","quad":"Scranton","gq":"GQ-1488","score_geology_only":53.4,"score_original":48.4,"top_pct_geology_only":82.6,"S":0.837,"D":0.106,"E":0.244,"I":0.635,"T":1.0,"R":0.3,"G":0.95,"dist_outline_km":23.5,"contact_class":"VERIFIED TARGET CONTACT (combined-unit top)","geo_conf":"Moderate-high","walk_start":"","source_zone_end":""}},{"type":"Feature","geometry":{"type":"Point","coordinates":[-83.5129,37.9535]},"properties":{"menifee_rank":1004,"id":5145,"stream":"Unnamed ravine / small hollow, tributary to Brushy Fork","quad":"Scranton","gq":"GQ-1488","score_geology_only":53.4,"score_original":48.4,"top_pct_geology_only":82.7,"S":0.87,"D":0.118,"E":0.262,"I":0.549,"T":1.0,"R":0.3,"G":0.95,"dist_outline_km":23.0,"contact_class":"VERIFIED TARGET CONTACT (combined-unit top)","geo_conf":"Moderate-high","walk_start":"","source_zone_end":""}},{"type":"Feature","geometry":{"type":"Point","coordinates":[-83.6323,37.846]},"properties":{"menifee_rank":1005,"id":5858,"stream":"Unnamed ravine / small hollow, tributary to Wolfpen Creek","quad":"Slade","gq":"GQ-1183","score_geology_only":53.4,"score_original":52.2,"top_pct_geology_only":82.8,"S":0.674,"D":0.229,"E":0.48,"I":0.581,"T":1.0,"R":0.5,"G":0.95,"dist_outline_km":7.6,"contact_class":"VERIFIED TARGET CONTACT (combined-unit top)","geo_conf":"Moderate-high","walk_start":"","source_zone_end":""}},{"type":"Feature","geometry":{"type":"Point","coordinates":[-83.5386,37.9463]},"properties":{"menifee_rank":1006,"id":5420,"stream":"Unnamed ravine / small hollow, tributary to Meyers Fork","quad":"Scranton","gq":"GQ-1488","score_geology_only":53.2,"score_original":48.3,"top_pct_geology_only":83.0,"S":0.903,"D":0.217,"E":0.231,"I":0.374,"T":1.0,"R":0.3,"G":0.95,"dist_outline_km":20.8,"contact_class":"VERIFIED TARGET CONTACT (combined-unit top)","geo_conf":"Moderate-high","walk_start":"","source_zone_end":""}},{"type":"Feature","geometry":{"type":"Point","coordinates":[-83.5162,37.9842]},"properties":{"menifee_rank":1007,"id":3030,"stream":"Unnamed hollow head","quad":"Scranton","gq":"GQ-1488","score_geology_only":53.2,"score_original":48.3,"top_pct_geology_only":83.0,"S":1.0,"D":0.354,"E":0.17,"I":0.47,"T":0.4,"R":0.3,"G":0.95,"dist_outline_km":25.2,"contact_class":"VERIFIED TARGET CONTACT (combined-unit top)","geo_conf":"Moderate-high","walk_start":"","source_zone_end":""}},{"type":"Feature","geometry":{"type":"Point","coordinates":[-83.6192,37.9404]},"properties":{"menifee_rank":1008,"id":6979,"stream":"Blythes Branch, tributary to Beaver Creek","quad":"Scranton","gq":"GQ-1488","score_geology_only":53.2,"score_original":48.3,"top_pct_geology_only":83.1,"S":0.542,"D":0.559,"E":0.237,"I":0.515,"T":1.0,"R":0.3,"G":0.95,"dist_outline_km":15.8,"contact_class":"VERIFIED TARGET CONTACT (combined-unit top)","geo_conf":"Moderate-high","walk_start":"","source_zone_end":""}},{"type":"Feature","geometry":{"type":"Point","coordinates":[-83.6368,37.9644]},"properties":{"menifee_rank":1009,"id":6781,"stream":"Ponder Branch, tributary to Beaver Creek","quad":"Frenchburg","gq":"GQ-1390","score_geology_only":53.2,"score_original":48.3,"top_pct_geology_only":83.2,"S":0.576,"D":0.799,"E":0.013,"I":0.286,"T":1.0,"R":0.3,"G":0.95,"dist_outline_km":17.2,"contact_class":"VERIFIED TARGET CONTACT (combined-unit top)","geo_conf":"Moderate-high","walk_start":"","source_zone_end":""}},{"type":"Feature","geometry":{"type":"Point","coordinates":[-83.6729,37.9692]},"properties":{"menifee_rank":1010,"id":5178,"stream":"Unnamed ravine / small hollow, tributary to Sim Long Branch","quad":"Frenchburg","gq":"GQ-1390","score_geology_only":53.2,"score_original":48.2,"top_pct_geology_only":83.3,"S":0.507,"D":0.923,"E":0.018,"I":0.23,"T":1.0,"R":0.3,"G":0.95,"dist_outline_km":16.3,"contact_class":"VERIFIED TARGET CONTACT (combined-unit top)","geo_conf":"Moderate-high","walk_start":"","source_zone_end":""}},{"type":"Feature","geometry":{"type":"Point","coordinates":[-83.6261,37.8828]},"properties":{"menifee_rank":1011,"id":6117,"stream":"Little East Fork, tributary to East Fork Indian Creek","quad":"Frenchburg","gq":"GQ-1390","score_geology_only":53.1,"score_original":52.0,"top_pct_geology_only":83.5,"S":0.556,"D":0.266,"E":0.575,"I":0.649,"T":1.0,"R":0.5,"G":0.95,"dist_outline_km":10.3,"contact_class":"VERIFIED TARGET CONTACT (combined-unit top)","geo_conf":"Moderate-high","walk_start":"","source_zone_end":""}},{"type":"Feature","geometry":{"type":"Point","coordinates":[-83.6258,37.8825]},"properties":{"menifee_rank":1012,"id":7118,"stream":"Little East Fork, tributary to East Fork Indian Creek","quad":"Frenchburg","gq":"GQ-1390","score_geology_only":53.1,"score_original":51.9,"top_pct_geology_only":83.5,"S":0.556,"D":0.266,"E":0.575,"I":0.648,"T":1.0,"R":0.5,"G":0.95,"dist_outline_km":10.3,"contact_class":"VERIFIED TARGET CONTACT (combined-unit top)","geo_conf":"Moderate-high","walk_start":"","source_zone_end":""}},{"type":"Feature","geometry":{"type":"Point","coordinates":[-83.665,37.8473]},"properties":{"menifee_rank":1013,"id":1819,"stream":"Unnamed hollow head","quad":"Slade","gq":"GQ-1183","score_geology_only":53.0,"score_original":51.9,"top_pct_geology_only":83.6,"S":1.0,"D":0.017,"E":0.434,"I":0.731,"T":0.4,"R":0.5,"G":0.95,"dist_outline_km":5.2,"contact_class":"VERIFIED TARGET CONTACT (combined-unit top)","geo_conf":"Moderate-high","walk_start":"","source_zone_end":""}},{"type":"Feature","geometry":{"type":"Point","coordinates":[-83.5074,37.9717]},"properties":{"menifee_rank":1014,"id":80,"stream":"Unnamed hollow head, tributary to Brushy Fork","quad":"Scranton","gq":"GQ-1488","score_geology_only":53.0,"score_original":48.1,"top_pct_geology_only":83.7,"S":1.0,"D":0.186,"E":0.302,"I":0.223,"T":0.955,"R":0.3,"G":0.95,"dist_outline_km":24.7,"contact_class":"VERIFIED TARGET CONTACT (combined-unit top)","geo_conf":"Moderate-high","walk_start":"","source_zone_end":""}},{"type":"Feature","geometry":{"type":"Point","coordinates":[-83.6534,37.8526]},"properties":{"menifee_rank":1015,"id":7136,"stream":"Edward Branch","quad":"Slade","gq":"GQ-1183","score_geology_only":53.0,"score_original":51.9,"top_pct_geology_only":83.7,"S":0.574,"D":0.273,"E":0.447,"I":0.69,"T":1.0,"R":0.5,"G":0.95,"dist_outline_km":6.3,"contact_class":"VERIFIED TARGET CONTACT (combined-unit top)","geo_conf":"Moderate-high","walk_start":"","source_zone_end":""}},{"type":"Feature","geometry":{"type":"Point","coordinates":[-83.54,37.9449]},"properties":{"menifee_rank":1016,"id":5823,"stream":"Unnamed ravine / small hollow, tributary to Meyers Fork","quad":"Scranton","gq":"GQ-1488","score_geology_only":53.0,"score_original":48.1,"top_pct_geology_only":83.7,"S":0.894,"D":0.211,"E":0.228,"I":0.385,"T":1.0,"R":0.3,"G":0.95,"dist_outline_km":20.6,"contact_class":"VERIFIED TARGET CONTACT (combined-unit top)","geo_conf":"Moderate-high","walk_start":"","source_zone_end":""}},{"type":"Feature","geometry":{"type":"Point","coordinates":[-83.6201,37.9006]},"properties":{"menifee_rank":1017,"id":1067,"stream":"Unnamed hollow head, tributary to East Fork Indian Creek","quad":"Scranton","gq":"GQ-1488","score_geology_only":53.0,"score_original":51.9,"top_pct_geology_only":83.7,"S":0.698,"D":0.102,"E":0.446,"I":0.71,"T":1.0,"R":0.5,"G":0.95,"dist_outline_km":12.1,"contact_class":"VERIFIED TARGET CONTACT (combined-unit top)","geo_conf":"Moderate-high","walk_start":"","source_zone_end":""}},{"type":"Feature","geometry":{"type":"Point","coordinates":[-83.6978,37.9118]},"properties":{"menifee_rank":1018,"id":4542,"stream":"Unnamed ravine / small hollow, tributary to Leatherwood Fork","quad":"Frenchburg","gq":"GQ-1390","score_geology_only":53.0,"score_original":51.9,"top_pct_geology_only":83.8,"S":0.636,"D":0.482,"E":0.223,"I":0.455,"T":1.0,"R":0.5,"G":0.95,"dist_outline_km":9.6,"contact_class":"VERIFIED TARGET CONTACT (combined-unit top)","geo_conf":"Moderate-high","walk_start":"","source_zone_end":""}},{"type":"Feature","geometry":{"type":"Point","coordinates":[-83.5899,37.8602]},"properties":{"menifee_rank":1019,"id":6675,"stream":"Unnamed ravine / small hollow, tributary to Gladie Creek","quad":"Pomeroyton","gq":"GQ-1184","score_geology_only":52.9,"score_original":51.9,"top_pct_geology_only":83.8,"S":0.787,"D":0.029,"E":0.525,"I":0.605,"T":1.0,"R":0.5,"G":0.95,"dist_outline_km":11.6,"contact_class":"VERIFIED TARGET CONTACT (combined-unit top)","geo_conf":"Moderate-high","walk_start":"","source_zone_end":""}},{"type":"Feature","geometry":{"type":"Point","coordinates":[-83.6657,37.8475]},"properties":{"menifee_rank":1020,"id":1180,"stream":"Unnamed hollow head, tributary to Red River","quad":"Slade","gq":"GQ-1183","score_geology_only":52.9,"score_original":51.8,"top_pct_geology_only":83.9,"S":1.0,"D":0.017,"E":0.434,"I":0.725,"T":0.4,"R":0.5,"G":0.95,"dist_outline_km":5.1,"contact_class":"VERIFIED TARGET CONTACT (combined-unit top)","geo_conf":"Moderate-high","walk_start":"","source_zone_end":""}},{"type":"Feature","geometry":{"type":"Point","coordinates":[-83.6071,37.8342]},"properties":{"menifee_rank":1021,"id":3936,"stream":"Unnamed hollow head, tributary to Gladie Creek","quad":"Pomeroyton","gq":"GQ-1184","score_geology_only":52.9,"score_original":51.8,"top_pct_geology_only":84.0,"S":1.0,"D":0.006,"E":0.435,"I":0.402,"T":0.901,"R":0.5,"G":0.95,"dist_outline_km":9.1,"contact_class":"VERIFIED TARGET CONTACT (combined-unit top)","geo_conf":"Moderate-high","walk_start":"","source_zone_end":""}},{"type":"Feature","geometry":{"type":"Point","coordinates":[-83.6322,37.8402]},"properties":{"menifee_rank":1022,"id":4412,"stream":"Unnamed hollow head, tributary to Wolfpen Creek","quad":"Slade","gq":"GQ-1183","score_geology_only":52.8,"score_original":51.7,"top_pct_geology_only":84.1,"S":0.725,"D":0.26,"E":0.487,"I":0.419,"T":1.0,"R":0.5,"G":0.95,"dist_outline_km":7.3,"contact_class":"VERIFIED TARGET CONTACT (combined-unit top)","geo_conf":"Moderate-high","walk_start":"","source_zone_end":""}},{"type":"Feature","geometry":{"type":"Point","coordinates":[-83.6952,37.922]},"properties":{"menifee_rank":1023,"id":6905,"stream":"Puncheon Camp Branch, tributary to Myers Fork","quad":"Frenchburg","gq":"GQ-1390","score_geology_only":52.8,"score_original":51.7,"top_pct_geology_only":84.1,"S":0.474,"D":0.654,"E":0.296,"I":0.438,"T":1.0,"R":0.5,"G":0.95,"dist_outline_km":10.7,"contact_class":"VERIFIED TARGET CONTACT (combined-unit top)","geo_conf":"Moderate-high","walk_start":"","source_zone_end":""}},{"type":"Feature","geometry":{"type":"Point","coordinates":[-83.6838,37.9554]},"properties":{"menifee_rank":1024,"id":5384,"stream":"Unnamed ravine / small hollow, tributary to Bull Fork","quad":"Frenchburg","gq":"GQ-1390","score_geology_only":52.8,"score_original":51.7,"top_pct_geology_only":84.1,"S":0.623,"D":0.676,"E":0.142,"I":0.263,"T":1.0,"R":0.5,"G":0.95,"dist_outline_km":14.5,"contact_class":"VERIFIED TARGET CONTACT (combined-unit top)","geo_conf":"Moderate-high","walk_start":"","source_zone_end":""}},{"type":"Feature","geometry":{"type":"Point","coordinates":[-83.6054,37.8639]},"properties":{"menifee_rank":1025,"id":7251,"stream":"Round Meadow Branch, tributary to Salt Fork","quad":"Pomeroyton","gq":"GQ-1184","score_geology_only":52.8,"score_original":51.7,"top_pct_geology_only":84.2,"S":0.623,"D":0.126,"E":0.454,"I":0.788,"T":1.0,"R":0.5,"G":0.95,"dist_outline_km":10.6,"contact_class":"VERIFIED TARGET CONTACT (combined-unit top)","geo_conf":"Moderate-high","walk_start":"","source_zone_end":""}},{"type":"Feature","geometry":{"type":"Point","coordinates":[-83.5032,37.9515]},"properties":{"menifee_rank":1026,"id":4834,"stream":"Unnamed ravine / small hollow, tributary to Brushy Fork","quad":"Scranton","gq":"GQ-1488","score_geology_only":52.8,"score_original":47.9,"top_pct_geology_only":84.2,"S":0.837,"D":0.106,"E":0.244,"I":0.598,"T":1.0,"R":0.3,"G":0.95,"dist_outline_km":23.5,"contact_class":"VERIFIED TARGET CONTACT (combined-unit top)","geo_conf":"Moderate-high","walk_start":"","source_zone_end":""}},{"type":"Feature","geometry":{"type":"Point","coordinates":[-83.6378,37.9652]},"properties":{"menifee_rank":1027,"id":6738,"stream":"Ponder Branch, tributary to Beaver Creek","quad":"Frenchburg","gq":"GQ-1390","score_geology_only":52.8,"score_original":47.9,"top_pct_geology_only":84.2,"S":0.54,"D":0.741,"E":0.002,"I":0.406,"T":1.0,"R":0.3,"G":0.95,"dist_outline_km":17.3,"contact_class":"VERIFIED TARGET CONTACT (combined-unit top)","geo_conf":"Moderate-high","walk_start":"","source_zone_end":""}},{"type":"Feature","geometry":{"type":"Point","coordinates":[-83.6648,37.8472]},"properties":{"menifee_rank":1028,"id":2475,"stream":"Unnamed hollow head, tributary to Red River","quad":"Slade","gq":"GQ-1183","score_geology_only":52.7,"score_original":51.7,"top_pct_geology_only":84.4,"S":1.0,"D":0.017,"E":0.434,"I":0.713,"T":0.4,"R":0.5,"G":0.95,"dist_outline_km":5.2,"contact_class":"VERIFIED TARGET CONTACT (combined-unit top)","geo_conf":"Moderate-high","walk_start":"","source_zone_end":""}},{"type":"Feature","geometry":{"type":"Point","coordinates":[-83.6176,37.9435]},"properties":{"menifee_rank":1029,"id":6444,"stream":"Unnamed ravine / small hollow, tributary to Blythes Branch","quad":"Scranton","gq":"GQ-1488","score_geology_only":52.7,"score_original":47.8,"top_pct_geology_only":84.4,"S":0.549,"D":0.57,"E":0.233,"I":0.46,"T":1.0,"R":0.3,"G":0.95,"dist_outline_km":16.1,"contact_class":"VERIFIED TARGET CONTACT (combined-unit top)","geo_conf":"Moderate-high","walk_start":"","source_zone_end":""}},{"type":"Feature","geometry":{"type":"Point","coordinates":[-83.5672,37.9821]},"properties":{"menifee_rank":1030,"id":2706,"stream":"Unnamed hollow head, tributary to Beaver Creek","quad":"Scranton","gq":"GQ-1488","score_geology_only":52.7,"score_original":47.9,"top_pct_geology_only":84.5,"S":0.405,"D":0.9,"E":0.138,"I":0.384,"T":0.908,"R":0.3,"G":0.95,"dist_outline_km":22.1,"contact_class":"VERIFIED TARGET CONTACT (combined-unit top)","geo_conf":"Moderate-high","walk_start":"","source_zone_end":""}},{"type":"Feature","geometry":{"type":"Point","coordinates":[-83.6052,37.8643]},"properties":{"menifee_rank":1031,"id":4806,"stream":"Round Meadow Branch, tributary to Salt Fork","quad":"Pomeroyton","gq":"GQ-1184","score_geology_only":52.6,"score_original":51.6,"top_pct_geology_only":84.5,"S":0.623,"D":0.126,"E":0.454,"I":0.78,"T":1.0,"R":0.5,"G":0.95,"dist_outline_km":10.6,"contact_class":"VERIFIED TARGET CONTACT (combined-unit top)","geo_conf":"Moderate-high","walk_start":"","source_zone_end":""}},{"type":"Feature","geometry":{"type":"Point","coordinates":[-83.5874,37.857]},"properties":{"menifee_rank":1032,"id":2915,"stream":"Unnamed hollow head, tributary to Gladie Creek","quad":"Pomeroyton","gq":"GQ-1184","score_geology_only":52.6,"score_original":51.5,"top_pct_geology_only":84.7,"S":0.8,"D":0.031,"E":0.529,"I":0.557,"T":1.0,"R":0.5,"G":0.95,"dist_outline_km":11.7,"contact_class":"VERIFIED TARGET CONTACT (combined-unit top)","geo_conf":"Moderate-high","walk_start":"","source_zone_end":""}},{"type":"Feature","geometry":{"type":"Point","coordinates":[-83.5881,37.9476]},"properties":{"menifee_rank":1033,"id":5747,"stream":"Unnamed ravine / small hollow, tributary to Clifton Creek","quad":"Scranton","gq":"GQ-1488","score_geology_only":52.5,"score_original":47.7,"top_pct_geology_only":84.7,"S":0.777,"D":0.271,"E":0.318,"I":0.415,"T":1.0,"R":0.3,"G":0.95,"dist_outline_km":18.0,"contact_class":"VERIFIED TARGET CONTACT (combined-unit top)","geo_conf":"Moderate-high","walk_start":"","source_zone_end":""}},{"type":"Feature","geometry":{"type":"Point","coordinates":[-83.6186,37.9439]},"properties":{"menifee_rank":1034,"id":3894,"stream":"Unnamed hollow head, tributary to Blythes Branch","quad":"Scranton","gq":"GQ-1488","score_geology_only":52.5,"score_original":47.7,"top_pct_geology_only":84.7,"S":0.549,"D":0.567,"E":0.233,"I":0.456,"T":1.0,"R":0.3,"G":0.95,"dist_outline_km":16.1,"contact_class":"VERIFIED TARGET CONTACT (combined-unit top)","geo_conf":"Moderate-high","walk_start":"","source_zone_end":""}},{"type":"Feature","geometry":{"type":"Point","coordinates":[-83.5901,37.8592]},"properties":{"menifee_rank":1035,"id":4689,"stream":"Unnamed ravine / small hollow, tributary to Gladie Creek","quad":"Pomeroyton","gq":"GQ-1184","score_geology_only":52.5,"score_original":51.5,"top_pct_geology_only":84.9,"S":0.79,"D":0.03,"E":0.528,"I":0.571,"T":1.0,"R":0.5,"G":0.95,"dist_outline_km":11.5,"contact_class":"VERIFIED TARGET CONTACT (combined-unit top)","geo_conf":"Moderate-high","walk_start":"","source_zone_end":""}},{"type":"Feature","geometry":{"type":"Point","coordinates":[-83.5914,37.9505]},"properties":{"menifee_rank":1036,"id":4504,"stream":"Unnamed hollow head, tributary to Clifton Creek","quad":"Scranton","gq":"GQ-1488","score_geology_only":52.5,"score_original":47.7,"top_pct_geology_only":85.0,"S":0.746,"D":0.246,"E":0.321,"I":0.493,"T":1.0,"R":0.3,"G":0.95,"dist_outline_km":18.1,"contact_class":"VERIFIED TARGET CONTACT (combined-unit top)","geo_conf":"Moderate-high","walk_start":"","source_zone_end":""}},{"type":"Feature","geometry":{"type":"Point","coordinates":[-83.5964,37.8617]},"properties":{"menifee_rank":1037,"id":3645,"stream":"Unnamed hollow head, tributary to Salt Fork","quad":"Pomeroyton","gq":"GQ-1184","score_geology_only":52.4,"score_original":51.4,"top_pct_geology_only":85.1,"S":0.805,"D":0.031,"E":0.528,"I":0.54,"T":1.0,"R":0.5,"G":0.95,"dist_outline_km":11.2,"contact_class":"VERIFIED TARGET CONTACT (combined-unit top)","geo_conf":"Moderate-high","walk_start":"","source_zone_end":""}},{"type":"Feature","geometry":{"type":"Point","coordinates":[-83.6286,37.8991]},"properties":{"menifee_rank":1038,"id":6207,"stream":"Unnamed ravine / small hollow, tributary to East Fork Indian Creek","quad":"Frenchburg","gq":"GQ-1390","score_geology_only":52.4,"score_original":51.4,"top_pct_geology_only":85.2,"S":0.751,"D":0.121,"E":0.488,"I":0.535,"T":1.0,"R":0.5,"G":0.95,"dist_outline_km":11.5,"contact_class":"VERIFIED TARGET CONTACT (combined-unit top)","geo_conf":"Moderate-high","walk_start":"","source_zone_end":""}},{"type":"Feature","geometry":{"type":"Point","coordinates":[-83.6237,37.8964]},"properties":{"menifee_rank":1039,"id":7042,"stream":"Unnamed branch, tributary to East Fork Indian Creek","quad":"Scranton","gq":"GQ-1488","score_geology_only":52.3,"score_original":51.4,"top_pct_geology_only":85.3,"S":0.703,"D":0.104,"E":0.446,"I":0.664,"T":1.0,"R":0.5,"G":0.95,"dist_outline_km":11.6,"contact_class":"VERIFIED TARGET CONTACT (combined-unit top)","geo_conf":"Moderate-high","walk_start":"","source_zone_end":""}},{"type":"Feature","geometry":{"type":"Point","coordinates":[-83.6293,37.8419]},"properties":{"menifee_rank":1040,"id":4375,"stream":"Unnamed hollow head, tributary to Wolfpen Creek","quad":"Slade","gq":"GQ-1183","score_geology_only":52.3,"score_original":51.3,"top_pct_geology_only":85.3,"S":0.708,"D":0.248,"E":0.494,"I":0.429,"T":1.0,"R":0.5,"G":0.95,"dist_outline_km":7.6,"contact_class":"VERIFIED TARGET CONTACT (combined-unit top)","geo_conf":"Moderate-high","walk_start":"","source_zone_end":""}},{"type":"Feature","geometry":{"type":"Point","coordinates":[-83.624,37.8972]},"properties":{"menifee_rank":1041,"id":4777,"stream":"Unnamed ravine / small hollow, tributary to East Fork Indian Creek","quad":"Scranton","gq":"GQ-1488","score_geology_only":52.2,"score_original":51.3,"top_pct_geology_only":85.4,"S":0.72,"D":0.108,"E":0.462,"I":0.614,"T":1.0,"R":0.5,"G":0.95,"dist_outline_km":11.6,"contact_class":"VERIFIED TARGET CONTACT (combined-unit top)","geo_conf":"Moderate-high","walk_start":"","source_zone_end":""}},{"type":"Feature","geometry":{"type":"Point","coordinates":[-83.5975,37.8628]},"properties":{"menifee_rank":1042,"id":1739,"stream":"Unnamed hollow head, tributary to Salt Fork","quad":"Pomeroyton","gq":"GQ-1184","score_geology_only":52.2,"score_original":51.3,"top_pct_geology_only":85.4,"S":0.799,"D":0.031,"E":0.529,"I":0.539,"T":1.0,"R":0.5,"G":0.95,"dist_outline_km":11.1,"contact_class":"VERIFIED TARGET CONTACT (combined-unit top)","geo_conf":"Moderate-high","walk_start":"","source_zone_end":""}},{"type":"Feature","geometry":{"type":"Point","coordinates":[-83.6303,37.8478]},"properties":{"menifee_rank":1043,"id":291,"stream":"Unnamed hollow head, tributary to Wolfpen Creek","quad":"Slade","gq":"GQ-1183","score_geology_only":52.1,"score_original":51.2,"top_pct_geology_only":85.5,"S":0.661,"D":0.221,"E":0.48,"I":0.544,"T":1.0,"R":0.5,"G":0.95,"dist_outline_km":7.8,"contact_class":"VERIFIED TARGET CONTACT (combined-unit top)","geo_conf":"Moderate-high","walk_start":"","source_zone_end":""}},{"type":"Feature","geometry":{"type":"Point","coordinates":[-83.5036,37.9513]},"properties":{"menifee_rank":1044,"id":277,"stream":"Unnamed hollow head, tributary to Brushy Fork","quad":"Scranton","gq":"GQ-1488","score_geology_only":52.1,"score_original":47.4,"top_pct_geology_only":85.6,"S":0.838,"D":0.106,"E":0.245,"I":0.558,"T":1.0,"R":0.3,"G":0.95,"dist_outline_km":23.5,"contact_class":"VERIFIED TARGET CONTACT (combined-unit top)","geo_conf":"Moderate-high","walk_start":"","source_zone_end":""}},{"type":"Feature","geometry":{"type":"Point","coordinates":[-83.6987,37.9121]},"properties":{"menifee_rank":1045,"id":4639,"stream":"Unnamed ravine / small hollow, tributary to Leatherwood Fork","quad":"Frenchburg","gq":"GQ-1390","score_geology_only":52.1,"score_original":51.2,"top_pct_geology_only":85.7,"S":0.636,"D":0.482,"E":0.223,"I":0.406,"T":1.0,"R":0.5,"G":0.95,"dist_outline_km":9.6,"contact_class":"VERIFIED TARGET CONTACT (combined-unit top)","geo_conf":"Moderate-high","walk_start":"","source_zone_end":""}},{"type":"Feature","geometry":{"type":"Point","coordinates":[-83.6063,37.8643]},"properties":{"menifee_rank":1046,"id":7241,"stream":"Round Meadow Branch, tributary to Salt Fork","quad":"Pomeroyton","gq":"GQ-1184","score_geology_only":52.1,"score_original":51.1,"top_pct_geology_only":85.7,"S":0.616,"D":0.123,"E":0.452,"I":0.765,"T":1.0,"R":0.5,"G":0.95,"dist_outline_km":10.5,"contact_class":"VERIFIED TARGET CONTACT (combined-unit top)","geo_conf":"Moderate-high","walk_start":"","source_zone_end":""}},{"type":"Feature","geometry":{"type":"Point","coordinates":[-83.6613,37.848]},"properties":{"menifee_rank":1047,"id":528,"stream":"Unnamed hollow head, tributary to Edward Branch","quad":"Slade","gq":"GQ-1183","score_geology_only":52.1,"score_original":51.2,"top_pct_geology_only":85.8,"S":0.627,"D":0.312,"E":0.437,"I":0.547,"T":0.936,"R":0.5,"G":0.95,"dist_outline_km":5.5,"contact_class":"VERIFIED TARGET CONTACT (combined-unit top)","geo_conf":"Moderate-high","walk_start":"","source_zone_end":""}},{"type":"Feature","geometry":{"type":"Point","coordinates":[-83.5977,37.8628]},"properties":{"menifee_rank":1048,"id":5412,"stream":"Unnamed ravine / small hollow, tributary to Salt Fork","quad":"Pomeroyton","gq":"GQ-1184","score_geology_only":52.1,"score_original":51.2,"top_pct_geology_only":85.8,"S":0.798,"D":0.03,"E":0.53,"I":0.533,"T":1.0,"R":0.5,"G":0.95,"dist_outline_km":11.1,"contact_class":"VERIFIED TARGET CONTACT (combined-unit top)","geo_conf":"Moderate-high","walk_start":"","source_zone_end":""}},{"type":"Feature","geometry":{"type":"Point","coordinates":[-83.5999,37.8661]},"properties":{"menifee_rank":1049,"id":1176,"stream":"Salt Fork, tributary to Gladie Creek","quad":"Pomeroyton","gq":"GQ-1184","score_geology_only":52.1,"score_original":51.1,"top_pct_geology_only":85.8,"S":0.636,"D":0.132,"E":0.458,"I":0.715,"T":1.0,"R":0.5,"G":0.95,"dist_outline_km":11.1,"contact_class":"VERIFIED TARGET CONTACT (combined-unit top)","geo_conf":"Moderate-high","walk_start":"","source_zone_end":""}},{"type":"Feature","geometry":{"type":"Point","coordinates":[-83.5964,37.8606]},"properties":{"menifee_rank":1050,"id":525,"stream":"Unnamed hollow head, tributary to Salt Fork","quad":"Pomeroyton","gq":"GQ-1184","score_geology_only":52.0,"score_original":51.1,"top_pct_geology_only":86.0,"S":0.808,"D":0.032,"E":0.533,"I":0.506,"T":1.0,"R":0.5,"G":0.95,"dist_outline_km":11.1,"contact_class":"VERIFIED TARGET CONTACT (combined-unit top)","geo_conf":"Moderate-high","walk_start":"","source_zone_end":""}},{"type":"Feature","geometry":{"type":"Point","coordinates":[-83.5073,37.959]},"properties":{"menifee_rank":1051,"id":3960,"stream":"Unnamed hollow head, tributary to Brushy Fork","quad":"Scranton","gq":"GQ-1488","score_geology_only":52.0,"score_original":47.3,"top_pct_geology_only":86.0,"S":0.912,"D":0.136,"E":0.264,"I":0.373,"T":1.0,"R":0.3,"G":0.95,"dist_outline_km":23.8,"contact_class":"VERIFIED TARGET CONTACT (combined-unit top)","geo_conf":"Moderate-high","walk_start":"","source_zone_end":""}},{"type":"Feature","geometry":{"type":"Point","coordinates":[-83.5831,37.9429]},"properties":{"menifee_rank":1052,"id":4759,"stream":"Unnamed ravine / small hollow, tributary to Clifton Creek","quad":"Scranton","gq":"GQ-1488","score_geology_only":52.0,"score_original":47.3,"top_pct_geology_only":86.0,"S":0.741,"D":0.242,"E":0.323,"I":0.477,"T":1.0,"R":0.3,"G":0.95,"dist_outline_km":17.8,"contact_class":"VERIFIED TARGET CONTACT (combined-unit top)","geo_conf":"Moderate-high","walk_start":"","source_zone_end":""}},{"type":"Feature","geometry":{"type":"Point","coordinates":[-83.584,37.9462]},"properties":{"menifee_rank":1053,"id":3739,"stream":"Unnamed hollow head, tributary to Clifton Creek","quad":"Scranton","gq":"GQ-1488","score_geology_only":51.9,"score_original":47.2,"top_pct_geology_only":86.1,"S":0.774,"D":0.269,"E":0.317,"I":0.389,"T":1.0,"R":0.3,"G":0.95,"dist_outline_km":18.1,"contact_class":"VERIFIED TARGET CONTACT (combined-unit top)","geo_conf":"Moderate-high","walk_start":"","source_zone_end":""}},{"type":"Feature","geometry":{"type":"Point","coordinates":[-83.6884,37.8673]},"properties":{"menifee_rank":1054,"id":7109,"stream":"Powder Mill Branch, tributary to Indian Creek","quad":"Slade","gq":"GQ-1183","score_geology_only":51.9,"score_original":51.0,"top_pct_geology_only":86.1,"S":0.499,"D":0.323,"E":0.49,"I":0.689,"T":0.955,"R":0.5,"G":0.95,"dist_outline_km":5.7,"contact_class":"VERIFIED TARGET CONTACT (combined-unit top)","geo_conf":"Moderate-high","walk_start":"","source_zone_end":""}},{"type":"Feature","geometry":{"type":"Point","coordinates":[-83.5057,37.9542]},"properties":{"menifee_rank":1055,"id":5962,"stream":"Unnamed ravine / small hollow, tributary to Brushy Fork","quad":"Scranton","gq":"GQ-1488","score_geology_only":51.9,"score_original":47.2,"top_pct_geology_only":86.1,"S":0.868,"D":0.118,"E":0.261,"I":0.47,"T":1.0,"R":0.3,"G":0.95,"dist_outline_km":23.5,"contact_class":"VERIFIED TARGET CONTACT (combined-unit top)","geo_conf":"Moderate-high","walk_start":"","source_zone_end":""}},{"type":"Feature","geometry":{"type":"Point","coordinates":[-83.6503,37.8373]},"properties":{"menifee_rank":1056,"id":6769,"stream":"Unnamed ravine / small hollow","quad":"Slade","gq":"GQ-1183","score_geology_only":51.9,"score_original":51.0,"top_pct_geology_only":86.2,"S":1.0,"D":0.013,"E":0.447,"I":0.665,"T":0.4,"R":0.5,"G":0.95,"dist_outline_km":5.7,"contact_class":"VERIFIED TARGET CONTACT (combined-unit top)","geo_conf":"Moderate-high","walk_start":"","source_zone_end":""}},{"type":"Feature","geometry":{"type":"Point","coordinates":[-83.5926,37.8548]},"properties":{"menifee_rank":1057,"id":1074,"stream":"Unnamed hollow head, tributary to Gladie Creek","quad":"Pomeroyton","gq":"GQ-1184","score_geology_only":51.9,"score_original":51.0,"top_pct_geology_only":86.3,"S":0.839,"D":0.034,"E":0.536,"I":0.445,"T":1.0,"R":0.5,"G":0.95,"dist_outline_km":11.2,"contact_class":"VERIFIED TARGET CONTACT (combined-unit top)","geo_conf":"Moderate-high","walk_start":"","source_zone_end":""}},{"type":"Feature","geometry":{"type":"Point","coordinates":[-83.6234,37.8959]},"properties":{"menifee_rank":1058,"id":7035,"stream":"Unnamed branch, tributary to East Fork Indian Creek","quad":"Scranton","gq":"GQ-1488","score_geology_only":51.9,"score_original":51.0,"top_pct_geology_only":86.3,"S":0.702,"D":0.104,"E":0.447,"I":0.638,"T":1.0,"R":0.5,"G":0.95,"dist_outline_km":11.5,"contact_class":"VERIFIED TARGET CONTACT (combined-unit top)","geo_conf":"Moderate-high","walk_start":"","source_zone_end":""}},{"type":"Feature","geometry":{"type":"Point","coordinates":[-83.6187,37.9001]},"properties":{"menifee_rank":1059,"id":7256,"stream":"Unnamed branch, tributary to East Fork Indian Creek","quad":"Scranton","gq":"GQ-1488","score_geology_only":51.8,"score_original":50.9,"top_pct_geology_only":86.4,"S":0.673,"D":0.097,"E":0.43,"I":0.703,"T":1.0,"R":0.5,"G":0.95,"dist_outline_km":12.2,"contact_class":"VERIFIED TARGET CONTACT (combined-unit top)","geo_conf":"Moderate-high","walk_start":"","source_zone_end":""}},{"type":"Feature","geometry":{"type":"Point","coordinates":[-83.6252,37.8966]},"properties":{"menifee_rank":1060,"id":6430,"stream":"Unnamed ravine / small hollow, tributary to East Fork Indian Creek","quad":"Frenchburg","gq":"GQ-1390","score_geology_only":51.8,"score_original":50.9,"top_pct_geology_only":86.4,"S":0.703,"D":0.104,"E":0.446,"I":0.633,"T":1.0,"R":0.5,"G":0.95,"dist_outline_km":11.5,"contact_class":"VERIFIED TARGET CONTACT (combined-unit top)","geo_conf":"Moderate-high","walk_start":"","source_zone_end":""}},{"type":"Feature","geometry":{"type":"Point","coordinates":[-83.5915,37.8545]},"properties":{"menifee_rank":1061,"id":961,"stream":"Unnamed hollow head, tributary to Gladie Creek","quad":"Pomeroyton","gq":"GQ-1184","score_geology_only":51.7,"score_original":50.9,"top_pct_geology_only":86.6,"S":0.827,"D":0.034,"E":0.541,"I":0.453,"T":1.0,"R":0.5,"G":0.95,"dist_outline_km":11.2,"contact_class":"VERIFIED TARGET CONTACT (combined-unit top)","geo_conf":"Moderate-high","walk_start":"","source_zone_end":""}},{"type":"Feature","geometry":{"type":"Point","coordinates":[-83.5869,37.8595]},"properties":{"menifee_rank":1062,"id":6321,"stream":"Gladie Creek","quad":"Pomeroyton","gq":"GQ-1184","score_geology_only":51.7,"score_original":50.9,"top_pct_geology_only":86.7,"S":0.785,"D":0.029,"E":0.525,"I":0.539,"T":1.0,"R":0.5,"G":0.95,"dist_outline_km":11.8,"contact_class":"VERIFIED TARGET CONTACT (combined-unit top)","geo_conf":"Moderate-high","walk_start":"","source_zone_end":""}},{"type":"Feature","geometry":{"type":"Point","coordinates":[-83.6523,37.8374]},"properties":{"menifee_rank":1063,"id":6318,"stream":"Unnamed ravine / small hollow, tributary to Red River","quad":"Slade","gq":"GQ-1183","score_geology_only":51.7,"score_original":50.8,"top_pct_geology_only":86.7,"S":1.0,"D":0.013,"E":0.447,"I":0.653,"T":0.4,"R":0.5,"G":0.95,"dist_outline_km":5.6,"contact_class":"VERIFIED TARGET CONTACT (combined-unit top)","geo_conf":"Moderate-high","walk_start":"","source_zone_end":""}},{"type":"Feature","geometry":{"type":"Point","coordinates":[-83.7229,37.9186]},"properties":{"menifee_rank":1064,"id":4516,"stream":"Unnamed ravine / small hollow, tributary to Hawkins Branch","quad":"Frenchburg","gq":"GQ-1390","score_geology_only":51.6,"score_original":50.8,"top_pct_geology_only":86.9,"S":0.631,"D":0.606,"E":0.263,"I":0.196,"T":1.0,"R":0.5,"G":0.95,"dist_outline_km":9.7,"contact_class":"VERIFIED TARGET CONTACT (combined-unit top)","geo_conf":"Moderate-high","walk_start":"","source_zone_end":""}},{"type":"Feature","geometry":{"type":"Point","coordinates":[-83.6335,37.8495]},"properties":{"menifee_rank":1065,"id":6947,"stream":"Unnamed branch, tributary to Wolfpen Creek","quad":"Slade","gq":"GQ-1183","score_geology_only":51.6,"score_original":50.8,"top_pct_geology_only":87.0,"S":0.618,"D":0.196,"E":0.464,"I":0.63,"T":1.0,"R":0.5,"G":0.95,"dist_outline_km":7.6,"contact_class":"VERIFIED TARGET CONTACT (combined-unit top)","geo_conf":"Moderate-high","walk_start":"","source_zone_end":""}},{"type":"Feature","geometry":{"type":"Point","coordinates":[-83.5092,37.9622]},"properties":{"menifee_rank":1066,"id":624,"stream":"Unnamed hollow head, tributary to Brushy Fork","quad":"Scranton","gq":"GQ-1488","score_geology_only":51.6,"score_original":47.0,"top_pct_geology_only":87.0,"S":0.957,"D":0.152,"E":0.291,"I":0.239,"T":1.0,"R":0.3,"G":0.95,"dist_outline_km":23.9,"contact_class":"VERIFIED TARGET CONTACT (combined-unit top)","geo_conf":"Moderate-high","walk_start":"","source_zone_end":""}},{"type":"Feature","geometry":{"type":"Point","coordinates":[-83.6548,37.9342]},"properties":{"menifee_rank":1067,"id":6742,"stream":"Unnamed ravine / small hollow, tributary to Indian Creek","quad":"Frenchburg","gq":"GQ-1390","score_geology_only":51.6,"score_original":50.8,"top_pct_geology_only":87.1,"S":0.584,"D":0.42,"E":0.375,"I":0.445,"T":1.0,"R":0.5,"G":0.95,"dist_outline_km":13.5,"contact_class":"VERIFIED TARGET CONTACT (combined-unit top)","geo_conf":"Moderate-high","walk_start":"","source_zone_end":""}},{"type":"Feature","geometry":{"type":"Point","coordinates":[-83.5011,37.9889]},"properties":{"menifee_rank":1068,"id":4604,"stream":"Unnamed ravine / small hollow, tributary to Cold Cave Creek","quad":"Scranton","gq":"GQ-1488","score_geology_only":51.6,"score_original":46.9,"top_pct_geology_only":87.2,"S":1.0,"D":0.218,"E":0.184,"I":0.356,"T":0.688,"R":0.3,"G":0.95,"dist_outline_km":26.4,"contact_class":"VERIFIED TARGET CONTACT (combined-unit top)","geo_conf":"Moderate-high","walk_start":"","source_zone_end":""}},{"type":"Feature","geometry":{"type":"Point","coordinates":[-83.6093,37.9428]},"properties":{"menifee_rank":1069,"id":7054,"stream":"Tolan Creek, tributary to Beaver Creek","quad":"Scranton","gq":"GQ-1488","score_geology_only":51.5,"score_original":46.9,"top_pct_geology_only":87.2,"S":0.562,"D":0.472,"E":0.167,"I":0.55,"T":1.0,"R":0.3,"G":0.95,"dist_outline_km":16.5,"contact_class":"VERIFIED TARGET CONTACT (combined-unit top)","geo_conf":"Moderate-high","walk_start":"","source_zone_end":""}},{"type":"Feature","geometry":{"type":"Point","coordinates":[-83.6661,37.8475]},"properties":{"menifee_rank":1070,"id":3685,"stream":"Unnamed hollow head, tributary to Red River","quad":"Slade","gq":"GQ-1183","score_geology_only":51.5,"score_original":50.7,"top_pct_geology_only":87.2,"S":1.0,"D":0.017,"E":0.434,"I":0.648,"T":0.4,"R":0.5,"G":0.95,"dist_outline_km":5.1,"contact_class":"VERIFIED TARGET CONTACT (combined-unit top)","geo_conf":"Moderate-high","walk_start":"","source_zone_end":""}},{"type":"Feature","geometry":{"type":"Point","coordinates":[-83.7244,37.9171]},"properties":{"menifee_rank":1071,"id":4,"stream":"Unnamed hollow head, tributary to Hawkins Branch","quad":"Frenchburg","gq":"GQ-1390","score_geology_only":51.5,"score_original":50.7,"top_pct_geology_only":87.3,"S":0.669,"D":0.648,"E":0.265,"I":0.075,"T":0.99,"R":0.5,"G":0.95,"dist_outline_km":9.5,"contact_class":"VERIFIED TARGET CONTACT (combined-unit top)","geo_conf":"Moderate-high","walk_start":"","source_zone_end":""}},{"type":"Feature","geometry":{"type":"Point","coordinates":[-83.6408,37.8432]},"properties":{"menifee_rank":1072,"id":6986,"stream":"Dunkan Branch, tributary to Red River","quad":"Slade","gq":"GQ-1183","score_geology_only":51.5,"score_original":50.7,"top_pct_geology_only":87.4,"S":0.485,"D":0.416,"E":0.265,"I":0.683,"T":1.0,"R":0.5,"G":0.95,"dist_outline_km":6.7,"contact_class":"VERIFIED TARGET CONTACT (combined-unit top)","geo_conf":"Moderate-high","walk_start":"","source_zone_end":""}},{"type":"Feature","geometry":{"type":"Point","coordinates":[-83.6236,37.9026]},"properties":{"menifee_rank":1073,"id":1645,"stream":"East Fork Indian Creek","quad":"Scranton","gq":"GQ-1488","score_geology_only":51.3,"score_original":50.6,"top_pct_geology_only":87.6,"S":0.7,"D":0.103,"E":0.446,"I":0.614,"T":1.0,"R":0.5,"G":0.95,"dist_outline_km":12.1,"contact_class":"VERIFIED TARGET CONTACT (combined-unit top)","geo_conf":"Moderate-high","walk_start":"","source_zone_end":""}},{"type":"Feature","geometry":{"type":"Point","coordinates":[-83.5922,37.8548]},"properties":{"menifee_rank":1074,"id":406,"stream":"Unnamed hollow head, tributary to Gladie Creek","quad":"Pomeroyton","gq":"GQ-1184","score_geology_only":51.3,"score_original":50.5,"top_pct_geology_only":87.6,"S":0.829,"D":0.034,"E":0.541,"I":0.427,"T":1.0,"R":0.5,"G":0.95,"dist_outline_km":11.2,"contact_class":"VERIFIED TARGET CONTACT (combined-unit top)","geo_conf":"Moderate-high","walk_start":"","source_zone_end":""}},{"type":"Feature","geometry":{"type":"Point","coordinates":[-83.6814,37.9573]},"properties":{"menifee_rank":1075,"id":5763,"stream":"Unnamed ravine / small hollow, tributary to Bull Fork","quad":"Frenchburg","gq":"GQ-1390","score_geology_only":51.3,"score_original":50.5,"top_pct_geology_only":87.7,"S":0.623,"D":0.682,"E":0.142,"I":0.17,"T":1.0,"R":0.5,"G":0.95,"dist_outline_km":14.8,"contact_class":"VERIFIED TARGET CONTACT (combined-unit top)","geo_conf":"Moderate-high","walk_start":"","source_zone_end":""}},{"type":"Feature","geometry":{"type":"Point","coordinates":[-83.7011,37.9107]},"properties":{"menifee_rank":1076,"id":5281,"stream":"Unnamed ravine / small hollow, tributary to Leatherwood Fork","quad":"Frenchburg","gq":"GQ-1390","score_geology_only":51.2,"score_original":50.5,"top_pct_geology_only":87.7,"S":0.61,"D":0.46,"E":0.185,"I":0.457,"T":1.0,"R":0.5,"G":0.95,"dist_outline_km":9.3,"contact_class":"VERIFIED TARGET CONTACT (combined-unit top)","geo_conf":"Moderate-high","walk_start":"","source_zone_end":""}},{"type":"Feature","geometry":{"type":"Point","coordinates":[-83.5037,37.9519]},"properties":{"menifee_rank":1077,"id":276,"stream":"Unnamed hollow head, tributary to Brushy Fork","quad":"Scranton","gq":"GQ-1488","score_geology_only":51.2,"score_original":46.7,"top_pct_geology_only":87.8,"S":0.837,"D":0.106,"E":0.244,"I":0.51,"T":1.0,"R":0.3,"G":0.95,"dist_outline_km":23.5,"contact_class":"VERIFIED TARGET CONTACT (combined-unit top)","geo_conf":"Moderate-high","walk_start":"","source_zone_end":""}},{"type":"Feature","geometry":{"type":"Point","coordinates":[-83.6378,37.9169]},"properties":{"menifee_rank":1078,"id":7255,"stream":"Big Amos Creek, tributary to East Fork Indian Creek","quad":"Frenchburg","gq":"GQ-1390","score_geology_only":51.2,"score_original":50.5,"top_pct_geology_only":87.9,"S":0.547,"D":0.157,"E":0.597,"I":0.689,"T":1.0,"R":0.5,"G":0.95,"dist_outline_km":12.7,"contact_class":"VERIFIED TARGET CONTACT (combined-unit top)","geo_conf":"Moderate-high","walk_start":"","source_zone_end":""}},{"type":"Feature","geometry":{"type":"Point","coordinates":[-83.6722,37.9387]},"properties":{"menifee_rank":1079,"id":6981,"stream":"Susans Branch, tributary to Indian Creek","quad":"Frenchburg","gq":"GQ-1390","score_geology_only":51.2,"score_original":50.5,"top_pct_geology_only":87.9,"S":0.453,"D":0.45,"E":0.455,"I":0.549,"T":1.0,"R":0.5,"G":0.95,"dist_outline_km":13.2,"contact_class":"VERIFIED TARGET CONTACT (combined-unit top)","geo_conf":"Moderate-high","walk_start":"","source_zone_end":""}},{"type":"Feature","geometry":{"type":"Point","coordinates":[-83.5126,37.9626]},"properties":{"menifee_rank":1080,"id":1543,"stream":"Unnamed hollow head, tributary to Brushy Fork","quad":"Scranton","gq":"GQ-1488","score_geology_only":51.1,"score_original":46.6,"top_pct_geology_only":88.1,"S":0.957,"D":0.152,"E":0.291,"I":0.211,"T":1.0,"R":0.3,"G":0.95,"dist_outline_km":23.7,"contact_class":"VERIFIED TARGET CONTACT (combined-unit top)","geo_conf":"Moderate-high","walk_start":"","source_zone_end":""}},{"type":"Feature","geometry":{"type":"Point","coordinates":[-83.6396,37.9136]},"properties":{"menifee_rank":1081,"id":3397,"stream":"Unnamed hollow head, tributary to Big Amos Creek","quad":"Frenchburg","gq":"GQ-1390","score_geology_only":51.1,"score_original":50.4,"top_pct_geology_only":88.1,"S":0.593,"D":0.18,"E":0.603,"I":0.571,"T":1.0,"R":0.5,"G":0.95,"dist_outline_km":12.3,"contact_class":"VERIFIED TARGET CONTACT (combined-unit top)","geo_conf":"Moderate-high","walk_start":"","source_zone_end":""}},{"type":"Feature","geometry":{"type":"Point","coordinates":[-83.5076,37.9594]},"properties":{"menifee_rank":1082,"id":3892,"stream":"Unnamed hollow head, tributary to Brushy Fork","quad":"Scranton","gq":"GQ-1488","score_geology_only":51.0,"score_original":46.5,"top_pct_geology_only":88.2,"S":0.912,"D":0.136,"E":0.264,"I":0.321,"T":1.0,"R":0.3,"G":0.95,"dist_outline_km":23.8,"contact_class":"VERIFIED TARGET CONTACT (combined-unit top)","geo_conf":"Moderate-high","walk_start":"","source_zone_end":""}},{"type":"Feature","geometry":{"type":"Point","coordinates":[-83.7203,37.9176]},"properties":{"menifee_rank":1083,"id":2910,"stream":"Unnamed hollow head, tributary to Hawkins Branch","quad":"Frenchburg","gq":"GQ-1390","score_geology_only":51.0,"score_original":50.3,"top_pct_geology_only":88.2,"S":0.635,"D":0.611,"E":0.262,"I":0.15,"T":1.0,"R":0.5,"G":0.95,"dist_outline_km":9.6,"contact_class":"VERIFIED TARGET CONTACT (combined-unit top)","geo_conf":"Moderate-high","walk_start":"","source_zone_end":""}},{"type":"Feature","geometry":{"type":"Point","coordinates":[-83.5906,37.9515]},"properties":{"menifee_rank":1084,"id":2589,"stream":"Unnamed hollow head, tributary to Clifton Creek","quad":"Scranton","gq":"GQ-1488","score_geology_only":51.0,"score_original":46.5,"top_pct_geology_only":88.2,"S":0.746,"D":0.246,"E":0.321,"I":0.412,"T":1.0,"R":0.3,"G":0.95,"dist_outline_km":18.2,"contact_class":"VERIFIED TARGET CONTACT (combined-unit top)","geo_conf":"Moderate-high","walk_start":"","source_zone_end":""}},{"type":"Feature","geometry":{"type":"Point","coordinates":[-83.541,37.9424]},"properties":{"menifee_rank":1085,"id":6879,"stream":"Unnamed ravine / small hollow, tributary to Meyers Fork","quad":"Scranton","gq":"GQ-1488","score_geology_only":51.0,"score_original":46.5,"top_pct_geology_only":88.3,"S":0.737,"D":0.156,"E":0.2,"I":0.625,"T":1.0,"R":0.3,"G":0.95,"dist_outline_km":20.3,"contact_class":"VERIFIED TARGET CONTACT (combined-unit top)","geo_conf":"Moderate-high","walk_start":"","source_zone_end":""}},{"type":"Feature","geometry":{"type":"Point","coordinates":[-83.6014,37.9545]},"properties":{"menifee_rank":1086,"id":6943,"stream":"Long Branch, tributary to Clifton Creek","quad":"Scranton","gq":"GQ-1488","score_geology_only":50.9,"score_original":46.4,"top_pct_geology_only":88.5,"S":0.565,"D":0.645,"E":0.068,"I":0.343,"T":1.0,"R":0.3,"G":0.95,"dist_outline_km":17.9,"contact_class":"VERIFIED TARGET CONTACT (combined-unit top)","geo_conf":"Moderate-high","walk_start":"","source_zone_end":""}},{"type":"Feature","geometry":{"type":"Point","coordinates":[-83.6402,37.8431]},"properties":{"menifee_rank":1087,"id":5820,"stream":"Dunkan Branch, tributary to Red River","quad":"Slade","gq":"GQ-1183","score_geology_only":50.9,"score_original":50.2,"top_pct_geology_only":88.5,"S":0.485,"D":0.416,"E":0.265,"I":0.65,"T":1.0,"R":0.5,"G":0.95,"dist_outline_km":6.8,"contact_class":"VERIFIED TARGET CONTACT (combined-unit top)","geo_conf":"Moderate-high","walk_start":"","source_zone_end":""}},{"type":"Feature","geometry":{"type":"Point","coordinates":[-83.617,37.8385]},"properties":{"menifee_rank":1088,"id":5736,"stream":"Unnamed ravine / small hollow, tributary to Greasy Branch","quad":"Pomeroyton","gq":"GQ-1184","score_geology_only":50.9,"score_original":50.2,"top_pct_geology_only":88.6,"S":1.0,"D":0.007,"E":0.434,"I":0.569,"T":0.482,"R":0.5,"G":0.95,"dist_outline_km":8.5,"contact_class":"VERIFIED TARGET CONTACT (combined-unit top)","geo_conf":"Moderate-high","walk_start":"","source_zone_end":""}},{"type":"Feature","geometry":{"type":"Point","coordinates":[-83.63,37.8506]},"properties":{"menifee_rank":1089,"id":5159,"stream":"Unnamed ravine / small hollow, tributary to Wolfpen Creek","quad":"Slade","gq":"GQ-1183","score_geology_only":50.8,"score_original":50.2,"top_pct_geology_only":88.6,"S":0.609,"D":0.19,"E":0.454,"I":0.617,"T":1.0,"R":0.5,"G":0.95,"dist_outline_km":8.0,"contact_class":"VERIFIED TARGET CONTACT (combined-unit top)","geo_conf":"Moderate-high","walk_start":"","source_zone_end":""}},{"type":"Feature","geometry":{"type":"Point","coordinates":[-83.6682,37.8469]},"properties":{"menifee_rank":1090,"id":2601,"stream":"Unnamed hollow head, tributary to Red River","quad":"Slade","gq":"GQ-1183","score_geology_only":50.8,"score_original":54.9,"top_pct_geology_only":88.7,"S":1.0,"D":0.017,"E":0.435,"I":0.607,"T":0.4,"R":0.75,"G":0.95,"dist_outline_km":4.9,"contact_class":"VERIFIED TARGET CONTACT (combined-unit top)","geo_conf":"Moderate-high","walk_start":"","source_zone_end":""}},{"type":"Feature","geometry":{"type":"Point","coordinates":[-83.6075,37.9449]},"properties":{"menifee_rank":1091,"id":6787,"stream":"Unnamed ravine / small hollow, tributary to Tolan Creek","quad":"Scranton","gq":"GQ-1488","score_geology_only":50.8,"score_original":46.3,"top_pct_geology_only":88.7,"S":0.562,"D":0.471,"E":0.167,"I":0.509,"T":1.0,"R":0.3,"G":0.95,"dist_outline_km":16.7,"contact_class":"VERIFIED TARGET CONTACT (combined-unit top)","geo_conf":"Moderate-high","walk_start":"","source_zone_end":""}},{"type":"Feature","geometry":{"type":"Point","coordinates":[-83.5409,37.9478]},"properties":{"menifee_rank":1092,"id":1360,"stream":"Unnamed hollow head, tributary to Meyers Fork","quad":"Scranton","gq":"GQ-1488","score_geology_only":50.8,"score_original":46.3,"top_pct_geology_only":88.8,"S":0.902,"D":0.216,"E":0.23,"I":0.239,"T":1.0,"R":0.3,"G":0.95,"dist_outline_km":20.7,"contact_class":"VERIFIED TARGET CONTACT (combined-unit top)","geo_conf":"Moderate-high","walk_start":"","source_zone_end":""}},{"type":"Feature","geometry":{"type":"Point","coordinates":[-83.6811,37.9567]},"properties":{"menifee_rank":1093,"id":3893,"stream":"Unnamed hollow head, tributary to Bull Fork","quad":"Frenchburg","gq":"GQ-1390","score_geology_only":50.8,"score_original":50.1,"top_pct_geology_only":88.8,"S":0.593,"D":0.648,"E":0.142,"I":0.236,"T":1.0,"R":0.5,"G":0.95,"dist_outline_km":14.7,"contact_class":"VERIFIED TARGET CONTACT (combined-unit top)","geo_conf":"Moderate-high","walk_start":"","source_zone_end":""}},{"type":"Feature","geometry":{"type":"Point","coordinates":[-83.5998,37.9562]},"properties":{"menifee_rank":1094,"id":5998,"stream":"Unnamed ravine / small hollow, tributary to Long Branch","quad":"Scranton","gq":"GQ-1488","score_geology_only":50.7,"score_original":46.3,"top_pct_geology_only":89.0,"S":0.571,"D":0.654,"E":0.07,"I":0.311,"T":1.0,"R":0.3,"G":0.95,"dist_outline_km":18.2,"contact_class":"VERIFIED TARGET CONTACT (combined-unit top)","geo_conf":"Moderate-high","walk_start":"","source_zone_end":""}},{"type":"Feature","geometry":{"type":"Point","coordinates":[-83.6713,37.9382]},"properties":{"menifee_rank":1095,"id":6534,"stream":"Unnamed ravine / small hollow, tributary to Susans Branch","quad":"Frenchburg","gq":"GQ-1390","score_geology_only":50.7,"score_original":50.1,"top_pct_geology_only":89.0,"S":0.453,"D":0.45,"E":0.455,"I":0.521,"T":1.0,"R":0.5,"G":0.95,"dist_outline_km":13.2,"contact_class":"VERIFIED TARGET CONTACT (combined-unit top)","geo_conf":"Moderate-high","walk_start":"","source_zone_end":""}},{"type":"Feature","geometry":{"type":"Point","coordinates":[-83.6197,37.9]},"properties":{"menifee_rank":1096,"id":3312,"stream":"Unnamed hollow head, tributary to East Fork Indian Creek","quad":"Scranton","gq":"GQ-1488","score_geology_only":50.6,"score_original":50.0,"top_pct_geology_only":89.3,"S":0.678,"D":0.098,"E":0.431,"I":0.624,"T":1.0,"R":0.5,"G":0.95,"dist_outline_km":12.1,"contact_class":"VERIFIED TARGET CONTACT (combined-unit top)","geo_conf":"Moderate-high","walk_start":"","source_zone_end":""}},{"type":"Feature","geometry":{"type":"Point","coordinates":[-83.6384,37.9126]},"properties":{"menifee_rank":1097,"id":5,"stream":"Unnamed hollow head, tributary to Big Amos Creek","quad":"Frenchburg","gq":"GQ-1390","score_geology_only":50.5,"score_original":49.9,"top_pct_geology_only":89.4,"S":0.598,"D":0.183,"E":0.603,"I":0.528,"T":1.0,"R":0.5,"G":0.95,"dist_outline_km":12.3,"contact_class":"VERIFIED TARGET CONTACT (combined-unit top)","geo_conf":"Moderate-high","walk_start":"","source_zone_end":""}},{"type":"Feature","geometry":{"type":"Point","coordinates":[-83.5916,37.9519]},"properties":{"menifee_rank":1098,"id":3869,"stream":"Unnamed hollow head, tributary to Clifton Creek","quad":"Scranton","gq":"GQ-1488","score_geology_only":50.5,"score_original":46.1,"top_pct_geology_only":89.4,"S":0.74,"D":0.241,"E":0.324,"I":0.398,"T":1.0,"R":0.3,"G":0.95,"dist_outline_km":18.2,"contact_class":"VERIFIED TARGET CONTACT (combined-unit top)","geo_conf":"Moderate-high","walk_start":"","source_zone_end":""}},{"type":"Feature","geometry":{"type":"Point","coordinates":[-83.6386,37.9173]},"properties":{"menifee_rank":1099,"id":2711,"stream":"Unnamed hollow head, tributary to Big Amos Creek","quad":"Frenchburg","gq":"GQ-1390","score_geology_only":50.5,"score_original":49.9,"top_pct_geology_only":89.4,"S":0.534,"D":0.149,"E":0.583,"I":0.691,"T":1.0,"R":0.5,"G":0.95,"dist_outline_km":12.7,"contact_class":"VERIFIED TARGET CONTACT (combined-unit top)","geo_conf":"Moderate-high","walk_start":"","source_zone_end":""}},{"type":"Feature","geometry":{"type":"Point","coordinates":[-83.6017,37.9544]},"properties":{"menifee_rank":1100,"id":6900,"stream":"Long Branch, tributary to Clifton Creek","quad":"Scranton","gq":"GQ-1488","score_geology_only":50.3,"score_original":45.9,"top_pct_geology_only":89.7,"S":0.554,"D":0.63,"E":0.063,"I":0.351,"T":1.0,"R":0.3,"G":0.95,"dist_outline_km":17.9,"contact_class":"VERIFIED TARGET CONTACT (combined-unit top)","geo_conf":"Moderate-high","walk_start":"","source_zone_end":""}},{"type":"Feature","geometry":{"type":"Point","coordinates":[-83.688,37.8667]},"properties":{"menifee_rank":1101,"id":7120,"stream":"Powder Mill Branch, tributary to Indian Creek","quad":"Slade","gq":"GQ-1183","score_geology_only":50.2,"score_original":49.7,"top_pct_geology_only":89.8,"S":0.499,"D":0.322,"E":0.49,"I":0.591,"T":0.959,"R":0.5,"G":0.95,"dist_outline_km":5.6,"contact_class":"VERIFIED TARGET CONTACT (combined-unit top)","geo_conf":"Moderate-high","walk_start":"","source_zone_end":""}},{"type":"Feature","geometry":{"type":"Point","coordinates":[-83.5833,37.9416]},"properties":{"menifee_rank":1102,"id":4627,"stream":"Unnamed ravine / small hollow, tributary to Clifton Creek","quad":"Scranton","gq":"GQ-1488","score_geology_only":50.2,"score_original":45.8,"top_pct_geology_only":89.9,"S":0.716,"D":0.225,"E":0.33,"I":0.437,"T":1.0,"R":0.3,"G":0.95,"dist_outline_km":17.7,"contact_class":"VERIFIED TARGET CONTACT (combined-unit top)","geo_conf":"Moderate-high","walk_start":"","source_zone_end":""}},{"type":"Feature","geometry":{"type":"Point","coordinates":[-83.6756,37.9614]},"properties":{"menifee_rank":1103,"id":2588,"stream":"Unnamed hollow head, tributary to Beaver Creek","quad":"Frenchburg","gq":"GQ-1390","score_geology_only":50.1,"score_original":45.8,"top_pct_geology_only":90.0,"S":0.524,"D":0.728,"E":0.111,"I":0.228,"T":1.0,"R":0.3,"G":0.95,"dist_outline_km":15.4,"contact_class":"VERIFIED TARGET CONTACT (combined-unit top)","geo_conf":"Moderate-high","walk_start":"","source_zone_end":""}},{"type":"Feature","geometry":{"type":"Point","coordinates":[-83.6386,37.9155]},"properties":{"menifee_rank":1104,"id":5735,"stream":"Unnamed ravine / small hollow, tributary to Big Amos Creek","quad":"Frenchburg","gq":"GQ-1390","score_geology_only":50.1,"score_original":49.5,"top_pct_geology_only":90.1,"S":0.553,"D":0.16,"E":0.593,"I":0.613,"T":1.0,"R":0.5,"G":0.95,"dist_outline_km":12.5,"contact_class":"VERIFIED TARGET CONTACT (combined-unit top)","geo_conf":"Moderate-high","walk_start":"","source_zone_end":""}},{"type":"Feature","geometry":{"type":"Point","coordinates":[-83.6015,37.9552]},"properties":{"menifee_rank":1105,"id":4962,"stream":"Unnamed ravine / small hollow, tributary to Long Branch","quad":"Scranton","gq":"GQ-1488","score_geology_only":50.0,"score_original":45.7,"top_pct_geology_only":90.1,"S":0.565,"D":0.645,"E":0.068,"I":0.296,"T":1.0,"R":0.3,"G":0.95,"dist_outline_km":18.0,"contact_class":"VERIFIED TARGET CONTACT (combined-unit top)","geo_conf":"Moderate-high","walk_start":"","source_zone_end":""}},{"type":"Feature","geometry":{"type":"Point","coordinates":[-83.5939,37.9517]},"properties":{"menifee_rank":1106,"id":6303,"stream":"Unnamed ravine / small hollow, tributary to Clifton Creek","quad":"Scranton","gq":"GQ-1488","score_geology_only":50.0,"score_original":45.7,"top_pct_geology_only":90.1,"S":0.716,"D":0.225,"E":0.33,"I":0.429,"T":1.0,"R":0.3,"G":0.95,"dist_outline_km":18.0,"contact_class":"VERIFIED TARGET CONTACT (combined-unit top)","geo_conf":"Moderate-high","walk_start":"","source_zone_end":""}},{"type":"Feature","geometry":{"type":"Point","coordinates":[-83.6728,37.938]},"properties":{"menifee_rank":1107,"id":3394,"stream":"Unnamed hollow head, tributary to Susans Branch","quad":"Frenchburg","gq":"GQ-1390","score_geology_only":50.0,"score_original":49.5,"top_pct_geology_only":90.2,"S":0.453,"D":0.45,"E":0.455,"I":0.483,"T":1.0,"R":0.5,"G":0.95,"dist_outline_km":13.1,"contact_class":"VERIFIED TARGET CONTACT (combined-unit top)","geo_conf":"Moderate-high","walk_start":"","source_zone_end":""}},{"type":"Feature","geometry":{"type":"Point","coordinates":[-83.6594,37.8388]},"properties":{"menifee_rank":1108,"id":3002,"stream":"Unnamed hollow head","quad":"Slade","gq":"GQ-1183","score_geology_only":49.9,"score_original":49.4,"top_pct_geology_only":90.4,"S":1.0,"D":0.015,"E":0.436,"I":0.558,"T":0.4,"R":0.5,"G":0.95,"dist_outline_km":5.1,"contact_class":"VERIFIED TARGET CONTACT (combined-unit top)","geo_conf":"Moderate-high","walk_start":"","source_zone_end":""}},{"type":"Feature","geometry":{"type":"Point","coordinates":[-83.6219,37.8364]},"properties":{"menifee_rank":1109,"id":6121,"stream":"Unnamed ravine / small hollow","quad":"Pomeroyton","gq":"GQ-1184","score_geology_only":49.8,"score_original":49.3,"top_pct_geology_only":90.7,"S":1.0,"D":0.007,"E":0.435,"I":0.561,"T":0.4,"R":0.5,"G":0.95,"dist_outline_km":8.0,"contact_class":"VERIFIED TARGET CONTACT (combined-unit top)","geo_conf":"Moderate-high","walk_start":"","source_zone_end":""}},{"type":"Feature","geometry":{"type":"Point","coordinates":[-83.5936,37.9519]},"properties":{"menifee_rank":1110,"id":3434,"stream":"Unnamed hollow head, tributary to Clifton Creek","quad":"Scranton","gq":"GQ-1488","score_geology_only":49.7,"score_original":45.5,"top_pct_geology_only":90.8,"S":0.716,"D":0.225,"E":0.33,"I":0.411,"T":1.0,"R":0.3,"G":0.95,"dist_outline_km":18.1,"contact_class":"VERIFIED TARGET CONTACT (combined-unit top)","geo_conf":"Moderate-high","walk_start":"","source_zone_end":""}},{"type":"Feature","geometry":{"type":"Point","coordinates":[-83.6317,37.8445]},"properties":{"menifee_rank":1111,"id":410,"stream":"Unnamed hollow head, tributary to Wolfpen Creek","quad":"Slade","gq":"GQ-1183","score_geology_only":49.7,"score_original":49.3,"top_pct_geology_only":90.8,"S":0.684,"D":0.237,"E":0.489,"I":0.341,"T":1.0,"R":0.5,"G":0.95,"dist_outline_km":7.5,"contact_class":"VERIFIED TARGET CONTACT (combined-unit top)","geo_conf":"Moderate-high","walk_start":"","source_zone_end":""}},{"type":"Feature","geometry":{"type":"Point","coordinates":[-83.6315,37.8538]},"properties":{"menifee_rank":1112,"id":7274,"stream":"Wolfpen Creek","quad":"Slade","gq":"GQ-1183","score_geology_only":49.6,"score_original":49.2,"top_pct_geology_only":90.9,"S":0.551,"D":0.164,"E":0.426,"I":0.699,"T":1.0,"R":0.5,"G":0.95,"dist_outline_km":8.0,"contact_class":"VERIFIED TARGET CONTACT (combined-unit top)","geo_conf":"Moderate-high","walk_start":"","source_zone_end":""}},{"type":"Feature","geometry":{"type":"Point","coordinates":[-83.6344,37.9362]},"properties":{"menifee_rank":1113,"id":7253,"stream":"Adams Creek, tributary to Beaver Creek","quad":"Frenchburg","gq":"GQ-1390","score_geology_only":49.6,"score_original":49.2,"top_pct_geology_only":90.9,"S":0.62,"D":0.254,"E":0.4,"I":0.481,"T":1.0,"R":0.5,"G":0.95,"dist_outline_km":14.7,"contact_class":"VERIFIED TARGET CONTACT (combined-unit top)","geo_conf":"Moderate-high","walk_start":"","source_zone_end":""}},{"type":"Feature","geometry":{"type":"Point","coordinates":[-83.6594,37.8386]},"properties":{"menifee_rank":1114,"id":1281,"stream":"Unnamed hollow head","quad":"Slade","gq":"GQ-1183","score_geology_only":49.6,"score_original":49.2,"top_pct_geology_only":91.0,"S":1.0,"D":0.015,"E":0.436,"I":0.542,"T":0.4,"R":0.5,"G":0.95,"dist_outline_km":5.0,"contact_class":"VERIFIED TARGET CONTACT (combined-unit top)","geo_conf":"Moderate-high","walk_start":"","source_zone_end":""}},{"type":"Feature","geometry":{"type":"Point","coordinates":[-83.6283,37.8526]},"properties":{"menifee_rank":1115,"id":6166,"stream":"Unnamed ravine / small hollow, tributary to Wolfpen Creek","quad":"Slade","gq":"GQ-1183","score_geology_only":49.6,"score_original":49.2,"top_pct_geology_only":91.0,"S":0.551,"D":0.164,"E":0.426,"I":0.696,"T":1.0,"R":0.5,"G":0.95,"dist_outline_km":8.2,"contact_class":"VERIFIED TARGET CONTACT (combined-unit top)","geo_conf":"Moderate-high","walk_start":"","source_zone_end":""}},{"type":"Feature","geometry":{"type":"Point","coordinates":[-83.5868,37.9504]},"properties":{"menifee_rank":1116,"id":5828,"stream":"Unnamed ravine / small hollow, tributary to Clifton Creek","quad":"Scranton","gq":"GQ-1488","score_geology_only":49.6,"score_original":45.4,"top_pct_geology_only":91.0,"S":0.778,"D":0.273,"E":0.317,"I":0.245,"T":1.0,"R":0.3,"G":0.95,"dist_outline_km":18.3,"contact_class":"VERIFIED TARGET CONTACT (combined-unit top)","geo_conf":"Moderate-high","walk_start":"","source_zone_end":""}},{"type":"Feature","geometry":{"type":"Point","coordinates":[-83.6713,37.9499]},"properties":{"menifee_rank":1117,"id":6566,"stream":"Hathaway Creek, tributary to Beaver Creek","quad":"Frenchburg","gq":"GQ-1390","score_geology_only":49.5,"score_original":49.1,"top_pct_geology_only":91.1,"S":0.47,"D":0.535,"E":0.28,"I":0.43,"T":1.0,"R":0.5,"G":0.95,"dist_outline_km":14.4,"contact_class":"VERIFIED TARGET CONTACT (combined-unit top)","geo_conf":"Moderate-high","walk_start":"","source_zone_end":""}},{"type":"Feature","geometry":{"type":"Point","coordinates":[-83.5096,37.9532]},"properties":{"menifee_rank":1118,"id":2907,"stream":"Unnamed hollow head, tributary to Brushy Fork","quad":"Scranton","gq":"GQ-1488","score_geology_only":49.5,"score_original":45.3,"top_pct_geology_only":91.1,"S":0.876,"D":0.121,"E":0.267,"I":0.312,"T":1.0,"R":0.3,"G":0.95,"dist_outline_km":23.2,"contact_class":"VERIFIED TARGET CONTACT (combined-unit top)","geo_conf":"Moderate-high","walk_start":"","source_zone_end":""}},{"type":"Feature","geometry":{"type":"Point","coordinates":[-83.6455,37.8689]},"properties":{"menifee_rank":1119,"id":6918,"stream":"Powell Branch, tributary to East Fork Indian Creek","quad":"Slade","gq":"GQ-1183","score_geology_only":49.5,"score_original":49.1,"top_pct_geology_only":91.1,"S":0.41,"D":0.222,"E":0.564,"I":0.756,"T":1.0,"R":0.5,"G":0.95,"dist_outline_km":8.0,"contact_class":"VERIFIED TARGET CONTACT (combined-unit top)","geo_conf":"Moderate-high","walk_start":"","source_zone_end":""}},{"type":"Feature","geometry":{"type":"Point","coordinates":[-83.6762,37.9615]},"properties":{"menifee_rank":1120,"id":2587,"stream":"Unnamed hollow head, tributary to Beaver Creek","quad":"Frenchburg","gq":"GQ-1390","score_geology_only":49.4,"score_original":45.2,"top_pct_geology_only":91.2,"S":0.521,"D":0.726,"E":0.105,"I":0.201,"T":1.0,"R":0.3,"G":0.95,"dist_outline_km":15.4,"contact_class":"VERIFIED TARGET CONTACT (combined-unit top)","geo_conf":"Moderate-high","walk_start":"","source_zone_end":""}},{"type":"Feature","geometry":{"type":"Point","coordinates":[-83.6188,37.9048]},"properties":{"menifee_rank":1121,"id":5421,"stream":"East Fork Indian Creek","quad":"Scranton","gq":"GQ-1488","score_geology_only":49.4,"score_original":49.0,"top_pct_geology_only":91.3,"S":0.633,"D":0.084,"E":0.439,"I":0.646,"T":1.0,"R":0.5,"G":0.95,"dist_outline_km":12.6,"contact_class":"VERIFIED TARGET CONTACT (combined-unit top)","geo_conf":"Moderate-high","walk_start":"","source_zone_end":""}},{"type":"Feature","geometry":{"type":"Point","coordinates":[-83.6741,37.9638]},"properties":{"menifee_rank":1122,"id":5832,"stream":"Unnamed ravine / small hollow, tributary to Beaver Creek","quad":"Frenchburg","gq":"GQ-1390","score_geology_only":49.4,"score_original":45.2,"top_pct_geology_only":91.3,"S":0.503,"D":0.691,"E":0.114,"I":0.27,"T":1.0,"R":0.3,"G":0.95,"dist_outline_km":15.7,"contact_class":"VERIFIED TARGET CONTACT (combined-unit top)","geo_conf":"Moderate-high","walk_start":"","source_zone_end":""}},{"type":"Feature","geometry":{"type":"Point","coordinates":[-83.6773,37.9625]},"properties":{"menifee_rank":1123,"id":6614,"stream":"Beaver Creek, tributary to Hathaway Creek","quad":"Frenchburg","gq":"GQ-1390","score_geology_only":49.4,"score_original":45.2,"top_pct_geology_only":91.3,"S":0.503,"D":0.691,"E":0.114,"I":0.27,"T":1.0,"R":0.3,"G":0.95,"dist_outline_km":15.5,"contact_class":"VERIFIED TARGET CONTACT (combined-unit top)","geo_conf":"Moderate-high","walk_start":"","source_zone_end":""}},{"type":"Feature","geometry":{"type":"Point","coordinates":[-83.6363,37.9152]},"properties":{"menifee_rank":1124,"id":7101,"stream":"Unnamed branch, tributary to Big Amos Creek","quad":"Frenchburg","gq":"GQ-1390","score_geology_only":49.4,"score_original":49.0,"top_pct_geology_only":91.4,"S":0.548,"D":0.158,"E":0.597,"I":0.583,"T":1.0,"R":0.5,"G":0.95,"dist_outline_km":12.6,"contact_class":"VERIFIED TARGET CONTACT (combined-unit top)","geo_conf":"Moderate-high","walk_start":"","source_zone_end":""}},{"type":"Feature","geometry":{"type":"Point","coordinates":[-83.6368,37.8279]},"properties":{"menifee_rank":1125,"id":5026,"stream":"Unnamed ravine / small hollow, tributary to Red River","quad":"Slade","gq":"GQ-1183","score_geology_only":49.3,"score_original":48.9,"top_pct_geology_only":91.5,"S":1.0,"D":0.011,"E":0.459,"I":0.514,"T":0.4,"R":0.5,"G":0.95,"dist_outline_km":6.4,"contact_class":"VERIFIED TARGET CONTACT (combined-unit top)","geo_conf":"Moderate-high","walk_start":"","source_zone_end":""}},{"type":"Feature","geometry":{"type":"Point","coordinates":[-83.6341,37.828]},"properties":{"menifee_rank":1126,"id":5188,"stream":"Unnamed ravine / small hollow, tributary to Red River","quad":"Slade","gq":"GQ-1183","score_geology_only":49.3,"score_original":48.9,"top_pct_geology_only":91.6,"S":1.0,"D":0.011,"E":0.459,"I":0.511,"T":0.4,"R":0.5,"G":0.95,"dist_outline_km":6.7,"contact_class":"VERIFIED TARGET CONTACT (combined-unit top)","geo_conf":"Moderate-high","walk_start":"","source_zone_end":""}},{"type":"Feature","geometry":{"type":"Point","coordinates":[-83.6228,37.8346]},"properties":{"menifee_rank":1127,"id":5220,"stream":"Unnamed ravine / small hollow","quad":"Pomeroyton","gq":"GQ-1184","score_geology_only":49.1,"score_original":48.8,"top_pct_geology_only":91.8,"S":1.0,"D":0.007,"E":0.437,"I":0.523,"T":0.4,"R":0.5,"G":0.95,"dist_outline_km":7.9,"contact_class":"VERIFIED TARGET CONTACT (combined-unit top)","geo_conf":"Moderate-high","walk_start":"","source_zone_end":""}},{"type":"Feature","geometry":{"type":"Point","coordinates":[-83.6388,37.9193]},"properties":{"menifee_rank":1128,"id":7250,"stream":"Big Amos Creek, tributary to East Fork Indian Creek","quad":"Frenchburg","gq":"GQ-1390","score_geology_only":49.1,"score_original":48.7,"top_pct_geology_only":91.9,"S":0.491,"D":0.131,"E":0.59,"I":0.701,"T":1.0,"R":0.5,"G":0.95,"dist_outline_km":12.9,"contact_class":"VERIFIED TARGET CONTACT (combined-unit top)","geo_conf":"Moderate-high","walk_start":"","source_zone_end":""}},{"type":"Feature","geometry":{"type":"Point","coordinates":[-83.6898,37.8651]},"properties":{"menifee_rank":1129,"id":6919,"stream":"Unnamed ravine / small hollow, tributary to Powder Mill Branch","quad":"Slade","gq":"GQ-1183","score_geology_only":49.0,"score_original":48.7,"top_pct_geology_only":91.9,"S":0.499,"D":0.323,"E":0.49,"I":0.552,"T":0.919,"R":0.5,"G":0.95,"dist_outline_km":5.4,"contact_class":"VERIFIED TARGET CONTACT (combined-unit top)","geo_conf":"Moderate-high","walk_start":"","source_zone_end":""}},{"type":"Feature","geometry":{"type":"Point","coordinates":[-83.6557,37.937]},"properties":{"menifee_rank":1130,"id":7025,"stream":"Indian Creek, tributary to Myers Fork","quad":"Frenchburg","gq":"GQ-1390","score_geology_only":49.0,"score_original":48.7,"top_pct_geology_only":91.9,"S":0.565,"D":0.399,"E":0.39,"I":0.353,"T":1.0,"R":0.5,"G":0.95,"dist_outline_km":13.8,"contact_class":"VERIFIED TARGET CONTACT (combined-unit top)","geo_conf":"Moderate-high","walk_start":"","source_zone_end":""}},{"type":"Feature","geometry":{"type":"Point","coordinates":[-83.6713,37.9505]},"properties":{"menifee_rank":1131,"id":6377,"stream":"Hathaway Creek, tributary to Beaver Creek","quad":"Frenchburg","gq":"GQ-1390","score_geology_only":49.0,"score_original":48.7,"top_pct_geology_only":91.9,"S":0.47,"D":0.535,"E":0.28,"I":0.403,"T":1.0,"R":0.5,"G":0.95,"dist_outline_km":14.4,"contact_class":"VERIFIED TARGET CONTACT (combined-unit top)","geo_conf":"Moderate-high","walk_start":"","source_zone_end":""}},{"type":"Feature","geometry":{"type":"Point","coordinates":[-83.508,37.9507]},"properties":{"menifee_rank":1132,"id":4308,"stream":"Unnamed hollow head, tributary to Brushy Fork","quad":"Scranton","gq":"GQ-1488","score_geology_only":49.0,"score_original":44.9,"top_pct_geology_only":92.0,"S":0.85,"D":0.111,"E":0.248,"I":0.356,"T":1.0,"R":0.3,"G":0.95,"dist_outline_km":23.1,"contact_class":"VERIFIED TARGET CONTACT (combined-unit top)","geo_conf":"Moderate-high","walk_start":"","source_zone_end":""}},{"type":"Feature","geometry":{"type":"Point","coordinates":[-83.6737,37.9637]},"properties":{"menifee_rank":1133,"id":724,"stream":"Unnamed hollow head, tributary to Beaver Creek","quad":"Frenchburg","gq":"GQ-1390","score_geology_only":49.0,"score_original":44.9,"top_pct_geology_only":92.1,"S":0.503,"D":0.691,"E":0.114,"I":0.248,"T":1.0,"R":0.3,"G":0.95,"dist_outline_km":15.7,"contact_class":"VERIFIED TARGET CONTACT (combined-unit top)","geo_conf":"Moderate-high","walk_start":"","source_zone_end":""}},{"type":"Feature","geometry":{"type":"Point","coordinates":[-83.6282,37.902]},"properties":{"menifee_rank":1134,"id":5737,"stream":"Unnamed ravine / small hollow, tributary to East Fork Indian Creek","quad":"Frenchburg","gq":"GQ-1390","score_geology_only":49.0,"score_original":48.7,"top_pct_geology_only":92.2,"S":0.751,"D":0.121,"E":0.488,"I":0.345,"T":1.0,"R":0.5,"G":0.95,"dist_outline_km":11.8,"contact_class":"VERIFIED TARGET CONTACT (combined-unit top)","geo_conf":"Moderate-high","walk_start":"","source_zone_end":""}},{"type":"Feature","geometry":{"type":"Point","coordinates":[-83.7216,37.9202]},"properties":{"menifee_rank":1135,"id":4233,"stream":"Unnamed hollow head, tributary to Hawkins Branch","quad":"Frenchburg","gq":"GQ-1390","score_geology_only":49.0,"score_original":48.7,"top_pct_geology_only":92.2,"S":0.581,"D":0.548,"E":0.228,"I":0.232,"T":1.0,"R":0.5,"G":0.95,"dist_outline_km":9.9,"contact_class":"VERIFIED TARGET CONTACT (combined-unit top)","geo_conf":"Moderate-high","walk_start":"","source_zone_end":""}},{"type":"Feature","geometry":{"type":"Point","coordinates":[-83.631,37.8515]},"properties":{"menifee_rank":1136,"id":3710,"stream":"Wolfpen Creek","quad":"Slade","gq":"GQ-1183","score_geology_only":49.0,"score_original":48.7,"top_pct_geology_only":92.2,"S":0.595,"D":0.186,"E":0.444,"I":0.547,"T":1.0,"R":0.5,"G":0.95,"dist_outline_km":7.9,"contact_class":"VERIFIED TARGET CONTACT (combined-unit top)","geo_conf":"Moderate-high","walk_start":"","source_zone_end":""}},{"type":"Feature","geometry":{"type":"Point","coordinates":[-83.6299,37.9394]},"properties":{"menifee_rank":1137,"id":5870,"stream":"Unnamed ravine / small hollow, tributary to Adams Creek","quad":"Frenchburg","gq":"GQ-1390","score_geology_only":48.9,"score_original":44.8,"top_pct_geology_only":92.4,"S":0.623,"D":0.256,"E":0.402,"I":0.43,"T":1.0,"R":0.3,"G":0.95,"dist_outline_km":15.2,"contact_class":"VERIFIED TARGET CONTACT (combined-unit top)","geo_conf":"Moderate-high","walk_start":"","source_zone_end":""}},{"type":"Feature","geometry":{"type":"Point","coordinates":[-83.6259,37.9011]},"properties":{"menifee_rank":1138,"id":1458,"stream":"Unnamed hollow head, tributary to East Fork Indian Creek","quad":"Frenchburg","gq":"GQ-1390","score_geology_only":48.9,"score_original":48.6,"top_pct_geology_only":92.4,"S":0.745,"D":0.119,"E":0.486,"I":0.353,"T":1.0,"R":0.5,"G":0.95,"dist_outline_km":11.8,"contact_class":"VERIFIED TARGET CONTACT (combined-unit top)","geo_conf":"Moderate-high","walk_start":"","source_zone_end":""}},{"type":"Feature","geometry":{"type":"Point","coordinates":[-83.6272,37.9403]},"properties":{"menifee_rank":1139,"id":6572,"stream":"Unnamed ravine / small hollow, tributary to Adams Creek","quad":"Frenchburg","gq":"GQ-1390","score_geology_only":48.9,"score_original":44.8,"top_pct_geology_only":92.4,"S":0.589,"D":0.23,"E":0.366,"I":0.545,"T":1.0,"R":0.3,"G":0.95,"dist_outline_km":15.4,"contact_class":"VERIFIED TARGET CONTACT (combined-unit top)","geo_conf":"Moderate-high","walk_start":"","source_zone_end":""}},{"type":"Feature","geometry":{"type":"Point","coordinates":[-83.6293,37.8525]},"properties":{"menifee_rank":1140,"id":7216,"stream":"Unnamed branch, tributary to Wolfpen Creek","quad":"Slade","gq":"GQ-1183","score_geology_only":48.8,"score_original":48.5,"top_pct_geology_only":92.6,"S":0.585,"D":0.179,"E":0.428,"I":0.574,"T":1.0,"R":0.5,"G":0.95,"dist_outline_km":8.1,"contact_class":"VERIFIED TARGET CONTACT (combined-unit top)","geo_conf":"Moderate-high","walk_start":"","source_zone_end":""}},{"type":"Feature","geometry":{"type":"Point","coordinates":[-83.717,37.919]},"properties":{"menifee_rank":1141,"id":3395,"stream":"Unnamed hollow head, tributary to Hawkins Branch","quad":"Frenchburg","gq":"GQ-1390","score_geology_only":48.8,"score_original":48.5,"top_pct_geology_only":92.6,"S":0.556,"D":0.515,"E":0.206,"I":0.322,"T":1.0,"R":0.5,"G":0.95,"dist_outline_km":9.8,"contact_class":"VERIFIED TARGET CONTACT (combined-unit top)","geo_conf":"Moderate-high","walk_start":"","source_zone_end":""}},{"type":"Feature","geometry":{"type":"Point","coordinates":[-83.7204,37.921]},"properties":{"menifee_rank":1142,"id":5630,"stream":"Unnamed ravine / small hollow, tributary to Hawkins Branch","quad":"Frenchburg","gq":"GQ-1390","score_geology_only":48.8,"score_original":48.5,"top_pct_geology_only":92.7,"S":0.581,"D":0.55,"E":0.228,"I":0.218,"T":1.0,"R":0.5,"G":0.95,"dist_outline_km":10.0,"contact_class":"VERIFIED TARGET CONTACT (combined-unit top)","geo_conf":"Moderate-high","walk_start":"","source_zone_end":""}},{"type":"Feature","geometry":{"type":"Point","coordinates":[-83.7163,37.9195]},"properties":{"menifee_rank":1143,"id":1966,"stream":"Unnamed hollow head, tributary to Hawkins Branch","quad":"Frenchburg","gq":"GQ-1390","score_geology_only":48.6,"score_original":48.4,"top_pct_geology_only":93.0,"S":0.554,"D":0.513,"E":0.203,"I":0.32,"T":1.0,"R":0.5,"G":0.95,"dist_outline_km":9.9,"contact_class":"VERIFIED TARGET CONTACT (combined-unit top)","geo_conf":"Moderate-high","walk_start":"","source_zone_end":""}},{"type":"Feature","geometry":{"type":"Point","coordinates":[-83.6296,37.9407]},"properties":{"menifee_rank":1144,"id":4978,"stream":"Unnamed ravine / small hollow, tributary to Adams Creek","quad":"Frenchburg","gq":"GQ-1390","score_geology_only":48.6,"score_original":44.6,"top_pct_geology_only":93.0,"S":0.622,"D":0.255,"E":0.402,"I":0.418,"T":1.0,"R":0.3,"G":0.95,"dist_outline_km":15.3,"contact_class":"VERIFIED TARGET CONTACT (combined-unit top)","geo_conf":"Moderate-high","walk_start":"","source_zone_end":""}},{"type":"Feature","geometry":{"type":"Point","coordinates":[-83.6313,37.8545]},"properties":{"menifee_rank":1145,"id":7272,"stream":"Wolfpen Creek, tributary to Red River","quad":"Slade","gq":"GQ-1183","score_geology_only":48.6,"score_original":48.4,"top_pct_geology_only":93.0,"S":0.535,"D":0.153,"E":0.412,"I":0.692,"T":1.0,"R":0.5,"G":0.95,"dist_outline_km":8.1,"contact_class":"VERIFIED TARGET CONTACT (combined-unit top)","geo_conf":"Moderate-high","walk_start":"","source_zone_end":""}},{"type":"Feature","geometry":{"type":"Point","coordinates":[-83.6242,37.8312]},"properties":{"menifee_rank":1146,"id":5498,"stream":"Unnamed ravine / small hollow, tributary to Red River","quad":"Pomeroyton","gq":"GQ-1184","score_geology_only":48.6,"score_original":48.4,"top_pct_geology_only":93.0,"S":1.0,"D":0.007,"E":0.435,"I":0.495,"T":0.4,"R":0.5,"G":0.95,"dist_outline_km":7.6,"contact_class":"VERIFIED TARGET CONTACT (combined-unit top)","geo_conf":"Moderate-high","walk_start":"","source_zone_end":""}},{"type":"Feature","geometry":{"type":"Point","coordinates":[-83.6445,37.834]},"properties":{"menifee_rank":1147,"id":3468,"stream":"Unnamed hollow head, tributary to Dunkan Branch","quad":"Slade","gq":"GQ-1183","score_geology_only":48.5,"score_original":48.3,"top_pct_geology_only":93.3,"S":1.0,"D":0.013,"E":0.447,"I":0.472,"T":0.4,"R":0.5,"G":0.95,"dist_outline_km":6.1,"contact_class":"VERIFIED TARGET CONTACT (combined-unit top)","geo_conf":"Moderate-high","walk_start":"","source_zone_end":""}},{"type":"Feature","geometry":{"type":"Point","coordinates":[-83.6,37.8688]},"properties":{"menifee_rank":1148,"id":4388,"stream":"Salt Fork, tributary to Gladie Creek","quad":"Pomeroyton","gq":"GQ-1184","score_geology_only":48.5,"score_original":48.3,"top_pct_geology_only":93.3,"S":0.588,"D":0.112,"E":0.446,"I":0.627,"T":1.0,"R":0.5,"G":0.95,"dist_outline_km":11.2,"contact_class":"VERIFIED TARGET CONTACT (combined-unit top)","geo_conf":"Moderate-high","walk_start":"","source_zone_end":""}},{"type":"Feature","geometry":{"type":"Point","coordinates":[-83.5043,37.9498]},"properties":{"menifee_rank":1149,"id":2256,"stream":"Unnamed hollow head, tributary to Brushy Fork","quad":"Scranton","gq":"GQ-1488","score_geology_only":48.4,"score_original":44.4,"top_pct_geology_only":93.4,"S":0.824,"D":0.102,"E":0.242,"I":0.381,"T":1.0,"R":0.3,"G":0.95,"dist_outline_km":23.3,"contact_class":"VERIFIED TARGET CONTACT (combined-unit top)","geo_conf":"Moderate-high","walk_start":"","source_zone_end":""}},{"type":"Feature","geometry":{"type":"Point","coordinates":[-83.6335,37.8279]},"properties":{"menifee_rank":1150,"id":2264,"stream":"Unnamed hollow head, tributary to Red River","quad":"Slade","gq":"GQ-1183","score_geology_only":48.4,"score_original":48.2,"top_pct_geology_only":93.4,"S":1.0,"D":0.011,"E":0.46,"I":0.463,"T":0.4,"R":0.5,"G":0.95,"dist_outline_km":6.7,"contact_class":"VERIFIED TARGET CONTACT (combined-unit top)","geo_conf":"Moderate-high","walk_start":"","source_zone_end":""}},{"type":"Feature","geometry":{"type":"Point","coordinates":[-83.6354,37.937]},"properties":{"menifee_rank":1151,"id":3577,"stream":"Unnamed hollow head, tributary to Adams Creek","quad":"Frenchburg","gq":"GQ-1390","score_geology_only":48.4,"score_original":48.2,"top_pct_geology_only":93.4,"S":0.621,"D":0.255,"E":0.401,"I":0.408,"T":1.0,"R":0.5,"G":0.95,"dist_outline_km":14.7,"contact_class":"VERIFIED TARGET CONTACT (combined-unit top)","geo_conf":"Moderate-high","walk_start":"","source_zone_end":""}},{"type":"Feature","geometry":{"type":"Point","coordinates":[-83.6356,37.9397]},"properties":{"menifee_rank":1152,"id":6615,"stream":"Unnamed ravine / small hollow, tributary to Adams Creek","quad":"Frenchburg","gq":"GQ-1390","score_geology_only":48.3,"score_original":48.1,"top_pct_geology_only":93.5,"S":0.626,"D":0.259,"E":0.401,"I":0.388,"T":1.0,"R":0.5,"G":0.95,"dist_outline_km":15.0,"contact_class":"VERIFIED TARGET CONTACT (combined-unit top)","geo_conf":"Moderate-high","walk_start":"","source_zone_end":""}},{"type":"Feature","geometry":{"type":"Point","coordinates":[-83.6004,37.8697]},"properties":{"menifee_rank":1153,"id":7322,"stream":"Salt Fork, tributary to Gladie Creek","quad":"Pomeroyton","gq":"GQ-1184","score_geology_only":48.3,"score_original":48.1,"top_pct_geology_only":93.5,"S":0.575,"D":0.107,"E":0.458,"I":0.637,"T":1.0,"R":0.5,"G":0.95,"dist_outline_km":11.3,"contact_class":"VERIFIED TARGET CONTACT (combined-unit top)","geo_conf":"Moderate-high","walk_start":"","source_zone_end":""}},{"type":"Feature","geometry":{"type":"Point","coordinates":[-83.6276,37.9397]},"properties":{"menifee_rank":1154,"id":6048,"stream":"Unnamed ravine / small hollow, tributary to Adams Creek","quad":"Frenchburg","gq":"GQ-1390","score_geology_only":48.2,"score_original":44.3,"top_pct_geology_only":93.6,"S":0.589,"D":0.23,"E":0.366,"I":0.508,"T":1.0,"R":0.3,"G":0.95,"dist_outline_km":15.3,"contact_class":"VERIFIED TARGET CONTACT (combined-unit top)","geo_conf":"Moderate-high","walk_start":"","source_zone_end":""}},{"type":"Feature","geometry":{"type":"Point","coordinates":[-83.6565,37.9367]},"properties":{"menifee_rank":1155,"id":1265,"stream":"Unnamed hollow head, tributary to Indian Creek","quad":"Frenchburg","gq":"GQ-1390","score_geology_only":48.1,"score_original":48.0,"top_pct_geology_only":93.7,"S":0.565,"D":0.399,"E":0.39,"I":0.301,"T":1.0,"R":0.5,"G":0.95,"dist_outline_km":13.7,"contact_class":"VERIFIED TARGET CONTACT (combined-unit top)","geo_conf":"Moderate-high","walk_start":"","source_zone_end":""}},{"type":"Feature","geometry":{"type":"Point","coordinates":[-83.6274,37.9404]},"properties":{"menifee_rank":1156,"id":4293,"stream":"Unnamed hollow head, tributary to Adams Creek","quad":"Frenchburg","gq":"GQ-1390","score_geology_only":48.1,"score_original":44.2,"top_pct_geology_only":93.7,"S":0.585,"D":0.227,"E":0.367,"I":0.512,"T":1.0,"R":0.3,"G":0.95,"dist_outline_km":15.4,"contact_class":"VERIFIED TARGET CONTACT (combined-unit top)","geo_conf":"Moderate-high","walk_start":"","source_zone_end":""}},{"type":"Feature","geometry":{"type":"Point","coordinates":[-83.66,37.8419]},"properties":{"menifee_rank":1157,"id":3358,"stream":"Unnamed hollow head, tributary to Edward Branch","quad":"Slade","gq":"GQ-1183","score_geology_only":48.1,"score_original":47.9,"top_pct_geology_only":93.8,"S":1.0,"D":0.017,"E":0.434,"I":0.342,"T":0.566,"R":0.5,"G":0.95,"dist_outline_km":5.2,"contact_class":"VERIFIED TARGET CONTACT (combined-unit top)","geo_conf":"Moderate-high","walk_start":"","source_zone_end":""}},{"type":"Feature","geometry":{"type":"Point","coordinates":[-83.5442,37.946]},"properties":{"menifee_rank":1158,"id":6181,"stream":"Unnamed ravine / small hollow, tributary to Meyers Fork","quad":"Scranton","gq":"GQ-1488","score_geology_only":48.0,"score_original":44.1,"top_pct_geology_only":93.8,"S":0.746,"D":0.161,"E":0.206,"I":0.434,"T":1.0,"R":0.3,"G":0.95,"dist_outline_km":20.4,"contact_class":"VERIFIED TARGET CONTACT (combined-unit top)","geo_conf":"Moderate-high","walk_start":"","source_zone_end":""}},{"type":"Feature","geometry":{"type":"Point","coordinates":[-83.5462,37.9443]},"properties":{"menifee_rank":1159,"id":5693,"stream":"Unnamed ravine / small hollow, tributary to Meyers Fork","quad":"Scranton","gq":"GQ-1488","score_geology_only":48.0,"score_original":44.1,"top_pct_geology_only":93.8,"S":0.732,"D":0.153,"E":0.199,"I":0.472,"T":1.0,"R":0.3,"G":0.95,"dist_outline_km":20.1,"contact_class":"VERIFIED TARGET CONTACT (combined-unit top)","geo_conf":"Moderate-high","walk_start":"","source_zone_end":""}},{"type":"Feature","geometry":{"type":"Point","coordinates":[-83.613,37.837]},"properties":{"menifee_rank":1160,"id":4963,"stream":"Unnamed ravine / small hollow, tributary to Red River","quad":"Pomeroyton","gq":"GQ-1184","score_geology_only":48.0,"score_original":47.9,"top_pct_geology_only":93.9,"S":1.0,"D":0.006,"E":0.433,"I":0.464,"T":0.4,"R":0.5,"G":0.95,"dist_outline_km":8.8,"contact_class":"VERIFIED TARGET CONTACT (combined-unit top)","geo_conf":"Moderate-high","walk_start":"","source_zone_end":""}},{"type":"Feature","geometry":{"type":"Point","coordinates":[-83.6577,37.8347]},"properties":{"menifee_rank":1161,"id":4778,"stream":"Unnamed ravine / small hollow, tributary to Red River","quad":"Slade","gq":"GQ-1183","score_geology_only":48.0,"score_original":47.9,"top_pct_geology_only":93.9,"S":1.0,"D":0.013,"E":0.447,"I":0.445,"T":0.4,"R":0.5,"G":0.95,"dist_outline_km":5.0,"contact_class":"VERIFIED TARGET CONTACT (combined-unit top)","geo_conf":"Moderate-high","walk_start":"","source_zone_end":""}},{"type":"Feature","geometry":{"type":"Point","coordinates":[-83.6006,37.869]},"properties":{"menifee_rank":1162,"id":7323,"stream":"Salt Fork, tributary to Gladie Creek","quad":"Pomeroyton","gq":"GQ-1184","score_geology_only":47.9,"score_original":47.8,"top_pct_geology_only":93.9,"S":0.588,"D":0.112,"E":0.446,"I":0.598,"T":1.0,"R":0.5,"G":0.95,"dist_outline_km":11.2,"contact_class":"VERIFIED TARGET CONTACT (combined-unit top)","geo_conf":"Moderate-high","walk_start":"","source_zone_end":""}},{"type":"Feature","geometry":{"type":"Point","coordinates":[-83.5418,37.9425]},"properties":{"menifee_rank":1163,"id":2197,"stream":"Unnamed hollow head, tributary to Meyers Fork","quad":"Scranton","gq":"GQ-1488","score_geology_only":47.9,"score_original":44.0,"top_pct_geology_only":94.1,"S":0.74,"D":0.158,"E":0.205,"I":0.441,"T":1.0,"R":0.3,"G":0.95,"dist_outline_km":20.3,"contact_class":"VERIFIED TARGET CONTACT (combined-unit top)","geo_conf":"Moderate-high","walk_start":"","source_zone_end":""}},{"type":"Feature","geometry":{"type":"Point","coordinates":[-83.6335,37.9384]},"properties":{"menifee_rank":1164,"id":3681,"stream":"Unnamed hollow head, tributary to Adams Creek","quad":"Frenchburg","gq":"GQ-1390","score_geology_only":47.9,"score_original":47.8,"top_pct_geology_only":94.1,"S":0.626,"D":0.259,"E":0.401,"I":0.365,"T":1.0,"R":0.5,"G":0.95,"dist_outline_km":14.9,"contact_class":"VERIFIED TARGET CONTACT (combined-unit top)","geo_conf":"Moderate-high","walk_start":"","source_zone_end":""}},{"type":"Feature","geometry":{"type":"Point","coordinates":[-83.5072,37.9479]},"properties":{"menifee_rank":1165,"id":1885,"stream":"Botts Fork, tributary to Brushy Fork","quad":"Scranton","gq":"GQ-1488","score_geology_only":47.9,"score_original":44.0,"top_pct_geology_only":94.1,"S":0.783,"D":0.088,"E":0.22,"I":0.452,"T":1.0,"R":0.3,"G":0.95,"dist_outline_km":23.0,"contact_class":"VERIFIED TARGET CONTACT (combined-unit top)","geo_conf":"Moderate-high","walk_start":"","source_zone_end":""}},{"type":"Feature","geometry":{"type":"Point","coordinates":[-83.64,37.9417]},"properties":{"menifee_rank":1166,"id":7149,"stream":"Unnamed branch, tributary to Adams Creek","quad":"Frenchburg","gq":"GQ-1390","score_geology_only":47.8,"score_original":47.8,"top_pct_geology_only":94.2,"S":0.621,"D":0.254,"E":0.401,"I":0.378,"T":1.0,"R":0.5,"G":0.95,"dist_outline_km":14.9,"contact_class":"VERIFIED TARGET CONTACT (combined-unit top)","geo_conf":"Moderate-high","walk_start":"","source_zone_end":""}},{"type":"Feature","geometry":{"type":"Point","coordinates":[-83.7021,37.9135]},"properties":{"menifee_rank":1167,"id":6435,"stream":"Unnamed ravine / small hollow, tributary to Leatherwood Fork","quad":"Frenchburg","gq":"GQ-1390","score_geology_only":47.8,"score_original":47.8,"top_pct_geology_only":94.2,"S":0.579,"D":0.432,"E":0.143,"I":0.382,"T":1.0,"R":0.5,"G":0.95,"dist_outline_km":9.6,"contact_class":"VERIFIED TARGET CONTACT (combined-unit top)","geo_conf":"Moderate-high","walk_start":"","source_zone_end":""}},{"type":"Feature","geometry":{"type":"Point","coordinates":[-83.5999,37.8702]},"properties":{"menifee_rank":1168,"id":7321,"stream":"Salt Fork, tributary to Gladie Creek","quad":"Pomeroyton","gq":"GQ-1184","score_geology_only":47.8,"score_original":47.7,"top_pct_geology_only":94.2,"S":0.566,"D":0.103,"E":0.445,"I":0.641,"T":1.0,"R":0.5,"G":0.95,"dist_outline_km":11.3,"contact_class":"VERIFIED TARGET CONTACT (combined-unit top)","geo_conf":"Moderate-high","walk_start":"","source_zone_end":""}},{"type":"Feature","geometry":{"type":"Point","coordinates":[-83.7047,37.9117]},"properties":{"menifee_rank":1169,"id":5534,"stream":"Leatherwood Fork, tributary to Joe Smallwood Branch","quad":"Frenchburg","gq":"GQ-1390","score_geology_only":47.7,"score_original":47.6,"top_pct_geology_only":94.4,"S":0.569,"D":0.423,"E":0.13,"I":0.411,"T":1.0,"R":0.5,"G":0.95,"dist_outline_km":9.3,"contact_class":"VERIFIED TARGET CONTACT (combined-unit top)","geo_conf":"Moderate-high","walk_start":"","source_zone_end":""}},{"type":"Feature","geometry":{"type":"Point","coordinates":[-83.6315,37.8548]},"properties":{"menifee_rank":1170,"id":7271,"stream":"Wolfpen Creek","quad":"Slade","gq":"GQ-1183","score_geology_only":47.7,"score_original":47.6,"top_pct_geology_only":94.4,"S":0.513,"D":0.144,"E":0.409,"I":0.69,"T":1.0,"R":0.5,"G":0.95,"dist_outline_km":8.1,"contact_class":"VERIFIED TARGET CONTACT (combined-unit top)","geo_conf":"Moderate-high","walk_start":"","source_zone_end":""}},{"type":"Feature","geometry":{"type":"Point","coordinates":[-83.55,37.9509]},"properties":{"menifee_rank":1171,"id":2867,"stream":"Unnamed hollow head, tributary to Meyers Fork","quad":"Scranton","gq":"GQ-1488","score_geology_only":47.7,"score_original":43.8,"top_pct_geology_only":94.4,"S":0.588,"D":0.291,"E":0.235,"I":0.484,"T":1.0,"R":0.3,"G":0.95,"dist_outline_km":20.4,"contact_class":"VERIFIED TARGET CONTACT (combined-unit top)","geo_conf":"Moderate-high","walk_start":"","source_zone_end":""}},{"type":"Feature","geometry":{"type":"Point","coordinates":[-83.6216,37.905]},"properties":{"menifee_rank":1172,"id":6315,"stream":"East Fork Indian Creek","quad":"Scranton","gq":"GQ-1488","score_geology_only":47.6,"score_original":47.6,"top_pct_geology_only":94.5,"S":0.648,"D":0.089,"E":0.434,"I":0.52,"T":1.0,"R":0.5,"G":0.95,"dist_outline_km":12.4,"contact_class":"VERIFIED TARGET CONTACT (combined-unit top)","geo_conf":"Moderate-high","walk_start":"","source_zone_end":""}},{"type":"Feature","geometry":{"type":"Point","coordinates":[-83.6201,37.9044]},"properties":{"menifee_rank":1173,"id":282,"stream":"East Fork Indian Creek","quad":"Scranton","gq":"GQ-1488","score_geology_only":47.6,"score_original":47.6,"top_pct_geology_only":94.6,"S":0.64,"D":0.086,"E":0.437,"I":0.531,"T":1.0,"R":0.5,"G":0.95,"dist_outline_km":12.5,"contact_class":"VERIFIED TARGET CONTACT (combined-unit top)","geo_conf":"Moderate-high","walk_start":"","source_zone_end":""}},{"type":"Feature","geometry":{"type":"Point","coordinates":[-83.602,37.869]},"properties":{"menifee_rank":1174,"id":7222,"stream":"Silvermine Branch, tributary to Salt Fork","quad":"Pomeroyton","gq":"GQ-1184","score_geology_only":47.6,"score_original":47.6,"top_pct_geology_only":94.6,"S":0.569,"D":0.104,"E":0.457,"I":0.612,"T":1.0,"R":0.5,"G":0.95,"dist_outline_km":11.1,"contact_class":"VERIFIED TARGET CONTACT (combined-unit top)","geo_conf":"Moderate-high","walk_start":"","source_zone_end":""}},{"type":"Feature","geometry":{"type":"Point","coordinates":[-83.5957,37.8276]},"properties":{"menifee_rank":1175,"id":7225,"stream":"Sal Branch","quad":"Pomeroyton","gq":"GQ-1184","score_geology_only":47.6,"score_original":47.6,"top_pct_geology_only":94.7,"S":0.718,"D":0.002,"E":0.266,"I":0.728,"T":0.848,"R":0.5,"G":0.95,"dist_outline_km":9.8,"contact_class":"VERIFIED TARGET CONTACT (combined-unit top)","geo_conf":"Moderate-high","walk_start":"","source_zone_end":""}},{"type":"Feature","geometry":{"type":"Point","coordinates":[-83.6359,37.9398]},"properties":{"menifee_rank":1176,"id":6596,"stream":"Unnamed ravine / small hollow, tributary to Adams Creek","quad":"Frenchburg","gq":"GQ-1390","score_geology_only":47.5,"score_original":47.5,"top_pct_geology_only":94.7,"S":0.626,"D":0.259,"E":0.401,"I":0.344,"T":1.0,"R":0.5,"G":0.95,"dist_outline_km":14.9,"contact_class":"VERIFIED TARGET CONTACT (combined-unit top)","geo_conf":"Moderate-high","walk_start":"","source_zone_end":""}},{"type":"Feature","geometry":{"type":"Point","coordinates":[-83.6575,37.9354]},"properties":{"menifee_rank":1177,"id":5487,"stream":"Unnamed ravine / small hollow, tributary to Indian Creek","quad":"Frenchburg","gq":"GQ-1390","score_geology_only":47.4,"score_original":47.4,"top_pct_geology_only":94.8,"S":0.589,"D":0.42,"E":0.378,"I":0.201,"T":1.0,"R":0.5,"G":0.95,"dist_outline_km":13.5,"contact_class":"VERIFIED TARGET CONTACT (combined-unit top)","geo_conf":"Moderate-high","walk_start":"","source_zone_end":""}},{"type":"Feature","geometry":{"type":"Point","coordinates":[-83.547,37.943]},"properties":{"menifee_rank":1178,"id":5766,"stream":"Unnamed ravine / small hollow, tributary to Meyers Fork","quad":"Scranton","gq":"GQ-1488","score_geology_only":47.3,"score_original":43.5,"top_pct_geology_only":94.9,"S":0.724,"D":0.15,"E":0.197,"I":0.448,"T":1.0,"R":0.3,"G":0.95,"dist_outline_km":20.0,"contact_class":"VERIFIED TARGET CONTACT (combined-unit top)","geo_conf":"Moderate-high","walk_start":"","source_zone_end":""}},{"type":"Feature","geometry":{"type":"Point","coordinates":[-83.6994,37.9279]},"properties":{"menifee_rank":1179,"id":6745,"stream":"Haunted Cave Branch, tributary to Myers Fork","quad":"Frenchburg","gq":"GQ-1390","score_geology_only":47.2,"score_original":47.3,"top_pct_geology_only":94.9,"S":0.457,"D":0.527,"E":0.198,"I":0.388,"T":1.0,"R":0.5,"G":0.95,"dist_outline_km":11.2,"contact_class":"VERIFIED TARGET CONTACT (combined-unit top)","geo_conf":"Moderate-high","walk_start":"","source_zone_end":""}},{"type":"Feature","geometry":{"type":"Point","coordinates":[-83.5491,37.9407]},"properties":{"menifee_rank":1180,"id":6784,"stream":"Unnamed ravine / small hollow, tributary to Meyers Fork","quad":"Scranton","gq":"GQ-1488","score_geology_only":47.2,"score_original":43.4,"top_pct_geology_only":95.0,"S":0.69,"D":0.135,"E":0.202,"I":0.516,"T":1.0,"R":0.3,"G":0.95,"dist_outline_km":19.7,"contact_class":"VERIFIED TARGET CONTACT (combined-unit top)","geo_conf":"Moderate-high","walk_start":"","source_zone_end":""}},{"type":"Feature","geometry":{"type":"Point","coordinates":[-83.5529,37.9535]},"properties":{"menifee_rank":1181,"id":5967,"stream":"Unnamed ravine / small hollow, tributary to Meyers Fork","quad":"Scranton","gq":"GQ-1488","score_geology_only":47.1,"score_original":43.4,"top_pct_geology_only":95.0,"S":0.542,"D":0.247,"E":0.218,"I":0.601,"T":1.0,"R":0.3,"G":0.95,"dist_outline_km":20.5,"contact_class":"VERIFIED TARGET CONTACT (combined-unit top)","geo_conf":"Moderate-high","walk_start":"","source_zone_end":""}},{"type":"Feature","geometry":{"type":"Point","coordinates":[-83.6989,37.927]},"properties":{"menifee_rank":1182,"id":5833,"stream":"Unnamed ravine / small hollow, tributary to Haunted Cave Branch","quad":"Frenchburg","gq":"GQ-1390","score_geology_only":47.0,"score_original":47.1,"top_pct_geology_only":95.1,"S":0.457,"D":0.526,"E":0.198,"I":0.379,"T":1.0,"R":0.5,"G":0.95,"dist_outline_km":11.1,"contact_class":"VERIFIED TARGET CONTACT (combined-unit top)","geo_conf":"Moderate-high","walk_start":"","source_zone_end":""}},{"type":"Feature","geometry":{"type":"Point","coordinates":[-83.7186,37.921]},"properties":{"menifee_rank":1183,"id":5307,"stream":"Unnamed ravine / small hollow, tributary to Hawkins Branch","quad":"Frenchburg","gq":"GQ-1390","score_geology_only":46.8,"score_original":46.9,"top_pct_geology_only":95.3,"S":0.558,"D":0.517,"E":0.213,"I":0.198,"T":1.0,"R":0.5,"G":0.95,"dist_outline_km":10.0,"contact_class":"VERIFIED TARGET CONTACT (combined-unit top)","geo_conf":"Moderate-high","walk_start":"","source_zone_end":""}},{"type":"Feature","geometry":{"type":"Point","coordinates":[-83.5109,37.9485]},"properties":{"menifee_rank":1184,"id":5390,"stream":"Unnamed ravine / small hollow, tributary to Botts Fork","quad":"Scranton","gq":"GQ-1488","score_geology_only":46.7,"score_original":43.1,"top_pct_geology_only":95.4,"S":0.734,"D":0.075,"E":0.212,"I":0.493,"T":1.0,"R":0.3,"G":0.95,"dist_outline_km":22.8,"contact_class":"VERIFIED TARGET CONTACT (combined-unit top)","geo_conf":"Moderate-high","walk_start":"","source_zone_end":""}},{"type":"Feature","geometry":{"type":"Point","coordinates":[-83.6409,37.8275]},"properties":{"menifee_rank":1185,"id":3604,"stream":"Unnamed hollow head, tributary to Red River","quad":"Slade","gq":"GQ-1183","score_geology_only":46.7,"score_original":46.9,"top_pct_geology_only":95.5,"S":1.0,"D":0.011,"E":0.457,"I":0.37,"T":0.4,"R":0.5,"G":0.95,"dist_outline_km":6.1,"contact_class":"VERIFIED TARGET CONTACT (combined-unit top)","geo_conf":"Moderate-high","walk_start":"","source_zone_end":""}},{"type":"Feature","geometry":{"type":"Point","coordinates":[-83.5534,37.9535]},"properties":{"menifee_rank":1186,"id":6948,"stream":"Unnamed branch, tributary to Meyers Fork","quad":"Scranton","gq":"GQ-1488","score_geology_only":46.7,"score_original":43.1,"top_pct_geology_only":95.5,"S":0.542,"D":0.247,"E":0.218,"I":0.578,"T":1.0,"R":0.3,"G":0.95,"dist_outline_km":20.4,"contact_class":"VERIFIED TARGET CONTACT (combined-unit top)","geo_conf":"Moderate-high","walk_start":"","source_zone_end":""}},{"type":"Feature","geometry":{"type":"Point","coordinates":[-83.552,37.9526]},"properties":{"menifee_rank":1187,"id":2461,"stream":"Unnamed hollow head, tributary to Meyers Fork","quad":"Scranton","gq":"GQ-1488","score_geology_only":46.7,"score_original":43.1,"top_pct_geology_only":95.5,"S":0.566,"D":0.269,"E":0.22,"I":0.506,"T":1.0,"R":0.3,"G":0.95,"dist_outline_km":20.4,"contact_class":"VERIFIED TARGET CONTACT (combined-unit top)","geo_conf":"Moderate-high","walk_start":"","source_zone_end":""}},{"type":"Feature","geometry":{"type":"Point","coordinates":[-83.553,37.9497]},"properties":{"menifee_rank":1188,"id":5983,"stream":"Unnamed ravine / small hollow, tributary to Meyers Fork","quad":"Scranton","gq":"GQ-1488","score_geology_only":46.6,"score_original":43.0,"top_pct_geology_only":95.6,"S":0.55,"D":0.254,"E":0.22,"I":0.548,"T":1.0,"R":0.3,"G":0.95,"dist_outline_km":20.1,"contact_class":"VERIFIED TARGET CONTACT (combined-unit top)","geo_conf":"Moderate-high","walk_start":"","source_zone_end":""}},{"type":"Feature","geometry":{"type":"Point","coordinates":[-83.6132,37.8521]},"properties":{"menifee_rank":1189,"id":7122,"stream":"Klaber Branch, tributary to Gladie Creek","quad":"Pomeroyton","gq":"GQ-1184","score_geology_only":46.6,"score_original":46.8,"top_pct_geology_only":95.6,"S":0.383,"D":0.193,"E":0.51,"I":0.714,"T":1.0,"R":0.5,"G":0.95,"dist_outline_km":9.4,"contact_class":"VERIFIED TARGET CONTACT (combined-unit top)","geo_conf":"Moderate-high","walk_start":"","source_zone_end":""}},{"type":"Feature","geometry":{"type":"Point","coordinates":[-83.5458,37.9369]},"properties":{"menifee_rank":1190,"id":6961,"stream":"Unnamed branch, tributary to Meyers Fork","quad":"Scranton","gq":"GQ-1488","score_geology_only":46.6,"score_original":43.0,"top_pct_geology_only":95.6,"S":0.659,"D":0.121,"E":0.186,"I":0.566,"T":1.0,"R":0.3,"G":0.95,"dist_outline_km":19.6,"contact_class":"VERIFIED TARGET CONTACT (combined-unit top)","geo_conf":"Moderate-high","walk_start":"","source_zone_end":""}},{"type":"Feature","geometry":{"type":"Point","coordinates":[-83.6136,37.8512]},"properties":{"menifee_rank":1191,"id":6883,"stream":"Unnamed ravine / small hollow, tributary to Klaber Branch","quad":"Pomeroyton","gq":"GQ-1184","score_geology_only":46.6,"score_original":46.8,"top_pct_geology_only":95.7,"S":0.383,"D":0.193,"E":0.51,"I":0.713,"T":1.0,"R":0.5,"G":0.95,"dist_outline_km":9.3,"contact_class":"VERIFIED TARGET CONTACT (combined-unit top)","geo_conf":"Moderate-high","walk_start":"","source_zone_end":""}},{"type":"Feature","geometry":{"type":"Point","coordinates":[-83.6989,37.9285]},"properties":{"menifee_rank":1192,"id":6542,"stream":"Unnamed ravine / small hollow, tributary to Haunted Cave Branch","quad":"Frenchburg","gq":"GQ-1390","score_geology_only":46.5,"score_original":46.7,"top_pct_geology_only":95.7,"S":0.457,"D":0.528,"E":0.198,"I":0.349,"T":1.0,"R":0.5,"G":0.95,"dist_outline_km":11.3,"contact_class":"VERIFIED TARGET CONTACT (combined-unit top)","geo_conf":"Moderate-high","walk_start":"","source_zone_end":""}},{"type":"Feature","geometry":{"type":"Point","coordinates":[-83.5554,37.9499]},"properties":{"menifee_rank":1193,"id":7230,"stream":"Unnamed branch, tributary to Meyers Fork","quad":"Scranton","gq":"GQ-1488","score_geology_only":46.3,"score_original":42.7,"top_pct_geology_only":96.0,"S":0.525,"D":0.233,"E":0.217,"I":0.6,"T":1.0,"R":0.3,"G":0.95,"dist_outline_km":20.0,"contact_class":"VERIFIED TARGET CONTACT (combined-unit top)","geo_conf":"Moderate-high","walk_start":"","source_zone_end":""}},{"type":"Feature","geometry":{"type":"Point","coordinates":[-83.6987,37.9286]},"properties":{"menifee_rank":1194,"id":4142,"stream":"Unnamed hollow head, tributary to Haunted Cave Branch","quad":"Frenchburg","gq":"GQ-1390","score_geology_only":46.2,"score_original":46.5,"top_pct_geology_only":96.0,"S":0.455,"D":0.525,"E":0.199,"I":0.336,"T":1.0,"R":0.5,"G":0.95,"dist_outline_km":11.3,"contact_class":"VERIFIED TARGET CONTACT (combined-unit top)","geo_conf":"Moderate-high","walk_start":"","source_zone_end":""}},{"type":"Feature","geometry":{"type":"Point","coordinates":[-83.5458,37.9416]},"properties":{"menifee_rank":1195,"id":729,"stream":"Unnamed hollow head, tributary to Meyers Fork","quad":"Scranton","gq":"GQ-1488","score_geology_only":46.2,"score_original":42.6,"top_pct_geology_only":96.1,"S":0.719,"D":0.147,"E":0.198,"I":0.4,"T":1.0,"R":0.3,"G":0.95,"dist_outline_km":20.0,"contact_class":"VERIFIED TARGET CONTACT (combined-unit top)","geo_conf":"Moderate-high","walk_start":"","source_zone_end":""}},{"type":"Feature","geometry":{"type":"Point","coordinates":[-83.5868,37.9416]},"properties":{"menifee_rank":1196,"id":6601,"stream":"Unnamed ravine / small hollow, tributary to Clifton Creek","quad":"Scranton","gq":"GQ-1488","score_geology_only":46.1,"score_original":42.6,"top_pct_geology_only":96.1,"S":0.643,"D":0.196,"E":0.327,"I":0.372,"T":1.0,"R":0.3,"G":0.95,"dist_outline_km":17.5,"contact_class":"VERIFIED TARGET CONTACT (combined-unit top)","geo_conf":"Moderate-high","walk_start":"","source_zone_end":""}},{"type":"Feature","geometry":{"type":"Point","coordinates":[-83.6556,37.8346]},"properties":{"menifee_rank":1197,"id":4840,"stream":"Unnamed ravine / small hollow","quad":"Slade","gq":"GQ-1183","score_geology_only":46.0,"score_original":46.3,"top_pct_geology_only":96.2,"S":1.0,"D":0.013,"E":0.447,"I":0.336,"T":0.4,"R":0.5,"G":0.95,"dist_outline_km":5.2,"contact_class":"VERIFIED TARGET CONTACT (combined-unit top)","geo_conf":"Moderate-high","walk_start":"","source_zone_end":""}},{"type":"Feature","geometry":{"type":"Point","coordinates":[-83.5142,37.9447]},"properties":{"menifee_rank":1198,"id":503,"stream":"Botts Fork, tributary to Brushy Fork","quad":"Scranton","gq":"GQ-1488","score_geology_only":46.0,"score_original":42.5,"top_pct_geology_only":96.2,"S":0.69,"D":0.065,"E":0.187,"I":0.554,"T":1.0,"R":0.3,"G":0.95,"dist_outline_km":22.3,"contact_class":"VERIFIED TARGET CONTACT (combined-unit top)","geo_conf":"Moderate-high","walk_start":"","source_zone_end":""}},{"type":"Feature","geometry":{"type":"Point","coordinates":[-83.7039,37.9132]},"properties":{"menifee_rank":1199,"id":6693,"stream":"Unnamed ravine / small hollow, tributary to Leatherwood Fork","quad":"Frenchburg","gq":"GQ-1390","score_geology_only":46.0,"score_original":46.3,"top_pct_geology_only":96.2,"S":0.569,"D":0.423,"E":0.13,"I":0.316,"T":1.0,"R":0.5,"G":0.95,"dist_outline_km":9.5,"contact_class":"VERIFIED TARGET CONTACT (combined-unit top)","geo_conf":"Moderate-high","walk_start":"","source_zone_end":""}},{"type":"Feature","geometry":{"type":"Point","coordinates":[-83.7142,37.9211]},"properties":{"menifee_rank":1200,"id":6600,"stream":"Unnamed ravine / small hollow, tributary to Hawkins Branch","quad":"Frenchburg","gq":"GQ-1390","score_geology_only":46.0,"score_original":46.3,"top_pct_geology_only":96.3,"S":0.505,"D":0.448,"E":0.167,"I":0.363,"T":1.0,"R":0.5,"G":0.95,"dist_outline_km":10.1,"contact_class":"VERIFIED TARGET CONTACT (combined-unit top)","geo_conf":"Moderate-high","walk_start":"","source_zone_end":""}},{"type":"Feature","geometry":{"type":"Point","coordinates":[-83.6194,37.9065]},"properties":{"menifee_rank":1201,"id":5474,"stream":"East Fork Indian Creek","quad":"Scranton","gq":"GQ-1488","score_geology_only":45.7,"score_original":46.1,"top_pct_geology_only":96.5,"S":0.567,"D":0.07,"E":0.421,"I":0.581,"T":1.0,"R":0.5,"G":0.95,"dist_outline_km":12.7,"contact_class":"VERIFIED TARGET CONTACT (combined-unit top)","geo_conf":"Moderate-high","walk_start":"","source_zone_end":""}},{"type":"Feature","geometry":{"type":"Point","coordinates":[-83.5146,37.9474]},"properties":{"menifee_rank":1202,"id":7003,"stream":"Unnamed branch, tributary to Botts Fork","quad":"Scranton","gq":"GQ-1488","score_geology_only":45.7,"score_original":42.2,"top_pct_geology_only":96.5,"S":0.693,"D":0.065,"E":0.187,"I":0.531,"T":1.0,"R":0.3,"G":0.95,"dist_outline_km":22.4,"contact_class":"VERIFIED TARGET CONTACT (combined-unit top)","geo_conf":"Moderate-high","walk_start":"","source_zone_end":""}},{"type":"Feature","geometry":{"type":"Point","coordinates":[-83.5016,37.9463]},"properties":{"menifee_rank":1203,"id":7075,"stream":"Unnamed branch, tributary to Brushy Fork","quad":"Scranton","gq":"GQ-1488","score_geology_only":45.6,"score_original":42.2,"top_pct_geology_only":96.5,"S":0.727,"D":0.074,"E":0.205,"I":0.445,"T":1.0,"R":0.3,"G":0.95,"dist_outline_km":23.3,"contact_class":"VERIFIED TARGET CONTACT (combined-unit top)","geo_conf":"Moderate-high","walk_start":"","source_zone_end":""}},{"type":"Feature","geometry":{"type":"Point","coordinates":[-83.5871,37.8621]},"properties":{"menifee_rank":1204,"id":6182,"stream":"Unnamed ravine / small hollow, tributary to Gladie Creek","quad":"Pomeroyton","gq":"GQ-1184","score_geology_only":45.4,"score_original":45.8,"top_pct_geology_only":96.6,"S":0.528,"D":0.013,"E":0.638,"I":0.561,"T":1.0,"R":0.5,"G":0.95,"dist_outline_km":11.9,"contact_class":"VERIFIED TARGET CONTACT (combined-unit top)","geo_conf":"Moderate-high","walk_start":"","source_zone_end":""}},{"type":"Feature","geometry":{"type":"Point","coordinates":[-83.5014,37.9428]},"properties":{"menifee_rank":1205,"id":7360,"stream":"Brushy Fork","quad":"Scranton","gq":"GQ-1488","score_geology_only":45.4,"score_original":42.0,"top_pct_geology_only":96.6,"S":0.69,"D":0.065,"E":0.187,"I":0.518,"T":1.0,"R":0.3,"G":0.95,"dist_outline_km":23.0,"contact_class":"VERIFIED TARGET CONTACT (combined-unit top)","geo_conf":"Moderate-high","walk_start":"","source_zone_end":""}},{"type":"Feature","geometry":{"type":"Point","coordinates":[-83.5112,37.9463]},"properties":{"menifee_rank":1206,"id":4231,"stream":"Unnamed hollow head, tributary to Botts Fork","quad":"Scranton","gq":"GQ-1488","score_geology_only":45.3,"score_original":42.0,"top_pct_geology_only":96.6,"S":0.722,"D":0.072,"E":0.199,"I":0.446,"T":1.0,"R":0.3,"G":0.95,"dist_outline_km":22.6,"contact_class":"VERIFIED TARGET CONTACT (combined-unit top)","geo_conf":"Moderate-high","walk_start":"","source_zone_end":""}},{"type":"Feature","geometry":{"type":"Point","coordinates":[-83.5154,37.9435]},"properties":{"menifee_rank":1207,"id":2654,"stream":"Botts Fork, tributary to Brushy Fork","quad":"Scranton","gq":"GQ-1488","score_geology_only":45.3,"score_original":41.9,"top_pct_geology_only":96.6,"S":0.674,"D":0.061,"E":0.175,"I":0.555,"T":1.0,"R":0.3,"G":0.95,"dist_outline_km":22.1,"contact_class":"VERIFIED TARGET CONTACT (combined-unit top)","geo_conf":"Moderate-high","walk_start":"","source_zone_end":""}},{"type":"Feature","geometry":{"type":"Point","coordinates":[-83.7146,37.922]},"properties":{"menifee_rank":1208,"id":7009,"stream":"Hawkins Branch","quad":"Frenchburg","gq":"GQ-1390","score_geology_only":45.2,"score_original":45.7,"top_pct_geology_only":96.6,"S":0.509,"D":0.454,"E":0.172,"I":0.305,"T":1.0,"R":0.5,"G":0.95,"dist_outline_km":10.2,"contact_class":"VERIFIED TARGET CONTACT (combined-unit top)","geo_conf":"Moderate-high","walk_start":"","source_zone_end":""}},{"type":"Feature","geometry":{"type":"Point","coordinates":[-83.5051,37.9432]},"properties":{"menifee_rank":1209,"id":7327,"stream":"Welch Fork, tributary to Brushy Fork","quad":"Scranton","gq":"GQ-1488","score_geology_only":45.2,"score_original":41.9,"top_pct_geology_only":96.6,"S":0.693,"D":0.065,"E":0.187,"I":0.507,"T":1.0,"R":0.3,"G":0.95,"dist_outline_km":22.8,"contact_class":"VERIFIED TARGET CONTACT (combined-unit top)","geo_conf":"Moderate-high","walk_start":"","source_zone_end":""}},{"type":"Feature","geometry":{"type":"Point","coordinates":[-83.6172,37.9068]},"properties":{"menifee_rank":1210,"id":7378,"stream":"East Fork Indian Creek","quad":"Scranton","gq":"GQ-1488","score_geology_only":45.2,"score_original":45.6,"top_pct_geology_only":96.8,"S":0.558,"D":0.067,"E":0.41,"I":0.577,"T":1.0,"R":0.5,"G":0.95,"dist_outline_km":12.8,"contact_class":"VERIFIED TARGET CONTACT (combined-unit top)","geo_conf":"Moderate-high","walk_start":"","source_zone_end":""}},{"type":"Feature","geometry":{"type":"Point","coordinates":[-83.5857,37.8621]},"properties":{"menifee_rank":1211,"id":3206,"stream":"Gladie Creek","quad":"Pomeroyton","gq":"GQ-1184","score_geology_only":45.2,"score_original":45.6,"top_pct_geology_only":96.8,"S":0.528,"D":0.013,"E":0.638,"I":0.546,"T":1.0,"R":0.5,"G":0.95,"dist_outline_km":12.0,"contact_class":"VERIFIED TARGET CONTACT (combined-unit top)","geo_conf":"Moderate-high","walk_start":"","source_zone_end":""}},{"type":"Feature","geometry":{"type":"Point","coordinates":[-83.5048,37.9439]},"properties":{"menifee_rank":1212,"id":4971,"stream":"Welch Fork, tributary to Brushy Fork","quad":"Scranton","gq":"GQ-1488","score_geology_only":44.9,"score_original":41.6,"top_pct_geology_only":97.0,"S":0.704,"D":0.067,"E":0.189,"I":0.464,"T":1.0,"R":0.3,"G":0.95,"dist_outline_km":22.9,"contact_class":"VERIFIED TARGET CONTACT (combined-unit top)","geo_conf":"Moderate-high","walk_start":"","source_zone_end":""}},{"type":"Feature","geometry":{"type":"Point","coordinates":[-83.5155,37.9433]},"properties":{"menifee_rank":1213,"id":2257,"stream":"Botts Fork, tributary to Brushy Fork","quad":"Scranton","gq":"GQ-1488","score_geology_only":44.9,"score_original":41.6,"top_pct_geology_only":97.0,"S":0.674,"D":0.061,"E":0.175,"I":0.53,"T":1.0,"R":0.3,"G":0.95,"dist_outline_km":22.1,"contact_class":"VERIFIED TARGET CONTACT (combined-unit top)","geo_conf":"Moderate-high","walk_start":"","source_zone_end":""}},{"type":"Feature","geometry":{"type":"Point","coordinates":[-83.5019,37.9434]},"properties":{"menifee_rank":1214,"id":3763,"stream":"Brushy Fork","quad":"Scranton","gq":"GQ-1488","score_geology_only":44.6,"score_original":41.4,"top_pct_geology_only":97.1,"S":0.693,"D":0.065,"E":0.187,"I":0.471,"T":1.0,"R":0.3,"G":0.95,"dist_outline_km":23.0,"contact_class":"VERIFIED TARGET CONTACT (combined-unit top)","geo_conf":"Moderate-high","walk_start":"","source_zone_end":""}},{"type":"Feature","geometry":{"type":"Point","coordinates":[-83.6421,37.9967]},"properties":{"menifee_rank":1215,"id":1354,"stream":"Unnamed hollow head, tributary to Stonequarry Creek","quad":"Frenchburg","gq":"GQ-1390","score_geology_only":44.5,"score_original":41.3,"top_pct_geology_only":97.1,"S":0.278,"D":0.555,"E":0.353,"I":0.562,"T":0.745,"R":0.3,"G":0.95,"dist_outline_km":20.2,"contact_class":"VERIFIED TARGET CONTACT (combined-unit top)","geo_conf":"Moderate-high","walk_start":"","source_zone_end":""}},{"type":"Feature","geometry":{"type":"Point","coordinates":[-83.5019,37.9431]},"properties":{"menifee_rank":1216,"id":7361,"stream":"Brushy Fork","quad":"Scranton","gq":"GQ-1488","score_geology_only":44.4,"score_original":41.2,"top_pct_geology_only":97.2,"S":0.693,"D":0.065,"E":0.187,"I":0.462,"T":1.0,"R":0.3,"G":0.95,"dist_outline_km":23.0,"contact_class":"VERIFIED TARGET CONTACT (combined-unit top)","geo_conf":"Moderate-high","walk_start":"","source_zone_end":""}},{"type":"Feature","geometry":{"type":"Point","coordinates":[-83.6162,37.837]},"properties":{"menifee_rank":1217,"id":3744,"stream":"Unnamed hollow head, tributary to Greasy Branch","quad":"Pomeroyton","gq":"GQ-1184","score_geology_only":44.3,"score_original":45.0,"top_pct_geology_only":97.3,"S":1.0,"D":0.007,"E":0.434,"I":0.257,"T":0.4,"R":0.5,"G":0.95,"dist_outline_km":8.5,"contact_class":"VERIFIED TARGET CONTACT (combined-unit top)","geo_conf":"Moderate-high","walk_start":"","source_zone_end":""}},{"type":"Feature","geometry":{"type":"Point","coordinates":[-83.549,37.9374]},"properties":{"menifee_rank":1218,"id":3037,"stream":"Meyers Fork","quad":"Scranton","gq":"GQ-1488","score_geology_only":44.1,"score_original":41.0,"top_pct_geology_only":97.4,"S":0.66,"D":0.121,"E":0.185,"I":0.427,"T":1.0,"R":0.3,"G":0.95,"dist_outline_km":19.4,"contact_class":"VERIFIED TARGET CONTACT (combined-unit top)","geo_conf":"Moderate-high","walk_start":"","source_zone_end":""}},{"type":"Feature","geometry":{"type":"Point","coordinates":[-83.5816,37.8616]},"properties":{"menifee_rank":1219,"id":7427,"stream":"Gladie Creek","quad":"Pomeroyton","gq":"GQ-1184","score_geology_only":44.1,"score_original":44.8,"top_pct_geology_only":97.5,"S":0.471,"D":0.01,"E":0.646,"I":0.58,"T":1.0,"R":0.5,"G":0.95,"dist_outline_km":12.3,"contact_class":"VERIFIED TARGET CONTACT (combined-unit top)","geo_conf":"Moderate-high","walk_start":"","source_zone_end":""}},{"type":"Feature","geometry":{"type":"Point","coordinates":[-83.5502,37.9383]},"properties":{"menifee_rank":1220,"id":1725,"stream":"Unnamed hollow head, tributary to Meyers Fork","quad":"Scranton","gq":"GQ-1488","score_geology_only":43.9,"score_original":40.8,"top_pct_geology_only":97.6,"S":0.657,"D":0.12,"E":0.184,"I":0.42,"T":1.0,"R":0.3,"G":0.95,"dist_outline_km":19.4,"contact_class":"VERIFIED TARGET CONTACT (combined-unit top)","geo_conf":"Moderate-high","walk_start":"","source_zone_end":""}},{"type":"Feature","geometry":{"type":"Point","coordinates":[-83.7069,37.9117]},"properties":{"menifee_rank":1221,"id":3871,"stream":"Unnamed hollow head, tributary to Leatherwood Fork","quad":"Frenchburg","gq":"GQ-1390","score_geology_only":43.8,"score_original":44.6,"top_pct_geology_only":97.7,"S":0.525,"D":0.395,"E":0.085,"I":0.335,"T":1.0,"R":0.5,"G":0.95,"dist_outline_km":9.3,"contact_class":"VERIFIED TARGET CONTACT (combined-unit top)","geo_conf":"Moderate-high","walk_start":"","source_zone_end":""}},{"type":"Feature","geometry":{"type":"Point","coordinates":[-83.7067,37.9117]},"properties":{"menifee_rank":1222,"id":638,"stream":"Unnamed hollow head, tributary to Leatherwood Fork","quad":"Frenchburg","gq":"GQ-1390","score_geology_only":43.7,"score_original":44.5,"top_pct_geology_only":97.7,"S":0.525,"D":0.395,"E":0.085,"I":0.331,"T":1.0,"R":0.5,"G":0.95,"dist_outline_km":9.3,"contact_class":"VERIFIED TARGET CONTACT (combined-unit top)","geo_conf":"Moderate-high","walk_start":"","source_zone_end":""}},{"type":"Feature","geometry":{"type":"Point","coordinates":[-83.7083,37.9119]},"properties":{"menifee_rank":1223,"id":6711,"stream":"Unnamed ravine / small hollow, tributary to Leatherwood Fork","quad":"Frenchburg","gq":"GQ-1390","score_geology_only":43.5,"score_original":44.3,"top_pct_geology_only":97.8,"S":0.517,"D":0.384,"E":0.072,"I":0.356,"T":1.0,"R":0.5,"G":0.95,"dist_outline_km":9.3,"contact_class":"VERIFIED TARGET CONTACT (combined-unit top)","geo_conf":"Moderate-high","walk_start":"","source_zone_end":""}},{"type":"Feature","geometry":{"type":"Point","coordinates":[-83.7053,37.9127]},"properties":{"menifee_rank":1224,"id":1065,"stream":"Unnamed hollow head, tributary to Leatherwood Fork","quad":"Frenchburg","gq":"GQ-1390","score_geology_only":43.3,"score_original":44.2,"top_pct_geology_only":97.9,"S":0.547,"D":0.408,"E":0.105,"I":0.24,"T":1.0,"R":0.5,"G":0.95,"dist_outline_km":9.4,"contact_class":"VERIFIED TARGET CONTACT (combined-unit top)","geo_conf":"Moderate-high","walk_start":"","source_zone_end":""}},{"type":"Feature","geometry":{"type":"Point","coordinates":[-83.5823,37.8613]},"properties":{"menifee_rank":1225,"id":1278,"stream":"Gladie Creek, tributary to Garrett Branch","quad":"Pomeroyton","gq":"GQ-1184","score_geology_only":42.9,"score_original":43.8,"top_pct_geology_only":98.0,"S":0.449,"D":0.009,"E":0.639,"I":0.556,"T":1.0,"R":0.5,"G":0.95,"dist_outline_km":12.3,"contact_class":"VERIFIED TARGET CONTACT (combined-unit top)","geo_conf":"Moderate-high","walk_start":"","source_zone_end":""}},{"type":"Feature","geometry":{"type":"Point","coordinates":[-83.7087,37.9121]},"properties":{"menifee_rank":1226,"id":6676,"stream":"Unnamed ravine / small hollow, tributary to Leatherwood Fork","quad":"Frenchburg","gq":"GQ-1390","score_geology_only":42.7,"score_original":43.7,"top_pct_geology_only":98.0,"S":0.506,"D":0.371,"E":0.054,"I":0.358,"T":1.0,"R":0.5,"G":0.95,"dist_outline_km":9.3,"contact_class":"VERIFIED TARGET CONTACT (combined-unit top)","geo_conf":"Moderate-high","walk_start":"","source_zone_end":""}},{"type":"Feature","geometry":{"type":"Point","coordinates":[-83.552,37.9373]},"properties":{"menifee_rank":1227,"id":3895,"stream":"Unnamed hollow head, tributary to Meyers Fork","quad":"Scranton","gq":"GQ-1488","score_geology_only":42.6,"score_original":39.8,"top_pct_geology_only":98.1,"S":0.61,"D":0.106,"E":0.168,"I":0.453,"T":1.0,"R":0.3,"G":0.95,"dist_outline_km":19.2,"contact_class":"VERIFIED TARGET CONTACT (combined-unit top)","geo_conf":"Moderate-high","walk_start":"","source_zone_end":""}},{"type":"Feature","geometry":{"type":"Point","coordinates":[-83.5812,37.861]},"properties":{"menifee_rank":1228,"id":7095,"stream":"Lost Branch, tributary to Gladie Creek","quad":"Pomeroyton","gq":"GQ-1184","score_geology_only":42.4,"score_original":43.4,"top_pct_geology_only":98.3,"S":0.408,"D":0.008,"E":0.656,"I":0.584,"T":1.0,"R":0.5,"G":0.95,"dist_outline_km":12.3,"contact_class":"VERIFIED TARGET CONTACT (combined-unit top)","geo_conf":"Moderate-high","walk_start":"","source_zone_end":""}},{"type":"Feature","geometry":{"type":"Point","coordinates":[-83.5516,37.936]},"properties":{"menifee_rank":1229,"id":5711,"stream":"Unnamed ravine / small hollow, tributary to Meyers Fork","quad":"Scranton","gq":"GQ-1488","score_geology_only":42.2,"score_original":39.5,"top_pct_geology_only":98.4,"S":0.607,"D":0.105,"E":0.164,"I":0.443,"T":1.0,"R":0.3,"G":0.95,"dist_outline_km":19.2,"contact_class":"VERIFIED TARGET CONTACT (combined-unit top)","geo_conf":"Moderate-high","walk_start":"","source_zone_end":""}},{"type":"Feature","geometry":{"type":"Point","coordinates":[-83.6166,37.9077]},"properties":{"menifee_rank":1230,"id":7376,"stream":"East Fork Indian Creek","quad":"Scranton","gq":"GQ-1488","score_geology_only":41.4,"score_original":42.6,"top_pct_geology_only":98.6,"S":0.491,"D":0.061,"E":0.333,"I":0.538,"T":1.0,"R":0.5,"G":0.95,"dist_outline_km":12.9,"contact_class":"VERIFIED TARGET CONTACT (combined-unit top)","geo_conf":"Moderate-high","walk_start":"","source_zone_end":""}},{"type":"Feature","geometry":{"type":"Point","coordinates":[-83.5175,37.9431]},"properties":{"menifee_rank":1231,"id":5938,"stream":"Botts Fork, tributary to Brushy Fork","quad":"Scranton","gq":"GQ-1488","score_geology_only":41.3,"score_original":38.7,"top_pct_geology_only":98.6,"S":0.54,"D":0.081,"E":0.255,"I":0.472,"T":1.0,"R":0.3,"G":0.95,"dist_outline_km":21.9,"contact_class":"VERIFIED TARGET CONTACT (combined-unit top)","geo_conf":"Moderate-high","walk_start":"","source_zone_end":""}},{"type":"Feature","geometry":{"type":"Point","coordinates":[-83.7085,37.9134]},"properties":{"menifee_rank":1232,"id":6884,"stream":"Leatherwood Fork","quad":"Frenchburg","gq":"GQ-1390","score_geology_only":41.1,"score_original":42.4,"top_pct_geology_only":98.7,"S":0.501,"D":0.364,"E":0.046,"I":0.288,"T":1.0,"R":0.5,"G":0.95,"dist_outline_km":9.4,"contact_class":"VERIFIED TARGET CONTACT (combined-unit top)","geo_conf":"Moderate-high","walk_start":"","source_zone_end":""}},{"type":"Feature","geometry":{"type":"Point","coordinates":[-83.6153,37.9074]},"properties":{"menifee_rank":1233,"id":7091,"stream":"Unnamed branch, tributary to East Fork Indian Creek","quad":"Scranton","gq":"GQ-1488","score_geology_only":40.9,"score_original":42.2,"top_pct_geology_only":98.7,"S":0.475,"D":0.056,"E":0.3,"I":0.561,"T":1.0,"R":0.5,"G":0.95,"dist_outline_km":13.0,"contact_class":"VERIFIED TARGET CONTACT (combined-unit top)","geo_conf":"Moderate-high","walk_start":"","source_zone_end":""}},{"type":"Feature","geometry":{"type":"Point","coordinates":[-83.7079,37.9134]},"properties":{"menifee_rank":1234,"id":5495,"stream":"Leatherwood Fork","quad":"Frenchburg","gq":"GQ-1390","score_geology_only":40.5,"score_original":41.9,"top_pct_geology_only":98.8,"S":0.501,"D":0.364,"E":0.046,"I":0.258,"T":1.0,"R":0.5,"G":0.95,"dist_outline_km":9.4,"contact_class":"VERIFIED TARGET CONTACT (combined-unit top)","geo_conf":"Moderate-high","walk_start":"","source_zone_end":""}},{"type":"Feature","geometry":{"type":"Point","coordinates":[-83.5554,37.9359]},"properties":{"menifee_rank":1235,"id":7139,"stream":"Unnamed branch, tributary to Meyers Fork","quad":"Scranton","gq":"GQ-1488","score_geology_only":39.9,"score_original":37.6,"top_pct_geology_only":98.9,"S":0.557,"D":0.088,"E":0.144,"I":0.429,"T":1.0,"R":0.3,"G":0.95,"dist_outline_km":18.9,"contact_class":"VERIFIED TARGET CONTACT (combined-unit top)","geo_conf":"Moderate-high","walk_start":"","source_zone_end":""}},{"type":"Feature","geometry":{"type":"Point","coordinates":[-83.5546,37.9339]},"properties":{"menifee_rank":1236,"id":6516,"stream":"Unnamed ravine / small hollow, tributary to Meyers Fork","quad":"Scranton","gq":"GQ-1488","score_geology_only":39.8,"score_original":37.6,"top_pct_geology_only":98.9,"S":0.544,"D":0.083,"E":0.136,"I":0.462,"T":1.0,"R":0.3,"G":0.95,"dist_outline_km":18.8,"contact_class":"VERIFIED TARGET CONTACT (combined-unit top)","geo_conf":"Moderate-high","walk_start":"","source_zone_end":""}},{"type":"Feature","geometry":{"type":"Point","coordinates":[-83.555,37.9343]},"properties":{"menifee_rank":1237,"id":7355,"stream":"Meyers Fork","quad":"Scranton","gq":"GQ-1488","score_geology_only":39.0,"score_original":36.9,"top_pct_geology_only":99.0,"S":0.548,"D":0.085,"E":0.139,"I":0.405,"T":1.0,"R":0.3,"G":0.95,"dist_outline_km":18.8,"contact_class":"VERIFIED TARGET CONTACT (combined-unit top)","geo_conf":"Moderate-high","walk_start":"","source_zone_end":""}},{"type":"Feature","geometry":{"type":"Point","coordinates":[-83.5186,37.9413]},"properties":{"menifee_rank":1238,"id":7370,"stream":"Botts Fork, tributary to Brushy Fork","quad":"Scranton","gq":"GQ-1488","score_geology_only":38.6,"score_original":36.6,"top_pct_geology_only":99.0,"S":0.497,"D":0.068,"E":0.223,"I":0.432,"T":1.0,"R":0.3,"G":0.95,"dist_outline_km":21.7,"contact_class":"VERIFIED TARGET CONTACT (combined-unit top)","geo_conf":"Moderate-high","walk_start":"","source_zone_end":""}},{"type":"Feature","geometry":{"type":"Point","coordinates":[-83.5189,37.9414]},"properties":{"menifee_rank":1239,"id":6732,"stream":"Unnamed ravine / small hollow, tributary to Botts Fork","quad":"Scranton","gq":"GQ-1488","score_geology_only":38.3,"score_original":36.3,"top_pct_geology_only":99.1,"S":0.496,"D":0.068,"E":0.222,"I":0.417,"T":1.0,"R":0.3,"G":0.95,"dist_outline_km":21.7,"contact_class":"VERIFIED TARGET CONTACT (combined-unit top)","geo_conf":"Moderate-high","walk_start":"","source_zone_end":""}},{"type":"Feature","geometry":{"type":"Point","coordinates":[-83.5949,37.8207]},"properties":{"menifee_rank":1240,"id":99,"stream":"Red River","quad":"Pomeroyton","gq":"GQ-1184","score_geology_only":38.1,"score_original":39.9,"top_pct_geology_only":99.2,"S":0.687,"D":0.002,"E":0.252,"I":0.554,"T":0.4,"R":0.5,"G":0.95,"dist_outline_km":9.7,"contact_class":"VERIFIED TARGET CONTACT (combined-unit top)","geo_conf":"Moderate-high","walk_start":"","source_zone_end":""}},{"type":"Feature","geometry":{"type":"Point","coordinates":[-83.5918,37.8197]},"properties":{"menifee_rank":1241,"id":2917,"stream":"Red River","quad":"Pomeroyton","gq":"GQ-1184","score_geology_only":37.4,"score_original":39.4,"top_pct_geology_only":99.3,"S":0.664,"D":0.002,"E":0.252,"I":0.556,"T":0.4,"R":0.5,"G":0.95,"dist_outline_km":10.0,"contact_class":"VERIFIED TARGET CONTACT (combined-unit top)","geo_conf":"Moderate-high","walk_start":"","source_zone_end":""}},{"type":"Feature","geometry":{"type":"Point","coordinates":[-83.5962,37.8212]},"properties":{"menifee_rank":1242,"id":292,"stream":"Unnamed hollow head","quad":"Pomeroyton","gq":"GQ-1184","score_geology_only":37.2,"score_original":39.3,"top_pct_geology_only":99.4,"S":0.691,"D":0.002,"E":0.251,"I":0.499,"T":0.4,"R":0.5,"G":0.95,"dist_outline_km":9.6,"contact_class":"VERIFIED TARGET CONTACT (combined-unit top)","geo_conf":"Moderate-high","walk_start":"","source_zone_end":""}},{"type":"Feature","geometry":{"type":"Point","coordinates":[-83.5869,37.8236]},"properties":{"menifee_rank":1243,"id":1184,"stream":"Unnamed hollow head, tributary to Red River","quad":"Pomeroyton","gq":"GQ-1184","score_geology_only":36.0,"score_original":38.3,"top_pct_geology_only":99.4,"S":0.523,"D":0.001,"E":0.259,"I":0.706,"T":0.4,"R":0.5,"G":0.95,"dist_outline_km":10.5,"contact_class":"VERIFIED TARGET CONTACT (combined-unit top)","geo_conf":"Moderate-high","walk_start":"","source_zone_end":""}},{"type":"Feature","geometry":{"type":"Point","coordinates":[-83.589,37.8194]},"properties":{"menifee_rank":1244,"id":4904,"stream":"Red River","quad":"Pomeroyton","gq":"GQ-1184","score_geology_only":35.5,"score_original":37.9,"top_pct_geology_only":99.5,"S":0.618,"D":0.001,"E":0.26,"I":0.52,"T":0.4,"R":0.5,"G":0.95,"dist_outline_km":10.2,"contact_class":"VERIFIED TARGET CONTACT (combined-unit top)","geo_conf":"Moderate-high","walk_start":"","source_zone_end":""}},{"type":"Feature","geometry":{"type":"Point","coordinates":[-83.5849,37.8258]},"properties":{"menifee_rank":1245,"id":5816,"stream":"Unnamed ravine / small hollow","quad":"Pomeroyton","gq":"GQ-1184","score_geology_only":35.4,"score_original":37.8,"top_pct_geology_only":99.6,"S":0.468,"D":0.001,"E":0.25,"I":0.771,"T":0.4,"R":0.5,"G":0.95,"dist_outline_km":10.7,"contact_class":"VERIFIED TARGET CONTACT (combined-unit top)","geo_conf":"Moderate-high","walk_start":"","source_zone_end":""}},{"type":"Feature","geometry":{"type":"Point","coordinates":[-83.5843,37.8251]},"properties":{"menifee_rank":1246,"id":7440,"stream":"Red River","quad":"Pomeroyton","gq":"GQ-1184","score_geology_only":35.1,"score_original":37.6,"top_pct_geology_only":99.6,"S":0.458,"D":0.001,"E":0.249,"I":0.706,"T":0.5,"R":0.5,"G":0.95,"dist_outline_km":10.8,"contact_class":"VERIFIED TARGET CONTACT (combined-unit top)","geo_conf":"Moderate-high","walk_start":"","source_zone_end":""}},{"type":"Feature","geometry":{"type":"Point","coordinates":[-83.5814,37.8245]},"properties":{"menifee_rank":1247,"id":1561,"stream":"Red River","quad":"Pomeroyton","gq":"GQ-1184","score_geology_only":33.6,"score_original":36.4,"top_pct_geology_only":99.8,"S":0.377,"D":0.0,"E":0.359,"I":0.751,"T":0.4,"R":0.5,"G":0.95,"dist_outline_km":11.0,"contact_class":"VERIFIED TARGET CONTACT (combined-unit top)","geo_conf":"Moderate-high","walk_start":"","source_zone_end":""}},{"type":"Feature","geometry":{"type":"Point","coordinates":[-83.5812,37.8241]},"properties":{"menifee_rank":1248,"id":2543,"stream":"Unnamed hollow head","quad":"Pomeroyton","gq":"GQ-1184","score_geology_only":32.6,"score_original":35.6,"top_pct_geology_only":99.8,"S":0.374,"D":0.0,"E":0.363,"I":0.697,"T":0.4,"R":0.5,"G":0.95,"dist_outline_km":11.0,"contact_class":"VERIFIED TARGET CONTACT (combined-unit top)","geo_conf":"Moderate-high","walk_start":"","source_zone_end":""}},{"type":"Feature","geometry":{"type":"Point","coordinates":[-83.5821,37.8251]},"properties":{"menifee_rank":1249,"id":2056,"stream":"Red River","quad":"Pomeroyton","gq":"GQ-1184","score_geology_only":32.5,"score_original":35.5,"top_pct_geology_only":99.8,"S":0.403,"D":0.001,"E":0.327,"I":0.669,"T":0.4,"R":0.5,"G":0.95,"dist_outline_km":10.9,"contact_class":"VERIFIED TARGET CONTACT (combined-unit top)","geo_conf":"Moderate-high","walk_start":"","source_zone_end":""}},{"type":"Feature","geometry":{"type":"Point","coordinates":[-83.583,37.8253]},"properties":{"menifee_rank":1250,"id":1655,"stream":"Unnamed hollow head","quad":"Pomeroyton","gq":"GQ-1184","score_geology_only":32.1,"score_original":35.2,"top_pct_geology_only":99.9,"S":0.428,"D":0.001,"E":0.275,"I":0.638,"T":0.4,"R":0.5,"G":0.95,"dist_outline_km":10.9,"contact_class":"VERIFIED TARGET CONTACT (combined-unit top)","geo_conf":"Moderate-high","walk_start":"","source_zone_end":""}},{"type":"Feature","geometry":{"type":"Point","coordinates":[-83.5781,37.8206]},"properties":{"menifee_rank":1251,"id":7438,"stream":"Red River","quad":"Pomeroyton","gq":"GQ-1184","score_geology_only":20.4,"score_original":25.8,"top_pct_geology_only":99.9,"S":0.03,"D":0.0,"E":0.129,"I":0.674,"T":0.5,"R":0.5,"G":0.95,"dist_outline_km":11.2,"contact_class":"VERIFIED TARGET CONTACT (combined-unit top)","geo_conf":"Moderate-high","walk_start":"","source_zone_end":""}},{"type":"Feature","geometry":{"type":"Point","coordinates":[-83.5773,37.8208]},"properties":{"menifee_rank":1252,"id":7437,"stream":"Red River","quad":"Pomeroyton","gq":"GQ-1184","score_geology_only":20.0,"score_original":25.5,"top_pct_geology_only":100.0,"S":0.02,"D":0.0,"E":0.203,"I":0.621,"T":0.5,"R":0.5,"G":0.95,"dist_outline_km":11.3,"contact_class":"VERIFIED TARGET CONTACT (combined-unit top)","geo_conf":"Moderate-high","walk_start":"","source_zone_end":""}},{"type":"Feature","geometry":{"type":"Point","coordinates":[-83.5806,37.8207]},"properties":{"menifee_rank":1253,"id":4148,"stream":"Red River","quad":"Pomeroyton","gq":"GQ-1184","score_geology_only":17.3,"score_original":23.3,"top_pct_geology_only":100.0,"S":0.038,"D":0.0,"E":0.114,"I":0.564,"T":0.4,"R":0.5,"G":0.95,"dist_outline_km":11.0,"contact_class":"VERIFIED TARGET CONTACT (combined-unit top)","geo_conf":"Moderate-high","walk_start":"","source_zone_end":""}}]}