{"type":"FeatureCollection","features":[{"type":"Feature","properties":{"fault_name":"AUSTERLITZ FAULT SYSTEM","feature_type":"FAULT","fault_throw":"DTE","line_style":"FAULT","quadrangle_name":"Austerlitz","gq_number":"1245"},"geometry":{"type":"LineString","coordinates":[[-84.20225,38.04737],[-84.19827,38.04408]]}},{"type":"Feature","properties":{"fault_name":"AUSTERLITZ FAULT SYSTEM","feature_type":"FAULT","fault_throw":"DTE","line_style":"CONCEALED_FAULT","quadrangle_name":"Austerlitz","gq_number":"1245"},"geometry":{"type":"LineString","coordinates":[[-84.19827,38.04408],[-84.19512,38.042]]}},{"type":"Feature","properties":{"fault_name":"AUSTERLITZ FAULT SYSTEM","feature_type":"FAULT","fault_throw":"DTSW","line_style":"FAULT","quadrangle_name":"Austerlitz","gq_number":"1245"},"geometry":{"type":"LineString","coordinates":[[-84.19512,38.042],[-84.18936,38.03864],[-84.1879,38.03767],[-84.18471,38.03519],[-84.18284,38.0342],[-84.17972,38.0329],[-84.1781,38.0317]]}},{"type":"Feature","properties":{"fault_name":"AUSTERLITZ FAULT SYSTEM","feature_type":"FAULT","fault_throw":"DTSW","line_style":"CONCEALED_FAULT","quadrangle_name":"Austerlitz","gq_number":"1245"},"geometry":{"type":"LineString","coordinates":[[-84.1781,38.0317],[-84.17662,38.03009]]}},{"type":"Feature","properties":{"fault_name":"AUSTERLITZ FAULT SYSTEM","feature_type":"FAULT","fault_throw":"DTSW","line_style":"FAULT","quadrangle_name":"Austerlitz","gq_number":"1245"},"geometry":{"type":"LineString","coordinates":[[-84.17662,38.03009],[-84.17557,38.02952],[-84.17414,38.02846],[-84.17354,38.02787],[-84.1712,38.02492],[-84.16861,38.02275]]}},{"type":"Feature","properties":{"fault_name":"AUSTERLITZ FAULT SYSTEM","feature_type":"FAULT","fault_throw":"DTSW","line_style":"CONCEALED_FAULT","quadrangle_name":"Austerlitz","gq_number":"1245"},"geometry":{"type":"LineString","coordinates":[[-84.16861,38.02275],[-84.16811,38.02237]]}},{"type":"Feature","properties":{"fault_name":"AUSTERLITZ FAULT SYSTEM","feature_type":"FAULT","fault_throw":"DTSW","line_style":"FAULT","quadrangle_name":"Austerlitz","gq_number":"1245"},"geometry":{"type":"LineString","coordinates":[[-84.16811,38.02237],[-84.16548,38.02017]]}},{"type":"Feature","properties":{"fault_name":"AUSTERLITZ FAULT SYSTEM","feature_type":"FAULT","fault_throw":"DTSW","line_style":"CONCEALED_FAULT","quadrangle_name":"Austerlitz","gq_number":"1245"},"geometry":{"type":"LineString","coordinates":[[-84.16548,38.02017],[-84.16525,38.02]]}},{"type":"Feature","properties":{"fault_name":"AUSTERLITZ FAULT SYSTEM","feature_type":"FAULT","fault_throw":"DTSW","line_style":"FAULT","quadrangle_name":"Austerlitz","gq_number":"1245"},"geometry":{"type":"LineString","coordinates":[[-84.16525,38.02],[-84.1652,38.01997]]}},{"type":"Feature","properties":{"fault_name":"AUSTERLITZ FAULT SYSTEM","feature_type":"FAULT","fault_throw":"DTS","line_style":"CONCEALED_FAULT","quadrangle_name":"Austerlitz","gq_number":"1245"},"geometry":{"type":"LineString","coordinates":[[-84.15261,38.01841],[-84.15142,38.01855],[-84.14994,38.01853]]}},{"type":"Feature","properties":{"fault_name":"AUSTERLITZ FAULT SYSTEM","feature_type":"FAULT","fault_throw":"DTSW","line_style":"FAULT","quadrangle_name":"Austerlitz","gq_number":"1245"},"geometry":{"type":"LineString","coordinates":[[-84.1652,38.01997],[-84.16426,38.0196],[-84.16185,38.01818]]}},{"type":"Feature","properties":{"fault_name":" ","feature_type":"FAULT","fault_throw":"DTNE","line_style":"FAULT","quadrangle_name":"Austerlitz","gq_number":"1245"},"geometry":{"type":"LineString","coordinates":[[-84.19343,38.02077],[-84.19102,38.01763]]}},{"type":"Feature","properties":{"fault_name":"AUSTERLITZ FAULT SYSTEM","feature_type":"FAULT","fault_throw":"DTSW","line_style":"CONCEALED_FAULT","quadrangle_name":"Austerlitz","gq_number":"1245"},"geometry":{"type":"LineString","coordinates":[[-84.1575,38.01622],[-84.15706,38.01605]]}},{"type":"Feature","properties":{"fault_name":"AUSTERLITZ FAULT SYSTEM","feature_type":"FAULT","fault_throw":"DTSW","line_style":"CONCEALED_FAULT","quadrangle_name":"Austerlitz","gq_number":"1245"},"geometry":{"type":"LineString","coordinates":[[-84.15341,38.01398],[-84.15315,38.01387]]}},{"type":"Feature","properties":{"fault_name":"AUSTERLITZ FAULT SYSTEM","feature_type":"FAULT","fault_throw":"DTNE","line_style":"CONCEALED_FAULT","quadrangle_name":"Austerlitz","gq_number":"1245"},"geometry":{"type":"LineString","coordinates":[[-84.15671,38.01267],[-84.15731,38.0135]]}},{"type":"Feature","properties":{"fault_name":" ","feature_type":"FAULT","fault_throw":"DTN","line_style":"CONCEALED_FAULT","quadrangle_name":"Austerlitz","gq_number":"1245"},"geometry":{"type":"LineString","coordinates":[[-84.17733,38.0117],[-84.17681,38.0117]]}},{"type":"Feature","properties":{"fault_name":" ","feature_type":"FAULT","fault_throw":"DTN","line_style":"FAULT","quadrangle_name":"Austerlitz","gq_number":"1245"},"geometry":{"type":"LineString","coordinates":[[-84.17926,38.01184],[-84.17733,38.0117]]}},{"type":"Feature","properties":{"fault_name":"AUSTERLITZ FAULT SYSTEM","feature_type":"FAULT","fault_throw":"DTNE","line_style":"FAULT","quadrangle_name":"Austerlitz","gq_number":"1245"},"geometry":{"type":"LineString","coordinates":[[-84.15429,38.01065],[-84.15518,38.01102],[-84.15595,38.01156],[-84.15671,38.01267]]}},{"type":"Feature","properties":{"fault_name":"AUSTERLITZ FAULT SYSTEM","feature_type":"FAULT","fault_throw":"DTNE","line_style":"CONCEALED_FAULT","quadrangle_name":"Austerlitz","gq_number":"1245"},"geometry":{"type":"LineString","coordinates":[[-84.14983,38.00854],[-84.15429,38.01065]]}},{"type":"Feature","properties":{"fault_name":" ","feature_type":"FAULT","fault_throw":"DTNE","line_style":"FAULT","quadrangle_name":"Austerlitz","gq_number":"1245"},"geometry":{"type":"LineString","coordinates":[[-84.19669,38.02483],[-84.19542,38.02351]]}},{"type":"Feature","properties":{"fault_name":" ","feature_type":"FAULT","fault_throw":"DTNE","line_style":"CONCEALED_FAULT","quadrangle_name":"Austerlitz","gq_number":"1245"},"geometry":{"type":"LineString","coordinates":[[-84.19541,38.02349],[-84.19343,38.02077]]}},{"type":"Feature","properties":{"fault_name":"AUSTERLITZ FAULT SYSTEM","feature_type":"FAULT","fault_throw":"DTS","line_style":"FAULT","quadrangle_name":"Austerlitz","gq_number":"1245"},"geometry":{"type":"LineString","coordinates":[[-84.16185,38.01818],[-84.15261,38.01841]]}},{"type":"Feature","properties":{"fault_name":"AUSTERLITZ FAULT SYSTEM","feature_type":"FAULT","fault_throw":"DTSW","line_style":"FAULT","quadrangle_name":"Austerlitz","gq_number":"1245"},"geometry":{"type":"LineString","coordinates":[[-84.16185,38.01818],[-84.15958,38.017],[-84.1575,38.01622]]}},{"type":"Feature","properties":{"fault_name":"AUSTERLITZ FAULT SYSTEM","feature_type":"FAULT","fault_throw":"DTNE","line_style":"FAULT","quadrangle_name":"Austerlitz","gq_number":"1245"},"geometry":{"type":"LineString","coordinates":[[-84.15731,38.0135],[-84.16084,38.0169],[-84.1617,38.01747],[-84.16298,38.01795],[-84.1652,38.01997]]}},{"type":"Feature","properties":{"fault_name":"AUSTERLITZ FAULT SYSTEM","feature_type":"FAULT","fault_throw":"DTSW","line_style":"FAULT","quadrangle_name":"Austerlitz","gq_number":"1245"},"geometry":{"type":"LineString","coordinates":[[-84.15706,38.01605],[-84.15588,38.01553],[-84.15341,38.01398]]}},{"type":"Feature","properties":{"fault_name":"AUSTERLITZ FAULT SYSTEM","feature_type":"FAULT","fault_throw":"DTSW","line_style":"FAULT","quadrangle_name":"Austerlitz","gq_number":"1245"},"geometry":{"type":"LineString","coordinates":[[-84.15315,38.01387],[-84.14764,38.01118],[-84.1399,38.00621]]}},{"type":"Feature","properties":{"fault_name":" ","feature_type":"FAULT","fault_throw":"DTN","line_style":"FAULT","quadrangle_name":"Austerlitz","gq_number":"1245"},"geometry":{"type":"LineString","coordinates":[[-84.17681,38.0117],[-84.16994,38.01186],[-84.16661,38.01214]]}},{"type":"Feature","properties":{"fault_name":"AUSTERLITZ FAULT SYSTEM","feature_type":"FAULT","fault_throw":"DTNE","line_style":"FAULT","quadrangle_name":"Austerlitz","gq_number":"1245"},"geometry":{"type":"LineString","coordinates":[[-84.14357,38.00534],[-84.14652,38.00675],[-84.14983,38.00854]]}},{"type":"Feature","properties":{"fault_name":" ","feature_type":"FAULT","fault_throw":"DTE","line_style":"FAULT","quadrangle_name":"Clintonville","gq_number":"717"},"geometry":{"type":"LineString","coordinates":[[-84.33841,38.00141],[-84.33755,38.00589],[-84.33629,38.00961]]}},{"type":"Feature","properties":{"fault_name":" ","feature_type":"FAULT","fault_throw":"DTSW","line_style":"FAULT","quadrangle_name":"Clintonville","gq_number":"717"},"geometry":{"type":"LineString","coordinates":[[-84.29258,38.00219],[-84.2937,38.00355],[-84.29455,38.00436],[-84.29569,38.00519]]}},{"type":"Feature","properties":{"fault_name":"LEXINGTON FAULT SYSTEM","feature_type":"FAULT","fault_throw":"DTSE","line_style":"FAULT","quadrangle_name":"Lexington East","gq_number":"683"},"geometry":{"type":"LineString","coordinates":[[-84.44463,38.04377],[-84.44132,38.04612]]}},{"type":"Feature","properties":{"fault_name":"LEXINGTON FAULT SYSTEM","feature_type":"FAULT","fault_throw":"DTSE","line_style":"FAULT","quadrangle_name":"Lexington East","gq_number":"683"},"geometry":{"type":"LineString","coordinates":[[-84.45008,38.04603],[-84.44666,38.04865],[-84.44416,38.05105],[-84.44292,38.05243],[-84.44178,38.05432]]}},{"type":"Feature","properties":{"fault_name":"LEXINGTON FAULT SYSTEM","feature_type":"FAULT","fault_throw":"DTNW","line_style":"FAULT","quadrangle_name":"Lexington East","gq_number":"683"},"geometry":{"type":"LineString","coordinates":[[-84.44439,38.04712],[-84.44121,38.04973]]}},{"type":"Feature","properties":{"fault_name":"LEXINGTON FAULT SYSTEM","feature_type":"FAULT","fault_throw":"DTNW","line_style":"FAULT","quadrangle_name":"Lexington East","gq_number":"683"},"geometry":{"type":"LineString","coordinates":[[-84.45008,38.04603],[-84.44836,38.04676],[-84.44606,38.04844]]}},{"type":"Feature","properties":{"fault_name":"LEXINGTON FAULT SYSTEM","feature_type":"FAULT","fault_throw":"DTSE","line_style":"FAULT","quadrangle_name":"Lexington East","gq_number":"683"},"geometry":{"type":"LineString","coordinates":[[-84.45492,38.03645],[-84.45402,38.04045],[-84.45322,38.04254],[-84.45171,38.04443],[-84.45008,38.04603]]}},{"type":"Feature","properties":{"fault_name":"LEXINGTON FAULT SYSTEM","feature_type":"FAULT","fault_throw":"DTSE","line_style":"FAULT","quadrangle_name":"Lexington East","gq_number":"683"},"geometry":{"type":"LineString","coordinates":[[-84.45492,38.03645],[-84.45247,38.0392],[-84.4508,38.04075],[-84.44975,38.04146],[-84.4471,38.04238],[-84.44463,38.04377]]}},{"type":"Feature","properties":{"fault_name":"LEXINGTON FAULT SYSTEM","feature_type":"FAULT","fault_throw":"DTNW","line_style":"FAULT","quadrangle_name":"Lexington East","gq_number":"683"},"geometry":{"type":"LineString","coordinates":[[-84.44147,38.04012],[-84.43947,38.04155]]}},{"type":"Feature","properties":{"fault_name":" ","feature_type":"FAULT","fault_throw":"DTNE","line_style":"FAULT","quadrangle_name":"Lexington West","gq_number":"600"},"geometry":{"type":"LineString","coordinates":[[-84.61595,38.01924],[-84.61397,38.01782],[-84.61302,38.01728]]}},{"type":"Feature","properties":{"fault_name":" ","feature_type":"FAULT","fault_throw":"DTSW","line_style":"FAULT","quadrangle_name":"Lexington West","gq_number":"600"},"geometry":{"type":"LineString","coordinates":[[-84.62495,38.02561],[-84.62366,38.02469],[-84.61786,38.02152],[-84.6168,38.0206],[-84.61595,38.01924]]}},{"type":"Feature","properties":{"fault_name":" ","feature_type":"FAULT","fault_throw":"DTNE","line_style":"FAULT","quadrangle_name":"Lexington West","gq_number":"600"},"geometry":{"type":"LineString","coordinates":[[-84.62495,38.02454],[-84.62144,38.02215],[-84.61729,38.02004],[-84.61595,38.01924]]}},{"type":"Feature","properties":{"fault_name":"LEXINGTON FAULT SYSTEM","feature_type":"FAULT","fault_throw":"DTSE","line_style":"FAULT","quadrangle_name":"Lexington East","gq_number":"683"},"geometry":{"type":"LineString","coordinates":[[-84.48715,38.00009],[-84.48484,38.00169],[-84.4825,38.00412],[-84.47865,38.00887],[-84.47683,38.01092],[-84.47437,38.01428],[-84.47012,38.01853],[-84.46205,38.02789],[-84.45902,38.03106],[-84.45678,38.03307],[-84.45613,38.03395],[-84.45492,38.03645]]}},{"type":"Feature","properties":{"fault_name":"LEXINGTON FAULT SYSTEM","feature_type":"FAULT","fault_throw":"DTNW","line_style":"FAULT","quadrangle_name":"Lexington East","gq_number":"683"},"geometry":{"type":"LineString","coordinates":[[-84.48099,38.0001],[-84.47541,38.00537],[-84.4731,38.00737],[-84.47178,38.00874],[-84.46918,38.01194],[-84.46607,38.01635],[-84.46331,38.02108],[-84.46183,38.02305],[-84.45876,38.02498],[-84.45752,38.02593],[-84.45607,38.02743],[-84.45417,38.02987],[-84.45226,38.03173],[-84.45056,38.03368],[-84.44829,38.03658],[-84.44769,38.03779],[-84.44706,38.04052],[-84.44594,38.04226],[-84.44463,38.04377]]}},{"type":"Feature","properties":{"fault_name":" ","feature_type":"FAULT","fault_throw":"DTNE","line_style":"FAULT","quadrangle_name":"Clintonville","gq_number":"717"},"geometry":{"type":"LineString","coordinates":[[-84.28867,38.0001],[-84.29135,38.00194]]}},{"type":"Feature","properties":{"fault_name":" ","feature_type":"FAULT","fault_throw":"DTSW","line_style":"FAULT","quadrangle_name":"Sideview","gq_number":"1356"},"geometry":{"type":"LineString","coordinates":[[-84.00109,38.0132],[-83.99993,38.01222]]}},{"type":"Feature","properties":{"fault_name":" ","feature_type":"FAULT","fault_throw":"DTN","line_style":"FAULT","quadrangle_name":"Hedges","gq_number":"1235"},"geometry":{"type":"LineString","coordinates":[[-84.11879,37.99945],[-84.1186,37.99938]]}},{"type":"Feature","properties":{"fault_name":" ","feature_type":"FAULT","fault_throw":"DTS","line_style":"FAULT","quadrangle_name":"Hedges","gq_number":"1235"},"geometry":{"type":"LineString","coordinates":[[-84.1186,37.99938],[-84.11734,37.99951],[-84.11687,37.99946],[-84.11615,37.99921],[-84.11544,37.9986]]}},{"type":"Feature","properties":{"fault_name":" ","feature_type":"FAULT","fault_throw":"DTN","line_style":"FAULT","quadrangle_name":"Hedges","gq_number":"1235"},"geometry":{"type":"LineString","coordinates":[[-84.1186,37.99938],[-84.11544,37.9986]]}},{"type":"Feature","properties":{"fault_name":" ","feature_type":"FAULT","fault_throw":"DTN","line_style":"FAULT","quadrangle_name":"Hedges","gq_number":"1235"},"geometry":{"type":"LineString","coordinates":[[-84.11544,37.9986],[-84.11353,37.9982]]}},{"type":"Feature","properties":{"fault_name":" ","feature_type":"FAULT","fault_throw":"DTNE","line_style":"FAULT","quadrangle_name":"Ford","gq_number":"764"},"geometry":{"type":"LineString","coordinates":[[-84.28867,38.0001],[-84.28804,37.99961]]}},{"type":"Feature","properties":{"fault_name":" ","feature_type":"FAULT","fault_throw":"DTNE","line_style":"CONCEALED_FAULT","quadrangle_name":"Ford","gq_number":"764"},"geometry":{"type":"LineString","coordinates":[[-84.28804,37.99961],[-84.28734,37.99907]]}},{"type":"Feature","properties":{"fault_name":" ","feature_type":"FAULT","fault_throw":"DTS","line_style":"FAULT","quadrangle_name":"Hedges","gq_number":"1235"},"geometry":{"type":"LineString","coordinates":[[-84.02046,37.99256],[-84.01998,37.99253]]}},{"type":"Feature","properties":{"fault_name":" ","feature_type":"FAULT","fault_throw":"DTS","line_style":"FAULT","quadrangle_name":"Hedges","gq_number":"1235"},"geometry":{"type":"LineString","coordinates":[[-84.01998,37.99253],[-84.01895,37.99241]]}},{"type":"Feature","properties":{"fault_name":" ","feature_type":"FAULT","fault_throw":"DTNE","line_style":"FAULT","quadrangle_name":"Ford","gq_number":"764"},"geometry":{"type":"LineString","coordinates":[[-84.28734,37.99907],[-84.287,37.9988]]}},{"type":"Feature","properties":{"fault_name":" ","feature_type":"FAULT","fault_throw":"DTSE","line_style":"FAULT","quadrangle_name":"Hedges","gq_number":"1235"},"geometry":{"type":"LineString","coordinates":[[-84.0207,37.99234],[-84.02046,37.99256]]}},{"type":"Feature","properties":{"fault_name":" ","feature_type":"FAULT","fault_throw":"DTN","line_style":"FAULT","quadrangle_name":"Hedges","gq_number":"1235"},"geometry":{"type":"LineString","coordinates":[[-84.0207,37.99234],[-84.02014,37.99227],[-84.01998,37.99253]]}},{"type":"Feature","properties":{"fault_name":" ","feature_type":"FAULT","fault_throw":"DTS","line_style":"FAULT","quadrangle_name":"Hedges","gq_number":"1235"},"geometry":{"type":"LineString","coordinates":[[-84.02253,37.99227],[-84.02151,37.99255],[-84.02046,37.99256]]}},{"type":"Feature","properties":{"fault_name":" ","feature_type":"FAULT","fault_throw":"DTN","line_style":"FAULT","quadrangle_name":"Hedges","gq_number":"1235"},"geometry":{"type":"LineString","coordinates":[[-84.02418,37.99284],[-84.02253,37.99227]]}},{"type":"Feature","properties":{"fault_name":" ","feature_type":"FAULT","fault_throw":"DTNE","line_style":"CONCEALED_FAULT","quadrangle_name":"Ford","gq_number":"764"},"geometry":{"type":"LineString","coordinates":[[-84.287,37.9988],[-84.28659,37.99847]]}},{"type":"Feature","properties":{"fault_name":" ","feature_type":"FAULT","fault_throw":"DTSE","line_style":"FAULT","quadrangle_name":"Hedges","gq_number":"1235"},"geometry":{"type":"LineString","coordinates":[[-84.02145,37.99187],[-84.0207,37.99234]]}},{"type":"Feature","properties":{"fault_name":" ","feature_type":"FAULT","fault_throw":"DTN","line_style":"FAULT","quadrangle_name":"Hedges","gq_number":"1235"},"geometry":{"type":"LineString","coordinates":[[-84.02253,37.99227],[-84.02145,37.99187]]}},{"type":"Feature","properties":{"fault_name":" ","feature_type":"FAULT","fault_throw":"DTNW","line_style":"FAULT","quadrangle_name":"Hedges","gq_number":"1235"},"geometry":{"type":"LineString","coordinates":[[-84.0202,37.99139],[-84.01895,37.99241]]}},{"type":"Feature","properties":{"fault_name":" ","feature_type":"FAULT","fault_throw":"DTN","line_style":"FAULT","quadrangle_name":"Hedges","gq_number":"1235"},"geometry":{"type":"LineString","coordinates":[[-84.02145,37.99187],[-84.0202,37.99139]]}},{"type":"Feature","properties":{"fault_name":" ","feature_type":"FAULT","fault_throw":"DTS","line_style":"FAULT","quadrangle_name":"Hedges","gq_number":"1235"},"geometry":{"type":"LineString","coordinates":[[-84.01895,37.99241],[-84.01718,37.99168],[-84.01607,37.99075]]}},{"type":"Feature","properties":{"fault_name":" ","feature_type":"FAULT","fault_throw":"DTN","line_style":"FAULT","quadrangle_name":"Hedges","gq_number":"1235"},"geometry":{"type":"LineString","coordinates":[[-84.0202,37.99139],[-84.01893,37.9911],[-84.01607,37.99075]]}},{"type":"Feature","properties":{"fault_name":" ","feature_type":"FAULT","fault_throw":"DTN","line_style":"FAULT","quadrangle_name":"Hedges","gq_number":"1235"},"geometry":{"type":"LineString","coordinates":[[-84.01607,37.99075],[-84.01476,37.99062]]}},{"type":"Feature","properties":{"fault_name":" ","feature_type":"FAULT","fault_throw":"DTNE","line_style":"FAULT","quadrangle_name":"Ford","gq_number":"764"},"geometry":{"type":"LineString","coordinates":[[-84.28659,37.99847],[-84.2828,37.99494],[-84.28003,37.99155]]}},{"type":"Feature","properties":{"fault_name":" ","feature_type":"FAULT","fault_throw":"DTNE","line_style":"CONCEALED_FAULT","quadrangle_name":"Ford","gq_number":"764"},"geometry":{"type":"LineString","coordinates":[[-84.28003,37.99155],[-84.27958,37.99094]]}},{"type":"Feature","properties":{"fault_name":"LEXINGTON FAULT SYSTEM","feature_type":"FAULT","fault_throw":"DTSE","line_style":"FAULT","quadrangle_name":"Coletown","gq_number":"644"},"geometry":{"type":"LineString","coordinates":[[-84.48715,38.00009],[-84.49056,37.99614],[-84.49513,37.99043]]}},{"type":"Feature","properties":{"fault_name":"LEXINGTON FAULT SYSTEM","feature_type":"FAULT","fault_throw":"DTNW","line_style":"FAULT","quadrangle_name":"Coletown","gq_number":"644"},"geometry":{"type":"LineString","coordinates":[[-84.4892,37.98977],[-84.48514,37.99278],[-84.48214,37.99567],[-84.47904,37.99837]]}},{"type":"Feature","properties":{"fault_name":"LEXINGTON FAULT SYSTEM","feature_type":"FAULT","fault_throw":"DTNW","line_style":"FAULT","quadrangle_name":"Coletown","gq_number":"644"},"geometry":{"type":"LineString","coordinates":[[-84.48099,38.0001],[-84.48266,37.99797],[-84.48738,37.99253],[-84.4892,37.98977]]}},{"type":"Feature","properties":{"fault_name":"LEXINGTON FAULT SYSTEM","feature_type":"FAULT","fault_throw":"DTSE","line_style":"CONCEALED_FAULT","quadrangle_name":"Coletown","gq_number":"644"},"geometry":{"type":"LineString","coordinates":[[-84.49513,37.99043],[-84.49585,37.98969]]}},{"type":"Feature","properties":{"fault_name":"LEXINGTON FAULT SYSTEM","feature_type":"FAULT","fault_throw":"DTSE","line_style":"FAULT","quadrangle_name":"Coletown","gq_number":"644"},"geometry":{"type":"LineString","coordinates":[[-84.49994,37.98761],[-84.49911,37.98841]]}},{"type":"Feature","properties":{"fault_name":"LEXINGTON FAULT SYSTEM","feature_type":"FAULT","fault_throw":"DTSE","line_style":"FAULT","quadrangle_name":"Coletown","gq_number":"644"},"geometry":{"type":"LineString","coordinates":[[-84.49585,37.98969],[-84.49718,37.9885],[-84.49994,37.98643]]}},{"type":"Feature","properties":{"fault_name":"LEXINGTON FAULT SYSTEM","feature_type":"FAULT","fault_throw":"DTNW","line_style":"FAULT","quadrangle_name":"Coletown","gq_number":"644"},"geometry":{"type":"LineString","coordinates":[[-84.4892,37.98977],[-84.49128,37.98746],[-84.49317,37.98569]]}},{"type":"Feature","properties":{"fault_name":"LEXINGTON FAULT SYSTEM","feature_type":"FAULT","fault_throw":"DTNW","line_style":"CONCEALED_FAULT","quadrangle_name":"Coletown","gq_number":"644"},"geometry":{"type":"LineString","coordinates":[[-84.49317,37.98569],[-84.49365,37.98524]]}},{"type":"Feature","properties":{"fault_name":"LEXINGTON FAULT SYSTEM","feature_type":"FAULT","fault_throw":"DTSE","line_style":"FAULT","quadrangle_name":"Nicholasville","gq_number":"767"},"geometry":{"type":"LineString","coordinates":[[-84.49994,37.98643],[-84.50229,37.98406]]}},{"type":"Feature","properties":{"fault_name":"LEXINGTON FAULT SYSTEM","feature_type":"FAULT","fault_throw":"DTSE","line_style":"FAULT","quadrangle_name":"Nicholasville","gq_number":"767"},"geometry":{"type":"LineString","coordinates":[[-84.49994,37.98761],[-84.50099,37.98656],[-84.50229,37.98406]]}},{"type":"Feature","properties":{"fault_name":" ","feature_type":"FAULT","fault_throw":"DTNE","line_style":"FAULT","quadrangle_name":"Winchester","gq_number":"1159"},"geometry":{"type":"LineString","coordinates":[[-84.23412,37.97594],[-84.23174,37.97457]]}},{"type":"Feature","properties":{"fault_name":" ","feature_type":"FAULT","fault_throw":"DTN","line_style":"FAULT","quadrangle_name":"Winchester","gq_number":"1159"},"geometry":{"type":"LineString","coordinates":[[-84.14057,37.97318],[-84.13887,37.97314],[-84.13773,37.97292],[-84.13305,37.97259],[-84.12493,37.97123]]}},{"type":"Feature","properties":{"fault_name":"RUCKERVILLE FAULT","feature_type":"FAULT","fault_throw":"DTSE","line_style":"FAULT","quadrangle_name":"Hedges","gq_number":"1235"},"geometry":{"type":"LineString","coordinates":[[-84.02719,37.96815],[-84.02323,37.96865],[-84.01921,37.96953],[-84.01665,37.96985],[-84.01617,37.97002],[-84.01358,37.97121],[-84.01073,37.97207],[-84.00943,37.97258],[-84.00668,37.97406],[-84.00511,37.97523],[-84.00261,37.97673],[-84.00143,37.97716],[-83.99993,37.97751]]}},{"type":"Feature","properties":{"fault_name":"RUCKERVILLE FAULT","feature_type":"FAULT","fault_throw":"DTS","line_style":"CONCEALED_FAULT","quadrangle_name":"Hedges","gq_number":"1235"},"geometry":{"type":"LineString","coordinates":[[-84.02767,37.96811],[-84.02719,37.96815]]}},{"type":"Feature","properties":{"fault_name":"RUCKERVILLE FAULT","feature_type":"FAULT","fault_throw":"DTS","line_style":"FAULT","quadrangle_name":"Hedges","gq_number":"1235"},"geometry":{"type":"LineString","coordinates":[[-84.03533,37.96736],[-84.02767,37.96811]]}},{"type":"Feature","properties":{"fault_name":" ","feature_type":"FAULT","fault_throw":"DTSW","line_style":"FAULT","quadrangle_name":"Winchester","gq_number":"1159"},"geometry":{"type":"LineString","coordinates":[[-84.23174,37.97457],[-84.22956,37.97435],[-84.22841,37.974],[-84.22721,37.97333],[-84.22596,37.97223],[-84.22573,37.97185]]}},{"type":"Feature","properties":{"fault_name":" ","feature_type":"FAULT","fault_throw":"DTNE","line_style":"FAULT","quadrangle_name":"Winchester","gq_number":"1159"},"geometry":{"type":"LineString","coordinates":[[-84.23174,37.97457],[-84.22954,37.97332],[-84.22573,37.97185]]}},{"type":"Feature","properties":{"fault_name":"LEXINGTON FAULT SYSTEM","feature_type":"FAULT","fault_throw":"DTNW","line_style":"FAULT","quadrangle_name":"Coletown","gq_number":"644"},"geometry":{"type":"LineString","coordinates":[[-84.49365,37.98524],[-84.4958,37.98277],[-84.49802,37.97974],[-84.49994,37.97795]]}},{"type":"Feature","properties":{"fault_name":"LEXINGTON FAULT SYSTEM","feature_type":"FAULT","fault_throw":"DTSE","line_style":"FAULT","quadrangle_name":"Nicholasville","gq_number":"767"},"geometry":{"type":"LineString","coordinates":[[-84.50229,37.98406],[-84.50346,37.98174],[-84.50569,37.97807]]}},{"type":"Feature","properties":{"fault_name":" ","feature_type":"FAULT","fault_throw":"DTE","line_style":"FAULT","quadrangle_name":"Ford","gq_number":"764"},"geometry":{"type":"LineString","coordinates":[[-84.27958,37.99094],[-84.2781,37.98869],[-84.27587,37.98438],[-84.27083,37.97279]]}},{"type":"Feature","properties":{"fault_name":" ","feature_type":"FAULT","fault_throw":"DTN","line_style":"FAULT","quadrangle_name":"Hedges","gq_number":"1235"},"geometry":{"type":"LineString","coordinates":[[-84.12493,37.97123],[-84.11756,37.97094],[-84.11013,37.96981],[-84.10533,37.96881]]}},{"type":"Feature","properties":{"fault_name":"LEXINGTON FAULT SYSTEM","feature_type":"FAULT","fault_throw":"DTSE","line_style":"CONCEALED_FAULT","quadrangle_name":"Nicholasville","gq_number":"767"},"geometry":{"type":"LineString","coordinates":[[-84.50569,37.97807],[-84.50609,37.97735]]}},{"type":"Feature","properties":{"fault_name":"LEXINGTON FAULT SYSTEM","feature_type":"FAULT","fault_throw":"DTNW","line_style":"FAULT","quadrangle_name":"Nicholasville","gq_number":"767"},"geometry":{"type":"LineString","coordinates":[[-84.49994,37.97795],[-84.5016,37.97552]]}},{"type":"Feature","properties":{"fault_name":"LEXINGTON FAULT SYSTEM","feature_type":"FAULT","fault_throw":"DTNW","line_style":"CONCEALED_FAULT","quadrangle_name":"Nicholasville","gq_number":"767"},"geometry":{"type":"LineString","coordinates":[[-84.5016,37.97552],[-84.50258,37.9745]]}},{"type":"Feature","properties":{"fault_name":"RUCKERVILLE FAULT","feature_type":"FAULT","fault_throw":"DTSE","line_style":"FAULT","quadrangle_name":"Hedges","gq_number":"1235"},"geometry":{"type":"LineString","coordinates":[[-84.04862,37.96141],[-84.04512,37.96347],[-84.03951,37.96598],[-84.03533,37.96736]]}},{"type":"Feature","properties":{"fault_name":"KENTUCKY RIVER FAULT SYSTEM","feature_type":"FAULT","fault_throw":"DTN","line_style":"FAULT","quadrangle_name":"Hedges","gq_number":"1235"},"geometry":{"type":"LineString","coordinates":[[-84.061,37.96362],[-84.05429,37.96267],[-84.04862,37.96141]]}},{"type":"Feature","properties":{"fault_name":" ","feature_type":"FAULT","fault_throw":"DTNE","line_style":"FAULT","quadrangle_name":"Winchester","gq_number":"1159"},"geometry":{"type":"LineString","coordinates":[[-84.22573,37.97185],[-84.21971,37.96933],[-84.21256,37.96564],[-84.2077,37.96457],[-84.20615,37.96403]]}},{"type":"Feature","properties":{"fault_name":" ","feature_type":"FAULT","fault_throw":"DTSW","line_style":"FAULT","quadrangle_name":"Winchester","gq_number":"1159"},"geometry":{"type":"LineString","coordinates":[[-84.20615,37.96403],[-84.20497,37.96402],[-84.2003,37.96339],[-84.19894,37.96263],[-84.19809,37.96184],[-84.1978,37.9614]]}},{"type":"Feature","properties":{"fault_name":" ","feature_type":"FAULT","fault_throw":"DTNE","line_style":"FAULT","quadrangle_name":"Winchester","gq_number":"1159"},"geometry":{"type":"LineString","coordinates":[[-84.20615,37.96403],[-84.20387,37.96293],[-84.20283,37.96257],[-84.19936,37.96187],[-84.1978,37.9614]]}},{"type":"Feature","properties":{"fault_name":" ","feature_type":"FAULT","fault_throw":"DTNE","line_style":"FAULT","quadrangle_name":"Winchester","gq_number":"1159"},"geometry":{"type":"LineString","coordinates":[[-84.1978,37.9614],[-84.19441,37.96028]]}},{"type":"Feature","properties":{"fault_name":" ","feature_type":"FAULT","fault_throw":"DTSE","line_style":"FAULT","quadrangle_name":"Ford","gq_number":"764"},"geometry":{"type":"LineString","coordinates":[[-84.27625,37.95918],[-84.27513,37.96069],[-84.27346,37.96246],[-84.26107,37.97425]]}},{"type":"Feature","properties":{"fault_name":" ","feature_type":"FAULT","fault_throw":"DTNE","line_style":"FAULT","quadrangle_name":"Coletown","gq_number":"644"},"geometry":{"type":"LineString","coordinates":[[-84.44349,37.96392],[-84.4421,37.96207],[-84.44069,37.96068]]}},{"type":"Feature","properties":{"fault_name":" ","feature_type":"FAULT","fault_throw":"DTSE","line_style":"FAULT","quadrangle_name":"Hedges","gq_number":"1235"},"geometry":{"type":"LineString","coordinates":[[-84.12493,37.9523],[-84.1216,37.95381]]}},{"type":"Feature","properties":{"fault_name":"LEXINGTON FAULT SYSTEM","feature_type":"FAULT","fault_throw":"DTSE","line_style":"FAULT","quadrangle_name":"Nicholasville","gq_number":"767"},"geometry":{"type":"LineString","coordinates":[[-84.50241,37.9634],[-84.50403,37.96049]]}},{"type":"Feature","properties":{"fault_name":" ","feature_type":"FAULT","fault_throw":"DTSE","line_style":"FAULT","quadrangle_name":"Ford","gq_number":"764"},"geometry":{"type":"LineString","coordinates":[[-84.29752,37.95574],[-84.29491,37.95759],[-84.29223,37.95922],[-84.28692,37.96178],[-84.2823,37.96376]]}},{"type":"Feature","properties":{"fault_name":"LEXINGTON FAULT SYSTEM","feature_type":"FAULT","fault_throw":"DTSE","line_style":"FAULT","quadrangle_name":"Nicholasville","gq_number":"767"},"geometry":{"type":"LineString","coordinates":[[-84.50609,37.97735],[-84.50724,37.97536],[-84.50969,37.97218],[-84.51081,37.9703],[-84.51226,37.96865],[-84.5141,37.96492],[-84.51472,37.96207],[-84.51575,37.95962]]}},{"type":"Feature","properties":{"fault_name":" ","feature_type":"FAULT","fault_throw":"DTN","line_style":"FAULT","quadrangle_name":"Coletown","gq_number":"644"},"geometry":{"type":"LineString","coordinates":[[-84.41696,37.95776],[-84.41531,37.95735]]}},{"type":"Feature","properties":{"fault_name":" ","feature_type":"FAULT","fault_throw":"DTS","line_style":"FAULT","quadrangle_name":"Coletown","gq_number":"644"},"geometry":{"type":"LineString","coordinates":[[-84.39794,37.95666],[-84.40004,37.95687]]}},{"type":"Feature","properties":{"fault_name":"LEXINGTON FAULT SYSTEM","feature_type":"FAULT","fault_throw":"DTW","line_style":"FAULT","quadrangle_name":"Coletown","gq_number":"644"},"geometry":{"type":"LineString","coordinates":[[-84.49939,37.9599],[-84.49959,37.95869]]}},{"type":"Feature","properties":{"fault_name":" ","feature_type":"FAULT","fault_throw":"DTN","line_style":"FAULT","quadrangle_name":"Coletown","gq_number":"644"},"geometry":{"type":"LineString","coordinates":[[-84.39569,37.95641],[-84.39374,37.95694]]}},{"type":"Feature","properties":{"fault_name":" ","feature_type":"FAULT","fault_throw":"DTS","line_style":"FAULT","quadrangle_name":"Coletown","gq_number":"644"},"geometry":{"type":"LineString","coordinates":[[-84.39569,37.95641],[-84.39794,37.95666]]}},{"type":"Feature","properties":{"fault_name":"LEXINGTON FAULT SYSTEM","feature_type":"FAULT","fault_throw":"DTSE","line_style":"CONCEALED_FAULT","quadrangle_name":"Nicholasville","gq_number":"767"},"geometry":{"type":"LineString","coordinates":[[-84.50403,37.96049],[-84.50474,37.95866]]}},{"type":"Feature","properties":{"fault_name":" ","feature_type":"FAULT","fault_throw":"DTS","line_style":"FAULT","quadrangle_name":"Coletown","gq_number":"644"},"geometry":{"type":"LineString","coordinates":[[-84.39794,37.95666],[-84.40065,37.9558],[-84.40184,37.95572],[-84.40603,37.95645],[-84.40927,37.95722],[-84.41531,37.95735]]}},{"type":"Feature","properties":{"fault_name":" ","feature_type":"FAULT","fault_throw":"DTN","line_style":"FAULT","quadrangle_name":"Coletown","gq_number":"644"},"geometry":{"type":"LineString","coordinates":[[-84.39919,37.95537],[-84.39569,37.95641]]}},{"type":"Feature","properties":{"fault_name":" ","feature_type":"FAULT","fault_throw":"DTN","line_style":"FAULT","quadrangle_name":"Coletown","gq_number":"644"},"geometry":{"type":"LineString","coordinates":[[-84.39932,37.95534],[-84.39919,37.95537]]}},{"type":"Feature","properties":{"fault_name":" ","feature_type":"FAULT","fault_throw":"DTSE","line_style":"FAULT","quadrangle_name":"Ford","gq_number":"764"},"geometry":{"type":"LineString","coordinates":[[-84.29981,37.95296],[-84.29483,37.95688],[-84.29206,37.95873]]}},{"type":"Feature","properties":{"fault_name":" ","feature_type":"FAULT","fault_throw":"DTN","line_style":"FAULT","quadrangle_name":"Coletown","gq_number":"644"},"geometry":{"type":"LineString","coordinates":[[-84.41531,37.95735],[-84.41052,37.95628],[-84.40859,37.95599],[-84.40583,37.95578],[-84.40178,37.9552],[-84.40045,37.95517],[-84.39932,37.95534]]}},{"type":"Feature","properties":{"fault_name":" ","feature_type":"FAULT","fault_throw":"DTS","line_style":"FAULT","quadrangle_name":"Coletown","gq_number":"644"},"geometry":{"type":"LineString","coordinates":[[-84.39919,37.95537],[-84.39658,37.95495]]}},{"type":"Feature","properties":{"fault_name":"LEXINGTON FAULT SYSTEM","feature_type":"FAULT","fault_throw":"DTW","line_style":"CONCEALED_FAULT","quadrangle_name":"Coletown","gq_number":"644"},"geometry":{"type":"LineString","coordinates":[[-84.49959,37.95869],[-84.49994,37.95644]]}},{"type":"Feature","properties":{"fault_name":" ","feature_type":"FAULT","fault_throw":"DTSE","line_style":"FAULT","quadrangle_name":"Ford","gq_number":"764"},"geometry":{"type":"LineString","coordinates":[[-84.30105,37.95179],[-84.29688,37.95384]]}},{"type":"Feature","properties":{"fault_name":" ","feature_type":"FAULT","fault_throw":"DTNW","line_style":"FAULT","quadrangle_name":"Ford","gq_number":"764"},"geometry":{"type":"LineString","coordinates":[[-84.29777,37.95133],[-84.29204,37.95341],[-84.28664,37.95576],[-84.28364,37.95691]]}},{"type":"Feature","properties":{"fault_name":" ","feature_type":"FAULT","fault_throw":"DTSW","line_style":"FAULT","quadrangle_name":"Coletown","gq_number":"644"},"geometry":{"type":"LineString","coordinates":[[-84.39658,37.95495],[-84.39387,37.95337]]}},{"type":"Feature","properties":{"fault_name":" ","feature_type":"FAULT","fault_throw":"DTNE","line_style":"FAULT","quadrangle_name":"Coletown","gq_number":"644"},"geometry":{"type":"LineString","coordinates":[[-84.39387,37.95337],[-84.39681,37.95413],[-84.39802,37.9546],[-84.39932,37.95534]]}},{"type":"Feature","properties":{"fault_name":"LEXINGTON FAULT SYSTEM","feature_type":"FAULT","fault_throw":"DTE","line_style":"FAULT","quadrangle_name":"Nicholasville","gq_number":"767"},"geometry":{"type":"LineString","coordinates":[[-84.51575,37.95962],[-84.51558,37.95839],[-84.51574,37.95748],[-84.51632,37.95644],[-84.517,37.95559]]}},{"type":"Feature","properties":{"fault_name":"LEXINGTON FAULT SYSTEM","feature_type":"FAULT","fault_throw":"DTE","line_style":"FAULT","quadrangle_name":"Nicholasville","gq_number":"767"},"geometry":{"type":"LineString","coordinates":[[-84.51575,37.95962],[-84.517,37.95559]]}},{"type":"Feature","properties":{"fault_name":" ","feature_type":"FAULT","fault_throw":"DTNE","line_style":"FAULT","quadrangle_name":"Coletown","gq_number":"644"},"geometry":{"type":"LineString","coordinates":[[-84.39929,37.95402],[-84.39667,37.95211]]}},{"type":"Feature","properties":{"fault_name":" ","feature_type":"FAULT","fault_throw":"DTSE","line_style":"FAULT","quadrangle_name":"Ford","gq_number":"764"},"geometry":{"type":"LineString","coordinates":[[-84.30515,37.94988],[-84.30105,37.95179]]}},{"type":"Feature","properties":{"fault_name":" ","feature_type":"FAULT","fault_throw":"DTSE","line_style":"FAULT","quadrangle_name":"Ford","gq_number":"764"},"geometry":{"type":"LineString","coordinates":[[-84.30613,37.94924],[-84.30295,37.95037]]}},{"type":"Feature","properties":{"fault_name":" ","feature_type":"FAULT","fault_throw":"DTSW","line_style":"FAULT","quadrangle_name":"Coletown","gq_number":"644"},"geometry":{"type":"LineString","coordinates":[[-84.39658,37.95495],[-84.39284,37.95417],[-84.38748,37.95252],[-84.38536,37.95171],[-84.38411,37.9511],[-84.38217,37.94991]]}},{"type":"Feature","properties":{"fault_name":" ","feature_type":"FAULT","fault_throw":"DTNE","line_style":"FAULT","quadrangle_name":"Coletown","gq_number":"644"},"geometry":{"type":"LineString","coordinates":[[-84.38217,37.94991],[-84.38373,37.95047],[-84.38911,37.95192],[-84.39387,37.95337]]}},{"type":"Feature","properties":{"fault_name":" ","feature_type":"FAULT","fault_throw":"DTSE","line_style":"FAULT","quadrangle_name":"Ford","gq_number":"764"},"geometry":{"type":"LineString","coordinates":[[-84.30867,37.94735],[-84.30676,37.94847],[-84.30378,37.94976]]}},{"type":"Feature","properties":{"fault_name":" ","feature_type":"FAULT","fault_throw":"DTNE","line_style":"FAULT","quadrangle_name":"Coletown","gq_number":"644"},"geometry":{"type":"LineString","coordinates":[[-84.38217,37.94991],[-84.37885,37.94855],[-84.37494,37.94712]]}},{"type":"Feature","properties":{"fault_name":" ","feature_type":"FAULT","fault_throw":"DTNE","line_style":"FAULT","quadrangle_name":"Coletown","gq_number":"644"},"geometry":{"type":"LineString","coordinates":[[-84.42774,37.94782],[-84.43323,37.95316],[-84.43761,37.9571],[-84.44069,37.96068]]}},{"type":"Feature","properties":{"fault_name":" ","feature_type":"FAULT","fault_throw":"DTNE","line_style":"FAULT","quadrangle_name":"Coletown","gq_number":"644"},"geometry":{"type":"LineString","coordinates":[[-84.44371,37.96059],[-84.43768,37.95515],[-84.43304,37.95133],[-84.43081,37.94961],[-84.42913,37.94855],[-84.42774,37.94782]]}},{"type":"Feature","properties":{"fault_name":" ","feature_type":"FAULT","fault_throw":"DTSW","line_style":"FAULT","quadrangle_name":"Coletown","gq_number":"644"},"geometry":{"type":"LineString","coordinates":[[-84.38923,37.94597],[-84.39329,37.9496],[-84.39667,37.95211]]}},{"type":"Feature","properties":{"fault_name":"LEXINGTON FAULT SYSTEM","feature_type":"FAULT","fault_throw":"DTNW","line_style":"FAULT","quadrangle_name":"Nicholasville","gq_number":"767"},"geometry":{"type":"LineString","coordinates":[[-84.50258,37.9745],[-84.50476,37.97279],[-84.5053,37.97223],[-84.50646,37.96794],[-84.50677,37.96725],[-84.50794,37.96568],[-84.50875,37.96404],[-84.51012,37.95858],[-84.51108,37.95689],[-84.51156,37.95566],[-84.51184,37.95429],[-84.5122,37.95359]]}},{"type":"Feature","properties":{"fault_name":"LEXINGTON FAULT SYSTEM","feature_type":"FAULT","fault_throw":"DTNW","line_style":"FAULT","quadrangle_name":"Nicholasville","gq_number":"767"},"geometry":{"type":"LineString","coordinates":[[-84.5122,37.95359],[-84.51248,37.95223],[-84.51244,37.95048],[-84.51257,37.94915],[-84.51273,37.94856],[-84.51326,37.94775]]}},{"type":"Feature","properties":{"fault_name":"LEXINGTON FAULT SYSTEM","feature_type":"FAULT","fault_throw":"DTW","line_style":"CONCEALED_FAULT","quadrangle_name":"Nicholasville","gq_number":"767"},"geometry":{"type":"LineString","coordinates":[[-84.49994,37.95644],[-84.50045,37.95396],[-84.50091,37.94896]]}},{"type":"Feature","properties":{"fault_name":"LEXINGTON FAULT SYSTEM","feature_type":"FAULT","fault_throw":"DTW","line_style":"CONCEALED_FAULT","quadrangle_name":"Nicholasville","gq_number":"767"},"geometry":{"type":"LineString","coordinates":[[-84.50091,37.94896],[-84.50098,37.94744]]}},{"type":"Feature","properties":{"fault_name":"LEXINGTON FAULT SYSTEM","feature_type":"FAULT","fault_throw":"DTW","line_style":"FAULT","quadrangle_name":"Nicholasville","gq_number":"767"},"geometry":{"type":"LineString","coordinates":[[-84.50098,37.94744],[-84.501,37.94682]]}},{"type":"Feature","properties":{"fault_name":" ","feature_type":"FAULT","fault_throw":"DTSW","line_style":"FAULT","quadrangle_name":"Coletown","gq_number":"644"},"geometry":{"type":"LineString","coordinates":[[-84.44069,37.96068],[-84.4352,37.9564],[-84.43225,37.95361],[-84.42847,37.94963],[-84.42454,37.94478]]}},{"type":"Feature","properties":{"fault_name":" ","feature_type":"FAULT","fault_throw":"DTNE","line_style":"FAULT","quadrangle_name":"Coletown","gq_number":"644"},"geometry":{"type":"LineString","coordinates":[[-84.42454,37.94478],[-84.42774,37.94782]]}},{"type":"Feature","properties":{"fault_name":" ","feature_type":"FAULT","fault_throw":"DTNE","line_style":"FAULT","quadrangle_name":"Ford","gq_number":"764"},"geometry":{"type":"LineString","coordinates":[[-84.37494,37.94712],[-84.37123,37.94563],[-84.36853,37.94438],[-84.36717,37.94369],[-84.36547,37.94263]]}},{"type":"Feature","properties":{"fault_name":" ","feature_type":"FAULT","fault_throw":"DTNE","line_style":"FAULT","quadrangle_name":"Coletown","gq_number":"644"},"geometry":{"type":"LineString","coordinates":[[-84.39667,37.95211],[-84.39381,37.94933],[-84.39131,37.94638],[-84.38924,37.94495],[-84.38717,37.94306]]}},{"type":"Feature","properties":{"fault_name":" ","feature_type":"FAULT","fault_throw":"DTE","line_style":"FAULT","quadrangle_name":"Coletown","gq_number":"644"},"geometry":{"type":"LineString","coordinates":[[-84.40583,37.95311],[-84.40556,37.94696],[-84.40515,37.94345]]}},{"type":"Feature","properties":{"fault_name":" ","feature_type":"FAULT","fault_throw":"DTSW","line_style":"CONCEALED_FAULT","quadrangle_name":"Coletown","gq_number":"644"},"geometry":{"type":"LineString","coordinates":[[-84.3855,37.94277],[-84.38923,37.94597]]}},{"type":"Feature","properties":{"fault_name":" ","feature_type":"FAULT","fault_throw":"DTSE","line_style":"FAULT","quadrangle_name":"Winchester","gq_number":"1159"},"geometry":{"type":"LineString","coordinates":[[-84.1527,37.93705],[-84.1464,37.93904],[-84.14284,37.94062],[-84.14068,37.94174],[-84.13999,37.94214],[-84.13671,37.94466],[-84.1308,37.94852],[-84.12886,37.94998],[-84.12493,37.9523]]}},{"type":"Feature","properties":{"fault_name":"LEXINGTON FAULT SYSTEM","feature_type":"FAULT","fault_throw":"DTE","line_style":"FAULT","quadrangle_name":"Coletown","gq_number":"644"},"geometry":{"type":"LineString","coordinates":[[-84.48504,37.96785],[-84.48804,37.96008],[-84.48852,37.95852],[-84.48958,37.95374],[-84.49094,37.94996],[-84.4921,37.94728],[-84.49264,37.94555]]}},{"type":"Feature","properties":{"fault_name":"LEXINGTON FAULT SYSTEM","feature_type":"FAULT","fault_throw":"DTE","line_style":"FAULT","quadrangle_name":"Coletown","gq_number":"644"},"geometry":{"type":"LineString","coordinates":[[-84.49264,37.94555],[-84.49295,37.94438]]}},{"type":"Feature","properties":{"fault_name":" ","feature_type":"FAULT","fault_throw":"DTSE","line_style":"CONCEALED_FAULT","quadrangle_name":"Winchester","gq_number":"1159"},"geometry":{"type":"LineString","coordinates":[[-84.15629,37.93641],[-84.1527,37.93705]]}},{"type":"Feature","properties":{"fault_name":" ","feature_type":"FAULT","fault_throw":"DTSE","line_style":"FAULT","quadrangle_name":"Winchester","gq_number":"1159"},"geometry":{"type":"LineString","coordinates":[[-84.15704,37.93634],[-84.15629,37.93641]]}},{"type":"Feature","properties":{"fault_name":" ","feature_type":"FAULT","fault_throw":"DTSE","line_style":"CONCEALED_FAULT","quadrangle_name":"Winchester","gq_number":"1159"},"geometry":{"type":"LineString","coordinates":[[-84.15739,37.93628],[-84.15704,37.93634]]}},{"type":"Feature","properties":{"fault_name":" ","feature_type":"FAULT","fault_throw":"DTSW","line_style":"FAULT","quadrangle_name":"Coletown","gq_number":"644"},"geometry":{"type":"LineString","coordinates":[[-84.38306,37.94057],[-84.3855,37.94277]]}},{"type":"Feature","properties":{"fault_name":" ","feature_type":"FAULT","fault_throw":"DTSW","line_style":"CONCEALED_FAULT","quadrangle_name":"Coletown","gq_number":"644"},"geometry":{"type":"LineString","coordinates":[[-84.38179,37.93958],[-84.38306,37.94057]]}},{"type":"Feature","properties":{"fault_name":" ","feature_type":"FAULT","fault_throw":"DTSE","line_style":"FAULT","quadrangle_name":"Ford","gq_number":"764"},"geometry":{"type":"LineString","coordinates":[[-84.33197,37.93843],[-84.3304,37.94031],[-84.32813,37.94265]]}},{"type":"Feature","properties":{"fault_name":"EAGLE NEST FAULT","feature_type":"FAULT","fault_throw":"DTS","line_style":"CONCEALED_FAULT","quadrangle_name":"Hedges","gq_number":"1235"},"geometry":{"type":"LineString","coordinates":[[-84.04592,37.93109],[-84.04561,37.93104]]}},{"type":"Feature","properties":{"fault_name":" ","feature_type":"FAULT","fault_throw":"DTNE","line_style":"CONCEALED_FAULT","quadrangle_name":"Coletown","gq_number":"644"},"geometry":{"type":"LineString","coordinates":[[-84.38717,37.94306],[-84.3843,37.94104],[-84.38325,37.93988],[-84.38276,37.93952],[-84.38134,37.93898]]}},{"type":"Feature","properties":{"fault_name":" ","feature_type":"FAULT","fault_throw":"DTSW","line_style":"FAULT","quadrangle_name":"Coletown","gq_number":"644"},"geometry":{"type":"LineString","coordinates":[[-84.38087,37.93888],[-84.38179,37.93958]]}},{"type":"Feature","properties":{"fault_name":" ","feature_type":"FAULT","fault_throw":"DTNE","line_style":"FAULT","quadrangle_name":"Coletown","gq_number":"644"},"geometry":{"type":"LineString","coordinates":[[-84.38134,37.93898],[-84.38087,37.93888]]}},{"type":"Feature","properties":{"fault_name":" ","feature_type":"FAULT","fault_throw":"DTSE","line_style":"CONCEALED_FAULT","quadrangle_name":"Ford","gq_number":"764"},"geometry":{"type":"LineString","coordinates":[[-84.33261,37.93761],[-84.33232,37.93798]]}},{"type":"Feature","properties":{"fault_name":" ","feature_type":"FAULT","fault_throw":"DTSE","line_style":"CONCEALED_FAULT","quadrangle_name":"Ford","gq_number":"764"},"geometry":{"type":"LineString","coordinates":[[-84.33232,37.93798],[-84.33197,37.93843]]}},{"type":"Feature","properties":{"fault_name":" ","feature_type":"FAULT","fault_throw":"DTSE","line_style":"FAULT","quadrangle_name":"Winchester","gq_number":"1159"},"geometry":{"type":"LineString","coordinates":[[-84.17101,37.93365],[-84.16535,37.93498],[-84.15739,37.93628]]}},{"type":"Feature","properties":{"fault_name":" ","feature_type":"FAULT","fault_throw":"DTNE","line_style":"FAULT","quadrangle_name":"Winchester","gq_number":"1159"},"geometry":{"type":"LineString","coordinates":[[-84.24117,37.93511],[-84.24091,37.9348]]}},{"type":"Feature","properties":{"fault_name":"EAGLE NEST FAULT","feature_type":"FAULT","fault_throw":"DTS","line_style":"FAULT","quadrangle_name":"Hedges","gq_number":"1235"},"geometry":{"type":"LineString","coordinates":[[-84.06593,37.93054],[-84.06266,37.93099],[-84.05995,37.93119],[-84.05531,37.93108],[-84.05129,37.93132],[-84.04747,37.93127],[-84.04592,37.93109]]}},{"type":"Feature","properties":{"fault_name":" ","feature_type":"FAULT","fault_throw":"DTSW","line_style":"FAULT","quadrangle_name":"Coletown","gq_number":"644"},"geometry":{"type":"LineString","coordinates":[[-84.38087,37.93888],[-84.37959,37.93789]]}},{"type":"Feature","properties":{"fault_name":" ","feature_type":"FAULT","fault_throw":"DTSW","line_style":"FAULT","quadrangle_name":"Winchester","gq_number":"1159"},"geometry":{"type":"LineString","coordinates":[[-84.24091,37.9348],[-84.23874,37.93406]]}},{"type":"Feature","properties":{"fault_name":" ","feature_type":"FAULT","fault_throw":"DTSE","line_style":"FAULT","quadrangle_name":"Ford","gq_number":"764"},"geometry":{"type":"LineString","coordinates":[[-84.33356,37.93622],[-84.33261,37.93761]]}},{"type":"Feature","properties":{"fault_name":" ","feature_type":"FAULT","fault_throw":"DTNE","line_style":"FAULT","quadrangle_name":"Coletown","gq_number":"644"},"geometry":{"type":"LineString","coordinates":[[-84.42454,37.94478],[-84.42083,37.94123],[-84.41664,37.93774]]}},{"type":"Feature","properties":{"fault_name":"LEXINGTON FAULT SYSTEM","feature_type":"FAULT","fault_throw":"DTE","line_style":"FAULT","quadrangle_name":"Nicholasville","gq_number":"767"},"geometry":{"type":"LineString","coordinates":[[-84.517,37.95559],[-84.51701,37.95556]]}},{"type":"Feature","properties":{"fault_name":"LEXINGTON FAULT SYSTEM","feature_type":"FAULT","fault_throw":"DTE","line_style":"FAULT","quadrangle_name":"Nicholasville","gq_number":"767"},"geometry":{"type":"LineString","coordinates":[[-84.51701,37.95556],[-84.51825,37.95215],[-84.51892,37.94801],[-84.51979,37.94526],[-84.51959,37.94429],[-84.51985,37.94281],[-84.51967,37.94044],[-84.51992,37.93956]]}},{"type":"Feature","properties":{"fault_name":" ","feature_type":"FAULT","fault_throw":"DTE","line_style":"FAULT","quadrangle_name":"Winchester","gq_number":"1159"},"geometry":{"type":"LineString","coordinates":[[-84.23874,37.93406],[-84.23897,37.93277]]}},{"type":"Feature","properties":{"fault_name":" ","feature_type":"FAULT","fault_throw":"DTNE","line_style":"FAULT","quadrangle_name":"Winchester","gq_number":"1159"},"geometry":{"type":"LineString","coordinates":[[-84.24091,37.9348],[-84.23897,37.93277]]}},{"type":"Feature","properties":{"fault_name":"KENTUCKY RIVER FAULT SYSTEM","feature_type":"FAULT","fault_throw":"DTSW","line_style":"FAULT","quadrangle_name":"Hedges","gq_number":"1235"},"geometry":{"type":"LineString","coordinates":[[-84.09693,37.92891],[-84.0993,37.92994],[-84.10298,37.93121],[-84.10479,37.93168],[-84.10683,37.93244]]}},{"type":"Feature","properties":{"fault_name":" ","feature_type":"FAULT","fault_throw":"DTSW","line_style":"FAULT","quadrangle_name":"Winchester","gq_number":"1159"},"geometry":{"type":"LineString","coordinates":[[-84.23874,37.93406],[-84.23805,37.93354],[-84.23783,37.93311],[-84.23772,37.93161]]}},{"type":"Feature","properties":{"fault_name":" ","feature_type":"FAULT","fault_throw":"DTNE","line_style":"FAULT","quadrangle_name":"Winchester","gq_number":"1159"},"geometry":{"type":"LineString","coordinates":[[-84.23897,37.93277],[-84.23772,37.93161]]}},{"type":"Feature","properties":{"fault_name":"EAGLE NEST FAULT","feature_type":"FAULT","fault_throw":"DTSW","line_style":"FAULT","quadrangle_name":"Hedges","gq_number":"1235"},"geometry":{"type":"LineString","coordinates":[[-84.04561,37.93104],[-84.04468,37.93088],[-84.04348,37.93048],[-84.03844,37.92823],[-84.03354,37.9264]]}},{"type":"Feature","properties":{"fault_name":" ","feature_type":"FAULT","fault_throw":"DTNE","line_style":"FAULT","quadrangle_name":"Winchester","gq_number":"1159"},"geometry":{"type":"LineString","coordinates":[[-84.23772,37.93161],[-84.23678,37.93092]]}},{"type":"Feature","properties":{"fault_name":"EAGLE NEST FAULT","feature_type":"FAULT","fault_throw":"DTSW","line_style":"CONCEALED_FAULT","quadrangle_name":"Hedges","gq_number":"1235"},"geometry":{"type":"LineString","coordinates":[[-84.03354,37.9264],[-84.0323,37.92584]]}},{"type":"Feature","properties":{"fault_name":"LEXINGTON FAULT SYSTEM","feature_type":"FAULT","fault_throw":"DTNW","line_style":"FAULT","quadrangle_name":"Nicholasville","gq_number":"767"},"geometry":{"type":"LineString","coordinates":[[-84.51326,37.94775],[-84.51434,37.94571],[-84.5149,37.94374],[-84.51666,37.94104],[-84.51767,37.93826],[-84.51865,37.93673]]}},{"type":"Feature","properties":{"fault_name":"EAGLE NEST FAULT","feature_type":"FAULT","fault_throw":"DTSW","line_style":"FAULT","quadrangle_name":"Hedges","gq_number":"1235"},"geometry":{"type":"LineString","coordinates":[[-84.0323,37.92584],[-84.03045,37.92519]]}},{"type":"Feature","properties":{"fault_name":"LEXINGTON FAULT SYSTEM","feature_type":"FAULT","fault_throw":"DTW","line_style":"CONCEALED_FAULT","quadrangle_name":"Nicholasville","gq_number":"767"},"geometry":{"type":"LineString","coordinates":[[-84.501,37.94682],[-84.50102,37.94412],[-84.50128,37.94195],[-84.50204,37.93939],[-84.5027,37.9364],[-84.50343,37.93443]]}},{"type":"Feature","properties":{"fault_name":"LEXINGTON FAULT SYSTEM","feature_type":"FAULT","fault_throw":"DTE","line_style":"FAULT","quadrangle_name":"Nicholasville","gq_number":"767"},"geometry":{"type":"LineString","coordinates":[[-84.51992,37.93956],[-84.52089,37.93819],[-84.52308,37.93622],[-84.52339,37.93568],[-84.52355,37.93492],[-84.5242,37.93388]]}},{"type":"Feature","properties":{"fault_name":"LEXINGTON FAULT SYSTEM","feature_type":"FAULT","fault_throw":"DTW","line_style":"FAULT","quadrangle_name":"Nicholasville","gq_number":"767"},"geometry":{"type":"LineString","coordinates":[[-84.50343,37.93443],[-84.50379,37.93317]]}},{"type":"Feature","properties":{"fault_name":"LEXINGTON FAULT SYSTEM","feature_type":"FAULT","fault_throw":"DTE","line_style":"FAULT","quadrangle_name":"Nicholasville","gq_number":"767"},"geometry":{"type":"LineString","coordinates":[[-84.50733,37.9454],[-84.50796,37.94275],[-84.50825,37.93817],[-84.50866,37.93592],[-84.50882,37.93319]]}},{"type":"Feature","properties":{"fault_name":"LEXINGTON FAULT SYSTEM","feature_type":"FAULT","fault_throw":"DTE","line_style":"FAULT","quadrangle_name":"Nicholasville","gq_number":"767"},"geometry":{"type":"LineString","coordinates":[[-84.50897,37.9327],[-84.50882,37.93319]]}},{"type":"Feature","properties":{"fault_name":"LEXINGTON FAULT SYSTEM","feature_type":"FAULT","fault_throw":"DTE","line_style":"FAULT","quadrangle_name":"Nicholasville","gq_number":"767"},"geometry":{"type":"LineString","coordinates":[[-84.50474,37.95866],[-84.5067,37.95286],[-84.50697,37.95145]]}},{"type":"Feature","properties":{"fault_name":"LEXINGTON FAULT SYSTEM","feature_type":"FAULT","fault_throw":"DTE","line_style":"FAULT","quadrangle_name":"Nicholasville","gq_number":"767"},"geometry":{"type":"LineString","coordinates":[[-84.50697,37.95145],[-84.50741,37.9475],[-84.50787,37.94616],[-84.50859,37.94492],[-84.50926,37.94335],[-84.50968,37.94166],[-84.50969,37.93991],[-84.50894,37.93697],[-84.50915,37.93501],[-84.50897,37.9327]]}},{"type":"Feature","properties":{"fault_name":"LEXINGTON FAULT SYSTEM","feature_type":"FAULT","fault_throw":"DTW","line_style":"FAULT","quadrangle_name":"Coletown","gq_number":"644"},"geometry":{"type":"LineString","coordinates":[[-84.48918,37.94412],[-84.48853,37.94689],[-84.48718,37.95114],[-84.48512,37.95673]]}},{"type":"Feature","properties":{"fault_name":"LEXINGTON FAULT SYSTEM","feature_type":"FAULT","fault_throw":"DTW","line_style":"FAULT","quadrangle_name":"Coletown","gq_number":"644"},"geometry":{"type":"LineString","coordinates":[[-84.49235,37.93187],[-84.48918,37.94412]]}},{"type":"Feature","properties":{"fault_name":"LEXINGTON FAULT SYSTEM","feature_type":"FAULT","fault_throw":"DTE","line_style":"FAULT","quadrangle_name":"Nicholasville","gq_number":"767"},"geometry":{"type":"LineString","coordinates":[[-84.50926,37.93161],[-84.50897,37.9327]]}},{"type":"Feature","properties":{"fault_name":"LEXINGTON FAULT SYSTEM","feature_type":"FAULT","fault_throw":"DTW","line_style":"CONCEALED_FAULT","quadrangle_name":"Nicholasville","gq_number":"767"},"geometry":{"type":"LineString","coordinates":[[-84.50379,37.93317],[-84.50427,37.9313]]}},{"type":"Feature","properties":{"fault_name":"LEXINGTON FAULT SYSTEM","feature_type":"FAULT","fault_throw":"DTE","line_style":"FAULT","quadrangle_name":"Nicholasville","gq_number":"767"},"geometry":{"type":"LineString","coordinates":[[-84.5242,37.93388],[-84.52494,37.93137]]}},{"type":"Feature","properties":{"fault_name":"RUCKERVILLE FAULT","feature_type":"FAULT","fault_throw":"DTSE","line_style":"FAULT","quadrangle_name":"Hedges","gq_number":"1235"},"geometry":{"type":"LineString","coordinates":[[-84.10132,37.92116],[-84.09957,37.92227],[-84.097,37.92474],[-84.09547,37.92583],[-84.09117,37.92836],[-84.08544,37.9326],[-84.07866,37.93718],[-84.06683,37.94608],[-84.0608,37.9501],[-84.06011,37.9507],[-84.05852,37.95287],[-84.05632,37.95467],[-84.05451,37.9567],[-84.05269,37.95845],[-84.05165,37.95935],[-84.04862,37.96141]]}},{"type":"Feature","properties":{"fault_name":"RUCKERVILLE FAULT","feature_type":"FAULT","fault_throw":"DTSE","line_style":"CONCEALED_FAULT","quadrangle_name":"Hedges","gq_number":"1235"},"geometry":{"type":"LineString","coordinates":[[-84.10165,37.92098],[-84.10132,37.92116]]}},{"type":"Feature","properties":{"fault_name":"KENTUCKY RIVER FAULT SYSTEM","feature_type":"FAULT","fault_throw":"DTSW","line_style":"FAULT","quadrangle_name":"Winchester","gq_number":"1159"},"geometry":{"type":"LineString","coordinates":[[-84.13797,37.93165],[-84.13187,37.92806],[-84.12967,37.92558],[-84.12665,37.92335],[-84.12493,37.92152]]}},{"type":"Feature","properties":{"fault_name":"BOONESBOROUGH FAULT","feature_type":"FAULT","fault_throw":"DTSE","line_style":"FAULT","quadrangle_name":"Winchester","gq_number":"1159"},"geometry":{"type":"LineString","coordinates":[[-84.16179,37.92216],[-84.15832,37.92319],[-84.15466,37.9249],[-84.14992,37.92657],[-84.14685,37.92745],[-84.14394,37.92858],[-84.14185,37.92914],[-84.13878,37.93126],[-84.13797,37.93165]]}},{"type":"Feature","properties":{"fault_name":"BOONESBOROUGH FAULT","feature_type":"FAULT","fault_throw":"DTSE","line_style":"CONCEALED_FAULT","quadrangle_name":"Winchester","gq_number":"1159"},"geometry":{"type":"LineString","coordinates":[[-84.16202,37.92209],[-84.16179,37.92216]]}},{"type":"Feature","properties":{"fault_name":"LEXINGTON FAULT SYSTEM","feature_type":"FAULT","fault_throw":"DTW","line_style":"FAULT","quadrangle_name":"Nicholasville","gq_number":"767"},"geometry":{"type":"LineString","coordinates":[[-84.50427,37.9313],[-84.50441,37.93013],[-84.50433,37.92858]]}},{"type":"Feature","properties":{"fault_name":"LEXINGTON FAULT SYSTEM","feature_type":"FAULT","fault_throw":"DTE","line_style":"FAULT","quadrangle_name":"Nicholasville","gq_number":"767"},"geometry":{"type":"LineString","coordinates":[[-84.51992,37.93956],[-84.52006,37.93685],[-84.52048,37.93557],[-84.52105,37.93409],[-84.5232,37.93075],[-84.52344,37.93002],[-84.52353,37.92862]]}},{"type":"Feature","properties":{"fault_name":"LEXINGTON FAULT SYSTEM","feature_type":"FAULT","fault_throw":"DTW","line_style":"CONCEALED_FAULT","quadrangle_name":"Nicholasville","gq_number":"767"},"geometry":{"type":"LineString","coordinates":[[-84.50433,37.92858],[-84.50425,37.92811]]}},{"type":"Feature","properties":{"fault_name":"BOONESBOROUGH FAULT","feature_type":"FAULT","fault_throw":"DTSE","line_style":"FAULT","quadrangle_name":"Winchester","gq_number":"1159"},"geometry":{"type":"LineString","coordinates":[[-84.16933,37.92048],[-84.16759,37.92059],[-84.16614,37.92085],[-84.16369,37.92149],[-84.16202,37.92209]]}},{"type":"Feature","properties":{"fault_name":"KENTUCKY RIVER FAULT SYSTEM","feature_type":"FAULT","fault_throw":"DTSW","line_style":"FAULT","quadrangle_name":"Winchester","gq_number":"1159"},"geometry":{"type":"LineString","coordinates":[[-84.16933,37.92048],[-84.16767,37.91998],[-84.16499,37.91943]]}},{"type":"Feature","properties":{"fault_name":"KENTUCKY RIVER FAULT SYSTEM","feature_type":"FAULT","fault_throw":"DTS","line_style":"CONCEALED_FAULT","quadrangle_name":"Winchester","gq_number":"1159"},"geometry":{"type":"LineString","coordinates":[[-84.16499,37.91943],[-84.16477,37.91939]]}},{"type":"Feature","properties":{"fault_name":"LEXINGTON FAULT SYSTEM","feature_type":"FAULT","fault_throw":"DTW","line_style":"FAULT","quadrangle_name":"Nicholasville","gq_number":"767"},"geometry":{"type":"LineString","coordinates":[[-84.50425,37.92811],[-84.5041,37.92706]]}},{"type":"Feature","properties":{"fault_name":"KENTUCKY RIVER FAULT SYSTEM","feature_type":"FAULT","fault_throw":"DTS","line_style":"FAULT","quadrangle_name":"Winchester","gq_number":"1159"},"geometry":{"type":"LineString","coordinates":[[-84.16477,37.91939],[-84.16406,37.91932]]}},{"type":"Feature","properties":{"fault_name":"KENTUCKY RIVER FAULT SYSTEM","feature_type":"FAULT","fault_throw":"DTS","line_style":"CONCEALED_FAULT","quadrangle_name":"Winchester","gq_number":"1159"},"geometry":{"type":"LineString","coordinates":[[-84.16406,37.91932],[-84.16344,37.91928]]}},{"type":"Feature","properties":{"fault_name":"KENTUCKY RIVER FAULT SYSTEM","feature_type":"FAULT","fault_throw":"DTSE","line_style":"FAULT","quadrangle_name":"Winchester","gq_number":"1159"},"geometry":{"type":"LineString","coordinates":[[-84.16344,37.91928],[-84.16174,37.91926],[-84.15938,37.91969],[-84.15364,37.92196],[-84.14866,37.9235]]}},{"type":"Feature","properties":{"fault_name":"RUCKERVILLE FAULT","feature_type":"FAULT","fault_throw":"DTSE","line_style":"FAULT","quadrangle_name":"Hedges","gq_number":"1235"},"geometry":{"type":"LineString","coordinates":[[-84.10544,37.91672],[-84.10363,37.91944],[-84.10265,37.92036],[-84.10165,37.92098]]}},{"type":"Feature","properties":{"fault_name":"EAGLE NEST FAULT","feature_type":"FAULT","fault_throw":"DTSE","line_style":"FAULT","quadrangle_name":"Hedges","gq_number":"1235"},"geometry":{"type":"LineString","coordinates":[[-84.08904,37.91556],[-84.0863,37.91789],[-84.08311,37.92036],[-84.07572,37.9267],[-84.07244,37.92824],[-84.06593,37.93054]]}},{"type":"Feature","properties":{"fault_name":"LEXINGTON FAULT SYSTEM","feature_type":"FAULT","fault_throw":"DTNW","line_style":"FAULT","quadrangle_name":"Nicholasville","gq_number":"767"},"geometry":{"type":"LineString","coordinates":[[-84.51326,37.94775],[-84.51418,37.94306],[-84.51535,37.94069],[-84.51619,37.93801],[-84.51649,37.93753],[-84.51814,37.93595],[-84.51844,37.93545],[-84.51888,37.93377],[-84.51922,37.93033],[-84.51946,37.92957],[-84.52005,37.92857],[-84.5225,37.92531]]}},{"type":"Feature","properties":{"fault_name":"KENTUCKY RIVER FAULT SYSTEM","feature_type":"FAULT","fault_throw":"DTSW","line_style":"FAULT","quadrangle_name":"Hedges","gq_number":"1235"},"geometry":{"type":"LineString","coordinates":[[-84.12206,37.91603],[-84.12287,37.91724],[-84.12493,37.92152]]}},{"type":"Feature","properties":{"fault_name":"EAGLE NEST FAULT","feature_type":"FAULT","fault_throw":"DTSE","line_style":"CONCEALED_FAULT","quadrangle_name":"Hedges","gq_number":"1235"},"geometry":{"type":"LineString","coordinates":[[-84.08941,37.91521],[-84.08904,37.91556]]}},{"type":"Feature","properties":{"fault_name":"KENTUCKY RIVER FAULT SYSTEM","feature_type":"FAULT","fault_throw":"DTSE","line_style":"FAULT","quadrangle_name":"Hedges","gq_number":"1235"},"geometry":{"type":"LineString","coordinates":[[-84.11279,37.91434],[-84.11001,37.91725],[-84.10584,37.92238]]}},{"type":"Feature","properties":{"fault_name":"LEXINGTON FAULT SYSTEM","feature_type":"FAULT","fault_throw":"DTW","line_style":"FAULT","quadrangle_name":"Nicholasville","gq_number":"767"},"geometry":{"type":"LineString","coordinates":[[-84.50882,37.93319],[-84.50838,37.93155],[-84.50882,37.92923],[-84.50867,37.92771],[-84.50815,37.92604],[-84.5067,37.92352],[-84.50652,37.92272]]}},{"type":"Feature","properties":{"fault_name":"LEXINGTON FAULT SYSTEM","feature_type":"FAULT","fault_throw":"DTE","line_style":"FAULT","quadrangle_name":"Nicholasville","gq_number":"767"},"geometry":{"type":"LineString","coordinates":[[-84.50652,37.92272],[-84.50822,37.9252],[-84.50922,37.9275],[-84.50945,37.92876],[-84.50926,37.93161]]}},{"type":"Feature","properties":{"fault_name":"KENTUCKY RIVER FAULT SYSTEM","feature_type":"FAULT","fault_throw":"DTSW","line_style":"FAULT","quadrangle_name":"Hedges","gq_number":"1235"},"geometry":{"type":"LineString","coordinates":[[-84.11715,37.91238],[-84.11923,37.91402],[-84.12107,37.91513],[-84.12206,37.91603]]}},{"type":"Feature","properties":{"fault_name":"KENTUCKY RIVER FAULT SYSTEM","feature_type":"FAULT","fault_throw":"DTNE","line_style":"FAULT","quadrangle_name":"Hedges","gq_number":"1235"},"geometry":{"type":"LineString","coordinates":[[-84.1178,37.91219],[-84.12039,37.91409],[-84.12155,37.91524],[-84.12206,37.91603]]}},{"type":"Feature","properties":{"fault_name":"KENTUCKY RIVER FAULT SYSTEM","feature_type":"FAULT","fault_throw":"DTSW","line_style":"CONCEALED_FAULT","quadrangle_name":"Hedges","gq_number":"1235"},"geometry":{"type":"LineString","coordinates":[[-84.11673,37.91205],[-84.11715,37.91238]]}},{"type":"Feature","properties":{"fault_name":"BOONESBOROUGH FAULT","feature_type":"FAULT","fault_throw":"DTSE","line_style":"FAULT","quadrangle_name":"Winchester","gq_number":"1159"},"geometry":{"type":"LineString","coordinates":[[-84.21189,37.91433],[-84.20908,37.91494],[-84.20738,37.91513],[-84.20218,37.9153],[-84.20168,37.91544],[-84.20005,37.91636],[-84.19582,37.91703],[-84.19343,37.91713],[-84.19047,37.91705],[-84.1879,37.91664],[-84.18395,37.91692],[-84.18101,37.91776],[-84.17862,37.91807],[-84.17727,37.91861],[-84.17505,37.9188],[-84.17425,37.91901],[-84.1714,37.92023],[-84.16933,37.92048]]}},{"type":"Feature","properties":{"fault_name":" ","feature_type":"FAULT","fault_throw":"DTSW","line_style":"FAULT","quadrangle_name":"Coletown","gq_number":"644"},"geometry":{"type":"LineString","coordinates":[[-84.49147,37.92122],[-84.49025,37.92048]]}},{"type":"Feature","properties":{"fault_name":"KENTUCKY RIVER FAULT SYSTEM","feature_type":"FAULT","fault_throw":"DTNE","line_style":"CONCEALED_FAULT","quadrangle_name":"Hedges","gq_number":"1235"},"geometry":{"type":"LineString","coordinates":[[-84.11739,37.91192],[-84.1178,37.91219]]}},{"type":"Feature","properties":{"fault_name":"LEXINGTON FAULT SYSTEM","feature_type":"FAULT","fault_throw":"DTW","line_style":"CONCEALED_FAULT","quadrangle_name":"Nicholasville","gq_number":"767"},"geometry":{"type":"LineString","coordinates":[[-84.5041,37.92706],[-84.5029,37.9231],[-84.50254,37.92071]]}},{"type":"Feature","properties":{"fault_name":"BOONESBOROUGH FAULT","feature_type":"FAULT","fault_throw":"DTSE","line_style":"CONCEALED_FAULT","quadrangle_name":"Winchester","gq_number":"1159"},"geometry":{"type":"LineString","coordinates":[[-84.21311,37.91406],[-84.21189,37.91433]]}},{"type":"Feature","properties":{"fault_name":"LEXINGTON FAULT SYSTEM","feature_type":"FAULT","fault_throw":"DTE","line_style":"FAULT","quadrangle_name":"Nicholasville","gq_number":"767"},"geometry":{"type":"LineString","coordinates":[[-84.50594,37.92026],[-84.50602,37.92014]]}},{"type":"Feature","properties":{"fault_name":"EAGLE NEST FAULT","feature_type":"FAULT","fault_throw":"DTSE","line_style":"FAULT","quadrangle_name":"Hedges","gq_number":"1235"},"geometry":{"type":"LineString","coordinates":[[-84.09551,37.91066],[-84.09407,37.9115],[-84.09131,37.91348],[-84.08941,37.91521]]}},{"type":"Feature","properties":{"fault_name":"LEXINGTON FAULT SYSTEM","feature_type":"FAULT","fault_throw":"DTNW","line_style":"FAULT","quadrangle_name":"Nicholasville","gq_number":"767"},"geometry":{"type":"LineString","coordinates":[[-84.50684,37.92141],[-84.50761,37.92]]}},{"type":"Feature","properties":{"fault_name":"LEXINGTON FAULT SYSTEM","feature_type":"FAULT","fault_throw":"DTE","line_style":"FAULT","quadrangle_name":"Nicholasville","gq_number":"767"},"geometry":{"type":"LineString","coordinates":[[-84.50926,37.93161],[-84.5098,37.92871],[-84.50942,37.92539],[-84.50873,37.9223],[-84.50821,37.92101],[-84.50761,37.92]]}},{"type":"Feature","properties":{"fault_name":" ","feature_type":"FAULT","fault_throw":"DTSW","line_style":"FAULT","quadrangle_name":"Coletown","gq_number":"644"},"geometry":{"type":"LineString","coordinates":[[-84.49025,37.92048],[-84.48816,37.919]]}},{"type":"Feature","properties":{"fault_name":"KENTUCKY RIVER FAULT SYSTEM","feature_type":"FAULT","fault_throw":"DTSW","line_style":"FAULT","quadrangle_name":"Hedges","gq_number":"1235"},"geometry":{"type":"LineString","coordinates":[[-84.11373,37.91004],[-84.11673,37.91205]]}},{"type":"Feature","properties":{"fault_name":"KENTUCKY RIVER FAULT SYSTEM","feature_type":"FAULT","fault_throw":"DTNE","line_style":"FAULT","quadrangle_name":"Hedges","gq_number":"1235"},"geometry":{"type":"LineString","coordinates":[[-84.11373,37.91004],[-84.1144,37.91019],[-84.11739,37.91192]]}},{"type":"Feature","properties":{"fault_name":"BOONESBOROUGH FAULT","feature_type":"FAULT","fault_throw":"DTSE","line_style":"FAULT","quadrangle_name":"Winchester","gq_number":"1159"},"geometry":{"type":"LineString","coordinates":[[-84.22301,37.91161],[-84.22196,37.91192],[-84.21963,37.91296],[-84.21311,37.91406]]}},{"type":"Feature","properties":{"fault_name":"BOONESBOROUGH FAULT","feature_type":"FAULT","fault_throw":"DTSE","line_style":"CONCEALED_FAULT","quadrangle_name":"Winchester","gq_number":"1159"},"geometry":{"type":"LineString","coordinates":[[-84.22317,37.91157],[-84.22301,37.91161]]}},{"type":"Feature","properties":{"fault_name":"LEXINGTON FAULT SYSTEM","feature_type":"FAULT","fault_throw":"DTW","line_style":"FAULT","quadrangle_name":"Nicholasville","gq_number":"767"},"geometry":{"type":"LineString","coordinates":[[-84.5225,37.92531],[-84.52293,37.92392],[-84.52291,37.92216],[-84.52345,37.91667]]}},{"type":"Feature","properties":{"fault_name":"EAGLE NEST FAULT","feature_type":"FAULT","fault_throw":"DTSE","line_style":"FAULT","quadrangle_name":"Hedges","gq_number":"1235"},"geometry":{"type":"LineString","coordinates":[[-84.10284,37.90687],[-84.10157,37.90756],[-84.0989,37.90872],[-84.09551,37.91066]]}},{"type":"Feature","properties":{"fault_name":"EAGLE NEST FAULT","feature_type":"FAULT","fault_throw":"DTSE","line_style":"FAULT","quadrangle_name":"Hedges","gq_number":"1235"},"geometry":{"type":"LineString","coordinates":[[-84.10284,37.90687],[-84.10217,37.90863],[-84.10176,37.9091],[-84.10115,37.90948],[-84.09885,37.91018],[-84.09551,37.91066]]}},{"type":"Feature","properties":{"fault_name":"BOONESBOROUGH FAULT","feature_type":"FAULT","fault_throw":"DTSE","line_style":"FAULT","quadrangle_name":"Winchester","gq_number":"1159"},"geometry":{"type":"LineString","coordinates":[[-84.23035,37.90894],[-84.22845,37.91],[-84.22596,37.91105],[-84.22494,37.91134],[-84.22317,37.91157]]}},{"type":"Feature","properties":{"fault_name":"EAGLE NEST FAULT","feature_type":"FAULT","fault_throw":"DTSE","line_style":"FAULT","quadrangle_name":"Hedges","gq_number":"1235"},"geometry":{"type":"LineString","coordinates":[[-84.10556,37.90564],[-84.10284,37.90687]]}},{"type":"Feature","properties":{"fault_name":"KENTUCKY RIVER FAULT SYSTEM","feature_type":"FAULT","fault_throw":"DTSW","line_style":"FAULT","quadrangle_name":"Hedges","gq_number":"1235"},"geometry":{"type":"LineString","coordinates":[[-84.10556,37.90564],[-84.11069,37.90831],[-84.11373,37.91004]]}},{"type":"Feature","properties":{"fault_name":"KENTUCKY RIVER FAULT SYSTEM","feature_type":"FAULT","fault_throw":"DTNE","line_style":"FAULT","quadrangle_name":"Winchester","gq_number":"1159"},"geometry":{"type":"LineString","coordinates":[[-84.17707,37.91568],[-84.17514,37.91337],[-84.171,37.9092],[-84.16914,37.90711]]}},{"type":"Feature","properties":{"fault_name":"BOONESBOROUGH FAULT","feature_type":"FAULT","fault_throw":"DTSE","line_style":"CONCEALED_FAULT","quadrangle_name":"Winchester","gq_number":"1159"},"geometry":{"type":"LineString","coordinates":[[-84.23132,37.90855],[-84.23035,37.90894]]}},{"type":"Feature","properties":{"fault_name":"KENTUCKY RIVER FAULT SYSTEM","feature_type":"FAULT","fault_throw":"DTNE","line_style":"CONCEALED_FAULT","quadrangle_name":"Winchester","gq_number":"1159"},"geometry":{"type":"LineString","coordinates":[[-84.16914,37.90711],[-84.16885,37.90675]]}},{"type":"Feature","properties":{"fault_name":"BOONESBOROUGH FAULT","feature_type":"FAULT","fault_throw":"DTSE","line_style":"FAULT","quadrangle_name":"Winchester","gq_number":"1159"},"geometry":{"type":"LineString","coordinates":[[-84.23535,37.90808],[-84.23468,37.90822],[-84.23231,37.90829],[-84.23132,37.90855]]}},{"type":"Feature","properties":{"fault_name":"LEXINGTON FAULT SYSTEM","feature_type":"FAULT","fault_throw":"DTE","line_style":"FAULT","quadrangle_name":"Nicholasville","gq_number":"767"},"geometry":{"type":"LineString","coordinates":[[-84.50761,37.92],[-84.50714,37.91896],[-84.50683,37.91611],[-84.50643,37.91488],[-84.50642,37.91395]]}},{"type":"Feature","properties":{"fault_name":"LEXINGTON FAULT SYSTEM","feature_type":"FAULT","fault_throw":"DTW","line_style":"FAULT","quadrangle_name":"Nicholasville","gq_number":"767"},"geometry":{"type":"LineString","coordinates":[[-84.50254,37.92071],[-84.50236,37.91788],[-84.50252,37.91371]]}},{"type":"Feature","properties":{"fault_name":"KENTUCKY RIVER FAULT SYSTEM","feature_type":"FAULT","fault_throw":"DTNE","line_style":"FAULT","quadrangle_name":"Winchester","gq_number":"1159"},"geometry":{"type":"LineString","coordinates":[[-84.16885,37.90675],[-84.16814,37.90578]]}},{"type":"Feature","properties":{"fault_name":"KENTUCKY RIVER FAULT SYSTEM","feature_type":"FAULT","fault_throw":"DTNE","line_style":"CONCEALED_FAULT","quadrangle_name":"Winchester","gq_number":"1159"},"geometry":{"type":"LineString","coordinates":[[-84.16814,37.90578],[-84.16804,37.90562]]}},{"type":"Feature","properties":{"fault_name":"LEXINGTON FAULT SYSTEM","feature_type":"FAULT","fault_throw":"DTW","line_style":"FAULT","quadrangle_name":"Nicholasville","gq_number":"767"},"geometry":{"type":"LineString","coordinates":[[-84.50602,37.92014],[-84.50581,37.9196],[-84.50585,37.91803],[-84.50556,37.91627],[-84.50564,37.913]]}},{"type":"Feature","properties":{"fault_name":"LEXINGTON FAULT SYSTEM","feature_type":"FAULT","fault_throw":"DTE","line_style":"FAULT","quadrangle_name":"Nicholasville","gq_number":"767"},"geometry":{"type":"LineString","coordinates":[[-84.50602,37.92014],[-84.50643,37.91932],[-84.50647,37.91854],[-84.50596,37.91696],[-84.50618,37.9152],[-84.50598,37.91399],[-84.50564,37.913]]}},{"type":"Feature","properties":{"fault_name":"KENTUCKY RIVER FAULT SYSTEM","feature_type":"FAULT","fault_throw":"DTSE","line_style":"FAULT","quadrangle_name":"Winchester","gq_number":"1159"},"geometry":{"type":"LineString","coordinates":[[-84.24993,37.90714],[-84.24624,37.90759],[-84.24101,37.90778],[-84.23919,37.90772],[-84.23781,37.90792],[-84.23535,37.90808]]}},{"type":"Feature","properties":{"fault_name":"LEXINGTON FAULT SYSTEM","feature_type":"FAULT","fault_throw":"DTW","line_style":"FAULT","quadrangle_name":"Nicholasville","gq_number":"767"},"geometry":{"type":"LineString","coordinates":[[-84.50564,37.913],[-84.50566,37.91274]]}},{"type":"Feature","properties":{"fault_name":"BOONESBOROUGH FAULT","feature_type":"FAULT","fault_throw":"DTSE","line_style":"FAULT","quadrangle_name":"Winchester","gq_number":"1159"},"geometry":{"type":"LineString","coordinates":[[-84.24239,37.9067],[-84.23935,37.90711],[-84.23535,37.90808]]}},{"type":"Feature","properties":{"fault_name":"KENTUCKY RIVER FAULT SYSTEM","feature_type":"FAULT","fault_throw":"DTS","line_style":"FAULT","quadrangle_name":"Ford","gq_number":"764"},"geometry":{"type":"LineString","coordinates":[[-84.27385,37.90723],[-84.27883,37.90733]]}},{"type":"Feature","properties":{"fault_name":"KENTUCKY RIVER FAULT SYSTEM","feature_type":"FAULT","fault_throw":"DTS","line_style":"FAULT","quadrangle_name":"Ford","gq_number":"764"},"geometry":{"type":"LineString","coordinates":[[-84.27129,37.90695],[-84.27385,37.90723]]}},{"type":"Feature","properties":{"fault_name":"KENTUCKY RIVER FAULT SYSTEM","feature_type":"FAULT","fault_throw":"DTS","line_style":"FAULT","quadrangle_name":"Ford","gq_number":"764"},"geometry":{"type":"LineString","coordinates":[[-84.24993,37.90714],[-84.25244,37.90669],[-84.25508,37.90657]]}},{"type":"Feature","properties":{"fault_name":"KENTUCKY RIVER FAULT SYSTEM","feature_type":"FAULT","fault_throw":"DTS","line_style":"CONCEALED_FAULT","quadrangle_name":"Ford","gq_number":"764"},"geometry":{"type":"LineString","coordinates":[[-84.26978,37.90678],[-84.2703,37.90685]]}},{"type":"Feature","properties":{"fault_name":"KENTUCKY RIVER FAULT SYSTEM","feature_type":"FAULT","fault_throw":"DTS","line_style":"CONCEALED_FAULT","quadrangle_name":"Ford","gq_number":"764"},"geometry":{"type":"LineString","coordinates":[[-84.2703,37.90685],[-84.27129,37.90695]]}},{"type":"Feature","properties":{"fault_name":"KENTUCKY RIVER FAULT SYSTEM","feature_type":"FAULT","fault_throw":"DTS","line_style":"FAULT","quadrangle_name":"Ford","gq_number":"764"},"geometry":{"type":"LineString","coordinates":[[-84.26675,37.90668],[-84.26892,37.90674]]}},{"type":"Feature","properties":{"fault_name":"KENTUCKY RIVER FAULT SYSTEM","feature_type":"FAULT","fault_throw":"DTS","line_style":"CONCEALED_FAULT","quadrangle_name":"Ford","gq_number":"764"},"geometry":{"type":"LineString","coordinates":[[-84.26892,37.90674],[-84.26978,37.90678]]}},{"type":"Feature","properties":{"fault_name":"KENTUCKY RIVER FAULT SYSTEM","feature_type":"FAULT","fault_throw":"DTS","line_style":"FAULT","quadrangle_name":"Ford","gq_number":"764"},"geometry":{"type":"LineString","coordinates":[[-84.25508,37.90657],[-84.26146,37.9065],[-84.26675,37.90668]]}},{"type":"Feature","properties":{"fault_name":"KENTUCKY RIVER FAULT SYSTEM","feature_type":"FAULT","fault_throw":"DTS","line_style":"CONCEALED_FAULT","quadrangle_name":"Ford","gq_number":"764"},"geometry":{"type":"LineString","coordinates":[[-84.26978,37.90678],[-84.27025,37.90671]]}},{"type":"Feature","properties":{"fault_name":"KENTUCKY RIVER FAULT SYSTEM","feature_type":"FAULT","fault_throw":"DTS","line_style":"CONCEALED_FAULT","quadrangle_name":"Ford","gq_number":"764"},"geometry":{"type":"LineString","coordinates":[[-84.27025,37.90671],[-84.2714,37.90665]]}},{"type":"Feature","properties":{"fault_name":"KENTUCKY RIVER FAULT SYSTEM","feature_type":"FAULT","fault_throw":"DTS","line_style":"FAULT","quadrangle_name":"Ford","gq_number":"764"},"geometry":{"type":"LineString","coordinates":[[-84.2714,37.90665],[-84.27283,37.90689],[-84.27385,37.90723]]}},{"type":"Feature","properties":{"fault_name":"LEXINGTON FAULT SYSTEM","feature_type":"FAULT","fault_throw":"DTW","line_style":"CONCEALED_FAULT","quadrangle_name":"Nicholasville","gq_number":"767"},"geometry":{"type":"LineString","coordinates":[[-84.50252,37.91371],[-84.50213,37.91171]]}},{"type":"Feature","properties":{"fault_name":"BOONESBOROUGH FAULT","feature_type":"FAULT","fault_throw":"DTSE","line_style":"FAULT","quadrangle_name":"Winchester","gq_number":"1159"},"geometry":{"type":"LineString","coordinates":[[-84.24993,37.90603],[-84.24492,37.90635],[-84.24239,37.9067]]}},{"type":"Feature","properties":{"fault_name":"LEXINGTON FAULT SYSTEM","feature_type":"FAULT","fault_throw":"DTW","line_style":"FAULT","quadrangle_name":"Nicholasville","gq_number":"767"},"geometry":{"type":"LineString","coordinates":[[-84.5225,37.92531],[-84.52211,37.91696],[-84.52158,37.91381],[-84.52147,37.91193]]}},{"type":"Feature","properties":{"fault_name":"LEXINGTON FAULT SYSTEM","feature_type":"FAULT","fault_throw":"DTE","line_style":"FAULT","quadrangle_name":"Nicholasville","gq_number":"767"},"geometry":{"type":"LineString","coordinates":[[-84.50528,37.91205],[-84.50522,37.91147]]}},{"type":"Feature","properties":{"fault_name":"BOONESBOROUGH FAULT","feature_type":"FAULT","fault_throw":"DTS","line_style":"FAULT","quadrangle_name":"Ford","gq_number":"764"},"geometry":{"type":"LineString","coordinates":[[-84.24993,37.90603],[-84.25139,37.9058]]}},{"type":"Feature","properties":{"fault_name":"KENTUCKY RIVER FAULT SYSTEM","feature_type":"FAULT","fault_throw":"DTSW","line_style":"FAULT","quadrangle_name":"Ford","gq_number":"764"},"geometry":{"type":"LineString","coordinates":[[-84.25508,37.90657],[-84.25426,37.9063],[-84.25216,37.90604],[-84.25139,37.9058]]}},{"type":"Feature","properties":{"fault_name":"KENTUCKY RIVER FAULT SYSTEM","feature_type":"FAULT","fault_throw":"DTSW","line_style":"FAULT","quadrangle_name":"Ford","gq_number":"764"},"geometry":{"type":"LineString","coordinates":[[-84.26675,37.90668],[-84.26463,37.90584]]}},{"type":"Feature","properties":{"fault_name":"BOONESBOROUGH FAULT","feature_type":"FAULT","fault_throw":"DTS","line_style":"FAULT","quadrangle_name":"Ford","gq_number":"764"},"geometry":{"type":"LineString","coordinates":[[-84.26463,37.90584],[-84.26634,37.90611],[-84.26848,37.90598]]}},{"type":"Feature","properties":{"fault_name":" ","feature_type":"FAULT","fault_throw":"DTNE","line_style":"FAULT","quadrangle_name":"Coletown","gq_number":"644"},"geometry":{"type":"LineString","coordinates":[[-84.49025,37.92048],[-84.48843,37.91746],[-84.48704,37.91566],[-84.48553,37.91392],[-84.48217,37.91068]]}},{"type":"Feature","properties":{"fault_name":"KENTUCKY RIVER FAULT SYSTEM","feature_type":"FAULT","fault_throw":"DTN","line_style":"FAULT","quadrangle_name":"Winchester","gq_number":"1159"},"geometry":{"type":"LineString","coordinates":[[-84.24239,37.9067],[-84.24056,37.90584],[-84.23872,37.90532],[-84.23735,37.90517],[-84.23388,37.90515]]}},{"type":"Feature","properties":{"fault_name":"BOONESBOROUGH FAULT","feature_type":"FAULT","fault_throw":"DTS","line_style":"CONCEALED_FAULT","quadrangle_name":"Ford","gq_number":"764"},"geometry":{"type":"LineString","coordinates":[[-84.26848,37.90598],[-84.26974,37.90583]]}},{"type":"Feature","properties":{"fault_name":"BOONESBOROUGH FAULT","feature_type":"FAULT","fault_throw":"DTS","line_style":"CONCEALED_FAULT","quadrangle_name":"Ford","gq_number":"764"},"geometry":{"type":"LineString","coordinates":[[-84.26974,37.90583],[-84.27118,37.90573]]}},{"type":"Feature","properties":{"fault_name":"BOONESBOROUGH FAULT","feature_type":"FAULT","fault_throw":"DTS","line_style":"FAULT","quadrangle_name":"Ford","gq_number":"764"},"geometry":{"type":"LineString","coordinates":[[-84.27118,37.90573],[-84.2732,37.90603],[-84.27604,37.90677],[-84.27883,37.90733]]}},{"type":"Feature","properties":{"fault_name":"EAGLE NEST FAULT","feature_type":"FAULT","fault_throw":"DTSE","line_style":"FAULT","quadrangle_name":"Hedges","gq_number":"1235"},"geometry":{"type":"LineString","coordinates":[[-84.12118,37.90213],[-84.11612,37.90249],[-84.11334,37.90285],[-84.11045,37.9037],[-84.10556,37.90564]]}},{"type":"Feature","properties":{"fault_name":"LEXINGTON FAULT SYSTEM","feature_type":"FAULT","fault_throw":"DTSW","line_style":"FAULT","quadrangle_name":"Nicholasville","gq_number":"767"},"geometry":{"type":"LineString","coordinates":[[-84.50213,37.91171],[-84.50172,37.9108]]}},{"type":"Feature","properties":{"fault_name":"LEXINGTON FAULT SYSTEM","feature_type":"FAULT","fault_throw":"DTSW","line_style":"FAULT","quadrangle_name":"Nicholasville","gq_number":"767"},"geometry":{"type":"LineString","coordinates":[[-84.5044,37.91475],[-84.50384,37.91399],[-84.50349,37.91268],[-84.50304,37.91169],[-84.50172,37.9108]]}},{"type":"Feature","properties":{"fault_name":"EAGLE NEST FAULT","feature_type":"FAULT","fault_throw":"DTS","line_style":"CONCEALED_FAULT","quadrangle_name":"Hedges","gq_number":"1235"},"geometry":{"type":"LineString","coordinates":[[-84.12326,37.90216],[-84.12118,37.90213]]}},{"type":"Feature","properties":{"fault_name":"EAGLE NEST FAULT","feature_type":"FAULT","fault_throw":"DTS","line_style":"FAULT","quadrangle_name":"Hedges","gq_number":"1235"},"geometry":{"type":"LineString","coordinates":[[-84.12493,37.90214],[-84.12326,37.90216]]}},{"type":"Feature","properties":{"fault_name":"BOONESBOROUGH FAULT","feature_type":"FAULT","fault_throw":"DTS","line_style":"FAULT","quadrangle_name":"Ford","gq_number":"764"},"geometry":{"type":"LineString","coordinates":[[-84.25139,37.9058],[-84.25831,37.90564],[-84.26159,37.90538],[-84.26328,37.90552],[-84.26463,37.90584]]}},{"type":"Feature","properties":{"fault_name":" ","feature_type":"FAULT","fault_throw":"DTNE","line_style":"CONCEALED_FAULT","quadrangle_name":"Coletown","gq_number":"644"},"geometry":{"type":"LineString","coordinates":[[-84.48217,37.91068],[-84.48151,37.9101]]}},{"type":"Feature","properties":{"fault_name":" ","feature_type":"FAULT","fault_throw":"DTNE","line_style":"FAULT","quadrangle_name":"Coletown","gq_number":"644"},"geometry":{"type":"LineString","coordinates":[[-84.48151,37.9101],[-84.48103,37.90971]]}},{"type":"Feature","properties":{"fault_name":" ","feature_type":"FAULT","fault_throw":"DTNE","line_style":"FAULT","quadrangle_name":"Coletown","gq_number":"644"},"geometry":{"type":"LineString","coordinates":[[-84.4794,37.90963],[-84.48238,37.91262],[-84.48816,37.919]]}},{"type":"Feature","properties":{"fault_name":" ","feature_type":"FAULT","fault_throw":"DTSW","line_style":"FAULT","quadrangle_name":"Coletown","gq_number":"644"},"geometry":{"type":"LineString","coordinates":[[-84.48816,37.919],[-84.48488,37.91679],[-84.48265,37.91494],[-84.47961,37.91111],[-84.47861,37.90956]]}},{"type":"Feature","properties":{"fault_name":" ","feature_type":"FAULT","fault_throw":"DTNE","line_style":"CONCEALED_FAULT","quadrangle_name":"Coletown","gq_number":"644"},"geometry":{"type":"LineString","coordinates":[[-84.48103,37.90971],[-84.48081,37.90953]]}},{"type":"Feature","properties":{"fault_name":"LEXINGTON FAULT SYSTEM","feature_type":"FAULT","fault_throw":"DTSW","line_style":"FAULT","quadrangle_name":"Nicholasville","gq_number":"767"},"geometry":{"type":"LineString","coordinates":[[-84.50172,37.9108],[-84.50129,37.90994]]}},{"type":"Feature","properties":{"fault_name":"LEXINGTON FAULT SYSTEM","feature_type":"FAULT","fault_throw":"DTNE","line_style":"FAULT","quadrangle_name":"Nicholasville","gq_number":"767"},"geometry":{"type":"LineString","coordinates":[[-84.50129,37.90994],[-84.50212,37.91043],[-84.50336,37.91177],[-84.50425,37.91358],[-84.5044,37.91475]]}},{"type":"Feature","properties":{"fault_name":"EAGLE NEST FAULT","feature_type":"FAULT","fault_throw":"DTSE","line_style":"FAULT","quadrangle_name":"Winchester","gq_number":"1159"},"geometry":{"type":"LineString","coordinates":[[-84.1337,37.90061],[-84.12886,37.90166],[-84.12493,37.90214]]}},{"type":"Feature","properties":{"fault_name":" ","feature_type":"FAULT","fault_throw":"DTSW","line_style":"CONCEALED_FAULT","quadrangle_name":"Coletown","gq_number":"644"},"geometry":{"type":"LineString","coordinates":[[-84.47861,37.90956],[-84.47798,37.90829]]}},{"type":"Feature","properties":{"fault_name":" ","feature_type":"FAULT","fault_throw":"DTNE","line_style":"CONCEALED_FAULT","quadrangle_name":"Coletown","gq_number":"644"},"geometry":{"type":"LineString","coordinates":[[-84.47798,37.90829],[-84.4794,37.90963]]}},{"type":"Feature","properties":{"fault_name":"LEXINGTON FAULT SYSTEM","feature_type":"FAULT","fault_throw":"DTSW","line_style":"FAULT","quadrangle_name":"Nicholasville","gq_number":"767"},"geometry":{"type":"LineString","coordinates":[[-84.50129,37.90994],[-84.49994,37.90765]]}},{"type":"Feature","properties":{"fault_name":"KENTUCKY RIVER FAULT SYSTEM","feature_type":"FAULT","fault_throw":"DTN","line_style":"FAULT","quadrangle_name":"Ford","gq_number":"764"},"geometry":{"type":"LineString","coordinates":[[-84.25996,37.90231],[-84.26457,37.90231],[-84.26566,37.90214]]}},{"type":"Feature","properties":{"fault_name":"LEXINGTON FAULT SYSTEM","feature_type":"FAULT","fault_throw":"DTW","line_style":"FAULT","quadrangle_name":"Coletown","gq_number":"644"},"geometry":{"type":"LineString","coordinates":[[-84.49994,37.90765],[-84.49975,37.9073]]}},{"type":"Feature","properties":{"fault_name":"LEXINGTON FAULT SYSTEM","feature_type":"FAULT","fault_throw":"DTNE","line_style":"FAULT","quadrangle_name":"Nicholasville","gq_number":"767"},"geometry":{"type":"LineString","coordinates":[[-84.50151,37.90851],[-84.50077,37.90716]]}},{"type":"Feature","properties":{"fault_name":"LEXINGTON FAULT SYSTEM","feature_type":"FAULT","fault_throw":"DTNE","line_style":"CONCEALED_FAULT","quadrangle_name":"Nicholasville","gq_number":"767"},"geometry":{"type":"LineString","coordinates":[[-84.50077,37.90716],[-84.50054,37.90674]]}},{"type":"Feature","properties":{"fault_name":"ELK LICK CREEK GRABEN","feature_type":"FAULT","fault_throw":"DTSW","line_style":"FAULT","quadrangle_name":"Ford","gq_number":"764"},"geometry":{"type":"LineString","coordinates":[[-84.3639,37.90315],[-84.36801,37.90503]]}},{"type":"Feature","properties":{"fault_name":"LEXINGTON FAULT SYSTEM","feature_type":"FAULT","fault_throw":"DTNE","line_style":"CONCEALED_FAULT","quadrangle_name":"Nicholasville","gq_number":"767"},"geometry":{"type":"LineString","coordinates":[[-84.50054,37.90674],[-84.49994,37.90589]]}},{"type":"Feature","properties":{"fault_name":"LEXINGTON FAULT SYSTEM","feature_type":"FAULT","fault_throw":"DTSW","line_style":"FAULT","quadrangle_name":"Nicholasville","gq_number":"767"},"geometry":{"type":"LineString","coordinates":[[-84.50522,37.91147],[-84.50492,37.91091],[-84.5048,37.91016],[-84.50371,37.90715],[-84.50374,37.90643],[-84.50432,37.90595]]}},{"type":"Feature","properties":{"fault_name":"LEXINGTON FAULT SYSTEM","feature_type":"FAULT","fault_throw":"DTE","line_style":"FAULT","quadrangle_name":"Nicholasville","gq_number":"767"},"geometry":{"type":"LineString","coordinates":[[-84.50522,37.91147],[-84.50487,37.90878],[-84.50432,37.90595]]}},{"type":"Feature","properties":{"fault_name":"LEXINGTON FAULT SYSTEM","feature_type":"FAULT","fault_throw":"DTE","line_style":"FAULT","quadrangle_name":"Nicholasville","gq_number":"767"},"geometry":{"type":"LineString","coordinates":[[-84.50642,37.91395],[-84.50655,37.91166],[-84.50684,37.91009],[-84.50846,37.90591]]}},{"type":"Feature","properties":{"fault_name":"KENTUCKY RIVER FAULT SYSTEM","feature_type":"FAULT","fault_throw":"DTNW","line_style":"CONCEALED_FAULT","quadrangle_name":"Ford","gq_number":"764"},"geometry":{"type":"LineString","coordinates":[[-84.26566,37.90214],[-84.26607,37.90202]]}},{"type":"Feature","properties":{"fault_name":"KENTUCKY RIVER FAULT SYSTEM","feature_type":"FAULT","fault_throw":"DTNW","line_style":"CONCEALED_FAULT","quadrangle_name":"Ford","gq_number":"764"},"geometry":{"type":"LineString","coordinates":[[-84.26607,37.90202],[-84.26868,37.90105],[-84.27008,37.90035]]}},{"type":"Feature","properties":{"fault_name":"LEXINGTON FAULT SYSTEM","feature_type":"FAULT","fault_throw":"DTW","line_style":"CONCEALED_FAULT","quadrangle_name":"Coletown","gq_number":"644"},"geometry":{"type":"LineString","coordinates":[[-84.49975,37.9073],[-84.49884,37.90541]]}},{"type":"Feature","properties":{"fault_name":"LEXINGTON FAULT SYSTEM","feature_type":"FAULT","fault_throw":"DTE","line_style":"FAULT","quadrangle_name":"Nicholasville","gq_number":"767"},"geometry":{"type":"LineString","coordinates":[[-84.50432,37.90595],[-84.50421,37.9055]]}},{"type":"Feature","properties":{"fault_name":"LEXINGTON FAULT SYSTEM","feature_type":"FAULT","fault_throw":"DTE","line_style":"CONCEALED_FAULT","quadrangle_name":"Coletown","gq_number":"644"},"geometry":{"type":"LineString","coordinates":[[-84.49962,37.90536],[-84.49994,37.90589]]}},{"type":"Feature","properties":{"fault_name":"KENTUCKY RIVER FAULT SYSTEM","feature_type":"FAULT","fault_throw":"DTNW","line_style":"FAULT","quadrangle_name":"Ford","gq_number":"764"},"geometry":{"type":"LineString","coordinates":[[-84.27008,37.90035],[-84.27043,37.90018]]}},{"type":"Feature","properties":{"fault_name":"KENTUCKY RIVER FAULT SYSTEM","feature_type":"FAULT","fault_throw":"DTNW","line_style":"CONCEALED_FAULT","quadrangle_name":"Ford","gq_number":"764"},"geometry":{"type":"LineString","coordinates":[[-84.27043,37.90018],[-84.27085,37.89993]]}},{"type":"Feature","properties":{"fault_name":"KENTUCKY RIVER FAULT SYSTEM","feature_type":"FAULT","fault_throw":"DTSW","line_style":"CONCEALED_FAULT","quadrangle_name":"Winchester","gq_number":"1159"},"geometry":{"type":"LineString","coordinates":[[-84.18245,37.90011],[-84.17967,37.89727]]}},{"type":"Feature","properties":{"fault_name":"LEXINGTON FAULT SYSTEM","feature_type":"FAULT","fault_throw":"DTNW","line_style":"CONCEALED_FAULT","quadrangle_name":"Nicholasville","gq_number":"767"},"geometry":{"type":"LineString","coordinates":[[-84.50054,37.90674],[-84.50392,37.90439]]}},{"type":"Feature","properties":{"fault_name":"LEXINGTON FAULT SYSTEM","feature_type":"FAULT","fault_throw":"DTNW","line_style":"FAULT","quadrangle_name":"Nicholasville","gq_number":"767"},"geometry":{"type":"LineString","coordinates":[[-84.50392,37.90439],[-84.50414,37.90424]]}},{"type":"Feature","properties":{"fault_name":"LEXINGTON FAULT SYSTEM","feature_type":"FAULT","fault_throw":"DTE","line_style":"FAULT","quadrangle_name":"Nicholasville","gq_number":"767"},"geometry":{"type":"LineString","coordinates":[[-84.50642,37.91395],[-84.50612,37.91251],[-84.50626,37.90902],[-84.50617,37.90754],[-84.50414,37.90424]]}},{"type":"Feature","properties":{"fault_name":"KENTUCKY RIVER FAULT SYSTEM","feature_type":"FAULT","fault_throw":"DTSW","line_style":"FAULT","quadrangle_name":"Winchester","gq_number":"1159"},"geometry":{"type":"LineString","coordinates":[[-84.1337,37.90061],[-84.13252,37.8984],[-84.13021,37.89526]]}},{"type":"Feature","properties":{"fault_name":"LEXINGTON FAULT SYSTEM","feature_type":"FAULT","fault_throw":"DTE","line_style":"CONCEALED_FAULT","quadrangle_name":"Nicholasville","gq_number":"767"},"geometry":{"type":"LineString","coordinates":[[-84.50846,37.90591],[-84.50891,37.90344]]}},{"type":"Feature","properties":{"fault_name":"KENTUCKY RIVER FAULT SYSTEM","feature_type":"FAULT","fault_throw":"DTNE","line_style":"CONCEALED_FAULT","quadrangle_name":"Winchester","gq_number":"1159"},"geometry":{"type":"LineString","coordinates":[[-84.19202,37.89678],[-84.19148,37.89602]]}},{"type":"Feature","properties":{"fault_name":"KENTUCKY RIVER FAULT SYSTEM","feature_type":"FAULT","fault_throw":"DTNW","line_style":"FAULT","quadrangle_name":"Ford","gq_number":"764"},"geometry":{"type":"LineString","coordinates":[[-84.27085,37.89993],[-84.2749,37.89785]]}},{"type":"Feature","properties":{"fault_name":"KENTUCKY RIVER FAULT SYSTEM","feature_type":"FAULT","fault_throw":"DTSW","line_style":"FAULT","quadrangle_name":"Winchester","gq_number":"1159"},"geometry":{"type":"LineString","coordinates":[[-84.17967,37.89727],[-84.17787,37.89541]]}},{"type":"Feature","properties":{"fault_name":"KENTUCKY RIVER FAULT SYSTEM","feature_type":"FAULT","fault_throw":"DTNE","line_style":"FAULT","quadrangle_name":"Winchester","gq_number":"1159"},"geometry":{"type":"LineString","coordinates":[[-84.21999,37.90013],[-84.21726,37.89879],[-84.21258,37.89612]]}},{"type":"Feature","properties":{"fault_name":"KENTUCKY RIVER FAULT SYSTEM","feature_type":"FAULT","fault_throw":"DTS","line_style":"FAULT","quadrangle_name":"Ford","gq_number":"764"},"geometry":{"type":"LineString","coordinates":[[-84.28011,37.89714],[-84.28505,37.8978],[-84.28753,37.89827]]}},{"type":"Feature","properties":{"fault_name":"KENTUCKY RIVER FAULT SYSTEM","feature_type":"FAULT","fault_throw":"DTNE","line_style":"CONCEALED_FAULT","quadrangle_name":"Winchester","gq_number":"1159"},"geometry":{"type":"LineString","coordinates":[[-84.21258,37.89612],[-84.21154,37.89542]]}},{"type":"Feature","properties":{"fault_name":"KENTUCKY RIVER FAULT SYSTEM","feature_type":"FAULT","fault_throw":"DTSW","line_style":"CONCEALED_FAULT","quadrangle_name":"Winchester","gq_number":"1159"},"geometry":{"type":"LineString","coordinates":[[-84.17787,37.89541],[-84.17679,37.89452]]}},{"type":"Feature","properties":{"fault_name":"EAGLE NEST FAULT","feature_type":"FAULT","fault_throw":"DTSE","line_style":"FAULT","quadrangle_name":"Winchester","gq_number":"1159"},"geometry":{"type":"LineString","coordinates":[[-84.14866,37.89376],[-84.14771,37.89448],[-84.14442,37.89641],[-84.13972,37.89893],[-84.13699,37.89992],[-84.1337,37.90061]]}},{"type":"Feature","properties":{"fault_name":"ELK LICK CREEK GRABEN","feature_type":"FAULT","fault_throw":"DTSW","line_style":"FAULT","quadrangle_name":"Ford","gq_number":"764"},"geometry":{"type":"LineString","coordinates":[[-84.35623,37.89837],[-84.35819,37.89942],[-84.36219,37.90215],[-84.3639,37.90315]]}},{"type":"Feature","properties":{"fault_name":"EAGLE NEST FAULT","feature_type":"FAULT","fault_throw":"DTSE","line_style":"FAULT","quadrangle_name":"Winchester","gq_number":"1159"},"geometry":{"type":"LineString","coordinates":[[-84.14922,37.89324],[-84.14866,37.89376]]}},{"type":"Feature","properties":{"fault_name":"KENTUCKY RIVER FAULT SYSTEM","feature_type":"FAULT","fault_throw":"DTSW","line_style":"FAULT","quadrangle_name":"Winchester","gq_number":"1159"},"geometry":{"type":"LineString","coordinates":[[-84.17186,37.91879],[-84.17021,37.91677],[-84.16882,37.9154],[-84.16715,37.91395],[-84.16418,37.91183],[-84.16234,37.90989],[-84.15846,37.90447],[-84.15648,37.90202],[-84.15415,37.89883],[-84.15039,37.89485],[-84.14922,37.89324]]}},{"type":"Feature","properties":{"fault_name":"LEXINGTON FAULT SYSTEM","feature_type":"FAULT","fault_throw":"DTE","line_style":"FAULT","quadrangle_name":"Nicholasville","gq_number":"767"},"geometry":{"type":"LineString","coordinates":[[-84.50414,37.90424],[-84.50391,37.90384],[-84.50341,37.90112]]}},{"type":"Feature","properties":{"fault_name":"ELK LICK CREEK GRABEN","feature_type":"FAULT","fault_throw":"DTSW","line_style":"CONCEALED_FAULT","quadrangle_name":"Ford","gq_number":"764"},"geometry":{"type":"LineString","coordinates":[[-84.35445,37.89761],[-84.35623,37.89837]]}},{"type":"Feature","properties":{"fault_name":"KENTUCKY RIVER FAULT SYSTEM","feature_type":"FAULT","fault_throw":"DTNE","line_style":"FAULT","quadrangle_name":"Winchester","gq_number":"1159"},"geometry":{"type":"LineString","coordinates":[[-84.19148,37.89602],[-84.1897,37.89364]]}},{"type":"Feature","properties":{"fault_name":"KENTUCKY RIVER FAULT SYSTEM","feature_type":"FAULT","fault_throw":"DTNE","line_style":"FAULT","quadrangle_name":"Winchester","gq_number":"1159"},"geometry":{"type":"LineString","coordinates":[[-84.21154,37.89542],[-84.20851,37.89362]]}},{"type":"Feature","properties":{"fault_name":"KENTUCKY RIVER FAULT SYSTEM","feature_type":"FAULT","fault_throw":"DTNE","line_style":"CONCEALED_FAULT","quadrangle_name":"Winchester","gq_number":"1159"},"geometry":{"type":"LineString","coordinates":[[-84.1897,37.89364],[-84.18913,37.89295]]}},{"type":"Feature","properties":{"fault_name":"KENTUCKY RIVER FAULT SYSTEM","feature_type":"FAULT","fault_throw":"DTNE","line_style":"CONCEALED_FAULT","quadrangle_name":"Winchester","gq_number":"1159"},"geometry":{"type":"LineString","coordinates":[[-84.20851,37.89362],[-84.20803,37.89336]]}},{"type":"Feature","properties":{"fault_name":"KENTUCKY RIVER FAULT SYSTEM","feature_type":"FAULT","fault_throw":"DTNE","line_style":"FAULT","quadrangle_name":"Winchester","gq_number":"1159"},"geometry":{"type":"LineString","coordinates":[[-84.20803,37.89336],[-84.20794,37.89332]]}},{"type":"Feature","properties":{"fault_name":"KENTUCKY RIVER FAULT SYSTEM","feature_type":"FAULT","fault_throw":"DTSW","line_style":"CONCEALED_FAULT","quadrangle_name":"Winchester","gq_number":"1159"},"geometry":{"type":"LineString","coordinates":[[-84.18616,37.89399],[-84.18443,37.89266]]}},{"type":"Feature","properties":{"fault_name":"KENTUCKY RIVER FAULT SYSTEM","feature_type":"FAULT","fault_throw":"DTNE","line_style":"CONCEALED_FAULT","quadrangle_name":"Winchester","gq_number":"1159"},"geometry":{"type":"LineString","coordinates":[[-84.20794,37.89332],[-84.2072,37.89297]]}},{"type":"Feature","properties":{"fault_name":"LEXINGTON FAULT SYSTEM","feature_type":"FAULT","fault_throw":"DTE","line_style":"CONCEALED_FAULT","quadrangle_name":"Nicholasville","gq_number":"767"},"geometry":{"type":"LineString","coordinates":[[-84.50341,37.90112],[-84.503,37.89927]]}},{"type":"Feature","properties":{"fault_name":"KENTUCKY RIVER FAULT SYSTEM","feature_type":"FAULT","fault_throw":"DTE","line_style":"FAULT","quadrangle_name":"Ford","gq_number":"764"},"geometry":{"type":"LineString","coordinates":[[-84.28011,37.89714],[-84.27947,37.89422]]}},{"type":"Feature","properties":{"fault_name":"KENTUCKY RIVER FAULT SYSTEM","feature_type":"FAULT","fault_throw":"DTNE","line_style":"FAULT","quadrangle_name":"Ford","gq_number":"764"},"geometry":{"type":"LineString","coordinates":[[-84.27947,37.89422],[-84.28494,37.89628],[-84.28753,37.89827]]}},{"type":"Feature","properties":{"fault_name":"LEXINGTON FAULT SYSTEM","feature_type":"FAULT","fault_throw":"DTW","line_style":"FAULT","quadrangle_name":"Nicholasville","gq_number":"767"},"geometry":{"type":"LineString","coordinates":[[-84.50174,37.89946],[-84.50159,37.89886]]}},{"type":"Feature","properties":{"fault_name":"KENTUCKY RIVER FAULT SYSTEM","feature_type":"FAULT","fault_throw":"DTSE","line_style":"FAULT","quadrangle_name":"Ford","gq_number":"764"},"geometry":{"type":"LineString","coordinates":[[-84.27883,37.90733],[-84.28249,37.90705],[-84.28498,37.90657],[-84.28678,37.90596],[-84.29014,37.90434],[-84.29317,37.9037],[-84.29512,37.90314],[-84.29649,37.90262],[-84.30193,37.90009],[-84.30737,37.89701],[-84.31083,37.89571],[-84.31448,37.89469]]}},{"type":"Feature","properties":{"fault_name":"ELK LICK CREEK GRABEN","feature_type":"FAULT","fault_throw":"DTNE","line_style":"FAULT","quadrangle_name":"Ford","gq_number":"764"},"geometry":{"type":"LineString","coordinates":[[-84.35608,37.89554],[-84.35862,37.8979],[-84.36165,37.90123],[-84.3639,37.90315]]}},{"type":"Feature","properties":{"fault_name":"ELK LICK CREEK GRABEN","feature_type":"FAULT","fault_throw":"DTS","line_style":"CONCEALED_FAULT","quadrangle_name":"Ford","gq_number":"764"},"geometry":{"type":"LineString","coordinates":[[-84.35398,37.89542],[-84.35322,37.89548]]}},{"type":"Feature","properties":{"fault_name":"LEXINGTON FAULT SYSTEM","feature_type":"FAULT","fault_throw":"DTW","line_style":"FAULT","quadrangle_name":"Coletown","gq_number":"644"},"geometry":{"type":"LineString","coordinates":[[-84.49884,37.90541],[-84.49771,37.90256],[-84.49651,37.89849]]}},{"type":"Feature","properties":{"fault_name":"LEXINGTON FAULT SYSTEM","feature_type":"FAULT","fault_throw":"DTE","line_style":"FAULT","quadrangle_name":"Coletown","gq_number":"644"},"geometry":{"type":"LineString","coordinates":[[-84.49651,37.89849],[-84.49777,37.90058],[-84.49962,37.90536]]}},{"type":"Feature","properties":{"fault_name":"ELK LICK CREEK GRABEN","feature_type":"FAULT","fault_throw":"DTSE","line_style":"FAULT","quadrangle_name":"Ford","gq_number":"764"},"geometry":{"type":"LineString","coordinates":[[-84.35423,37.89537],[-84.35398,37.89542]]}},{"type":"Feature","properties":{"fault_name":"ELK LICK CREEK GRABEN","feature_type":"FAULT","fault_throw":"DTS","line_style":"FAULT","quadrangle_name":"Ford","gq_number":"764"},"geometry":{"type":"LineString","coordinates":[[-84.35322,37.89548],[-84.35136,37.8955],[-84.34999,37.89519]]}},{"type":"Feature","properties":{"fault_name":"ELK LICK CREEK GRABEN","feature_type":"FAULT","fault_throw":"DTSE","line_style":"CONCEALED_FAULT","quadrangle_name":"Ford","gq_number":"764"},"geometry":{"type":"LineString","coordinates":[[-84.35452,37.89528],[-84.35423,37.89537]]}},{"type":"Feature","properties":{"fault_name":"ELK LICK CREEK GRABEN","feature_type":"FAULT","fault_throw":"DTN","line_style":"FAULT","quadrangle_name":"Ford","gq_number":"764"},"geometry":{"type":"LineString","coordinates":[[-84.34999,37.89519],[-84.35215,37.89518]]}},{"type":"Feature","properties":{"fault_name":"LEXINGTON FAULT SYSTEM","feature_type":"FAULT","fault_throw":"DTE","line_style":"FAULT","quadrangle_name":"Nicholasville","gq_number":"767"},"geometry":{"type":"LineString","coordinates":[[-84.503,37.89927],[-84.50279,37.89837]]}},{"type":"Feature","properties":{"fault_name":"ELK LICK CREEK GRABEN","feature_type":"FAULT","fault_throw":"DTSE","line_style":"FAULT","quadrangle_name":"Ford","gq_number":"764"},"geometry":{"type":"LineString","coordinates":[[-84.35489,37.89513],[-84.35452,37.89528]]}},{"type":"Feature","properties":{"fault_name":"ELK LICK CREEK GRABEN","feature_type":"FAULT","fault_throw":"DTNE","line_style":"FAULT","quadrangle_name":"Ford","gq_number":"764"},"geometry":{"type":"LineString","coordinates":[[-84.35489,37.89513],[-84.35608,37.89554]]}},{"type":"Feature","properties":{"fault_name":"KENTUCKY RIVER FAULT SYSTEM","feature_type":"FAULT","fault_throw":"DTNE","line_style":"FAULT","quadrangle_name":"Winchester","gq_number":"1159"},"geometry":{"type":"LineString","coordinates":[[-84.2072,37.89297],[-84.20495,37.89205],[-84.20285,37.89158]]}},{"type":"Feature","properties":{"fault_name":"KENTUCKY RIVER FAULT SYSTEM","feature_type":"FAULT","fault_throw":"DTSE","line_style":"FAULT","quadrangle_name":"Ford","gq_number":"764"},"geometry":{"type":"LineString","coordinates":[[-84.31448,37.89469],[-84.31669,37.89423]]}},{"type":"Feature","properties":{"fault_name":"ELK LICK CREEK GRABEN","feature_type":"FAULT","fault_throw":"DTN","line_style":"FAULT","quadrangle_name":"Ford","gq_number":"764"},"geometry":{"type":"LineString","coordinates":[[-84.35449,37.89503],[-84.35489,37.89513]]}},{"type":"Feature","properties":{"fault_name":"ELK LICK CREEK GRABEN","feature_type":"FAULT","fault_throw":"DTN","line_style":"FAULT","quadrangle_name":"Ford","gq_number":"764"},"geometry":{"type":"LineString","coordinates":[[-84.35215,37.89518],[-84.353,37.89498]]}},{"type":"Feature","properties":{"fault_name":"ELK LICK CREEK GRABEN","feature_type":"FAULT","fault_throw":"DTN","line_style":"CONCEALED_FAULT","quadrangle_name":"Ford","gq_number":"764"},"geometry":{"type":"LineString","coordinates":[[-84.35417,37.89497],[-84.35449,37.89503]]}},{"type":"Feature","properties":{"fault_name":"KENTUCKY RIVER FAULT SYSTEM","feature_type":"FAULT","fault_throw":"DTSW","line_style":"FAULT","quadrangle_name":"Winchester","gq_number":"1159"},"geometry":{"type":"LineString","coordinates":[[-84.18443,37.89266],[-84.1818,37.89093]]}},{"type":"Feature","properties":{"fault_name":"ELK LICK CREEK GRABEN","feature_type":"FAULT","fault_throw":"DTN","line_style":"FAULT","quadrangle_name":"Ford","gq_number":"764"},"geometry":{"type":"LineString","coordinates":[[-84.35359,37.89491],[-84.35417,37.89497]]}},{"type":"Feature","properties":{"fault_name":"ELK LICK CREEK GRABEN","feature_type":"FAULT","fault_throw":"DTN","line_style":"CONCEALED_FAULT","quadrangle_name":"Ford","gq_number":"764"},"geometry":{"type":"LineString","coordinates":[[-84.353,37.89498],[-84.35359,37.89491]]}},{"type":"Feature","properties":{"fault_name":"LEXINGTON FAULT SYSTEM","feature_type":"FAULT","fault_throw":"DTSW","line_style":"FAULT","quadrangle_name":"Nicholasville","gq_number":"767"},"geometry":{"type":"LineString","coordinates":[[-84.50279,37.89837],[-84.50223,37.89815]]}},{"type":"Feature","properties":{"fault_name":"KENTUCKY RIVER FAULT SYSTEM","feature_type":"FAULT","fault_throw":"DTNE","line_style":"FAULT","quadrangle_name":"Ford","gq_number":"764"},"geometry":{"type":"LineString","coordinates":[[-84.33144,37.89437],[-84.33167,37.89458]]}},{"type":"Feature","properties":{"fault_name":"KENTUCKY RIVER FAULT SYSTEM","feature_type":"FAULT","fault_throw":"DTSW","line_style":"FAULT","quadrangle_name":"Ford","gq_number":"764"},"geometry":{"type":"LineString","coordinates":[[-84.2655,37.89277],[-84.26952,37.89527],[-84.27163,37.89616],[-84.27356,37.89652],[-84.27729,37.89665],[-84.28011,37.89714]]}},{"type":"Feature","properties":{"fault_name":"KENTUCKY RIVER FAULT SYSTEM","feature_type":"FAULT","fault_throw":"DTSW","line_style":"CONCEALED_FAULT","quadrangle_name":"Winchester","gq_number":"1159"},"geometry":{"type":"LineString","coordinates":[[-84.1818,37.89093],[-84.18156,37.89075]]}},{"type":"Feature","properties":{"fault_name":"LEXINGTON FAULT SYSTEM","feature_type":"FAULT","fault_throw":"DTE","line_style":"FAULT","quadrangle_name":"Nicholasville","gq_number":"767"},"geometry":{"type":"LineString","coordinates":[[-84.5043,37.89974],[-84.50489,37.89804]]}},{"type":"Feature","properties":{"fault_name":"KENTUCKY RIVER FAULT SYSTEM","feature_type":"FAULT","fault_throw":"DTSE","line_style":"FAULT","quadrangle_name":"Ford","gq_number":"764"},"geometry":{"type":"LineString","coordinates":[[-84.28753,37.89827],[-84.28956,37.89839],[-84.29023,37.89832],[-84.29425,37.89695],[-84.29709,37.89621],[-84.30269,37.89542],[-84.30589,37.89483],[-84.31053,37.89342]]}},{"type":"Feature","properties":{"fault_name":"ELK LICK CREEK GRABEN","feature_type":"FAULT","fault_throw":"DTNE","line_style":"FAULT","quadrangle_name":"Ford","gq_number":"764"},"geometry":{"type":"LineString","coordinates":[[-84.35608,37.89554],[-84.35442,37.89439]]}},{"type":"Feature","properties":{"fault_name":"KENTUCKY RIVER FAULT SYSTEM","feature_type":"FAULT","fault_throw":"DTSE","line_style":"FAULT","quadrangle_name":"Ford","gq_number":"764"},"geometry":{"type":"LineString","coordinates":[[-84.32051,37.89361],[-84.31933,37.89399],[-84.31814,37.89421],[-84.31721,37.89431],[-84.31669,37.89423]]}},{"type":"Feature","properties":{"fault_name":"KENTUCKY RIVER FAULT SYSTEM","feature_type":"FAULT","fault_throw":"DTSW","line_style":"FAULT","quadrangle_name":"Winchester","gq_number":"1159"},"geometry":{"type":"LineString","coordinates":[[-84.17679,37.89452],[-84.17538,37.89344],[-84.17238,37.8901]]}},{"type":"Feature","properties":{"fault_name":"ELK LICK CREEK GRABEN","feature_type":"FAULT","fault_throw":"DTNE","line_style":"CONCEALED_FAULT","quadrangle_name":"Ford","gq_number":"764"},"geometry":{"type":"LineString","coordinates":[[-84.35442,37.89439],[-84.35423,37.89428]]}},{"type":"Feature","properties":{"fault_name":"LEXINGTON FAULT SYSTEM","feature_type":"FAULT","fault_throw":"DTW","line_style":"FAULT","quadrangle_name":"Nicholasville","gq_number":"767"},"geometry":{"type":"LineString","coordinates":[[-84.50159,37.89886],[-84.50115,37.89746]]}},{"type":"Feature","properties":{"fault_name":"LEXINGTON FAULT SYSTEM","feature_type":"FAULT","fault_throw":"DTE","line_style":"FAULT","quadrangle_name":"Nicholasville","gq_number":"767"},"geometry":{"type":"LineString","coordinates":[[-84.50159,37.89886],[-84.50176,37.89862],[-84.50177,37.89817],[-84.50115,37.89746]]}},{"type":"Feature","properties":{"fault_name":"KENTUCKY RIVER FAULT SYSTEM","feature_type":"FAULT","fault_throw":"DTSW","line_style":"FAULT","quadrangle_name":"Winchester","gq_number":"1159"},"geometry":{"type":"LineString","coordinates":[[-84.18156,37.89075],[-84.18085,37.89021]]}},{"type":"Feature","properties":{"fault_name":"LEXINGTON FAULT SYSTEM","feature_type":"FAULT","fault_throw":"DTE","line_style":"CONCEALED_FAULT","quadrangle_name":"Nicholasville","gq_number":"767"},"geometry":{"type":"LineString","coordinates":[[-84.50489,37.89804],[-84.50501,37.89743]]}},{"type":"Feature","properties":{"fault_name":"KENTUCKY RIVER FAULT SYSTEM","feature_type":"FAULT","fault_throw":"DTSW","line_style":"FAULT","quadrangle_name":"Winchester","gq_number":"1159"},"geometry":{"type":"LineString","coordinates":[[-84.14866,37.89376],[-84.14504,37.88915]]}},{"type":"Feature","properties":{"fault_name":"KENTUCKY RIVER FAULT SYSTEM","feature_type":"FAULT","fault_throw":"DTSW","line_style":"CONCEALED_FAULT","quadrangle_name":"Winchester","gq_number":"1159"},"geometry":{"type":"LineString","coordinates":[[-84.18085,37.89021],[-84.18047,37.88994]]}},{"type":"Feature","properties":{"fault_name":"EAGLE NEST FAULT","feature_type":"FAULT","fault_throw":"DTSE","line_style":"FAULT","quadrangle_name":"Winchester","gq_number":"1159"},"geometry":{"type":"LineString","coordinates":[[-84.15328,37.88921],[-84.15176,37.89092],[-84.15085,37.89161],[-84.14922,37.89324]]}},{"type":"Feature","properties":{"fault_name":"KENTUCKY RIVER FAULT SYSTEM","feature_type":"FAULT","fault_throw":"DTNE","line_style":"FAULT","quadrangle_name":"Winchester","gq_number":"1159"},"geometry":{"type":"LineString","coordinates":[[-84.16804,37.90562],[-84.16262,37.89893],[-84.1598,37.89615],[-84.15462,37.89042],[-84.15328,37.88921]]}},{"type":"Feature","properties":{"fault_name":"ELK LICK CREEK GRABEN","feature_type":"FAULT","fault_throw":"DTN","line_style":"FAULT","quadrangle_name":"Ford","gq_number":"764"},"geometry":{"type":"LineString","coordinates":[[-84.34335,37.89416],[-84.34707,37.89484],[-84.34999,37.89519]]}},{"type":"Feature","properties":{"fault_name":"ELK LICK CREEK GRABEN","feature_type":"FAULT","fault_throw":"DTN","line_style":"FAULT","quadrangle_name":"Ford","gq_number":"764"},"geometry":{"type":"LineString","coordinates":[[-84.34097,37.89359],[-84.34335,37.89416]]}},{"type":"Feature","properties":{"fault_name":"ELK LICK CREEK GRABEN","feature_type":"FAULT","fault_throw":"DTNE","line_style":"CONCEALED_FAULT","quadrangle_name":"Ford","gq_number":"764"},"geometry":{"type":"LineString","coordinates":[[-84.34004,37.89331],[-84.34096,37.89358]]}},{"type":"Feature","properties":{"fault_name":"ELK LICK CREEK GRABEN","feature_type":"FAULT","fault_throw":"DTNE","line_style":"CONCEALED_FAULT","quadrangle_name":"Ford","gq_number":"764"},"geometry":{"type":"LineString","coordinates":[[-84.34096,37.89358],[-84.34097,37.89359]]}},{"type":"Feature","properties":{"fault_name":"LEXINGTON FAULT SYSTEM","feature_type":"FAULT","fault_throw":"DTSW","line_style":"FAULT","quadrangle_name":"Nicholasville","gq_number":"767"},"geometry":{"type":"LineString","coordinates":[[-84.50223,37.89815],[-84.50179,37.89781],[-84.50125,37.89681]]}},{"type":"Feature","properties":{"fault_name":"LEXINGTON FAULT SYSTEM","feature_type":"FAULT","fault_throw":"DTNE","line_style":"FAULT","quadrangle_name":"Nicholasville","gq_number":"767"},"geometry":{"type":"LineString","coordinates":[[-84.50223,37.89815],[-84.50222,37.8978],[-84.50193,37.89726],[-84.50125,37.89681]]}},{"type":"Feature","properties":{"fault_name":"KENTUCKY RIVER FAULT SYSTEM","feature_type":"FAULT","fault_throw":"DTNE","line_style":"FAULT","quadrangle_name":"Ford","gq_number":"764"},"geometry":{"type":"LineString","coordinates":[[-84.32983,37.89304],[-84.33144,37.89437]]}},{"type":"Feature","properties":{"fault_name":"LEXINGTON FAULT SYSTEM","feature_type":"FAULT","fault_throw":"DTE","line_style":"FAULT","quadrangle_name":"Nicholasville","gq_number":"767"},"geometry":{"type":"LineString","coordinates":[[-84.50501,37.89743],[-84.50511,37.89672]]}},{"type":"Feature","properties":{"fault_name":"ELK LICK CREEK GRABEN","feature_type":"FAULT","fault_throw":"DTNE","line_style":"FAULT","quadrangle_name":"Ford","gq_number":"764"},"geometry":{"type":"LineString","coordinates":[[-84.33927,37.89308],[-84.34004,37.89331]]}},{"type":"Feature","properties":{"fault_name":"KENTUCKY RIVER FAULT SYSTEM","feature_type":"FAULT","fault_throw":"DTNW","line_style":"FAULT","quadrangle_name":"Ford","gq_number":"764"},"geometry":{"type":"LineString","coordinates":[[-84.31448,37.89469],[-84.31666,37.89479],[-84.31905,37.89456],[-84.32277,37.89309],[-84.32333,37.89269]]}},{"type":"Feature","properties":{"fault_name":"KENTUCKY RIVER FAULT SYSTEM","feature_type":"FAULT","fault_throw":"DTSW","line_style":"FAULT","quadrangle_name":"Ford","gq_number":"764"},"geometry":{"type":"LineString","coordinates":[[-84.32333,37.89269],[-84.3282,37.89343],[-84.33084,37.89427],[-84.33144,37.89437]]}},{"type":"Feature","properties":{"fault_name":"KENTUCKY RIVER FAULT SYSTEM","feature_type":"FAULT","fault_throw":"DTSE","line_style":"FAULT","quadrangle_name":"Ford","gq_number":"764"},"geometry":{"type":"LineString","coordinates":[[-84.31669,37.89423],[-84.31872,37.89388],[-84.32155,37.89286],[-84.3224,37.89269],[-84.32333,37.89269]]}},{"type":"Feature","properties":{"fault_name":"ELK LICK CREEK GRABEN","feature_type":"FAULT","fault_throw":"DTSW","line_style":"FAULT","quadrangle_name":"Ford","gq_number":"764"},"geometry":{"type":"LineString","coordinates":[[-84.34311,37.89474],[-84.35067,37.89622],[-84.35224,37.89669],[-84.35445,37.89761]]}},{"type":"Feature","properties":{"fault_name":"ELK LICK CREEK GRABEN","feature_type":"FAULT","fault_throw":"DTSW","line_style":"FAULT","quadrangle_name":"Ford","gq_number":"764"},"geometry":{"type":"LineString","coordinates":[[-84.33717,37.89281],[-84.34056,37.89407],[-84.34311,37.89474]]}},{"type":"Feature","properties":{"fault_name":"KENTUCKY RIVER FAULT SYSTEM","feature_type":"FAULT","fault_throw":"DTNE","line_style":"FAULT","quadrangle_name":"Winchester","gq_number":"1159"},"geometry":{"type":"LineString","coordinates":[[-84.18913,37.89295],[-84.18862,37.89235],[-84.18732,37.89126],[-84.18431,37.88921]]}},{"type":"Feature","properties":{"fault_name":"ELK LICK CREEK GRABEN","feature_type":"FAULT","fault_throw":"DTNE","line_style":"CONCEALED_FAULT","quadrangle_name":"Ford","gq_number":"764"},"geometry":{"type":"LineString","coordinates":[[-84.33833,37.89279],[-84.33927,37.89308]]}},{"type":"Feature","properties":{"fault_name":"ELK LICK CREEK GRABEN","feature_type":"FAULT","fault_throw":"DTNE","line_style":"FAULT","quadrangle_name":"Ford","gq_number":"764"},"geometry":{"type":"LineString","coordinates":[[-84.33775,37.89261],[-84.33833,37.89279]]}},{"type":"Feature","properties":{"fault_name":"ELK LICK CREEK GRABEN","feature_type":"FAULT","fault_throw":"DTNE","line_style":"FAULT","quadrangle_name":"Ford","gq_number":"764"},"geometry":{"type":"LineString","coordinates":[[-84.33741,37.89251],[-84.33775,37.89261]]}},{"type":"Feature","properties":{"fault_name":"ELK LICK CREEK GRABEN","feature_type":"FAULT","fault_throw":"DTSW","line_style":"CONCEALED_FAULT","quadrangle_name":"Ford","gq_number":"764"},"geometry":{"type":"LineString","coordinates":[[-84.33687,37.89274],[-84.33717,37.89281]]}},{"type":"Feature","properties":{"fault_name":"ELK LICK CREEK GRABEN","feature_type":"FAULT","fault_throw":"DTSW","line_style":"CONCEALED_FAULT","quadrangle_name":"Ford","gq_number":"764"},"geometry":{"type":"LineString","coordinates":[[-84.3353,37.89236],[-84.33687,37.89274]]}},{"type":"Feature","properties":{"fault_name":"ELK LICK CREEK GRABEN","feature_type":"FAULT","fault_throw":"DTSW","line_style":"FAULT","quadrangle_name":"Ford","gq_number":"764"},"geometry":{"type":"LineString","coordinates":[[-84.33488,37.89227],[-84.3353,37.89236]]}},{"type":"Feature","properties":{"fault_name":"KENTUCKY RIVER FAULT SYSTEM","feature_type":"FAULT","fault_throw":"DTNE","line_style":"CONCEALED_FAULT","quadrangle_name":"Winchester","gq_number":"1159"},"geometry":{"type":"LineString","coordinates":[[-84.18431,37.88921],[-84.1835,37.8887]]}},{"type":"Feature","properties":{"fault_name":"ELK LICK CREEK GRABEN","feature_type":"FAULT","fault_throw":"DTNE","line_style":"CONCEALED_FAULT","quadrangle_name":"Ford","gq_number":"764"},"geometry":{"type":"LineString","coordinates":[[-84.33713,37.89244],[-84.33741,37.89251]]}},{"type":"Feature","properties":{"fault_name":"ELK LICK CREEK GRABEN","feature_type":"FAULT","fault_throw":"DTNE","line_style":"CONCEALED_FAULT","quadrangle_name":"Ford","gq_number":"764"},"geometry":{"type":"LineString","coordinates":[[-84.33548,37.89221],[-84.33713,37.89244]]}},{"type":"Feature","properties":{"fault_name":"ELK LICK CREEK GRABEN","feature_type":"FAULT","fault_throw":"DTN","line_style":"FAULT","quadrangle_name":"Ford","gq_number":"764"},"geometry":{"type":"LineString","coordinates":[[-84.33488,37.89227],[-84.33548,37.89221]]}},{"type":"Feature","properties":{"fault_name":"KENTUCKY RIVER FAULT SYSTEM","feature_type":"FAULT","fault_throw":"DTSW","line_style":"CONCEALED_FAULT","quadrangle_name":"Winchester","gq_number":"1159"},"geometry":{"type":"LineString","coordinates":[[-84.14504,37.88915],[-84.14376,37.88754]]}},{"type":"Feature","properties":{"fault_name":"KENTUCKY RIVER FAULT SYSTEM","feature_type":"FAULT","fault_throw":"DTSW","line_style":"FAULT","quadrangle_name":"Winchester","gq_number":"1159"},"geometry":{"type":"LineString","coordinates":[[-84.18047,37.88994],[-84.17807,37.88804]]}},{"type":"Feature","properties":{"fault_name":"KENTUCKY RIVER FAULT SYSTEM","feature_type":"FAULT","fault_throw":"DTSE","line_style":"FAULT","quadrangle_name":"Ford","gq_number":"764"},"geometry":{"type":"LineString","coordinates":[[-84.37105,37.89389],[-84.37257,37.89317],[-84.37358,37.8925]]}},{"type":"Feature","properties":{"fault_name":"KENTUCKY RIVER FAULT SYSTEM","feature_type":"FAULT","fault_throw":"DTNE","line_style":"FAULT","quadrangle_name":"Ford","gq_number":"764"},"geometry":{"type":"LineString","coordinates":[[-84.26972,37.8896],[-84.27275,37.89124],[-84.27624,37.89267],[-84.27947,37.89422]]}},{"type":"Feature","properties":{"fault_name":"KENTUCKY RIVER FAULT SYSTEM","feature_type":"FAULT","fault_throw":"DTSW","line_style":"CONCEALED_FAULT","quadrangle_name":"Ford","gq_number":"764"},"geometry":{"type":"LineString","coordinates":[[-84.26158,37.8893],[-84.26217,37.88989]]}},{"type":"Feature","properties":{"fault_name":"KENTUCKY RIVER FAULT SYSTEM","feature_type":"FAULT","fault_throw":"DTSW","line_style":"CONCEALED_FAULT","quadrangle_name":"Ford","gq_number":"764"},"geometry":{"type":"LineString","coordinates":[[-84.26217,37.88989],[-84.26418,37.89175],[-84.2655,37.89277]]}},{"type":"Feature","properties":{"fault_name":"ELK LICK CREEK GRABEN","feature_type":"FAULT","fault_throw":"DTSW","line_style":"FAULT","quadrangle_name":"Ford","gq_number":"764"},"geometry":{"type":"LineString","coordinates":[[-84.35215,37.89518],[-84.35018,37.89408],[-84.34733,37.89272],[-84.34289,37.89097]]}},{"type":"Feature","properties":{"fault_name":"KENTUCKY RIVER FAULT SYSTEM","feature_type":"FAULT","fault_throw":"DTSE","line_style":"FAULT","quadrangle_name":"Ford","gq_number":"764"},"geometry":{"type":"LineString","coordinates":[[-84.32199,37.89047],[-84.31301,37.89298],[-84.31053,37.89342]]}},{"type":"Feature","properties":{"fault_name":"KENTUCKY RIVER FAULT SYSTEM","feature_type":"FAULT","fault_throw":"DTSW","line_style":"FAULT","quadrangle_name":"Ford","gq_number":"764"},"geometry":{"type":"LineString","coordinates":[[-84.32199,37.89047],[-84.32983,37.89304]]}},{"type":"Feature","properties":{"fault_name":"KENTUCKY RIVER FAULT SYSTEM","feature_type":"FAULT","fault_throw":"DTS","line_style":"FAULT","quadrangle_name":"Ford","gq_number":"764"},"geometry":{"type":"LineString","coordinates":[[-84.35802,37.89112],[-84.36091,37.89134],[-84.36536,37.89221],[-84.36904,37.89266],[-84.37144,37.89272],[-84.37358,37.8925]]}},{"type":"Feature","properties":{"fault_name":"KENTUCKY RIVER FAULT SYSTEM","feature_type":"FAULT","fault_throw":"DTS","line_style":"CONCEALED_FAULT","quadrangle_name":"Ford","gq_number":"764"},"geometry":{"type":"LineString","coordinates":[[-84.35529,37.89091],[-84.35645,37.89101]]}},{"type":"Feature","properties":{"fault_name":"KENTUCKY RIVER FAULT SYSTEM","feature_type":"FAULT","fault_throw":"DTS","line_style":"CONCEALED_FAULT","quadrangle_name":"Ford","gq_number":"764"},"geometry":{"type":"LineString","coordinates":[[-84.35645,37.89101],[-84.35802,37.89112]]}},{"type":"Feature","properties":{"fault_name":"KENTUCKY RIVER FAULT SYSTEM","feature_type":"FAULT","fault_throw":"DTSE","line_style":"FAULT","quadrangle_name":"Ford","gq_number":"764"},"geometry":{"type":"LineString","coordinates":[[-84.37358,37.8925],[-84.37494,37.89123]]}},{"type":"Feature","properties":{"fault_name":"KENTUCKY RIVER FAULT SYSTEM","feature_type":"FAULT","fault_throw":"DTSE","line_style":"FAULT","quadrangle_name":"Ford","gq_number":"764"},"geometry":{"type":"LineString","coordinates":[[-84.32401,37.88992],[-84.32199,37.89047]]}},{"type":"Feature","properties":{"fault_name":"KENTUCKY RIVER FAULT SYSTEM","feature_type":"FAULT","fault_throw":"DTNE","line_style":"FAULT","quadrangle_name":"Ford","gq_number":"764"},"geometry":{"type":"LineString","coordinates":[[-84.32401,37.88992],[-84.32514,37.89062],[-84.32753,37.89168],[-84.32983,37.89304]]}},{"type":"Feature","properties":{"fault_name":"KENTUCKY RIVER FAULT SYSTEM","feature_type":"FAULT","fault_throw":"DTS","line_style":"FAULT","quadrangle_name":"Ford","gq_number":"764"},"geometry":{"type":"LineString","coordinates":[[-84.35074,37.89018],[-84.35342,37.8907],[-84.35529,37.89091]]}},{"type":"Feature","properties":{"fault_name":"KENTUCKY RIVER FAULT SYSTEM","feature_type":"FAULT","fault_throw":"DTSE","line_style":"FAULT","quadrangle_name":"Ford","gq_number":"764"},"geometry":{"type":"LineString","coordinates":[[-84.32513,37.88951],[-84.32401,37.88992]]}},{"type":"Feature","properties":{"fault_name":"ELK LICK CREEK GRABEN","feature_type":"FAULT","fault_throw":"DTSW","line_style":"FAULT","quadrangle_name":"Ford","gq_number":"764"},"geometry":{"type":"LineString","coordinates":[[-84.32513,37.88951],[-84.32579,37.88977],[-84.33488,37.89227]]}},{"type":"Feature","properties":{"fault_name":"KENTUCKY RIVER FAULT SYSTEM","feature_type":"FAULT","fault_throw":"DTS","line_style":"CONCEALED_FAULT","quadrangle_name":"Ford","gq_number":"764"},"geometry":{"type":"LineString","coordinates":[[-84.34998,37.89002],[-84.35074,37.89018]]}},{"type":"Feature","properties":{"fault_name":"KENTUCKY RIVER FAULT SYSTEM","feature_type":"FAULT","fault_throw":"DTSW","line_style":"FAULT","quadrangle_name":"Ford","gq_number":"764"},"geometry":{"type":"LineString","coordinates":[[-84.26031,37.88791],[-84.26158,37.8893]]}},{"type":"Feature","properties":{"fault_name":"KENTUCKY RIVER FAULT SYSTEM","feature_type":"FAULT","fault_throw":"DTNE","line_style":"FAULT","quadrangle_name":"Winchester","gq_number":"1159"},"geometry":{"type":"LineString","coordinates":[[-84.1835,37.8887],[-84.17888,37.88569]]}},{"type":"Feature","properties":{"fault_name":"KENTUCKY RIVER FAULT SYSTEM","feature_type":"FAULT","fault_throw":"DTSW","line_style":"CONCEALED_FAULT","quadrangle_name":"Ford","gq_number":"764"},"geometry":{"type":"LineString","coordinates":[[-84.26,37.88756],[-84.26031,37.88791]]}},{"type":"Feature","properties":{"fault_name":"KENTUCKY RIVER FAULT SYSTEM","feature_type":"FAULT","fault_throw":"DTS","line_style":"FAULT","quadrangle_name":"Ford","gq_number":"764"},"geometry":{"type":"LineString","coordinates":[[-84.34767,37.88955],[-84.34998,37.89002]]}},{"type":"Feature","properties":{"fault_name":"KENTUCKY RIVER FAULT SYSTEM","feature_type":"FAULT","fault_throw":"DTN","line_style":"FAULT","quadrangle_name":"Ford","gq_number":"764"},"geometry":{"type":"LineString","coordinates":[[-84.35354,37.88984],[-84.35237,37.88985],[-84.35037,37.88961]]}},{"type":"Feature","properties":{"fault_name":"KENTUCKY RIVER FAULT SYSTEM","feature_type":"FAULT","fault_throw":"DTN","line_style":"CONCEALED_FAULT","quadrangle_name":"Ford","gq_number":"764"},"geometry":{"type":"LineString","coordinates":[[-84.35037,37.88961],[-84.34968,37.88949]]}},{"type":"Feature","properties":{"fault_name":"KENTUCKY RIVER FAULT SYSTEM","feature_type":"FAULT","fault_throw":"DTN","line_style":"CONCEALED_FAULT","quadrangle_name":"Ford","gq_number":"764"},"geometry":{"type":"LineString","coordinates":[[-84.35422,37.88974],[-84.35354,37.88984]]}},{"type":"Feature","properties":{"fault_name":"KENTUCKY RIVER FAULT SYSTEM","feature_type":"FAULT","fault_throw":"DTN","line_style":"CONCEALED_FAULT","quadrangle_name":"Ford","gq_number":"764"},"geometry":{"type":"LineString","coordinates":[[-84.35569,37.88956],[-84.35422,37.88974]]}},{"type":"Feature","properties":{"fault_name":"KENTUCKY RIVER FAULT SYSTEM","feature_type":"FAULT","fault_throw":"DTSE","line_style":"FAULT","quadrangle_name":"Ford","gq_number":"764"},"geometry":{"type":"LineString","coordinates":[[-84.31053,37.89342],[-84.31503,37.89194],[-84.3242,37.88964],[-84.32649,37.88875]]}},{"type":"Feature","properties":{"fault_name":"KENTUCKY RIVER FAULT SYSTEM","feature_type":"FAULT","fault_throw":"DTSE","line_style":"FAULT","quadrangle_name":"Ford","gq_number":"764"},"geometry":{"type":"LineString","coordinates":[[-84.32649,37.88875],[-84.32513,37.88951]]}},{"type":"Feature","properties":{"fault_name":"KENTUCKY RIVER FAULT SYSTEM","feature_type":"FAULT","fault_throw":"DTN","line_style":"FAULT","quadrangle_name":"Ford","gq_number":"764"},"geometry":{"type":"LineString","coordinates":[[-84.37494,37.88993],[-84.37323,37.89041],[-84.37172,37.89069],[-84.36794,37.89084],[-84.36452,37.89046],[-84.36108,37.88963],[-84.35932,37.88934],[-84.35724,37.88933],[-84.35569,37.88956]]}},{"type":"Feature","properties":{"fault_name":"KENTUCKY RIVER FAULT SYSTEM","feature_type":"FAULT","fault_throw":"DTN","line_style":"FAULT","quadrangle_name":"Coletown","gq_number":"644"},"geometry":{"type":"LineString","coordinates":[[-84.37804,37.88969],[-84.37494,37.88993]]}},{"type":"Feature","properties":{"fault_name":"KENTUCKY RIVER FAULT SYSTEM","feature_type":"FAULT","fault_throw":"DTSE","line_style":"FAULT","quadrangle_name":"Coletown","gq_number":"644"},"geometry":{"type":"LineString","coordinates":[[-84.37494,37.89123],[-84.37613,37.89052],[-84.37804,37.88969]]}},{"type":"Feature","properties":{"fault_name":"LEXINGTON FAULT SYSTEM","feature_type":"FAULT","fault_throw":"DTE","line_style":"FAULT","quadrangle_name":"Nicholasville","gq_number":"767"},"geometry":{"type":"LineString","coordinates":[[-84.50511,37.89672],[-84.50543,37.89408],[-84.50593,37.89305],[-84.5065,37.89247]]}},{"type":"Feature","properties":{"fault_name":"LEXINGTON FAULT SYSTEM","feature_type":"FAULT","fault_throw":"DTW","line_style":"FAULT","quadrangle_name":"Nicholasville","gq_number":"767"},"geometry":{"type":"LineString","coordinates":[[-84.50115,37.89746],[-84.50039,37.89377],[-84.49994,37.89231]]}},{"type":"Feature","properties":{"fault_name":"KENTUCKY RIVER FAULT SYSTEM","feature_type":"FAULT","fault_throw":"DTSW","line_style":"CONCEALED_FAULT","quadrangle_name":"Winchester","gq_number":"1159"},"geometry":{"type":"LineString","coordinates":[[-84.17238,37.8901],[-84.16874,37.88614],[-84.16715,37.88472]]}},{"type":"Feature","properties":{"fault_name":"KENTUCKY RIVER FAULT SYSTEM","feature_type":"FAULT","fault_throw":"DTS","line_style":"CONCEALED_FAULT","quadrangle_name":"Ford","gq_number":"764"},"geometry":{"type":"LineString","coordinates":[[-84.34497,37.8888],[-84.34767,37.88955]]}},{"type":"Feature","properties":{"fault_name":"KENTUCKY RIVER FAULT SYSTEM","feature_type":"FAULT","fault_throw":"DTN","line_style":"FAULT","quadrangle_name":"Ford","gq_number":"764"},"geometry":{"type":"LineString","coordinates":[[-84.34968,37.88949],[-84.34662,37.88876]]}},{"type":"Feature","properties":{"fault_name":"KENTUCKY RIVER FAULT SYSTEM","feature_type":"FAULT","fault_throw":"DTNE","line_style":"CONCEALED_FAULT","quadrangle_name":"Winchester","gq_number":"1159"},"geometry":{"type":"LineString","coordinates":[[-84.17888,37.88569],[-84.17755,37.88448]]}},{"type":"Feature","properties":{"fault_name":"KENTUCKY RIVER FAULT SYSTEM","feature_type":"FAULT","fault_throw":"DTN","line_style":"CONCEALED_FAULT","quadrangle_name":"Ford","gq_number":"764"},"geometry":{"type":"LineString","coordinates":[[-84.34662,37.88876],[-84.34479,37.88819]]}},{"type":"Feature","properties":{"fault_name":" ","feature_type":"FAULT","fault_throw":"DTNE","line_style":"FAULT","quadrangle_name":"Coletown","gq_number":"644"},"geometry":{"type":"LineString","coordinates":[[-84.44864,37.89582],[-84.44328,37.89081],[-84.44249,37.89022]]}},{"type":"Feature","properties":{"fault_name":"KENTUCKY RIVER FAULT SYSTEM","feature_type":"FAULT","fault_throw":"DTS","line_style":"FAULT","quadrangle_name":"Coletown","gq_number":"644"},"geometry":{"type":"LineString","coordinates":[[-84.42765,37.88972],[-84.42491,37.89],[-84.41911,37.89093],[-84.41669,37.89113],[-84.41445,37.89106],[-84.40857,37.89002],[-84.40567,37.88986],[-84.40254,37.89],[-84.39751,37.89072],[-84.39067,37.89253],[-84.38556,37.89352]]}},{"type":"Feature","properties":{"fault_name":"KENTUCKY RIVER FAULT SYSTEM","feature_type":"FAULT","fault_throw":"DTNE","line_style":"FAULT","quadrangle_name":"Winchester","gq_number":"1159"},"geometry":{"type":"LineString","coordinates":[[-84.17755,37.88448],[-84.17698,37.88395]]}},{"type":"Feature","properties":{"fault_name":"KENTUCKY RIVER FAULT SYSTEM","feature_type":"FAULT","fault_throw":"DTS","line_style":"FAULT","quadrangle_name":"Ford","gq_number":"764"},"geometry":{"type":"LineString","coordinates":[[-84.33988,37.88755],[-84.3416,37.8878],[-84.34497,37.8888]]}},{"type":"Feature","properties":{"fault_name":"KENTUCKY RIVER FAULT SYSTEM","feature_type":"FAULT","fault_throw":"DTS","line_style":"CONCEALED_FAULT","quadrangle_name":"Ford","gq_number":"764"},"geometry":{"type":"LineString","coordinates":[[-84.33826,37.88745],[-84.33988,37.88755]]}},{"type":"Feature","properties":{"fault_name":"KENTUCKY RIVER FAULT SYSTEM","feature_type":"FAULT","fault_throw":"DTS","line_style":"CONCEALED_FAULT","quadrangle_name":"Ford","gq_number":"764"},"geometry":{"type":"LineString","coordinates":[[-84.33736,37.88743],[-84.33826,37.88745]]}},{"type":"Feature","properties":{"fault_name":"KENTUCKY RIVER FAULT SYSTEM","feature_type":"FAULT","fault_throw":"DTS","line_style":"FAULT","quadrangle_name":"Ford","gq_number":"764"},"geometry":{"type":"LineString","coordinates":[[-84.33679,37.8874],[-84.33736,37.88743]]}},{"type":"Feature","properties":{"fault_name":"KENTUCKY RIVER FAULT SYSTEM","feature_type":"FAULT","fault_throw":"DTN","line_style":"FAULT","quadrangle_name":"Ford","gq_number":"764"},"geometry":{"type":"LineString","coordinates":[[-84.33738,37.88731],[-84.33679,37.8874]]}},{"type":"Feature","properties":{"fault_name":" ","feature_type":"FAULT","fault_throw":"DTSW","line_style":"FAULT","quadrangle_name":"Coletown","gq_number":"644"},"geometry":{"type":"LineString","coordinates":[[-84.46327,37.90279],[-84.45732,37.89545],[-84.45329,37.88978]]}},{"type":"Feature","properties":{"fault_name":" ","feature_type":"FAULT","fault_throw":"DTNE","line_style":"FAULT","quadrangle_name":"Coletown","gq_number":"644"},"geometry":{"type":"LineString","coordinates":[[-84.45329,37.88978],[-84.45503,37.89139],[-84.46017,37.89551],[-84.46105,37.89636],[-84.46186,37.89772],[-84.46327,37.90279]]}},{"type":"Feature","properties":{"fault_name":"LEXINGTON FAULT SYSTEM","feature_type":"FAULT","fault_throw":"DTW","line_style":"FAULT","quadrangle_name":"Nicholasville","gq_number":"767"},"geometry":{"type":"LineString","coordinates":[[-84.50511,37.89672],[-84.50418,37.89264],[-84.5041,37.89084]]}},{"type":"Feature","properties":{"fault_name":"KENTUCKY RIVER FAULT SYSTEM","feature_type":"FAULT","fault_throw":"DTN","line_style":"CONCEALED_FAULT","quadrangle_name":"Ford","gq_number":"764"},"geometry":{"type":"LineString","coordinates":[[-84.33999,37.88715],[-84.33827,37.88722]]}},{"type":"Feature","properties":{"fault_name":"KENTUCKY RIVER FAULT SYSTEM","feature_type":"FAULT","fault_throw":"DTN","line_style":"CONCEALED_FAULT","quadrangle_name":"Ford","gq_number":"764"},"geometry":{"type":"LineString","coordinates":[[-84.33827,37.88722],[-84.33738,37.88731]]}},{"type":"Feature","properties":{"fault_name":"KENTUCKY RIVER FAULT SYSTEM","feature_type":"FAULT","fault_throw":"DTN","line_style":"FAULT","quadrangle_name":"Ford","gq_number":"764"},"geometry":{"type":"LineString","coordinates":[[-84.34479,37.88819],[-84.3417,37.8873],[-84.33999,37.88715]]}},{"type":"Feature","properties":{"fault_name":"EAGLE NEST FAULT","feature_type":"FAULT","fault_throw":"DTSE","line_style":"FAULT","quadrangle_name":"Winchester","gq_number":"1159"},"geometry":{"type":"LineString","coordinates":[[-84.16103,37.88227],[-84.16021,37.88269],[-84.15921,37.88346],[-84.15712,37.88561],[-84.15397,37.88842],[-84.15328,37.88921]]}},{"type":"Feature","properties":{"fault_name":" ","feature_type":"FAULT","fault_throw":"DTSW","line_style":"FAULT","quadrangle_name":"Coletown","gq_number":"644"},"geometry":{"type":"LineString","coordinates":[[-84.45329,37.88978],[-84.45243,37.88853]]}},{"type":"Feature","properties":{"fault_name":"KENTUCKY RIVER FAULT SYSTEM","feature_type":"FAULT","fault_throw":"DTSE","line_style":"FAULT","quadrangle_name":"Ford","gq_number":"764"},"geometry":{"type":"LineString","coordinates":[[-84.32649,37.88875],[-84.33014,37.88758],[-84.33511,37.88638],[-84.33658,37.88579]]}},{"type":"Feature","properties":{"fault_name":"LEXINGTON FAULT SYSTEM","feature_type":"FAULT","fault_throw":"DTW","line_style":"FAULT","quadrangle_name":"Coletown","gq_number":"644"},"geometry":{"type":"LineString","coordinates":[[-84.49651,37.89849],[-84.49561,37.89502],[-84.49449,37.88924]]}},{"type":"Feature","properties":{"fault_name":"KENTUCKY RIVER FAULT SYSTEM","feature_type":"FAULT","fault_throw":"DTSW","line_style":"FAULT","quadrangle_name":"Ford","gq_number":"764"},"geometry":{"type":"LineString","coordinates":[[-84.2571,37.88376],[-84.25892,37.88632],[-84.26,37.88756]]}},{"type":"Feature","properties":{"fault_name":"LEXINGTON FAULT SYSTEM","feature_type":"FAULT","fault_throw":"DTW","line_style":"FAULT","quadrangle_name":"Nicholasville","gq_number":"767"},"geometry":{"type":"LineString","coordinates":[[-84.50125,37.89681],[-84.50057,37.89304],[-84.50033,37.88975],[-84.50042,37.88906]]}},{"type":"Feature","properties":{"fault_name":"LEXINGTON FAULT SYSTEM","feature_type":"FAULT","fault_throw":"DTE","line_style":"FAULT","quadrangle_name":"Nicholasville","gq_number":"767"},"geometry":{"type":"LineString","coordinates":[[-84.50279,37.89837],[-84.50276,37.89564],[-84.50227,37.89381],[-84.50042,37.88906]]}},{"type":"Feature","properties":{"fault_name":"EAGLE NEST FAULT","feature_type":"FAULT","fault_throw":"DTSE","line_style":"FAULT","quadrangle_name":"Winchester","gq_number":"1159"},"geometry":{"type":"LineString","coordinates":[[-84.16377,37.8814],[-84.16103,37.88227]]}},{"type":"Feature","properties":{"fault_name":"KENTUCKY RIVER FAULT SYSTEM","feature_type":"FAULT","fault_throw":"DTSW","line_style":"FAULT","quadrangle_name":"Winchester","gq_number":"1159"},"geometry":{"type":"LineString","coordinates":[[-84.16715,37.88472],[-84.16377,37.8814]]}},{"type":"Feature","properties":{"fault_name":"KENTUCKY RIVER FAULT SYSTEM","feature_type":"FAULT","fault_throw":"DTSE","line_style":"FAULT","quadrangle_name":"Ford","gq_number":"764"},"geometry":{"type":"LineString","coordinates":[[-84.33832,37.88531],[-84.33658,37.88579]]}},{"type":"Feature","properties":{"fault_name":"KENTUCKY RIVER FAULT SYSTEM","feature_type":"FAULT","fault_throw":"DTNE","line_style":"CONCEALED_FAULT","quadrangle_name":"Ford","gq_number":"764"},"geometry":{"type":"LineString","coordinates":[[-84.26293,37.88346],[-84.26447,37.88525]]}},{"type":"Feature","properties":{"fault_name":"KENTUCKY RIVER FAULT SYSTEM","feature_type":"FAULT","fault_throw":"DTNE","line_style":"CONCEALED_FAULT","quadrangle_name":"Ford","gq_number":"764"},"geometry":{"type":"LineString","coordinates":[[-84.26447,37.88525],[-84.26648,37.88722],[-84.26972,37.8896]]}},{"type":"Feature","properties":{"fault_name":"KENTUCKY RIVER FAULT SYSTEM","feature_type":"FAULT","fault_throw":"DTSE","line_style":"FAULT","quadrangle_name":"Ford","gq_number":"764"},"geometry":{"type":"LineString","coordinates":[[-84.33658,37.88579],[-84.33838,37.8851]]}},{"type":"Feature","properties":{"fault_name":"KENTUCKY RIVER FAULT SYSTEM","feature_type":"FAULT","fault_throw":"DTSE","line_style":"CONCEALED_FAULT","quadrangle_name":"Ford","gq_number":"764"},"geometry":{"type":"LineString","coordinates":[[-84.34077,37.88466],[-84.33882,37.88517]]}},{"type":"Feature","properties":{"fault_name":"KENTUCKY RIVER FAULT SYSTEM","feature_type":"FAULT","fault_throw":"DTSE","line_style":"CONCEALED_FAULT","quadrangle_name":"Ford","gq_number":"764"},"geometry":{"type":"LineString","coordinates":[[-84.33882,37.88517],[-84.33832,37.88531]]}},{"type":"Feature","properties":{"fault_name":"KENTUCKY RIVER FAULT SYSTEM","feature_type":"FAULT","fault_throw":"DTNE","line_style":"CONCEALED_FAULT","quadrangle_name":"Winchester","gq_number":"1159"},"geometry":{"type":"LineString","coordinates":[[-84.17698,37.88395],[-84.17386,37.88073]]}},{"type":"Feature","properties":{"fault_name":"LEXINGTON FAULT SYSTEM","feature_type":"FAULT","fault_throw":"DTNE","line_style":"FAULT","quadrangle_name":"Nicholasville","gq_number":"767"},"geometry":{"type":"LineString","coordinates":[[-84.50042,37.88906],[-84.49994,37.88793]]}},{"type":"Feature","properties":{"fault_name":"KENTUCKY RIVER FAULT SYSTEM","feature_type":"FAULT","fault_throw":"DTSE","line_style":"CONCEALED_FAULT","quadrangle_name":"Ford","gq_number":"764"},"geometry":{"type":"LineString","coordinates":[[-84.33894,37.88493],[-84.34104,37.88431]]}},{"type":"Feature","properties":{"fault_name":"KENTUCKY RIVER FAULT SYSTEM","feature_type":"FAULT","fault_throw":"DTSE","line_style":"CONCEALED_FAULT","quadrangle_name":"Ford","gq_number":"764"},"geometry":{"type":"LineString","coordinates":[[-84.33838,37.8851],[-84.33894,37.88493]]}},{"type":"Feature","properties":{"fault_name":"KENTUCKY RIVER FAULT SYSTEM","feature_type":"FAULT","fault_throw":"DTNE","line_style":"CONCEALED_FAULT","quadrangle_name":"Ford","gq_number":"764"},"geometry":{"type":"LineString","coordinates":[[-84.26175,37.88248],[-84.26293,37.88346]]}},{"type":"Feature","properties":{"fault_name":"KENTUCKY RIVER FAULT SYSTEM","feature_type":"FAULT","fault_throw":"DTNE","line_style":"CONCEALED_FAULT","quadrangle_name":"Ford","gq_number":"764"},"geometry":{"type":"LineString","coordinates":[[-84.26194,37.88237],[-84.26293,37.88346]]}},{"type":"Feature","properties":{"fault_name":"LEXINGTON FAULT SYSTEM","feature_type":"FAULT","fault_throw":"DTE","line_style":"FAULT","quadrangle_name":"Nicholasville","gq_number":"767"},"geometry":{"type":"LineString","coordinates":[[-84.50891,37.90344],[-84.50907,37.89887],[-84.50959,37.89679],[-84.50904,37.89329],[-84.50775,37.88774]]}},{"type":"Feature","properties":{"fault_name":" ","feature_type":"FAULT","fault_throw":"DTE","line_style":"FAULT","quadrangle_name":"Coletown","gq_number":"644"},"geometry":{"type":"LineString","coordinates":[[-84.4801,37.88984],[-84.47873,37.88703]]}},{"type":"Feature","properties":{"fault_name":"LEXINGTON FAULT SYSTEM","feature_type":"FAULT","fault_throw":"DTE","line_style":"FAULT","quadrangle_name":"Nicholasville","gq_number":"767"},"geometry":{"type":"LineString","coordinates":[[-84.50775,37.88774],[-84.50775,37.8875]]}},{"type":"Feature","properties":{"fault_name":"LEXINGTON FAULT SYSTEM","feature_type":"FAULT","fault_throw":"DTE","line_style":"FAULT","quadrangle_name":"Nicholasville","gq_number":"767"},"geometry":{"type":"LineString","coordinates":[[-84.50775,37.88774],[-84.50764,37.88746]]}},{"type":"Feature","properties":{"fault_name":"KENTUCKY RIVER FAULT SYSTEM","feature_type":"FAULT","fault_throw":"DTSE","line_style":"FAULT","quadrangle_name":"Ford","gq_number":"764"},"geometry":{"type":"LineString","coordinates":[[-84.34466,37.88369],[-84.34077,37.88466]]}},{"type":"Feature","properties":{"fault_name":"KENTUCKY RIVER FAULT SYSTEM","feature_type":"FAULT","fault_throw":"DTSE","line_style":"FAULT","quadrangle_name":"Ford","gq_number":"764"},"geometry":{"type":"LineString","coordinates":[[-84.34104,37.88431],[-84.3439,37.88335]]}},{"type":"Feature","properties":{"fault_name":"KENTUCKY RIVER FAULT SYSTEM","feature_type":"FAULT","fault_throw":"DTSE","line_style":"CONCEALED_FAULT","quadrangle_name":"Ford","gq_number":"764"},"geometry":{"type":"LineString","coordinates":[[-84.34665,37.8831],[-84.34466,37.88369]]}},{"type":"Feature","properties":{"fault_name":"KENTUCKY RIVER FAULT SYSTEM","feature_type":"FAULT","fault_throw":"DTSE","line_style":"CONCEALED_FAULT","quadrangle_name":"Ford","gq_number":"764"},"geometry":{"type":"LineString","coordinates":[[-84.34711,37.88297],[-84.34665,37.8831]]}},{"type":"Feature","properties":{"fault_name":"LEXINGTON FAULT SYSTEM","feature_type":"FAULT","fault_throw":"DTE","line_style":"CONCEALED_FAULT","quadrangle_name":"Nicholasville","gq_number":"767"},"geometry":{"type":"LineString","coordinates":[[-84.50775,37.8875],[-84.50798,37.88631]]}},{"type":"Feature","properties":{"fault_name":"EAGLE NEST FAULT","feature_type":"FAULT","fault_throw":"DTSE","line_style":"FAULT","quadrangle_name":"Winchester","gq_number":"1159"},"geometry":{"type":"LineString","coordinates":[[-84.17155,37.87866],[-84.16927,37.87999],[-84.16811,37.88046],[-84.16604,37.88099],[-84.16377,37.8814]]}},{"type":"Feature","properties":{"fault_name":"KENTUCKY RIVER FAULT SYSTEM","feature_type":"FAULT","fault_throw":"DTNE","line_style":"FAULT","quadrangle_name":"Winchester","gq_number":"1159"},"geometry":{"type":"LineString","coordinates":[[-84.17386,37.88073],[-84.17247,37.87936],[-84.17155,37.87866]]}},{"type":"Feature","properties":{"fault_name":"KENTUCKY RIVER FAULT SYSTEM","feature_type":"FAULT","fault_throw":"DTNE","line_style":"FAULT","quadrangle_name":"Winchester","gq_number":"1159"},"geometry":{"type":"LineString","coordinates":[[-84.17155,37.87866],[-84.17137,37.87851]]}},{"type":"Feature","properties":{"fault_name":"KENTUCKY RIVER FAULT SYSTEM","feature_type":"FAULT","fault_throw":"DTSE","line_style":"CONCEALED_FAULT","quadrangle_name":"Ford","gq_number":"764"},"geometry":{"type":"LineString","coordinates":[[-84.3439,37.88335],[-84.34619,37.88253]]}},{"type":"Feature","properties":{"fault_name":"KENTUCKY RIVER FAULT SYSTEM","feature_type":"FAULT","fault_throw":"DTSE","line_style":"CONCEALED_FAULT","quadrangle_name":"Ford","gq_number":"764"},"geometry":{"type":"LineString","coordinates":[[-84.34619,37.88253],[-84.34675,37.88234]]}},{"type":"Feature","properties":{"fault_name":"KENTUCKY RIVER FAULT SYSTEM","feature_type":"FAULT","fault_throw":"DTNE","line_style":"FAULT","quadrangle_name":"Ford","gq_number":"764"},"geometry":{"type":"LineString","coordinates":[[-84.25859,37.87992],[-84.26175,37.88248]]}},{"type":"Feature","properties":{"fault_name":"KENTUCKY RIVER FAULT SYSTEM","feature_type":"FAULT","fault_throw":"DTNE","line_style":"CONCEALED_FAULT","quadrangle_name":"Ford","gq_number":"764"},"geometry":{"type":"LineString","coordinates":[[-84.25831,37.87973],[-84.25859,37.87992]]}},{"type":"Feature","properties":{"fault_name":"KENTUCKY RIVER FAULT SYSTEM","feature_type":"FAULT","fault_throw":"DTNE","line_style":"FAULT","quadrangle_name":"Ford","gq_number":"764"},"geometry":{"type":"LineString","coordinates":[[-84.25928,37.87975],[-84.26194,37.88237]]}},{"type":"Feature","properties":{"fault_name":"KENTUCKY RIVER FAULT SYSTEM","feature_type":"FAULT","fault_throw":"DTSW","line_style":"FAULT","quadrangle_name":"Winchester","gq_number":"1159"},"geometry":{"type":"LineString","coordinates":[[-84.16103,37.88227],[-84.15879,37.87799],[-84.15821,37.87728]]}},{"type":"Feature","properties":{"fault_name":"KENTUCKY RIVER FAULT SYSTEM","feature_type":"FAULT","fault_throw":"DTNE","line_style":"CONCEALED_FAULT","quadrangle_name":"Ford","gq_number":"764"},"geometry":{"type":"LineString","coordinates":[[-84.25913,37.87961],[-84.25928,37.87975]]}},{"type":"Feature","properties":{"fault_name":"KENTUCKY RIVER FAULT SYSTEM","feature_type":"FAULT","fault_throw":"DTSW","line_style":"CONCEALED_FAULT","quadrangle_name":"Winchester","gq_number":"1159"},"geometry":{"type":"LineString","coordinates":[[-84.15821,37.87728],[-84.15804,37.87708]]}},{"type":"Feature","properties":{"fault_name":"KENTUCKY RIVER FAULT SYSTEM","feature_type":"FAULT","fault_throw":"DTNE","line_style":"FAULT","quadrangle_name":"Ford","gq_number":"764"},"geometry":{"type":"LineString","coordinates":[[-84.25881,37.8793],[-84.25913,37.87961]]}},{"type":"Feature","properties":{"fault_name":"LEXINGTON FAULT SYSTEM","feature_type":"FAULT","fault_throw":"DTE","line_style":"CONCEALED_FAULT","quadrangle_name":"Nicholasville","gq_number":"767"},"geometry":{"type":"LineString","coordinates":[[-84.50764,37.88746],[-84.50716,37.88597],[-84.50699,37.88474]]}},{"type":"Feature","properties":{"fault_name":"KENTUCKY RIVER FAULT SYSTEM","feature_type":"FAULT","fault_throw":"DTNE","line_style":"CONCEALED_FAULT","quadrangle_name":"Ford","gq_number":"764"},"geometry":{"type":"LineString","coordinates":[[-84.25867,37.87918],[-84.25881,37.8793]]}},{"type":"Feature","properties":{"fault_name":"KENTUCKY RIVER FAULT SYSTEM","feature_type":"FAULT","fault_throw":"DTNE","line_style":"FAULT","quadrangle_name":"Ford","gq_number":"764"},"geometry":{"type":"LineString","coordinates":[[-84.25688,37.87887],[-84.25831,37.87973]]}},{"type":"Feature","properties":{"fault_name":"KENTUCKY RIVER FAULT SYSTEM","feature_type":"FAULT","fault_throw":"DTSW","line_style":"FAULT","quadrangle_name":"Hedges","gq_number":"1235"},"geometry":{"type":"LineString","coordinates":[[-84.12203,37.89046],[-84.11455,37.88532],[-84.11082,37.88218],[-84.1091,37.88086],[-84.1065,37.87918],[-84.10447,37.87736],[-84.10138,37.8751]]}},{"type":"Feature","properties":{"fault_name":"KENTUCKY RIVER FAULT SYSTEM","feature_type":"FAULT","fault_throw":"DTS","line_style":"FAULT","quadrangle_name":"Ford","gq_number":"764"},"geometry":{"type":"LineString","coordinates":[[-84.35858,37.8811],[-84.35312,37.88172],[-84.35023,37.8822],[-84.34711,37.88297]]}},{"type":"Feature","properties":{"fault_name":"KENTUCKY RIVER FAULT SYSTEM","feature_type":"FAULT","fault_throw":"DTS","line_style":"FAULT","quadrangle_name":"Ford","gq_number":"764"},"geometry":{"type":"LineString","coordinates":[[-84.35858,37.8811],[-84.35931,37.88108]]}},{"type":"Feature","properties":{"fault_name":"LEXINGTON FAULT SYSTEM","feature_type":"FAULT","fault_throw":"DTW","line_style":"FAULT","quadrangle_name":"Coletown","gq_number":"644"},"geometry":{"type":"LineString","coordinates":[[-84.49994,37.89231],[-84.49922,37.88973],[-84.49875,37.8873],[-84.49855,37.88404]]}},{"type":"Feature","properties":{"fault_name":"LEXINGTON FAULT SYSTEM","feature_type":"FAULT","fault_throw":"DTE","line_style":"FAULT","quadrangle_name":"Coletown","gq_number":"644"},"geometry":{"type":"LineString","coordinates":[[-84.49994,37.88793],[-84.49957,37.88715],[-84.49855,37.88404]]}},{"type":"Feature","properties":{"fault_name":"EAGLE NEST FAULT","feature_type":"FAULT","fault_throw":"DTSE","line_style":"FAULT","quadrangle_name":"Winchester","gq_number":"1159"},"geometry":{"type":"LineString","coordinates":[[-84.17542,37.87672],[-84.17347,37.87743],[-84.17137,37.87851]]}},{"type":"Feature","properties":{"fault_name":"KENTUCKY RIVER FAULT SYSTEM","feature_type":"FAULT","fault_throw":"DTS","line_style":"FAULT","quadrangle_name":"Ford","gq_number":"764"},"geometry":{"type":"LineString","coordinates":[[-84.34675,37.88234],[-84.35056,37.88124],[-84.35305,37.88081],[-84.35593,37.88075],[-84.35813,37.88096],[-84.35858,37.8811]]}},{"type":"Feature","properties":{"fault_name":"KENTUCKY RIVER FAULT SYSTEM","feature_type":"FAULT","fault_throw":"DTNE","line_style":"FAULT","quadrangle_name":"Ford","gq_number":"764"},"geometry":{"type":"LineString","coordinates":[[-84.25743,37.87837],[-84.25867,37.87918]]}},{"type":"Feature","properties":{"fault_name":"KENTUCKY RIVER FAULT SYSTEM","feature_type":"FAULT","fault_throw":"DTS","line_style":"FAULT","quadrangle_name":"Ford","gq_number":"764"},"geometry":{"type":"LineString","coordinates":[[-84.36037,37.8807],[-84.35931,37.88108]]}},{"type":"Feature","properties":{"fault_name":"LEXINGTON FAULT SYSTEM","feature_type":"FAULT","fault_throw":"DTE","line_style":"FAULT","quadrangle_name":"Nicholasville","gq_number":"767"},"geometry":{"type":"LineString","coordinates":[[-84.50699,37.88474],[-84.50689,37.88352]]}},{"type":"Feature","properties":{"fault_name":"KENTUCKY RIVER FAULT SYSTEM","feature_type":"FAULT","fault_throw":"DTSW","line_style":"FAULT","quadrangle_name":"Winchester","gq_number":"1159"},"geometry":{"type":"LineString","coordinates":[[-84.15804,37.87708],[-84.15636,37.8755]]}},{"type":"Feature","properties":{"fault_name":"EAGLE NEST FAULT","feature_type":"FAULT","fault_throw":"DTSE","line_style":"CONCEALED_FAULT","quadrangle_name":"Winchester","gq_number":"1159"},"geometry":{"type":"LineString","coordinates":[[-84.17639,37.87648],[-84.17542,37.87672]]}},{"type":"Feature","properties":{"fault_name":"EAGLE NEST FAULT","feature_type":"FAULT","fault_throw":"DTSE","line_style":"CONCEALED_FAULT","quadrangle_name":"Winchester","gq_number":"1159"},"geometry":{"type":"LineString","coordinates":[[-84.17905,37.8759],[-84.17639,37.87648]]}},{"type":"Feature","properties":{"fault_name":"KENTUCKY RIVER FAULT SYSTEM","feature_type":"FAULT","fault_throw":"DTS","line_style":"FAULT","quadrangle_name":"Ford","gq_number":"764"},"geometry":{"type":"LineString","coordinates":[[-84.35931,37.88108],[-84.36458,37.8808],[-84.36945,37.87991]]}},{"type":"Feature","properties":{"fault_name":"KENTUCKY RIVER FAULT SYSTEM","feature_type":"FAULT","fault_throw":"DTNE","line_style":"FAULT","quadrangle_name":"Winchester","gq_number":"1159"},"geometry":{"type":"LineString","coordinates":[[-84.17137,37.87851],[-84.17,37.87726],[-84.16824,37.8751]]}},{"type":"Feature","properties":{"fault_name":"KENTUCKY RIVER FAULT SYSTEM","feature_type":"FAULT","fault_throw":"DTNE","line_style":"FAULT","quadrangle_name":"Union City","gq_number":"585"},"geometry":{"type":"LineString","coordinates":[[-84.16824,37.8751],[-84.16819,37.87502]]}},{"type":"Feature","properties":{"fault_name":"KENTUCKY RIVER FAULT SYSTEM","feature_type":"FAULT","fault_throw":"DTNE","line_style":"CONCEALED_FAULT","quadrangle_name":"Ford","gq_number":"764"},"geometry":{"type":"LineString","coordinates":[[-84.25658,37.87871],[-84.25688,37.87887]]}},{"type":"Feature","properties":{"fault_name":"KENTUCKY RIVER FAULT SYSTEM","feature_type":"FAULT","fault_throw":"DTNE","line_style":"CONCEALED_FAULT","quadrangle_name":"Ford","gq_number":"764"},"geometry":{"type":"LineString","coordinates":[[-84.25283,37.87688],[-84.25436,37.87754],[-84.25658,37.87871]]}},{"type":"Feature","properties":{"fault_name":"KENTUCKY RIVER FAULT SYSTEM","feature_type":"FAULT","fault_throw":"DTS","line_style":"FAULT","quadrangle_name":"Ford","gq_number":"764"},"geometry":{"type":"LineString","coordinates":[[-84.36632,37.87945],[-84.36358,37.87992],[-84.36037,37.8807]]}},{"type":"Feature","properties":{"fault_name":"KENTUCKY RIVER FAULT SYSTEM","feature_type":"FAULT","fault_throw":"DTS","line_style":"FAULT","quadrangle_name":"Ford","gq_number":"764"},"geometry":{"type":"LineString","coordinates":[[-84.36699,37.87945],[-84.36633,37.88004],[-84.36632,37.87945]]}},{"type":"Feature","properties":{"fault_name":"KENTUCKY RIVER FAULT SYSTEM","feature_type":"FAULT","fault_throw":"DTS","line_style":"FAULT","quadrangle_name":"Ford","gq_number":"764"},"geometry":{"type":"LineString","coordinates":[[-84.36945,37.87991],[-84.36699,37.87945]]}},{"type":"Feature","properties":{"fault_name":"KENTUCKY RIVER FAULT SYSTEM","feature_type":"FAULT","fault_throw":"DTS","line_style":"FAULT","quadrangle_name":"Ford","gq_number":"764"},"geometry":{"type":"LineString","coordinates":[[-84.36699,37.87945],[-84.36632,37.87945]]}},{"type":"Feature","properties":{"fault_name":"EAGLE NEST FAULT","feature_type":"FAULT","fault_throw":"DTSE","line_style":"FAULT","quadrangle_name":"Winchester","gq_number":"1159"},"geometry":{"type":"LineString","coordinates":[[-84.1825,37.8751],[-84.17905,37.8759]]}},{"type":"Feature","properties":{"fault_name":"KENTUCKY RIVER FAULT SYSTEM","feature_type":"FAULT","fault_throw":"DTS","line_style":"FAULT","quadrangle_name":"Ford","gq_number":"764"},"geometry":{"type":"LineString","coordinates":[[-84.36945,37.87991],[-84.37314,37.87943]]}},{"type":"Feature","properties":{"fault_name":"KENTUCKY RIVER FAULT SYSTEM","feature_type":"FAULT","fault_throw":"DTNE","line_style":"FAULT","quadrangle_name":"Ford","gq_number":"764"},"geometry":{"type":"LineString","coordinates":[[-84.36037,37.8807],[-84.35788,37.87953],[-84.3561,37.87906],[-84.3551,37.87896]]}},{"type":"Feature","properties":{"fault_name":"KENTUCKY RIVER FAULT SYSTEM","feature_type":"FAULT","fault_throw":"DTNW","line_style":"FAULT","quadrangle_name":"Ford","gq_number":"764"},"geometry":{"type":"LineString","coordinates":[[-84.3551,37.87896],[-84.35384,37.87896],[-84.35204,37.87917],[-84.34055,37.88147],[-84.33913,37.8819],[-84.33653,37.88292],[-84.33159,37.88521]]}},{"type":"Feature","properties":{"fault_name":"KENTUCKY RIVER FAULT SYSTEM","feature_type":"FAULT","fault_throw":"DTNE","line_style":"FAULT","quadrangle_name":"Ford","gq_number":"764"},"geometry":{"type":"LineString","coordinates":[[-84.25234,37.8766],[-84.25283,37.87688]]}},{"type":"Feature","properties":{"fault_name":"KENTUCKY RIVER FAULT SYSTEM","feature_type":"FAULT","fault_throw":"DTNE","line_style":"CONCEALED_FAULT","quadrangle_name":"Ford","gq_number":"764"},"geometry":{"type":"LineString","coordinates":[[-84.2571,37.87819],[-84.25743,37.87837]]}},{"type":"Feature","properties":{"fault_name":"KENTUCKY RIVER FAULT SYSTEM","feature_type":"FAULT","fault_throw":"DTNE","line_style":"CONCEALED_FAULT","quadrangle_name":"Ford","gq_number":"764"},"geometry":{"type":"LineString","coordinates":[[-84.25441,37.87663],[-84.2571,37.87819]]}},{"type":"Feature","properties":{"fault_name":"KENTUCKY RIVER FAULT SYSTEM","feature_type":"FAULT","fault_throw":"DTNE","line_style":"CONCEALED_FAULT","quadrangle_name":"Union City","gq_number":"585"},"geometry":{"type":"LineString","coordinates":[[-84.16819,37.87502],[-84.16788,37.87453]]}},{"type":"Feature","properties":{"fault_name":"KENTUCKY RIVER FAULT SYSTEM","feature_type":"FAULT","fault_throw":"DTS","line_style":"CONCEALED_FAULT","quadrangle_name":"Ford","gq_number":"764"},"geometry":{"type":"LineString","coordinates":[[-84.37422,37.87921],[-84.37494,37.87904]]}},{"type":"Feature","properties":{"fault_name":"KENTUCKY RIVER FAULT SYSTEM","feature_type":"FAULT","fault_throw":"DTS","line_style":"CONCEALED_FAULT","quadrangle_name":"Ford","gq_number":"764"},"geometry":{"type":"LineString","coordinates":[[-84.37314,37.87943],[-84.37422,37.87921]]}},{"type":"Feature","properties":{"fault_name":"KENTUCKY RIVER FAULT SYSTEM","feature_type":"FAULT","fault_throw":"DTS","line_style":"CONCEALED_FAULT","quadrangle_name":"Coletown","gq_number":"644"},"geometry":{"type":"LineString","coordinates":[[-84.37494,37.87904],[-84.37525,37.87895]]}},{"type":"Feature","properties":{"fault_name":"KENTUCKY RIVER FAULT SYSTEM","feature_type":"FAULT","fault_throw":"DTSE","line_style":"FAULT","quadrangle_name":"Winchester","gq_number":"1159"},"geometry":{"type":"LineString","coordinates":[[-84.23624,37.87509],[-84.23335,37.87619],[-84.22911,37.8783]]}},{"type":"Feature","properties":{"fault_name":"KENTUCKY RIVER FAULT SYSTEM","feature_type":"FAULT","fault_throw":"DTS","line_style":"FAULT","quadrangle_name":"Coletown","gq_number":"644"},"geometry":{"type":"LineString","coordinates":[[-84.37525,37.87895],[-84.37878,37.87833]]}},{"type":"Feature","properties":{"fault_name":"KENTUCKY RIVER FAULT SYSTEM","feature_type":"FAULT","fault_throw":"DTS","line_style":"FAULT","quadrangle_name":"Coletown","gq_number":"644"},"geometry":{"type":"LineString","coordinates":[[-84.37878,37.87833],[-84.38022,37.87818]]}},{"type":"Feature","properties":{"fault_name":"KENTUCKY RIVER FAULT SYSTEM","feature_type":"FAULT","fault_throw":"DTNE","line_style":"FAULT","quadrangle_name":"Ford","gq_number":"764"},"geometry":{"type":"LineString","coordinates":[[-84.25216,37.87509],[-84.25441,37.87663]]}},{"type":"Feature","properties":{"fault_name":"KENTUCKY RIVER FAULT SYSTEM","feature_type":"FAULT","fault_throw":"DTS","line_style":"FAULT","quadrangle_name":"Coletown","gq_number":"644"},"geometry":{"type":"LineString","coordinates":[[-84.38022,37.87818],[-84.3825,37.87798]]}},{"type":"Feature","properties":{"fault_name":"KENTUCKY RIVER FAULT SYSTEM","feature_type":"FAULT","fault_throw":"DTS","line_style":"FAULT","quadrangle_name":"Coletown","gq_number":"644"},"geometry":{"type":"LineString","coordinates":[[-84.3825,37.87798],[-84.3815,37.8783],[-84.38049,37.87842],[-84.37878,37.87833]]}},{"type":"Feature","properties":{"fault_name":" ","feature_type":"FAULT","fault_throw":"DTSW","line_style":"FAULT","quadrangle_name":"Palmer","gq_number":"613"},"geometry":{"type":"LineString","coordinates":[[-84.10138,37.8751],[-84.09652,37.87093]]}},{"type":"Feature","properties":{"fault_name":" ","feature_type":"FAULT","fault_throw":"DTSW","line_style":"CONCEALED_FAULT","quadrangle_name":"Palmer","gq_number":"613"},"geometry":{"type":"LineString","coordinates":[[-84.09652,37.87093],[-84.09616,37.87065]]}},{"type":"Feature","properties":{"fault_name":"KENTUCKY RIVER FAULT SYSTEM","feature_type":"FAULT","fault_throw":"DTSE","line_style":"FAULT","quadrangle_name":"Ford","gq_number":"764"},"geometry":{"type":"LineString","coordinates":[[-84.3691,37.87759],[-84.37054,37.87703]]}},{"type":"Feature","properties":{"fault_name":"KENTUCKY RIVER FAULT SYSTEM","feature_type":"FAULT","fault_throw":"DTNE","line_style":"FAULT","quadrangle_name":"Richmond North","gq_number":"583"},"geometry":{"type":"LineString","coordinates":[[-84.25216,37.87509],[-84.24993,37.87382]]}},{"type":"Feature","properties":{"fault_name":"LEXINGTON FAULT SYSTEM","feature_type":"FAULT","fault_throw":"DTE","line_style":"FAULT","quadrangle_name":"Nicholasville","gq_number":"767"},"geometry":{"type":"LineString","coordinates":[[-84.50798,37.88631],[-84.50841,37.88329],[-84.50958,37.88085],[-84.51066,37.87923]]}},{"type":"Feature","properties":{"fault_name":"KENTUCKY RIVER FAULT SYSTEM","feature_type":"FAULT","fault_throw":"DTSE","line_style":"CONCEALED_FAULT","quadrangle_name":"Ford","gq_number":"764"},"geometry":{"type":"LineString","coordinates":[[-84.37262,37.8762],[-84.37301,37.87606]]}},{"type":"Feature","properties":{"fault_name":"KENTUCKY RIVER FAULT SYSTEM","feature_type":"FAULT","fault_throw":"DTSE","line_style":"CONCEALED_FAULT","quadrangle_name":"Ford","gq_number":"764"},"geometry":{"type":"LineString","coordinates":[[-84.37054,37.87703],[-84.37262,37.8762]]}},{"type":"Feature","properties":{"fault_name":"KENTUCKY RIVER FAULT SYSTEM","feature_type":"FAULT","fault_throw":"DTE","line_style":"FAULT","quadrangle_name":"Union City","gq_number":"585"},"geometry":{"type":"LineString","coordinates":[[-84.2059,37.87444],[-84.20541,37.87288],[-84.20495,37.8719]]}},{"type":"Feature","properties":{"fault_name":" ","feature_type":"FAULT","fault_throw":"DTE","line_style":"FAULT","quadrangle_name":"Coletown","gq_number":"644"},"geometry":{"type":"LineString","coordinates":[[-84.45042,37.87922],[-84.45052,37.87742]]}},{"type":"Feature","properties":{"fault_name":"KENTUCKY RIVER FAULT SYSTEM","feature_type":"FAULT","fault_throw":"DTSE","line_style":"FAULT","quadrangle_name":"Ford","gq_number":"764"},"geometry":{"type":"LineString","coordinates":[[-84.37301,37.87606],[-84.37408,37.8757]]}},{"type":"Feature","properties":{"fault_name":"KENTUCKY RIVER FAULT SYSTEM","feature_type":"FAULT","fault_throw":"DTN","line_style":"CONCEALED_FAULT","quadrangle_name":"Ford","gq_number":"764"},"geometry":{"type":"LineString","coordinates":[[-84.36778,37.87573],[-84.36959,37.87559]]}},{"type":"Feature","properties":{"fault_name":"KENTUCKY RIVER FAULT SYSTEM","feature_type":"FAULT","fault_throw":"DTN","line_style":"FAULT","quadrangle_name":"Ford","gq_number":"764"},"geometry":{"type":"LineString","coordinates":[[-84.37408,37.8757],[-84.37494,37.8757]]}},{"type":"Feature","properties":{"fault_name":"KENTUCKY RIVER FAULT SYSTEM","feature_type":"FAULT","fault_throw":"DTN","line_style":"FAULT","quadrangle_name":"Ford","gq_number":"764"},"geometry":{"type":"LineString","coordinates":[[-84.36959,37.87559],[-84.37,37.87559]]}},{"type":"Feature","properties":{"fault_name":"KENTUCKY RIVER FAULT SYSTEM","feature_type":"FAULT","fault_throw":"DTN","line_style":"FAULT","quadrangle_name":"Ford","gq_number":"764"},"geometry":{"type":"LineString","coordinates":[[-84.3728,37.87564],[-84.37408,37.8757]]}},{"type":"Feature","properties":{"fault_name":"KENTUCKY RIVER FAULT SYSTEM","feature_type":"FAULT","fault_throw":"DTN","line_style":"CONCEALED_FAULT","quadrangle_name":"Ford","gq_number":"764"},"geometry":{"type":"LineString","coordinates":[[-84.37232,37.87562],[-84.3728,37.87564]]}},{"type":"Feature","properties":{"fault_name":"KENTUCKY RIVER FAULT SYSTEM","feature_type":"FAULT","fault_throw":"DTN","line_style":"CONCEALED_FAULT","quadrangle_name":"Ford","gq_number":"764"},"geometry":{"type":"LineString","coordinates":[[-84.37,37.87559],[-84.37232,37.87562]]}},{"type":"Feature","properties":{"fault_name":"LEXINGTON FAULT SYSTEM","feature_type":"FAULT","fault_throw":"DTE","line_style":"CONCEALED_FAULT","quadrangle_name":"Nicholasville","gq_number":"767"},"geometry":{"type":"LineString","coordinates":[[-84.51066,37.87923],[-84.51106,37.87853]]}},{"type":"Feature","properties":{"fault_name":"KENTUCKY RIVER FAULT SYSTEM","feature_type":"FAULT","fault_throw":"DTSE","line_style":"FAULT","quadrangle_name":"Union City","gq_number":"585"},"geometry":{"type":"LineString","coordinates":[[-84.24575,37.87241],[-84.23983,37.87398],[-84.23624,37.87509]]}},{"type":"Feature","properties":{"fault_name":"LEXINGTON FAULT SYSTEM","feature_type":"FAULT","fault_throw":"DTE","line_style":"CONCEALED_FAULT","quadrangle_name":"Nicholasville","gq_number":"767"},"geometry":{"type":"LineString","coordinates":[[-84.50689,37.88352],[-84.50699,37.87801]]}},{"type":"Feature","properties":{"fault_name":"KENTUCKY RIVER FAULT SYSTEM","feature_type":"FAULT","fault_throw":"DTE","line_style":"CONCEALED_FAULT","quadrangle_name":"Union City","gq_number":"585"},"geometry":{"type":"LineString","coordinates":[[-84.20495,37.8719],[-84.20435,37.87111]]}},{"type":"Feature","properties":{"fault_name":"KENTUCKY RIVER FAULT SYSTEM","feature_type":"FAULT","fault_throw":"DTN","line_style":"FAULT","quadrangle_name":"Coletown","gq_number":"644"},"geometry":{"type":"LineString","coordinates":[[-84.38058,37.87509],[-84.37899,37.87555],[-84.37737,37.8758],[-84.37494,37.8757]]}},{"type":"Feature","properties":{"fault_name":" ","feature_type":"FAULT","fault_throw":"DTE","line_style":"CONCEALED_FAULT","quadrangle_name":"Coletown","gq_number":"644"},"geometry":{"type":"LineString","coordinates":[[-84.45052,37.87742],[-84.45058,37.87662]]}},{"type":"Feature","properties":{"fault_name":"KENTUCKY RIVER FAULT SYSTEM","feature_type":"FAULT","fault_throw":"DTSE","line_style":"FAULT","quadrangle_name":"Coletown","gq_number":"644"},"geometry":{"type":"LineString","coordinates":[[-84.38659,37.87509],[-84.38571,37.87528],[-84.38383,37.87601],[-84.38127,37.87765],[-84.38022,37.87818]]}},{"type":"Feature","properties":{"fault_name":"KENTUCKY RIVER FAULT SYSTEM","feature_type":"FAULT","fault_throw":"DTSE","line_style":"FAULT","quadrangle_name":"Coletown","gq_number":"644"},"geometry":{"type":"LineString","coordinates":[[-84.3825,37.87798],[-84.38373,37.87774],[-84.38534,37.87721],[-84.38858,37.87555],[-84.3898,37.87509]]}},{"type":"Feature","properties":{"fault_name":" ","feature_type":"FAULT","fault_throw":"DTSW","line_style":"FAULT","quadrangle_name":"Palmer","gq_number":"613"},"geometry":{"type":"LineString","coordinates":[[-84.09616,37.87065],[-84.09169,37.86731]]}},{"type":"Feature","properties":{"fault_name":" ","feature_type":"FAULT","fault_throw":"DTE","line_style":"FAULT","quadrangle_name":"Coletown","gq_number":"644"},"geometry":{"type":"LineString","coordinates":[[-84.45058,37.87662],[-84.45069,37.87546]]}},{"type":"Feature","properties":{"fault_name":"EAGLE NEST FAULT","feature_type":"FAULT","fault_throw":"DTS","line_style":"CONCEALED_FAULT","quadrangle_name":"Union City","gq_number":"585"},"geometry":{"type":"LineString","coordinates":[[-84.21607,37.87046],[-84.20726,37.87002]]}},{"type":"Feature","properties":{"fault_name":"EAGLE NEST FAULT","feature_type":"FAULT","fault_throw":"DTS","line_style":"CONCEALED_FAULT","quadrangle_name":"Union City","gq_number":"585"},"geometry":{"type":"LineString","coordinates":[[-84.20726,37.87002],[-84.20411,37.86975]]}},{"type":"Feature","properties":{"fault_name":"LEXINGTON FAULT SYSTEM","feature_type":"FAULT","fault_throw":"DTE","line_style":"FAULT","quadrangle_name":"Nicholasville","gq_number":"767"},"geometry":{"type":"LineString","coordinates":[[-84.51106,37.87853],[-84.51176,37.87662]]}},{"type":"Feature","properties":{"fault_name":"EAGLE NEST FAULT","feature_type":"FAULT","fault_throw":"DTSE","line_style":"FAULT","quadrangle_name":"Union City","gq_number":"585"},"geometry":{"type":"LineString","coordinates":[[-84.19919,37.86939],[-84.19672,37.87008],[-84.18249,37.8751]]}},{"type":"Feature","properties":{"fault_name":"EAGLE NEST FAULT","feature_type":"FAULT","fault_throw":"DTS","line_style":"FAULT","quadrangle_name":"Union City","gq_number":"585"},"geometry":{"type":"LineString","coordinates":[[-84.20411,37.86975],[-84.20081,37.86943],[-84.19919,37.86939]]}},{"type":"Feature","properties":{"fault_name":"LEXINGTON FAULT SYSTEM","feature_type":"FAULT","fault_throw":"DTE","line_style":"FAULT","quadrangle_name":"Nicholasville","gq_number":"767"},"geometry":{"type":"LineString","coordinates":[[-84.50699,37.87801],[-84.50736,37.87616]]}},{"type":"Feature","properties":{"fault_name":" ","feature_type":"FAULT","fault_throw":"DTSW","line_style":"FAULT","quadrangle_name":"Union City","gq_number":"585"},"geometry":{"type":"LineString","coordinates":[[-84.15268,37.87214],[-84.15233,37.87134],[-84.15174,37.87049],[-84.15022,37.86904],[-84.14864,37.86781]]}},{"type":"Feature","properties":{"fault_name":"LEXINGTON FAULT SYSTEM","feature_type":"FAULT","fault_throw":"DTE","line_style":"CONCEALED_FAULT","quadrangle_name":"Nicholasville","gq_number":"767"},"geometry":{"type":"LineString","coordinates":[[-84.50736,37.87616],[-84.50741,37.87581]]}},{"type":"Feature","properties":{"fault_name":"LEXINGTON FAULT SYSTEM","feature_type":"FAULT","fault_throw":"DTE","line_style":"CONCEALED_FAULT","quadrangle_name":"Nicholasville","gq_number":"767"},"geometry":{"type":"LineString","coordinates":[[-84.51176,37.87662],[-84.51196,37.87585]]}},{"type":"Feature","properties":{"fault_name":"LEXINGTON FAULT SYSTEM","feature_type":"FAULT","fault_throw":"DTW","line_style":"CONCEALED_FAULT","quadrangle_name":"Nicholasville","gq_number":"767"},"geometry":{"type":"LineString","coordinates":[[-84.51141,37.87588],[-84.51143,37.87579]]}},{"type":"Feature","properties":{"fault_name":" ","feature_type":"FAULT","fault_throw":"DTSW","line_style":"CONCEALED_FAULT","quadrangle_name":"Palmer","gq_number":"613"},"geometry":{"type":"LineString","coordinates":[[-84.09169,37.86731],[-84.08998,37.86607]]}},{"type":"Feature","properties":{"fault_name":" ","feature_type":"FAULT","fault_throw":"DTSW","line_style":"CONCEALED_FAULT","quadrangle_name":"Union City","gq_number":"585"},"geometry":{"type":"LineString","coordinates":[[-84.14864,37.86781],[-84.14806,37.8674]]}},{"type":"Feature","properties":{"fault_name":"LEXINGTON FAULT SYSTEM","feature_type":"FAULT","fault_throw":"DTW","line_style":"FAULT","quadrangle_name":"Coletown","gq_number":"644"},"geometry":{"type":"LineString","coordinates":[[-84.49855,37.88404],[-84.4992,37.87509]]}},{"type":"Feature","properties":{"fault_name":"LEXINGTON FAULT SYSTEM","feature_type":"FAULT","fault_throw":"DTW","line_style":"FAULT","quadrangle_name":"Nicholasville","gq_number":"767"},"geometry":{"type":"LineString","coordinates":[[-84.51143,37.87579],[-84.51159,37.87509]]}},{"type":"Feature","properties":{"fault_name":"LEXINGTON FAULT SYSTEM","feature_type":"FAULT","fault_throw":"DTE","line_style":"FAULT","quadrangle_name":"Nicholasville","gq_number":"767"},"geometry":{"type":"LineString","coordinates":[[-84.51196,37.87585],[-84.51211,37.87509]]}},{"type":"Feature","properties":{"fault_name":"LEXINGTON FAULT SYSTEM","feature_type":"FAULT","fault_throw":"DTE","line_style":"FAULT","quadrangle_name":"Nicholasville","gq_number":"767"},"geometry":{"type":"LineString","coordinates":[[-84.5242,37.93388],[-84.52521,37.93225],[-84.52648,37.92836],[-84.52698,37.92484],[-84.52708,37.9197],[-84.52749,37.91624],[-84.52816,37.91371],[-84.52937,37.91082],[-84.52968,37.90855],[-84.53034,37.9074],[-84.53112,37.90556],[-84.53223,37.90193],[-84.53321,37.89774],[-84.53328,37.89651],[-84.5339,37.89409],[-84.53409,37.89155],[-84.53483,37.88953],[-84.53498,37.88641],[-84.53427,37.88325],[-84.53439,37.88045],[-84.53331,37.8751]]}},{"type":"Feature","properties":{"fault_name":"KENTUCKY RIVER FAULT SYSTEM","feature_type":"FAULT","fault_throw":"DTSE","line_style":"FAULT","quadrangle_name":"Valley View","gq_number":"470"},"geometry":{"type":"LineString","coordinates":[[-84.38659,37.87509],[-84.39365,37.87245],[-84.39518,37.87197]]}},{"type":"Feature","properties":{"fault_name":"LEXINGTON FAULT SYSTEM","feature_type":"FAULT","fault_throw":"DTW","line_style":"FAULT","quadrangle_name":"Valley View","gq_number":"470"},"geometry":{"type":"LineString","coordinates":[[-84.4992,37.87509],[-84.49957,37.87414]]}},{"type":"Feature","properties":{"fault_name":"KENTUCKY RIVER FAULT SYSTEM","feature_type":"FAULT","fault_throw":"DTNE","line_style":"FAULT","quadrangle_name":"Union City","gq_number":"585"},"geometry":{"type":"LineString","coordinates":[[-84.24993,37.87382],[-84.24745,37.87221],[-84.24674,37.87152],[-84.24542,37.86982],[-84.24437,37.86792]]}},{"type":"Feature","properties":{"fault_name":"LEXINGTON FAULT SYSTEM","feature_type":"FAULT","fault_throw":"DTW","line_style":"CONCEALED_FAULT","quadrangle_name":"Valley View","gq_number":"470"},"geometry":{"type":"LineString","coordinates":[[-84.49957,37.87414],[-84.49971,37.87345]]}},{"type":"Feature","properties":{"fault_name":"KENTUCKY RIVER FAULT SYSTEM","feature_type":"FAULT","fault_throw":"DTSE","line_style":"FAULT","quadrangle_name":"Valley View","gq_number":"470"},"geometry":{"type":"LineString","coordinates":[[-84.40814,37.87024],[-84.40702,37.87081],[-84.40529,37.87145],[-84.40132,37.87235],[-84.39879,37.8727],[-84.39343,37.87377],[-84.39103,37.87446],[-84.3898,37.87509]]}},{"type":"Feature","properties":{"fault_name":" ","feature_type":"FAULT","fault_throw":" ","line_style":"CONCEALED_FAULT","quadrangle_name":"Valley View","gq_number":"470"},"geometry":{"type":"LineString","coordinates":[[-84.45495,37.87228],[-84.45489,37.87059]]}},{"type":"Feature","properties":{"fault_name":" ","feature_type":"FAULT","fault_throw":"DTN","line_style":"FAULT","quadrangle_name":"Valley View","gq_number":"470"},"geometry":{"type":"LineString","coordinates":[[-84.46219,37.87121],[-84.46023,37.8704]]}},{"type":"Feature","properties":{"fault_name":"KENTUCKY RIVER FAULT SYSTEM","feature_type":"FAULT","fault_throw":"DTSE","line_style":"CONCEALED_FAULT","quadrangle_name":"Valley View","gq_number":"470"},"geometry":{"type":"LineString","coordinates":[[-84.40935,37.8696],[-84.40814,37.87024]]}},{"type":"Feature","properties":{"fault_name":"KENTUCKY RIVER FAULT SYSTEM","feature_type":"FAULT","fault_throw":"DTSE","line_style":"CONCEALED_FAULT","quadrangle_name":"Valley View","gq_number":"470"},"geometry":{"type":"LineString","coordinates":[[-84.41005,37.86913],[-84.40935,37.8696]]}},{"type":"Feature","properties":{"fault_name":" ","feature_type":"FAULT","fault_throw":"DTSW","line_style":"FAULT","quadrangle_name":"Little Hickman","gq_number":"792"},"geometry":{"type":"LineString","coordinates":[[-84.55072,37.8739],[-84.54989,37.87212]]}},{"type":"Feature","properties":{"fault_name":"KENTUCKY RIVER FAULT SYSTEM","feature_type":"FAULT","fault_throw":"DTSE","line_style":"CONCEALED_FAULT","quadrangle_name":"Valley View","gq_number":"470"},"geometry":{"type":"LineString","coordinates":[[-84.40894,37.86904],[-84.40797,37.86932]]}},{"type":"Feature","properties":{"fault_name":"KENTUCKY RIVER FAULT SYSTEM","feature_type":"FAULT","fault_throw":"DTSE","line_style":"CONCEALED_FAULT","quadrangle_name":"Valley View","gq_number":"470"},"geometry":{"type":"LineString","coordinates":[[-84.4096,37.86884],[-84.40894,37.86904]]}},{"type":"Feature","properties":{"fault_name":"KENTUCKY RIVER FAULT SYSTEM","feature_type":"FAULT","fault_throw":"DTSE","line_style":"FAULT","quadrangle_name":"Valley View","gq_number":"470"},"geometry":{"type":"LineString","coordinates":[[-84.41054,37.8686],[-84.4096,37.86884]]}},{"type":"Feature","properties":{"fault_name":"KENTUCKY RIVER FAULT SYSTEM","feature_type":"FAULT","fault_throw":"DTSE","line_style":"FAULT","quadrangle_name":"Valley View","gq_number":"470"},"geometry":{"type":"LineString","coordinates":[[-84.41054,37.8686],[-84.41005,37.86913]]}},{"type":"Feature","properties":{"fault_name":" ","feature_type":"FAULT","fault_throw":" ","line_style":"FAULT","quadrangle_name":"Valley View","gq_number":"470"},"geometry":{"type":"LineString","coordinates":[[-84.45904,37.86967],[-84.45949,37.86898]]}},{"type":"Feature","properties":{"fault_name":" ","feature_type":"FAULT","fault_throw":"DTSW","line_style":"FAULT","quadrangle_name":"Palmer","gq_number":"613"},"geometry":{"type":"LineString","coordinates":[[-84.11946,37.8659],[-84.11627,37.8637],[-84.11194,37.86047]]}},{"type":"Feature","properties":{"fault_name":"KENTUCKY RIVER FAULT SYSTEM","feature_type":"FAULT","fault_throw":"DTNW","line_style":"FAULT","quadrangle_name":"Valley View","gq_number":"470"},"geometry":{"type":"LineString","coordinates":[[-84.38058,37.87509],[-84.3858,37.87221],[-84.38869,37.87111],[-84.39147,37.87024],[-84.39701,37.86903],[-84.40343,37.86738],[-84.40545,37.86698]]}},{"type":"Feature","properties":{"fault_name":" ","feature_type":"FAULT","fault_throw":"DTSW","line_style":"FAULT","quadrangle_name":"Union City","gq_number":"585"},"geometry":{"type":"LineString","coordinates":[[-84.17664,37.86145],[-84.17982,37.86218]]}},{"type":"Feature","properties":{"fault_name":" ","feature_type":"FAULT","fault_throw":"DTSW","line_style":"CONCEALED_FAULT","quadrangle_name":"Union City","gq_number":"585"},"geometry":{"type":"LineString","coordinates":[[-84.17602,37.86141],[-84.17664,37.86145]]}},{"type":"Feature","properties":{"fault_name":" ","feature_type":"FAULT","fault_throw":" ","line_style":"CONCEALED_FAULT","quadrangle_name":"Valley View","gq_number":"470"},"geometry":{"type":"LineString","coordinates":[[-84.45949,37.86898],[-84.46023,37.86786]]}},{"type":"Feature","properties":{"fault_name":"KENTUCKY RIVER FAULT SYSTEM","feature_type":"FAULT","fault_throw":"DTNW","line_style":"CONCEALED_FAULT","quadrangle_name":"Valley View","gq_number":"470"},"geometry":{"type":"LineString","coordinates":[[-84.40545,37.86698],[-84.40721,37.86663]]}},{"type":"Feature","properties":{"fault_name":"KENTUCKY RIVER FAULT SYSTEM","feature_type":"FAULT","fault_throw":"DTNW","line_style":"CONCEALED_FAULT","quadrangle_name":"Valley View","gq_number":"470"},"geometry":{"type":"LineString","coordinates":[[-84.40721,37.86663],[-84.40754,37.86657]]}},{"type":"Feature","properties":{"fault_name":" ","feature_type":"FAULT","fault_throw":"DTNE","line_style":"CONCEALED_FAULT","quadrangle_name":"Union City","gq_number":"585"},"geometry":{"type":"LineString","coordinates":[[-84.15649,37.86246],[-84.15463,37.85955]]}},{"type":"Feature","properties":{"fault_name":"KENTUCKY RIVER FAULT SYSTEM","feature_type":"FAULT","fault_throw":"DTNW","line_style":"FAULT","quadrangle_name":"Valley View","gq_number":"470"},"geometry":{"type":"LineString","coordinates":[[-84.40754,37.86657],[-84.41035,37.86551],[-84.41208,37.8651]]}},{"type":"Feature","properties":{"fault_name":"KENTUCKY RIVER FAULT SYSTEM","feature_type":"FAULT","fault_throw":"DTNW","line_style":"CONCEALED_FAULT","quadrangle_name":"Valley View","gq_number":"470"},"geometry":{"type":"LineString","coordinates":[[-84.41208,37.8651],[-84.41297,37.86487]]}},{"type":"Feature","properties":{"fault_name":" ","feature_type":"FAULT","fault_throw":"DTSW","line_style":"FAULT","quadrangle_name":"Palmer","gq_number":"613"},"geometry":{"type":"LineString","coordinates":[[-84.08998,37.86607],[-84.08814,37.86469],[-84.08394,37.8621],[-84.08201,37.86036],[-84.07863,37.85695]]}},{"type":"Feature","properties":{"fault_name":"KENTUCKY RIVER FAULT SYSTEM","feature_type":"FAULT","fault_throw":"DTNW","line_style":"FAULT","quadrangle_name":"Valley View","gq_number":"470"},"geometry":{"type":"LineString","coordinates":[[-84.41297,37.86487],[-84.41562,37.86388]]}},{"type":"Feature","properties":{"fault_name":"KENTUCKY RIVER FAULT SYSTEM","feature_type":"FAULT","fault_throw":"DTSE","line_style":"FAULT","quadrangle_name":"Valley View","gq_number":"470"},"geometry":{"type":"LineString","coordinates":[[-84.42261,37.8639],[-84.41866,37.86533],[-84.41701,37.86612],[-84.4157,37.867],[-84.41427,37.86758],[-84.41054,37.8686]]}},{"type":"Feature","properties":{"fault_name":"KENTUCKY RIVER FAULT SYSTEM","feature_type":"FAULT","fault_throw":"DTNW","line_style":"CONCEALED_FAULT","quadrangle_name":"Valley View","gq_number":"470"},"geometry":{"type":"LineString","coordinates":[[-84.41562,37.86388],[-84.41621,37.86362]]}},{"type":"Feature","properties":{"fault_name":"KENTUCKY RIVER FAULT SYSTEM","feature_type":"FAULT","fault_throw":"DTSE","line_style":"CONCEALED_FAULT","quadrangle_name":"Valley View","gq_number":"470"},"geometry":{"type":"LineString","coordinates":[[-84.4246,37.86346],[-84.42439,37.86349]]}},{"type":"Feature","properties":{"fault_name":"KENTUCKY RIVER FAULT SYSTEM","feature_type":"FAULT","fault_throw":"DTSE","line_style":"CONCEALED_FAULT","quadrangle_name":"Valley View","gq_number":"470"},"geometry":{"type":"LineString","coordinates":[[-84.42439,37.86349],[-84.42261,37.8639]]}},{"type":"Feature","properties":{"fault_name":" ","feature_type":"FAULT","fault_throw":"DTSE","line_style":"CONCEALED_FAULT","quadrangle_name":"Richmond North","gq_number":"583"},"geometry":{"type":"LineString","coordinates":[[-84.26637,37.85945],[-84.26584,37.85981]]}},{"type":"Feature","properties":{"fault_name":" ","feature_type":"FAULT","fault_throw":"DTSW","line_style":"CONCEALED_FAULT","quadrangle_name":"Palmer","gq_number":"613"},"geometry":{"type":"LineString","coordinates":[[-84.05748,37.86255],[-84.05252,37.85755],[-84.04844,37.85407]]}},{"type":"Feature","properties":{"fault_name":"KENTUCKY RIVER FAULT SYSTEM","feature_type":"FAULT","fault_throw":"DTSE","line_style":"CONCEALED_FAULT","quadrangle_name":"Valley View","gq_number":"470"},"geometry":{"type":"LineString","coordinates":[[-84.42513,37.86243],[-84.42478,37.86263]]}},{"type":"Feature","properties":{"fault_name":"KENTUCKY RIVER FAULT SYSTEM","feature_type":"FAULT","fault_throw":"DTSE","line_style":"CONCEALED_FAULT","quadrangle_name":"Valley View","gq_number":"470"},"geometry":{"type":"LineString","coordinates":[[-84.42478,37.86263],[-84.42261,37.8639]]}},{"type":"Feature","properties":{"fault_name":" ","feature_type":"FAULT","fault_throw":"DTSW","line_style":"FAULT","quadrangle_name":"Palmer","gq_number":"613"},"geometry":{"type":"LineString","coordinates":[[-84.10575,37.85524],[-84.10401,37.85477]]}},{"type":"Feature","properties":{"fault_name":"KENTUCKY RIVER FAULT SYSTEM","feature_type":"FAULT","fault_throw":"DTSE","line_style":"FAULT","quadrangle_name":"Valley View","gq_number":"470"},"geometry":{"type":"LineString","coordinates":[[-84.43495,37.86164],[-84.42856,37.863],[-84.4246,37.86346]]}},{"type":"Feature","properties":{"fault_name":"KENTUCKY RIVER FAULT SYSTEM","feature_type":"FAULT","fault_throw":"DTS","line_style":"FAULT","quadrangle_name":"Valley View","gq_number":"470"},"geometry":{"type":"LineString","coordinates":[[-84.43755,37.86185],[-84.43495,37.86164]]}},{"type":"Feature","properties":{"fault_name":"KENTUCKY RIVER FAULT SYSTEM","feature_type":"FAULT","fault_throw":"DTS","line_style":"FAULT","quadrangle_name":"Valley View","gq_number":"470"},"geometry":{"type":"LineString","coordinates":[[-84.43827,37.86191],[-84.43755,37.86185]]}},{"type":"Feature","properties":{"fault_name":"KENTUCKY RIVER FAULT SYSTEM","feature_type":"FAULT","fault_throw":"DTSE","line_style":"FAULT","quadrangle_name":"Valley View","gq_number":"470"},"geometry":{"type":"LineString","coordinates":[[-84.4358,37.86137],[-84.43495,37.86164]]}},{"type":"Feature","properties":{"fault_name":"KENTUCKY RIVER FAULT SYSTEM","feature_type":"FAULT","fault_throw":"DTS","line_style":"FAULT","quadrangle_name":"Valley View","gq_number":"470"},"geometry":{"type":"LineString","coordinates":[[-84.43738,37.86152],[-84.4358,37.86137]]}},{"type":"Feature","properties":{"fault_name":"KENTUCKY RIVER FAULT SYSTEM","feature_type":"FAULT","fault_throw":"DTS","line_style":"FAULT","quadrangle_name":"Valley View","gq_number":"470"},"geometry":{"type":"LineString","coordinates":[[-84.43871,37.86159],[-84.43738,37.86152]]}},{"type":"Feature","properties":{"fault_name":" ","feature_type":"FAULT","fault_throw":"DTSE","line_style":"FAULT","quadrangle_name":"Richmond North","gq_number":"583"},"geometry":{"type":"LineString","coordinates":[[-84.27035,37.85754],[-84.26791,37.85856],[-84.26637,37.85945]]}},{"type":"Feature","properties":{"fault_name":" ","feature_type":"FAULT","fault_throw":"DTSW","line_style":"CONCEALED_FAULT","quadrangle_name":"Palmer","gq_number":"613"},"geometry":{"type":"LineString","coordinates":[[-84.10401,37.85477],[-84.10363,37.85467]]}},{"type":"Feature","properties":{"fault_name":" ","feature_type":"FAULT","fault_throw":"DTSW","line_style":"CONCEALED_FAULT","quadrangle_name":"Palmer","gq_number":"613"},"geometry":{"type":"LineString","coordinates":[[-84.10363,37.85467],[-84.09793,37.8531]]}},{"type":"Feature","properties":{"fault_name":"KENTUCKY RIVER FAULT SYSTEM","feature_type":"FAULT","fault_throw":"DTNW","line_style":"FAULT","quadrangle_name":"Valley View","gq_number":"470"},"geometry":{"type":"LineString","coordinates":[[-84.43431,37.86086],[-84.43269,37.86173]]}},{"type":"Feature","properties":{"fault_name":" ","feature_type":"FAULT","fault_throw":"DTSW","line_style":"FAULT","quadrangle_name":"Palmer","gq_number":"613"},"geometry":{"type":"LineString","coordinates":[[-84.04844,37.85407],[-84.04582,37.85163]]}},{"type":"Feature","properties":{"fault_name":"KENTUCKY RIVER FAULT SYSTEM","feature_type":"FAULT","fault_throw":"DTNW","line_style":"FAULT","quadrangle_name":"Valley View","gq_number":"470"},"geometry":{"type":"LineString","coordinates":[[-84.41621,37.86362],[-84.41748,37.86293],[-84.41839,37.86265],[-84.42164,37.86098],[-84.42413,37.86042]]}},{"type":"Feature","properties":{"fault_name":"KENTUCKY RIVER FAULT SYSTEM","feature_type":"FAULT","fault_throw":"DTSE","line_style":"FAULT","quadrangle_name":"Valley View","gq_number":"470"},"geometry":{"type":"LineString","coordinates":[[-84.43713,37.861],[-84.4358,37.86137]]}},{"type":"Feature","properties":{"fault_name":"KENTUCKY RIVER FAULT SYSTEM","feature_type":"FAULT","fault_throw":"DTSE","line_style":"FAULT","quadrangle_name":"Valley View","gq_number":"470"},"geometry":{"type":"LineString","coordinates":[[-84.4382,37.8607],[-84.43713,37.861]]}},{"type":"Feature","properties":{"fault_name":"KENTUCKY RIVER FAULT SYSTEM","feature_type":"FAULT","fault_throw":"DTN","line_style":"FAULT","quadrangle_name":"Valley View","gq_number":"470"},"geometry":{"type":"LineString","coordinates":[[-84.43592,37.86069],[-84.43709,37.86068]]}},{"type":"Feature","properties":{"fault_name":"KENTUCKY RIVER FAULT SYSTEM","feature_type":"FAULT","fault_throw":"DTN","line_style":"FAULT","quadrangle_name":"Valley View","gq_number":"470"},"geometry":{"type":"LineString","coordinates":[[-84.43709,37.86068],[-84.4382,37.8607]]}},{"type":"Feature","properties":{"fault_name":"KENTUCKY RIVER FAULT SYSTEM","feature_type":"FAULT","fault_throw":"DTSE","line_style":"FAULT","quadrangle_name":"Valley View","gq_number":"470"},"geometry":{"type":"LineString","coordinates":[[-84.43886,37.86047],[-84.4382,37.8607]]}},{"type":"Feature","properties":{"fault_name":"KENTUCKY RIVER FAULT SYSTEM","feature_type":"FAULT","fault_throw":"DTSE","line_style":"FAULT","quadrangle_name":"Valley View","gq_number":"470"},"geometry":{"type":"LineString","coordinates":[[-84.43703,37.86037],[-84.43592,37.86069]]}},{"type":"Feature","properties":{"fault_name":"KENTUCKY RIVER FAULT SYSTEM","feature_type":"FAULT","fault_throw":"DTSE","line_style":"FAULT","quadrangle_name":"Valley View","gq_number":"470"},"geometry":{"type":"LineString","coordinates":[[-84.43787,37.8602],[-84.43703,37.86037]]}},{"type":"Feature","properties":{"fault_name":"KENTUCKY RIVER FAULT SYSTEM","feature_type":"FAULT","fault_throw":"DTNW","line_style":"CONCEALED_FAULT","quadrangle_name":"Valley View","gq_number":"470"},"geometry":{"type":"LineString","coordinates":[[-84.42576,37.86001],[-84.42623,37.85991]]}},{"type":"Feature","properties":{"fault_name":"KENTUCKY RIVER FAULT SYSTEM","feature_type":"FAULT","fault_throw":"DTNW","line_style":"CONCEALED_FAULT","quadrangle_name":"Valley View","gq_number":"470"},"geometry":{"type":"LineString","coordinates":[[-84.42413,37.86042],[-84.42576,37.86001]]}},{"type":"Feature","properties":{"fault_name":" ","feature_type":"FAULT","fault_throw":"DTSW","line_style":"FAULT","quadrangle_name":"Palmer","gq_number":"613"},"geometry":{"type":"LineString","coordinates":[[-84.09793,37.8531],[-84.09486,37.85219]]}},{"type":"Feature","properties":{"fault_name":" ","feature_type":"FAULT","fault_throw":"DTSW","line_style":"CONCEALED_FAULT","quadrangle_name":"Palmer","gq_number":"613"},"geometry":{"type":"LineString","coordinates":[[-84.09486,37.85219],[-84.09416,37.85203]]}},{"type":"Feature","properties":{"fault_name":"KENTUCKY RIVER FAULT SYSTEM","feature_type":"FAULT","fault_throw":"DTSE","line_style":"FAULT","quadrangle_name":"Valley View","gq_number":"470"},"geometry":{"type":"LineString","coordinates":[[-84.43483,37.85993],[-84.43218,37.86035],[-84.43021,37.86087],[-84.42695,37.86147],[-84.42513,37.86243]]}},{"type":"Feature","properties":{"fault_name":"KENTUCKY RIVER FAULT SYSTEM","feature_type":"FAULT","fault_throw":"DTSE","line_style":"FAULT","quadrangle_name":"Valley View","gq_number":"470"},"geometry":{"type":"LineString","coordinates":[[-84.43483,37.85993],[-84.43431,37.86086]]}},{"type":"Feature","properties":{"fault_name":"KENTUCKY RIVER FAULT SYSTEM","feature_type":"FAULT","fault_throw":"DTSE","line_style":"FAULT","quadrangle_name":"Valley View","gq_number":"470"},"geometry":{"type":"LineString","coordinates":[[-84.43524,37.85984],[-84.43483,37.85993]]}},{"type":"Feature","properties":{"fault_name":"KENTUCKY RIVER FAULT SYSTEM","feature_type":"FAULT","fault_throw":"DTNW","line_style":"FAULT","quadrangle_name":"Valley View","gq_number":"470"},"geometry":{"type":"LineString","coordinates":[[-84.42623,37.85991],[-84.42776,37.85962]]}},{"type":"Feature","properties":{"fault_name":"KENTUCKY RIVER FAULT SYSTEM","feature_type":"FAULT","fault_throw":"DTNW","line_style":"FAULT","quadrangle_name":"Valley View","gq_number":"470"},"geometry":{"type":"LineString","coordinates":[[-84.43671,37.85981],[-84.43555,37.86017],[-84.43431,37.86086]]}},{"type":"Feature","properties":{"fault_name":"KENTUCKY RIVER FAULT SYSTEM","feature_type":"FAULT","fault_throw":"DTNW","line_style":"FAULT","quadrangle_name":"Valley View","gq_number":"470"},"geometry":{"type":"LineString","coordinates":[[-84.4381,37.85953],[-84.43671,37.85981]]}},{"type":"Feature","properties":{"fault_name":"KENTUCKY RIVER FAULT SYSTEM","feature_type":"FAULT","fault_throw":"DTNW","line_style":"CONCEALED_FAULT","quadrangle_name":"Valley View","gq_number":"470"},"geometry":{"type":"LineString","coordinates":[[-84.42776,37.85962],[-84.43007,37.85928]]}},{"type":"Feature","properties":{"fault_name":"KENTUCKY RIVER FAULT SYSTEM","feature_type":"FAULT","fault_throw":" ","line_style":"FAULT","quadrangle_name":"Valley View","gq_number":"470"},"geometry":{"type":"LineString","coordinates":[[-84.43524,37.85984],[-84.43608,37.85879]]}},{"type":"Feature","properties":{"fault_name":" ","feature_type":"FAULT","fault_throw":" ","line_style":"FAULT","quadrangle_name":"Valley View","gq_number":"470"},"geometry":{"type":"LineString","coordinates":[[-84.4591,37.85994],[-84.45885,37.85881]]}},{"type":"Feature","properties":{"fault_name":" ","feature_type":"FAULT","fault_throw":"DTS","line_style":"FAULT","quadrangle_name":"Valley View","gq_number":"470"},"geometry":{"type":"LineString","coordinates":[[-84.45987,37.85887],[-84.45885,37.85881]]}},{"type":"Feature","properties":{"fault_name":" ","feature_type":"FAULT","fault_throw":"DTSW","line_style":"CONCEALED_FAULT","quadrangle_name":"Palmer","gq_number":"613"},"geometry":{"type":"LineString","coordinates":[[-84.04582,37.85163],[-84.04269,37.84884]]}},{"type":"Feature","properties":{"fault_name":" ","feature_type":"FAULT","fault_throw":"DTS","line_style":"FAULT","quadrangle_name":"Valley View","gq_number":"470"},"geometry":{"type":"LineString","coordinates":[[-84.45885,37.85881],[-84.45719,37.85871],[-84.45461,37.85832]]}},{"type":"Feature","properties":{"fault_name":"LEXINGTON FAULT SYSTEM","feature_type":"FAULT","fault_throw":"DTSE","line_style":"FAULT","quadrangle_name":"Little Hickman","gq_number":"792"},"geometry":{"type":"LineString","coordinates":[[-84.51211,37.87509],[-84.51353,37.87279],[-84.51493,37.87115],[-84.51518,37.87068],[-84.5153,37.87024],[-84.51502,37.86659],[-84.51513,37.86539],[-84.51584,37.86374],[-84.51658,37.86274],[-84.51843,37.86104],[-84.52049,37.85987],[-84.52163,37.85938]]}},{"type":"Feature","properties":{"fault_name":"KENTUCKY RIVER FAULT SYSTEM","feature_type":"FAULT","fault_throw":" ","line_style":"FAULT","quadrangle_name":"Valley View","gq_number":"470"},"geometry":{"type":"LineString","coordinates":[[-84.43577,37.85818],[-84.43498,37.85862]]}},{"type":"Feature","properties":{"fault_name":"KENTUCKY RIVER FAULT SYSTEM","feature_type":"FAULT","fault_throw":" ","line_style":"FAULT","quadrangle_name":"Valley View","gq_number":"470"},"geometry":{"type":"LineString","coordinates":[[-84.43701,37.85728],[-84.43577,37.85818]]}},{"type":"Feature","properties":{"fault_name":"KENTUCKY RIVER FAULT SYSTEM","feature_type":"FAULT","fault_throw":"DTNW","line_style":"FAULT","quadrangle_name":"Valley View","gq_number":"470"},"geometry":{"type":"LineString","coordinates":[[-84.43007,37.85928],[-84.43216,37.85885],[-84.43373,37.85834],[-84.43579,37.8573]]}},{"type":"Feature","properties":{"fault_name":"KENTUCKY RIVER FAULT SYSTEM","feature_type":"FAULT","fault_throw":"DTNW","line_style":"FAULT","quadrangle_name":"Valley View","gq_number":"470"},"geometry":{"type":"LineString","coordinates":[[-84.43579,37.8573],[-84.43699,37.85622]]}},{"type":"Feature","properties":{"fault_name":" ","feature_type":"FAULT","fault_throw":"DTNE","line_style":"FAULT","quadrangle_name":"Union City","gq_number":"585"},"geometry":{"type":"LineString","coordinates":[[-84.15463,37.85955],[-84.15228,37.85607],[-84.14944,37.85293],[-84.14724,37.85119],[-84.1439,37.84944]]}},{"type":"Feature","properties":{"fault_name":"LEXINGTON FAULT SYSTEM","feature_type":"FAULT","fault_throw":"DTNW","line_style":"FAULT","quadrangle_name":"Little Hickman","gq_number":"792"},"geometry":{"type":"LineString","coordinates":[[-84.51159,37.87509],[-84.5126,37.87299],[-84.51419,37.87077],[-84.51443,37.87024],[-84.5145,37.86914],[-84.51401,37.86476],[-84.5142,37.86282],[-84.51461,37.86174],[-84.51501,37.86114],[-84.51607,37.86018],[-84.51732,37.85927],[-84.52087,37.85729]]}},{"type":"Feature","properties":{"fault_name":" ","feature_type":"FAULT","fault_throw":"DTSW","line_style":"FAULT","quadrangle_name":"Palmer","gq_number":"613"},"geometry":{"type":"LineString","coordinates":[[-84.04269,37.84884],[-84.03976,37.84603]]}},{"type":"Feature","properties":{"fault_name":" ","feature_type":"FAULT","fault_throw":"DTSW","line_style":"CONCEALED_FAULT","quadrangle_name":"Palmer","gq_number":"613"},"geometry":{"type":"LineString","coordinates":[[-84.03976,37.84603],[-84.03947,37.84566]]}},{"type":"Feature","properties":{"fault_name":" ","feature_type":"FAULT","fault_throw":"DTNE","line_style":"CONCEALED_FAULT","quadrangle_name":"Union City","gq_number":"585"},"geometry":{"type":"LineString","coordinates":[[-84.1439,37.84944],[-84.14013,37.84811]]}},{"type":"Feature","properties":{"fault_name":" ","feature_type":"FAULT","fault_throw":"DTSW","line_style":"FAULT","quadrangle_name":"Palmer","gq_number":"613"},"geometry":{"type":"LineString","coordinates":[[-84.03947,37.84566],[-84.03935,37.84551]]}},{"type":"Feature","properties":{"fault_name":" ","feature_type":"FAULT","fault_throw":"DTNE","line_style":"FAULT","quadrangle_name":"Union City","gq_number":"585"},"geometry":{"type":"LineString","coordinates":[[-84.14013,37.84811],[-84.13916,37.84778]]}},{"type":"Feature","properties":{"fault_name":"KENTUCKY RIVER FAULT SYSTEM","feature_type":"FAULT","fault_throw":" ","line_style":"FAULT","quadrangle_name":"Valley View","gq_number":"470"},"geometry":{"type":"LineString","coordinates":[[-84.44328,37.8555],[-84.44512,37.85469]]}},{"type":"Feature","properties":{"fault_name":" ","feature_type":"FAULT","fault_throw":"DTN","line_style":"FAULT","quadrangle_name":"Union City","gq_number":"585"},"geometry":{"type":"LineString","coordinates":[[-84.13418,37.84691],[-84.1333,37.84692]]}},{"type":"Feature","properties":{"fault_name":" ","feature_type":"FAULT","fault_throw":"DTN","line_style":"CONCEALED_FAULT","quadrangle_name":"Union City","gq_number":"585"},"geometry":{"type":"LineString","coordinates":[[-84.13916,37.84778],[-84.13665,37.84718],[-84.13418,37.84691]]}},{"type":"Feature","properties":{"fault_name":"KENTUCKY RIVER FAULT SYSTEM","feature_type":"FAULT","fault_throw":"DTSE","line_style":"FAULT","quadrangle_name":"Valley View","gq_number":"470"},"geometry":{"type":"LineString","coordinates":[[-84.43649,37.85942],[-84.43524,37.85984]]}},{"type":"Feature","properties":{"fault_name":"KENTUCKY RIVER FAULT SYSTEM","feature_type":"FAULT","fault_throw":"DTSE","line_style":"FAULT","quadrangle_name":"Valley View","gq_number":"470"},"geometry":{"type":"LineString","coordinates":[[-84.45055,37.85314],[-84.44819,37.85491],[-84.44395,37.85758],[-84.44332,37.85782],[-84.44016,37.85846],[-84.43649,37.85942]]}},{"type":"Feature","properties":{"fault_name":" ","feature_type":"FAULT","fault_throw":"DTSW","line_style":"CONCEALED_FAULT","quadrangle_name":"Palmer","gq_number":"613"},"geometry":{"type":"LineString","coordinates":[[-84.03935,37.84551],[-84.03774,37.84346]]}},{"type":"Feature","properties":{"fault_name":" ","feature_type":"FAULT","fault_throw":"DTNE","line_style":"FAULT","quadrangle_name":"Union City","gq_number":"585"},"geometry":{"type":"LineString","coordinates":[[-84.20306,37.86563],[-84.19796,37.8591],[-84.19596,37.8563],[-84.19135,37.8512],[-84.18888,37.84904],[-84.1851,37.84654]]}},{"type":"Feature","properties":{"fault_name":"KENTUCKY RIVER FAULT SYSTEM","feature_type":"FAULT","fault_throw":"DTSE","line_style":"FAULT","quadrangle_name":"Valley View","gq_number":"470"},"geometry":{"type":"LineString","coordinates":[[-84.45166,37.85164],[-84.45055,37.85314]]}},{"type":"Feature","properties":{"fault_name":" ","feature_type":"FAULT","fault_throw":"DTNE","line_style":"CONCEALED_FAULT","quadrangle_name":"Union City","gq_number":"585"},"geometry":{"type":"LineString","coordinates":[[-84.1661,37.84728],[-84.16505,37.84505]]}},{"type":"Feature","properties":{"fault_name":"LEXINGTON FAULT SYSTEM","feature_type":"FAULT","fault_throw":"DTSE","line_style":"FAULT","quadrangle_name":"Little Hickman","gq_number":"792"},"geometry":{"type":"LineString","coordinates":[[-84.52163,37.85938],[-84.52394,37.85702],[-84.52599,37.85541],[-84.52913,37.85354],[-84.53143,37.85256]]}},{"type":"Feature","properties":{"fault_name":"LEXINGTON FAULT SYSTEM","feature_type":"FAULT","fault_throw":"DTSE","line_style":"FAULT","quadrangle_name":"Little Hickman","gq_number":"792"},"geometry":{"type":"LineString","coordinates":[[-84.52163,37.85938],[-84.52482,37.85772],[-84.52651,37.85659],[-84.52984,37.85397],[-84.53143,37.85256]]}},{"type":"Feature","properties":{"fault_name":"KENTUCKY RIVER FAULT SYSTEM","feature_type":"FAULT","fault_throw":"DTSE","line_style":"FAULT","quadrangle_name":"Valley View","gq_number":"470"},"geometry":{"type":"LineString","coordinates":[[-84.45318,37.85001],[-84.45274,37.8503],[-84.45166,37.85164]]}},{"type":"Feature","properties":{"fault_name":"KENTUCKY RIVER FAULT SYSTEM","feature_type":"FAULT","fault_throw":"DTSE","line_style":"FAULT","quadrangle_name":"Valley View","gq_number":"470"},"geometry":{"type":"LineString","coordinates":[[-84.45318,37.85001],[-84.45191,37.85185],[-84.45055,37.85314]]}},{"type":"Feature","properties":{"fault_name":"LEXINGTON FAULT SYSTEM","feature_type":"FAULT","fault_throw":"DTSE","line_style":"FAULT","quadrangle_name":"Little Hickman","gq_number":"792"},"geometry":{"type":"LineString","coordinates":[[-84.53143,37.85256],[-84.53227,37.85182],[-84.53383,37.85076]]}},{"type":"Feature","properties":{"fault_name":" ","feature_type":"FAULT","fault_throw":"DTSW","line_style":"FAULT","quadrangle_name":"Palmer","gq_number":"613"},"geometry":{"type":"LineString","coordinates":[[-84.03774,37.84346],[-84.03605,37.84132],[-84.03335,37.83836]]}},{"type":"Feature","properties":{"fault_name":"KENTUCKY RIVER FAULT SYSTEM","feature_type":"FAULT","fault_throw":"DTSE","line_style":"FAULT","quadrangle_name":"Valley View","gq_number":"470"},"geometry":{"type":"LineString","coordinates":[[-84.45561,37.84747],[-84.45405,37.84895],[-84.45318,37.85001]]}},{"type":"Feature","properties":{"fault_name":" ","feature_type":"FAULT","fault_throw":"DTNE","line_style":"FAULT","quadrangle_name":"Union City","gq_number":"585"},"geometry":{"type":"LineString","coordinates":[[-84.16505,37.84505],[-84.16444,37.84406],[-84.16256,37.84179],[-84.16111,37.84046]]}},{"type":"Feature","properties":{"fault_name":"KENTUCKY RIVER FAULT SYSTEM","feature_type":"FAULT","fault_throw":"DTSE","line_style":"CONCEALED_FAULT","quadrangle_name":"Valley View","gq_number":"470"},"geometry":{"type":"LineString","coordinates":[[-84.45606,37.84705],[-84.45561,37.84747]]}},{"type":"Feature","properties":{"fault_name":" ","feature_type":"FAULT","fault_throw":"DTSW","line_style":"FAULT","quadrangle_name":"Palmer","gq_number":"613"},"geometry":{"type":"LineString","coordinates":[[-84.06232,37.84072],[-84.05947,37.83774]]}},{"type":"Feature","properties":{"fault_name":" ","feature_type":"FAULT","fault_throw":"DTNE","line_style":"CONCEALED_FAULT","quadrangle_name":"Union City","gq_number":"585"},"geometry":{"type":"LineString","coordinates":[[-84.16111,37.84046],[-84.15982,37.83965]]}},{"type":"Feature","properties":{"fault_name":"LEXINGTON FAULT SYSTEM","feature_type":"FAULT","fault_throw":"DTNW","line_style":"FAULT","quadrangle_name":"Little Hickman","gq_number":"792"},"geometry":{"type":"LineString","coordinates":[[-84.52087,37.85729],[-84.52313,37.85556],[-84.52498,37.85366],[-84.52587,37.85216],[-84.52805,37.84732]]}},{"type":"Feature","properties":{"fault_name":"LEXINGTON FAULT SYSTEM","feature_type":"FAULT","fault_throw":"DTSE","line_style":"FAULT","quadrangle_name":"Little Hickman","gq_number":"792"},"geometry":{"type":"LineString","coordinates":[[-84.52087,37.85729],[-84.52409,37.8559],[-84.52527,37.85514],[-84.52599,37.8544],[-84.52696,37.85239],[-84.52788,37.84866],[-84.52805,37.84732]]}},{"type":"Feature","properties":{"fault_name":"KENTUCKY RIVER FAULT SYSTEM","feature_type":"FAULT","fault_throw":"DTSE","line_style":"FAULT","quadrangle_name":"Valley View","gq_number":"470"},"geometry":{"type":"LineString","coordinates":[[-84.45796,37.84541],[-84.45606,37.84705]]}},{"type":"Feature","properties":{"fault_name":" ","feature_type":"FAULT","fault_throw":"DTSW","line_style":"CONCEALED_FAULT","quadrangle_name":"Palmer","gq_number":"613"},"geometry":{"type":"LineString","coordinates":[[-84.03335,37.83836],[-84.03095,37.83581]]}},{"type":"Feature","properties":{"fault_name":" ","feature_type":"FAULT","fault_throw":"DTSW","line_style":"CONCEALED_FAULT","quadrangle_name":"Palmer","gq_number":"613"},"geometry":{"type":"LineString","coordinates":[[-84.03095,37.83581],[-84.02998,37.83476]]}},{"type":"Feature","properties":{"fault_name":"KENTUCKY RIVER FAULT SYSTEM","feature_type":"FAULT","fault_throw":"DTSE","line_style":"FAULT","quadrangle_name":"Valley View","gq_number":"470"},"geometry":{"type":"LineString","coordinates":[[-84.45925,37.84445],[-84.45796,37.84541]]}},{"type":"Feature","properties":{"fault_name":" ","feature_type":"FAULT","fault_throw":"DTSW","line_style":"CONCEALED_FAULT","quadrangle_name":"Palmer","gq_number":"613"},"geometry":{"type":"LineString","coordinates":[[-84.05947,37.83774],[-84.05746,37.83561]]}},{"type":"Feature","properties":{"fault_name":" ","feature_type":"FAULT","fault_throw":"DTSW","line_style":"CONCEALED_FAULT","quadrangle_name":"Palmer","gq_number":"613"},"geometry":{"type":"LineString","coordinates":[[-84.05746,37.83561],[-84.05654,37.83466]]}},{"type":"Feature","properties":{"fault_name":" ","feature_type":"FAULT","fault_throw":"DTSW","line_style":"FAULT","quadrangle_name":"Palmer","gq_number":"613"},"geometry":{"type":"LineString","coordinates":[[-84.05654,37.83466],[-84.0562,37.8343]]}},{"type":"Feature","properties":{"fault_name":"KENTUCKY RIVER FAULT SYSTEM","feature_type":"FAULT","fault_throw":"DTSE","line_style":"FAULT","quadrangle_name":"Valley View","gq_number":"470"},"geometry":{"type":"LineString","coordinates":[[-84.46065,37.84363],[-84.45925,37.84445]]}},{"type":"Feature","properties":{"fault_name":" ","feature_type":"FAULT","fault_throw":"DTSW","line_style":"FAULT","quadrangle_name":"Palmer","gq_number":"613"},"geometry":{"type":"LineString","coordinates":[[-84.02998,37.83476],[-84.02858,37.8332]]}},{"type":"Feature","properties":{"fault_name":"KENTUCKY RIVER FAULT SYSTEM","feature_type":"FAULT","fault_throw":"DTNW","line_style":"FAULT","quadrangle_name":"Valley View","gq_number":"470"},"geometry":{"type":"LineString","coordinates":[[-84.45925,37.84445],[-84.45982,37.84326]]}},{"type":"Feature","properties":{"fault_name":"KENTUCKY RIVER FAULT SYSTEM","feature_type":"FAULT","fault_throw":"DTSE","line_style":"CONCEALED_FAULT","quadrangle_name":"Valley View","gq_number":"470"},"geometry":{"type":"LineString","coordinates":[[-84.46188,37.84309],[-84.46065,37.84363]]}},{"type":"Feature","properties":{"fault_name":"KENTUCKY RIVER FAULT SYSTEM","feature_type":"FAULT","fault_throw":"DTSE","line_style":"CONCEALED_FAULT","quadrangle_name":"Valley View","gq_number":"470"},"geometry":{"type":"LineString","coordinates":[[-84.4626,37.84293],[-84.46188,37.84309]]}},{"type":"Feature","properties":{"fault_name":"KENTUCKY RIVER FAULT SYSTEM","feature_type":"FAULT","fault_throw":"DTW","line_style":"FAULT","quadrangle_name":"Valley View","gq_number":"470"},"geometry":{"type":"LineString","coordinates":[[-84.45796,37.84541],[-84.45833,37.84272]]}},{"type":"Feature","properties":{"fault_name":"KENTUCKY RIVER FAULT SYSTEM","feature_type":"FAULT","fault_throw":"DTW","line_style":"FAULT","quadrangle_name":"Valley View","gq_number":"470"},"geometry":{"type":"LineString","coordinates":[[-84.45166,37.85164],[-84.45103,37.84176]]}},{"type":"Feature","properties":{"fault_name":"KENTUCKY RIVER FAULT SYSTEM","feature_type":"FAULT","fault_throw":"DTNW","line_style":"CONCEALED_FAULT","quadrangle_name":"Valley View","gq_number":"470"},"geometry":{"type":"LineString","coordinates":[[-84.45982,37.84326],[-84.46044,37.84224]]}},{"type":"Feature","properties":{"fault_name":"KENTUCKY RIVER FAULT SYSTEM","feature_type":"FAULT","fault_throw":"DTNW","line_style":"CONCEALED_FAULT","quadrangle_name":"Valley View","gq_number":"470"},"geometry":{"type":"LineString","coordinates":[[-84.46044,37.84224],[-84.46068,37.84188]]}},{"type":"Feature","properties":{"fault_name":"KENTUCKY RIVER FAULT SYSTEM","feature_type":"FAULT","fault_throw":"DTNW","line_style":"FAULT","quadrangle_name":"Valley View","gq_number":"470"},"geometry":{"type":"LineString","coordinates":[[-84.46068,37.84188],[-84.46092,37.84161]]}},{"type":"Feature","properties":{"fault_name":"KENTUCKY RIVER FAULT SYSTEM","feature_type":"FAULT","fault_throw":"DTW","line_style":"CONCEALED_FAULT","quadrangle_name":"Valley View","gq_number":"470"},"geometry":{"type":"LineString","coordinates":[[-84.45833,37.84272],[-84.45822,37.84131]]}},{"type":"Feature","properties":{"fault_name":"KENTUCKY RIVER FAULT SYSTEM","feature_type":"FAULT","fault_throw":"DTW","line_style":"CONCEALED_FAULT","quadrangle_name":"Valley View","gq_number":"470"},"geometry":{"type":"LineString","coordinates":[[-84.45822,37.84131],[-84.4582,37.84092]]}},{"type":"Feature","properties":{"fault_name":"KENTUCKY RIVER FAULT SYSTEM","feature_type":"FAULT","fault_throw":"DTS","line_style":"FAULT","quadrangle_name":"Valley View","gq_number":"470"},"geometry":{"type":"LineString","coordinates":[[-84.48371,37.84101],[-84.47948,37.84157],[-84.47154,37.84296],[-84.4697,37.84304],[-84.46534,37.84274],[-84.4626,37.84293]]}},{"type":"Feature","properties":{"fault_name":"KENTUCKY RIVER FAULT SYSTEM","feature_type":"FAULT","fault_throw":"DTS","line_style":"CONCEALED_FAULT","quadrangle_name":"Valley View","gq_number":"470"},"geometry":{"type":"LineString","coordinates":[[-84.48538,37.84077],[-84.48533,37.84078]]}},{"type":"Feature","properties":{"fault_name":"KENTUCKY RIVER FAULT SYSTEM","feature_type":"FAULT","fault_throw":"DTS","line_style":"CONCEALED_FAULT","quadrangle_name":"Valley View","gq_number":"470"},"geometry":{"type":"LineString","coordinates":[[-84.48533,37.84078],[-84.48371,37.84101]]}},{"type":"Feature","properties":{"fault_name":"KENTUCKY RIVER FAULT SYSTEM","feature_type":"FAULT","fault_throw":"DTW","line_style":"CONCEALED_FAULT","quadrangle_name":"Valley View","gq_number":"470"},"geometry":{"type":"LineString","coordinates":[[-84.45103,37.84176],[-84.45086,37.84006]]}},{"type":"Feature","properties":{"fault_name":"KENTUCKY RIVER FAULT SYSTEM","feature_type":"FAULT","fault_throw":"DTW","line_style":"CONCEALED_FAULT","quadrangle_name":"Valley View","gq_number":"470"},"geometry":{"type":"LineString","coordinates":[[-84.45086,37.84006],[-84.45085,37.83996]]}},{"type":"Feature","properties":{"fault_name":" ","feature_type":"FAULT","fault_throw":"DTNE","line_style":"FAULT","quadrangle_name":"Union City","gq_number":"585"},"geometry":{"type":"LineString","coordinates":[[-84.15982,37.83965],[-84.15748,37.83831],[-84.15063,37.83485],[-84.14754,37.83298]]}},{"type":"Feature","properties":{"fault_name":"LEXINGTON FAULT SYSTEM","feature_type":"FAULT","fault_throw":"DTE","line_style":"FAULT","quadrangle_name":"Little Hickman","gq_number":"792"},"geometry":{"type":"LineString","coordinates":[[-84.53383,37.85076],[-84.53585,37.84909],[-84.5381,37.8464],[-84.53993,37.84307],[-84.5401,37.84261],[-84.54019,37.84125]]}},{"type":"Feature","properties":{"fault_name":"LEXINGTON FAULT SYSTEM","feature_type":"FAULT","fault_throw":"DTE","line_style":"FAULT","quadrangle_name":"Little Hickman","gq_number":"792"},"geometry":{"type":"LineString","coordinates":[[-84.53331,37.8751],[-84.53346,37.87285],[-84.53461,37.86861],[-84.53565,37.86556],[-84.53691,37.86266],[-84.53863,37.85926],[-84.53943,37.85796],[-84.54165,37.8532],[-84.54193,37.851],[-84.54179,37.84914],[-84.54149,37.84751],[-84.54028,37.84295],[-84.54019,37.84125]]}},{"type":"Feature","properties":{"fault_name":" ","feature_type":"FAULT","fault_throw":"DTNE","line_style":"CONCEALED_FAULT","quadrangle_name":"Union City","gq_number":"585"},"geometry":{"type":"LineString","coordinates":[[-84.14754,37.83298],[-84.14641,37.8323]]}},{"type":"Feature","properties":{"fault_name":"KENTUCKY RIVER FAULT SYSTEM","feature_type":"FAULT","fault_throw":"DTS","line_style":"CONCEALED_FAULT","quadrangle_name":"Little Hickman","gq_number":"792"},"geometry":{"type":"LineString","coordinates":[[-84.50521,37.84045],[-84.50728,37.8404]]}},{"type":"Feature","properties":{"fault_name":"KENTUCKY RIVER FAULT SYSTEM","feature_type":"FAULT","fault_throw":"DTS","line_style":"FAULT","quadrangle_name":"Little Hickman","gq_number":"792"},"geometry":{"type":"LineString","coordinates":[[-84.49994,37.84023],[-84.50271,37.84046],[-84.50521,37.84045]]}},{"type":"Feature","properties":{"fault_name":"KENTUCKY RIVER FAULT SYSTEM","feature_type":"FAULT","fault_throw":"DTW","line_style":"FAULT","quadrangle_name":"Valley View","gq_number":"470"},"geometry":{"type":"LineString","coordinates":[[-84.45085,37.83996],[-84.45078,37.83905]]}},{"type":"Feature","properties":{"fault_name":"KENTUCKY RIVER FAULT SYSTEM","feature_type":"FAULT","fault_throw":"DTS","line_style":"FAULT","quadrangle_name":"Valley View","gq_number":"470"},"geometry":{"type":"LineString","coordinates":[[-84.49994,37.84023],[-84.49801,37.83984],[-84.49594,37.83974],[-84.495,37.83986],[-84.49255,37.84055],[-84.49064,37.84061],[-84.48785,37.84044],[-84.48538,37.84077]]}},{"type":"Feature","properties":{"fault_name":"KENTUCKY RIVER FAULT SYSTEM","feature_type":"FAULT","fault_throw":"DTW","line_style":"CONCEALED_FAULT","quadrangle_name":"Valley View","gq_number":"470"},"geometry":{"type":"LineString","coordinates":[[-84.45078,37.83905],[-84.45076,37.83866]]}},{"type":"Feature","properties":{"fault_name":"KENTUCKY RIVER FAULT SYSTEM","feature_type":"FAULT","fault_throw":"DTS","line_style":"FAULT","quadrangle_name":"Little Hickman","gq_number":"792"},"geometry":{"type":"LineString","coordinates":[[-84.50728,37.8404],[-84.50885,37.84035],[-84.51217,37.83984]]}},{"type":"Feature","properties":{"fault_name":"KENTUCKY RIVER FAULT SYSTEM","feature_type":"FAULT","fault_throw":"DTNW","line_style":"FAULT","quadrangle_name":"Valley View","gq_number":"470"},"geometry":{"type":"LineString","coordinates":[[-84.46092,37.84161],[-84.46256,37.84005],[-84.46493,37.83865]]}},{"type":"Feature","properties":{"fault_name":"LEXINGTON FAULT SYSTEM","feature_type":"FAULT","fault_throw":"DTW","line_style":"FAULT","quadrangle_name":"Little Hickman","gq_number":"792"},"geometry":{"type":"LineString","coordinates":[[-84.52805,37.84732],[-84.52874,37.84535],[-84.52907,37.84308],[-84.52904,37.84216],[-84.52876,37.84081],[-84.52829,37.83971]]}},{"type":"Feature","properties":{"fault_name":"KENTUCKY RIVER FAULT SYSTEM","feature_type":"FAULT","fault_throw":"DTS","line_style":"FAULT","quadrangle_name":"Little Hickman","gq_number":"792"},"geometry":{"type":"LineString","coordinates":[[-84.51217,37.83984],[-84.51754,37.83881]]}},{"type":"Feature","properties":{"fault_name":"KENTUCKY RIVER FAULT SYSTEM","feature_type":"FAULT","fault_throw":"DTN","line_style":"FAULT","quadrangle_name":"Little Hickman","gq_number":"792"},"geometry":{"type":"LineString","coordinates":[[-84.51754,37.83881],[-84.51651,37.83939],[-84.51521,37.8399],[-84.51386,37.84],[-84.51217,37.83984]]}},{"type":"Feature","properties":{"fault_name":"LEXINGTON FAULT SYSTEM","feature_type":"FAULT","fault_throw":"DTE","line_style":"FAULT","quadrangle_name":"Little Hickman","gq_number":"792"},"geometry":{"type":"LineString","coordinates":[[-84.54019,37.84125],[-84.54013,37.83945],[-84.53983,37.83867]]}},{"type":"Feature","properties":{"fault_name":"KENTUCKY RIVER FAULT SYSTEM","feature_type":"FAULT","fault_throw":"DTN","line_style":"CONCEALED_FAULT","quadrangle_name":"Valley View","gq_number":"470"},"geometry":{"type":"LineString","coordinates":[[-84.48064,37.83711],[-84.47671,37.83755]]}},{"type":"Feature","properties":{"fault_name":"KENTUCKY RIVER FAULT SYSTEM","feature_type":"FAULT","fault_throw":"DTN","line_style":"FAULT","quadrangle_name":"Valley View","gq_number":"470"},"geometry":{"type":"LineString","coordinates":[[-84.48302,37.83683],[-84.48064,37.83711]]}},{"type":"Feature","properties":{"fault_name":"KENTUCKY RIVER FAULT SYSTEM","feature_type":"FAULT","fault_throw":"DTN","line_style":"CONCEALED_FAULT","quadrangle_name":"Valley View","gq_number":"470"},"geometry":{"type":"LineString","coordinates":[[-84.48446,37.83666],[-84.48437,37.83667]]}},{"type":"Feature","properties":{"fault_name":"KENTUCKY RIVER FAULT SYSTEM","feature_type":"FAULT","fault_throw":"DTN","line_style":"CONCEALED_FAULT","quadrangle_name":"Valley View","gq_number":"470"},"geometry":{"type":"LineString","coordinates":[[-84.48437,37.83667],[-84.48302,37.83683]]}},{"type":"Feature","properties":{"fault_name":"LEXINGTON FAULT SYSTEM","feature_type":"FAULT","fault_throw":"DTE","line_style":"FAULT","quadrangle_name":"Little Hickman","gq_number":"792"},"geometry":{"type":"LineString","coordinates":[[-84.53977,37.84028],[-84.53959,37.83922],[-84.539,37.83748]]}},{"type":"Feature","properties":{"fault_name":"KENTUCKY RIVER FAULT SYSTEM","feature_type":"FAULT","fault_throw":"DTW","line_style":"FAULT","quadrangle_name":"Valley View","gq_number":"470"},"geometry":{"type":"LineString","coordinates":[[-84.4582,37.84092],[-84.45765,37.83564]]}},{"type":"Feature","properties":{"fault_name":"KENTUCKY RIVER FAULT SYSTEM","feature_type":"FAULT","fault_throw":"DTN","line_style":"CONCEALED_FAULT","quadrangle_name":"Little Hickman","gq_number":"792"},"geometry":{"type":"LineString","coordinates":[[-84.50841,37.83658],[-84.50922,37.83671],[-84.51524,37.8367],[-84.51827,37.83626]]}},{"type":"Feature","properties":{"fault_name":"KENTUCKY RIVER FAULT SYSTEM","feature_type":"FAULT","fault_throw":"DTN","line_style":"CONCEALED_FAULT","quadrangle_name":"Little Hickman","gq_number":"792"},"geometry":{"type":"LineString","coordinates":[[-84.51827,37.83626],[-84.51903,37.83615]]}},{"type":"Feature","properties":{"fault_name":"KENTUCKY RIVER FAULT SYSTEM","feature_type":"FAULT","fault_throw":"DTSE","line_style":"FAULT","quadrangle_name":"Little Hickman","gq_number":"792"},"geometry":{"type":"LineString","coordinates":[[-84.51754,37.83881],[-84.52436,37.8373],[-84.52817,37.8363]]}},{"type":"Feature","properties":{"fault_name":"LEXINGTON FAULT SYSTEM","feature_type":"FAULT","fault_throw":"DTE","line_style":"FAULT","quadrangle_name":"Little Hickman","gq_number":"792"},"geometry":{"type":"LineString","coordinates":[[-84.54109,37.83645],[-84.54026,37.83762],[-84.53983,37.83867]]}},{"type":"Feature","properties":{"fault_name":"LEXINGTON FAULT SYSTEM","feature_type":"FAULT","fault_throw":"DTE","line_style":"FAULT","quadrangle_name":"Little Hickman","gq_number":"792"},"geometry":{"type":"LineString","coordinates":[[-84.5417,37.83958],[-84.54156,37.83835],[-84.54109,37.83645]]}},{"type":"Feature","properties":{"fault_name":"KENTUCKY RIVER FAULT SYSTEM","feature_type":"FAULT","fault_throw":"DTN","line_style":"FAULT","quadrangle_name":"Little Hickman","gq_number":"792"},"geometry":{"type":"LineString","coordinates":[[-84.49994,37.83559],[-84.50322,37.83613],[-84.5061,37.83615],[-84.50841,37.83658]]}},{"type":"Feature","properties":{"fault_name":"KENTUCKY RIVER FAULT SYSTEM","feature_type":"FAULT","fault_throw":"DTN","line_style":"FAULT","quadrangle_name":"Valley View","gq_number":"470"},"geometry":{"type":"LineString","coordinates":[[-84.49994,37.83559],[-84.49804,37.83551],[-84.49463,37.83589],[-84.48446,37.83666]]}},{"type":"Feature","properties":{"fault_name":"KENTUCKY RIVER FAULT SYSTEM","feature_type":"FAULT","fault_throw":"DTNW","line_style":"CONCEALED_FAULT","quadrangle_name":"Little Hickman","gq_number":"792"},"geometry":{"type":"LineString","coordinates":[[-84.51827,37.83626],[-84.51915,37.8359]]}},{"type":"Feature","properties":{"fault_name":"KENTUCKY RIVER FAULT SYSTEM","feature_type":"FAULT","fault_throw":"DTE","line_style":"FAULT","quadrangle_name":"Valley View","gq_number":"470"},"geometry":{"type":"LineString","coordinates":[[-84.46092,37.84161],[-84.46139,37.83861],[-84.46133,37.83421]]}},{"type":"Feature","properties":{"fault_name":" ","feature_type":"FAULT","fault_throw":"DTNE","line_style":"FAULT","quadrangle_name":"Union City","gq_number":"585"},"geometry":{"type":"LineString","coordinates":[[-84.14641,37.8323],[-84.14205,37.82982],[-84.13671,37.82629],[-84.13608,37.82575]]}},{"type":"Feature","properties":{"fault_name":" ","feature_type":"FAULT","fault_throw":"DTNE","line_style":"CONCEALED_FAULT","quadrangle_name":"Union City","gq_number":"585"},"geometry":{"type":"LineString","coordinates":[[-84.13608,37.82575],[-84.13489,37.82507]]}},{"type":"Feature","properties":{"fault_name":"KENTUCKY RIVER FAULT SYSTEM","feature_type":"FAULT","fault_throw":"DTSE","line_style":"FAULT","quadrangle_name":"Little Hickman","gq_number":"792"},"geometry":{"type":"LineString","coordinates":[[-84.52817,37.8363],[-84.5309,37.83557],[-84.53172,37.83492],[-84.53221,37.83406]]}},{"type":"Feature","properties":{"fault_name":"LEXINGTON FAULT SYSTEM","feature_type":"FAULT","fault_throw":"DTW","line_style":"FAULT","quadrangle_name":"Little Hickman","gq_number":"792"},"geometry":{"type":"LineString","coordinates":[[-84.53383,37.85076],[-84.53425,37.8501],[-84.53457,37.8491],[-84.53467,37.84717],[-84.5343,37.84249],[-84.53415,37.84109],[-84.53367,37.83936],[-84.53184,37.83628],[-84.53187,37.83507],[-84.53221,37.83406]]}},{"type":"Feature","properties":{"fault_name":"RICHMOND FAULT","feature_type":"FAULT","fault_throw":"DTNE","line_style":"FAULT","quadrangle_name":"Valley View","gq_number":"470"},"geometry":{"type":"LineString","coordinates":[[-84.42002,37.83123],[-84.42128,37.83179]]}},{"type":"Feature","properties":{"fault_name":"KENTUCKY RIVER FAULT SYSTEM","feature_type":"FAULT","fault_throw":"DTSE","line_style":"FAULT","quadrangle_name":"Little Hickman","gq_number":"792"},"geometry":{"type":"LineString","coordinates":[[-84.53305,37.83302],[-84.53099,37.83439],[-84.52922,37.83576],[-84.52817,37.8363]]}},{"type":"Feature","properties":{"fault_name":"LEXINGTON FAULT SYSTEM","feature_type":"FAULT","fault_throw":"DTSE","line_style":"FAULT","quadrangle_name":"Little Hickman","gq_number":"792"},"geometry":{"type":"LineString","coordinates":[[-84.53221,37.83406],[-84.53305,37.83302]]}},{"type":"Feature","properties":{"fault_name":"RICHMOND FAULT","feature_type":"FAULT","fault_throw":"DTNE","line_style":"CONCEALED_FAULT","quadrangle_name":"Valley View","gq_number":"470"},"geometry":{"type":"LineString","coordinates":[[-84.41766,37.83014],[-84.42002,37.83123]]}},{"type":"Feature","properties":{"fault_name":"LEXINGTON FAULT SYSTEM","feature_type":"FAULT","fault_throw":"DTSE","line_style":"FAULT","quadrangle_name":"Little Hickman","gq_number":"792"},"geometry":{"type":"LineString","coordinates":[[-84.53305,37.83302],[-84.53397,37.83225],[-84.53646,37.8306]]}},{"type":"Feature","properties":{"fault_name":"LEXINGTON FAULT SYSTEM","feature_type":"FAULT","fault_throw":"DTE","line_style":"FAULT","quadrangle_name":"Little Hickman","gq_number":"792"},"geometry":{"type":"LineString","coordinates":[[-84.53983,37.83867],[-84.53962,37.83813],[-84.53727,37.83458],[-84.53643,37.83264],[-84.53633,37.83134],[-84.53646,37.8306]]}},{"type":"Feature","properties":{"fault_name":"KENTUCKY RIVER FAULT SYSTEM","feature_type":"FAULT","fault_throw":"DTNW","line_style":"FAULT","quadrangle_name":"Little Hickman","gq_number":"792"},"geometry":{"type":"LineString","coordinates":[[-84.51915,37.8359],[-84.5206,37.83511],[-84.52967,37.82828]]}},{"type":"Feature","properties":{"fault_name":"LEXINGTON FAULT SYSTEM","feature_type":"FAULT","fault_throw":"DTSE","line_style":"FAULT","quadrangle_name":"Little Hickman","gq_number":"792"},"geometry":{"type":"LineString","coordinates":[[-84.53646,37.8306],[-84.54031,37.8288],[-84.54163,37.82779]]}},{"type":"Feature","properties":{"fault_name":"LEXINGTON FAULT SYSTEM","feature_type":"FAULT","fault_throw":"DTE","line_style":"FAULT","quadrangle_name":"Little Hickman","gq_number":"792"},"geometry":{"type":"LineString","coordinates":[[-84.54109,37.83645],[-84.54078,37.83554],[-84.54063,37.83393],[-84.54096,37.83015],[-84.54163,37.82779]]}},{"type":"Feature","properties":{"fault_name":"KENTUCKY RIVER FAULT SYSTEM","feature_type":"FAULT","fault_throw":"DTNW","line_style":"FAULT","quadrangle_name":"Little Hickman","gq_number":"792"},"geometry":{"type":"LineString","coordinates":[[-84.51903,37.83615],[-84.52259,37.83551],[-84.52545,37.8345],[-84.52795,37.83334],[-84.53035,37.83186],[-84.53172,37.83119],[-84.53903,37.82798],[-84.54103,37.82673]]}},{"type":"Feature","properties":{"fault_name":" ","feature_type":"FAULT","fault_throw":"DTNE","line_style":"FAULT","quadrangle_name":"Union City","gq_number":"585"},"geometry":{"type":"LineString","coordinates":[[-84.13489,37.82507],[-84.1289,37.82034],[-84.12575,37.81772],[-84.12493,37.81679]]}},{"type":"Feature","properties":{"fault_name":"LEXINGTON FAULT SYSTEM","feature_type":"FAULT","fault_throw":"DTNE","line_style":"FAULT","quadrangle_name":"Little Hickman","gq_number":"792"},"geometry":{"type":"LineString","coordinates":[[-84.52792,37.82583],[-84.52882,37.82691],[-84.52967,37.82828]]}},{"type":"Feature","properties":{"fault_name":"LEXINGTON FAULT SYSTEM","feature_type":"FAULT","fault_throw":"DTS","line_style":"FAULT","quadrangle_name":"Little Hickman","gq_number":"792"},"geometry":{"type":"LineString","coordinates":[[-84.52792,37.82583],[-84.52375,37.82521]]}},{"type":"Feature","properties":{"fault_name":" ","feature_type":"FAULT","fault_throw":"DTNE","line_style":"FAULT","quadrangle_name":"Palmer","gq_number":"613"},"geometry":{"type":"LineString","coordinates":[[-84.12493,37.81679],[-84.12472,37.81643],[-84.12203,37.81366]]}},{"type":"Feature","properties":{"fault_name":"LEXINGTON FAULT SYSTEM","feature_type":"FAULT","fault_throw":"DTNE","line_style":"FAULT","quadrangle_name":"Little Hickman","gq_number":"792"},"geometry":{"type":"LineString","coordinates":[[-84.52792,37.82583],[-84.52639,37.82422],[-84.52558,37.82359],[-84.5248,37.82307],[-84.52146,37.82143]]}},{"type":"Feature","properties":{"fault_name":"LEXINGTON FAULT SYSTEM","feature_type":"FAULT","fault_throw":"DTNE","line_style":"FAULT","quadrangle_name":"Little Hickman","gq_number":"792"},"geometry":{"type":"LineString","coordinates":[[-84.52146,37.82143],[-84.51659,37.81952]]}},{"type":"Feature","properties":{"fault_name":"LEXINGTON FAULT SYSTEM","feature_type":"FAULT","fault_throw":"DTN","line_style":"CONCEALED_FAULT","quadrangle_name":"Little Hickman","gq_number":"792"},"geometry":{"type":"LineString","coordinates":[[-84.51659,37.81952],[-84.51387,37.8187]]}},{"type":"Feature","properties":{"fault_name":"LEXINGTON FAULT SYSTEM","feature_type":"FAULT","fault_throw":"DTNE","line_style":"FAULT","quadrangle_name":"Little Hickman","gq_number":"792"},"geometry":{"type":"LineString","coordinates":[[-84.52146,37.82143],[-84.5179,37.81866]]}},{"type":"Feature","properties":{"fault_name":"LEXINGTON FAULT SYSTEM","feature_type":"FAULT","fault_throw":"DTN","line_style":"FAULT","quadrangle_name":"Little Hickman","gq_number":"792"},"geometry":{"type":"LineString","coordinates":[[-84.51387,37.8187],[-84.51155,37.8182]]}},{"type":"Feature","properties":{"fault_name":"LEXINGTON FAULT SYSTEM","feature_type":"FAULT","fault_throw":"DTNW","line_style":"FAULT","quadrangle_name":"Little Hickman","gq_number":"792"},"geometry":{"type":"LineString","coordinates":[[-84.52967,37.82828],[-84.53101,37.82715],[-84.53862,37.82165],[-84.54071,37.82052],[-84.54353,37.81945],[-84.54478,37.81875]]}},{"type":"Feature","properties":{"fault_name":"LEXINGTON FAULT SYSTEM","feature_type":"FAULT","fault_throw":"DTNE","line_style":"CONCEALED_FAULT","quadrangle_name":"Little Hickman","gq_number":"792"},"geometry":{"type":"LineString","coordinates":[[-84.5179,37.81866],[-84.51683,37.81779]]}},{"type":"Feature","properties":{"fault_name":"RICHMOND FAULT","feature_type":"FAULT","fault_throw":"DTNE","line_style":"FAULT","quadrangle_name":"Valley View","gq_number":"470"},"geometry":{"type":"LineString","coordinates":[[-84.37494,37.8141],[-84.37626,37.81455],[-84.37831,37.81505],[-84.38124,37.81614],[-84.3835,37.81676],[-84.38668,37.81797],[-84.39853,37.82178],[-84.40592,37.82496],[-84.40964,37.82624],[-84.41766,37.83014]]}},{"type":"Feature","properties":{"fault_name":" ","feature_type":"FAULT","fault_throw":"DTNE","line_style":"CONCEALED_FAULT","quadrangle_name":"Palmer","gq_number":"613"},"geometry":{"type":"LineString","coordinates":[[-84.12203,37.81366],[-84.12155,37.81313]]}},{"type":"Feature","properties":{"fault_name":" ","feature_type":"FAULT","fault_throw":"DTNE","line_style":"CONCEALED_FAULT","quadrangle_name":"Palmer","gq_number":"613"},"geometry":{"type":"LineString","coordinates":[[-84.12155,37.81313],[-84.11949,37.81055],[-84.11715,37.80803]]}},{"type":"Feature","properties":{"fault_name":" ","feature_type":"FAULT","fault_throw":"DTNE","line_style":"FAULT","quadrangle_name":"Palmer","gq_number":"613"},"geometry":{"type":"LineString","coordinates":[[-84.11715,37.80803],[-84.11662,37.80748]]}},{"type":"Feature","properties":{"fault_name":"LEXINGTON FAULT SYSTEM","feature_type":"FAULT","fault_throw":"DTNW","line_style":"CONCEALED_FAULT","quadrangle_name":"Little Hickman","gq_number":"792"},"geometry":{"type":"LineString","coordinates":[[-84.54478,37.81875],[-84.54617,37.81759],[-84.55004,37.81356],[-84.55076,37.81296]]}},{"type":"Feature","properties":{"fault_name":"LEXINGTON FAULT SYSTEM","feature_type":"FAULT","fault_throw":"DTSE","line_style":"FAULT","quadrangle_name":"Little Hickman","gq_number":"792"},"geometry":{"type":"LineString","coordinates":[[-84.54163,37.82779],[-84.54417,37.8255],[-84.54516,37.82487],[-84.54859,37.82311],[-84.54962,37.8224],[-84.55214,37.81974],[-84.55404,37.81733],[-84.5555,37.81593],[-84.5574,37.81472],[-84.5603,37.81321],[-84.56129,37.81251]]}},{"type":"Feature","properties":{"fault_name":"LEXINGTON FAULT SYSTEM","feature_type":"FAULT","fault_throw":"DTNW","line_style":"FAULT","quadrangle_name":"Little Hickman","gq_number":"792"},"geometry":{"type":"LineString","coordinates":[[-84.55076,37.81296],[-84.55392,37.81051]]}},{"type":"Feature","properties":{"fault_name":"LEXINGTON FAULT SYSTEM","feature_type":"FAULT","fault_throw":"DTNW","line_style":"CONCEALED_FAULT","quadrangle_name":"Little Hickman","gq_number":"792"},"geometry":{"type":"LineString","coordinates":[[-84.55392,37.81051],[-84.55451,37.81007]]}},{"type":"Feature","properties":{"fault_name":"LEXINGTON FAULT SYSTEM","feature_type":"FAULT","fault_throw":"DTSE","line_style":"CONCEALED_FAULT","quadrangle_name":"Little Hickman","gq_number":"792"},"geometry":{"type":"LineString","coordinates":[[-84.56129,37.81251],[-84.56401,37.81065],[-84.56503,37.81015]]}},{"type":"Feature","properties":{"fault_name":"LEXINGTON FAULT SYSTEM","feature_type":"FAULT","fault_throw":"DTNW","line_style":"FAULT","quadrangle_name":"Little Hickman","gq_number":"792"},"geometry":{"type":"LineString","coordinates":[[-84.55451,37.81007],[-84.55576,37.80908]]}},{"type":"Feature","properties":{"fault_name":" ","feature_type":"FAULT","fault_throw":"DTNE","line_style":"CONCEALED_FAULT","quadrangle_name":"Palmer","gq_number":"613"},"geometry":{"type":"LineString","coordinates":[[-84.11398,37.80482],[-84.11335,37.80418],[-84.11289,37.80347],[-84.11249,37.80233],[-84.11174,37.80096],[-84.11082,37.8],[-84.10872,37.79849]]}},{"type":"Feature","properties":{"fault_name":" ","feature_type":"FAULT","fault_throw":"DTNE","line_style":"CONCEALED_FAULT","quadrangle_name":"Palmer","gq_number":"613"},"geometry":{"type":"LineString","coordinates":[[-84.11662,37.80748],[-84.11533,37.80603],[-84.11398,37.80482]]}},{"type":"Feature","properties":{"fault_name":"LEXINGTON FAULT SYSTEM","feature_type":"FAULT","fault_throw":"DTNW","line_style":"CONCEALED_FAULT","quadrangle_name":"Little Hickman","gq_number":"792"},"geometry":{"type":"LineString","coordinates":[[-84.55576,37.80908],[-84.55675,37.80829]]}},{"type":"Feature","properties":{"fault_name":" ","feature_type":"FAULT","fault_throw":"DTNE","line_style":"FAULT","quadrangle_name":"Palmer","gq_number":"613"},"geometry":{"type":"LineString","coordinates":[[-84.10872,37.79849],[-84.10723,37.79758],[-84.10613,37.79708]]}},{"type":"Feature","properties":{"fault_name":"LEXINGTON FAULT SYSTEM","feature_type":"FAULT","fault_throw":"DTNW","line_style":"FAULT","quadrangle_name":"Little Hickman","gq_number":"792"},"geometry":{"type":"LineString","coordinates":[[-84.55675,37.80829],[-84.55848,37.80699]]}},{"type":"Feature","properties":{"fault_name":"LEXINGTON FAULT SYSTEM","feature_type":"FAULT","fault_throw":"DTNW","line_style":"CONCEALED_FAULT","quadrangle_name":"Little Hickman","gq_number":"792"},"geometry":{"type":"LineString","coordinates":[[-84.55848,37.80699],[-84.55984,37.80618],[-84.56049,37.80563]]}},{"type":"Feature","properties":{"fault_name":"RICHMOND FAULT","feature_type":"FAULT","fault_throw":"DTNE","line_style":"FAULT","quadrangle_name":"Richmond North","gq_number":"583"},"geometry":{"type":"LineString","coordinates":[[-84.37494,37.8141],[-84.37349,37.81359],[-84.36816,37.81129],[-84.36696,37.81059],[-84.36569,37.8095],[-84.36345,37.808],[-84.36229,37.80751],[-84.35999,37.80686],[-84.35918,37.8065],[-84.35784,37.80564],[-84.3537,37.80248],[-84.35194,37.80131],[-84.35042,37.80067],[-84.34765,37.79994]]}},{"type":"Feature","properties":{"fault_name":"LEXINGTON FAULT SYSTEM","feature_type":"FAULT","fault_throw":"DTSE","line_style":"FAULT","quadrangle_name":"Little Hickman","gq_number":"792"},"geometry":{"type":"LineString","coordinates":[[-84.56503,37.81015],[-84.56696,37.80892],[-84.57208,37.80474]]}},{"type":"Feature","properties":{"fault_name":"RICHMOND FAULT","feature_type":"FAULT","fault_throw":"DTNE","line_style":"CONCEALED_FAULT","quadrangle_name":"Richmond North","gq_number":"583"},"geometry":{"type":"LineString","coordinates":[[-84.34765,37.79994],[-84.34631,37.79973]]}},{"type":"Feature","properties":{"fault_name":"LEXINGTON FAULT SYSTEM","feature_type":"FAULT","fault_throw":"DTSE","line_style":"CONCEALED_FAULT","quadrangle_name":"Little Hickman","gq_number":"792"},"geometry":{"type":"LineString","coordinates":[[-84.57208,37.80474],[-84.5727,37.80425]]}},{"type":"Feature","properties":{"fault_name":"LEXINGTON FAULT SYSTEM","feature_type":"FAULT","fault_throw":"DTNW","line_style":"FAULT","quadrangle_name":"Little Hickman","gq_number":"792"},"geometry":{"type":"LineString","coordinates":[[-84.5641,37.80715],[-84.56779,37.805],[-84.56899,37.80417]]}},{"type":"Feature","properties":{"fault_name":"LEXINGTON FAULT SYSTEM","feature_type":"FAULT","fault_throw":"DTNW","line_style":"CONCEALED_FAULT","quadrangle_name":"Little Hickman","gq_number":"792"},"geometry":{"type":"LineString","coordinates":[[-84.56899,37.80417],[-84.56971,37.8035]]}},{"type":"Feature","properties":{"fault_name":"LEXINGTON FAULT SYSTEM","feature_type":"FAULT","fault_throw":"DTNW","line_style":"FAULT","quadrangle_name":"Little Hickman","gq_number":"792"},"geometry":{"type":"LineString","coordinates":[[-84.56049,37.80563],[-84.56174,37.80467],[-84.56545,37.80248]]}},{"type":"Feature","properties":{"fault_name":"LEXINGTON FAULT SYSTEM","feature_type":"FAULT","fault_throw":"DTNW","line_style":"CONCEALED_FAULT","quadrangle_name":"Little Hickman","gq_number":"792"},"geometry":{"type":"LineString","coordinates":[[-84.56545,37.80248],[-84.56625,37.80201]]}},{"type":"Feature","properties":{"fault_name":"RICHMOND FAULT","feature_type":"FAULT","fault_throw":"DTN","line_style":"CONCEALED_FAULT","quadrangle_name":"Richmond North","gq_number":"583"},"geometry":{"type":"LineString","coordinates":[[-84.31975,37.7963],[-84.31895,37.7961]]}},{"type":"Feature","properties":{"fault_name":"RICHMOND FAULT","feature_type":"FAULT","fault_throw":"DTNE","line_style":"FAULT","quadrangle_name":"Richmond North","gq_number":"583"},"geometry":{"type":"LineString","coordinates":[[-84.34631,37.79973],[-84.34494,37.79958],[-84.34263,37.79955],[-84.34146,37.79934],[-84.3396,37.79854],[-84.3369,37.79701],[-84.33546,37.79649],[-84.33391,37.79624],[-84.33189,37.79614],[-84.32839,37.79653],[-84.32687,37.79658],[-84.32577,37.79675],[-84.32421,37.79717],[-84.32349,37.79721],[-84.32184,37.79701],[-84.321,37.79664],[-84.31975,37.7963]]}},{"type":"Feature","properties":{"fault_name":"RICHMOND FAULT","feature_type":"FAULT","fault_throw":"DTNE","line_style":"FAULT","quadrangle_name":"Richmond North","gq_number":"583"},"geometry":{"type":"LineString","coordinates":[[-84.31225,37.80052],[-84.31089,37.80002],[-84.30823,37.79818],[-84.3042,37.79621],[-84.30291,37.79545]]}},{"type":"Feature","properties":{"fault_name":"RICHMOND FAULT","feature_type":"FAULT","fault_throw":"DTNE","line_style":"CONCEALED_FAULT","quadrangle_name":"Richmond North","gq_number":"583"},"geometry":{"type":"LineString","coordinates":[[-84.30742,37.79551],[-84.30698,37.79536]]}},{"type":"Feature","properties":{"fault_name":"RICHMOND FAULT","feature_type":"FAULT","fault_throw":"DTN","line_style":"FAULT","quadrangle_name":"Richmond North","gq_number":"583"},"geometry":{"type":"LineString","coordinates":[[-84.31895,37.7961],[-84.31694,37.79532],[-84.31399,37.79491],[-84.31223,37.79498],[-84.31032,37.79558],[-84.30933,37.79576],[-84.30854,37.79576],[-84.30742,37.79551]]}},{"type":"Feature","properties":{"fault_name":"LEXINGTON FAULT SYSTEM","feature_type":"FAULT","fault_throw":"DTNW","line_style":"FAULT","quadrangle_name":"Little Hickman","gq_number":"792"},"geometry":{"type":"LineString","coordinates":[[-84.56625,37.80201],[-84.56842,37.80025]]}},{"type":"Feature","properties":{"fault_name":"RICHMOND FAULT","feature_type":"FAULT","fault_throw":"DTNE","line_style":"CONCEALED_FAULT","quadrangle_name":"Richmond North","gq_number":"583"},"geometry":{"type":"LineString","coordinates":[[-84.30291,37.79545],[-84.30146,37.79439]]}},{"type":"Feature","properties":{"fault_name":"LEXINGTON FAULT SYSTEM","feature_type":"FAULT","fault_throw":"DTNW","line_style":"CONCEALED_FAULT","quadrangle_name":"Little Hickman","gq_number":"792"},"geometry":{"type":"LineString","coordinates":[[-84.56842,37.80025],[-84.56919,37.79961]]}},{"type":"Feature","properties":{"fault_name":"RICHMOND FAULT","feature_type":"FAULT","fault_throw":"DTNE","line_style":"FAULT","quadrangle_name":"Richmond North","gq_number":"583"},"geometry":{"type":"LineString","coordinates":[[-84.30146,37.79439],[-84.29925,37.79217]]}},{"type":"Feature","properties":{"fault_name":"RICHMOND FAULT","feature_type":"FAULT","fault_throw":"DTNE","line_style":"FAULT","quadrangle_name":"Richmond North","gq_number":"583"},"geometry":{"type":"LineString","coordinates":[[-84.30698,37.79536],[-84.3,37.79235],[-84.29925,37.79217]]}},{"type":"Feature","properties":{"fault_name":"LEXINGTON FAULT SYSTEM","feature_type":"FAULT","fault_throw":"DTSE","line_style":"FAULT","quadrangle_name":"Little Hickman","gq_number":"792"},"geometry":{"type":"LineString","coordinates":[[-84.5727,37.80425],[-84.57527,37.80228],[-84.57782,37.79945],[-84.57877,37.79803]]}},{"type":"Feature","properties":{"fault_name":"LEXINGTON FAULT SYSTEM","feature_type":"FAULT","fault_throw":"DTNW","line_style":"FAULT","quadrangle_name":"Little Hickman","gq_number":"792"},"geometry":{"type":"LineString","coordinates":[[-84.56971,37.8035],[-84.57381,37.79807],[-84.57494,37.7968]]}},{"type":"Feature","properties":{"fault_name":"LEXINGTON FAULT SYSTEM","feature_type":"FAULT","fault_throw":"DTNW","line_style":"CONCEALED_FAULT","quadrangle_name":"Little Hickman","gq_number":"792"},"geometry":{"type":"LineString","coordinates":[[-84.57494,37.7968],[-84.57553,37.79598]]}},{"type":"Feature","properties":{"fault_name":"LEXINGTON FAULT SYSTEM","feature_type":"FAULT","fault_throw":"DTNW","line_style":"FAULT","quadrangle_name":"Little Hickman","gq_number":"792"},"geometry":{"type":"LineString","coordinates":[[-84.56919,37.79961],[-84.57118,37.79779],[-84.57297,37.79577]]}},{"type":"Feature","properties":{"fault_name":"LEXINGTON FAULT SYSTEM","feature_type":"FAULT","fault_throw":"DTNW","line_style":"CONCEALED_FAULT","quadrangle_name":"Little Hickman","gq_number":"792"},"geometry":{"type":"LineString","coordinates":[[-84.57297,37.79577],[-84.57318,37.79547]]}},{"type":"Feature","properties":{"fault_name":"LEXINGTON FAULT SYSTEM","feature_type":"FAULT","fault_throw":"DTNW","line_style":"FAULT","quadrangle_name":"Little Hickman","gq_number":"792"},"geometry":{"type":"LineString","coordinates":[[-84.57553,37.79598],[-84.5762,37.79484]]}},{"type":"Feature","properties":{"fault_name":"LEXINGTON FAULT SYSTEM","feature_type":"FAULT","fault_throw":"DTSE","line_style":"CONCEALED_FAULT","quadrangle_name":"Little Hickman","gq_number":"792"},"geometry":{"type":"LineString","coordinates":[[-84.57877,37.79803],[-84.5797,37.79684],[-84.58214,37.79455]]}},{"type":"Feature","properties":{"fault_name":"RICHMOND FAULT","feature_type":"FAULT","fault_throw":"DTNE","line_style":"FAULT","quadrangle_name":"Richmond North","gq_number":"583"},"geometry":{"type":"LineString","coordinates":[[-84.29925,37.79217],[-84.29435,37.78952],[-84.29049,37.78806]]}},{"type":"Feature","properties":{"fault_name":"RICHMOND FAULT","feature_type":"FAULT","fault_throw":"DTNE","line_style":"CONCEALED_FAULT","quadrangle_name":"Richmond North","gq_number":"583"},"geometry":{"type":"LineString","coordinates":[[-84.29049,37.78806],[-84.28722,37.7871]]}},{"type":"Feature","properties":{"fault_name":" ","feature_type":"FAULT","fault_throw":"DTNE","line_style":"FAULT","quadrangle_name":"Wilmore","gq_number":"847"},"geometry":{"type":"LineString","coordinates":[[-84.62495,37.79165],[-84.62992,37.7937],[-84.634,37.79511]]}},{"type":"Feature","properties":{"fault_name":" ","feature_type":"FAULT","fault_throw":"DTN","line_style":"FAULT","quadrangle_name":"Little Hickman","gq_number":"792"},"geometry":{"type":"LineString","coordinates":[[-84.62495,37.79165],[-84.61974,37.79122],[-84.61783,37.79136],[-84.61664,37.79157]]}},{"type":"Feature","properties":{"fault_name":"RICHMOND FAULT","feature_type":"FAULT","fault_throw":"DTNE","line_style":"FAULT","quadrangle_name":"Richmond North","gq_number":"583"},"geometry":{"type":"LineString","coordinates":[[-84.28722,37.7871],[-84.28524,37.78639],[-84.27955,37.78341],[-84.27516,37.78249]]}},{"type":"Feature","properties":{"fault_name":"RICHMOND FAULT","feature_type":"FAULT","fault_throw":"DTNE","line_style":"CONCEALED_FAULT","quadrangle_name":"Richmond North","gq_number":"583"},"geometry":{"type":"LineString","coordinates":[[-84.27516,37.78249],[-84.27345,37.78178]]}},{"type":"Feature","properties":{"fault_name":"LEXINGTON FAULT SYSTEM","feature_type":"FAULT","fault_throw":"DTSE","line_style":"FAULT","quadrangle_name":"Little Hickman","gq_number":"792"},"geometry":{"type":"LineString","coordinates":[[-84.58214,37.79455],[-84.58546,37.7906],[-84.58825,37.78789]]}},{"type":"Feature","properties":{"fault_name":"LEXINGTON FAULT SYSTEM","feature_type":"FAULT","fault_throw":"DTSE","line_style":"CONCEALED_FAULT","quadrangle_name":"Little Hickman","gq_number":"792"},"geometry":{"type":"LineString","coordinates":[[-84.58825,37.78789],[-84.58839,37.78779]]}},{"type":"Feature","properties":{"fault_name":"RICHMOND FAULT","feature_type":"FAULT","fault_throw":"DTNE","line_style":"FAULT","quadrangle_name":"Richmond North","gq_number":"583"},"geometry":{"type":"LineString","coordinates":[[-84.27345,37.78178],[-84.27114,37.78048],[-84.26768,37.77901],[-84.26466,37.77917],[-84.26241,37.77881],[-84.26116,37.77846]]}},{"type":"Feature","properties":{"fault_name":"RICHMOND FAULT","feature_type":"FAULT","fault_throw":"DTNE","line_style":"CONCEALED_FAULT","quadrangle_name":"Richmond North","gq_number":"583"},"geometry":{"type":"LineString","coordinates":[[-84.26116,37.77846],[-84.26044,37.77825]]}},{"type":"Feature","properties":{"fault_name":" ","feature_type":"FAULT","fault_throw":"DTNE","line_style":"FAULT","quadrangle_name":"Palmer","gq_number":"613"},"geometry":{"type":"LineString","coordinates":[[-84.11981,37.77395],[-84.11943,37.7735]]}},{"type":"Feature","properties":{"fault_name":" ","feature_type":"FAULT","fault_throw":"DTNE","line_style":"CONCEALED_FAULT","quadrangle_name":"Palmer","gq_number":"613"},"geometry":{"type":"LineString","coordinates":[[-84.11943,37.7735],[-84.11927,37.77332]]}},{"type":"Feature","properties":{"fault_name":"TATE CREEK FAULT","feature_type":"FAULT","fault_throw":"DTNE","line_style":"CONCEALED_FAULT","quadrangle_name":"Valley View","gq_number":"470"},"geometry":{"type":"LineString","coordinates":[[-84.38328,37.7784],[-84.38401,37.77912]]}},{"type":"Feature","properties":{"fault_name":"RICHMOND FAULT","feature_type":"FAULT","fault_throw":"DTNE","line_style":"FAULT","quadrangle_name":"Richmond North","gq_number":"583"},"geometry":{"type":"LineString","coordinates":[[-84.26044,37.77825],[-84.25978,37.77802],[-84.25697,37.77747],[-84.25205,37.77608],[-84.25099,37.77566],[-84.24993,37.77502]]}},{"type":"Feature","properties":{"fault_name":" ","feature_type":"FAULT","fault_throw":"DTNE","line_style":"FAULT","quadrangle_name":"Palmer","gq_number":"613"},"geometry":{"type":"LineString","coordinates":[[-84.11927,37.77332],[-84.11759,37.77167]]}},{"type":"Feature","properties":{"fault_name":"TATE CREEK FAULT","feature_type":"FAULT","fault_throw":"DTNE","line_style":"FAULT","quadrangle_name":"Valley View","gq_number":"470"},"geometry":{"type":"LineString","coordinates":[[-84.38249,37.77758],[-84.38328,37.7784]]}},{"type":"Feature","properties":{"fault_name":" ","feature_type":"FAULT","fault_throw":"DTNE","line_style":"CONCEALED_FAULT","quadrangle_name":"Palmer","gq_number":"613"},"geometry":{"type":"LineString","coordinates":[[-84.11759,37.77167],[-84.1163,37.77053]]}},{"type":"Feature","properties":{"fault_name":"TATE CREEK FAULT","feature_type":"FAULT","fault_throw":"DTNE","line_style":"CONCEALED_FAULT","quadrangle_name":"Valley View","gq_number":"470"},"geometry":{"type":"LineString","coordinates":[[-84.38108,37.77622],[-84.38249,37.77758]]}},{"type":"Feature","properties":{"fault_name":" ","feature_type":"FAULT","fault_throw":"DTNE","line_style":"FAULT","quadrangle_name":"Palmer","gq_number":"613"},"geometry":{"type":"LineString","coordinates":[[-84.1163,37.77053],[-84.11452,37.7691]]}},{"type":"Feature","properties":{"fault_name":"LEXINGTON FAULT SYSTEM","feature_type":"FAULT","fault_throw":"DTSE","line_style":"FAULT","quadrangle_name":"Little Hickman","gq_number":"792"},"geometry":{"type":"LineString","coordinates":[[-84.58839,37.78779],[-84.59081,37.78607],[-84.59143,37.78546],[-84.5925,37.78425],[-84.5935,37.78235],[-84.59483,37.78088],[-84.59676,37.77955],[-84.59742,37.77926]]}},{"type":"Feature","properties":{"fault_name":"LEXINGTON FAULT SYSTEM","feature_type":"FAULT","fault_throw":"DTSE","line_style":"CONCEALED_FAULT","quadrangle_name":"Little Hickman","gq_number":"792"},"geometry":{"type":"LineString","coordinates":[[-84.59742,37.77926],[-84.59817,37.77892]]}},{"type":"Feature","properties":{"fault_name":" ","feature_type":"FAULT","fault_throw":"DTNE","line_style":"CONCEALED_FAULT","quadrangle_name":"Palmer","gq_number":"613"},"geometry":{"type":"LineString","coordinates":[[-84.11452,37.7691],[-84.11027,37.7664]]}},{"type":"Feature","properties":{"fault_name":"RICHMOND FAULT","feature_type":"FAULT","fault_throw":"DTNE","line_style":"FAULT","quadrangle_name":"Union City","gq_number":"585"},"geometry":{"type":"LineString","coordinates":[[-84.24993,37.77502],[-84.24476,37.7715],[-84.2405,37.76936]]}},{"type":"Feature","properties":{"fault_name":" ","feature_type":"FAULT","fault_throw":"DTNE","line_style":"FAULT","quadrangle_name":"Palmer","gq_number":"613"},"geometry":{"type":"LineString","coordinates":[[-84.11027,37.7664],[-84.10926,37.7657]]}},{"type":"Feature","properties":{"fault_name":"TATE CREEK FAULT","feature_type":"FAULT","fault_throw":"DTNE","line_style":"FAULT","quadrangle_name":"Valley View","gq_number":"470"},"geometry":{"type":"LineString","coordinates":[[-84.37494,37.77101],[-84.37586,37.77162],[-84.37895,37.77451],[-84.38108,37.77622]]}},{"type":"Feature","properties":{"fault_name":" ","feature_type":"FAULT","fault_throw":"DTNE","line_style":"CONCEALED_FAULT","quadrangle_name":"Palmer","gq_number":"613"},"geometry":{"type":"LineString","coordinates":[[-84.10926,37.7657],[-84.10797,37.7643],[-84.10754,37.76338]]}},{"type":"Feature","properties":{"fault_name":"TATE CREEK FAULT","feature_type":"FAULT","fault_throw":"DTNE","line_style":"FAULT","quadrangle_name":"Richmond North","gq_number":"583"},"geometry":{"type":"LineString","coordinates":[[-84.37494,37.77101],[-84.37218,37.76927]]}},{"type":"Feature","properties":{"fault_name":"TATE CREEK FAULT","feature_type":"FAULT","fault_throw":"DTNE","line_style":"CONCEALED_FAULT","quadrangle_name":"Richmond North","gq_number":"583"},"geometry":{"type":"LineString","coordinates":[[-84.37218,37.76927],[-84.37059,37.76826]]}},{"type":"Feature","properties":{"fault_name":"TATE CREEK FAULT","feature_type":"FAULT","fault_throw":"DTNE","line_style":"FAULT","quadrangle_name":"Richmond North","gq_number":"583"},"geometry":{"type":"LineString","coordinates":[[-84.37059,37.76826],[-84.36941,37.7676]]}},{"type":"Feature","properties":{"fault_name":" ","feature_type":"FAULT","fault_throw":"DTNE","line_style":"FAULT","quadrangle_name":"Palmer","gq_number":"613"},"geometry":{"type":"LineString","coordinates":[[-84.10754,37.76338],[-84.10637,37.7613]]}},{"type":"Feature","properties":{"fault_name":" ","feature_type":"FAULT","fault_throw":"DTNE","line_style":"CONCEALED_FAULT","quadrangle_name":"Palmer","gq_number":"613"},"geometry":{"type":"LineString","coordinates":[[-84.10637,37.7613],[-84.1062,37.76108]]}},{"type":"Feature","properties":{"fault_name":"TATE CREEK FAULT","feature_type":"FAULT","fault_throw":"DTNE","line_style":"CONCEALED_FAULT","quadrangle_name":"Richmond North","gq_number":"583"},"geometry":{"type":"LineString","coordinates":[[-84.36941,37.7676],[-84.36809,37.76703]]}},{"type":"Feature","properties":{"fault_name":"LEXINGTON FAULT SYSTEM","feature_type":"FAULT","fault_throw":"DTSE","line_style":"FAULT","quadrangle_name":"Little Hickman","gq_number":"792"},"geometry":{"type":"LineString","coordinates":[[-84.59817,37.77892],[-84.60023,37.77794],[-84.60183,37.77701],[-84.60747,37.77308],[-84.60976,37.77112]]}},{"type":"Feature","properties":{"fault_name":" ","feature_type":"FAULT","fault_throw":"DTNE","line_style":"FAULT","quadrangle_name":"Palmer","gq_number":"613"},"geometry":{"type":"LineString","coordinates":[[-84.1062,37.76108],[-84.10505,37.75972]]}},{"type":"Feature","properties":{"fault_name":" ","feature_type":"FAULT","fault_throw":"DTNE","line_style":"FAULT","quadrangle_name":"Palmer","gq_number":"613"},"geometry":{"type":"LineString","coordinates":[[-84.02637,37.75697],[-84.02744,37.75757],[-84.03025,37.75979],[-84.03597,37.76536]]}},{"type":"Feature","properties":{"fault_name":"TATE CREEK FAULT","feature_type":"FAULT","fault_throw":"DTNE","line_style":"FAULT","quadrangle_name":"Richmond North","gq_number":"583"},"geometry":{"type":"LineString","coordinates":[[-84.36809,37.76703],[-84.36383,37.7655],[-84.3598,37.76437]]}},{"type":"Feature","properties":{"fault_name":" ","feature_type":"FAULT","fault_throw":"DTNE","line_style":"FAULT","quadrangle_name":"Palmer","gq_number":"613"},"geometry":{"type":"LineString","coordinates":[[-84.01802,37.75923],[-84.01732,37.7584],[-84.01586,37.75615]]}},{"type":"Feature","properties":{"fault_name":" ","feature_type":"FAULT","fault_throw":"DTNE","line_style":"CONCEALED_FAULT","quadrangle_name":"Palmer","gq_number":"613"},"geometry":{"type":"LineString","coordinates":[[-84.01586,37.75615],[-84.0155,37.75563]]}},{"type":"Feature","properties":{"fault_name":" ","feature_type":"FAULT","fault_throw":"DTNE","line_style":"CONCEALED_FAULT","quadrangle_name":"Palmer","gq_number":"613"},"geometry":{"type":"LineString","coordinates":[[-84.10505,37.75972],[-84.1024,37.7573]]}},{"type":"Feature","properties":{"fault_name":" ","feature_type":"FAULT","fault_throw":"DTNE","line_style":"FAULT","quadrangle_name":"Palmer","gq_number":"613"},"geometry":{"type":"LineString","coordinates":[[-84.0155,37.75563],[-84.01474,37.7546]]}},{"type":"Feature","properties":{"fault_name":"LEXINGTON FAULT SYSTEM","feature_type":"FAULT","fault_throw":"DTNW","line_style":"FAULT","quadrangle_name":"Little Hickman","gq_number":"792"},"geometry":{"type":"LineString","coordinates":[[-84.60976,37.7679],[-84.60924,37.76907]]}},{"type":"Feature","properties":{"fault_name":" ","feature_type":"FAULT","fault_throw":"DTNE","line_style":"CONCEALED_FAULT","quadrangle_name":"Palmer","gq_number":"613"},"geometry":{"type":"LineString","coordinates":[[-84.01474,37.7546],[-84.01437,37.75413]]}},{"type":"Feature","properties":{"fault_name":"LEXINGTON FAULT SYSTEM","feature_type":"FAULT","fault_throw":"DTSE","line_style":"CONCEALED_FAULT","quadrangle_name":"Little Hickman","gq_number":"792"},"geometry":{"type":"LineString","coordinates":[[-84.60976,37.77112],[-84.6104,37.77052],[-84.61263,37.76775]]}},{"type":"Feature","properties":{"fault_name":" ","feature_type":"FAULT","fault_throw":"DTNE","line_style":"FAULT","quadrangle_name":"Palmer","gq_number":"613"},"geometry":{"type":"LineString","coordinates":[[-84.1024,37.7573],[-84.10062,37.75591]]}},{"type":"Feature","properties":{"fault_name":" ","feature_type":"FAULT","fault_throw":"DTNE","line_style":"FAULT","quadrangle_name":"Palmer","gq_number":"613"},"geometry":{"type":"LineString","coordinates":[[-84.01437,37.75413],[-84.01395,37.7536]]}},{"type":"Feature","properties":{"fault_name":"LEXINGTON FAULT SYSTEM","feature_type":"FAULT","fault_throw":"DTSE","line_style":"FAULT","quadrangle_name":"Little Hickman","gq_number":"792"},"geometry":{"type":"LineString","coordinates":[[-84.61056,37.76718],[-84.60976,37.7679]]}},{"type":"Feature","properties":{"fault_name":" ","feature_type":"FAULT","fault_throw":"DTNE","line_style":"CONCEALED_FAULT","quadrangle_name":"Palmer","gq_number":"613"},"geometry":{"type":"LineString","coordinates":[[-84.10062,37.75591],[-84.10022,37.75562]]}},{"type":"Feature","properties":{"fault_name":" ","feature_type":"FAULT","fault_throw":"DTNE","line_style":"FAULT","quadrangle_name":"Palmer","gq_number":"613"},"geometry":{"type":"LineString","coordinates":[[-84.10022,37.75562],[-84.10005,37.75549]]}},{"type":"Feature","properties":{"fault_name":"LEXINGTON FAULT SYSTEM","feature_type":"FAULT","fault_throw":"DTNW","line_style":"FAULT","quadrangle_name":"Little Hickman","gq_number":"792"},"geometry":{"type":"LineString","coordinates":[[-84.60976,37.7679],[-84.61014,37.7668]]}},{"type":"Feature","properties":{"fault_name":" ","feature_type":"FAULT","fault_throw":"DTNE","line_style":"CONCEALED_FAULT","quadrangle_name":"Palmer","gq_number":"613"},"geometry":{"type":"LineString","coordinates":[[-84.10005,37.75549],[-84.09958,37.75514]]}},{"type":"Feature","properties":{"fault_name":"LEXINGTON FAULT SYSTEM","feature_type":"FAULT","fault_throw":"DTNW","line_style":"CONCEALED_FAULT","quadrangle_name":"Little Hickman","gq_number":"792"},"geometry":{"type":"LineString","coordinates":[[-84.61273,37.76729],[-84.61263,37.76775]]}},{"type":"Feature","properties":{"fault_name":"LEXINGTON FAULT SYSTEM","feature_type":"FAULT","fault_throw":"DTNW","line_style":"CONCEALED_FAULT","quadrangle_name":"Little Hickman","gq_number":"792"},"geometry":{"type":"LineString","coordinates":[[-84.61305,37.76633],[-84.61273,37.76729]]}},{"type":"Feature","properties":{"fault_name":"LEXINGTON FAULT SYSTEM","feature_type":"FAULT","fault_throw":"DTSE","line_style":"CONCEALED_FAULT","quadrangle_name":"Little Hickman","gq_number":"792"},"geometry":{"type":"LineString","coordinates":[[-84.61263,37.76775],[-84.61292,37.76738]]}},{"type":"Feature","properties":{"fault_name":"LEXINGTON FAULT SYSTEM","feature_type":"FAULT","fault_throw":"DTSE","line_style":"CONCEALED_FAULT","quadrangle_name":"Little Hickman","gq_number":"792"},"geometry":{"type":"LineString","coordinates":[[-84.61292,37.76738],[-84.61373,37.76633]]}},{"type":"Feature","properties":{"fault_name":"LEXINGTON FAULT SYSTEM","feature_type":"FAULT","fault_throw":"DTSE","line_style":"CONCEALED_FAULT","quadrangle_name":"Little Hickman","gq_number":"792"},"geometry":{"type":"LineString","coordinates":[[-84.61136,37.76618],[-84.61056,37.76718]]}},{"type":"Feature","properties":{"fault_name":"LEXINGTON FAULT SYSTEM","feature_type":"FAULT","fault_throw":"DTSE","line_style":"CONCEALED_FAULT","quadrangle_name":"Little Hickman","gq_number":"792"},"geometry":{"type":"LineString","coordinates":[[-84.61157,37.76591],[-84.61136,37.76618]]}},{"type":"Feature","properties":{"fault_name":"TATE CREEK FAULT","feature_type":"FAULT","fault_throw":"DTNE","line_style":"CONCEALED_FAULT","quadrangle_name":"Richmond North","gq_number":"583"},"geometry":{"type":"LineString","coordinates":[[-84.3598,37.76437],[-84.35738,37.76371],[-84.35646,37.76332],[-84.35545,37.76224],[-84.35428,37.76059],[-84.35376,37.76023]]}},{"type":"Feature","properties":{"fault_name":"LEXINGTON FAULT SYSTEM","feature_type":"FAULT","fault_throw":"DTNW","line_style":"CONCEALED_FAULT","quadrangle_name":"Little Hickman","gq_number":"792"},"geometry":{"type":"LineString","coordinates":[[-84.61014,37.7668],[-84.61059,37.76548]]}},{"type":"Feature","properties":{"fault_name":"LEXINGTON FAULT SYSTEM","feature_type":"FAULT","fault_throw":"DTNW","line_style":"CONCEALED_FAULT","quadrangle_name":"Little Hickman","gq_number":"792"},"geometry":{"type":"LineString","coordinates":[[-84.61059,37.76548],[-84.61069,37.76521]]}},{"type":"Feature","properties":{"fault_name":" ","feature_type":"FAULT","fault_throw":"DTNE","line_style":"FAULT","quadrangle_name":"Palmer","gq_number":"613"},"geometry":{"type":"LineString","coordinates":[[-84.00459,37.75447],[-84.0002,37.75062]]}},{"type":"Feature","properties":{"fault_name":" ","feature_type":"FAULT","fault_throw":"DTNE","line_style":"CONCEALED_FAULT","quadrangle_name":"Palmer","gq_number":"613"},"geometry":{"type":"LineString","coordinates":[[-84.0002,37.75062],[-83.99993,37.7504]]}},{"type":"Feature","properties":{"fault_name":"LEXINGTON FAULT SYSTEM","feature_type":"FAULT","fault_throw":"DTNW","line_style":"FAULT","quadrangle_name":"Little Hickman","gq_number":"792"},"geometry":{"type":"LineString","coordinates":[[-84.57318,37.79547],[-84.57531,37.79204],[-84.57661,37.79071],[-84.58347,37.78475],[-84.58741,37.78033],[-84.59164,37.77718],[-84.59995,37.77034],[-84.60232,37.76878],[-84.60509,37.76632],[-84.60724,37.76396]]}},{"type":"Feature","properties":{"fault_name":"LEXINGTON FAULT SYSTEM","feature_type":"FAULT","fault_throw":"DTNW","line_style":"FAULT","quadrangle_name":"Little Hickman","gq_number":"792"},"geometry":{"type":"LineString","coordinates":[[-84.61138,37.7634],[-84.61074,37.76394],[-84.61024,37.76477]]}},{"type":"Feature","properties":{"fault_name":"LEXINGTON FAULT SYSTEM","feature_type":"FAULT","fault_throw":"DTNW","line_style":"FAULT","quadrangle_name":"Little Hickman","gq_number":"792"},"geometry":{"type":"LineString","coordinates":[[-84.61069,37.76521],[-84.61138,37.7634]]}},{"type":"Feature","properties":{"fault_name":"LEXINGTON FAULT SYSTEM","feature_type":"FAULT","fault_throw":"DTNW","line_style":"CONCEALED_FAULT","quadrangle_name":"Little Hickman","gq_number":"792"},"geometry":{"type":"LineString","coordinates":[[-84.60724,37.76396],[-84.60769,37.76354],[-84.60804,37.76268]]}},{"type":"Feature","properties":{"fault_name":"LEXINGTON FAULT SYSTEM","feature_type":"FAULT","fault_throw":"DTNW","line_style":"CONCEALED_FAULT","quadrangle_name":"Little Hickman","gq_number":"792"},"geometry":{"type":"LineString","coordinates":[[-84.60804,37.76268],[-84.60821,37.76228]]}},{"type":"Feature","properties":{"fault_name":"LEXINGTON FAULT SYSTEM","feature_type":"FAULT","fault_throw":"DTNW","line_style":"FAULT","quadrangle_name":"Little Hickman","gq_number":"792"},"geometry":{"type":"LineString","coordinates":[[-84.60821,37.76228],[-84.60849,37.76182]]}},{"type":"Feature","properties":{"fault_name":" ","feature_type":"FAULT","fault_throw":"DTNE","line_style":"FAULT","quadrangle_name":"Palmer","gq_number":"613"},"geometry":{"type":"LineString","coordinates":[[-84.09958,37.75514],[-84.09733,37.75356],[-84.09477,37.75128],[-84.09233,37.7501]]}},{"type":"Feature","properties":{"fault_name":"LEXINGTON FAULT SYSTEM","feature_type":"FAULT","fault_throw":"DTSE","line_style":"FAULT","quadrangle_name":"Little Hickman","gq_number":"792"},"geometry":{"type":"LineString","coordinates":[[-84.61486,37.76155],[-84.61157,37.76591]]}},{"type":"Feature","properties":{"fault_name":"LEXINGTON FAULT SYSTEM","feature_type":"FAULT","fault_throw":"DTSE","line_style":"FAULT","quadrangle_name":"Little Hickman","gq_number":"792"},"geometry":{"type":"LineString","coordinates":[[-84.6174,37.76133],[-84.61667,37.76167],[-84.61593,37.76242]]}},{"type":"Feature","properties":{"fault_name":"LEXINGTON FAULT SYSTEM","feature_type":"FAULT","fault_throw":"DTNW","line_style":"FAULT","quadrangle_name":"Little Hickman","gq_number":"792"},"geometry":{"type":"LineString","coordinates":[[-84.6174,37.76133],[-84.61377,37.76526],[-84.61305,37.76633]]}},{"type":"Feature","properties":{"fault_name":"LEXINGTON FAULT SYSTEM","feature_type":"FAULT","fault_throw":"DTSE","line_style":"CONCEALED_FAULT","quadrangle_name":"Little Hickman","gq_number":"792"},"geometry":{"type":"LineString","coordinates":[[-84.6067,37.75942],[-84.60656,37.75963]]}},{"type":"Feature","properties":{"fault_name":"LEXINGTON FAULT SYSTEM","feature_type":"FAULT","fault_throw":"DTW","line_style":"FAULT","quadrangle_name":"Little Hickman","gq_number":"792"},"geometry":{"type":"LineString","coordinates":[[-84.60849,37.76182],[-84.60902,37.75928]]}},{"type":"Feature","properties":{"fault_name":" ","feature_type":"FAULT","fault_throw":"DTNE","line_style":"FAULT","quadrangle_name":"Union City","gq_number":"585"},"geometry":{"type":"LineString","coordinates":[[-84.24169,37.78457],[-84.23918,37.78114],[-84.23581,37.77749],[-84.23314,37.77496],[-84.23073,37.77243],[-84.22889,37.77078],[-84.22578,37.76863],[-84.22407,37.76772],[-84.2218,37.76709],[-84.21645,37.76702],[-84.21482,37.76674],[-84.21314,37.76625],[-84.21105,37.76543],[-84.20594,37.76248],[-84.20479,37.76166],[-84.20277,37.75984],[-84.20056,37.75742],[-84.19992,37.75644],[-84.19796,37.7524],[-84.19635,37.75086],[-84.19588,37.75011]]}},{"type":"Feature","properties":{"fault_name":"LEXINGTON FAULT SYSTEM","feature_type":"FAULT","fault_throw":"DTNW","line_style":"FAULT","quadrangle_name":"Little Hickman","gq_number":"792"},"geometry":{"type":"LineString","coordinates":[[-84.61708,37.76033],[-84.61848,37.75916]]}},{"type":"Feature","properties":{"fault_name":"LEXINGTON FAULT SYSTEM","feature_type":"FAULT","fault_throw":"DTNW","line_style":"FAULT","quadrangle_name":"Little Hickman","gq_number":"792"},"geometry":{"type":"LineString","coordinates":[[-84.62166,37.75791],[-84.61904,37.75938],[-84.6174,37.76133]]}},{"type":"Feature","properties":{"fault_name":"LEXINGTON FAULT SYSTEM","feature_type":"FAULT","fault_throw":"DTSE","line_style":"FAULT","quadrangle_name":"Little Hickman","gq_number":"792"},"geometry":{"type":"LineString","coordinates":[[-84.61373,37.76633],[-84.61705,37.76229],[-84.61949,37.76015],[-84.62166,37.75791]]}},{"type":"Feature","properties":{"fault_name":"TATE CREEK FAULT","feature_type":"FAULT","fault_throw":"DTNE","line_style":"FAULT","quadrangle_name":"Richmond North","gq_number":"583"},"geometry":{"type":"LineString","coordinates":[[-84.35376,37.76023],[-84.35032,37.75917],[-84.34869,37.75846],[-84.34607,37.75687],[-84.34116,37.75422],[-84.33854,37.75311],[-84.33612,37.75238],[-84.33257,37.75173],[-84.33081,37.75156]]}},{"type":"Feature","properties":{"fault_name":"TATE CREEK FAULT","feature_type":"FAULT","fault_throw":"DTN","line_style":"CONCEALED_FAULT","quadrangle_name":"Richmond North","gq_number":"583"},"geometry":{"type":"LineString","coordinates":[[-84.33081,37.75156],[-84.32924,37.75127]]}},{"type":"Feature","properties":{"fault_name":"LEXINGTON FAULT SYSTEM","feature_type":"FAULT","fault_throw":"DTSE","line_style":"CONCEALED_FAULT","quadrangle_name":"Little Hickman","gq_number":"792"},"geometry":{"type":"LineString","coordinates":[[-84.60417,37.75935],[-84.60455,37.75887]]}},{"type":"Feature","properties":{"fault_name":"LEXINGTON FAULT SYSTEM","feature_type":"FAULT","fault_throw":"DTSE","line_style":"CONCEALED_FAULT","quadrangle_name":"Little Hickman","gq_number":"792"},"geometry":{"type":"LineString","coordinates":[[-84.60455,37.75887],[-84.6059,37.75697]]}},{"type":"Feature","properties":{"fault_name":"TATE CREEK FAULT","feature_type":"FAULT","fault_throw":"DTN","line_style":"FAULT","quadrangle_name":"Richmond North","gq_number":"583"},"geometry":{"type":"LineString","coordinates":[[-84.32924,37.75127],[-84.32439,37.75051],[-84.32076,37.75067],[-84.31782,37.75044],[-84.3105,37.75028],[-84.30964,37.7501]]}},{"type":"Feature","properties":{"fault_name":"LEXINGTON FAULT SYSTEM","feature_type":"FAULT","fault_throw":"DTSE","line_style":"FAULT","quadrangle_name":"Little Hickman","gq_number":"792"},"geometry":{"type":"LineString","coordinates":[[-84.62166,37.75791],[-84.62222,37.75733],[-84.62495,37.75532]]}},{"type":"Feature","properties":{"fault_name":"LEXINGTON FAULT SYSTEM","feature_type":"FAULT","fault_throw":"DTSE","line_style":"FAULT","quadrangle_name":"Little Hickman","gq_number":"792"},"geometry":{"type":"LineString","coordinates":[[-84.62495,37.75435],[-84.62338,37.75575]]}},{"type":"Feature","properties":{"fault_name":" ","feature_type":"FAULT","fault_throw":"DTNE","line_style":"FAULT","quadrangle_name":"Panola","gq_number":"686"},"geometry":{"type":"LineString","coordinates":[[-84.09233,37.7501],[-84.0917,37.74955],[-84.09094,37.74855],[-84.08646,37.7414]]}},{"type":"Feature","properties":{"fault_name":"LEXINGTON FAULT SYSTEM","feature_type":"FAULT","fault_throw":"DTSE","line_style":"FAULT","quadrangle_name":"Little Hickman","gq_number":"792"},"geometry":{"type":"LineString","coordinates":[[-84.6059,37.75697],[-84.60633,37.75616],[-84.60714,37.75522],[-84.60937,37.75311]]}},{"type":"Feature","properties":{"fault_name":" ","feature_type":"FAULT","fault_throw":"DTNE","line_style":"CONCEALED_FAULT","quadrangle_name":"Panola","gq_number":"686"},"geometry":{"type":"LineString","coordinates":[[-84.08646,37.7414],[-84.08522,37.73961]]}},{"type":"Feature","properties":{"fault_name":"LEXINGTON FAULT SYSTEM","feature_type":"FAULT","fault_throw":"DTSE","line_style":"FAULT","quadrangle_name":"Little Hickman","gq_number":"792"},"geometry":{"type":"LineString","coordinates":[[-84.61399,37.75102],[-84.61015,37.75503],[-84.6067,37.75942]]}},{"type":"Feature","properties":{"fault_name":"LEXINGTON FAULT SYSTEM","feature_type":"FAULT","fault_throw":"DTNW","line_style":"FAULT","quadrangle_name":"Little Hickman","gq_number":"792"},"geometry":{"type":"LineString","coordinates":[[-84.60849,37.76182],[-84.61129,37.75791],[-84.61298,37.75599],[-84.61507,37.7541],[-84.61947,37.75081],[-84.62019,37.75009]]}},{"type":"Feature","properties":{"fault_name":"LEXINGTON FAULT SYSTEM","feature_type":"FAULT","fault_throw":"DTNW","line_style":"FAULT","quadrangle_name":"Little Hickman","gq_number":"792"},"geometry":{"type":"LineString","coordinates":[[-84.61138,37.7634],[-84.61243,37.76135],[-84.61333,37.76009],[-84.61552,37.75778],[-84.61822,37.75529],[-84.61932,37.75466],[-84.62045,37.75367],[-84.62412,37.75009]]}},{"type":"Feature","properties":{"fault_name":"LEXINGTON FAULT SYSTEM","feature_type":"FAULT","fault_throw":"DTSE","line_style":"FAULT","quadrangle_name":"Wilmore","gq_number":"847"},"geometry":{"type":"LineString","coordinates":[[-84.62917,37.75009],[-84.62495,37.75435]]}},{"type":"Feature","properties":{"fault_name":"LEXINGTON FAULT SYSTEM","feature_type":"FAULT","fault_throw":"DTSE","line_style":"FAULT","quadrangle_name":"Wilmore","gq_number":"847"},"geometry":{"type":"LineString","coordinates":[[-84.62495,37.75532],[-84.62648,37.75411],[-84.63098,37.75009]]}},{"type":"Feature","properties":{"fault_name":"LEXINGTON FAULT SYSTEM","feature_type":"FAULT","fault_throw":"DTNW","line_style":"FAULT","quadrangle_name":"Buckeye","gq_number":"843"},"geometry":{"type":"LineString","coordinates":[[-84.62495,37.7493],[-84.62412,37.75009]]}},{"type":"Feature","properties":{"fault_name":"LEXINGTON FAULT SYSTEM","feature_type":"FAULT","fault_throw":"DTNW","line_style":"FAULT","quadrangle_name":"Buckeye","gq_number":"843"},"geometry":{"type":"LineString","coordinates":[[-84.62361,37.74644],[-84.62019,37.75009]]}},{"type":"Feature","properties":{"fault_name":"LEXINGTON FAULT SYSTEM","feature_type":"FAULT","fault_throw":"DTW","line_style":"FAULT","quadrangle_name":"Buckeye","gq_number":"843"},"geometry":{"type":"LineString","coordinates":[[-84.62361,37.74644],[-84.62351,37.74746],[-84.62362,37.74808]]}},{"type":"Feature","properties":{"fault_name":"LEXINGTON FAULT SYSTEM","feature_type":"FAULT","fault_throw":"DTNW","line_style":"FAULT","quadrangle_name":"Bryantsville","gq_number":"945"},"geometry":{"type":"LineString","coordinates":[[-84.62495,37.7493],[-84.62654,37.74779],[-84.62805,37.7459]]}},{"type":"Feature","properties":{"fault_name":"LEXINGTON FAULT SYSTEM","feature_type":"FAULT","fault_throw":"DTNW","line_style":"FAULT","quadrangle_name":"Buckeye","gq_number":"843"},"geometry":{"type":"LineString","coordinates":[[-84.62495,37.74517],[-84.62361,37.74644]]}},{"type":"Feature","properties":{"fault_name":"TATE CREEK FAULT","feature_type":"FAULT","fault_throw":"DTNE","line_style":"FAULT","quadrangle_name":"Richmond South","gq_number":"479"},"geometry":{"type":"LineString","coordinates":[[-84.30964,37.7501],[-84.30805,37.74947],[-84.30344,37.74645],[-84.29968,37.74431],[-84.29415,37.74155],[-84.28713,37.73766],[-84.28173,37.73561],[-84.27954,37.73463],[-84.27787,37.7338],[-84.27668,37.73293]]}},{"type":"Feature","properties":{"fault_name":"TATE CREEK FAULT","feature_type":"FAULT","fault_throw":"DTNE","line_style":"CONCEALED_FAULT","quadrangle_name":"Richmond South","gq_number":"479"},"geometry":{"type":"LineString","coordinates":[[-84.27668,37.73293],[-84.27646,37.7327]]}},{"type":"Feature","properties":{"fault_name":"TATE CREEK FAULT","feature_type":"FAULT","fault_throw":"DTNE","line_style":"FAULT","quadrangle_name":"Richmond South","gq_number":"479"},"geometry":{"type":"LineString","coordinates":[[-84.27646,37.7327],[-84.27582,37.73201],[-84.27498,37.73069],[-84.2706,37.72243]]}},{"type":"Feature","properties":{"fault_name":"TATE CREEK FAULT","feature_type":"FAULT","fault_throw":"DTNE","line_style":"CONCEALED_FAULT","quadrangle_name":"Richmond South","gq_number":"479"},"geometry":{"type":"LineString","coordinates":[[-84.2706,37.72243],[-84.27022,37.72194]]}},{"type":"Feature","properties":{"fault_name":"LEXINGTON FAULT SYSTEM","feature_type":"FAULT","fault_throw":"DTNW","line_style":"FAULT","quadrangle_name":"Bryantsville","gq_number":"945"},"geometry":{"type":"LineString","coordinates":[[-84.63998,37.72867],[-84.63784,37.73127],[-84.63449,37.73627],[-84.63286,37.73828],[-84.62812,37.74188],[-84.62495,37.74517]]}},{"type":"Feature","properties":{"fault_name":" ","feature_type":"FAULT","fault_throw":"DTNE","line_style":"FAULT","quadrangle_name":"Moberly","gq_number":"664"},"geometry":{"type":"LineString","coordinates":[[-84.19588,37.75011],[-84.194,37.74779],[-84.19267,37.74586],[-84.19055,37.74169],[-84.18903,37.73923],[-84.18766,37.73772],[-84.18398,37.73441],[-84.18255,37.73281],[-84.18086,37.73178],[-84.17593,37.72915],[-84.17127,37.7264],[-84.16997,37.7255],[-84.16875,37.72456],[-84.1626,37.71896],[-84.1603,37.71645],[-84.15913,37.71535]]}},{"type":"Feature","properties":{"fault_name":" ","feature_type":"FAULT","fault_throw":"DTNE","line_style":"CONCEALED_FAULT","quadrangle_name":"Moberly","gq_number":"664"},"geometry":{"type":"LineString","coordinates":[[-84.15913,37.71535],[-84.15853,37.71485]]}},{"type":"Feature","properties":{"fault_name":" ","feature_type":"FAULT","fault_throw":"DTNE","line_style":"FAULT","quadrangle_name":"Moberly","gq_number":"664"},"geometry":{"type":"LineString","coordinates":[[-84.15853,37.71485],[-84.15735,37.714]]}},{"type":"Feature","properties":{"fault_name":" ","feature_type":"FAULT","fault_throw":"DTNE","line_style":"CONCEALED_FAULT","quadrangle_name":"Moberly","gq_number":"664"},"geometry":{"type":"LineString","coordinates":[[-84.15735,37.714],[-84.15536,37.71252]]}},{"type":"Feature","properties":{"fault_name":" ","feature_type":"FAULT","fault_throw":"DTN","line_style":"FAULT","quadrangle_name":"Panola","gq_number":"686"},"geometry":{"type":"LineString","coordinates":[[-84.09114,37.70961],[-84.08469,37.71008],[-84.08265,37.71033],[-84.07998,37.7108],[-84.07509,37.71192],[-84.06986,37.71288]]}},{"type":"Feature","properties":{"fault_name":" ","feature_type":"FAULT","fault_throw":"DTN","line_style":"FAULT","quadrangle_name":"Panola","gq_number":"686"},"geometry":{"type":"LineString","coordinates":[[-84.09957,37.70989],[-84.09601,37.70966]]}},{"type":"Feature","properties":{"fault_name":" ","feature_type":"FAULT","fault_throw":"DTN","line_style":"CONCEALED_FAULT","quadrangle_name":"Panola","gq_number":"686"},"geometry":{"type":"LineString","coordinates":[[-84.09601,37.70966],[-84.09225,37.70957]]}},{"type":"Feature","properties":{"fault_name":" ","feature_type":"FAULT","fault_throw":"DTN","line_style":"CONCEALED_FAULT","quadrangle_name":"Panola","gq_number":"686"},"geometry":{"type":"LineString","coordinates":[[-84.09225,37.70957],[-84.09114,37.70961]]}},{"type":"Feature","properties":{"fault_name":"TATE CREEK FAULT","feature_type":"FAULT","fault_throw":"DTNE","line_style":"FAULT","quadrangle_name":"Richmond South","gq_number":"479"},"geometry":{"type":"LineString","coordinates":[[-84.27022,37.72194],[-84.26958,37.72102],[-84.26759,37.71928],[-84.26514,37.71767],[-84.2635,37.71683],[-84.26169,37.71612],[-84.25702,37.71457],[-84.25265,37.7129],[-84.25131,37.71233],[-84.24994,37.71147]]}},{"type":"Feature","properties":{"fault_name":"TATE CREEK FAULT","feature_type":"FAULT","fault_throw":"DTN","line_style":"CONCEALED_FAULT","quadrangle_name":"Moberly","gq_number":"664"},"geometry":{"type":"LineString","coordinates":[[-84.2137,37.7085],[-84.21,37.70931],[-84.2039,37.70997],[-84.19941,37.71015],[-84.1973,37.71035],[-84.19509,37.71082],[-84.1926,37.71151],[-84.18862,37.71297]]}},{"type":"Feature","properties":{"fault_name":" ","feature_type":"FAULT","fault_throw":"DTSE","line_style":"FAULT","quadrangle_name":"Panola","gq_number":"686"},"geometry":{"type":"LineString","coordinates":[[-83.99993,37.70286],[-84.001,37.70237]]}},{"type":"Feature","properties":{"fault_name":"TATE CREEK FAULT","feature_type":"FAULT","fault_throw":"DTNE","line_style":"FAULT","quadrangle_name":"Moberly","gq_number":"664"},"geometry":{"type":"LineString","coordinates":[[-84.24994,37.71147],[-84.24622,37.70899],[-84.24341,37.70741]]}},{"type":"Feature","properties":{"fault_name":" ","feature_type":"FAULT","fault_throw":"DTSE","line_style":"CONCEALED_FAULT","quadrangle_name":"Panola","gq_number":"686"},"geometry":{"type":"LineString","coordinates":[[-84.001,37.70237],[-84.00422,37.70101]]}},{"type":"Feature","properties":{"fault_name":"TATE CREEK FAULT","feature_type":"FAULT","fault_throw":"DTN","line_style":"FAULT","quadrangle_name":"Moberly","gq_number":"664"},"geometry":{"type":"LineString","coordinates":[[-84.2137,37.7085],[-84.21814,37.70755],[-84.22534,37.7063],[-84.22894,37.70571],[-84.23266,37.70532],[-84.23699,37.70547],[-84.23878,37.70577],[-84.24157,37.70658],[-84.24341,37.70741]]}},{"type":"Feature","properties":{"fault_name":" ","feature_type":"FAULT","fault_throw":"DTSE","line_style":"FAULT","quadrangle_name":"Panola","gq_number":"686"},"geometry":{"type":"LineString","coordinates":[[-84.00422,37.70101],[-84.00655,37.69992],[-84.00817,37.69896],[-84.01122,37.69649]]}},{"type":"Feature","properties":{"fault_name":" ","feature_type":"FAULT","fault_throw":"DTSE","line_style":"CONCEALED_FAULT","quadrangle_name":"Panola","gq_number":"686"},"geometry":{"type":"LineString","coordinates":[[-84.01122,37.69649],[-84.01213,37.69572]]}},{"type":"Feature","properties":{"fault_name":"TATE CREEK FAULT","feature_type":"FAULT","fault_throw":"DTNE","line_style":"FAULT","quadrangle_name":"Moberly","gq_number":"664"},"geometry":{"type":"LineString","coordinates":[[-84.24341,37.70741],[-84.2402,37.70358],[-84.23799,37.70058]]}},{"type":"Feature","properties":{"fault_name":" ","feature_type":"FAULT","fault_throw":"DTSE","line_style":"FAULT","quadrangle_name":"Panola","gq_number":"686"},"geometry":{"type":"LineString","coordinates":[[-84.01213,37.69572],[-84.01326,37.69481]]}},{"type":"Feature","properties":{"fault_name":" ","feature_type":"FAULT","fault_throw":"DTSE","line_style":"CONCEALED_FAULT","quadrangle_name":"Panola","gq_number":"686"},"geometry":{"type":"LineString","coordinates":[[-84.01326,37.69481],[-84.01367,37.6945]]}},{"type":"Feature","properties":{"fault_name":"TATE CREEK FAULT","feature_type":"FAULT","fault_throw":"DTNE","line_style":"CONCEALED_FAULT","quadrangle_name":"Moberly","gq_number":"664"},"geometry":{"type":"LineString","coordinates":[[-84.23799,37.70058],[-84.2374,37.6998]]}},{"type":"Feature","properties":{"fault_name":"TATE CREEK FAULT","feature_type":"FAULT","fault_throw":"DTNE","line_style":"FAULT","quadrangle_name":"Moberly","gq_number":"664"},"geometry":{"type":"LineString","coordinates":[[-84.2374,37.6998],[-84.23588,37.69774],[-84.2351,37.69646]]}},{"type":"Feature","properties":{"fault_name":"TATE CREEK FAULT","feature_type":"FAULT","fault_throw":"DTNE","line_style":"CONCEALED_FAULT","quadrangle_name":"Moberly","gq_number":"664"},"geometry":{"type":"LineString","coordinates":[[-84.2351,37.69646],[-84.23466,37.69577]]}},{"type":"Feature","properties":{"fault_name":"TATE CREEK FAULT","feature_type":"FAULT","fault_throw":"DTNE","line_style":"FAULT","quadrangle_name":"Moberly","gq_number":"664"},"geometry":{"type":"LineString","coordinates":[[-84.23466,37.69577],[-84.23202,37.6915]]}},{"type":"Feature","properties":{"fault_name":" ","feature_type":"FAULT","fault_throw":"DTNE","line_style":"FAULT","quadrangle_name":"Moberly","gq_number":"664"},"geometry":{"type":"LineString","coordinates":[[-84.15536,37.71252],[-84.15368,37.71132],[-84.15059,37.70959],[-84.14911,37.70819],[-84.14648,37.70437],[-84.14247,37.69757],[-84.13608,37.68739],[-84.13531,37.6859]]}},{"type":"Feature","properties":{"fault_name":" ","feature_type":"FAULT","fault_throw":"DTSW","line_style":"FAULT","quadrangle_name":"Moberly","gq_number":"664"},"geometry":{"type":"LineString","coordinates":[[-84.13531,37.6859],[-84.13269,37.68334],[-84.13021,37.68025]]}},{"type":"Feature","properties":{"fault_name":" ","feature_type":"FAULT","fault_throw":"DTSE","line_style":"FAULT","quadrangle_name":"Panola","gq_number":"686"},"geometry":{"type":"LineString","coordinates":[[-84.06619,37.67864],[-84.06298,37.67992]]}},{"type":"Feature","properties":{"fault_name":"IRVINE-PAINT CREEK FLT SYSTEM","feature_type":"FAULT","fault_throw":"DTSE","line_style":"FAULT","quadrangle_name":"Panola","gq_number":"686"},"geometry":{"type":"LineString","coordinates":[[-84.00569,37.67499],[-84.00409,37.67901],[-84.0033,37.68157],[-84.0029,37.68237],[-84.00161,37.68401],[-84.00106,37.68425],[-83.99993,37.68446]]}},{"type":"Feature","properties":{"fault_name":"IRVINE-PAINT CREEK FLT SYSTEM","feature_type":"FAULT","fault_throw":"DTSE","line_style":"CONCEALED_FAULT","quadrangle_name":"Panola","gq_number":"686"},"geometry":{"type":"LineString","coordinates":[[-84.00582,37.67469],[-84.00569,37.67499]]}},{"type":"Feature","properties":{"fault_name":"IRVINE-PAINT CREEK FLT SYSTEM","feature_type":"FAULT","fault_throw":"DTSE","line_style":"FAULT","quadrangle_name":"Panola","gq_number":"686"},"geometry":{"type":"LineString","coordinates":[[-84.00692,37.67232],[-84.00582,37.67469]]}},{"type":"Feature","properties":{"fault_name":" ","feature_type":"FAULT","fault_throw":"DTNE","line_style":"FAULT","quadrangle_name":"Moberly","gq_number":"664"},"geometry":{"type":"LineString","coordinates":[[-84.18243,37.67653],[-84.17843,37.67456],[-84.17589,37.67355]]}},{"type":"Feature","properties":{"fault_name":" ","feature_type":"FAULT","fault_throw":"DTNE","line_style":"CONCEALED_FAULT","quadrangle_name":"Moberly","gq_number":"664"},"geometry":{"type":"LineString","coordinates":[[-84.17589,37.67355],[-84.17409,37.6727]]}},{"type":"Feature","properties":{"fault_name":" ","feature_type":"FAULT","fault_throw":"DTNE","line_style":"FAULT","quadrangle_name":"Moberly","gq_number":"664"},"geometry":{"type":"LineString","coordinates":[[-84.13531,37.6859],[-84.13415,37.68261],[-84.13317,37.68041],[-84.13209,37.67833],[-84.12976,37.67452],[-84.12871,37.67342],[-84.12493,37.67103]]}},{"type":"Feature","properties":{"fault_name":" ","feature_type":"FAULT","fault_throw":"DTNE","line_style":"FAULT","quadrangle_name":"Moberly","gq_number":"664"},"geometry":{"type":"LineString","coordinates":[[-84.17409,37.6727],[-84.17227,37.67178],[-84.16714,37.66977]]}},{"type":"Feature","properties":{"fault_name":" ","feature_type":"FAULT","fault_throw":"DTNE","line_style":"FAULT","quadrangle_name":"Panola","gq_number":"686"},"geometry":{"type":"LineString","coordinates":[[-84.12493,37.67103],[-84.12263,37.66894],[-84.12113,37.66725]]}},{"type":"Feature","properties":{"fault_name":"IRVINE-PAINT CREEK FLT SYSTEM","feature_type":"FAULT","fault_throw":"DTSE","line_style":"CONCEALED_FAULT","quadrangle_name":"Panola","gq_number":"686"},"geometry":{"type":"LineString","coordinates":[[-84.01143,37.66446],[-84.0104,37.66571],[-84.0087,37.66846],[-84.00692,37.67232]]}},{"type":"Feature","properties":{"fault_name":" ","feature_type":"FAULT","fault_throw":"DTNE","line_style":"CONCEALED_FAULT","quadrangle_name":"Panola","gq_number":"686"},"geometry":{"type":"LineString","coordinates":[[-84.12113,37.66725],[-84.12066,37.66658]]}},{"type":"Feature","properties":{"fault_name":" ","feature_type":"FAULT","fault_throw":"DTE","line_style":"FAULT","quadrangle_name":"Panola","gq_number":"686"},"geometry":{"type":"LineString","coordinates":[[-84.12066,37.66658],[-84.12003,37.66525],[-84.11875,37.66069]]}},{"type":"Feature","properties":{"fault_name":" ","feature_type":"FAULT","fault_throw":"DTE","line_style":"CONCEALED_FAULT","quadrangle_name":"Panola","gq_number":"686"},"geometry":{"type":"LineString","coordinates":[[-84.11875,37.66069],[-84.1186,37.66021]]}},{"type":"Feature","properties":{"fault_name":"IRVINE-PAINT CREEK FLT SYSTEM","feature_type":"FAULT","fault_throw":"DTNW","line_style":"CONCEALED_FAULT","quadrangle_name":"Panola","gq_number":"686"},"geometry":{"type":"LineString","coordinates":[[-84.0126,37.65739],[-84.00988,37.65931],[-84.0041,37.66414]]}},{"type":"Feature","properties":{"fault_name":"IRVINE-PAINT CREEK FLT SYSTEM","feature_type":"FAULT","fault_throw":"DTSW","line_style":"CONCEALED_FAULT","quadrangle_name":"Panola","gq_number":"686"},"geometry":{"type":"LineString","coordinates":[[-84.03386,37.65734],[-84.03196,37.65692]]}},{"type":"Feature","properties":{"fault_name":"IRVINE-PAINT CREEK FLT SYSTEM","feature_type":"FAULT","fault_throw":"DTSW","line_style":"FAULT","quadrangle_name":"Panola","gq_number":"686"},"geometry":{"type":"LineString","coordinates":[[-84.03196,37.65692],[-84.02813,37.65584],[-84.02642,37.65573]]}},{"type":"Feature","properties":{"fault_name":"IRVINE-PAINT CREEK FLT SYSTEM","feature_type":"FAULT","fault_throw":"DTSE","line_style":"FAULT","quadrangle_name":"Panola","gq_number":"686"},"geometry":{"type":"LineString","coordinates":[[-84.02642,37.65573],[-84.0247,37.6559],[-84.02292,37.65624],[-84.02186,37.6566],[-84.01962,37.65764],[-84.01793,37.65873],[-84.01503,37.66101],[-84.01236,37.66346],[-84.01143,37.66446]]}},{"type":"Feature","properties":{"fault_name":"IRVINE-PAINT CREEK FLT SYSTEM","feature_type":"FAULT","fault_throw":"DTSE","line_style":"FAULT","quadrangle_name":"Panola","gq_number":"686"},"geometry":{"type":"LineString","coordinates":[[-84.04276,37.656],[-84.04007,37.65643],[-84.03593,37.6573],[-84.03386,37.65734]]}},{"type":"Feature","properties":{"fault_name":" ","feature_type":"FAULT","fault_throw":"DTE","line_style":"FAULT","quadrangle_name":"Panola","gq_number":"686"},"geometry":{"type":"LineString","coordinates":[[-84.1186,37.66021],[-84.11842,37.65951],[-84.1183,37.65783]]}},{"type":"Feature","properties":{"fault_name":"IRVINE-PAINT CREEK FLT SYSTEM","feature_type":"FAULT","fault_throw":"DTSE","line_style":"CONCEALED_FAULT","quadrangle_name":"Panola","gq_number":"686"},"geometry":{"type":"LineString","coordinates":[[-84.04427,37.65596],[-84.04276,37.656]]}},{"type":"Feature","properties":{"fault_name":"IRVINE-PAINT CREEK FLT SYSTEM","feature_type":"FAULT","fault_throw":"DTSE","line_style":"FAULT","quadrangle_name":"Panola","gq_number":"686"},"geometry":{"type":"LineString","coordinates":[[-84.05535,37.6528],[-84.05229,37.65353],[-84.05013,37.65465],[-84.048,37.65531],[-84.04594,37.65584],[-84.04427,37.65596]]}},{"type":"Feature","properties":{"fault_name":"IRVINE-PAINT CREEK FLT SYSTEM","feature_type":"FAULT","fault_throw":"DTSE","line_style":"CONCEALED_FAULT","quadrangle_name":"Panola","gq_number":"686"},"geometry":{"type":"LineString","coordinates":[[-84.05589,37.65269],[-84.05535,37.6528]]}},{"type":"Feature","properties":{"fault_name":"IRVINE-PAINT CREEK FLT SYSTEM","feature_type":"FAULT","fault_throw":"DTNW","line_style":"FAULT","quadrangle_name":"Panola","gq_number":"686"},"geometry":{"type":"LineString","coordinates":[[-84.02641,37.65148],[-84.01824,37.65365],[-84.0126,37.65739]]}},{"type":"Feature","properties":{"fault_name":"IRVINE-PAINT CREEK FLT SYSTEM","feature_type":"FAULT","fault_throw":"DTNW","line_style":"CONCEALED_FAULT","quadrangle_name":"Panola","gq_number":"686"},"geometry":{"type":"LineString","coordinates":[[-84.02824,37.65089],[-84.02641,37.65148]]}},{"type":"Feature","properties":{"fault_name":"IRVINE-PAINT CREEK FLT SYSTEM","feature_type":"FAULT","fault_throw":"DTNW","line_style":"FAULT","quadrangle_name":"Panola","gq_number":"686"},"geometry":{"type":"LineString","coordinates":[[-84.05128,37.64712],[-84.0469,37.6488],[-84.04611,37.64897],[-84.04036,37.6489],[-84.03879,37.64899],[-84.03413,37.64992],[-84.02972,37.65044],[-84.02824,37.65089]]}},{"type":"Feature","properties":{"fault_name":"IRVINE-PAINT CREEK FLT SYSTEM","feature_type":"FAULT","fault_throw":"DTNW","line_style":"CONCEALED_FAULT","quadrangle_name":"Panola","gq_number":"686"},"geometry":{"type":"LineString","coordinates":[[-84.05935,37.64445],[-84.05631,37.64518],[-84.05446,37.64577],[-84.05128,37.64712]]}},{"type":"Feature","properties":{"fault_name":"IRVINE-PAINT CREEK FLT SYSTEM","feature_type":"FAULT","fault_throw":"DTNW","line_style":"FAULT","quadrangle_name":"Panola","gq_number":"686"},"geometry":{"type":"LineString","coordinates":[[-84.0633,37.64274],[-84.05935,37.64445]]}},{"type":"Feature","properties":{"fault_name":"IRVINE-PAINT CREEK FLT SYSTEM","feature_type":"FAULT","fault_throw":"DTNW","line_style":"CONCEALED_FAULT","quadrangle_name":"Panola","gq_number":"686"},"geometry":{"type":"LineString","coordinates":[[-84.06468,37.64205],[-84.0633,37.64274]]}},{"type":"Feature","properties":{"fault_name":"IRVINE-PAINT CREEK FLT SYSTEM","feature_type":"FAULT","fault_throw":"DTSE","line_style":"FAULT","quadrangle_name":"Panola","gq_number":"686"},"geometry":{"type":"LineString","coordinates":[[-84.10168,37.64155],[-84.09881,37.64328],[-84.09642,37.64433],[-84.09373,37.6452],[-84.09122,37.64572],[-84.08622,37.64728],[-84.08367,37.64782],[-84.07828,37.64766],[-84.07482,37.64799],[-84.07351,37.64849],[-84.07152,37.64961],[-84.07065,37.64992],[-84.06423,37.65121],[-84.06199,37.65145],[-84.05967,37.65186],[-84.05589,37.65269]]}},{"type":"Feature","properties":{"fault_name":"IRVINE-PAINT CREEK FLT SYSTEM","feature_type":"FAULT","fault_throw":"DTNW","line_style":"FAULT","quadrangle_name":"Panola","gq_number":"686"},"geometry":{"type":"LineString","coordinates":[[-84.07935,37.64054],[-84.07747,37.64077],[-84.07621,37.64111]]}},{"type":"Feature","properties":{"fault_name":"IRVINE-PAINT CREEK FLT SYSTEM","feature_type":"FAULT","fault_throw":"DTNW","line_style":"CONCEALED_FAULT","quadrangle_name":"Panola","gq_number":"686"},"geometry":{"type":"LineString","coordinates":[[-84.08088,37.64042],[-84.07935,37.64054]]}},{"type":"Feature","properties":{"fault_name":"IRVINE-PAINT CREEK FLT SYSTEM","feature_type":"FAULT","fault_throw":"DTSE","line_style":"CONCEALED_FAULT","quadrangle_name":"Panola","gq_number":"686"},"geometry":{"type":"LineString","coordinates":[[-84.10326,37.64064],[-84.10168,37.64155]]}},{"type":"Feature","properties":{"fault_name":"IRVINE-PAINT CREEK FLT SYSTEM","feature_type":"FAULT","fault_throw":"DTNW","line_style":"FAULT","quadrangle_name":"Panola","gq_number":"686"},"geometry":{"type":"LineString","coordinates":[[-84.07977,37.63795],[-84.0756,37.639],[-84.07241,37.63955],[-84.07021,37.64012],[-84.06584,37.64148],[-84.06468,37.64205]]}},{"type":"Feature","properties":{"fault_name":"IRVINE-PAINT CREEK FLT SYSTEM","feature_type":"FAULT","fault_throw":"DTNW","line_style":"CONCEALED_FAULT","quadrangle_name":"Panola","gq_number":"686"},"geometry":{"type":"LineString","coordinates":[[-84.08006,37.63786],[-84.07977,37.63795]]}},{"type":"Feature","properties":{"fault_name":"IRVINE-PAINT CREEK FLT SYSTEM","feature_type":"FAULT","fault_throw":"DTNW","line_style":"FAULT","quadrangle_name":"Panola","gq_number":"686"},"geometry":{"type":"LineString","coordinates":[[-84.08254,37.63725],[-84.08006,37.63786]]}},{"type":"Feature","properties":{"fault_name":"IRVINE-PAINT CREEK FLT SYSTEM","feature_type":"FAULT","fault_throw":"DTNW","line_style":"FAULT","quadrangle_name":"Panola","gq_number":"686"},"geometry":{"type":"LineString","coordinates":[[-84.09636,37.63631],[-84.09085,37.63872],[-84.08867,37.63944],[-84.08579,37.63997],[-84.08088,37.64042]]}},{"type":"Feature","properties":{"fault_name":"IRVINE-PAINT CREEK FLT SYSTEM","feature_type":"FAULT","fault_throw":"DTNW","line_style":"CONCEALED_FAULT","quadrangle_name":"Panola","gq_number":"686"},"geometry":{"type":"LineString","coordinates":[[-84.0983,37.63535],[-84.09636,37.63631]]}},{"type":"Feature","properties":{"fault_name":"IRVINE-PAINT CREEK FLT SYSTEM","feature_type":"FAULT","fault_throw":"DTSE","line_style":"FAULT","quadrangle_name":"Panola","gq_number":"686"},"geometry":{"type":"LineString","coordinates":[[-84.09157,37.63141],[-84.09035,37.63218],[-84.08788,37.63348]]}},{"type":"Feature","properties":{"fault_name":"IRVINE-PAINT CREEK FLT SYSTEM","feature_type":"FAULT","fault_throw":"DTSE","line_style":"CONCEALED_FAULT","quadrangle_name":"Panola","gq_number":"686"},"geometry":{"type":"LineString","coordinates":[[-84.0922,37.63091],[-84.09157,37.63141]]}},{"type":"Feature","properties":{"fault_name":" ","feature_type":"FAULT","fault_throw":"DTS","line_style":"CONCEALED_FAULT","quadrangle_name":"Richmond South","gq_number":"479"},"geometry":{"type":"LineString","coordinates":[[-84.27782,37.63307],[-84.27631,37.63321]]}},{"type":"Feature","properties":{"fault_name":"IRVINE-PAINT CREEK FLT SYSTEM","feature_type":"FAULT","fault_throw":"DTE","line_style":"FAULT","quadrangle_name":"Moberly","gq_number":"664"},"geometry":{"type":"LineString","coordinates":[[-84.18374,37.63068],[-84.18583,37.63751]]}},{"type":"Feature","properties":{"fault_name":"IRVINE-PAINT CREEK FLT SYSTEM","feature_type":"FAULT","fault_throw":"DTSE","line_style":"FAULT","quadrangle_name":"Panola","gq_number":"686"},"geometry":{"type":"LineString","coordinates":[[-84.09434,37.62841],[-84.094,37.62909],[-84.09344,37.62978],[-84.0922,37.63091]]}},{"type":"Feature","properties":{"fault_name":" ","feature_type":"FAULT","fault_throw":"DTS","line_style":"FAULT","quadrangle_name":"Richmond South","gq_number":"479"},"geometry":{"type":"LineString","coordinates":[[-84.27631,37.63321],[-84.27483,37.6333],[-84.27168,37.63312],[-84.26701,37.63253]]}},{"type":"Feature","properties":{"fault_name":"IRVINE-PAINT CREEK FLT SYSTEM","feature_type":"FAULT","fault_throw":"DTSE","line_style":"CONCEALED_FAULT","quadrangle_name":"Panola","gq_number":"686"},"geometry":{"type":"LineString","coordinates":[[-84.09452,37.62807],[-84.09434,37.62841]]}},{"type":"Feature","properties":{"fault_name":"IRVINE-PAINT CREEK FLT SYSTEM","feature_type":"FAULT","fault_throw":"DTE","line_style":"CONCEALED_FAULT","quadrangle_name":"Moberly","gq_number":"664"},"geometry":{"type":"LineString","coordinates":[[-84.18355,37.62986],[-84.18374,37.63068]]}},{"type":"Feature","properties":{"fault_name":" ","feature_type":"FAULT","fault_throw":"DTSE","line_style":"FAULT","quadrangle_name":"Kirksville","gq_number":"452"},"geometry":{"type":"LineString","coordinates":[[-84.41996,37.63423],[-84.41909,37.63469],[-84.4185,37.63485],[-84.41324,37.63536],[-84.41105,37.63513],[-84.40706,37.63402],[-84.40626,37.63398],[-84.40542,37.63415],[-84.40314,37.63488],[-84.39812,37.63727],[-84.39544,37.63838],[-84.39339,37.63971],[-84.39241,37.64067]]}},{"type":"Feature","properties":{"fault_name":" ","feature_type":"FAULT","fault_throw":"DTS","line_style":"FAULT","quadrangle_name":"Alcorn","gq_number":"963"},"geometry":{"type":"LineString","coordinates":[[-84.03301,37.62367],[-84.03125,37.6238]]}},{"type":"Feature","properties":{"fault_name":" ","feature_type":"FAULT","fault_throw":"DTSE","line_style":"CONCEALED_FAULT","quadrangle_name":"Kirksville","gq_number":"452"},"geometry":{"type":"LineString","coordinates":[[-84.42172,37.63291],[-84.41996,37.63423]]}},{"type":"Feature","properties":{"fault_name":" ","feature_type":"FAULT","fault_throw":"DTSE","line_style":"CONCEALED_FAULT","quadrangle_name":"Kirksville","gq_number":"452"},"geometry":{"type":"LineString","coordinates":[[-84.42184,37.6328],[-84.42172,37.63291]]}},{"type":"Feature","properties":{"fault_name":"IRVINE-PAINT CREEK FLT SYSTEM","feature_type":"FAULT","fault_throw":"DTSE","line_style":"FAULT","quadrangle_name":"Panola","gq_number":"686"},"geometry":{"type":"LineString","coordinates":[[-84.09695,37.6251],[-84.09452,37.62807]]}},{"type":"Feature","properties":{"fault_name":"IRVINE-PAINT CREEK FLT SYSTEM","feature_type":"FAULT","fault_throw":"DTNW","line_style":"FAULT","quadrangle_name":"Panola","gq_number":"686"},"geometry":{"type":"LineString","coordinates":[[-84.10966,37.6251],[-84.10091,37.63355],[-84.0983,37.63535]]}},{"type":"Feature","properties":{"fault_name":"IRVINE-PAINT CREEK FLT SYSTEM","feature_type":"FAULT","fault_throw":"DTSE","line_style":"FAULT","quadrangle_name":"Panola","gq_number":"686"},"geometry":{"type":"LineString","coordinates":[[-84.11475,37.62509],[-84.11477,37.62726],[-84.11444,37.62886],[-84.1136,37.63082],[-84.11264,37.6323],[-84.11037,37.63502],[-84.10744,37.63792],[-84.10618,37.63891],[-84.10326,37.64064]]}},{"type":"Feature","properties":{"fault_name":"IRVINE-PAINT CREEK FLT SYSTEM","feature_type":"FAULT","fault_throw":"DTNW","line_style":"FAULT","quadrangle_name":"Alcorn","gq_number":"963"},"geometry":{"type":"LineString","coordinates":[[-84.10966,37.6251],[-84.11091,37.62387]]}},{"type":"Feature","properties":{"fault_name":"IRVINE-PAINT CREEK FLT SYSTEM","feature_type":"FAULT","fault_throw":"DTE","line_style":"FAULT","quadrangle_name":"Moberly","gq_number":"664"},"geometry":{"type":"LineString","coordinates":[[-84.18212,37.62511],[-84.18355,37.62986]]}},{"type":"Feature","properties":{"fault_name":" ","feature_type":"FAULT","fault_throw":"DTSE","line_style":"FAULT","quadrangle_name":"Kirksville","gq_number":"452"},"geometry":{"type":"LineString","coordinates":[[-84.4248,37.63011],[-84.42184,37.6328]]}},{"type":"Feature","properties":{"fault_name":"IRVINE-PAINT CREEK FLT SYSTEM","feature_type":"FAULT","fault_throw":"DTS","line_style":"CONCEALED_FAULT","quadrangle_name":"Richmond South","gq_number":"479"},"geometry":{"type":"LineString","coordinates":[[-84.28214,37.62579],[-84.28486,37.62592]]}},{"type":"Feature","properties":{"fault_name":"IRVINE-PAINT CREEK FLT SYSTEM","feature_type":"FAULT","fault_throw":"DTS","line_style":"FAULT","quadrangle_name":"Richmond South","gq_number":"479"},"geometry":{"type":"LineString","coordinates":[[-84.28172,37.62575],[-84.28214,37.62579]]}},{"type":"Feature","properties":{"fault_name":"IRVINE-PAINT CREEK FLT SYSTEM","feature_type":"FAULT","fault_throw":"DTS","line_style":"CONCEALED_FAULT","quadrangle_name":"Richmond South","gq_number":"479"},"geometry":{"type":"LineString","coordinates":[[-84.27883,37.62534],[-84.28172,37.62575]]}},{"type":"Feature","properties":{"fault_name":"IRVINE-PAINT CREEK FLT SYSTEM","feature_type":"FAULT","fault_throw":"DTS","line_style":"FAULT","quadrangle_name":"Richmond South","gq_number":"479"},"geometry":{"type":"LineString","coordinates":[[-84.27714,37.6251],[-84.27883,37.62534]]}},{"type":"Feature","properties":{"fault_name":"IRVINE-PAINT CREEK FLT SYSTEM","feature_type":"FAULT","fault_throw":"DTSE","line_style":"FAULT","quadrangle_name":"Alcorn","gq_number":"963"},"geometry":{"type":"LineString","coordinates":[[-84.09695,37.6251],[-84.09817,37.62363],[-84.10079,37.62089]]}},{"type":"Feature","properties":{"fault_name":"IRVINE-PAINT CREEK FLT SYSTEM","feature_type":"FAULT","fault_throw":"DTSW","line_style":"FAULT","quadrangle_name":"Berea","gq_number":"649"},"geometry":{"type":"LineString","coordinates":[[-84.27714,37.6251],[-84.27275,37.62427]]}},{"type":"Feature","properties":{"fault_name":"IRVINE-PAINT CREEK FLT SYSTEM","feature_type":"FAULT","fault_throw":"DTS","line_style":"FAULT","quadrangle_name":"Richmond South","gq_number":"479"},"geometry":{"type":"LineString","coordinates":[[-84.28486,37.62592],[-84.29572,37.62661],[-84.29898,37.62664],[-84.30351,37.62633],[-84.311,37.62548],[-84.31407,37.62531],[-84.31558,37.62511]]}},{"type":"Feature","properties":{"fault_name":"IRVINE-PAINT CREEK FLT SYSTEM","feature_type":"FAULT","fault_throw":"DTSE","line_style":"FAULT","quadrangle_name":"Berea","gq_number":"649"},"geometry":{"type":"LineString","coordinates":[[-84.31644,37.62492],[-84.31558,37.62511]]}},{"type":"Feature","properties":{"fault_name":"IRVINE-PAINT CREEK FLT SYSTEM","feature_type":"FAULT","fault_throw":"DTSE","line_style":"CONCEALED_FAULT","quadrangle_name":"Berea","gq_number":"649"},"geometry":{"type":"LineString","coordinates":[[-84.31699,37.62476],[-84.31644,37.62492]]}},{"type":"Feature","properties":{"fault_name":"IRVINE-PAINT CREEK FLT SYSTEM","feature_type":"FAULT","fault_throw":"DTE","line_style":"FAULT","quadrangle_name":"Alcorn","gq_number":"963"},"geometry":{"type":"LineString","coordinates":[[-84.11033,37.62019],[-84.11055,37.61941]]}},{"type":"Feature","properties":{"fault_name":"IRVINE-PAINT CREEK FLT SYSTEM","feature_type":"FAULT","fault_throw":"DTSE","line_style":"FAULT","quadrangle_name":"Alcorn","gq_number":"963"},"geometry":{"type":"LineString","coordinates":[[-84.11074,37.61877],[-84.10815,37.62015],[-84.10637,37.6215],[-84.10576,37.62234],[-84.10504,37.62386],[-84.10418,37.62473]]}},{"type":"Feature","properties":{"fault_name":"IRVINE-PAINT CREEK FLT SYSTEM","feature_type":"FAULT","fault_throw":"DTE","line_style":"FAULT","quadrangle_name":"Alcorn","gq_number":"963"},"geometry":{"type":"LineString","coordinates":[[-84.11055,37.61941],[-84.11074,37.61877]]}},{"type":"Feature","properties":{"fault_name":"IRVINE-PAINT CREEK FLT SYSTEM","feature_type":"FAULT","fault_throw":"DTSE","line_style":"FAULT","quadrangle_name":"Alcorn","gq_number":"963"},"geometry":{"type":"LineString","coordinates":[[-84.11258,37.61865],[-84.11055,37.61941]]}},{"type":"Feature","properties":{"fault_name":"IRVINE-PAINT CREEK FLT SYSTEM","feature_type":"FAULT","fault_throw":"DTSE","line_style":"CONCEALED_FAULT","quadrangle_name":"Alcorn","gq_number":"963"},"geometry":{"type":"LineString","coordinates":[[-84.11344,37.61834],[-84.11258,37.61865]]}},{"type":"Feature","properties":{"fault_name":"IRVINE-PAINT CREEK FLT SYSTEM","feature_type":"FAULT","fault_throw":"DTSE","line_style":"FAULT","quadrangle_name":"Alcorn","gq_number":"963"},"geometry":{"type":"LineString","coordinates":[[-84.11423,37.61812],[-84.11344,37.61834]]}},{"type":"Feature","properties":{"fault_name":"IRVINE-PAINT CREEK FLT SYSTEM","feature_type":"FAULT","fault_throw":"DTE","line_style":"FAULT","quadrangle_name":"Alcorn","gq_number":"963"},"geometry":{"type":"LineString","coordinates":[[-84.11475,37.62509],[-84.11469,37.62281],[-84.11423,37.61812]]}},{"type":"Feature","properties":{"fault_name":"IRVINE-PAINT CREEK FLT SYSTEM","feature_type":"FAULT","fault_throw":"DTS","line_style":"FAULT","quadrangle_name":"Alcorn","gq_number":"963"},"geometry":{"type":"LineString","coordinates":[[-84.12475,37.61834],[-84.12357,37.61842]]}},{"type":"Feature","properties":{"fault_name":"IRVINE-PAINT CREEK FLT SYSTEM","feature_type":"FAULT","fault_throw":"DTS","line_style":"FAULT","quadrangle_name":"Alcorn","gq_number":"963"},"geometry":{"type":"LineString","coordinates":[[-84.12493,37.61833],[-84.12475,37.61834]]}},{"type":"Feature","properties":{"fault_name":"IRVINE-PAINT CREEK FLT SYSTEM","feature_type":"FAULT","fault_throw":"DTE","line_style":"FAULT","quadrangle_name":"Alcorn","gq_number":"963"},"geometry":{"type":"LineString","coordinates":[[-84.11074,37.61877],[-84.11104,37.61776]]}},{"type":"Feature","properties":{"fault_name":"IRVINE-PAINT CREEK FLT SYSTEM","feature_type":"FAULT","fault_throw":"DTSE","line_style":"FAULT","quadrangle_name":"Alcorn","gq_number":"963"},"geometry":{"type":"LineString","coordinates":[[-84.12162,37.61641],[-84.11712,37.61734]]}},{"type":"Feature","properties":{"fault_name":"IRVINE-PAINT CREEK FLT SYSTEM","feature_type":"FAULT","fault_throw":"DTSE","line_style":"FAULT","quadrangle_name":"Alcorn","gq_number":"963"},"geometry":{"type":"LineString","coordinates":[[-84.11712,37.61734],[-84.11423,37.61812]]}},{"type":"Feature","properties":{"fault_name":"IRVINE-PAINT CREEK FLT SYSTEM","feature_type":"FAULT","fault_throw":"DTSW","line_style":"FAULT","quadrangle_name":"Alcorn","gq_number":"963"},"geometry":{"type":"LineString","coordinates":[[-84.12475,37.61834],[-84.12301,37.61742],[-84.12162,37.61641]]}},{"type":"Feature","properties":{"fault_name":"IRVINE-PAINT CREEK FLT SYSTEM","feature_type":"FAULT","fault_throw":"DTSE","line_style":"FAULT","quadrangle_name":"Alcorn","gq_number":"963"},"geometry":{"type":"LineString","coordinates":[[-84.12268,37.61609],[-84.12162,37.61641]]}},{"type":"Feature","properties":{"fault_name":"IRVINE-PAINT CREEK FLT SYSTEM","feature_type":"FAULT","fault_throw":"DTN","line_style":"CONCEALED_FAULT","quadrangle_name":"Berea","gq_number":"649"},"geometry":{"type":"LineString","coordinates":[[-84.28807,37.61865],[-84.28663,37.6188]]}},{"type":"Feature","properties":{"fault_name":"IRVINE-PAINT CREEK FLT SYSTEM","feature_type":"FAULT","fault_throw":"DTS","line_style":"FAULT","quadrangle_name":"Bighill","gq_number":"900"},"geometry":{"type":"LineString","coordinates":[[-84.17096,37.61546],[-84.16653,37.61698],[-84.1611,37.61791],[-84.15917,37.61796],[-84.15596,37.61773],[-84.15396,37.61773],[-84.14793,37.61825],[-84.14248,37.61848],[-84.1383,37.61839],[-84.13246,37.61793],[-84.12493,37.61833]]}},{"type":"Feature","properties":{"fault_name":"IRVINE-PAINT CREEK FLT SYSTEM","feature_type":"FAULT","fault_throw":"DTE","line_style":"FAULT","quadrangle_name":"Bighill","gq_number":"900"},"geometry":{"type":"LineString","coordinates":[[-84.18235,37.61556],[-84.18072,37.61761],[-84.18051,37.61803],[-84.18048,37.61864],[-84.18137,37.62277],[-84.18212,37.62511]]}},{"type":"Feature","properties":{"fault_name":"IRVINE-PAINT CREEK FLT SYSTEM","feature_type":"FAULT","fault_throw":"DTS","line_style":"FAULT","quadrangle_name":"Bighill","gq_number":"900"},"geometry":{"type":"LineString","coordinates":[[-84.18235,37.61556],[-84.18023,37.61558],[-84.17715,37.61533]]}},{"type":"Feature","properties":{"fault_name":"IRVINE-PAINT CREEK FLT SYSTEM","feature_type":"FAULT","fault_throw":"DTS","line_style":"FAULT","quadrangle_name":"Bighill","gq_number":"900"},"geometry":{"type":"LineString","coordinates":[[-84.17715,37.61533],[-84.17479,37.61514],[-84.17275,37.61517],[-84.17096,37.61546]]}},{"type":"Feature","properties":{"fault_name":"IRVINE-PAINT CREEK FLT SYSTEM","feature_type":"FAULT","fault_throw":"DTSW","line_style":"FAULT","quadrangle_name":"Bighill","gq_number":"900"},"geometry":{"type":"LineString","coordinates":[[-84.17715,37.61533],[-84.17587,37.61498]]}},{"type":"Feature","properties":{"fault_name":"IRVINE-PAINT CREEK FLT SYSTEM","feature_type":"FAULT","fault_throw":"DTSE","line_style":"FAULT","quadrangle_name":"Bighill","gq_number":"900"},"geometry":{"type":"LineString","coordinates":[[-84.17153,37.61426],[-84.17096,37.61546]]}},{"type":"Feature","properties":{"fault_name":"IRVINE-PAINT CREEK FLT SYSTEM","feature_type":"FAULT","fault_throw":"DTSW","line_style":"FAULT","quadrangle_name":"Bighill","gq_number":"900"},"geometry":{"type":"LineString","coordinates":[[-84.17587,37.61498],[-84.17153,37.61426]]}},{"type":"Feature","properties":{"fault_name":"IRVINE-PAINT CREEK FLT SYSTEM","feature_type":"FAULT","fault_throw":"DTSE","line_style":"FAULT","quadrangle_name":"Bighill","gq_number":"900"},"geometry":{"type":"LineString","coordinates":[[-84.17889,37.61395],[-84.17587,37.61498]]}},{"type":"Feature","properties":{"fault_name":"IRVINE-PAINT CREEK FLT SYSTEM","feature_type":"FAULT","fault_throw":"DTSW","line_style":"CONCEALED_FAULT","quadrangle_name":"Alcorn","gq_number":"963"},"geometry":{"type":"LineString","coordinates":[[-84.11258,37.61766],[-84.11109,37.61652],[-84.10697,37.61396],[-84.10494,37.61211]]}},{"type":"Feature","properties":{"fault_name":"IRVINE-PAINT CREEK FLT SYSTEM","feature_type":"FAULT","fault_throw":"DTS","line_style":"FAULT","quadrangle_name":"Bighill","gq_number":"900"},"geometry":{"type":"LineString","coordinates":[[-84.19803,37.61307],[-84.19631,37.61309],[-84.19352,37.61334],[-84.1844,37.61532],[-84.18235,37.61556]]}},{"type":"Feature","properties":{"fault_name":"IRVINE-PAINT CREEK FLT SYSTEM","feature_type":"FAULT","fault_throw":"DTSE","line_style":"FAULT","quadrangle_name":"Bighill","gq_number":"900"},"geometry":{"type":"LineString","coordinates":[[-84.22108,37.61141],[-84.21651,37.61257]]}},{"type":"Feature","properties":{"fault_name":"IRVINE-PAINT CREEK FLT SYSTEM","feature_type":"FAULT","fault_throw":"DTS","line_style":"FAULT","quadrangle_name":"Bighill","gq_number":"900"},"geometry":{"type":"LineString","coordinates":[[-84.22108,37.61141],[-84.21917,37.61228],[-84.21792,37.61265],[-84.21307,37.61323],[-84.21043,37.61327],[-84.20188,37.61297],[-84.19803,37.61307]]}},{"type":"Feature","properties":{"fault_name":"IRVINE-PAINT CREEK FLT SYSTEM","feature_type":"FAULT","fault_throw":"DTSE","line_style":"FAULT","quadrangle_name":"Bighill","gq_number":"900"},"geometry":{"type":"LineString","coordinates":[[-84.19316,37.61042],[-84.18856,37.61163],[-84.1812,37.6133],[-84.17889,37.61395]]}},{"type":"Feature","properties":{"fault_name":"IRVINE-PAINT CREEK FLT SYSTEM","feature_type":"FAULT","fault_throw":"DTSW","line_style":"FAULT","quadrangle_name":"Bighill","gq_number":"900"},"geometry":{"type":"LineString","coordinates":[[-84.19803,37.61307],[-84.19613,37.61188],[-84.19316,37.61042]]}},{"type":"Feature","properties":{"fault_name":"IRVINE-PAINT CREEK FLT SYSTEM","feature_type":"FAULT","fault_throw":"DTNE","line_style":"FAULT","quadrangle_name":"Bighill","gq_number":"900"},"geometry":{"type":"LineString","coordinates":[[-84.17434,37.60965],[-84.17319,37.61093],[-84.17234,37.61243],[-84.17153,37.61426]]}},{"type":"Feature","properties":{"fault_name":"IRVINE-PAINT CREEK FLT SYSTEM","feature_type":"FAULT","fault_throw":"DTNE","line_style":"FAULT","quadrangle_name":"Bighill","gq_number":"900"},"geometry":{"type":"LineString","coordinates":[[-84.17889,37.61395],[-84.1777,37.6122],[-84.1769,37.61134],[-84.17596,37.61059],[-84.17434,37.60965]]}},{"type":"Feature","properties":{"fault_name":"IRVINE-PAINT CREEK FLT SYSTEM","feature_type":"FAULT","fault_throw":"DTSW","line_style":"FAULT","quadrangle_name":"Bighill","gq_number":"900"},"geometry":{"type":"LineString","coordinates":[[-84.19316,37.61042],[-84.19196,37.60983]]}},{"type":"Feature","properties":{"fault_name":"IRVINE-PAINT CREEK FLT SYSTEM","feature_type":"FAULT","fault_throw":"DTNE","line_style":"FAULT","quadrangle_name":"Bighill","gq_number":"900"},"geometry":{"type":"LineString","coordinates":[[-84.17434,37.60965],[-84.17352,37.60916]]}},{"type":"Feature","properties":{"fault_name":"IRVINE-PAINT CREEK FLT SYSTEM","feature_type":"FAULT","fault_throw":"DTNW","line_style":"FAULT","quadrangle_name":"Alcorn","gq_number":"963"},"geometry":{"type":"LineString","coordinates":[[-84.12493,37.60742],[-84.12267,37.60742],[-84.12187,37.60752],[-84.11933,37.60865],[-84.11857,37.60886],[-84.11754,37.60895],[-84.11578,37.60982],[-84.11432,37.61029]]}},{"type":"Feature","properties":{"fault_name":"IRVINE-PAINT CREEK FLT SYSTEM","feature_type":"FAULT","fault_throw":"DTNW","line_style":"FAULT","quadrangle_name":"Alcorn","gq_number":"963"},"geometry":{"type":"LineString","coordinates":[[-84.11432,37.61029],[-84.11344,37.61054]]}},{"type":"Feature","properties":{"fault_name":"IRVINE-PAINT CREEK FLT SYSTEM","feature_type":"FAULT","fault_throw":"DTSW","line_style":"FAULT","quadrangle_name":"Alcorn","gq_number":"963"},"geometry":{"type":"LineString","coordinates":[[-84.10494,37.61211],[-84.10144,37.60972],[-84.09784,37.6079],[-84.09533,37.60612]]}},{"type":"Feature","properties":{"fault_name":"IRVINE-PAINT CREEK FLT SYSTEM","feature_type":"FAULT","fault_throw":"DTSW","line_style":"CONCEALED_FAULT","quadrangle_name":"Alcorn","gq_number":"963"},"geometry":{"type":"LineString","coordinates":[[-84.09533,37.60612],[-84.09355,37.60506],[-84.09228,37.60458]]}},{"type":"Feature","properties":{"fault_name":"IRVINE-PAINT CREEK FLT SYSTEM","feature_type":"FAULT","fault_throw":"DTN","line_style":"FAULT","quadrangle_name":"Bighill","gq_number":"900"},"geometry":{"type":"LineString","coordinates":[[-84.20857,37.60472],[-84.20472,37.60466],[-84.19928,37.60426],[-84.19572,37.60422],[-84.19016,37.60449],[-84.18721,37.60478],[-84.17709,37.60646],[-84.17517,37.60694],[-84.16997,37.60854],[-84.16723,37.60898],[-84.16419,37.60924],[-84.1621,37.60976],[-84.15953,37.61074],[-84.15796,37.61094],[-84.15325,37.61078],[-84.14933,37.61081],[-84.14384,37.61046],[-84.13426,37.60922],[-84.13027,37.60888],[-84.12827,37.60845],[-84.12493,37.60742]]}},{"type":"Feature","properties":{"fault_name":"IRVINE-PAINT CREEK FLT SYSTEM","feature_type":"FAULT","fault_throw":"DTN","line_style":"FAULT","quadrangle_name":"Bighill","gq_number":"900"},"geometry":{"type":"LineString","coordinates":[[-84.22349,37.60472],[-84.22082,37.60487],[-84.21658,37.6046],[-84.20857,37.60472]]}},{"type":"Feature","properties":{"fault_name":"IRVINE-PAINT CREEK FLT SYSTEM","feature_type":"FAULT","fault_throw":"DTN","line_style":"FAULT","quadrangle_name":"Bighill","gq_number":"900"},"geometry":{"type":"LineString","coordinates":[[-84.22349,37.60472],[-84.22238,37.60507],[-84.22109,37.60525],[-84.21832,37.60527]]}},{"type":"Feature","properties":{"fault_name":"IRVINE-PAINT CREEK FLT SYSTEM","feature_type":"FAULT","fault_throw":"DTSE","line_style":"FAULT","quadrangle_name":"Bighill","gq_number":"900"},"geometry":{"type":"LineString","coordinates":[[-84.24994,37.60295],[-84.24721,37.60423],[-84.24437,37.60575],[-84.24174,37.60679],[-84.23554,37.60963],[-84.22986,37.61065],[-84.22787,37.61088],[-84.22246,37.61115],[-84.22108,37.61141]]}},{"type":"Feature","properties":{"fault_name":" ","feature_type":"FAULT","fault_throw":"DTSW","line_style":"FAULT","quadrangle_name":"Lancaster","gq_number":"888"},"geometry":{"type":"LineString","coordinates":[[-84.58704,37.6192],[-84.57898,37.61618],[-84.57754,37.6154],[-84.56867,37.61132],[-84.56575,37.60937]]}},{"type":"Feature","properties":{"fault_name":" ","feature_type":"FAULT","fault_throw":"DTSW","line_style":"CONCEALED_FAULT","quadrangle_name":"Lancaster","gq_number":"888"},"geometry":{"type":"LineString","coordinates":[[-84.56575,37.60937],[-84.56557,37.60924]]}},{"type":"Feature","properties":{"fault_name":"IRVINE-PAINT CREEK FLT SYSTEM","feature_type":"FAULT","fault_throw":"DTNW","line_style":"FAULT","quadrangle_name":"Bighill","gq_number":"900"},"geometry":{"type":"LineString","coordinates":[[-84.22026,37.60136],[-84.21176,37.60364],[-84.20857,37.60472]]}},{"type":"Feature","properties":{"fault_name":" ","feature_type":"FAULT","fault_throw":"DTSW","line_style":"FAULT","quadrangle_name":"Lancaster","gq_number":"888"},"geometry":{"type":"LineString","coordinates":[[-84.56557,37.60924],[-84.56368,37.60804]]}},{"type":"Feature","properties":{"fault_name":" ","feature_type":"FAULT","fault_throw":"DTSW","line_style":"CONCEALED_FAULT","quadrangle_name":"Lancaster","gq_number":"888"},"geometry":{"type":"LineString","coordinates":[[-84.56368,37.60804],[-84.56353,37.60795]]}},{"type":"Feature","properties":{"fault_name":"IRVINE-PAINT CREEK FLT SYSTEM","feature_type":"FAULT","fault_throw":"DTNW","line_style":"FAULT","quadrangle_name":"Berea","gq_number":"649"},"geometry":{"type":"LineString","coordinates":[[-84.34817,37.60208],[-84.34717,37.60221],[-84.34452,37.60285],[-84.33872,37.60494]]}},{"type":"Feature","properties":{"fault_name":"IRVINE-PAINT CREEK FLT SYSTEM","feature_type":"FAULT","fault_throw":"DTNW","line_style":"FAULT","quadrangle_name":"Berea","gq_number":"649"},"geometry":{"type":"LineString","coordinates":[[-84.34817,37.60208],[-84.34696,37.60264]]}},{"type":"Feature","properties":{"fault_name":"IRVINE-PAINT CREEK FLT SYSTEM","feature_type":"FAULT","fault_throw":"DTNW","line_style":"FAULT","quadrangle_name":"Berea","gq_number":"649"},"geometry":{"type":"LineString","coordinates":[[-84.34916,37.60203],[-84.34817,37.60208]]}},{"type":"Feature","properties":{"fault_name":"IRVINE-PAINT CREEK FLT SYSTEM","feature_type":"FAULT","fault_throw":"DTSE","line_style":"FAULT","quadrangle_name":"Berea","gq_number":"649"},"geometry":{"type":"LineString","coordinates":[[-84.34916,37.60203],[-84.34424,37.60427]]}},{"type":"Feature","properties":{"fault_name":"IRVINE-PAINT CREEK FLT SYSTEM","feature_type":"FAULT","fault_throw":"DTSE","line_style":"FAULT","quadrangle_name":"Berea","gq_number":"649"},"geometry":{"type":"LineString","coordinates":[[-84.24994,37.60295],[-84.25644,37.60019],[-84.25984,37.59934]]}},{"type":"Feature","properties":{"fault_name":"IRVINE-PAINT CREEK FLT SYSTEM","feature_type":"FAULT","fault_throw":"DTSE","line_style":"FAULT","quadrangle_name":"Berea","gq_number":"649"},"geometry":{"type":"LineString","coordinates":[[-84.37494,37.60193],[-84.37378,37.60247],[-84.37185,37.60381],[-84.37042,37.60445],[-84.36592,37.60569],[-84.36182,37.60732],[-84.35436,37.6092],[-84.35142,37.6102],[-84.34731,37.61135],[-84.34362,37.61307],[-84.34093,37.61412],[-84.33776,37.61574],[-84.33286,37.61794],[-84.33165,37.6187],[-84.32595,37.62139],[-84.31958,37.62392],[-84.31699,37.62476]]}},{"type":"Feature","properties":{"fault_name":"IRVINE-PAINT CREEK FLT SYSTEM","feature_type":"FAULT","fault_throw":"DTNW","line_style":"FAULT","quadrangle_name":"Berea","gq_number":"649"},"geometry":{"type":"LineString","coordinates":[[-84.35648,37.60135],[-84.35552,37.60163],[-84.35221,37.60299],[-84.34714,37.60564],[-84.34145,37.60789],[-84.33642,37.60964],[-84.3352,37.60997],[-84.33307,37.61047],[-84.33095,37.61081],[-84.31559,37.61464],[-84.31099,37.61517],[-84.3077,37.6157],[-84.29723,37.61789],[-84.29465,37.61816],[-84.29157,37.61813],[-84.28807,37.61865]]}},{"type":"Feature","properties":{"fault_name":"IRVINE-PAINT CREEK FLT SYSTEM","feature_type":"FAULT","fault_throw":"DTNW","line_style":"FAULT","quadrangle_name":"Berea","gq_number":"649"},"geometry":{"type":"LineString","coordinates":[[-84.35648,37.60135],[-84.35502,37.60136],[-84.35054,37.60231]]}},{"type":"Feature","properties":{"fault_name":"IRVINE-PAINT CREEK FLT SYSTEM","feature_type":"FAULT","fault_throw":"DTSE","line_style":"FAULT","quadrangle_name":"Paint Lick","gq_number":"800"},"geometry":{"type":"LineString","coordinates":[[-84.37494,37.60193],[-84.37552,37.60166]]}},{"type":"Feature","properties":{"fault_name":"IRVINE-PAINT CREEK FLT SYSTEM","feature_type":"FAULT","fault_throw":"DTSE","line_style":"FAULT","quadrangle_name":"Berea","gq_number":"649"},"geometry":{"type":"LineString","coordinates":[[-84.3551,37.60096],[-84.35412,37.60098],[-84.35257,37.60136],[-84.35122,37.60149],[-84.34916,37.60203]]}},{"type":"Feature","properties":{"fault_name":" ","feature_type":"FAULT","fault_throw":"DTSW","line_style":"FAULT","quadrangle_name":"Lancaster","gq_number":"888"},"geometry":{"type":"LineString","coordinates":[[-84.56353,37.60795],[-84.56151,37.60705],[-84.55508,37.60516]]}},{"type":"Feature","properties":{"fault_name":"IRVINE-PAINT CREEK FLT SYSTEM","feature_type":"FAULT","fault_throw":"DTNW","line_style":"FAULT","quadrangle_name":"Bighill","gq_number":"900"},"geometry":{"type":"LineString","coordinates":[[-84.24994,37.59383],[-84.24663,37.59549],[-84.24254,37.59705],[-84.2384,37.59891],[-84.23623,37.6001],[-84.2338,37.60178],[-84.2323,37.60262],[-84.22681,37.60411],[-84.22349,37.60472]]}},{"type":"Feature","properties":{"fault_name":"IRVINE-PAINT CREEK FLT SYSTEM","feature_type":"FAULT","fault_throw":"DTSE","line_style":"FAULT","quadrangle_name":"Paint Lick","gq_number":"800"},"geometry":{"type":"LineString","coordinates":[[-84.37552,37.60166],[-84.379,37.60002],[-84.37993,37.59943],[-84.38149,37.59814],[-84.38246,37.5967]]}},{"type":"Feature","properties":{"fault_name":"IRVINE-PAINT CREEK FLT SYSTEM","feature_type":"FAULT","fault_throw":"DTSE","line_style":"FAULT","quadrangle_name":"Paint Lick","gq_number":"800"},"geometry":{"type":"LineString","coordinates":[[-84.37552,37.60166],[-84.37878,37.6014],[-84.38045,37.60068],[-84.38131,37.60008],[-84.38222,37.59923],[-84.38444,37.5965]]}},{"type":"Feature","properties":{"fault_name":" ","feature_type":"FAULT","fault_throw":"DTS","line_style":"FAULT","quadrangle_name":"Lancaster","gq_number":"888"},"geometry":{"type":"LineString","coordinates":[[-84.56069,37.60001],[-84.55873,37.60016]]}},{"type":"Feature","properties":{"fault_name":" ","feature_type":"FAULT","fault_throw":"DTS","line_style":"CONCEALED_FAULT","quadrangle_name":"Lancaster","gq_number":"888"},"geometry":{"type":"LineString","coordinates":[[-84.56094,37.59999],[-84.56069,37.60001]]}},{"type":"Feature","properties":{"fault_name":" ","feature_type":"FAULT","fault_throw":"DTS","line_style":"CONCEALED_FAULT","quadrangle_name":"Lancaster","gq_number":"888"},"geometry":{"type":"LineString","coordinates":[[-84.56727,37.60001],[-84.56687,37.59999]]}},{"type":"Feature","properties":{"fault_name":" ","feature_type":"FAULT","fault_throw":"DTS","line_style":"FAULT","quadrangle_name":"Lancaster","gq_number":"888"},"geometry":{"type":"LineString","coordinates":[[-84.56687,37.59999],[-84.56359,37.59989],[-84.56094,37.59999]]}},{"type":"Feature","properties":{"fault_name":"IRVINE-PAINT CREEK FLT SYSTEM","feature_type":"FAULT","fault_throw":"DTSE","line_style":"FAULT","quadrangle_name":"Berea","gq_number":"649"},"geometry":{"type":"LineString","coordinates":[[-84.37494,37.59533],[-84.37272,37.59673]]}},{"type":"Feature","properties":{"fault_name":" ","feature_type":"FAULT","fault_throw":"DTS","line_style":"FAULT","quadrangle_name":"Lancaster","gq_number":"888"},"geometry":{"type":"LineString","coordinates":[[-84.5809,37.59966],[-84.57355,37.60005],[-84.56727,37.60001]]}},{"type":"Feature","properties":{"fault_name":" ","feature_type":"FAULT","fault_throw":"DTS","line_style":"CONCEALED_FAULT","quadrangle_name":"Lancaster","gq_number":"888"},"geometry":{"type":"LineString","coordinates":[[-84.58118,37.59966],[-84.5809,37.59966]]}},{"type":"Feature","properties":{"fault_name":" ","feature_type":"FAULT","fault_throw":"DTSW","line_style":"FAULT","quadrangle_name":"Lancaster","gq_number":"888"},"geometry":{"type":"LineString","coordinates":[[-84.62209,37.61217],[-84.6176,37.60911],[-84.61511,37.6078],[-84.60568,37.60427],[-84.60259,37.60351],[-84.59828,37.60277],[-84.5924,37.60117],[-84.58876,37.60036],[-84.58417,37.59979],[-84.58118,37.59966]]}},{"type":"Feature","properties":{"fault_name":"IRVINE-PAINT CREEK FLT SYSTEM","feature_type":"FAULT","fault_throw":"DTSE","line_style":"FAULT","quadrangle_name":"Paint Lick","gq_number":"800"},"geometry":{"type":"LineString","coordinates":[[-84.37494,37.59533],[-84.37509,37.59517]]}},{"type":"Feature","properties":{"fault_name":"IRVINE-PAINT CREEK FLT SYSTEM","feature_type":"FAULT","fault_throw":"DTSE","line_style":"CONCEALED_FAULT","quadrangle_name":"Paint Lick","gq_number":"800"},"geometry":{"type":"LineString","coordinates":[[-84.38444,37.5965],[-84.38511,37.59556]]}},{"type":"Feature","properties":{"fault_name":"IRVINE-PAINT CREEK FLT SYSTEM","feature_type":"FAULT","fault_throw":"DTSE","line_style":"CONCEALED_FAULT","quadrangle_name":"Paint Lick","gq_number":"800"},"geometry":{"type":"LineString","coordinates":[[-84.38511,37.59556],[-84.38537,37.59521]]}},{"type":"Feature","properties":{"fault_name":"IRVINE-PAINT CREEK FLT SYSTEM","feature_type":"FAULT","fault_throw":"DTNW","line_style":"FAULT","quadrangle_name":"Berea","gq_number":"649"},"geometry":{"type":"LineString","coordinates":[[-84.24994,37.59383],[-84.25378,37.59213]]}},{"type":"Feature","properties":{"fault_name":"IRVINE-PAINT CREEK FLT SYSTEM","feature_type":"FAULT","fault_throw":"DTNW","line_style":"FAULT","quadrangle_name":"Berea","gq_number":"649"},"geometry":{"type":"LineString","coordinates":[[-84.37254,37.59442],[-84.37071,37.5953],[-84.36792,37.5972],[-84.36505,37.5987],[-84.36338,37.59933],[-84.36011,37.60017],[-84.35753,37.60114],[-84.35648,37.60135]]}},{"type":"Feature","properties":{"fault_name":"IRVINE-PAINT CREEK FLT SYSTEM","feature_type":"FAULT","fault_throw":"DTSE","line_style":"CONCEALED_FAULT","quadrangle_name":"Paint Lick","gq_number":"800"},"geometry":{"type":"LineString","coordinates":[[-84.37509,37.59517],[-84.37521,37.59507]]}},{"type":"Feature","properties":{"fault_name":"IRVINE-PAINT CREEK FLT SYSTEM","feature_type":"FAULT","fault_throw":"DTSE","line_style":"CONCEALED_FAULT","quadrangle_name":"Paint Lick","gq_number":"800"},"geometry":{"type":"LineString","coordinates":[[-84.37521,37.59507],[-84.37615,37.59429]]}},{"type":"Feature","properties":{"fault_name":"IRVINE-PAINT CREEK FLT SYSTEM","feature_type":"FAULT","fault_throw":"DTSE","line_style":"FAULT","quadrangle_name":"Paint Lick","gq_number":"800"},"geometry":{"type":"LineString","coordinates":[[-84.38537,37.59521],[-84.38678,37.59347],[-84.38927,37.59126]]}},{"type":"Feature","properties":{"fault_name":" ","feature_type":"FAULT","fault_throw":"DTSE","line_style":"CONCEALED_FAULT","quadrangle_name":"Lancaster","gq_number":"888"},"geometry":{"type":"LineString","coordinates":[[-84.56888,37.59437],[-84.56778,37.59465]]}},{"type":"Feature","properties":{"fault_name":" ","feature_type":"FAULT","fault_throw":"DTSE","line_style":"FAULT","quadrangle_name":"Lancaster","gq_number":"888"},"geometry":{"type":"LineString","coordinates":[[-84.57694,37.59224],[-84.56888,37.59437]]}},{"type":"Feature","properties":{"fault_name":" ","feature_type":"FAULT","fault_throw":"DTS","line_style":"CONCEALED_FAULT","quadrangle_name":"Lancaster","gq_number":"888"},"geometry":{"type":"LineString","coordinates":[[-84.6165,37.59225],[-84.61513,37.59225]]}},{"type":"Feature","properties":{"fault_name":" ","feature_type":"FAULT","fault_throw":"DTS","line_style":"FAULT","quadrangle_name":"Lancaster","gq_number":"888"},"geometry":{"type":"LineString","coordinates":[[-84.61513,37.59225],[-84.61193,37.59229],[-84.60829,37.59208]]}},{"type":"Feature","properties":{"fault_name":" ","feature_type":"FAULT","fault_throw":"DTS","line_style":"FAULT","quadrangle_name":"Lancaster","gq_number":"888"},"geometry":{"type":"LineString","coordinates":[[-84.61675,37.59226],[-84.6165,37.59225]]}},{"type":"Feature","properties":{"fault_name":" ","feature_type":"FAULT","fault_throw":"DTS","line_style":"FAULT","quadrangle_name":"Lancaster","gq_number":"888"},"geometry":{"type":"LineString","coordinates":[[-84.61754,37.59223],[-84.61675,37.59226]]}},{"type":"Feature","properties":{"fault_name":" ","feature_type":"FAULT","fault_throw":"DTS","line_style":"CONCEALED_FAULT","quadrangle_name":"Lancaster","gq_number":"888"},"geometry":{"type":"LineString","coordinates":[[-84.62156,37.59216],[-84.61754,37.59223]]}},{"type":"Feature","properties":{"fault_name":" ","feature_type":"FAULT","fault_throw":"DTN","line_style":"CONCEALED_FAULT","quadrangle_name":"Lancaster","gq_number":"888"},"geometry":{"type":"LineString","coordinates":[[-84.62495,37.59212],[-84.62156,37.59216]]}},{"type":"Feature","properties":{"fault_name":" ","feature_type":"FAULT","fault_throw":"DTN","line_style":"CONCEALED_FAULT","quadrangle_name":"Stanford","gq_number":"1137"},"geometry":{"type":"LineString","coordinates":[[-84.62495,37.59212],[-84.62713,37.59209]]}},{"type":"Feature","properties":{"fault_name":" ","feature_type":"FAULT","fault_throw":"DTN","line_style":"FAULT","quadrangle_name":"Stanford","gq_number":"1137"},"geometry":{"type":"LineString","coordinates":[[-84.62713,37.59209],[-84.62741,37.59208]]}},{"type":"Feature","properties":{"fault_name":" ","feature_type":"FAULT","fault_throw":"DTN","line_style":"CONCEALED_FAULT","quadrangle_name":"Stanford","gq_number":"1137"},"geometry":{"type":"LineString","coordinates":[[-84.62741,37.59208],[-84.63174,37.59194],[-84.64045,37.59233]]}},{"type":"Feature","properties":{"fault_name":" ","feature_type":"FAULT","fault_throw":"DTNE","line_style":"CONCEALED_FAULT","quadrangle_name":"Lancaster","gq_number":"888"},"geometry":{"type":"LineString","coordinates":[[-84.62156,37.59216],[-84.61827,37.59089]]}},{"type":"Feature","properties":{"fault_name":"IRVINE-PAINT CREEK FLT SYSTEM","feature_type":"FAULT","fault_throw":"DTNW","line_style":"FAULT","quadrangle_name":"Paint Lick","gq_number":"800"},"geometry":{"type":"LineString","coordinates":[[-84.37528,37.5927],[-84.37827,37.58981],[-84.37971,37.58865],[-84.38164,37.58727],[-84.38545,37.585]]}},{"type":"Feature","properties":{"fault_name":" ","feature_type":"FAULT","fault_throw":"DTNE","line_style":"FAULT","quadrangle_name":"Lancaster","gq_number":"888"},"geometry":{"type":"LineString","coordinates":[[-84.61827,37.59089],[-84.61143,37.58763]]}},{"type":"Feature","properties":{"fault_name":"IRVINE-PAINT CREEK FLT SYSTEM","feature_type":"FAULT","fault_throw":"DTSE","line_style":"FAULT","quadrangle_name":"Paint Lick","gq_number":"800"},"geometry":{"type":"LineString","coordinates":[[-84.37615,37.59429],[-84.38754,37.58614],[-84.39317,37.58254],[-84.39655,37.57995]]}},{"type":"Feature","properties":{"fault_name":" ","feature_type":"FAULT","fault_throw":"DTSW","line_style":"FAULT","quadrangle_name":"Lancaster","gq_number":"888"},"geometry":{"type":"LineString","coordinates":[[-84.5271,37.58341],[-84.52357,37.58249]]}},{"type":"Feature","properties":{"fault_name":"IRVINE-PAINT CREEK FLT SYSTEM","feature_type":"FAULT","fault_throw":"DTSE","line_style":"CONCEALED_FAULT","quadrangle_name":"Paint Lick","gq_number":"800"},"geometry":{"type":"LineString","coordinates":[[-84.39655,37.57995],[-84.39723,37.57938]]}},{"type":"Feature","properties":{"fault_name":" ","feature_type":"FAULT","fault_throw":"DTN","line_style":"FAULT","quadrangle_name":"Stanford","gq_number":"1137"},"geometry":{"type":"LineString","coordinates":[[-84.62495,37.58401],[-84.62635,37.584],[-84.63458,37.58511],[-84.63685,37.58525]]}},{"type":"Feature","properties":{"fault_name":" ","feature_type":"FAULT","fault_throw":"DTSW","line_style":"FAULT","quadrangle_name":"Lancaster","gq_number":"888"},"geometry":{"type":"LineString","coordinates":[[-84.53946,37.58835],[-84.53504,37.58602],[-84.53341,37.58533],[-84.53174,37.585],[-84.5286,37.5849],[-84.52712,37.58472],[-84.5228,37.58306],[-84.51869,37.58173]]}},{"type":"Feature","properties":{"fault_name":" ","feature_type":"FAULT","fault_throw":"DTNE","line_style":"FAULT","quadrangle_name":"Lancaster","gq_number":"888"},"geometry":{"type":"LineString","coordinates":[[-84.52357,37.58249],[-84.52153,37.58205],[-84.51869,37.58173]]}},{"type":"Feature","properties":{"fault_name":"IRVINE-PAINT CREEK FLT SYSTEM","feature_type":"FAULT","fault_throw":"DTSE","line_style":"FAULT","quadrangle_name":"Paint Lick","gq_number":"800"},"geometry":{"type":"LineString","coordinates":[[-84.39467,37.57764],[-84.39365,37.5786],[-84.39099,37.5816]]}},{"type":"Feature","properties":{"fault_name":"IRVINE-PAINT CREEK FLT SYSTEM","feature_type":"FAULT","fault_throw":"DTSE","line_style":"CONCEALED_FAULT","quadrangle_name":"Paint Lick","gq_number":"800"},"geometry":{"type":"LineString","coordinates":[[-84.39526,37.5772],[-84.39467,37.57764]]}},{"type":"Feature","properties":{"fault_name":" ","feature_type":"FAULT","fault_throw":"DTSW","line_style":"FAULT","quadrangle_name":"Lancaster","gq_number":"888"},"geometry":{"type":"LineString","coordinates":[[-84.50379,37.58047],[-84.49994,37.57888]]}},{"type":"Feature","properties":{"fault_name":" ","feature_type":"FAULT","fault_throw":"DTSW","line_style":"FAULT","quadrangle_name":"Lancaster","gq_number":"888"},"geometry":{"type":"LineString","coordinates":[[-84.50386,37.57994],[-84.5013,37.57875],[-84.49994,37.57854]]}},{"type":"Feature","properties":{"fault_name":" ","feature_type":"FAULT","fault_throw":"DTSW","line_style":"FAULT","quadrangle_name":"Paint Lick","gq_number":"800"},"geometry":{"type":"LineString","coordinates":[[-84.49994,37.57888],[-84.49894,37.57848]]}},{"type":"Feature","properties":{"fault_name":" ","feature_type":"FAULT","fault_throw":"DTSW","line_style":"FAULT","quadrangle_name":"Paint Lick","gq_number":"800"},"geometry":{"type":"LineString","coordinates":[[-84.49994,37.57854],[-84.49894,37.57848]]}},{"type":"Feature","properties":{"fault_name":" ","feature_type":"FAULT","fault_throw":"DTSW","line_style":"FAULT","quadrangle_name":"Lancaster","gq_number":"888"},"geometry":{"type":"LineString","coordinates":[[-84.51084,37.58246],[-84.50742,37.58054],[-84.50205,37.57839],[-84.49994,37.57785]]}},{"type":"Feature","properties":{"fault_name":"IRVINE-PAINT CREEK FLT SYSTEM","feature_type":"FAULT","fault_throw":"DTNW","line_style":"FAULT","quadrangle_name":"Paint Lick","gq_number":"800"},"geometry":{"type":"LineString","coordinates":[[-84.38499,37.58206],[-84.39118,37.57744],[-84.39405,37.57554]]}},{"type":"Feature","properties":{"fault_name":" ","feature_type":"FAULT","fault_throw":"DTSW","line_style":"FAULT","quadrangle_name":"Lancaster","gq_number":"888"},"geometry":{"type":"LineString","coordinates":[[-84.51869,37.58173],[-84.51455,37.58037],[-84.51129,37.57947],[-84.50342,37.57788],[-84.49994,37.57739]]}},{"type":"Feature","properties":{"fault_name":"IRVINE-PAINT CREEK FLT SYSTEM","feature_type":"FAULT","fault_throw":"DTNW","line_style":"CONCEALED_FAULT","quadrangle_name":"Paint Lick","gq_number":"800"},"geometry":{"type":"LineString","coordinates":[[-84.39405,37.57554],[-84.39475,37.57506]]}},{"type":"Feature","properties":{"fault_name":"IRVINE-PAINT CREEK FLT SYSTEM","feature_type":"FAULT","fault_throw":"DTSE","line_style":"FAULT","quadrangle_name":"Paint Lick","gq_number":"800"},"geometry":{"type":"LineString","coordinates":[[-84.39723,37.57938],[-84.40162,37.5761],[-84.40321,37.57517]]}},{"type":"Feature","properties":{"fault_name":"IRVINE-PAINT CREEK FLT SYSTEM","feature_type":"FAULT","fault_throw":"DTNW","line_style":"FAULT","quadrangle_name":"Paint Lick","gq_number":"800"},"geometry":{"type":"LineString","coordinates":[[-84.39475,37.57506],[-84.39751,37.57326]]}},{"type":"Feature","properties":{"fault_name":" ","feature_type":"FAULT","fault_throw":"DTN","line_style":"FAULT","quadrangle_name":"Lancaster","gq_number":"888"},"geometry":{"type":"LineString","coordinates":[[-84.62495,37.58401],[-84.62008,37.58328],[-84.61521,37.58211],[-84.61199,37.58095],[-84.60488,37.5781],[-84.60156,37.577]]}},{"type":"Feature","properties":{"fault_name":" ","feature_type":"FAULT","fault_throw":"DTSW","line_style":"FAULT","quadrangle_name":"Paint Lick","gq_number":"800"},"geometry":{"type":"LineString","coordinates":[[-84.49894,37.57848],[-84.49516,37.57777],[-84.48694,37.57542],[-84.48412,37.5745]]}},{"type":"Feature","properties":{"fault_name":" ","feature_type":"FAULT","fault_throw":"DTSW","line_style":"FAULT","quadrangle_name":"Paint Lick","gq_number":"800"},"geometry":{"type":"LineString","coordinates":[[-84.49994,37.57785],[-84.49312,37.57659],[-84.4847,37.57452],[-84.48412,37.5745]]}},{"type":"Feature","properties":{"fault_name":" ","feature_type":"FAULT","fault_throw":"DTN","line_style":"CONCEALED_FAULT","quadrangle_name":"Lancaster","gq_number":"888"},"geometry":{"type":"LineString","coordinates":[[-84.60156,37.577],[-84.59901,37.57623]]}},{"type":"Feature","properties":{"fault_name":" ","feature_type":"FAULT","fault_throw":"DTN","line_style":"FAULT","quadrangle_name":"Lancaster","gq_number":"888"},"geometry":{"type":"LineString","coordinates":[[-84.59901,37.57623],[-84.59525,37.57573]]}},{"type":"Feature","properties":{"fault_name":" ","feature_type":"FAULT","fault_throw":"DTSW","line_style":"FAULT","quadrangle_name":"Paint Lick","gq_number":"800"},"geometry":{"type":"LineString","coordinates":[[-84.48412,37.5745],[-84.48037,37.57307]]}},{"type":"Feature","properties":{"fault_name":" ","feature_type":"FAULT","fault_throw":"DTSW","line_style":"FAULT","quadrangle_name":"Paint Lick","gq_number":"800"},"geometry":{"type":"LineString","coordinates":[[-84.49994,37.57739],[-84.49801,37.57713],[-84.49619,37.57668],[-84.49328,37.57562],[-84.49036,37.57487],[-84.48258,37.57336],[-84.48037,37.57307]]}},{"type":"Feature","properties":{"fault_name":" ","feature_type":"FAULT","fault_throw":"DTSW","line_style":"FAULT","quadrangle_name":"Paint Lick","gq_number":"800"},"geometry":{"type":"LineString","coordinates":[[-84.48037,37.57307],[-84.47606,37.57153],[-84.47297,37.57023]]}},{"type":"Feature","properties":{"fault_name":" ","feature_type":"FAULT","fault_throw":"DTSW","line_style":"FAULT","quadrangle_name":"Paint Lick","gq_number":"800"},"geometry":{"type":"LineString","coordinates":[[-84.47297,37.57023],[-84.47244,37.56997]]}},{"type":"Feature","properties":{"fault_name":" ","feature_type":"FAULT","fault_throw":"DTSW","line_style":"FAULT","quadrangle_name":"Paint Lick","gq_number":"800"},"geometry":{"type":"LineString","coordinates":[[-84.47244,37.56997],[-84.46863,37.569],[-84.46391,37.56814],[-84.4618,37.56764]]}},{"type":"Feature","properties":{"fault_name":" ","feature_type":"FAULT","fault_throw":"DTSW","line_style":"FAULT","quadrangle_name":"Paint Lick","gq_number":"800"},"geometry":{"type":"LineString","coordinates":[[-84.4618,37.56764],[-84.45884,37.56687]]}},{"type":"Feature","properties":{"fault_name":" ","feature_type":"FAULT","fault_throw":"DTSW","line_style":"FAULT","quadrangle_name":"Paint Lick","gq_number":"800"},"geometry":{"type":"LineString","coordinates":[[-84.47297,37.57023],[-84.46031,37.56846],[-84.45605,37.56768],[-84.45033,37.56609],[-84.44923,37.56573],[-84.44757,37.56489]]}},{"type":"Feature","properties":{"fault_name":" ","feature_type":"FAULT","fault_throw":"DTSW","line_style":"FAULT","quadrangle_name":"Paint Lick","gq_number":"800"},"geometry":{"type":"LineString","coordinates":[[-84.4618,37.56764],[-84.45749,37.56542],[-84.4563,37.56459]]}},{"type":"Feature","properties":{"fault_name":" ","feature_type":"FAULT","fault_throw":"DTSW","line_style":"FAULT","quadrangle_name":"Paint Lick","gq_number":"800"},"geometry":{"type":"LineString","coordinates":[[-84.47244,37.56997],[-84.46693,37.56744],[-84.46232,37.56599],[-84.45791,37.56485],[-84.4563,37.56459]]}},{"type":"Feature","properties":{"fault_name":" ","feature_type":"FAULT","fault_throw":"DTSE","line_style":"FAULT","quadrangle_name":"Stanford","gq_number":"1137"},"geometry":{"type":"LineString","coordinates":[[-84.63143,37.56664],[-84.63117,37.56727]]}},{"type":"Feature","properties":{"fault_name":" ","feature_type":"FAULT","fault_throw":"DTSE","line_style":"CONCEALED_FAULT","quadrangle_name":"Stanford","gq_number":"1137"},"geometry":{"type":"LineString","coordinates":[[-84.63158,37.56629],[-84.63143,37.56664]]}},{"type":"Feature","properties":{"fault_name":" ","feature_type":"FAULT","fault_throw":"DTSW","line_style":"FAULT","quadrangle_name":"Paint Lick","gq_number":"800"},"geometry":{"type":"LineString","coordinates":[[-84.4563,37.56459],[-84.44681,37.56316],[-84.44393,37.56253],[-84.44227,37.56174],[-84.43419,37.55685]]}},{"type":"Feature","properties":{"fault_name":" ","feature_type":"FAULT","fault_throw":"DTSW","line_style":"FAULT","quadrangle_name":"Paint Lick","gq_number":"800"},"geometry":{"type":"LineString","coordinates":[[-84.43419,37.55685],[-84.43059,37.55465],[-84.42899,37.5535]]}},{"type":"Feature","properties":{"fault_name":" ","feature_type":"FAULT","fault_throw":"DTSW","line_style":"FAULT","quadrangle_name":"Paint Lick","gq_number":"800"},"geometry":{"type":"LineString","coordinates":[[-84.43419,37.55685],[-84.42944,37.55249]]}},{"type":"Feature","properties":{"fault_name":" ","feature_type":"FAULT","fault_throw":"DTSW","line_style":"FAULT","quadrangle_name":"Paint Lick","gq_number":"800"},"geometry":{"type":"LineString","coordinates":[[-84.42899,37.5535],[-84.42763,37.55234]]}},{"type":"Feature","properties":{"fault_name":"IRVINE-PAINT CREEK FLT SYSTEM","feature_type":"FAULT","fault_throw":"DTSE","line_style":"FAULT","quadrangle_name":"Paint Lick","gq_number":"800"},"geometry":{"type":"LineString","coordinates":[[-84.42684,37.55137],[-84.42101,37.55592],[-84.41721,37.55835],[-84.41587,37.55937],[-84.41443,37.5606],[-84.41092,37.56398],[-84.40741,37.56786],[-84.40505,37.57008],[-84.39926,37.57486],[-84.39526,37.5772]]}},{"type":"Feature","properties":{"fault_name":"IRVINE-PAINT CREEK FLT SYSTEM","feature_type":"FAULT","fault_throw":"DTSE","line_style":"FAULT","quadrangle_name":"Paint Lick","gq_number":"800"},"geometry":{"type":"LineString","coordinates":[[-84.42743,37.55101],[-84.42684,37.55137]]}},{"type":"Feature","properties":{"fault_name":" ","feature_type":"FAULT","fault_throw":"DTSW","line_style":"FAULT","quadrangle_name":"Paint Lick","gq_number":"800"},"geometry":{"type":"LineString","coordinates":[[-84.42899,37.5535],[-84.42743,37.55101]]}},{"type":"Feature","properties":{"fault_name":" ","feature_type":"FAULT","fault_throw":"DTSW","line_style":"FAULT","quadrangle_name":"Paint Lick","gq_number":"800"},"geometry":{"type":"LineString","coordinates":[[-84.42944,37.55249],[-84.4291,37.55239],[-84.42743,37.55101]]}},{"type":"Feature","properties":{"fault_name":"IRVINE-PAINT CREEK FLT SYSTEM","feature_type":"FAULT","fault_throw":"DTSE","line_style":"FAULT","quadrangle_name":"Paint Lick","gq_number":"800"},"geometry":{"type":"LineString","coordinates":[[-84.42778,37.55077],[-84.42743,37.55101]]}},{"type":"Feature","properties":{"fault_name":" ","feature_type":"FAULT","fault_throw":"DTSW","line_style":"FAULT","quadrangle_name":"Paint Lick","gq_number":"800"},"geometry":{"type":"LineString","coordinates":[[-84.42944,37.55249],[-84.42778,37.55077]]}},{"type":"Feature","properties":{"fault_name":"IRVINE-PAINT CREEK FLT SYSTEM","feature_type":"FAULT","fault_throw":"DTNW","line_style":"FAULT","quadrangle_name":"Paint Lick","gq_number":"800"},"geometry":{"type":"LineString","coordinates":[[-84.38962,37.57089],[-84.39093,37.56936],[-84.39317,37.56722],[-84.39717,37.56445],[-84.40028,37.56285],[-84.40653,37.56022],[-84.41088,37.55822],[-84.42369,37.55161],[-84.42582,37.55032]]}},{"type":"Feature","properties":{"fault_name":" ","feature_type":"FAULT","fault_throw":"DTSW","line_style":"FAULT","quadrangle_name":"Paint Lick","gq_number":"800"},"geometry":{"type":"LineString","coordinates":[[-84.42684,37.55137],[-84.42582,37.55032]]}},{"type":"Feature","properties":{"fault_name":" ","feature_type":"FAULT","fault_throw":"DTNE","line_style":"FAULT","quadrangle_name":"Lancaster","gq_number":"888"},"geometry":{"type":"LineString","coordinates":[[-84.55028,37.55671],[-84.54671,37.55511],[-84.53927,37.55226]]}},{"type":"Feature","properties":{"fault_name":" ","feature_type":"FAULT","fault_throw":"DTNE","line_style":"CONCEALED_FAULT","quadrangle_name":"Lancaster","gq_number":"888"},"geometry":{"type":"LineString","coordinates":[[-84.53927,37.55226],[-84.53787,37.55166]]}},{"type":"Feature","properties":{"fault_name":"IRVINE-PAINT CREEK FLT SYSTEM","feature_type":"FAULT","fault_throw":"DTNW","line_style":"FAULT","quadrangle_name":"Paint Lick","gq_number":"800"},"geometry":{"type":"LineString","coordinates":[[-84.40217,37.55957],[-84.40786,37.55442],[-84.41197,37.55131],[-84.41335,37.55002],[-84.41519,37.54797]]}},{"type":"Feature","properties":{"fault_name":"IRVINE-PAINT CREEK FLT SYSTEM","feature_type":"FAULT","fault_throw":"DTNW","line_style":"FAULT","quadrangle_name":"Paint Lick","gq_number":"800"},"geometry":{"type":"LineString","coordinates":[[-84.41519,37.54797],[-84.41614,37.54707]]}},{"type":"Feature","properties":{"fault_name":"IRVINE-PAINT CREEK FLT SYSTEM","feature_type":"FAULT","fault_throw":"DTSW","line_style":"FAULT","quadrangle_name":"Paint Lick","gq_number":"800"},"geometry":{"type":"LineString","coordinates":[[-84.41519,37.54797],[-84.41082,37.54525]]}},{"type":"Feature","properties":{"fault_name":" ","feature_type":"FAULT","fault_throw":"DTNE","line_style":"FAULT","quadrangle_name":"Lancaster","gq_number":"888"},"geometry":{"type":"LineString","coordinates":[[-84.53787,37.55166],[-84.53614,37.55082],[-84.53329,37.54913],[-84.52965,37.54737]]}},{"type":"Feature","properties":{"fault_name":" ","feature_type":"FAULT","fault_throw":"DTW","line_style":"CONCEALED_FAULT","quadrangle_name":"Stanford","gq_number":"1137"},"geometry":{"type":"LineString","coordinates":[[-84.62883,37.54826],[-84.62888,37.54873]]}},{"type":"Feature","properties":{"fault_name":" ","feature_type":"FAULT","fault_throw":"DTW","line_style":"FAULT","quadrangle_name":"Stanford","gq_number":"1137"},"geometry":{"type":"LineString","coordinates":[[-84.6288,37.54717],[-84.62883,37.54826]]}},{"type":"Feature","properties":{"fault_name":" ","feature_type":"FAULT","fault_throw":"DTW","line_style":"CONCEALED_FAULT","quadrangle_name":"Stanford","gq_number":"1137"},"geometry":{"type":"LineString","coordinates":[[-84.62884,37.54672],[-84.6288,37.54717]]}},{"type":"Feature","properties":{"fault_name":" ","feature_type":"FAULT","fault_throw":"DTW","line_style":"FAULT","quadrangle_name":"Stanford","gq_number":"1137"},"geometry":{"type":"LineString","coordinates":[[-84.62889,37.5464],[-84.62884,37.54672]]}},{"type":"Feature","properties":{"fault_name":" ","feature_type":"FAULT","fault_throw":"DTW","line_style":"CONCEALED_FAULT","quadrangle_name":"Stanford","gq_number":"1137"},"geometry":{"type":"LineString","coordinates":[[-84.62906,37.54559],[-84.62889,37.5464]]}},{"type":"Feature","properties":{"fault_name":" ","feature_type":"FAULT","fault_throw":"DTSW","line_style":"FAULT","quadrangle_name":"Lancaster","gq_number":"888"},"geometry":{"type":"LineString","coordinates":[[-84.52965,37.54737],[-84.52051,37.54171]]}},{"type":"Feature","properties":{"fault_name":" ","feature_type":"FAULT","fault_throw":"DTSE","line_style":"FAULT","quadrangle_name":"Paint Lick","gq_number":"800"},"geometry":{"type":"LineString","coordinates":[[-84.3938,37.53856],[-84.3869,37.54085]]}},{"type":"Feature","properties":{"fault_name":" ","feature_type":"FAULT","fault_throw":"DTSW","line_style":"FAULT","quadrangle_name":"Paint Lick","gq_number":"800"},"geometry":{"type":"LineString","coordinates":[[-84.42582,37.55032],[-84.42449,37.54907],[-84.42208,37.5473],[-84.41336,37.54216],[-84.408,37.53918],[-84.40453,37.53767],[-84.40236,37.53692],[-84.40023,37.5364],[-84.39825,37.53607]]}},{"type":"Feature","properties":{"fault_name":" ","feature_type":"FAULT","fault_throw":"DTS","line_style":"FAULT","quadrangle_name":"Paint Lick","gq_number":"800"},"geometry":{"type":"LineString","coordinates":[[-84.39825,37.53607],[-84.39655,37.53591],[-84.39406,37.53602],[-84.39127,37.53645],[-84.38982,37.53694]]}},{"type":"Feature","properties":{"fault_name":"IRVINE-PAINT CREEK FLT SYSTEM","feature_type":"FAULT","fault_throw":"DTNW","line_style":"FAULT","quadrangle_name":"Paint Lick","gq_number":"800"},"geometry":{"type":"LineString","coordinates":[[-84.43532,37.53581],[-84.43278,37.5373]]}},{"type":"Feature","properties":{"fault_name":"IRVINE-PAINT CREEK FLT SYSTEM","feature_type":"FAULT","fault_throw":"DTNW","line_style":"FAULT","quadrangle_name":"Paint Lick","gq_number":"800"},"geometry":{"type":"LineString","coordinates":[[-84.43542,37.53577],[-84.43532,37.53581]]}},{"type":"Feature","properties":{"fault_name":"IRVINE-PAINT CREEK FLT SYSTEM","feature_type":"FAULT","fault_throw":"DTNW","line_style":"FAULT","quadrangle_name":"Paint Lick","gq_number":"800"},"geometry":{"type":"LineString","coordinates":[[-84.43386,37.53717],[-84.43542,37.53577]]}},{"type":"Feature","properties":{"fault_name":"IRVINE-PAINT CREEK FLT SYSTEM","feature_type":"FAULT","fault_throw":"DTNW","line_style":"FAULT","quadrangle_name":"Paint Lick","gq_number":"800"},"geometry":{"type":"LineString","coordinates":[[-84.43111,37.53749],[-84.43236,37.53669],[-84.43469,37.53567]]}},{"type":"Feature","properties":{"fault_name":"IRVINE-PAINT CREEK FLT SYSTEM","feature_type":"FAULT","fault_throw":"DTN","line_style":"FAULT","quadrangle_name":"Paint Lick","gq_number":"800"},"geometry":{"type":"LineString","coordinates":[[-84.43469,37.53567],[-84.43532,37.53581]]}},{"type":"Feature","properties":{"fault_name":"IRVINE-PAINT CREEK FLT SYSTEM","feature_type":"FAULT","fault_throw":"DTNW","line_style":"FAULT","quadrangle_name":"Paint Lick","gq_number":"800"},"geometry":{"type":"LineString","coordinates":[[-84.43174,37.53643],[-84.43241,37.53603],[-84.43328,37.5357],[-84.43469,37.53567]]}},{"type":"Feature","properties":{"fault_name":" ","feature_type":"FAULT","fault_throw":"DTNE","line_style":"FAULT","quadrangle_name":"Lancaster","gq_number":"888"},"geometry":{"type":"LineString","coordinates":[[-84.52051,37.54171],[-84.51658,37.53923],[-84.50847,37.53496]]}},{"type":"Feature","properties":{"fault_name":" ","feature_type":"FAULT","fault_throw":"DTNE","line_style":"FAULT","quadrangle_name":"Lancaster","gq_number":"888"},"geometry":{"type":"LineString","coordinates":[[-84.50847,37.53496],[-84.50783,37.53486]]}},{"type":"Feature","properties":{"fault_name":" ","feature_type":"FAULT","fault_throw":"DTNE","line_style":"FAULT","quadrangle_name":"Lancaster","gq_number":"888"},"geometry":{"type":"LineString","coordinates":[[-84.50847,37.53496],[-84.5079,37.53464]]}},{"type":"Feature","properties":{"fault_name":" ","feature_type":"FAULT","fault_throw":"DTNE","line_style":"CONCEALED_FAULT","quadrangle_name":"Lancaster","gq_number":"888"},"geometry":{"type":"LineString","coordinates":[[-84.50783,37.53486],[-84.50504,37.53433]]}},{"type":"Feature","properties":{"fault_name":" ","feature_type":"FAULT","fault_throw":"DTSW","line_style":"FAULT","quadrangle_name":"Lancaster","gq_number":"888"},"geometry":{"type":"LineString","coordinates":[[-84.50504,37.53433],[-84.50321,37.53397]]}},{"type":"Feature","properties":{"fault_name":" ","feature_type":"FAULT","fault_throw":"DTNE","line_style":"CONCEALED_FAULT","quadrangle_name":"Lancaster","gq_number":"888"},"geometry":{"type":"LineString","coordinates":[[-84.5079,37.53464],[-84.50632,37.53349]]}},{"type":"Feature","properties":{"fault_name":" ","feature_type":"FAULT","fault_throw":"DTNE","line_style":"FAULT","quadrangle_name":"Lancaster","gq_number":"888"},"geometry":{"type":"LineString","coordinates":[[-84.50632,37.53349],[-84.50346,37.53176],[-84.50096,37.53081]]}},{"type":"Feature","properties":{"fault_name":"IRVINE-PAINT CREEK FLT SYSTEM","feature_type":"FAULT","fault_throw":"DTNW","line_style":"FAULT","quadrangle_name":"Paint Lick","gq_number":"800"},"geometry":{"type":"LineString","coordinates":[[-84.45501,37.5298],[-84.4472,37.53241],[-84.44327,37.53337],[-84.43542,37.53577]]}},{"type":"Feature","properties":{"fault_name":" ","feature_type":"FAULT","fault_throw":"DTNW","line_style":"FAULT","quadrangle_name":"Stanford","gq_number":"1137"},"geometry":{"type":"LineString","coordinates":[[-84.63453,37.53297],[-84.63142,37.5386],[-84.63016,37.54172],[-84.62906,37.54559]]}},{"type":"Feature","properties":{"fault_name":"IRVINE-PAINT CREEK FLT SYSTEM","feature_type":"FAULT","fault_throw":"DTSE","line_style":"FAULT","quadrangle_name":"Paint Lick","gq_number":"800"},"geometry":{"type":"LineString","coordinates":[[-84.49418,37.52708],[-84.49141,37.52784],[-84.48996,37.52839],[-84.4859,37.53029],[-84.48356,37.5311],[-84.47825,37.53233],[-84.47348,37.53296],[-84.47068,37.5335],[-84.46653,37.53481],[-84.4589,37.53795],[-84.44878,37.54067],[-84.44457,37.54192],[-84.43985,37.54443],[-84.4343,37.54699],[-84.42778,37.55077]]}},{"type":"Feature","properties":{"fault_name":"IRVINE-PAINT CREEK FLT SYSTEM","feature_type":"FAULT","fault_throw":"DTNW","line_style":"FAULT","quadrangle_name":"Paint Lick","gq_number":"800"},"geometry":{"type":"LineString","coordinates":[[-84.47001,37.52553],[-84.46708,37.52593],[-84.46456,37.52654],[-84.45501,37.5298]]}},{"type":"Feature","properties":{"fault_name":"IRVINE-PAINT CREEK FLT SYSTEM","feature_type":"FAULT","fault_throw":"DTNW","line_style":"FAULT","quadrangle_name":"Paint Lick","gq_number":"800"},"geometry":{"type":"LineString","coordinates":[[-84.47001,37.52553],[-84.4684,37.52536],[-84.46754,37.52543],[-84.46427,37.52624],[-84.45868,37.52792],[-84.45622,37.52903],[-84.45501,37.5298]]}},{"type":"Feature","properties":{"fault_name":"IRVINE-PAINT CREEK FLT SYSTEM","feature_type":"FAULT","fault_throw":"DTN","line_style":"FAULT","quadrangle_name":"Paint Lick","gq_number":"800"},"geometry":{"type":"LineString","coordinates":[[-84.49551,37.52572],[-84.49394,37.52587]]}},{"type":"Feature","properties":{"fault_name":"IRVINE-PAINT CREEK FLT SYSTEM","feature_type":"FAULT","fault_throw":"DTSE","line_style":"FAULT","quadrangle_name":"Paint Lick","gq_number":"800"},"geometry":{"type":"LineString","coordinates":[[-84.49551,37.52572],[-84.49418,37.52708]]}},{"type":"Feature","properties":{"fault_name":"IRVINE-PAINT CREEK FLT SYSTEM","feature_type":"FAULT","fault_throw":"DTSE","line_style":"FAULT","quadrangle_name":"Paint Lick","gq_number":"800"},"geometry":{"type":"LineString","coordinates":[[-84.49981,37.5252],[-84.49418,37.52708]]}},{"type":"Feature","properties":{"fault_name":"IRVINE-PAINT CREEK FLT SYSTEM","feature_type":"FAULT","fault_throw":"DTN","line_style":"FAULT","quadrangle_name":"Paint Lick","gq_number":"800"},"geometry":{"type":"LineString","coordinates":[[-84.49981,37.5252],[-84.49922,37.52518],[-84.49551,37.52572]]}},{"type":"Feature","properties":{"fault_name":"IRVINE-PAINT CREEK FLT SYSTEM","feature_type":"FAULT","fault_throw":"DTSE","line_style":"FAULT","quadrangle_name":"Paint Lick","gq_number":"800"},"geometry":{"type":"LineString","coordinates":[[-84.49994,37.52513],[-84.49981,37.5252]]}},{"type":"Feature","properties":{"fault_name":"IRVINE-PAINT CREEK FLT SYSTEM","feature_type":"FAULT","fault_throw":"DTSE","line_style":"FAULT","quadrangle_name":"Lancaster","gq_number":"888"},"geometry":{"type":"LineString","coordinates":[[-84.50693,37.5225],[-84.50567,37.52308],[-84.49994,37.52513]]}},{"type":"Feature","properties":{"fault_name":"IRVINE-PAINT CREEK FLT SYSTEM","feature_type":"FAULT","fault_throw":"DTNW","line_style":"FAULT","quadrangle_name":"Lancaster","gq_number":"888"},"geometry":{"type":"LineString","coordinates":[[-84.50982,37.52132],[-84.50693,37.5225]]}},{"type":"Feature","properties":{"fault_name":"IRVINE-PAINT CREEK FLT SYSTEM","feature_type":"FAULT","fault_throw":"DTNW","line_style":"FAULT","quadrangle_name":"Paint Lick","gq_number":"800"},"geometry":{"type":"LineString","coordinates":[[-84.49994,37.51824],[-84.49862,37.51852],[-84.49297,37.51923],[-84.49029,37.51979],[-84.4885,37.52035],[-84.48624,37.52124],[-84.48114,37.52347],[-84.47653,37.52459],[-84.47001,37.52553]]}},{"type":"Feature","properties":{"fault_name":"IRVINE-PAINT CREEK FLT SYSTEM","feature_type":"FAULT","fault_throw":"DTNW","line_style":"FAULT","quadrangle_name":"Paint Lick","gq_number":"800"},"geometry":{"type":"LineString","coordinates":[[-84.49534,37.5181],[-84.48721,37.51992],[-84.48046,37.52256],[-84.47685,37.52375],[-84.47481,37.5243]]}},{"type":"Feature","properties":{"fault_name":"IRVINE-PAINT CREEK FLT SYSTEM","feature_type":"FAULT","fault_throw":"DTSE","line_style":"FAULT","quadrangle_name":"Lancaster","gq_number":"888"},"geometry":{"type":"LineString","coordinates":[[-84.5104,37.51982],[-84.50693,37.5225]]}},{"type":"Feature","properties":{"fault_name":"IRVINE-PAINT CREEK FLT SYSTEM","feature_type":"FAULT","fault_throw":"DTSE","line_style":"FAULT","quadrangle_name":"Lancaster","gq_number":"888"},"geometry":{"type":"LineString","coordinates":[[-84.51738,37.51644],[-84.51318,37.5183],[-84.5104,37.51982]]}},{"type":"Feature","properties":{"fault_name":"IRVINE-PAINT CREEK FLT SYSTEM","feature_type":"FAULT","fault_throw":"DTS","line_style":"CONCEALED_FAULT","quadrangle_name":"Lancaster","gq_number":"888"},"geometry":{"type":"LineString","coordinates":[[-84.51905,37.51605],[-84.51738,37.51644]]}},{"type":"Feature","properties":{"fault_name":"IRVINE-PAINT CREEK FLT SYSTEM","feature_type":"FAULT","fault_throw":"DTNW","line_style":"FAULT","quadrangle_name":"Lancaster","gq_number":"888"},"geometry":{"type":"LineString","coordinates":[[-84.50526,37.51634],[-84.49994,37.51824]]}},{"type":"Feature","properties":{"fault_name":"IRVINE-PAINT CREEK FLT SYSTEM","feature_type":"FAULT","fault_throw":"DTNW","line_style":"FAULT","quadrangle_name":"Lancaster","gq_number":"888"},"geometry":{"type":"LineString","coordinates":[[-84.50924,37.51492],[-84.50526,37.51634]]}},{"type":"Feature","properties":{"fault_name":"IRVINE-PAINT CREEK FLT SYSTEM","feature_type":"FAULT","fault_throw":"DTS","line_style":"CONCEALED_FAULT","quadrangle_name":"Lancaster","gq_number":"888"},"geometry":{"type":"LineString","coordinates":[[-84.54772,37.51348],[-84.54467,37.5133]]}},{"type":"Feature","properties":{"fault_name":"IRVINE-PAINT CREEK FLT SYSTEM","feature_type":"FAULT","fault_throw":"DTS","line_style":"FAULT","quadrangle_name":"Lancaster","gq_number":"888"},"geometry":{"type":"LineString","coordinates":[[-84.54467,37.5133],[-84.54186,37.51324],[-84.53919,37.51344],[-84.53791,37.51359],[-84.53519,37.51437],[-84.53372,37.51464],[-84.52478,37.51536],[-84.51905,37.51605]]}},{"type":"Feature","properties":{"fault_name":"IRVINE-PAINT CREEK FLT SYSTEM","feature_type":"FAULT","fault_throw":"DTS","line_style":"FAULT","quadrangle_name":"Lancaster","gq_number":"888"},"geometry":{"type":"LineString","coordinates":[[-84.55347,37.51306],[-84.54772,37.51348]]}},{"type":"Feature","properties":{"fault_name":"IRVINE-PAINT CREEK FLT SYSTEM","feature_type":"FAULT","fault_throw":"DTS","line_style":"CONCEALED_FAULT","quadrangle_name":"Lancaster","gq_number":"888"},"geometry":{"type":"LineString","coordinates":[[-84.5574,37.51245],[-84.55347,37.51306]]}},{"type":"Feature","properties":{"fault_name":"IRVINE-PAINT CREEK FLT SYSTEM","feature_type":"FAULT","fault_throw":"DTS","line_style":"FAULT","quadrangle_name":"Lancaster","gq_number":"888"},"geometry":{"type":"LineString","coordinates":[[-84.55816,37.51218],[-84.5574,37.51245]]}},{"type":"Feature","properties":{"fault_name":" ","feature_type":"FAULT","fault_throw":"DTSE","line_style":"FAULT","quadrangle_name":"Stanford","gq_number":"1137"},"geometry":{"type":"LineString","coordinates":[[-84.67456,37.51427],[-84.66911,37.52009],[-84.66552,37.52467],[-84.66372,37.52662],[-84.65781,37.53364],[-84.65568,37.53654],[-84.65156,37.5427],[-84.64888,37.54604],[-84.64726,37.54775],[-84.64442,37.55023],[-84.64293,37.55144],[-84.63738,37.55522],[-84.63647,37.55613],[-84.63505,37.55868],[-84.6329,37.56315],[-84.63158,37.56629]]}},{"type":"Feature","properties":{"fault_name":" ","feature_type":"FAULT","fault_throw":"DTNE","line_style":"CONCEALED_FAULT","quadrangle_name":"Stanford","gq_number":"1137"},"geometry":{"type":"LineString","coordinates":[[-84.62832,37.51151],[-84.62977,37.51308]]}},{"type":"Feature","properties":{"fault_name":" ","feature_type":"FAULT","fault_throw":"DTNE","line_style":"FAULT","quadrangle_name":"Stanford","gq_number":"1137"},"geometry":{"type":"LineString","coordinates":[[-84.62814,37.51134],[-84.62832,37.51151]]}},{"type":"Feature","properties":{"fault_name":" ","feature_type":"FAULT","fault_throw":"DTNE","line_style":"CONCEALED_FAULT","quadrangle_name":"Stanford","gq_number":"1137"},"geometry":{"type":"LineString","coordinates":[[-84.62765,37.51082],[-84.62814,37.51134]]}},{"type":"Feature","properties":{"fault_name":"IRVINE-PAINT CREEK FLT SYSTEM","feature_type":"FAULT","fault_throw":"DTN","line_style":"FAULT","quadrangle_name":"Lancaster","gq_number":"888"},"geometry":{"type":"LineString","coordinates":[[-84.53588,37.50807],[-84.5334,37.50773],[-84.52863,37.50772],[-84.52602,37.50789],[-84.5218,37.50847],[-84.51999,37.50852]]}},{"type":"Feature","properties":{"fault_name":" ","feature_type":"FAULT","fault_throw":"DTNE","line_style":"FAULT","quadrangle_name":"Stanford","gq_number":"1137"},"geometry":{"type":"LineString","coordinates":[[-84.62495,37.50875],[-84.62615,37.5095],[-84.62765,37.51082]]}},{"type":"Feature","properties":{"fault_name":"IRVINE-PAINT CREEK FLT SYSTEM","feature_type":"FAULT","fault_throw":"DTN","line_style":"FAULT","quadrangle_name":"Lancaster","gq_number":"888"},"geometry":{"type":"LineString","coordinates":[[-84.55229,37.50612],[-84.54923,37.50643],[-84.54055,37.50828],[-84.53703,37.50833],[-84.53292,37.50885],[-84.52994,37.50886],[-84.52868,37.50875]]}},{"type":"Feature","properties":{"fault_name":"IRVINE-PAINT CREEK FLT SYSTEM","feature_type":"FAULT","fault_throw":"DTN","line_style":"CONCEALED_FAULT","quadrangle_name":"Lancaster","gq_number":"888"},"geometry":{"type":"LineString","coordinates":[[-84.5581,37.50553],[-84.55229,37.50612]]}},{"type":"Feature","properties":{"fault_name":" ","feature_type":"FAULT","fault_throw":"DTNE","line_style":"FAULT","quadrangle_name":"Stanford","gq_number":"1137"},"geometry":{"type":"LineString","coordinates":[[-84.63152,37.50676],[-84.63274,37.50912]]}},{"type":"Feature","properties":{"fault_name":" ","feature_type":"FAULT","fault_throw":"DTNE","line_style":"CONCEALED_FAULT","quadrangle_name":"Stanford","gq_number":"1137"},"geometry":{"type":"LineString","coordinates":[[-84.63053,37.50494],[-84.63152,37.50676]]}},{"type":"Feature","properties":{"fault_name":" ","feature_type":"FAULT","fault_throw":"DTNE","line_style":"FAULT","quadrangle_name":"Stanford","gq_number":"1137"},"geometry":{"type":"LineString","coordinates":[[-84.63039,37.50476],[-84.63053,37.50494]]}},{"type":"Feature","properties":{"fault_name":" ","feature_type":"FAULT","fault_throw":"DTNE","line_style":"CONCEALED_FAULT","quadrangle_name":"Stanford","gq_number":"1137"},"geometry":{"type":"LineString","coordinates":[[-84.63022,37.50453],[-84.63039,37.50476]]}},{"type":"Feature","properties":{"fault_name":"IRVINE-PAINT CREEK FLT SYSTEM","feature_type":"FAULT","fault_throw":"DTSE","line_style":"FAULT","quadrangle_name":"Lancaster","gq_number":"888"},"geometry":{"type":"LineString","coordinates":[[-84.57431,37.5031],[-84.57057,37.50445],[-84.56938,37.50499],[-84.56332,37.50883],[-84.5608,37.51022],[-84.55816,37.51218]]}},{"type":"Feature","properties":{"fault_name":"IRVINE-PAINT CREEK FLT SYSTEM","feature_type":"FAULT","fault_throw":"DTSE","line_style":"FAULT","quadrangle_name":"Lancaster","gq_number":"888"},"geometry":{"type":"LineString","coordinates":[[-84.57431,37.5031],[-84.57115,37.50603],[-84.56978,37.50708],[-84.56808,37.50801],[-84.56646,37.50873],[-84.56377,37.50984],[-84.56182,37.51048],[-84.55816,37.51218]]}},{"type":"Feature","properties":{"fault_name":"IRVINE-PAINT CREEK FLT SYSTEM","feature_type":"FAULT","fault_throw":"DTNW","line_style":"FAULT","quadrangle_name":"Lancaster","gq_number":"888"},"geometry":{"type":"LineString","coordinates":[[-84.56934,37.50209],[-84.56737,37.50246],[-84.5649,37.50313],[-84.56356,37.5036],[-84.56076,37.5049],[-84.5581,37.50553]]}},{"type":"Feature","properties":{"fault_name":" ","feature_type":"FAULT","fault_throw":"DTSW","line_style":"FAULT","quadrangle_name":"Stanford","gq_number":"1137"},"geometry":{"type":"LineString","coordinates":[[-84.64344,37.509],[-84.63869,37.50435],[-84.63609,37.50234],[-84.63346,37.50009]]}},{"type":"Feature","properties":{"fault_name":" ","feature_type":"FAULT","fault_throw":"DTNE","line_style":"FAULT","quadrangle_name":"Stanford","gq_number":"1137"},"geometry":{"type":"LineString","coordinates":[[-84.62675,37.50009],[-84.62886,37.50254],[-84.63022,37.50453]]}},{"type":"Feature","properties":{"fault_name":" ","feature_type":"FAULT","fault_throw":"DTNE","line_style":"FAULT","quadrangle_name":"Lancaster","gq_number":"888"},"geometry":{"type":"LineString","coordinates":[[-84.62495,37.50875],[-84.62006,37.50452],[-84.61376,37.50009]]}},{"type":"Feature","properties":{"fault_name":"IRVINE-PAINT CREEK FLT SYSTEM","feature_type":"FAULT","fault_throw":"DTNW","line_style":"FAULT","quadrangle_name":"Lancaster","gq_number":"888"},"geometry":{"type":"LineString","coordinates":[[-84.56562,37.5001],[-84.56341,37.50093],[-84.56193,37.50176],[-84.55976,37.50353],[-84.55869,37.50464],[-84.5581,37.50553]]}},{"type":"Feature","properties":{"fault_name":"IRVINE-PAINT CREEK FLT SYSTEM","feature_type":"FAULT","fault_throw":"DTSE","line_style":"FAULT","quadrangle_name":"Lancaster","gq_number":"888"},"geometry":{"type":"LineString","coordinates":[[-84.58082,37.5001],[-84.57885,37.50081],[-84.57431,37.5031]]}},{"type":"Feature","properties":{"fault_name":" ","feature_type":"FAULT","fault_throw":"DTSW","line_style":"FAULT","quadrangle_name":"Mount Sterling","gq_number":"1335"},"geometry":{"type":"LineString","coordinates":[[-83.99993,38.01222],[-83.99869,38.01106],[-83.99382,38.0076]]}},{"type":"Feature","properties":{"fault_name":" ","feature_type":"FAULT","fault_throw":"DTSE","line_style":"FAULT","quadrangle_name":"Mount Sterling","gq_number":"1335"},"geometry":{"type":"LineString","coordinates":[[-83.95566,38.00595],[-83.95057,38.01219],[-83.9474,38.01633],[-83.94584,38.01849],[-83.9446,38.02062],[-83.94311,38.02442],[-83.94262,38.0264],[-83.94196,38.03035],[-83.94184,38.03334],[-83.9421,38.03468],[-83.94255,38.03572]]}},{"type":"Feature","properties":{"fault_name":" ","feature_type":"FAULT","fault_throw":"DTSW","line_style":"CONCEALED_FAULT","quadrangle_name":"Mount Sterling","gq_number":"1335"},"geometry":{"type":"LineString","coordinates":[[-83.99382,38.0076],[-83.99336,38.00728]]}},{"type":"Feature","properties":{"fault_name":" ","feature_type":"FAULT","fault_throw":"DTSW","line_style":"FAULT","quadrangle_name":"Mount Sterling","gq_number":"1335"},"geometry":{"type":"LineString","coordinates":[[-83.99336,38.00728],[-83.99242,38.00657]]}},{"type":"Feature","properties":{"fault_name":" ","feature_type":"FAULT","fault_throw":"DTSW","line_style":"FAULT","quadrangle_name":"Mount Sterling","gq_number":"1335"},"geometry":{"type":"LineString","coordinates":[[-83.99203,38.00624],[-83.99178,38.00604]]}},{"type":"Feature","properties":{"fault_name":" ","feature_type":"FAULT","fault_throw":"DTSW","line_style":"FAULT","quadrangle_name":"Mount Sterling","gq_number":"1335"},"geometry":{"type":"LineString","coordinates":[[-83.99178,38.00604],[-83.99039,38.00487]]}},{"type":"Feature","properties":{"fault_name":" ","feature_type":"FAULT","fault_throw":"DTSW","line_style":"FAULT","quadrangle_name":"Mount Sterling","gq_number":"1335"},"geometry":{"type":"LineString","coordinates":[[-83.99039,38.00487],[-83.99012,38.0046]]}},{"type":"Feature","properties":{"fault_name":" ","feature_type":"FAULT","fault_throw":"DTSW","line_style":"FAULT","quadrangle_name":"Mount Sterling","gq_number":"1335"},"geometry":{"type":"LineString","coordinates":[[-83.99012,38.0046],[-83.98917,38.00353]]}},{"type":"Feature","properties":{"fault_name":" ","feature_type":"FAULT","fault_throw":"DTSW","line_style":"FAULT","quadrangle_name":"Mount Sterling","gq_number":"1335"},"geometry":{"type":"LineString","coordinates":[[-83.98917,38.00353],[-83.98867,38.0028]]}},{"type":"Feature","properties":{"fault_name":" ","feature_type":"FAULT","fault_throw":"DTSW","line_style":"FAULT","quadrangle_name":"Mount Sterling","gq_number":"1335"},"geometry":{"type":"LineString","coordinates":[[-83.98867,38.0028],[-83.98822,38.00211]]}},{"type":"Feature","properties":{"fault_name":" ","feature_type":"FAULT","fault_throw":"DTSW","line_style":"CONCEALED_FAULT","quadrangle_name":"Mount Sterling","gq_number":"1335"},"geometry":{"type":"LineString","coordinates":[[-83.99242,38.00657],[-83.99203,38.00624]]}},{"type":"Feature","properties":{"fault_name":" ","feature_type":"FAULT","fault_throw":"DTSE","line_style":"FAULT","quadrangle_name":"Mount Sterling","gq_number":"1335"},"geometry":{"type":"LineString","coordinates":[[-83.9502,38.04223],[-83.95654,38.03438]]}},{"type":"Feature","properties":{"fault_name":" ","feature_type":"FAULT","fault_throw":"DTSE","line_style":"FAULT","quadrangle_name":"Mount Sterling","gq_number":"1335"},"geometry":{"type":"LineString","coordinates":[[-83.95654,38.03438],[-83.9566,38.03425]]}},{"type":"Feature","properties":{"fault_name":" ","feature_type":"FAULT","fault_throw":"DTSE","line_style":"CONCEALED_FAULT","quadrangle_name":"Mount Sterling","gq_number":"1335"},"geometry":{"type":"LineString","coordinates":[[-83.9566,38.03425],[-83.95678,38.03386]]}},{"type":"Feature","properties":{"fault_name":" ","feature_type":"FAULT","fault_throw":"DTSE","line_style":"FAULT","quadrangle_name":"Mount Sterling","gq_number":"1335"},"geometry":{"type":"LineString","coordinates":[[-83.95678,38.03386],[-83.95743,38.03224]]}},{"type":"Feature","properties":{"fault_name":" ","feature_type":"FAULT","fault_throw":"DTSE","line_style":"FAULT","quadrangle_name":"Mount Sterling","gq_number":"1335"},"geometry":{"type":"LineString","coordinates":[[-83.95743,38.03224],[-83.96009,38.02551],[-83.96417,38.01746],[-83.96877,38.00958],[-83.97024,38.00738],[-83.97115,38.00629]]}},{"type":"Feature","properties":{"fault_name":" ","feature_type":"FAULT","fault_throw":"DTSE","line_style":"FAULT","quadrangle_name":"Mount Sterling","gq_number":"1335"},"geometry":{"type":"LineString","coordinates":[[-83.97115,38.00629],[-83.97145,38.00599]]}},{"type":"Feature","properties":{"fault_name":" ","feature_type":"FAULT","fault_throw":"DTSE","line_style":"FAULT","quadrangle_name":"Mount Sterling","gq_number":"1335"},"geometry":{"type":"LineString","coordinates":[[-83.97145,38.00599],[-83.97271,38.00461]]}},{"type":"Feature","properties":{"fault_name":" ","feature_type":"FAULT","fault_throw":"DTSE","line_style":"FAULT","quadrangle_name":"Mount Sterling","gq_number":"1335"},"geometry":{"type":"LineString","coordinates":[[-83.97271,38.00461],[-83.97285,38.00445]]}},{"type":"Feature","properties":{"fault_name":" ","feature_type":"FAULT","fault_throw":"DTSE","line_style":"FAULT","quadrangle_name":"Mount Sterling","gq_number":"1335"},"geometry":{"type":"LineString","coordinates":[[-83.97285,38.00445],[-83.97343,38.0039]]}},{"type":"Feature","properties":{"fault_name":"IRVINE-PAINT CREEK FLT SYSTEM","feature_type":"FAULT","fault_throw":" ","line_style":"FAULT","quadrangle_name":"Slade","gq_number":"1183"},"geometry":{"type":"LineString","coordinates":[[-83.67212,37.75965],[-83.67125,37.7597]]}},{"type":"Feature","properties":{"fault_name":"IRVINE-PAINT CREEK FLT SYSTEM","feature_type":"FAULT","fault_throw":" ","line_style":"CONCEALED_FAULT","quadrangle_name":"Slade","gq_number":"1183"},"geometry":{"type":"LineString","coordinates":[[-83.67125,37.7597],[-83.67055,37.75966]]}},{"type":"Feature","properties":{"fault_name":"KENTUCKY RIVER FAULT SYSTEM","feature_type":"FAULT","fault_throw":"DTS","line_style":"CONCEALED_FAULT","quadrangle_name":"Levee","gq_number":"1478"},"geometry":{"type":"LineString","coordinates":[[-83.98618,37.97721],[-83.98602,37.97723]]}},{"type":"Feature","properties":{"fault_name":"KENTUCKY RIVER FAULT SYSTEM","feature_type":"FAULT","fault_throw":"DTSW","line_style":"FAULT","quadrangle_name":"Levee","gq_number":"1478"},"geometry":{"type":"LineString","coordinates":[[-83.94722,37.98104],[-83.94616,37.98051],[-83.94331,37.97813]]}},{"type":"Feature","properties":{"fault_name":" ","feature_type":"FAULT","fault_throw":"DTSE","line_style":"FAULT","quadrangle_name":"West Liberty","gq_number":"589"},"geometry":{"type":"LineString","coordinates":[[-83.30936,37.99975],[-83.31102,37.99902]]}},{"type":"Feature","properties":{"fault_name":" ","feature_type":"FAULT","fault_throw":"DTSE","line_style":"CONCEALED_FAULT","quadrangle_name":"West Liberty","gq_number":"589"},"geometry":{"type":"LineString","coordinates":[[-83.31102,37.99902],[-83.31133,37.99895]]}},{"type":"Feature","properties":{"fault_name":"DEHART FAULT","feature_type":"FAULT","fault_throw":"DTSE","line_style":"CONCEALED_FAULT","quadrangle_name":"West Liberty","gq_number":"589"},"geometry":{"type":"LineString","coordinates":[[-83.30969,37.9646],[-83.30835,37.96504]]}},{"type":"Feature","properties":{"fault_name":"DEHART FAULT","feature_type":"FAULT","fault_throw":"DTSE","line_style":"FAULT","quadrangle_name":"West Liberty","gq_number":"589"},"geometry":{"type":"LineString","coordinates":[[-83.31588,37.9617],[-83.31475,37.96261],[-83.31333,37.96334],[-83.3131,37.96336],[-83.31174,37.96287],[-83.31095,37.96395],[-83.31045,37.96439],[-83.30969,37.9646]]}},{"type":"Feature","properties":{"fault_name":"DEHART FAULT","feature_type":"FAULT","fault_throw":"DTSE","line_style":"CONCEALED_FAULT","quadrangle_name":"West Liberty","gq_number":"589"},"geometry":{"type":"LineString","coordinates":[[-83.31632,37.96169],[-83.31588,37.9617]]}},{"type":"Feature","properties":{"fault_name":"DEHART FAULT","feature_type":"FAULT","fault_throw":"DTSE","line_style":"CONCEALED_FAULT","quadrangle_name":"West Liberty","gq_number":"589"},"geometry":{"type":"LineString","coordinates":[[-83.34642,37.95448],[-83.34584,37.95478],[-83.3438,37.95509],[-83.34249,37.95563]]}},{"type":"Feature","properties":{"fault_name":"IRVINE-PAINT CREEK FLT SYSTEM","feature_type":"FAULT","fault_throw":"DTSE","line_style":"CONCEALED_FAULT","quadrangle_name":"Irvine","gq_number":"1285"},"geometry":{"type":"LineString","coordinates":[[-83.91927,37.7267],[-83.91898,37.72705]]}},{"type":"Feature","properties":{"fault_name":"IRVINE-PAINT CREEK FLT SYSTEM","feature_type":"FAULT","fault_throw":"DTSE","line_style":"CONCEALED_FAULT","quadrangle_name":"Irvine","gq_number":"1285"},"geometry":{"type":"LineString","coordinates":[[-83.9795,37.71267],[-83.97865,37.71289]]}},{"type":"Feature","properties":{"fault_name":"IRVINE-PAINT CREEK FLT SYSTEM","feature_type":"FAULT","fault_throw":"DTSE","line_style":"CONCEALED_FAULT","quadrangle_name":"Irvine","gq_number":"1285"},"geometry":{"type":"LineString","coordinates":[[-83.98005,37.71251],[-83.9795,37.71267]]}},{"type":"Feature","properties":{"fault_name":"IRVINE-PAINT CREEK FLT SYSTEM","feature_type":"FAULT","fault_throw":"DTSE","line_style":"CONCEALED_FAULT","quadrangle_name":"Irvine","gq_number":"1285"},"geometry":{"type":"LineString","coordinates":[[-83.93495,37.70853],[-83.93425,37.70928]]}},{"type":"Feature","properties":{"fault_name":"IRVINE-PAINT CREEK FLT SYSTEM","feature_type":"FAULT","fault_throw":"DTSE","line_style":"CONCEALED_FAULT","quadrangle_name":"Irvine","gq_number":"1285"},"geometry":{"type":"LineString","coordinates":[[-83.96976,37.68066],[-83.96942,37.68078],[-83.96716,37.68263],[-83.96497,37.68417],[-83.9608,37.68673]]}},{"type":"Feature","properties":{"fault_name":"IRVINE-PAINT CREEK FLT SYSTEM","feature_type":"FAULT","fault_throw":"DTNE","line_style":"CONCEALED_FAULT","quadrangle_name":"Irvine","gq_number":"1285"},"geometry":{"type":"LineString","coordinates":[[-83.97273,37.72992],[-83.97211,37.72886]]}},{"type":"Feature","properties":{"fault_name":" ","feature_type":"FAULT","fault_throw":"DTNE","line_style":"CONCEALED_FAULT","quadrangle_name":"Irvine","gq_number":"1285"},"geometry":{"type":"LineString","coordinates":[[-83.99911,37.75009],[-83.99873,37.74968],[-83.9973,37.74871]]}},{"type":"Feature","properties":{"fault_name":"IRVINE-PAINT CREEK FLT SYSTEM","feature_type":"FAULT","fault_throw":"DTSE","line_style":"CONCEALED_FAULT","quadrangle_name":"Clay City","gq_number":"663"},"geometry":{"type":"LineString","coordinates":[[-83.94272,37.77461],[-83.94225,37.77492]]}},{"type":"Feature","properties":{"fault_name":" ","feature_type":"FAULT","fault_throw":"DTNE","line_style":"FAULT","quadrangle_name":"Clay City","gq_number":"663"},"geometry":{"type":"LineString","coordinates":[[-83.98199,37.8167],[-83.97986,37.81538]]}},{"type":"Feature","properties":{"fault_name":"IRVINE-PAINT CREEK FLT SYSTEM","feature_type":"FAULT","fault_throw":"DTN","line_style":"CONCEALED_FAULT","quadrangle_name":"Clay City","gq_number":"663"},"geometry":{"type":"LineString","coordinates":[[-83.93685,37.79337],[-83.93632,37.79328]]}},{"type":"Feature","properties":{"fault_name":"IRVINE-PAINT CREEK FLT SYSTEM","feature_type":"FAULT","fault_throw":"DTN","line_style":"CONCEALED_FAULT","quadrangle_name":"Clay City","gq_number":"663"},"geometry":{"type":"LineString","coordinates":[[-83.92708,37.79284],[-83.92426,37.79268],[-83.92347,37.79247]]}},{"type":"Feature","properties":{"fault_name":"IRVINE-PAINT CREEK FLT SYSTEM","feature_type":"FAULT","fault_throw":"DTSW","line_style":"CONCEALED_FAULT","quadrangle_name":"Clay City","gq_number":"663"},"geometry":{"type":"LineString","coordinates":[[-83.92394,37.79442],[-83.92223,37.79358]]}},{"type":"Feature","properties":{"fault_name":"IRVINE-PAINT CREEK FLT SYSTEM","feature_type":"FAULT","fault_throw":"DTSW","line_style":"CONCEALED_FAULT","quadrangle_name":"Clay City","gq_number":"663"},"geometry":{"type":"LineString","coordinates":[[-83.90415,37.78812],[-83.90345,37.78796]]}},{"type":"Feature","properties":{"fault_name":"IRVINE-PAINT CREEK FLT SYSTEM","feature_type":"FAULT","fault_throw":"DTSW","line_style":"CONCEALED_FAULT","quadrangle_name":"Clay City","gq_number":"663"},"geometry":{"type":"LineString","coordinates":[[-83.88436,37.783],[-83.88373,37.7828]]}},{"type":"Feature","properties":{"fault_name":"IRVINE-PAINT CREEK FLT SYSTEM","feature_type":"FAULT","fault_throw":"DTSW","line_style":"FAULT","quadrangle_name":"Stanton","gq_number":"1182"},"geometry":{"type":"LineString","coordinates":[[-83.87492,37.78033],[-83.86759,37.77756]]}},{"type":"Feature","properties":{"fault_name":"IRVINE-PAINT CREEK FLT SYSTEM","feature_type":"FAULT","fault_throw":"DTSW","line_style":"CONCEALED_FAULT","quadrangle_name":"Stanton","gq_number":"1182"},"geometry":{"type":"LineString","coordinates":[[-83.86759,37.77756],[-83.86237,37.7755]]}},{"type":"Feature","properties":{"fault_name":"IRVINE-PAINT CREEK FLT SYSTEM","feature_type":"FAULT","fault_throw":"DTSE","line_style":"CONCEALED_FAULT","quadrangle_name":"Stanton","gq_number":"1182"},"geometry":{"type":"LineString","coordinates":[[-83.85957,37.77106],[-83.86011,37.77093]]}},{"type":"Feature","properties":{"fault_name":"IRVINE-PAINT CREEK FLT SYSTEM","feature_type":"FAULT","fault_throw":"DTSE","line_style":"CONCEALED_FAULT","quadrangle_name":"Stanton","gq_number":"1182"},"geometry":{"type":"LineString","coordinates":[[-83.8668,37.76929],[-83.86727,37.76918]]}},{"type":"Feature","properties":{"fault_name":"IRVINE-PAINT CREEK FLT SYSTEM","feature_type":"FAULT","fault_throw":"DTSE","line_style":"FAULT","quadrangle_name":"Stanton","gq_number":"1182"},"geometry":{"type":"LineString","coordinates":[[-83.86727,37.76918],[-83.86979,37.76862]]}},{"type":"Feature","properties":{"fault_name":"IRVINE-PAINT CREEK FLT SYSTEM","feature_type":"FAULT","fault_throw":"DTSW","line_style":"CONCEALED_FAULT","quadrangle_name":"Slade","gq_number":"1183"},"geometry":{"type":"LineString","coordinates":[[-83.74086,37.77048],[-83.73983,37.77028]]}},{"type":"Feature","properties":{"fault_name":"IRVINE-PAINT CREEK FLT SYSTEM","feature_type":"FAULT","fault_throw":"DTSW","line_style":"CONCEALED_FAULT","quadrangle_name":"Slade","gq_number":"1183"},"geometry":{"type":"LineString","coordinates":[[-83.72677,37.76805],[-83.72664,37.76802]]}},{"type":"Feature","properties":{"fault_name":"IRVINE-PAINT CREEK FLT SYSTEM","feature_type":"FAULT","fault_throw":"DTSW","line_style":"CONCEALED_FAULT","quadrangle_name":"Slade","gq_number":"1183"},"geometry":{"type":"LineString","coordinates":[[-83.72325,37.76719],[-83.72202,37.76691]]}},{"type":"Feature","properties":{"fault_name":"IRVINE-PAINT CREEK FLT SYSTEM","feature_type":"FAULT","fault_throw":"DTSE","line_style":"FAULT","quadrangle_name":"Slade","gq_number":"1183"},"geometry":{"type":"LineString","coordinates":[[-83.7195,37.76671],[-83.7189,37.7668],[-83.71825,37.76708]]}},{"type":"Feature","properties":{"fault_name":"IRVINE-PAINT CREEK FLT SYSTEM","feature_type":"FAULT","fault_throw":"DTS","line_style":"FAULT","quadrangle_name":"Slade","gq_number":"1183"},"geometry":{"type":"LineString","coordinates":[[-83.67212,37.75965],[-83.67115,37.75957]]}},{"type":"Feature","properties":{"fault_name":"IRVINE-PAINT CREEK FLT SYSTEM","feature_type":"FAULT","fault_throw":"DTS","line_style":"CONCEALED_FAULT","quadrangle_name":"Slade","gq_number":"1183"},"geometry":{"type":"LineString","coordinates":[[-83.67115,37.75957],[-83.67049,37.75949]]}},{"type":"Feature","properties":{"fault_name":"IRVINE-PAINT CREEK FLT SYSTEM","feature_type":"FAULT","fault_throw":"DTS","line_style":"CONCEALED_FAULT","quadrangle_name":"Pomeroyton","gq_number":"1184"},"geometry":{"type":"LineString","coordinates":[[-83.59294,37.76128],[-83.59162,37.76138]]}},{"type":"Feature","properties":{"fault_name":"IRVINE-PAINT CREEK FLT SYSTEM","feature_type":"FAULT","fault_throw":"DTSE","line_style":"CONCEALED_FAULT","quadrangle_name":"Hazel Green","gq_number":"266"},"geometry":{"type":"LineString","coordinates":[[-83.48545,37.75528],[-83.48451,37.75571]]}},{"type":"Feature","properties":{"fault_name":"IRVINE-PAINT CREEK FLT SYSTEM","feature_type":"FAULT","fault_throw":"DTSE","line_style":"CONCEALED_FAULT","quadrangle_name":"Hazel Green","gq_number":"266"},"geometry":{"type":"LineString","coordinates":[[-83.49664,37.75125],[-83.49414,37.75202]]}},{"type":"Feature","properties":{"fault_name":"IRVINE-PAINT CREEK FLT SYSTEM","feature_type":"FAULT","fault_throw":"DTSE","line_style":"CONCEALED_FAULT","quadrangle_name":"Hazel Green","gq_number":"266"},"geometry":{"type":"LineString","coordinates":[[-83.39201,37.79442],[-83.39178,37.79445]]}},{"type":"Feature","properties":{"fault_name":"IRVINE-PAINT CREEK FLT SYSTEM","feature_type":"FAULT","fault_throw":"DTSE","line_style":"CONCEALED_FAULT","quadrangle_name":"Hazel Green","gq_number":"266"},"geometry":{"type":"LineString","coordinates":[[-83.41073,37.79053],[-83.40195,37.79291],[-83.39823,37.79365]]}},{"type":"Feature","properties":{"fault_name":"IRVINE-PAINT CREEK FLT SYSTEM","feature_type":"FAULT","fault_throw":"DTS","line_style":"FAULT","quadrangle_name":"Hazel Green","gq_number":"266"},"geometry":{"type":"LineString","coordinates":[[-83.37667,37.79563],[-83.37606,37.79576],[-83.37483,37.79573]]}},{"type":"Feature","properties":{"fault_name":"IRVINE-PAINT CREEK FLT SYSTEM","feature_type":"FAULT","fault_throw":"DTS","line_style":"CONCEALED_FAULT","quadrangle_name":"Hazel Green","gq_number":"266"},"geometry":{"type":"LineString","coordinates":[[-83.37695,37.79563],[-83.37667,37.79563]]}},{"type":"Feature","properties":{"fault_name":"IRVINE-PAINT CREEK FLT SYSTEM","feature_type":"FAULT","fault_throw":"DTS","line_style":"FAULT","quadrangle_name":"Hazel Green","gq_number":"266"},"geometry":{"type":"LineString","coordinates":[[-83.37838,37.79552],[-83.37754,37.7957],[-83.37695,37.79563]]}},{"type":"Feature","properties":{"fault_name":"IRVINE-PAINT CREEK FLT SYSTEM","feature_type":"FAULT","fault_throw":"DTS","line_style":"CONCEALED_FAULT","quadrangle_name":"Hazel Green","gq_number":"266"},"geometry":{"type":"LineString","coordinates":[[-83.38254,37.79518],[-83.37838,37.79552]]}},{"type":"Feature","properties":{"fault_name":"IRVINE-PAINT CREEK FLT SYSTEM","feature_type":"FAULT","fault_throw":"DTSE","line_style":"CONCEALED_FAULT","quadrangle_name":"Cannel City","gq_number":"1498"},"geometry":{"type":"LineString","coordinates":[[-83.33465,37.81001],[-83.33383,37.81037]]}},{"type":"Feature","properties":{"fault_name":"IRVINE-PAINT CREEK FLT SYSTEM","feature_type":"FAULT","fault_throw":"DTSE","line_style":"CONCEALED_FAULT","quadrangle_name":"Cannel City","gq_number":"1498"},"geometry":{"type":"LineString","coordinates":[[-83.34104,37.80636],[-83.34027,37.80683]]}},{"type":"Feature","properties":{"fault_name":"IRVINE-PAINT CREEK FLT SYSTEM","feature_type":"FAULT","fault_throw":"DTNW","line_style":"FAULT","quadrangle_name":"Stanton","gq_number":"1182"},"geometry":{"type":"LineString","coordinates":[[-83.842,37.76383],[-83.84042,37.76498],[-83.839,37.76561]]}},{"type":"Feature","properties":{"fault_name":"IRVINE-PAINT CREEK FLT SYSTEM","feature_type":"FAULT","fault_throw":"DTNW","line_style":"FAULT","quadrangle_name":"Clay City","gq_number":"663"},"geometry":{"type":"LineString","coordinates":[[-83.8758,37.75548],[-83.87492,37.75588]]}},{"type":"Feature","properties":{"fault_name":"IRVINE-PAINT CREEK FLT SYSTEM","feature_type":"FAULT","fault_throw":"DTN","line_style":"CONCEALED_FAULT","quadrangle_name":"Stanton","gq_number":"1182"},"geometry":{"type":"LineString","coordinates":[[-83.75641,37.76142],[-83.75559,37.7614]]}},{"type":"Feature","properties":{"fault_name":"IRVINE-PAINT CREEK FLT SYSTEM","feature_type":"FAULT","fault_throw":"DTN","line_style":"FAULT","quadrangle_name":"Stanton","gq_number":"1182"},"geometry":{"type":"LineString","coordinates":[[-83.75559,37.7614],[-83.7508,37.7613]]}},{"type":"Feature","properties":{"fault_name":"IRVINE-PAINT CREEK FLT SYSTEM","feature_type":"FAULT","fault_throw":"DTN","line_style":"CONCEALED_FAULT","quadrangle_name":"Slade","gq_number":"1183"},"geometry":{"type":"LineString","coordinates":[[-83.73773,37.76075],[-83.73719,37.76068]]}},{"type":"Feature","properties":{"fault_name":"IRVINE-PAINT CREEK FLT SYSTEM","feature_type":"FAULT","fault_throw":"DTNE","line_style":"CONCEALED_FAULT","quadrangle_name":"Zachariah","gq_number":"1452"},"geometry":{"type":"LineString","coordinates":[[-83.66191,37.74707],[-83.66139,37.74702]]}},{"type":"Feature","properties":{"fault_name":"IRVINE-PAINT CREEK FLT SYSTEM","feature_type":"FAULT","fault_throw":"DTNE","line_style":"FAULT","quadrangle_name":"Zachariah","gq_number":"1452"},"geometry":{"type":"LineString","coordinates":[[-83.66139,37.74702],[-83.66059,37.74692]]}},{"type":"Feature","properties":{"fault_name":"KENTUCKY RIVER FAULT SYSTEM","feature_type":"FAULT","fault_throw":"DTS","line_style":"FAULT","quadrangle_name":"Levee","gq_number":"1478"},"geometry":{"type":"LineString","coordinates":[[-83.98602,37.97723],[-83.98006,37.97822],[-83.97388,37.97845],[-83.97002,37.97932],[-83.9661,37.97973],[-83.95718,37.98194],[-83.95115,37.98309],[-83.95016,37.98273],[-83.94722,37.98104]]}},{"type":"Feature","properties":{"fault_name":"KENTUCKY RIVER FAULT SYSTEM","feature_type":"FAULT","fault_throw":"DTSW","line_style":"FAULT","quadrangle_name":"Levee","gq_number":"1478"},"geometry":{"type":"LineString","coordinates":[[-83.94331,37.97813],[-83.94048,37.97623],[-83.93835,37.9751],[-83.9348,37.97373],[-83.93323,37.97298],[-83.93162,37.97202],[-83.92742,37.97025],[-83.91692,37.9667],[-83.91211,37.96473],[-83.91013,37.96374],[-83.9065,37.96167],[-83.90291,37.95996],[-83.90167,37.95948],[-83.89859,37.95858],[-83.89756,37.95815],[-83.89314,37.95507],[-83.89108,37.95401],[-83.88679,37.95118],[-83.88328,37.94905],[-83.88232,37.9486],[-83.87848,37.94718],[-83.87492,37.94642]]}},{"type":"Feature","properties":{"fault_name":"KENTUCKY RIVER FAULT SYSTEM","feature_type":"FAULT","fault_throw":"DTNE","line_style":"FAULT","quadrangle_name":"Levee","gq_number":"1478"},"geometry":{"type":"LineString","coordinates":[[-83.98562,37.97378],[-83.98379,37.97323],[-83.98095,37.9721]]}},{"type":"Feature","properties":{"fault_name":"KENTUCKY RIVER FAULT SYSTEM","feature_type":"FAULT","fault_throw":"DTN","line_style":"FAULT","quadrangle_name":"Levee","gq_number":"1478"},"geometry":{"type":"LineString","coordinates":[[-83.94331,37.97813],[-83.9487,37.97712],[-83.95224,37.97676],[-83.95753,37.9765],[-83.96252,37.9758]]}},{"type":"Feature","properties":{"fault_name":"KENTUCKY RIVER FAULT SYSTEM","feature_type":"FAULT","fault_throw":"DTS","line_style":"FAULT","quadrangle_name":"Levee","gq_number":"1478"},"geometry":{"type":"LineString","coordinates":[[-83.94722,37.98104],[-83.94275,37.98165],[-83.93756,37.98253],[-83.93541,37.98322],[-83.93465,37.98366],[-83.93094,37.98507]]}},{"type":"Feature","properties":{"fault_name":"KENTUCKY RIVER FAULT SYSTEM","feature_type":"FAULT","fault_throw":"DTSW","line_style":"FAULT","quadrangle_name":"Means","gq_number":"1324"},"geometry":{"type":"LineString","coordinates":[[-83.87492,37.94642],[-83.87142,37.94418]]}},{"type":"Feature","properties":{"fault_name":"KENTUCKY RIVER FAULT SYSTEM","feature_type":"FAULT","fault_throw":"DTSW","line_style":"CONCEALED_FAULT","quadrangle_name":"Means","gq_number":"1324"},"geometry":{"type":"LineString","coordinates":[[-83.87142,37.94418],[-83.87042,37.94347]]}},{"type":"Feature","properties":{"fault_name":" ","feature_type":"FAULT","fault_throw":"DTSE","line_style":"FAULT","quadrangle_name":"West Liberty","gq_number":"589"},"geometry":{"type":"LineString","coordinates":[[-83.37491,37.98225],[-83.37381,37.98215],[-83.37274,37.98185],[-83.37193,37.98144],[-83.37171,37.9815],[-83.37012,37.98275],[-83.36918,37.98309],[-83.36739,37.98342],[-83.36504,37.98356],[-83.36399,37.98455],[-83.36327,37.98445],[-83.36239,37.98502],[-83.36175,37.98523],[-83.35935,37.98534],[-83.35895,37.9857],[-83.35834,37.98571],[-83.35751,37.98655],[-83.35664,37.98721],[-83.35409,37.98757],[-83.35321,37.98888],[-83.35269,37.98921],[-83.35104,37.98968],[-83.34911,37.98993],[-83.34857,37.99037],[-83.34724,37.99072],[-83.347,37.9909]]}},{"type":"Feature","properties":{"fault_name":"DEHART FAULT","feature_type":"FAULT","fault_throw":"DTSE","line_style":"FAULT","quadrangle_name":"West Liberty","gq_number":"589"},"geometry":{"type":"LineString","coordinates":[[-83.30835,37.96504],[-83.30481,37.96602],[-83.30355,37.96604],[-83.3027,37.96667],[-83.30232,37.96677],[-83.30023,37.96691],[-83.29764,37.96914],[-83.29657,37.96942],[-83.29472,37.96969],[-83.29449,37.97012],[-83.29413,37.97041],[-83.29291,37.97083],[-83.29247,37.97139],[-83.29134,37.97208],[-83.29036,37.97227],[-83.2896,37.97222],[-83.28901,37.97275],[-83.28787,37.97323],[-83.28616,37.97321]]}},{"type":"Feature","properties":{"fault_name":"DEHART FAULT","feature_type":"FAULT","fault_throw":"DTSE","line_style":"FAULT","quadrangle_name":"West Liberty","gq_number":"589"},"geometry":{"type":"LineString","coordinates":[[-83.34249,37.95563],[-83.34031,37.95709],[-83.33836,37.958],[-83.33354,37.95935],[-83.33132,37.96027],[-83.33092,37.96032],[-83.33001,37.96013],[-83.32946,37.96054],[-83.32837,37.9607],[-83.32727,37.96141],[-83.32534,37.96215],[-83.32401,37.96222],[-83.32262,37.96178],[-83.32086,37.96249],[-83.32053,37.9625],[-83.31906,37.96209],[-83.31632,37.96169]]}},{"type":"Feature","properties":{"fault_name":"DEHART FAULT","feature_type":"FAULT","fault_throw":"DTSE","line_style":"FAULT","quadrangle_name":"West Liberty","gq_number":"589"},"geometry":{"type":"LineString","coordinates":[[-83.37491,37.94847],[-83.37388,37.94878],[-83.3722,37.94867],[-83.37127,37.94912],[-83.36948,37.94963],[-83.36702,37.94953],[-83.36507,37.94995],[-83.36454,37.94994],[-83.36272,37.9504],[-83.36142,37.95028],[-83.36085,37.95064],[-83.35939,37.95114],[-83.35724,37.95166],[-83.35596,37.95178],[-83.35512,37.9522],[-83.35458,37.95233],[-83.35285,37.95233],[-83.35126,37.9529],[-83.3504,37.95348],[-83.34666,37.95444]]}},{"type":"Feature","properties":{"fault_name":"IRVINE-PAINT CREEK FLT SYSTEM","feature_type":"FAULT","fault_throw":"DTSE","line_style":"FAULT","quadrangle_name":"Clay City","gq_number":"663"},"geometry":{"type":"LineString","coordinates":[[-83.94225,37.77492],[-83.93694,37.77908]]}},{"type":"Feature","properties":{"fault_name":"IRVINE-PAINT CREEK FLT SYSTEM","feature_type":"FAULT","fault_throw":"DTSE","line_style":"FAULT","quadrangle_name":"Clay City","gq_number":"663"},"geometry":{"type":"LineString","coordinates":[[-83.94537,37.77282],[-83.94272,37.77461]]}},{"type":"Feature","properties":{"fault_name":"IRVINE-PAINT CREEK FLT SYSTEM","feature_type":"FAULT","fault_throw":"DTSE","line_style":"FAULT","quadrangle_name":"Clay City","gq_number":"663"},"geometry":{"type":"LineString","coordinates":[[-83.96161,37.76428],[-83.95597,37.76773],[-83.95438,37.76896],[-83.95187,37.77064],[-83.94955,37.77272]]}},{"type":"Feature","properties":{"fault_name":"IRVINE-PAINT CREEK FLT SYSTEM","feature_type":"FAULT","fault_throw":"DTN","line_style":"FAULT","quadrangle_name":"Clay City","gq_number":"663"},"geometry":{"type":"LineString","coordinates":[[-83.94379,37.79381],[-83.94082,37.79377],[-83.93685,37.79337]]}},{"type":"Feature","properties":{"fault_name":"IRVINE-PAINT CREEK FLT SYSTEM","feature_type":"FAULT","fault_throw":"DTN","line_style":"FAULT","quadrangle_name":"Clay City","gq_number":"663"},"geometry":{"type":"LineString","coordinates":[[-83.93632,37.79328],[-83.93437,37.79287],[-83.93292,37.79271],[-83.92999,37.79275],[-83.92833,37.79291],[-83.92708,37.79284]]}},{"type":"Feature","properties":{"fault_name":"IRVINE-PAINT CREEK FLT SYSTEM","feature_type":"FAULT","fault_throw":"DTNE","line_style":"FAULT","quadrangle_name":"Clay City","gq_number":"663"},"geometry":{"type":"LineString","coordinates":[[-83.92347,37.79247],[-83.91976,37.7912],[-83.91724,37.79007]]}},{"type":"Feature","properties":{"fault_name":"IRVINE-PAINT CREEK FLT SYSTEM","feature_type":"FAULT","fault_throw":"DTSW","line_style":"FAULT","quadrangle_name":"Clay City","gq_number":"663"},"geometry":{"type":"LineString","coordinates":[[-83.93077,37.79754],[-83.92625,37.7957],[-83.92394,37.79442]]}},{"type":"Feature","properties":{"fault_name":"IRVINE-PAINT CREEK FLT SYSTEM","feature_type":"FAULT","fault_throw":"DTSW","line_style":"FAULT","quadrangle_name":"Clay City","gq_number":"663"},"geometry":{"type":"LineString","coordinates":[[-83.92223,37.79358],[-83.91848,37.79249],[-83.91193,37.79099],[-83.9091,37.78978],[-83.90781,37.78939],[-83.90638,37.78865],[-83.90415,37.78812]]}},{"type":"Feature","properties":{"fault_name":"IRVINE-PAINT CREEK FLT SYSTEM","feature_type":"FAULT","fault_throw":"DTSW","line_style":"FAULT","quadrangle_name":"Clay City","gq_number":"663"},"geometry":{"type":"LineString","coordinates":[[-83.90345,37.78796],[-83.8977,37.78727],[-83.89282,37.78637],[-83.89025,37.78535],[-83.88779,37.78405],[-83.88436,37.783]]}},{"type":"Feature","properties":{"fault_name":"IRVINE-PAINT CREEK FLT SYSTEM","feature_type":"FAULT","fault_throw":"DTSW","line_style":"FAULT","quadrangle_name":"Clay City","gq_number":"663"},"geometry":{"type":"LineString","coordinates":[[-83.88373,37.7828],[-83.87492,37.78033]]}},{"type":"Feature","properties":{"fault_name":"IRVINE-PAINT CREEK FLT SYSTEM","feature_type":"FAULT","fault_throw":"DTNW","line_style":"FAULT","quadrangle_name":"Clay City","gq_number":"663"},"geometry":{"type":"LineString","coordinates":[[-83.9119,37.77242],[-83.90991,37.77375],[-83.90657,37.77658]]}},{"type":"Feature","properties":{"fault_name":"IRVINE-PAINT CREEK FLT SYSTEM","feature_type":"FAULT","fault_throw":"DTS","line_style":"FAULT","quadrangle_name":"Clay City","gq_number":"663"},"geometry":{"type":"LineString","coordinates":[[-83.87974,37.76462],[-83.87584,37.76519]]}},{"type":"Feature","properties":{"fault_name":"IRVINE-PAINT CREEK FLT SYSTEM","feature_type":"FAULT","fault_throw":"DTSW","line_style":"FAULT","quadrangle_name":"Stanton","gq_number":"1182"},"geometry":{"type":"LineString","coordinates":[[-83.86237,37.7755],[-83.85933,37.77445],[-83.85426,37.77228]]}},{"type":"Feature","properties":{"fault_name":"IRVINE-PAINT CREEK FLT SYSTEM","feature_type":"FAULT","fault_throw":"DTSW","line_style":"FAULT","quadrangle_name":"Stanton","gq_number":"1182"},"geometry":{"type":"LineString","coordinates":[[-83.74997,37.77253],[-83.75702,37.77501],[-83.75856,37.77573],[-83.76144,37.77742],[-83.76294,37.77782],[-83.76558,37.77894],[-83.76705,37.7793],[-83.76764,37.7797],[-83.76876,37.77996],[-83.77042,37.78092],[-83.77171,37.78137],[-83.7753,37.78221],[-83.77798,37.78258],[-83.7799,37.78239],[-83.78176,37.78241],[-83.78831,37.78286],[-83.79063,37.78274],[-83.79642,37.78215],[-83.79876,37.78217],[-83.80037,37.78193],[-83.80211,37.78125],[-83.80612,37.77867],[-83.80677,37.77837],[-83.8089,37.77826],[-83.80944,37.77812],[-83.81103,37.77739],[-83.81233,37.7773],[-83.81363,37.77684],[-83.81432,37.77672],[-83.81536,37.77675],[-83.81705,37.7764],[-83.81909,37.77693],[-83.82015,37.77709],[-83.82171,37.77688],[-83.82353,37.77724],[-83.82502,37.77715],[-83.82622,37.7775],[-83.82799,37.77723],[-83.8293,37.77736],[-83.83388,37.77643],[-83.83548,37.77652],[-83.84209,37.77568],[-83.84514,37.77514],[-83.84634,37.7748],[-83.85092,37.77308],[-83.85426,37.77228]]}},{"type":"Feature","properties":{"fault_name":"IRVINE-PAINT CREEK FLT SYSTEM","feature_type":"FAULT","fault_throw":"DTSE","line_style":"FAULT","quadrangle_name":"Stanton","gq_number":"1182"},"geometry":{"type":"LineString","coordinates":[[-83.85426,37.77228],[-83.85957,37.77106]]}},{"type":"Feature","properties":{"fault_name":"IRVINE-PAINT CREEK FLT SYSTEM","feature_type":"FAULT","fault_throw":"DTSE","line_style":"FAULT","quadrangle_name":"Stanton","gq_number":"1182"},"geometry":{"type":"LineString","coordinates":[[-83.86011,37.77093],[-83.8668,37.76929]]}},{"type":"Feature","properties":{"fault_name":"IRVINE-PAINT CREEK FLT SYSTEM","feature_type":"FAULT","fault_throw":"DTNW","line_style":"FAULT","quadrangle_name":"Stanton","gq_number":"1182"},"geometry":{"type":"LineString","coordinates":[[-83.82461,37.78451],[-83.8216,37.78533],[-83.8175,37.78619],[-83.81428,37.7872],[-83.8044,37.78962],[-83.79917,37.79125]]}},{"type":"Feature","properties":{"fault_name":"IRVINE-PAINT CREEK FLT SYSTEM","feature_type":"FAULT","fault_throw":"DTNW","line_style":"FAULT","quadrangle_name":"Stanton","gq_number":"1182"},"geometry":{"type":"LineString","coordinates":[[-83.842,37.76383],[-83.83856,37.76414],[-83.82949,37.76635],[-83.82833,37.76674],[-83.82684,37.76745],[-83.8158,37.77067],[-83.80951,37.773]]}},{"type":"Feature","properties":{"fault_name":"IRVINE-PAINT CREEK FLT SYSTEM","feature_type":"FAULT","fault_throw":"DTNW","line_style":"FAULT","quadrangle_name":"Stanton","gq_number":"1182"},"geometry":{"type":"LineString","coordinates":[[-83.7999,37.76876],[-83.79501,37.77014],[-83.79224,37.77121],[-83.78757,37.77273],[-83.78678,37.77311]]}},{"type":"Feature","properties":{"fault_name":"IRVINE-PAINT CREEK FLT SYSTEM","feature_type":"FAULT","fault_throw":"DTNW","line_style":"FAULT","quadrangle_name":"Stanton","gq_number":"1182"},"geometry":{"type":"LineString","coordinates":[[-83.87492,37.75588],[-83.87134,37.75747],[-83.86575,37.76026],[-83.86363,37.76098],[-83.85446,37.76265],[-83.85028,37.76355],[-83.842,37.76383]]}},{"type":"Feature","properties":{"fault_name":"IRVINE-PAINT CREEK FLT SYSTEM","feature_type":"FAULT","fault_throw":"DTN","line_style":"CONCEALED_FAULT","quadrangle_name":"Stanton","gq_number":"1182"},"geometry":{"type":"LineString","coordinates":[[-83.7508,37.7613],[-83.7499,37.76128]]}},{"type":"Feature","properties":{"fault_name":"IRVINE-PAINT CREEK FLT SYSTEM","feature_type":"FAULT","fault_throw":"DTN","line_style":"CONCEALED_FAULT","quadrangle_name":"Slade","gq_number":"1183"},"geometry":{"type":"LineString","coordinates":[[-83.7499,37.76128],[-83.74794,37.76114]]}},{"type":"Feature","properties":{"fault_name":"IRVINE-PAINT CREEK FLT SYSTEM","feature_type":"FAULT","fault_throw":" ","line_style":"FAULT","quadrangle_name":"Slade","gq_number":"1183"},"geometry":{"type":"LineString","coordinates":[[-83.71598,37.76702],[-83.71471,37.76737]]}},{"type":"Feature","properties":{"fault_name":"IRVINE-PAINT CREEK FLT SYSTEM","feature_type":"FAULT","fault_throw":" ","line_style":"FAULT","quadrangle_name":"Slade","gq_number":"1183"},"geometry":{"type":"LineString","coordinates":[[-83.71825,37.76708],[-83.71739,37.76695],[-83.71598,37.76702]]}},{"type":"Feature","properties":{"fault_name":"IRVINE-PAINT CREEK FLT SYSTEM","feature_type":"FAULT","fault_throw":" ","line_style":"FAULT","quadrangle_name":"Slade","gq_number":"1183"},"geometry":{"type":"LineString","coordinates":[[-83.71598,37.76702],[-83.71441,37.76678]]}},{"type":"Feature","properties":{"fault_name":"IRVINE-PAINT CREEK FLT SYSTEM","feature_type":"FAULT","fault_throw":" ","line_style":"FAULT","quadrangle_name":"Slade","gq_number":"1183"},"geometry":{"type":"LineString","coordinates":[[-83.71825,37.76708],[-83.71658,37.76631]]}},{"type":"Feature","properties":{"fault_name":"IRVINE-PAINT CREEK FLT SYSTEM","feature_type":"FAULT","fault_throw":" ","line_style":"FAULT","quadrangle_name":"Slade","gq_number":"1183"},"geometry":{"type":"LineString","coordinates":[[-83.7195,37.76671],[-83.71725,37.76606]]}},{"type":"Feature","properties":{"fault_name":"IRVINE-PAINT CREEK FLT SYSTEM","feature_type":"FAULT","fault_throw":" ","line_style":"FAULT","quadrangle_name":"Slade","gq_number":"1183"},"geometry":{"type":"LineString","coordinates":[[-83.68516,37.76574],[-83.6822,37.7634],[-83.67886,37.76096],[-83.6772,37.76012]]}},{"type":"Feature","properties":{"fault_name":"IRVINE-PAINT CREEK FLT SYSTEM","feature_type":"FAULT","fault_throw":" ","line_style":"FAULT","quadrangle_name":"Slade","gq_number":"1183"},"geometry":{"type":"LineString","coordinates":[[-83.6772,37.76012],[-83.6772,37.76012]]}},{"type":"Feature","properties":{"fault_name":"IRVINE-PAINT CREEK FLT SYSTEM","feature_type":"FAULT","fault_throw":" ","line_style":"FAULT","quadrangle_name":"Slade","gq_number":"1183"},"geometry":{"type":"LineString","coordinates":[[-83.67055,37.75966],[-83.6652,37.75895]]}},{"type":"Feature","properties":{"fault_name":"IRVINE-PAINT CREEK FLT SYSTEM","feature_type":"FAULT","fault_throw":"DTSW","line_style":"FAULT","quadrangle_name":"Slade","gq_number":"1183"},"geometry":{"type":"LineString","coordinates":[[-83.74257,37.77099],[-83.74363,37.77124],[-83.74746,37.77172],[-83.74939,37.77219],[-83.74997,37.77253]]}},{"type":"Feature","properties":{"fault_name":"IRVINE-PAINT CREEK FLT SYSTEM","feature_type":"FAULT","fault_throw":"DTSW","line_style":"FAULT","quadrangle_name":"Slade","gq_number":"1183"},"geometry":{"type":"LineString","coordinates":[[-83.74888,37.77139],[-83.74649,37.77094],[-83.74454,37.77085],[-83.74257,37.77099]]}},{"type":"Feature","properties":{"fault_name":"IRVINE-PAINT CREEK FLT SYSTEM","feature_type":"FAULT","fault_throw":"DTSW","line_style":"FAULT","quadrangle_name":"Slade","gq_number":"1183"},"geometry":{"type":"LineString","coordinates":[[-83.74257,37.77099],[-83.74086,37.77048]]}},{"type":"Feature","properties":{"fault_name":"IRVINE-PAINT CREEK FLT SYSTEM","feature_type":"FAULT","fault_throw":"DTSW","line_style":"FAULT","quadrangle_name":"Slade","gq_number":"1183"},"geometry":{"type":"LineString","coordinates":[[-83.73983,37.77028],[-83.73094,37.76912],[-83.72963,37.76889],[-83.72677,37.76805]]}},{"type":"Feature","properties":{"fault_name":"IRVINE-PAINT CREEK FLT SYSTEM","feature_type":"FAULT","fault_throw":"DTSW","line_style":"FAULT","quadrangle_name":"Slade","gq_number":"1183"},"geometry":{"type":"LineString","coordinates":[[-83.72664,37.76802],[-83.72325,37.76719]]}},{"type":"Feature","properties":{"fault_name":"IRVINE-PAINT CREEK FLT SYSTEM","feature_type":"FAULT","fault_throw":"DTSW","line_style":"FAULT","quadrangle_name":"Slade","gq_number":"1183"},"geometry":{"type":"LineString","coordinates":[[-83.72202,37.76691],[-83.72054,37.76669],[-83.7195,37.76671]]}},{"type":"Feature","properties":{"fault_name":"IRVINE-PAINT CREEK FLT SYSTEM","feature_type":"FAULT","fault_throw":"DTSE","line_style":"FAULT","quadrangle_name":"Slade","gq_number":"1183"},"geometry":{"type":"LineString","coordinates":[[-83.71825,37.76708],[-83.71654,37.76794],[-83.71395,37.76845],[-83.71237,37.76902],[-83.71107,37.76929],[-83.70994,37.76938],[-83.70379,37.76864],[-83.6987,37.76861],[-83.69632,37.76843],[-83.69476,37.7681],[-83.6925,37.76734],[-83.68856,37.76724],[-83.68628,37.76646],[-83.68516,37.76574]]}},{"type":"Feature","properties":{"fault_name":"IRVINE-PAINT CREEK FLT SYSTEM","feature_type":"FAULT","fault_throw":"DTSW","line_style":"FAULT","quadrangle_name":"Slade","gq_number":"1183"},"geometry":{"type":"LineString","coordinates":[[-83.68516,37.76574],[-83.68282,37.76281],[-83.68101,37.76121],[-83.67962,37.76053],[-83.6784,37.76024],[-83.6772,37.76012]]}},{"type":"Feature","properties":{"fault_name":"IRVINE-PAINT CREEK FLT SYSTEM","feature_type":"FAULT","fault_throw":"DTSW","line_style":"FAULT","quadrangle_name":"Slade","gq_number":"1183"},"geometry":{"type":"LineString","coordinates":[[-83.6772,37.76012],[-83.6772,37.76012]]}},{"type":"Feature","properties":{"fault_name":"IRVINE-PAINT CREEK FLT SYSTEM","feature_type":"FAULT","fault_throw":"DTS","line_style":"FAULT","quadrangle_name":"Slade","gq_number":"1183"},"geometry":{"type":"LineString","coordinates":[[-83.6772,37.76012],[-83.67212,37.75965]]}},{"type":"Feature","properties":{"fault_name":"IRVINE-PAINT CREEK FLT SYSTEM","feature_type":"FAULT","fault_throw":"DTS","line_style":"FAULT","quadrangle_name":"Slade","gq_number":"1183"},"geometry":{"type":"LineString","coordinates":[[-83.67049,37.75949],[-83.66729,37.75894],[-83.6652,37.75895]]}},{"type":"Feature","properties":{"fault_name":"IRVINE-PAINT CREEK FLT SYSTEM","feature_type":"FAULT","fault_throw":"DTS","line_style":"FAULT","quadrangle_name":"Slade","gq_number":"1183"},"geometry":{"type":"LineString","coordinates":[[-83.6652,37.75895],[-83.66344,37.75892],[-83.66029,37.7585],[-83.65163,37.75682],[-83.64552,37.75592],[-83.6402,37.75565],[-83.6357,37.75512],[-83.63008,37.75525],[-83.62817,37.75587],[-83.62563,37.75698],[-83.62492,37.75714]]}},{"type":"Feature","properties":{"fault_name":"IRVINE-PAINT CREEK FLT SYSTEM","feature_type":"FAULT","fault_throw":"DTN","line_style":"FAULT","quadrangle_name":"Slade","gq_number":"1183"},"geometry":{"type":"LineString","coordinates":[[-83.74794,37.76114],[-83.74268,37.76073],[-83.73893,37.76064],[-83.73773,37.76075]]}},{"type":"Feature","properties":{"fault_name":"IRVINE-PAINT CREEK FLT SYSTEM","feature_type":"FAULT","fault_throw":"DTN","line_style":"FAULT","quadrangle_name":"Slade","gq_number":"1183"},"geometry":{"type":"LineString","coordinates":[[-83.73719,37.76068],[-83.73647,37.76043],[-83.73461,37.76008]]}},{"type":"Feature","properties":{"fault_name":"IRVINE-PAINT CREEK FLT SYSTEM","feature_type":"FAULT","fault_throw":"DTS","line_style":"FAULT","quadrangle_name":"Hazel Green","gq_number":"266"},"geometry":{"type":"LineString","coordinates":[[-83.49987,37.7683],[-83.49468,37.77025],[-83.49318,37.77068],[-83.49144,37.77095],[-83.48743,37.77126],[-83.47819,37.77098]]}},{"type":"Feature","properties":{"fault_name":"IRVINE-PAINT CREEK FLT SYSTEM","feature_type":"FAULT","fault_throw":"DTS","line_style":"FAULT","quadrangle_name":"Pomeroyton","gq_number":"1184"},"geometry":{"type":"LineString","coordinates":[[-83.59162,37.76138],[-83.58979,37.7613],[-83.58531,37.76038],[-83.58289,37.76025],[-83.57997,37.76051],[-83.57619,37.76132],[-83.57396,37.76166],[-83.56849,37.76195],[-83.56085,37.76099],[-83.55724,37.76081],[-83.54859,37.76103],[-83.5394,37.76086],[-83.53475,37.76099],[-83.53153,37.76139],[-83.52872,37.76206],[-83.51737,37.76547],[-83.51306,37.76615],[-83.50929,37.76637],[-83.50478,37.76689],[-83.50287,37.76726],[-83.49987,37.7683]]}},{"type":"Feature","properties":{"fault_name":"IRVINE-PAINT CREEK FLT SYSTEM","feature_type":"FAULT","fault_throw":"DTS","line_style":"FAULT","quadrangle_name":"Pomeroyton","gq_number":"1184"},"geometry":{"type":"LineString","coordinates":[[-83.62492,37.75714],[-83.62069,37.75794],[-83.618,37.75828],[-83.61672,37.75862],[-83.61468,37.75895],[-83.61015,37.75992],[-83.60947,37.75978],[-83.60904,37.75992],[-83.60715,37.7597],[-83.60365,37.75981],[-83.60129,37.75976],[-83.59294,37.76128]]}},{"type":"Feature","properties":{"fault_name":"IRVINE-PAINT CREEK FLT SYSTEM","feature_type":"FAULT","fault_throw":"DTSE","line_style":"FAULT","quadrangle_name":"Hazel Green","gq_number":"266"},"geometry":{"type":"LineString","coordinates":[[-83.46238,37.77201],[-83.45539,37.77411],[-83.45443,37.77428],[-83.45356,37.77469],[-83.45247,37.77493],[-83.45146,37.77538],[-83.45015,37.77557],[-83.44965,37.7759],[-83.44892,37.7761],[-83.44776,37.7767],[-83.44382,37.77799],[-83.44062,37.77883],[-83.43987,37.77914],[-83.439,37.77924],[-83.43795,37.7797],[-83.43439,37.78063],[-83.43389,37.78099],[-83.43266,37.7815],[-83.43165,37.78167],[-83.43113,37.78202],[-83.43032,37.78228],[-83.42927,37.78287],[-83.42847,37.78298],[-83.42663,37.78427],[-83.42541,37.78459],[-83.42444,37.78545],[-83.42228,37.78623]]}},{"type":"Feature","properties":{"fault_name":"IRVINE-PAINT CREEK FLT SYSTEM","feature_type":"FAULT","fault_throw":"DTS","line_style":"FAULT","quadrangle_name":"Hazel Green","gq_number":"266"},"geometry":{"type":"LineString","coordinates":[[-83.47819,37.77098],[-83.47491,37.771],[-83.47287,37.77129],[-83.47133,37.77122],[-83.47047,37.77147],[-83.46936,37.77134],[-83.46676,37.77142],[-83.46361,37.77197],[-83.46238,37.77201]]}},{"type":"Feature","properties":{"fault_name":"IRVINE-PAINT CREEK FLT SYSTEM","feature_type":"FAULT","fault_throw":"DTN","line_style":"FAULT","quadrangle_name":"Hazel Green","gq_number":"266"},"geometry":{"type":"LineString","coordinates":[[-83.48912,37.76908],[-83.48137,37.77035],[-83.47819,37.77098]]}},{"type":"Feature","properties":{"fault_name":"IRVINE-PAINT CREEK FLT SYSTEM","feature_type":"FAULT","fault_throw":"DTSE","line_style":"FAULT","quadrangle_name":"Hazel Green","gq_number":"266"},"geometry":{"type":"LineString","coordinates":[[-83.48451,37.75571],[-83.47659,37.75988],[-83.47272,37.76241],[-83.46948,37.76473],[-83.46749,37.76642],[-83.4655,37.76889],[-83.46238,37.77201]]}},{"type":"Feature","properties":{"fault_name":"IRVINE-PAINT CREEK FLT SYSTEM","feature_type":"FAULT","fault_throw":"DTSE","line_style":"FAULT","quadrangle_name":"Hazel Green","gq_number":"266"},"geometry":{"type":"LineString","coordinates":[[-83.49414,37.75202],[-83.49244,37.75254],[-83.48838,37.75406],[-83.48545,37.75528]]}},{"type":"Feature","properties":{"fault_name":"IRVINE-PAINT CREEK FLT SYSTEM","feature_type":"FAULT","fault_throw":"DTSE","line_style":"FAULT","quadrangle_name":"Hazel Green","gq_number":"266"},"geometry":{"type":"LineString","coordinates":[[-83.49991,37.75043],[-83.49664,37.75125]]}},{"type":"Feature","properties":{"fault_name":"IRVINE-PAINT CREEK FLT SYSTEM","feature_type":"FAULT","fault_throw":"DTSE","line_style":"FAULT","quadrangle_name":"Hazel Green","gq_number":"266"},"geometry":{"type":"LineString","coordinates":[[-83.39178,37.79445],[-83.38995,37.79485],[-83.38679,37.79473],[-83.38458,37.79513],[-83.3833,37.79524],[-83.38254,37.79518]]}},{"type":"Feature","properties":{"fault_name":"IRVINE-PAINT CREEK FLT SYSTEM","feature_type":"FAULT","fault_throw":"DTSE","line_style":"FAULT","quadrangle_name":"Hazel Green","gq_number":"266"},"geometry":{"type":"LineString","coordinates":[[-83.39823,37.79365],[-83.39544,37.79411],[-83.39244,37.79447],[-83.39201,37.79442]]}},{"type":"Feature","properties":{"fault_name":"IRVINE-PAINT CREEK FLT SYSTEM","feature_type":"FAULT","fault_throw":"DTSE","line_style":"FAULT","quadrangle_name":"Hazel Green","gq_number":"266"},"geometry":{"type":"LineString","coordinates":[[-83.41898,37.78774],[-83.41814,37.78807],[-83.41752,37.78814],[-83.41718,37.78835],[-83.4167,37.78843],[-83.41526,37.78926],[-83.41467,37.78944],[-83.41394,37.78943],[-83.4118,37.79034],[-83.41073,37.79053]]}},{"type":"Feature","properties":{"fault_name":"IRVINE-PAINT CREEK FLT SYSTEM","feature_type":"FAULT","fault_throw":"DTSE","line_style":"CONCEALED_FAULT","quadrangle_name":"Hazel Green","gq_number":"266"},"geometry":{"type":"LineString","coordinates":[[-83.42228,37.78623],[-83.41898,37.78774]]}},{"type":"Feature","properties":{"fault_name":"IRVINE-PAINT CREEK FLT SYSTEM","feature_type":"FAULT","fault_throw":"DTSE","line_style":"FAULT","quadrangle_name":"Cannel City","gq_number":"1498"},"geometry":{"type":"LineString","coordinates":[[-83.35951,37.79736],[-83.35853,37.7977],[-83.35714,37.79855],[-83.35351,37.80021],[-83.35167,37.8008],[-83.34781,37.80267],[-83.34686,37.80324],[-83.34583,37.80368],[-83.34475,37.80453],[-83.34368,37.80487],[-83.34284,37.8056],[-83.34104,37.80636]]}},{"type":"Feature","properties":{"fault_name":"IRVINE-PAINT CREEK FLT SYSTEM","feature_type":"FAULT","fault_throw":"DTSE","line_style":"FAULT","quadrangle_name":"Cannel City","gq_number":"1498"},"geometry":{"type":"LineString","coordinates":[[-83.37483,37.79573],[-83.37215,37.79603],[-83.36901,37.79583],[-83.36763,37.79591],[-83.36633,37.79577],[-83.36524,37.79592],[-83.36422,37.79584],[-83.36112,37.79667],[-83.35951,37.79736]]}},{"type":"Feature","properties":{"fault_name":"IRVINE-PAINT CREEK FLT SYSTEM","feature_type":"FAULT","fault_throw":"DTSE","line_style":"FAULT","quadrangle_name":"Cannel City","gq_number":"1498"},"geometry":{"type":"LineString","coordinates":[[-83.33383,37.81037],[-83.33205,37.81161],[-83.33106,37.81199],[-83.32918,37.81306],[-83.32687,37.81402],[-83.32582,37.8142],[-83.32381,37.81498],[-83.32199,37.81529],[-83.32094,37.8153],[-83.31906,37.81575],[-83.31609,37.81611],[-83.31354,37.81676],[-83.30934,37.81755],[-83.30404,37.81892],[-83.30317,37.81893],[-83.30232,37.8194],[-83.30094,37.81988],[-83.29781,37.82043],[-83.29579,37.82111],[-83.29462,37.82127],[-83.29265,37.8218],[-83.28928,37.82212],[-83.28711,37.82248],[-83.28558,37.82289],[-83.28375,37.82307],[-83.28085,37.82386],[-83.27968,37.82403]]}},{"type":"Feature","properties":{"fault_name":"IRVINE-PAINT CREEK FLT SYSTEM","feature_type":"FAULT","fault_throw":"DTSE","line_style":"FAULT","quadrangle_name":"Cannel City","gq_number":"1498"},"geometry":{"type":"LineString","coordinates":[[-83.34027,37.80683],[-83.33785,37.80864],[-83.33625,37.80945],[-83.33465,37.81001]]}},{"type":"Feature","properties":{"fault_name":"IRVINE-PAINT CREEK FLT SYSTEM","feature_type":"FAULT","fault_throw":"DTNE","line_style":"FAULT","quadrangle_name":"Zachariah","gq_number":"1452"},"geometry":{"type":"LineString","coordinates":[[-83.66322,37.74727],[-83.66191,37.74707]]}},{"type":"Feature","properties":{"fault_name":"IRVINE-PAINT CREEK FLT SYSTEM","feature_type":"FAULT","fault_throw":"DTSE","line_style":"FAULT","quadrangle_name":"Irvine","gq_number":"1285"},"geometry":{"type":"LineString","coordinates":[[-83.97786,37.71259],[-83.97634,37.71308],[-83.97214,37.71477],[-83.96774,37.71772],[-83.96593,37.71855],[-83.96361,37.7193],[-83.96157,37.72022],[-83.96011,37.72053],[-83.95764,37.72035],[-83.95657,37.72066],[-83.95564,37.7212],[-83.95261,37.72338],[-83.95002,37.72577],[-83.94804,37.72725]]}},{"type":"Feature","properties":{"fault_name":"IRVINE-PAINT CREEK FLT SYSTEM","feature_type":"FAULT","fault_throw":"DTSE","line_style":"FAULT","quadrangle_name":"Irvine","gq_number":"1285"},"geometry":{"type":"LineString","coordinates":[[-83.94804,37.72725],[-83.9469,37.728],[-83.94507,37.72865],[-83.94416,37.72911],[-83.94209,37.73038],[-83.93928,37.73251],[-83.93771,37.73396],[-83.93521,37.73699]]}},{"type":"Feature","properties":{"fault_name":"IRVINE-PAINT CREEK FLT SYSTEM","feature_type":"FAULT","fault_throw":"DTSE","line_style":"FAULT","quadrangle_name":"Irvine","gq_number":"1285"},"geometry":{"type":"LineString","coordinates":[[-83.91898,37.72705],[-83.91528,37.73113],[-83.91449,37.73238],[-83.91127,37.73541]]}},{"type":"Feature","properties":{"fault_name":"IRVINE-PAINT CREEK FLT SYSTEM","feature_type":"FAULT","fault_throw":"DTSE","line_style":"FAULT","quadrangle_name":"Irvine","gq_number":"1285"},"geometry":{"type":"LineString","coordinates":[[-83.93425,37.70928],[-83.93271,37.711],[-83.93182,37.71175],[-83.93105,37.71284],[-83.92945,37.71439],[-83.92807,37.71615],[-83.92547,37.71872],[-83.92341,37.72134],[-83.92166,37.72418],[-83.91927,37.7267]]}},{"type":"Feature","properties":{"fault_name":"IRVINE-PAINT CREEK FLT SYSTEM","feature_type":"FAULT","fault_throw":"DTSE","line_style":"FAULT","quadrangle_name":"Irvine","gq_number":"1285"},"geometry":{"type":"LineString","coordinates":[[-83.97865,37.71289],[-83.97677,37.71368],[-83.97532,37.71461],[-83.97272,37.71598],[-83.97109,37.71706],[-83.97026,37.71771],[-83.96849,37.71961],[-83.96639,37.72155]]}},{"type":"Feature","properties":{"fault_name":"IRVINE-PAINT CREEK FLT SYSTEM","feature_type":"FAULT","fault_throw":"DTSE","line_style":"FAULT","quadrangle_name":"Irvine","gq_number":"1285"},"geometry":{"type":"LineString","coordinates":[[-83.99057,37.7085],[-83.98625,37.71056],[-83.98005,37.71251]]}},{"type":"Feature","properties":{"fault_name":"IRVINE-PAINT CREEK FLT SYSTEM","feature_type":"FAULT","fault_throw":"DTSE","line_style":"CONCEALED_FAULT","quadrangle_name":"Irvine","gq_number":"1285"},"geometry":{"type":"LineString","coordinates":[[-83.9795,37.71267],[-83.97932,37.71251],[-83.9789,37.71245],[-83.97786,37.71259]]}},{"type":"Feature","properties":{"fault_name":"IRVINE-PAINT CREEK FLT SYSTEM","feature_type":"FAULT","fault_throw":"DTSE","line_style":"CONCEALED_FAULT","quadrangle_name":"Irvine","gq_number":"1285"},"geometry":{"type":"LineString","coordinates":[[-83.99428,37.70625],[-83.99213,37.70767],[-83.99057,37.7085]]}},{"type":"Feature","properties":{"fault_name":"IRVINE-PAINT CREEK FLT SYSTEM","feature_type":"FAULT","fault_throw":"DTSE","line_style":"FAULT","quadrangle_name":"Irvine","gq_number":"1285"},"geometry":{"type":"LineString","coordinates":[[-83.9608,37.68673],[-83.9582,37.68857],[-83.95602,37.69044],[-83.95406,37.69273],[-83.95279,37.69458],[-83.95047,37.69653],[-83.94938,37.69773],[-83.94343,37.70069],[-83.94173,37.7018],[-83.93982,37.70341],[-83.93495,37.70853]]}},{"type":"Feature","properties":{"fault_name":"IRVINE-PAINT CREEK FLT SYSTEM","feature_type":"FAULT","fault_throw":"DTSE","line_style":"FAULT","quadrangle_name":"Irvine","gq_number":"1285"},"geometry":{"type":"LineString","coordinates":[[-83.99494,37.66875],[-83.99008,37.67071],[-83.98614,37.67299],[-83.97792,37.67652],[-83.975,37.67797],[-83.97232,37.67973],[-83.96976,37.68066]]}},{"type":"Feature","properties":{"fault_name":"IRVINE-PAINT CREEK FLT SYSTEM","feature_type":"FAULT","fault_throw":"DTSE","line_style":"CONCEALED_FAULT","quadrangle_name":"Irvine","gq_number":"1285"},"geometry":{"type":"LineString","coordinates":[[-83.99808,37.66742],[-83.99494,37.66875]]}},{"type":"Feature","properties":{"fault_name":"IRVINE-PAINT CREEK FLT SYSTEM","feature_type":"FAULT","fault_throw":"DTNE","line_style":"FAULT","quadrangle_name":"Irvine","gq_number":"1285"},"geometry":{"type":"LineString","coordinates":[[-83.97464,37.73238],[-83.97333,37.73101],[-83.97273,37.72992]]}},{"type":"Feature","properties":{"fault_name":"IRVINE-PAINT CREEK FLT SYSTEM","feature_type":"FAULT","fault_throw":"DTNE","line_style":"FAULT","quadrangle_name":"Irvine","gq_number":"1285"},"geometry":{"type":"LineString","coordinates":[[-83.97211,37.72886],[-83.97164,37.72708],[-83.9716,37.7256],[-83.97069,37.72354],[-83.9704,37.72248]]}},{"type":"Feature","properties":{"fault_name":" ","feature_type":"FAULT","fault_throw":"DTNE","line_style":"FAULT","quadrangle_name":"Irvine","gq_number":"1285"},"geometry":{"type":"LineString","coordinates":[[-83.9973,37.74871],[-83.99558,37.74721],[-83.99356,37.74509],[-83.9921,37.74407],[-83.98978,37.7419],[-83.98766,37.74022],[-83.98576,37.7381]]}},{"type":"Feature","properties":{"fault_name":"IRVINE-PAINT CREEK FLT SYSTEM","feature_type":"FAULT","fault_throw":"DTSE","line_style":"CONCEALED_FAULT","quadrangle_name":"Irvine","gq_number":"1285"},"geometry":{"type":"LineString","coordinates":[[-83.9937,37.68677],[-83.99217,37.68751],[-83.98921,37.69018],[-83.98531,37.69255]]}},{"type":"Feature","properties":{"fault_name":"IRVINE-PAINT CREEK FLT SYSTEM","feature_type":"FAULT","fault_throw":"DTSE","line_style":"FAULT","quadrangle_name":"Irvine","gq_number":"1285"},"geometry":{"type":"LineString","coordinates":[[-83.99993,37.68446],[-83.99725,37.68506],[-83.9937,37.68677]]}},{"type":"Feature","properties":{"fault_name":"KENTUCKY RIVER FAULT SYSTEM","feature_type":"FAULT","fault_throw":"DTS","line_style":"FAULT","quadrangle_name":"Levee","gq_number":"1478"},"geometry":{"type":"LineString","coordinates":[[-83.99342,37.97773],[-83.99153,37.97778],[-83.98721,37.97721],[-83.98618,37.97721]]}},{"type":"Feature","properties":{"fault_name":"KENTUCKY RIVER FAULT SYSTEM","feature_type":"FAULT","fault_throw":"DTS","line_style":"FAULT","quadrangle_name":"Levee","gq_number":"1478"},"geometry":{"type":"LineString","coordinates":[[-83.99993,37.97751],[-83.99767,37.97736],[-83.99342,37.97773]]}},{"type":"Feature","properties":{"fault_name":"IRVINE-PAINT CREEK FLT SYSTEM","feature_type":"FAULT","fault_throw":"DTSE","line_style":"FAULT","quadrangle_name":"Irvine","gq_number":"1285"},"geometry":{"type":"LineString","coordinates":[[-83.99993,37.70286],[-83.9973,37.70419],[-83.99554,37.70525],[-83.99428,37.70625]]}},{"type":"Feature","properties":{"fault_name":" ","feature_type":"FAULT","fault_throw":"DTNE","line_style":"CONCEALED_FAULT","quadrangle_name":"Cowcreek","gq_number":"1448"},"geometry":{"type":"LineString","coordinates":[[-83.56966,37.45445],[-83.56874,37.45431]]}},{"type":"Feature","properties":{"fault_name":" ","feature_type":"FAULT","fault_throw":"DTNE","line_style":"FAULT","quadrangle_name":"Booneville","gq_number":"1479"},"geometry":{"type":"LineString","coordinates":[[-83.66417,37.46463],[-83.66211,37.46442],[-83.6601,37.46406],[-83.65661,37.46372],[-83.65433,37.46363],[-83.65012,37.46317],[-83.64697,37.46246],[-83.64271,37.46179],[-83.639,37.46096],[-83.63703,37.46079],[-83.63573,37.46056]]}},{"type":"Feature","properties":{"fault_name":" ","feature_type":"FAULT","fault_throw":"DTNE","line_style":"FAULT","quadrangle_name":"Cowcreek","gq_number":"1448"},"geometry":{"type":"LineString","coordinates":[[-83.57553,37.45527],[-83.56966,37.45445]]}},{"type":"Feature","properties":{"fault_name":" ","feature_type":"FAULT","fault_throw":"DTNE","line_style":"FAULT","quadrangle_name":"Cowcreek","gq_number":"1448"},"geometry":{"type":"LineString","coordinates":[[-83.5507,37.45181],[-83.5247,37.44953]]}},{"type":"Feature","properties":{"fault_name":" ","feature_type":"FAULT","fault_throw":"DTNE","line_style":"FAULT","quadrangle_name":"Cowcreek","gq_number":"1448"},"geometry":{"type":"LineString","coordinates":[[-83.56874,37.45431],[-83.5507,37.45181]]}},{"type":"Feature","properties":{"fault_name":" ","feature_type":"FAULT","fault_throw":"DTSE","line_style":"CONCEALED_FAULT","quadrangle_name":"Crab Orchard","gq_number":"571"},"geometry":{"type":"LineString","coordinates":[[-84.5853,37.49827],[-84.58472,37.49852]]}},{"type":"Feature","properties":{"fault_name":" ","feature_type":"FAULT","fault_throw":"DTSE","line_style":"CONCEALED_FAULT","quadrangle_name":"Crab Orchard","gq_number":"571"},"geometry":{"type":"LineString","coordinates":[[-84.58484,37.49161],[-84.58544,37.49121]]}},{"type":"Feature","properties":{"fault_name":" ","feature_type":"FAULT","fault_throw":"DTSE","line_style":"FAULT","quadrangle_name":"Crab Orchard","gq_number":"571"},"geometry":{"type":"LineString","coordinates":[[-84.58544,37.49121],[-84.58717,37.48986]]}},{"type":"Feature","properties":{"fault_name":" ","feature_type":"FAULT","fault_throw":"DTNE","line_style":"FAULT","quadrangle_name":"Crab Orchard","gq_number":"571"},"geometry":{"type":"LineString","coordinates":[[-84.58717,37.48986],[-84.58459,37.48911]]}},{"type":"Feature","properties":{"fault_name":" ","feature_type":"FAULT","fault_throw":"DTSW","line_style":"FAULT","quadrangle_name":"Crab Orchard","gq_number":"571"},"geometry":{"type":"LineString","coordinates":[[-84.55712,37.48109],[-84.56098,37.48379]]}},{"type":"Feature","properties":{"fault_name":" ","feature_type":"FAULT","fault_throw":"DTSW","line_style":"CONCEALED_FAULT","quadrangle_name":"Crab Orchard","gq_number":"571"},"geometry":{"type":"LineString","coordinates":[[-84.55627,37.48226],[-84.5536,37.48052]]}},{"type":"Feature","properties":{"fault_name":" ","feature_type":"FAULT","fault_throw":"DTSW","line_style":"CONCEALED_FAULT","quadrangle_name":"Crab Orchard","gq_number":"571"},"geometry":{"type":"LineString","coordinates":[[-84.55413,37.47889],[-84.55712,37.48109]]}},{"type":"Feature","properties":{"fault_name":" ","feature_type":"FAULT","fault_throw":"DTSW","line_style":"FAULT","quadrangle_name":"Crab Orchard","gq_number":"571"},"geometry":{"type":"LineString","coordinates":[[-84.56363,37.48822],[-84.56144,37.48634],[-84.55852,37.48426],[-84.55627,37.48226]]}},{"type":"Feature","properties":{"fault_name":" ","feature_type":"FAULT","fault_throw":"DTNE","line_style":"FAULT","quadrangle_name":"Crab Orchard","gq_number":"571"},"geometry":{"type":"LineString","coordinates":[[-84.584,37.48894],[-84.58126,37.48804],[-84.57775,37.4866],[-84.57339,37.48447],[-84.56951,37.48224],[-84.56578,37.47983],[-84.56319,37.47789],[-84.55896,37.475]]}},{"type":"Feature","properties":{"fault_name":" ","feature_type":"FAULT","fault_throw":"DTNW","line_style":"FAULT","quadrangle_name":"Crab Orchard","gq_number":"571"},"geometry":{"type":"LineString","coordinates":[[-84.58717,37.48986],[-84.5887,37.48857],[-84.59492,37.48384]]}},{"type":"Feature","properties":{"fault_name":" ","feature_type":"FAULT","fault_throw":"DTN","line_style":"FAULT","quadrangle_name":"Crab Orchard","gq_number":"571"},"geometry":{"type":"LineString","coordinates":[[-84.59492,37.48384],[-84.5973,37.48394],[-84.59893,37.48357],[-84.60041,37.48291],[-84.60287,37.4815],[-84.60573,37.48011],[-84.6099,37.47909]]}},{"type":"Feature","properties":{"fault_name":" ","feature_type":"FAULT","fault_throw":"DTSW","line_style":"FAULT","quadrangle_name":"Crab Orchard","gq_number":"571"},"geometry":{"type":"LineString","coordinates":[[-84.5536,37.48052],[-84.54602,37.47517]]}},{"type":"Feature","properties":{"fault_name":" ","feature_type":"FAULT","fault_throw":"DTNE","line_style":"FAULT","quadrangle_name":"Crab Orchard","gq_number":"571"},"geometry":{"type":"LineString","coordinates":[[-84.54859,37.47496],[-84.55187,37.47714],[-84.55413,37.47889]]}},{"type":"Feature","properties":{"fault_name":" ","feature_type":"FAULT","fault_throw":"DTNE","line_style":"CONCEALED_FAULT","quadrangle_name":"Crab Orchard","gq_number":"571"},"geometry":{"type":"LineString","coordinates":[[-84.55896,37.475],[-84.5572,37.47364]]}},{"type":"Feature","properties":{"fault_name":" ","feature_type":"FAULT","fault_throw":"DTNE","line_style":"FAULT","quadrangle_name":"Crab Orchard","gq_number":"571"},"geometry":{"type":"LineString","coordinates":[[-84.5572,37.47364],[-84.55058,37.46908],[-84.54581,37.46541],[-84.5419,37.46275]]}},{"type":"Feature","properties":{"fault_name":" ","feature_type":"FAULT","fault_throw":"DTNE","line_style":"FAULT","quadrangle_name":"Crab Orchard","gq_number":"571"},"geometry":{"type":"LineString","coordinates":[[-84.49994,37.43948],[-84.506,37.44161],[-84.50967,37.44322]]}},{"type":"Feature","properties":{"fault_name":" ","feature_type":"FAULT","fault_throw":"DTSE","line_style":"FAULT","quadrangle_name":"Crab Orchard","gq_number":"571"},"geometry":{"type":"LineString","coordinates":[[-84.56935,37.4977],[-84.57118,37.4971]]}},{"type":"Feature","properties":{"fault_name":" ","feature_type":"FAULT","fault_throw":"DTSW","line_style":"FAULT","quadrangle_name":"Crab Orchard","gq_number":"571"},"geometry":{"type":"LineString","coordinates":[[-84.61271,37.48087],[-84.6099,37.47909]]}},{"type":"Feature","properties":{"fault_name":" ","feature_type":"FAULT","fault_throw":"DTSE","line_style":"FAULT","quadrangle_name":"Crab Orchard","gq_number":"571"},"geometry":{"type":"LineString","coordinates":[[-84.5936,37.49383],[-84.58909,37.49614],[-84.5853,37.49827]]}},{"type":"Feature","properties":{"fault_name":" ","feature_type":"FAULT","fault_throw":"DTSE","line_style":"FAULT","quadrangle_name":"Crab Orchard","gq_number":"571"},"geometry":{"type":"LineString","coordinates":[[-84.57118,37.4971],[-84.57576,37.49526],[-84.58283,37.49266],[-84.58484,37.49161]]}},{"type":"Feature","properties":{"fault_name":" ","feature_type":"FAULT","fault_throw":"DTSE","line_style":"FAULT","quadrangle_name":"Crab Orchard","gq_number":"571"},"geometry":{"type":"LineString","coordinates":[[-84.59492,37.48384],[-84.60259,37.47742]]}},{"type":"Feature","properties":{"fault_name":" ","feature_type":"FAULT","fault_throw":"DTSW","line_style":"FAULT","quadrangle_name":"Crab Orchard","gq_number":"571"},"geometry":{"type":"LineString","coordinates":[[-84.6099,37.47909],[-84.60716,37.47746]]}},{"type":"Feature","properties":{"fault_name":" ","feature_type":"FAULT","fault_throw":"DTSE","line_style":"FAULT","quadrangle_name":"Crab Orchard","gq_number":"571"},"geometry":{"type":"LineString","coordinates":[[-84.62244,37.46626],[-84.61908,37.46917],[-84.61688,37.47068],[-84.61573,37.47172]]}},{"type":"Feature","properties":{"fault_name":" ","feature_type":"FAULT","fault_throw":"DTSE","line_style":"FAULT","quadrangle_name":"Crab Orchard","gq_number":"571"},"geometry":{"type":"LineString","coordinates":[[-84.62244,37.46626],[-84.61827,37.4688]]}},{"type":"Feature","properties":{"fault_name":" ","feature_type":"FAULT","fault_throw":"DTN","line_style":"FAULT","quadrangle_name":"Crab Orchard","gq_number":"571"},"geometry":{"type":"LineString","coordinates":[[-84.59602,37.48889],[-84.59127,37.48902],[-84.58717,37.48986]]}},{"type":"Feature","properties":{"fault_name":" ","feature_type":"FAULT","fault_throw":"DTE","line_style":"FAULT","quadrangle_name":"Halls Gap","gq_number":"1009"},"geometry":{"type":"LineString","coordinates":[[-84.63802,37.49819],[-84.6362,37.49655],[-84.63518,37.49544],[-84.63436,37.49448],[-84.63361,37.49312]]}},{"type":"Feature","properties":{"fault_name":" ","feature_type":"FAULT","fault_throw":"DTN","line_style":"CONCEALED_FAULT","quadrangle_name":"Johnetta","gq_number":"685"},"geometry":{"type":"LineString","coordinates":[[-84.18896,37.3808],[-84.1892,37.38071]]}},{"type":"Feature","properties":{"fault_name":" ","feature_type":"FAULT","fault_throw":"DTN","line_style":"FAULT","quadrangle_name":"Maretburg","gq_number":"338"},"geometry":{"type":"LineString","coordinates":[[-84.39934,37.36581],[-84.40727,37.37142]]}},{"type":"Feature","properties":{"fault_name":" ","feature_type":"FAULT","fault_throw":"DTS","line_style":"FAULT","quadrangle_name":"Maretburg","gq_number":"338"},"geometry":{"type":"LineString","coordinates":[[-84.37624,37.31812],[-84.37953,37.31462]]}},{"type":"Feature","properties":{"fault_name":"MOUNT VERNON FAULT","feature_type":"FAULT","fault_throw":"DTN","line_style":"FAULT","quadrangle_name":"Maretburg","gq_number":"338"},"geometry":{"type":"LineString","coordinates":[[-84.37494,37.36502],[-84.37743,37.3653],[-84.38055,37.36597],[-84.38755,37.36714],[-84.38948,37.3673],[-84.39247,37.36729],[-84.39467,37.36784],[-84.39737,37.36893],[-84.39899,37.36988],[-84.40392,37.37322]]}},{"type":"Feature","properties":{"fault_name":"MOUNT VERNON FAULT","feature_type":"FAULT","fault_throw":"DTN","line_style":"CONCEALED_FAULT","quadrangle_name":"Mount Vernon","gq_number":"902"},"geometry":{"type":"LineString","coordinates":[[-84.26764,37.37252],[-84.26671,37.37254]]}},{"type":"Feature","properties":{"fault_name":"MOUNT VERNON FAULT","feature_type":"FAULT","fault_throw":"DTN","line_style":"CONCEALED_FAULT","quadrangle_name":"Mount Vernon","gq_number":"902"},"geometry":{"type":"LineString","coordinates":[[-84.27571,37.37224],[-84.27521,37.37227]]}},{"type":"Feature","properties":{"fault_name":"MOUNT VERNON FAULT","feature_type":"FAULT","fault_throw":"DTN","line_style":"CONCEALED_FAULT","quadrangle_name":"Mount Vernon","gq_number":"902"},"geometry":{"type":"LineString","coordinates":[[-84.2815,37.37211],[-84.27835,37.37216]]}},{"type":"Feature","properties":{"fault_name":"MOUNT VERNON FAULT","feature_type":"FAULT","fault_throw":"DTN","line_style":"CONCEALED_FAULT","quadrangle_name":"Mount Vernon","gq_number":"902"},"geometry":{"type":"LineString","coordinates":[[-84.28702,37.36966],[-84.28654,37.37012],[-84.28322,37.37133]]}},{"type":"Feature","properties":{"fault_name":"MOUNT VERNON FAULT","feature_type":"FAULT","fault_throw":"DTS","line_style":"CONCEALED_FAULT","quadrangle_name":"Mount Vernon","gq_number":"902"},"geometry":{"type":"LineString","coordinates":[[-84.26017,37.36875],[-84.25888,37.36844]]}},{"type":"Feature","properties":{"fault_name":"MOUNT VERNON FAULT","feature_type":"FAULT","fault_throw":"DTS","line_style":"CONCEALED_FAULT","quadrangle_name":"Mount Vernon","gq_number":"902"},"geometry":{"type":"LineString","coordinates":[[-84.25718,37.36795],[-84.25637,37.36777]]}},{"type":"Feature","properties":{"fault_name":"MOUNT VERNON FAULT","feature_type":"FAULT","fault_throw":"DTS","line_style":"FAULT","quadrangle_name":"Mount Vernon","gq_number":"902"},"geometry":{"type":"LineString","coordinates":[[-84.25637,37.36777],[-84.25503,37.36743]]}},{"type":"Feature","properties":{"fault_name":"MOUNT VERNON FAULT","feature_type":"FAULT","fault_throw":"DTS","line_style":"CONCEALED_FAULT","quadrangle_name":"Mount Vernon","gq_number":"902"},"geometry":{"type":"LineString","coordinates":[[-84.25503,37.36743],[-84.25108,37.36634]]}},{"type":"Feature","properties":{"fault_name":"MOUNT VERNON FAULT","feature_type":"FAULT","fault_throw":"DTN","line_style":"CONCEALED_FAULT","quadrangle_name":"Mount Vernon","gq_number":"902"},"geometry":{"type":"LineString","coordinates":[[-84.29183,37.36619],[-84.28973,37.36727]]}},{"type":"Feature","properties":{"fault_name":"MOUNT VERNON FAULT","feature_type":"FAULT","fault_throw":"DTN","line_style":"FAULT","quadrangle_name":"Mount Vernon","gq_number":"902"},"geometry":{"type":"LineString","coordinates":[[-84.26517,37.37259],[-84.26423,37.37286]]}},{"type":"Feature","properties":{"fault_name":"MOUNT VERNON FAULT","feature_type":"FAULT","fault_throw":"DTN","line_style":"FAULT","quadrangle_name":"Mount Vernon","gq_number":"902"},"geometry":{"type":"LineString","coordinates":[[-84.26671,37.37254],[-84.26517,37.37259]]}},{"type":"Feature","properties":{"fault_name":"MOUNT VERNON FAULT","feature_type":"FAULT","fault_throw":"DTN","line_style":"FAULT","quadrangle_name":"Mount Vernon","gq_number":"902"},"geometry":{"type":"LineString","coordinates":[[-84.27521,37.37227],[-84.26764,37.37252]]}},{"type":"Feature","properties":{"fault_name":"MOUNT VERNON FAULT","feature_type":"FAULT","fault_throw":"DTN","line_style":"FAULT","quadrangle_name":"Mount Vernon","gq_number":"902"},"geometry":{"type":"LineString","coordinates":[[-84.27835,37.37216],[-84.27571,37.37224]]}},{"type":"Feature","properties":{"fault_name":"MOUNT VERNON FAULT","feature_type":"FAULT","fault_throw":"DTN","line_style":"FAULT","quadrangle_name":"Mount Vernon","gq_number":"902"},"geometry":{"type":"LineString","coordinates":[[-84.28624,37.37233],[-84.28479,37.37218],[-84.2815,37.37211]]}},{"type":"Feature","properties":{"fault_name":"MOUNT VERNON FAULT","feature_type":"FAULT","fault_throw":"DTN","line_style":"FAULT","quadrangle_name":"Mount Vernon","gq_number":"902"},"geometry":{"type":"LineString","coordinates":[[-84.28973,37.36727],[-84.28808,37.36848],[-84.28702,37.36966]]}},{"type":"Feature","properties":{"fault_name":"MOUNT VERNON FAULT","feature_type":"FAULT","fault_throw":"DTS","line_style":"FAULT","quadrangle_name":"Mount Vernon","gq_number":"902"},"geometry":{"type":"LineString","coordinates":[[-84.25888,37.36844],[-84.25718,37.36795]]}},{"type":"Feature","properties":{"fault_name":"MOUNT VERNON FAULT","feature_type":"FAULT","fault_throw":"DTS","line_style":"FAULT","quadrangle_name":"Mount Vernon","gq_number":"902"},"geometry":{"type":"LineString","coordinates":[[-84.25108,37.36634],[-84.24994,37.36597]]}},{"type":"Feature","properties":{"fault_name":"MOUNT VERNON FAULT","feature_type":"FAULT","fault_throw":"DTNE","line_style":"FAULT","quadrangle_name":"Mount Vernon","gq_number":"902"},"geometry":{"type":"LineString","coordinates":[[-84.26517,37.37259],[-84.26258,37.37006],[-84.26143,37.36932],[-84.26017,37.36875]]}},{"type":"Feature","properties":{"fault_name":" ","feature_type":"FAULT","fault_throw":"DTS","line_style":"FAULT","quadrangle_name":"Mount Vernon","gq_number":"902"},"geometry":{"type":"LineString","coordinates":[[-84.26423,37.36917],[-84.26017,37.36875]]}},{"type":"Feature","properties":{"fault_name":" ","feature_type":"FAULT","fault_throw":"DTS","line_style":"CONCEALED_FAULT","quadrangle_name":"Mount Vernon","gq_number":"902"},"geometry":{"type":"LineString","coordinates":[[-84.25093,37.36653],[-84.25235,37.36703]]}},{"type":"Feature","properties":{"fault_name":" ","feature_type":"FAULT","fault_throw":"DTS","line_style":"FAULT","quadrangle_name":"Mount Vernon","gq_number":"902"},"geometry":{"type":"LineString","coordinates":[[-84.24994,37.36621],[-84.25093,37.36653]]}},{"type":"Feature","properties":{"fault_name":" ","feature_type":"FAULT","fault_throw":"DTN","line_style":"FAULT","quadrangle_name":"Mount Vernon","gq_number":"902"},"geometry":{"type":"LineString","coordinates":[[-84.24994,37.3653],[-84.25212,37.3657]]}},{"type":"Feature","properties":{"fault_name":" ","feature_type":"FAULT","fault_throw":"DTSW","line_style":"CONCEALED_FAULT","quadrangle_name":"Wildie","gq_number":"684"},"geometry":{"type":"LineString","coordinates":[[-84.36426,37.48787],[-84.3637,37.48755]]}},{"type":"Feature","properties":{"fault_name":" ","feature_type":"FAULT","fault_throw":"DTSW","line_style":"CONCEALED_FAULT","quadrangle_name":"Wildie","gq_number":"684"},"geometry":{"type":"LineString","coordinates":[[-84.3637,37.48755],[-84.36327,37.48724]]}},{"type":"Feature","properties":{"fault_name":" ","feature_type":"FAULT","fault_throw":"DTSW","line_style":"FAULT","quadrangle_name":"Wildie","gq_number":"684"},"geometry":{"type":"LineString","coordinates":[[-84.37434,37.49413],[-84.37211,37.4929],[-84.36426,37.48787]]}},{"type":"Feature","properties":{"fault_name":" ","feature_type":"FAULT","fault_throw":"DTSW","line_style":"FAULT","quadrangle_name":"Wildie","gq_number":"684"},"geometry":{"type":"LineString","coordinates":[[-84.36327,37.48724],[-84.36242,37.48672]]}},{"type":"Feature","properties":{"fault_name":" ","feature_type":"FAULT","fault_throw":"DTN","line_style":"FAULT","quadrangle_name":"Johnetta","gq_number":"685"},"geometry":{"type":"LineString","coordinates":[[-84.18559,37.38295],[-84.18789,37.38137],[-84.18896,37.3808]]}},{"type":"Feature","properties":{"fault_name":" ","feature_type":"FAULT","fault_throw":"DTN","line_style":"FAULT","quadrangle_name":"Johnetta","gq_number":"685"},"geometry":{"type":"LineString","coordinates":[[-84.1892,37.38071],[-84.19526,37.37918]]}},{"type":"Feature","properties":{"fault_name":" ","feature_type":"FAULT","fault_throw":"DTN","line_style":"CONCEALED_FAULT","quadrangle_name":"Johnetta","gq_number":"685"},"geometry":{"type":"LineString","coordinates":[[-84.19526,37.37918],[-84.19596,37.37908]]}},{"type":"Feature","properties":{"fault_name":" ","feature_type":"FAULT","fault_throw":"DTN","line_style":"FAULT","quadrangle_name":"Johnetta","gq_number":"685"},"geometry":{"type":"LineString","coordinates":[[-84.19596,37.37908],[-84.19798,37.37888]]}},{"type":"Feature","properties":{"fault_name":" ","feature_type":"FAULT","fault_throw":"DTN","line_style":"FAULT","quadrangle_name":"Johnetta","gq_number":"685"},"geometry":{"type":"LineString","coordinates":[[-84.19959,37.37865],[-84.20046,37.37832]]}},{"type":"Feature","properties":{"fault_name":" ","feature_type":"FAULT","fault_throw":"DTE","line_style":"FAULT","quadrangle_name":"Brodhead","gq_number":"662"},"geometry":{"type":"LineString","coordinates":[[-84.45468,37.41165],[-84.45209,37.40768]]}},{"type":"Feature","properties":{"fault_name":" ","feature_type":"FAULT","fault_throw":"DTNE","line_style":"CONCEALED_FAULT","quadrangle_name":"Crab Orchard","gq_number":"571"},"geometry":{"type":"LineString","coordinates":[[-84.58459,37.48911],[-84.584,37.48894]]}},{"type":"Feature","properties":{"fault_name":"MOUNT VERNON FAULT","feature_type":"FAULT","fault_throw":"DTN","line_style":"FAULT","quadrangle_name":"Mount Vernon","gq_number":"902"},"geometry":{"type":"LineString","coordinates":[[-84.37494,37.36502],[-84.37286,37.36493],[-84.36994,37.36458],[-84.36195,37.36307],[-84.35814,37.36209],[-84.35641,37.36188],[-84.3408,37.36083],[-84.33057,37.3604],[-84.32654,37.36075],[-84.32462,37.36058],[-84.31453,37.3607],[-84.30971,37.36111],[-84.30602,37.36187],[-84.29183,37.36619]]}},{"type":"Feature","properties":{"fault_name":" ","feature_type":"FAULT","fault_throw":"DTS","line_style":"FAULT","quadrangle_name":"Livingston","gq_number":"1179"},"geometry":{"type":"LineString","coordinates":[[-84.24994,37.36621],[-84.24864,37.36565]]}},{"type":"Feature","properties":{"fault_name":" ","feature_type":"FAULT","fault_throw":"DTS","line_style":"FAULT","quadrangle_name":"Livingston","gq_number":"1179"},"geometry":{"type":"LineString","coordinates":[[-84.24994,37.36597],[-84.24887,37.36557]]}},{"type":"Feature","properties":{"fault_name":" ","feature_type":"FAULT","fault_throw":"DTN","line_style":"CONCEALED_FAULT","quadrangle_name":"Livingston","gq_number":"1179"},"geometry":{"type":"LineString","coordinates":[[-84.24928,37.36528],[-84.24789,37.36523]]}},{"type":"Feature","properties":{"fault_name":" ","feature_type":"FAULT","fault_throw":"DTN","line_style":"FAULT","quadrangle_name":"Livingston","gq_number":"1179"},"geometry":{"type":"LineString","coordinates":[[-84.24994,37.3653],[-84.24928,37.36528]]}},{"type":"Feature","properties":{"fault_name":" ","feature_type":"FAULT","fault_throw":"DTN","line_style":"FAULT","quadrangle_name":"Maretburg","gq_number":"338"},"geometry":{"type":"LineString","coordinates":[[-84.41503,37.3713],[-84.41117,37.3693]]}},{"type":"Feature","properties":{"fault_name":" ","feature_type":"FAULT","fault_throw":"DTW","line_style":"FAULT","quadrangle_name":"Halls Gap","gq_number":"1009"},"geometry":{"type":"LineString","coordinates":[[-84.63346,37.50009],[-84.63277,37.49934]]}},{"type":"Feature","properties":{"fault_name":" ","feature_type":"FAULT","fault_throw":"DTNE","line_style":"FAULT","quadrangle_name":"Crab Orchard","gq_number":"571"},"geometry":{"type":"LineString","coordinates":[[-84.61376,37.50009],[-84.61074,37.49811],[-84.60853,37.49648],[-84.60326,37.49308],[-84.60019,37.49121],[-84.59602,37.48889]]}},{"type":"Feature","properties":{"fault_name":" ","feature_type":"FAULT","fault_throw":"DTSE","line_style":"FAULT","quadrangle_name":"Crab Orchard","gq_number":"571"},"geometry":{"type":"LineString","coordinates":[[-84.56562,37.5001],[-84.56788,37.49882],[-84.57007,37.4978],[-84.57118,37.4971]]}},{"type":"Feature","properties":{"fault_name":" ","feature_type":"FAULT","fault_throw":"DTSE","line_style":"FAULT","quadrangle_name":"Crab Orchard","gq_number":"571"},"geometry":{"type":"LineString","coordinates":[[-84.58472,37.49852],[-84.58082,37.5001]]}},{"type":"Feature","properties":{"fault_name":" ","feature_type":"FAULT","fault_throw":"DTNE","line_style":"FAULT","quadrangle_name":"Crab Orchard","gq_number":"571"},"geometry":{"type":"LineString","coordinates":[[-84.61949,37.49357],[-84.62495,37.49832]]}},{"type":"Feature","properties":{"fault_name":" ","feature_type":"FAULT","fault_throw":"DTNE","line_style":"FAULT","quadrangle_name":"Halls Gap","gq_number":"1009"},"geometry":{"type":"LineString","coordinates":[[-84.62495,37.49832],[-84.62675,37.50009]]}},{"type":"Feature","properties":{"fault_name":" ","feature_type":"FAULT","fault_throw":"DTS","line_style":"FAULT","quadrangle_name":"Halls Gap","gq_number":"1009"},"geometry":{"type":"LineString","coordinates":[[-84.64916,37.49531],[-84.64693,37.49324],[-84.64572,37.49225],[-84.64435,37.49134],[-84.64226,37.49024],[-84.63933,37.489],[-84.63473,37.48758],[-84.62939,37.48662],[-84.62495,37.48557]]}},{"type":"Feature","properties":{"fault_name":" ","feature_type":"FAULT","fault_throw":"DTS","line_style":"FAULT","quadrangle_name":"Crab Orchard","gq_number":"571"},"geometry":{"type":"LineString","coordinates":[[-84.62495,37.48557],[-84.62325,37.48508],[-84.62207,37.48489],[-84.61888,37.48506],[-84.61218,37.48484],[-84.61083,37.48494],[-84.60967,37.48516],[-84.60765,37.48617],[-84.60564,37.48632],[-84.60453,37.48652],[-84.60281,37.48784],[-84.60116,37.48855],[-84.59602,37.48889]]}},{"type":"Feature","properties":{"fault_name":" ","feature_type":"FAULT","fault_throw":"DTSE","line_style":"FAULT","quadrangle_name":"Crab Orchard","gq_number":"571"},"geometry":{"type":"LineString","coordinates":[[-84.62244,37.46626],[-84.62495,37.46472]]}},{"type":"Feature","properties":{"fault_name":" ","feature_type":"FAULT","fault_throw":"DTSE","line_style":"FAULT","quadrangle_name":"Halls Gap","gq_number":"1009"},"geometry":{"type":"LineString","coordinates":[[-84.62495,37.46472],[-84.62637,37.4637]]}},{"type":"Feature","properties":{"fault_name":" ","feature_type":"FAULT","fault_throw":"DTNE","line_style":"FAULT","quadrangle_name":"Brodhead","gq_number":"662"},"geometry":{"type":"LineString","coordinates":[[-84.46749,37.42921],[-84.4754,37.43101],[-84.49994,37.43948]]}},{"type":"Feature","properties":{"fault_name":" ","feature_type":"FAULT","fault_throw":"DTNE","line_style":"FAULT","quadrangle_name":"Brodhead","gq_number":"662"},"geometry":{"type":"LineString","coordinates":[[-84.43983,37.41254],[-84.44823,37.41642],[-84.44988,37.41741],[-84.45112,37.41836],[-84.45202,37.41923],[-84.45401,37.42207],[-84.4556,37.4238],[-84.45621,37.42428],[-84.4586,37.42552],[-84.46151,37.42756],[-84.46408,37.42849],[-84.46749,37.42921]]}},{"type":"Feature","properties":{"fault_name":" ","feature_type":"FAULT","fault_throw":"DTN","line_style":"FAULT","quadrangle_name":"Maretburg","gq_number":"338"},"geometry":{"type":"LineString","coordinates":[[-84.41503,37.3713],[-84.42171,37.3751]]}},{"type":"Feature","properties":{"fault_name":" ","feature_type":"FAULT","fault_throw":"DTN","line_style":"FAULT","quadrangle_name":"Brodhead","gq_number":"662"},"geometry":{"type":"LineString","coordinates":[[-84.42171,37.3751],[-84.42533,37.37764]]}},{"type":"Feature","properties":{"fault_name":" ","feature_type":"FAULT","fault_throw":"DTNW","line_style":"FAULT","quadrangle_name":"Johnetta","gq_number":"685"},"geometry":{"type":"LineString","coordinates":[[-84.20327,37.37644],[-84.20484,37.37511]]}},{"type":"Feature","properties":{"fault_name":" ","feature_type":"FAULT","fault_throw":"DTNW","line_style":"FAULT","quadrangle_name":"Livingston","gq_number":"1179"},"geometry":{"type":"LineString","coordinates":[[-84.20484,37.37511],[-84.2061,37.37414],[-84.20754,37.37347]]}},{"type":"Feature","properties":{"fault_name":" ","feature_type":"FAULT","fault_throw":"DTNE","line_style":"CONCEALED_FAULT","quadrangle_name":"Clay City","gq_number":"663"},"geometry":{"type":"LineString","coordinates":[[-83.99993,37.7504],[-83.99911,37.75009]]}}]}