{"type":"FeatureCollection","features":[{"type":"Feature","properties":{"quadrangle_name":"Alcorn"},"geometry":{"type":"MultiPolygon","coordinates":[[[[-84.1225,37.5597],[-84.1223,37.5577],[-84.1232,37.5555],[-84.1234,37.5539],[-84.1248,37.555],[-84.1249,37.5653],[-84.1249,37.5752],[-84.1234,37.576],[-84.1232,37.5773],[-84.1246,37.5801],[-84.1249,37.5844],[-84.1229,37.5839],[-84.1219,37.5833],[-84.1212,37.5817],[-84.1208,37.5819],[-84.1207,37.5826],[-84.1198,37.5828],[-84.1198,37.5811],[-84.119,37.5826],[-84.1183,37.5831],[-84.1156,37.5835],[-84.1147,37.5833],[-84.1163,37.5819],[-84.1175,37.5801],[-84.12,37.5802],[-84.1179,37.5794],[-84.1187,37.5782],[-84.1196,37.5781],[-84.119,37.5775],[-84.1199,37.5768],[-84.12,37.5761],[-84.1223,37.5735],[-84.1245,37.5698],[-84.1219,37.5726],[-84.1184,37.5758],[-84.1174,37.5764],[-84.1173,37.5768],[-84.117,37.5768],[-84.1167,37.5761],[-84.1164,37.5761],[-84.1165,37.5766],[-84.1158,37.5765],[-84.1166,37.5773],[-84.1161,37.5781],[-84.1155,37.5783],[-84.1155,37.5788],[-84.1145,37.5794],[-84.1149,37.5798],[-84.1147,37.5801],[-84.1133,37.5805],[-84.113,37.581],[-84.112,37.5813],[-84.1119,37.5817],[-84.1111,37.5821],[-84.1106,37.5819],[-84.11,37.5791],[-84.1085,37.5777],[-84.1096,37.5795],[-84.1098,37.5812],[-84.1096,37.5824],[-84.1092,37.583],[-84.108,37.5831],[-84.1068,37.5841],[-84.1044,37.5838],[-84.1017,37.5846],[-84.1006,37.5844],[-84.0977,37.5835],[-84.0968,37.5825],[-84.0963,37.5811],[-84.0952,37.5804],[-84.0955,37.5801],[-84.0952,37.58],[-84.0968,37.5788],[-84.0973,37.5786],[-84.0992,37.5779],[-84.0998,37.5774],[-84.1008,37.5774],[-84.0998,37.5763],[-84.0997,37.5751],[-84.1001,37.5738],[-84.0998,37.5724],[-84.1017,37.5711],[-84.1021,37.5713],[-84.1017,37.5705],[-84.1028,37.5697],[-84.1006,37.5708],[-84.0984,37.5713],[-84.0961,37.5705],[-84.0947,37.5697],[-84.0979,37.573],[-84.0985,37.5742],[-84.0983,37.5758],[-84.0966,37.5773],[-84.0938,37.5783],[-84.0935,37.5791],[-84.0918,37.5801],[-84.0902,37.5802],[-84.0899,37.5798],[-84.0882,37.5801],[-84.0856,37.5792],[-84.0849,37.58],[-84.0828,37.5807],[-84.0824,37.5815],[-84.0794,37.5842],[-84.0782,37.5862],[-84.0777,37.5865],[-84.0753,37.5863],[-84.0745,37.5867],[-84.0728,37.5864],[-84.0718,37.586],[-84.0718,37.5857],[-84.071,37.5857],[-84.0703,37.5847],[-84.0703,37.5836],[-84.0713,37.5824],[-84.0696,37.5834],[-84.0681,37.5838],[-84.0652,37.584],[-84.0641,37.5837],[-84.0629,37.5827],[-84.0628,37.582],[-84.0622,37.5817],[-84.063,37.5789],[-84.0627,37.5778],[-84.0608,37.5819],[-84.0629,37.5853],[-84.0629,37.5856],[-84.062,37.5856],[-84.0615,37.586],[-84.0607,37.5857],[-84.0603,37.5846],[-84.0596,37.5849],[-84.059,37.584],[-84.0586,37.5841],[-84.0586,37.5849],[-84.0576,37.5844],[-84.0577,37.5853],[-84.057,37.5855],[-84.0567,37.5855],[-84.0565,37.5853],[-84.0564,37.5842],[-84.0561,37.5841],[-84.0558,37.5844],[-84.0546,37.583],[-84.054,37.5831],[-84.0528,37.5822],[-84.052,37.5805],[-84.052,37.5826],[-84.05,37.5834],[-84.0524,37.5832],[-84.0527,37.5845],[-84.0521,37.5848],[-84.053,37.5849],[-84.0529,37.5854],[-84.0536,37.5861],[-84.053,37.5861],[-84.053,37.5863],[-84.0539,37.5869],[-84.0539,37.5875],[-84.0525,37.5883],[-84.052,37.589],[-84.0506,37.5901],[-84.0492,37.5901],[-84.0485,37.5906],[-84.046,37.5906],[-84.0438,37.5913],[-84.0423,37.5908],[-84.0432,37.5919],[-84.0427,37.5928],[-84.0421,37.593],[-84.0428,37.594],[-84.0427,37.5954],[-84.0418,37.5967],[-84.0397,37.5983],[-84.0365,37.5989],[-84.0337,37.5982],[-84.0331,37.5987],[-84.0329,37.5982],[-84.0322,37.5985],[-84.0322,37.5979],[-84.0316,37.598],[-84.0316,37.5975],[-84.0311,37.5974],[-84.0303,37.5949],[-84.0298,37.5945],[-84.0296,37.5962],[-84.0301,37.5969],[-84.0298,37.5972],[-84.0301,37.5977],[-84.0298,37.599],[-84.0294,37.5989],[-84.0294,37.5995],[-84.0288,37.5992],[-84.0289,37.5996],[-84.0283,37.5999],[-84.0283,37.6002],[-84.0276,37.6002],[-84.0275,37.6007],[-84.0267,37.6009],[-84.0268,37.6013],[-84.0263,37.6013],[-84.0258,37.6019],[-84.0258,37.6025],[-84.0251,37.6023],[-84.0249,37.6029],[-84.0243,37.603],[-84.0241,37.6037],[-84.0248,37.6045],[-84.0243,37.605],[-84.0244,37.6055],[-84.0234,37.6057],[-84.0241,37.607],[-84.0239,37.6084],[-84.0233,37.6094],[-84.022,37.6103],[-84.0202,37.6109],[-84.0195,37.6114],[-84.0181,37.6118],[-84.0137,37.6113],[-84.0101,37.6101],[-84.0093,37.6088],[-84.0084,37.6105],[-84.0069,37.6106],[-84.0064,37.6109],[-84.0065,37.6121],[-84.005,37.6148],[-84.0032,37.6161],[-84.0017,37.6165],[-83.9999,37.6164],[-83.9999,37.6133],[-84.0016,37.6138],[-84.0021,37.6137],[-84.0026,37.6124],[-84.0023,37.6097],[-84.0036,37.6089],[-84.0047,37.6076],[-84.0066,37.6074],[-84.0069,37.6052],[-84.0087,37.6045],[-84.0099,37.6027],[-84.0116,37.6038],[-84.0125,37.605],[-84.0131,37.6069],[-84.0128,37.6083],[-84.0141,37.6083],[-84.0153,37.6079],[-84.0169,37.6086],[-84.018,37.6087],[-84.0196,37.6079],[-84.0195,37.6071],[-84.0169,37.6056],[-84.0161,37.6046],[-84.016,37.6036],[-84.0176,37.6037],[-84.0184,37.6034],[-84.0186,37.603],[-84.0163,37.6013],[-84.0153,37.5998],[-84.0189,37.5997],[-84.0201,37.5992],[-84.0181,37.5972],[-84.0185,37.5962],[-84.023,37.5966],[-84.0235,37.5961],[-84.0239,37.5951],[-84.0254,37.595],[-84.0257,37.5947],[-84.0253,37.5941],[-84.0238,37.593],[-84.0207,37.5919],[-84.0199,37.5901],[-84.0202,37.5893],[-84.0217,37.5903],[-84.0256,37.5901],[-84.0282,37.5873],[-84.0292,37.5885],[-84.03,37.5907],[-84.0317,37.5911],[-84.0329,37.5923],[-84.0345,37.5926],[-84.0352,37.5938],[-84.0353,37.5952],[-84.0363,37.5956],[-84.0374,37.5956],[-84.0385,37.5954],[-84.0391,37.5947],[-84.0389,37.5917],[-84.0364,37.5902],[-84.0361,37.5893],[-84.0333,37.587],[-84.0347,37.5864],[-84.0353,37.5855],[-84.0334,37.5836],[-84.0366,37.5836],[-84.0381,37.5839],[-84.0398,37.586],[-84.0413,37.5866],[-84.0429,37.588],[-84.0441,37.5882],[-84.046,37.588],[-84.0469,37.5883],[-84.048,37.5881],[-84.0487,37.5865],[-84.0485,37.586],[-84.0452,37.5846],[-84.0429,37.5842],[-84.0423,37.583],[-84.0405,37.5821],[-84.0399,37.5804],[-84.0388,37.5795],[-84.0374,37.5791],[-84.0379,37.578],[-84.0375,37.5771],[-84.0367,37.5766],[-84.0344,37.5759],[-84.0372,37.5756],[-84.0385,37.5757],[-84.0413,37.5778],[-84.0422,37.5782],[-84.0433,37.5782],[-84.0438,37.5791],[-84.0451,37.5802],[-84.0485,37.5806],[-84.0482,37.5797],[-84.0472,37.5792],[-84.0472,37.5782],[-84.0467,37.577],[-84.045,37.5763],[-84.0437,37.5742],[-84.0409,37.5733],[-84.04,37.5727],[-84.0415,37.5716],[-84.0411,37.5686],[-84.0433,37.5699],[-84.0446,37.5714],[-84.045,37.5713],[-84.0465,37.5692],[-84.0474,37.5716],[-84.0475,37.5729],[-84.0478,37.5731],[-84.0486,37.5729],[-84.0493,37.5723],[-84.0497,37.5695],[-84.0518,37.5688],[-84.0517,37.5703],[-84.0525,37.5719],[-84.0526,37.5732],[-84.0514,37.5754],[-84.0521,37.5757],[-84.0538,37.5741],[-84.0551,37.5742],[-84.0559,37.5764],[-84.0556,37.5804],[-84.0558,37.5808],[-84.0593,37.5782],[-84.0594,37.5778],[-84.0581,37.5766],[-84.058,37.5761],[-84.0596,37.5745],[-84.0588,37.572],[-84.0605,37.5713],[-84.0604,37.5701],[-84.058,37.5663],[-84.0616,37.5673],[-84.0625,37.5671],[-84.0634,37.5663],[-84.0634,37.5646],[-84.0627,37.5628],[-84.0631,37.5624],[-84.0646,37.5628],[-84.066,37.5647],[-84.0675,37.5647],[-84.0675,37.5649],[-84.0676,37.5661],[-84.0682,37.5671],[-84.0677,37.5677],[-84.0662,37.5685],[-84.0652,37.5698],[-84.0682,37.5705],[-84.0677,37.5719],[-84.0665,37.5731],[-84.0684,37.5733],[-84.0696,37.5742],[-84.0694,37.575],[-84.0686,37.576],[-84.0701,37.5771],[-84.0678,37.5806],[-84.0692,37.5802],[-84.0711,37.5789],[-84.0731,37.579],[-84.074,37.5787],[-84.0743,37.5778],[-84.0734,37.5764],[-84.0729,37.5738],[-84.073,37.5735],[-84.074,37.5732],[-84.0747,37.5732],[-84.0759,37.5748],[-84.0783,37.5765],[-84.0788,37.579],[-84.0812,37.5763],[-84.0812,37.5757],[-84.0799,37.5729],[-84.0812,37.5718],[-84.0849,37.5729],[-84.0869,37.5727],[-84.0875,37.573],[-84.0881,37.5739],[-84.0881,37.575],[-84.0885,37.5752],[-84.0913,37.5757],[-84.0925,37.5747],[-84.0942,37.5753],[-84.0952,37.5748],[-84.0946,37.5737],[-84.0939,37.5734],[-84.0938,37.5726],[-84.0923,37.5713],[-84.0907,37.5716],[-84.0875,37.5705],[-84.0897,37.5687],[-84.0894,37.5681],[-84.0882,37.5675],[-84.0818,37.5668],[-84.0791,37.5675],[-84.0779,37.5682],[-84.0772,37.5678],[-84.075,37.5676],[-84.0775,37.5671],[-84.0791,37.5656],[-84.0795,37.565],[-84.0806,37.5651],[-84.0845,37.5643],[-84.0836,37.5616],[-84.0845,37.5612],[-84.0875,37.563],[-84.0895,37.5638],[-84.0898,37.5612],[-84.0889,37.5591],[-84.0888,37.5578],[-84.0918,37.5596],[-84.0929,37.5616],[-84.0932,37.5634],[-84.0958,37.5596],[-84.0969,37.5585],[-84.0972,37.5647],[-84.0965,37.5661],[-84.0956,37.5672],[-84.0973,37.5682],[-84.0987,37.5672],[-84.1004,37.5677],[-84.101,37.5675],[-84.102,37.5659],[-84.1024,37.5653],[-84.1021,37.5639],[-84.1025,37.5628],[-84.1023,37.5609],[-84.1029,37.5603],[-84.1037,37.5566],[-84.1033,37.5554],[-84.1043,37.5544],[-84.105,37.5528],[-84.1055,37.5543],[-84.1049,37.555],[-84.1048,37.5559],[-84.1063,37.5596],[-84.1068,37.5644],[-84.1091,37.5636],[-84.1109,37.5619],[-84.111,37.5578],[-84.1107,37.5572],[-84.1115,37.5558],[-84.1134,37.5561],[-84.1131,37.5575],[-84.1136,37.5584],[-84.1143,37.5586],[-84.116,37.5585],[-84.1156,37.5597],[-84.1143,37.5619],[-84.1155,37.5625],[-84.115,37.5644],[-84.1132,37.5646],[-84.112,37.5657],[-84.1093,37.5682],[-84.1084,37.5685],[-84.109,37.5695],[-84.1103,37.5707],[-84.1092,37.5722],[-84.111,37.5731],[-84.1123,37.5729],[-84.113,37.5719],[-84.1129,37.5703],[-84.1134,37.5692],[-84.1165,37.5692],[-84.1164,37.5728],[-84.1171,37.5735],[-84.1205,37.5704],[-84.122,37.5684],[-84.1221,37.5676],[-84.121,37.567],[-84.1205,37.5654],[-84.1206,37.5642],[-84.1226,37.564],[-84.1231,37.5635],[-84.1232,37.5613],[-84.1225,37.5597]],[[-84.1001,37.5805],[-84.0994,37.5808],[-84.0996,37.5814],[-84.1015,37.5819],[-84.1045,37.5815],[-84.1058,37.58],[-84.1029,37.5803],[-84.1015,37.5808],[-84.1001,37.5805]],[[-84.1052,37.5752],[-84.1067,37.5741],[-84.1073,37.573],[-84.1084,37.572],[-84.1057,37.5715],[-84.1052,37.5721],[-84.1055,37.5729],[-84.1053,37.5743],[-84.103,37.5743],[-84.1029,37.5752],[-84.104,37.5754],[-84.1052,37.5752]],[[-84.1191,37.5816],[-84.1195,37.5805],[-84.1176,37.5804],[-84.1166,37.5818],[-84.115,37.583],[-84.1152,37.5833],[-84.1177,37.5829],[-84.1179,37.5819],[-84.1186,37.5823],[-84.1185,37.5816],[-84.1191,37.5816]],[[-84.024,37.599],[-84.0247,37.6005],[-84.0251,37.6003],[-84.0246,37.5992],[-84.024,37.599]],[[-84.0597,37.5847],[-84.0601,37.5844],[-84.0604,37.5845],[-84.061,37.5858],[-84.0615,37.5859],[-84.0619,37.5855],[-84.0628,37.5853],[-84.0614,37.5835],[-84.0604,37.583],[-84.0591,37.583],[-84.0565,37.5841],[-84.0566,37.5853],[-84.0574,37.5853],[-84.0575,37.5843],[-84.0585,37.5848],[-84.0585,37.5841],[-84.0589,37.5839],[-84.0594,37.5841],[-84.0597,37.5847]],[[-84.0743,37.5838],[-84.0748,37.5837],[-84.0749,37.5835],[-84.0743,37.5838]],[[-84.0921,37.5798],[-84.0922,37.5788],[-84.0881,37.5786],[-84.0879,37.5791],[-84.0885,37.5797],[-84.09,37.5794],[-84.0904,37.5801],[-84.0921,37.5798]]],[[[-84.1051,37.5925],[-84.1048,37.592],[-84.105,37.5923],[-84.1051,37.5925]]],[[[-84.1224,37.6004],[-84.1224,37.5992],[-84.1207,37.5996],[-84.1208,37.5984],[-84.1195,37.5982],[-84.1189,37.5969],[-84.1179,37.5958],[-84.1181,37.5945],[-84.1176,37.5941],[-84.1184,37.5937],[-84.1188,37.593],[-84.1213,37.5926],[-84.1213,37.5921],[-84.123,37.591],[-84.1247,37.5902],[-84.1217,37.5925],[-84.1231,37.5928],[-84.1249,37.5921],[-84.1245,37.5947],[-84.1236,37.5954],[-84.1222,37.5954],[-84.1249,37.5973],[-84.1249,37.6008],[-84.1243,37.6006],[-84.124,37.6001],[-84.1233,37.5999],[-84.1224,37.6004]]],[[[-84.1168,37.5978],[-84.1177,37.5978],[-84.119,37.5984],[-84.118,37.5985],[-84.1172,37.5992],[-84.117,37.5985],[-84.1163,37.5984],[-84.1167,37.598],[-84.1165,37.5976],[-84.1149,37.5973],[-84.1147,37.5965],[-84.1137,37.5955],[-84.1136,37.594],[-84.113,37.5934],[-84.1133,37.593],[-84.1128,37.5918],[-84.113,37.5915],[-84.1167,37.5924],[-84.1146,37.5935],[-84.115,37.5942],[-84.116,37.5938],[-84.116,37.5946],[-84.1153,37.5953],[-84.1159,37.5954],[-84.1156,37.5958],[-84.1157,37.5964],[-84.1165,37.597],[-84.1168,37.5978]]],[[[-84.1065,37.593],[-84.1061,37.5935],[-84.1064,37.5938],[-84.1092,37.5933],[-84.1078,37.5937],[-84.1074,37.5947],[-84.1079,37.5949],[-84.108,37.5954],[-84.1087,37.5947],[-84.1092,37.5953],[-84.11,37.5953],[-84.11,37.5956],[-84.109,37.5961],[-84.1096,37.5962],[-84.109,37.5969],[-84.11,37.5969],[-84.1102,37.5973],[-84.1097,37.5983],[-84.1085,37.5986],[-84.1085,37.599],[-84.1074,37.5995],[-84.1078,37.6008],[-84.107,37.6016],[-84.1071,37.6018],[-84.1079,37.6018],[-84.1081,37.6021],[-84.1068,37.6042],[-84.1068,37.6048],[-84.1057,37.6058],[-84.1053,37.6059],[-84.105,37.6065],[-84.1036,37.607],[-84.1032,37.6075],[-84.0999,37.607],[-84.0961,37.605],[-84.0953,37.604],[-84.0945,37.6039],[-84.0953,37.6032],[-84.0933,37.603],[-84.0928,37.6033],[-84.0914,37.602],[-84.0905,37.6019],[-84.0901,37.6014],[-84.0906,37.6011],[-84.0895,37.6009],[-84.089,37.6005],[-84.0889,37.5999],[-84.0874,37.5987],[-84.0871,37.5978],[-84.0877,37.5976],[-84.0865,37.5976],[-84.0838,37.5948],[-84.083,37.5945],[-84.0821,37.5934],[-84.0824,37.5928],[-84.0816,37.5924],[-84.0824,37.5924],[-84.0824,37.5918],[-84.0829,37.5912],[-84.0826,37.5909],[-84.0842,37.5898],[-84.0849,37.5897],[-84.0845,37.5891],[-84.0846,37.5878],[-84.0849,37.5866],[-84.0855,37.5856],[-84.0882,37.5844],[-84.0893,37.5845],[-84.0899,37.5848],[-84.0916,37.5841],[-84.0929,37.5841],[-84.0932,37.5842],[-84.0931,37.5846],[-84.0947,37.5849],[-84.0957,37.5863],[-84.0972,37.5875],[-84.1022,37.5878],[-84.1036,37.5905],[-84.1036,37.5918],[-84.1044,37.5917],[-84.1051,37.5925],[-84.1047,37.5942],[-84.1043,37.5948],[-84.1048,37.5945],[-84.1055,37.5931],[-84.1063,37.5932],[-84.1066,37.5923],[-84.1072,37.5919],[-84.1077,37.5923],[-84.1065,37.593]],[[-84.0934,37.5927],[-84.0966,37.5933],[-84.0979,37.5939],[-84.0976,37.5947],[-84.0958,37.5961],[-84.0973,37.5971],[-84.0975,37.5983],[-84.0969,37.599],[-84.0951,37.5991],[-84.0954,37.6002],[-84.0995,37.6001],[-84.1002,37.6009],[-84.1003,37.6017],[-84.0994,37.604],[-84.1024,37.6046],[-84.1031,37.6035],[-84.1044,37.603],[-84.1044,37.6024],[-84.1035,37.6021],[-84.1033,37.6014],[-84.1043,37.5984],[-84.1049,37.5977],[-84.1034,37.5981],[-84.1019,37.5982],[-84.0995,37.5994],[-84.099,37.5993],[-84.099,37.5976],[-84.0997,37.5965],[-84.0997,37.5953],[-84.1001,37.5949],[-84.1013,37.5947],[-84.1017,37.5941],[-84.1015,37.5938],[-84.1004,37.5936],[-84.0998,37.5926],[-84.0998,37.592],[-84.1004,37.5911],[-84.1001,37.5903],[-84.0991,37.59],[-84.0978,37.5908],[-84.0962,37.5907],[-84.0951,37.59],[-84.0937,37.588],[-84.0925,37.5873],[-84.091,37.5876],[-84.0895,37.5871],[-84.088,37.5874],[-84.0878,37.5879],[-84.088,37.5885],[-84.09,37.5887],[-84.0913,37.5886],[-84.0932,37.59],[-84.0936,37.5912],[-84.0929,37.5923],[-84.0934,37.5927]],[[-84.0901,37.5938],[-84.0908,37.5926],[-84.0889,37.5927],[-84.0881,37.5937],[-84.0895,37.5943],[-84.0901,37.5938]]],[[[-84.1112,37.6033],[-84.1107,37.6035],[-84.1099,37.6046],[-84.1103,37.6053],[-84.1113,37.6049],[-84.1117,37.6043],[-84.1123,37.6054],[-84.1111,37.6061],[-84.1109,37.6067],[-84.1128,37.6063],[-84.1131,37.6066],[-84.113,37.6069],[-84.1127,37.6073],[-84.1132,37.6075],[-84.1136,37.6078],[-84.1147,37.6078],[-84.1146,37.6083],[-84.1157,37.6092],[-84.1157,37.6099],[-84.1169,37.6101],[-84.1165,37.6105],[-84.1169,37.6111],[-84.1165,37.6114],[-84.1167,37.6119],[-84.1173,37.6119],[-84.1171,37.6122],[-84.1174,37.6124],[-84.1163,37.6125],[-84.1171,37.6128],[-84.117,37.6131],[-84.1197,37.6151],[-84.118,37.6126],[-84.1189,37.6117],[-84.1188,37.6113],[-84.1197,37.6113],[-84.1199,37.611],[-84.1198,37.6106],[-84.1191,37.6106],[-84.1197,37.6102],[-84.1193,37.61],[-84.1204,37.6094],[-84.1208,37.6083],[-84.1215,37.6081],[-84.1214,37.6077],[-84.1237,37.6074],[-84.1249,37.6076],[-84.1249,37.6112],[-84.1232,37.6099],[-84.1232,37.6115],[-84.1223,37.6128],[-84.1249,37.6137],[-84.1249,37.6183],[-84.1216,37.6164],[-84.1171,37.6173],[-84.1156,37.6177],[-84.1151,37.617],[-84.1135,37.6176],[-84.1137,37.617],[-84.1131,37.6166],[-84.1136,37.6164],[-84.1145,37.6169],[-84.1148,37.6166],[-84.1149,37.616],[-84.1142,37.6156],[-84.1148,37.6153],[-84.1148,37.6139],[-84.114,37.6144],[-84.1134,37.6141],[-84.1136,37.6149],[-84.113,37.6152],[-84.1116,37.6145],[-84.1119,37.6156],[-84.1115,37.6157],[-84.1102,37.6145],[-84.1107,37.6138],[-84.1096,37.614],[-84.1089,37.6134],[-84.1082,37.6136],[-84.1084,37.6129],[-84.1069,37.6127],[-84.1068,37.6122],[-84.1073,37.6117],[-84.1058,37.6116],[-84.1061,37.6108],[-84.1068,37.6109],[-84.1064,37.6101],[-84.1078,37.6102],[-84.1084,37.6095],[-84.1096,37.609],[-84.1091,37.608],[-84.1048,37.609],[-84.1035,37.6088],[-84.1052,37.6086],[-84.1053,37.6083],[-84.1061,37.6081],[-84.1059,37.6078],[-84.1068,37.608],[-84.1069,37.6074],[-84.1076,37.6075],[-84.1079,37.6072],[-84.1076,37.6071],[-84.1062,37.6069],[-84.1075,37.6066],[-84.1066,37.606],[-84.1076,37.606],[-84.1073,37.6053],[-84.1087,37.6056],[-84.1083,37.6044],[-84.109,37.6046],[-84.1099,37.6042],[-84.1098,37.6029],[-84.1103,37.6037],[-84.1108,37.6026],[-84.111,37.6019],[-84.1113,37.6018],[-84.1112,37.6027],[-84.1116,37.6027],[-84.1119,37.6032],[-84.1112,37.6033]],[[-84.1129,37.6103],[-84.1122,37.6096],[-84.1116,37.6106],[-84.1129,37.6103]]],[[[-84.1088,37.6036],[-84.1088,37.6038],[-84.1086,37.6037],[-84.1088,37.6036]]],[[[-84.1125,37.6043],[-84.1127,37.6044],[-84.1121,37.6049],[-84.1117,37.6043],[-84.1125,37.6043]]],[[[-84.1122,37.6052],[-84.1122,37.6051],[-84.1122,37.6051],[-84.1122,37.6052]]],[[[-84.1241,37.6072],[-84.1242,37.6072],[-84.1241,37.6074],[-84.1241,37.6072]]],[[[-84.1232,37.6073],[-84.1233,37.6073],[-84.1232,37.6074],[-84.1232,37.6073]]],[[[-84.105,37.6103],[-84.1053,37.6104],[-84.1049,37.6105],[-84.105,37.6103]]],[[[-84.1243,37.6189],[-84.1236,37.6192],[-84.1242,37.6187],[-84.1243,37.6189]]],[[[-84.1118,37.623],[-84.1129,37.6229],[-84.1133,37.6233],[-84.1108,37.6231],[-84.1098,37.6225],[-84.1118,37.623]]],[[[-84.0712,37.5073],[-84.0705,37.5084],[-84.0711,37.5093],[-84.0702,37.509],[-84.0697,37.5092],[-84.0669,37.5112],[-84.0664,37.5126],[-84.065,37.5121],[-84.0646,37.5104],[-84.063,37.5101],[-84.0622,37.5104],[-84.0623,37.5113],[-84.0608,37.5122],[-84.06,37.5123],[-84.0593,37.512],[-84.059,37.5114],[-84.0596,37.5121],[-84.0609,37.512],[-84.0618,37.5112],[-84.0622,37.5101],[-84.0631,37.5099],[-84.0647,37.5102],[-84.065,37.5119],[-84.0655,37.512],[-84.066,37.5118],[-84.0664,37.5112],[-84.0701,37.5086],[-84.0714,37.5067],[-84.0711,37.505],[-84.073,37.5042],[-84.0725,37.5046],[-84.0714,37.505],[-84.0712,37.5053],[-84.0715,37.5065],[-84.0712,37.5073]]],[[[-84.0685,37.5097],[-84.0655,37.5115],[-84.0652,37.5101],[-84.0636,37.5098],[-84.062,37.5099],[-84.0612,37.5115],[-84.0603,37.512],[-84.0597,37.5119],[-84.0584,37.5107],[-84.0593,37.5111],[-84.0598,37.5118],[-84.0607,37.5117],[-84.0613,37.5112],[-84.0619,37.5097],[-84.0631,37.509],[-84.0635,37.5094],[-84.0654,37.51],[-84.0659,37.5111],[-84.0703,37.5077],[-84.0711,37.5064],[-84.0706,37.5053],[-84.071,37.5049],[-84.0707,37.5055],[-84.0711,37.5059],[-84.0712,37.5064],[-84.0705,37.5077],[-84.0685,37.5097]]],[[[-84.006,37.5506],[-84.0051,37.5491],[-84.0048,37.5488],[-84.0054,37.5508],[-84.0048,37.5517],[-84.0036,37.5523],[-83.9999,37.5524],[-83.9999,37.5507],[-84.0008,37.5511],[-84.0027,37.551],[-84.0034,37.5509],[-84.0037,37.5504],[-84.0032,37.5492],[-84.0001,37.5468],[-84.0003,37.5443],[-84.0015,37.5436],[-84.0025,37.5423],[-84.0023,37.5416],[-84.0009,37.541],[-84.0023,37.5401],[-84.0018,37.5372],[-84.0026,37.5378],[-84.0043,37.5403],[-84.0048,37.5406],[-84.0062,37.5399],[-84.0075,37.5379],[-84.0077,37.537],[-84.0099,37.5377],[-84.0113,37.5377],[-84.0115,37.5367],[-84.0101,37.5336],[-84.0084,37.532],[-84.0081,37.5311],[-84.007,37.53],[-84.0089,37.5301],[-84.0097,37.5297],[-84.0092,37.5278],[-84.0115,37.5291],[-84.0137,37.5288],[-84.0159,37.5273],[-84.0164,37.5265],[-84.0163,37.5257],[-84.0176,37.5259],[-84.0191,37.5249],[-84.0198,37.5227],[-84.0203,37.5222],[-84.0208,37.522],[-84.0219,37.5221],[-84.0216,37.5196],[-84.0199,37.5189],[-84.0222,37.5183],[-84.0221,37.5168],[-84.0205,37.5149],[-84.0211,37.5139],[-84.0207,37.5149],[-84.0211,37.5151],[-84.0209,37.5146],[-84.0215,37.5139],[-84.0212,37.5148],[-84.0235,37.5169],[-84.0238,37.5183],[-84.0234,37.5202],[-84.0237,37.5207],[-84.0245,37.521],[-84.0239,37.5217],[-84.0276,37.5229],[-84.0255,37.5231],[-84.0253,37.5236],[-84.0243,37.5233],[-84.0234,37.524],[-84.0216,37.5241],[-84.0214,37.5259],[-84.0183,37.5277],[-84.0195,37.5294],[-84.0171,37.5287],[-84.0142,37.5306],[-84.0117,37.5313],[-84.0146,37.537],[-84.0148,37.5392],[-84.0167,37.5383],[-84.0187,37.538],[-84.0208,37.5363],[-84.0239,37.5363],[-84.0248,37.5377],[-84.0258,37.5382],[-84.0286,37.5382],[-84.0299,37.5368],[-84.0303,37.5386],[-84.0334,37.5383],[-84.0364,37.5356],[-84.0369,37.5346],[-84.0368,37.5337],[-84.0382,37.5333],[-84.0387,37.5326],[-84.0391,37.5329],[-84.0377,37.5341],[-84.0375,37.5355],[-84.0352,37.539],[-84.0385,37.5392],[-84.0421,37.5405],[-84.0428,37.5403],[-84.0438,37.5394],[-84.0442,37.5401],[-84.0457,37.5398],[-84.0468,37.5385],[-84.0469,37.5399],[-84.0474,37.5407],[-84.0491,37.5418],[-84.0507,37.5418],[-84.0524,37.5411],[-84.0531,37.5387],[-84.054,37.5404],[-84.0579,37.5393],[-84.0586,37.5364],[-84.0601,37.5366],[-84.0609,37.5361],[-84.0614,37.5354],[-84.0618,37.5338],[-84.0607,37.5324],[-84.0626,37.533],[-84.0636,37.5329],[-84.0652,37.5316],[-84.0651,37.5307],[-84.0662,37.5315],[-84.0673,37.5313],[-84.069,37.5291],[-84.07,37.5295],[-84.0715,37.5291],[-84.0717,37.5304],[-84.073,37.531],[-84.0752,37.5309],[-84.0766,37.5313],[-84.0791,37.5303],[-84.0816,37.53],[-84.0819,37.5306],[-84.0826,37.5311],[-84.085,37.5313],[-84.0867,37.5309],[-84.0889,37.5289],[-84.0901,37.5289],[-84.0906,37.5281],[-84.0912,37.5277],[-84.0915,37.5277],[-84.0925,37.5282],[-84.0953,37.5285],[-84.0918,37.5284],[-84.0902,37.5293],[-84.0889,37.5296],[-84.0877,37.531],[-84.0882,37.5322],[-84.0859,37.5319],[-84.0839,37.5321],[-84.0835,37.5325],[-84.0817,37.5314],[-84.0806,37.5312],[-84.078,37.5316],[-84.0773,37.532],[-84.077,37.5326],[-84.0754,37.5318],[-84.0722,37.5318],[-84.0701,37.5308],[-84.0695,37.5311],[-84.0693,37.5317],[-84.0685,37.5316],[-84.0665,37.5325],[-84.0657,37.5333],[-84.0636,37.5343],[-84.0632,37.5358],[-84.0622,37.5376],[-84.0602,37.5383],[-84.0603,37.5398],[-84.0565,37.5419],[-84.0578,37.5432],[-84.06,37.5442],[-84.0657,37.5447],[-84.0647,37.5452],[-84.0632,37.545],[-84.0601,37.5451],[-84.0568,37.5443],[-84.0545,37.5431],[-84.054,37.5433],[-84.0543,37.5444],[-84.0567,37.5477],[-84.06,37.5505],[-84.0609,37.5508],[-84.0597,37.5512],[-84.0594,37.5504],[-84.0581,37.5495],[-84.0565,37.5489],[-84.0539,37.5505],[-84.0548,37.5489],[-84.0548,37.548],[-84.0539,37.5466],[-84.0528,37.5467],[-84.053,37.5457],[-84.0522,37.5441],[-84.0512,37.5436],[-84.0479,37.5432],[-84.0458,37.5417],[-84.0446,37.5423],[-84.0443,37.5438],[-84.0434,37.5428],[-84.0383,37.5411],[-84.0361,37.5416],[-84.0352,37.542],[-84.0338,37.5419],[-84.032,37.541],[-84.0317,37.5432],[-84.0325,37.545],[-84.0325,37.5467],[-84.0335,37.5484],[-84.0344,37.5488],[-84.0332,37.5489],[-84.0331,37.5483],[-84.0316,37.5472],[-84.0317,37.5455],[-84.0301,37.5436],[-84.0297,37.5411],[-84.0275,37.5401],[-84.0267,37.5402],[-84.0256,37.541],[-84.0253,37.5403],[-84.0227,37.5383],[-84.022,37.5382],[-84.0214,37.5383],[-84.0203,37.5395],[-84.0172,37.5404],[-84.0172,37.5436],[-84.0153,37.5416],[-84.0136,37.5414],[-84.0128,37.5419],[-84.0122,37.5413],[-84.0092,37.5404],[-84.0075,37.5422],[-84.0056,37.543],[-84.0053,37.5439],[-84.0045,37.5443],[-84.0036,37.5453],[-84.0035,37.5461],[-84.007,37.5487],[-84.0073,37.5498],[-84.0081,37.5507],[-84.0078,37.5517],[-84.0099,37.5533],[-84.011,37.5533],[-84.0104,37.5542],[-84.0105,37.5551],[-84.01,37.555],[-84.0093,37.5539],[-84.0076,37.5534],[-84.0064,37.5534],[-84.0057,37.5538],[-84.0015,37.5537],[-84.0007,37.5553],[-84.0007,37.5563],[-83.9999,37.5566],[-83.9999,37.5534],[-84.0014,37.5526],[-84.0049,37.5526],[-84.0061,37.5522],[-84.0063,37.5519],[-84.006,37.5506]],[[-84.0019,37.546],[-84.0024,37.5447],[-84.0016,37.546],[-84.0022,37.5468],[-84.0019,37.546]],[[-84.004,37.5417],[-84.0041,37.5428],[-84.0049,37.542],[-84.0054,37.5415],[-84.004,37.5417]],[[-84.0232,37.5372],[-84.0222,37.5368],[-84.0208,37.5372],[-84.0191,37.5387],[-84.0166,37.5392],[-84.0158,37.54],[-84.0151,37.5402],[-84.0141,37.54],[-84.0132,37.5394],[-84.0132,37.5365],[-84.0125,37.5358],[-84.0129,37.5371],[-84.0123,37.5384],[-84.0109,37.5389],[-84.0087,37.5388],[-84.0072,37.5402],[-84.0069,37.541],[-84.008,37.5398],[-84.0091,37.5394],[-84.0158,37.5406],[-84.0165,37.5396],[-84.0199,37.5386],[-84.0208,37.5375],[-84.0219,37.5372],[-84.023,37.5373],[-84.024,37.5385],[-84.0255,37.5394],[-84.027,37.5391],[-84.0279,37.5392],[-84.0299,37.5398],[-84.0308,37.5406],[-84.0311,37.54],[-84.0317,37.5397],[-84.0333,37.5399],[-84.0339,37.5407],[-84.0346,37.541],[-84.0375,37.5401],[-84.0344,37.5404],[-84.0338,37.5398],[-84.0343,37.5385],[-84.0336,37.5391],[-84.0305,37.5398],[-84.0291,37.539],[-84.0253,37.539],[-84.0244,37.5386],[-84.0232,37.5372]],[[-84.0101,37.5316],[-84.0101,37.5312],[-84.0105,37.5307],[-84.0115,37.5302],[-84.0107,37.5303],[-84.0096,37.531],[-84.0099,37.532],[-84.011,37.5328],[-84.0101,37.5316]],[[-84.0226,37.5202],[-84.0231,37.5178],[-84.023,37.5171],[-84.0221,37.5199],[-84.023,37.5227],[-84.0223,37.523],[-84.0211,37.5229],[-84.0204,37.5235],[-84.0204,37.5243],[-84.0209,37.5234],[-84.0245,37.5227],[-84.0234,37.5222],[-84.0226,37.5202]],[[-84.0415,37.541],[-84.0427,37.5419],[-84.0433,37.542],[-84.046,37.541],[-84.0436,37.5407],[-84.0415,37.541]],[[-84.0553,37.5427],[-84.0559,37.5429],[-84.0551,37.5419],[-84.0553,37.5415],[-84.056,37.5409],[-84.0577,37.5404],[-84.0589,37.5399],[-84.0593,37.5384],[-84.0609,37.5375],[-84.0618,37.5363],[-84.0607,37.5371],[-84.0595,37.5374],[-84.0594,37.5379],[-84.0587,37.5385],[-84.0586,37.5399],[-84.0577,37.5403],[-84.0554,37.5408],[-84.051,37.5426],[-84.0519,37.5427],[-84.053,37.5435],[-84.0533,37.5444],[-84.053,37.5434],[-84.0524,37.5428],[-84.0545,37.5419],[-84.0553,37.5427]],[[-84.0875,37.5317],[-84.0876,37.5307],[-84.0869,37.5313],[-84.0852,37.5316],[-84.0828,37.5314],[-84.0809,37.5305],[-84.0782,37.5311],[-84.0766,37.5318],[-84.0752,37.5311],[-84.074,37.5315],[-84.0728,37.5314],[-84.0717,37.5309],[-84.0706,37.53],[-84.0693,37.5298],[-84.0675,37.5316],[-84.0653,37.5321],[-84.0647,37.5332],[-84.063,37.5336],[-84.0624,37.5345],[-84.0634,37.5336],[-84.0648,37.5332],[-84.0657,37.5323],[-84.0674,37.5318],[-84.0696,37.5305],[-84.0728,37.5315],[-84.0757,37.5315],[-84.0769,37.5322],[-84.0777,37.5316],[-84.0795,37.531],[-84.0806,37.5309],[-84.0816,37.5311],[-84.0836,37.532],[-84.0875,37.5317]],[[-84.0915,37.5282],[-84.0933,37.5283],[-84.0924,37.5282],[-84.0913,37.5277],[-84.0901,37.529],[-84.089,37.5291],[-84.0887,37.5295],[-84.0902,37.5291],[-84.0915,37.5282]]],[[[-84.0023,37.5635],[-84.0011,37.5641],[-83.9999,37.5626],[-83.9999,37.56],[-84.0022,37.5614],[-84.0052,37.5618],[-84.0037,37.563],[-84.0035,37.5641],[-84.0023,37.5635]]],[[[-84.0217,37.5652],[-84.0219,37.5634],[-84.0231,37.5654],[-84.0237,37.5656],[-84.0258,37.5654],[-84.0283,37.566],[-84.0305,37.5657],[-84.0286,37.5662],[-84.0258,37.566],[-84.0233,37.5667],[-84.0236,37.5677],[-84.0223,37.5676],[-84.0214,37.5681],[-84.0199,37.5692],[-84.0192,37.5705],[-84.0211,37.5724],[-84.0185,37.5719],[-84.0165,37.5731],[-84.015,37.5728],[-84.0137,37.5731],[-84.0126,37.5742],[-84.0127,37.5756],[-84.0116,37.5763],[-84.0111,37.5771],[-84.0111,37.578],[-84.0118,37.5786],[-84.015,37.5796],[-84.0172,37.5799],[-84.0147,37.5807],[-84.0111,37.5804],[-84.009,37.5798],[-84.0082,37.5799],[-84.0078,37.5803],[-84.009,37.5816],[-84.0112,37.5851],[-84.0129,37.5868],[-84.0111,37.5865],[-84.0105,37.5856],[-84.0093,37.5853],[-84.009,37.5842],[-84.0073,37.5829],[-84.0065,37.5827],[-84.0046,37.5837],[-84.0045,37.5817],[-84.0042,37.5813],[-84.0025,37.5809],[-84.0014,37.5811],[-83.9999,37.5806],[-83.9999,37.5779],[-84.0018,37.5767],[-84.003,37.5781],[-84.0041,37.5779],[-84.0048,37.5774],[-84.0064,37.5774],[-84.0076,37.577],[-84.0083,37.5762],[-84.0086,37.5754],[-84.008,37.5735],[-84.0094,37.5736],[-84.01,37.5732],[-84.0113,37.5716],[-84.0112,37.5701],[-84.0109,37.5688],[-84.0109,37.5687],[-84.0121,37.5699],[-84.0134,37.5709],[-84.0155,37.5711],[-84.0169,37.5704],[-84.017,37.5698],[-84.0179,37.5688],[-84.0181,37.5678],[-84.0196,37.5675],[-84.0211,37.5665],[-84.0209,37.5653],[-84.0215,37.5655],[-84.0217,37.5652]]],[[[-84.0239,37.5686],[-84.0238,37.5686],[-84.023,37.5678],[-84.0236,37.5677],[-84.0239,37.5686]]],[[[-84.0096,37.6178],[-84.0112,37.6163],[-84.0143,37.6155],[-84.0168,37.6169],[-84.0206,37.6181],[-84.0223,37.618],[-84.0252,37.6171],[-84.0255,37.6174],[-84.0253,37.6181],[-84.0259,37.6194],[-84.0263,37.6179],[-84.0269,37.6175],[-84.0277,37.6185],[-84.0275,37.6192],[-84.0279,37.6192],[-84.0288,37.6205],[-84.0306,37.6212],[-84.0316,37.6225],[-84.0326,37.6232],[-84.0314,37.6212],[-84.0299,37.62],[-84.03,37.6192],[-84.0293,37.6191],[-84.0285,37.6179],[-84.0286,37.6175],[-84.0292,37.6175],[-84.0272,37.6158],[-84.0284,37.6159],[-84.0299,37.6166],[-84.0317,37.6168],[-84.0322,37.6175],[-84.0327,37.6169],[-84.0332,37.6175],[-84.0339,37.6172],[-84.0345,37.6177],[-84.0349,37.6174],[-84.0361,37.6172],[-84.0333,37.6161],[-84.0325,37.6163],[-84.0299,37.6158],[-84.0276,37.6141],[-84.0276,37.6124],[-84.029,37.6114],[-84.0301,37.6101],[-84.0305,37.6088],[-84.0318,37.607],[-84.0345,37.606],[-84.038,37.6064],[-84.0386,37.6068],[-84.0385,37.6073],[-84.039,37.6078],[-84.0387,37.6082],[-84.0399,37.6096],[-84.0401,37.609],[-84.0396,37.608],[-84.04,37.6077],[-84.0412,37.6083],[-84.0411,37.609],[-84.0418,37.6085],[-84.0429,37.6091],[-84.0462,37.6088],[-84.0495,37.61],[-84.051,37.6099],[-84.0514,37.6096],[-84.0519,37.61],[-84.0523,37.6111],[-84.052,37.6114],[-84.0528,37.6131],[-84.0527,37.6115],[-84.053,37.6109],[-84.0527,37.6103],[-84.053,37.61],[-84.055,37.6106],[-84.0558,37.6102],[-84.0579,37.6105],[-84.0581,37.6102],[-84.0596,37.6102],[-84.0623,37.6111],[-84.0613,37.6103],[-84.0595,37.6096],[-84.0555,37.6096],[-84.0521,37.6088],[-84.0501,37.6088],[-84.0455,37.6074],[-84.044,37.6073],[-84.0424,37.6065],[-84.0406,37.6051],[-84.0399,37.6039],[-84.0401,37.6027],[-84.0407,37.6024],[-84.0412,37.6012],[-84.0443,37.6],[-84.0466,37.5986],[-84.0489,37.5986],[-84.0492,37.5983],[-84.0518,37.5999],[-84.0518,37.5995],[-84.0509,37.5988],[-84.0507,37.5978],[-84.0514,37.5979],[-84.0521,37.5973],[-84.0519,37.5967],[-84.0526,37.5968],[-84.0526,37.5964],[-84.054,37.5964],[-84.0533,37.5961],[-84.0534,37.5959],[-84.0564,37.595],[-84.0607,37.5951],[-84.0609,37.5954],[-84.0603,37.5956],[-84.061,37.5959],[-84.0613,37.5954],[-84.0631,37.5955],[-84.0651,37.5975],[-84.0652,37.5966],[-84.0642,37.5952],[-84.0683,37.5928],[-84.0714,37.5917],[-84.0723,37.5921],[-84.0723,37.5936],[-84.0727,37.5934],[-84.0729,37.5923],[-84.0746,37.5925],[-84.0762,37.592],[-84.0769,37.5923],[-84.0771,37.5929],[-84.0776,37.5933],[-84.0793,37.5938],[-84.0786,37.5943],[-84.0795,37.5953],[-84.0785,37.5978],[-84.0807,37.595],[-84.0813,37.5948],[-84.0815,37.5952],[-84.0821,37.5951],[-84.0836,37.5972],[-84.0842,37.5964],[-84.0845,37.5976],[-84.0854,37.5981],[-84.0851,37.599],[-84.0877,37.6008],[-84.0868,37.6017],[-84.0883,37.6015],[-84.0878,37.6024],[-84.0885,37.6027],[-84.0885,37.6032],[-84.0873,37.6035],[-84.0865,37.6041],[-84.0874,37.6041],[-84.0865,37.6051],[-84.0869,37.6055],[-84.0864,37.6058],[-84.0867,37.606],[-84.0862,37.6068],[-84.0854,37.6072],[-84.0861,37.6078],[-84.0858,37.6084],[-84.0843,37.6093],[-84.0843,37.6097],[-84.0848,37.6092],[-84.0862,37.6092],[-84.0866,37.6098],[-84.0877,37.6093],[-84.0873,37.6072],[-84.0885,37.6069],[-84.0884,37.6049],[-84.0892,37.6039],[-84.0888,37.6049],[-84.0891,37.6063],[-84.0898,37.6049],[-84.0902,37.6058],[-84.09,37.6068],[-84.0913,37.6064],[-84.0915,37.6072],[-84.0919,37.6072],[-84.0929,37.6067],[-84.0935,37.6068],[-84.092,37.6077],[-84.092,37.6081],[-84.0911,37.6087],[-84.0912,37.6089],[-84.0922,37.6094],[-84.0934,37.608],[-84.0937,37.6084],[-84.0949,37.6077],[-84.0928,37.6092],[-84.0933,37.6097],[-84.0939,37.6095],[-84.0942,37.6101],[-84.0937,37.6106],[-84.0943,37.6115],[-84.0939,37.6124],[-84.0939,37.6133],[-84.0934,37.6138],[-84.0936,37.6144],[-84.0924,37.6151],[-84.0937,37.6162],[-84.0944,37.6161],[-84.0947,37.6177],[-84.0955,37.6165],[-84.0954,37.6146],[-84.0962,37.6128],[-84.098,37.6122],[-84.0978,37.6117],[-84.0983,37.6117],[-84.0988,37.6111],[-84.0995,37.6113],[-84.0998,37.6104],[-84.1001,37.6115],[-84.1008,37.6115],[-84.1013,37.6108],[-84.1012,37.6119],[-84.1025,37.6115],[-84.1022,37.612],[-84.1024,37.6127],[-84.1036,37.6125],[-84.1034,37.6129],[-84.104,37.6131],[-84.1035,37.6172],[-84.1045,37.617],[-84.1047,37.6164],[-84.1054,37.6173],[-84.1056,37.6168],[-84.1051,37.6156],[-84.1056,37.615],[-84.1064,37.6153],[-84.1061,37.6162],[-84.1067,37.6172],[-84.107,37.6171],[-84.1072,37.616],[-84.1075,37.6158],[-84.1078,37.6161],[-84.1084,37.6159],[-84.1086,37.6162],[-84.1076,37.6173],[-84.1096,37.6169],[-84.1106,37.6173],[-84.1086,37.6185],[-84.1095,37.619],[-84.1102,37.6185],[-84.1101,37.6191],[-84.1072,37.6208],[-84.1076,37.6215],[-84.1083,37.6211],[-84.1087,37.6216],[-84.1097,37.6212],[-84.1101,37.6214],[-84.1092,37.6217],[-84.109,37.6221],[-84.1082,37.6219],[-84.1076,37.6221],[-84.1081,37.623],[-84.1079,37.6235],[-84.1091,37.6237],[-84.1095,37.6242],[-84.1081,37.6247],[-84.108,37.6251],[-84.0846,37.6251],[-84.0851,37.6242],[-84.0863,37.6237],[-84.0858,37.6222],[-84.0858,37.6209],[-84.0847,37.6224],[-84.0825,37.6212],[-84.0817,37.6213],[-84.0815,37.6239],[-84.0819,37.6251],[-84.0741,37.6251],[-84.0758,37.6235],[-84.0751,37.6225],[-84.0724,37.6249],[-84.0707,37.6251],[-84.0704,37.6247],[-84.0668,37.6245],[-84.0696,37.6221],[-84.0702,37.6208],[-84.0684,37.62],[-84.0658,37.6213],[-84.0649,37.6214],[-84.0629,37.6201],[-84.0628,37.6195],[-84.064,37.6177],[-84.064,37.6163],[-84.061,37.6168],[-84.0606,37.6166],[-84.06,37.615],[-84.0583,37.6156],[-84.0562,37.6145],[-84.0556,37.615],[-84.0554,37.6158],[-84.0564,37.6179],[-84.0586,37.6198],[-84.0609,37.6207],[-84.0615,37.6223],[-84.0614,37.6228],[-84.0593,37.6234],[-84.0592,37.6244],[-84.0602,37.6251],[-84.0558,37.6251],[-84.0547,37.6229],[-84.0535,37.6224],[-84.0528,37.6209],[-84.052,37.6205],[-84.0504,37.6183],[-84.047,37.6161],[-84.047,37.6151],[-84.0489,37.6141],[-84.0489,37.6129],[-84.0471,37.6128],[-84.0449,37.6116],[-84.0439,37.6122],[-84.0416,37.6124],[-84.0413,37.613],[-84.0412,37.6143],[-84.0402,37.6142],[-84.0369,37.6131],[-84.0365,37.6125],[-84.0358,37.6093],[-84.0341,37.6088],[-84.0337,37.6094],[-84.034,37.6108],[-84.0332,37.6116],[-84.0318,37.6122],[-84.0315,37.6128],[-84.0317,37.6131],[-84.0336,37.6132],[-84.0379,37.6148],[-84.0421,37.617],[-84.0439,37.6171],[-84.0452,37.6185],[-84.0475,37.6197],[-84.0506,37.6208],[-84.0524,37.6219],[-84.0544,37.6251],[-84.0479,37.6251],[-84.0467,37.6246],[-84.0466,37.6251],[-84.0421,37.6251],[-84.0414,37.6235],[-84.0394,37.6216],[-84.0364,37.6202],[-84.0346,37.6201],[-84.0344,37.6203],[-84.0355,37.6211],[-84.0396,37.6239],[-84.0404,37.6251],[-84.0288,37.6251],[-84.0291,37.6243],[-84.0283,37.6235],[-84.0263,37.6251],[-84.0231,37.6251],[-84.0229,37.6246],[-84.0204,37.6238],[-84.0214,37.6207],[-84.0176,37.6205],[-84.0155,37.6193],[-84.0145,37.6183],[-84.0132,37.6186],[-84.013,37.6197],[-84.0136,37.6206],[-84.0146,37.6214],[-84.016,37.622],[-84.0195,37.6251],[-84.0146,37.6251],[-84.0108,37.6223],[-84.0087,37.6195],[-84.0094,37.6186],[-84.0096,37.6178]],[[-84.0325,37.6241],[-84.0325,37.624],[-84.0322,37.6237],[-84.0325,37.6241]],[[-84.0706,37.6059],[-84.0701,37.6049],[-84.0686,37.6045],[-84.0682,37.6041],[-84.0683,37.6031],[-84.0696,37.6018],[-84.07,37.5998],[-84.0679,37.6],[-84.0676,37.6016],[-84.068,37.603],[-84.0678,37.6037],[-84.0645,37.6052],[-84.0635,37.605],[-84.0628,37.604],[-84.0627,37.6019],[-84.0613,37.6003],[-84.061,37.5992],[-84.0586,37.5995],[-84.0574,37.5991],[-84.0555,37.5996],[-84.0556,37.6002],[-84.0579,37.6022],[-84.0585,37.6031],[-84.0582,37.6038],[-84.0571,37.6047],[-84.0546,37.6045],[-84.0531,37.6055],[-84.0525,37.6055],[-84.0511,37.6046],[-84.0504,37.6028],[-84.0479,37.6018],[-84.0463,37.6018],[-84.0435,37.6031],[-84.0444,37.6039],[-84.047,37.6046],[-84.0501,37.6059],[-84.0537,37.606],[-84.0559,37.6065],[-84.0584,37.6061],[-84.0607,37.6066],[-84.0627,37.6065],[-84.0634,37.6068],[-84.064,37.6082],[-84.0647,37.6087],[-84.0655,37.6089],[-84.0671,37.6081],[-84.0679,37.6081],[-84.0699,37.61],[-84.0702,37.611],[-84.0712,37.6115],[-84.0728,37.6117],[-84.074,37.6095],[-84.0725,37.6093],[-84.072,37.609],[-84.0722,37.6067],[-84.0706,37.6059]],[[-84.0805,37.6135],[-84.0782,37.6142],[-84.0771,37.6141],[-84.0759,37.6132],[-84.075,37.6132],[-84.0747,37.6134],[-84.0758,37.6145],[-84.0771,37.6142],[-84.0812,37.6153],[-84.0811,37.6143],[-84.0819,37.6129],[-84.0815,37.6127],[-84.0805,37.6135]],[[-84.0933,37.6219],[-84.0932,37.6216],[-84.0919,37.6212],[-84.0922,37.6199],[-84.0917,37.6185],[-84.091,37.6178],[-84.09,37.6175],[-84.0885,37.6152],[-84.0876,37.6158],[-84.0871,37.6174],[-84.0844,37.6181],[-84.0858,37.619],[-84.0866,37.62],[-84.0891,37.6197],[-84.0907,37.6222],[-84.0913,37.6225],[-84.0923,37.6225],[-84.0933,37.6219]],[[-84.091,37.6119],[-84.0906,37.6116],[-84.0888,37.6124],[-84.0883,37.6133],[-84.0885,37.6147],[-84.0906,37.613],[-84.091,37.6119]],[[-84.0989,37.6176],[-84.0977,37.6198],[-84.0988,37.6194],[-84.0999,37.6182],[-84.1002,37.615],[-84.1001,37.6146],[-84.0996,37.6144],[-84.0992,37.6148],[-84.0989,37.6176]],[[-84.1032,37.6225],[-84.1038,37.6243],[-84.1042,37.6243],[-84.1049,37.6226],[-84.1043,37.6219],[-84.1032,37.6225]]],[[[-84.0973,37.6101],[-84.0979,37.6099],[-84.0977,37.6106],[-84.0974,37.6105],[-84.0973,37.6101]]],[[[-84.0057,37.6218],[-84.0084,37.6216],[-84.0094,37.6221],[-84.0119,37.6243],[-84.0119,37.6251],[-84.0083,37.6251],[-84.0071,37.6245],[-84.0056,37.625],[-84.0026,37.6239],[-84.0013,37.6248],[-83.9999,37.6251],[-83.9999,37.6223],[-84.0013,37.6216],[-84.0029,37.6214],[-84.0051,37.6215],[-84.0057,37.6218]]],[[[-84.0122,37.6248],[-84.013,37.6245],[-84.0143,37.6251],[-84.0122,37.6251],[-84.0122,37.6248]]]]}},{"type":"Feature","properties":{"quadrangle_name":"Berea"},"geometry":{"type":"MultiPolygon","coordinates":[[[[-84.3579,37.5018],[-84.357,37.5001],[-84.3677,37.5001],[-84.3677,37.5007],[-84.3667,37.5014],[-84.3677,37.5014],[-84.3688,37.504],[-84.3688,37.5013],[-84.3694,37.5008],[-84.37,37.501],[-84.3715,37.5029],[-84.3736,37.5044],[-84.3724,37.502],[-84.3724,37.5014],[-84.3732,37.5012],[-84.3723,37.5009],[-84.3716,37.5001],[-84.3749,37.5001],[-84.3749,37.5245],[-84.3743,37.5245],[-84.3734,37.5235],[-84.3739,37.5248],[-84.3712,37.5251],[-84.3726,37.5254],[-84.3728,37.5258],[-84.3732,37.5255],[-84.3749,37.5255],[-84.3749,37.5285],[-84.3745,37.5278],[-84.374,37.5277],[-84.3745,37.5288],[-84.3738,37.529],[-84.373,37.5301],[-84.3723,37.5304],[-84.3713,37.5301],[-84.3716,37.5306],[-84.3713,37.5312],[-84.3727,37.5308],[-84.3733,37.5312],[-84.3739,37.5309],[-84.3742,37.532],[-84.3748,37.5321],[-84.3745,37.5302],[-84.3749,37.53],[-84.3749,37.5358],[-84.3746,37.5356],[-84.3749,37.5352],[-84.3744,37.5352],[-84.3742,37.5347],[-84.3734,37.5353],[-84.3711,37.5364],[-84.3693,37.5356],[-84.369,37.5361],[-84.3697,37.5371],[-84.3692,37.5375],[-84.3683,37.5366],[-84.3679,37.5375],[-84.3676,37.5366],[-84.367,37.5366],[-84.3665,37.5362],[-84.3664,37.5366],[-84.3669,37.5372],[-84.3661,37.5374],[-84.3657,37.5364],[-84.3651,37.5367],[-84.3644,37.5356],[-84.3673,37.5333],[-84.365,37.5338],[-84.3637,37.5335],[-84.3647,37.5342],[-84.3642,37.5346],[-84.3636,37.5344],[-84.3635,37.5355],[-84.3627,37.5353],[-84.3624,37.5349],[-84.362,37.5356],[-84.3593,37.5357],[-84.3592,37.5362],[-84.3584,37.5367],[-84.3558,37.5373],[-84.3575,37.5372],[-84.3582,37.5374],[-84.3597,37.5363],[-84.3597,37.537],[-84.3606,37.5365],[-84.3611,37.537],[-84.3625,37.5366],[-84.3627,37.5369],[-84.3624,37.5375],[-84.3627,37.5378],[-84.3633,37.5377],[-84.3637,37.5384],[-84.3616,37.54],[-84.3613,37.5416],[-84.3608,37.5417],[-84.3609,37.5407],[-84.3604,37.54],[-84.3598,37.542],[-84.3596,37.5409],[-84.36,37.5403],[-84.3595,37.5401],[-84.3593,37.5395],[-84.359,37.5401],[-84.3578,37.5399],[-84.3568,37.5393],[-84.3576,37.5403],[-84.3587,37.541],[-84.3584,37.5414],[-84.357,37.5409],[-84.3582,37.5421],[-84.3577,37.5425],[-84.3577,37.5431],[-84.3571,37.5426],[-84.3569,37.542],[-84.3561,37.5421],[-84.3558,37.5424],[-84.3547,37.5422],[-84.3545,37.5424],[-84.355,37.5429],[-84.3546,37.5434],[-84.3542,37.5431],[-84.3543,37.5425],[-84.354,37.5425],[-84.3536,37.543],[-84.3533,37.5426],[-84.3528,37.5429],[-84.3516,37.5416],[-84.3504,37.5414],[-84.3513,37.5418],[-84.3515,37.5429],[-84.349,37.5426],[-84.3489,37.543],[-84.3482,37.5431],[-84.3484,37.5434],[-84.3466,37.543],[-84.3471,37.5438],[-84.3483,37.5441],[-84.3495,37.5439],[-84.3489,37.5442],[-84.3497,37.5448],[-84.3493,37.5453],[-84.3485,37.5443],[-84.3475,37.544],[-84.3468,37.5443],[-84.3471,37.5446],[-84.3467,37.5448],[-84.346,37.5444],[-84.3454,37.5446],[-84.3449,37.5462],[-84.3435,37.5459],[-84.3432,37.5462],[-84.3439,37.547],[-84.3435,37.5471],[-84.3442,37.5478],[-84.344,37.5481],[-84.3434,37.548],[-84.3428,37.5488],[-84.3425,37.5483],[-84.3417,37.5483],[-84.3416,37.5488],[-84.3412,37.5485],[-84.3408,37.5492],[-84.3403,37.5492],[-84.3401,37.5496],[-84.3391,37.5491],[-84.3383,37.5499],[-84.3385,37.5504],[-84.3392,37.5504],[-84.3393,37.5513],[-84.3403,37.5512],[-84.34,37.552],[-84.3403,37.5522],[-84.3399,37.5526],[-84.339,37.5525],[-84.3389,37.5519],[-84.3378,37.5521],[-84.337,37.5513],[-84.3371,37.5504],[-84.3384,37.5495],[-84.3384,37.5477],[-84.3378,37.5481],[-84.3376,37.5488],[-84.3364,37.5496],[-84.3351,37.549],[-84.3347,37.5483],[-84.3333,37.549],[-84.3349,37.5503],[-84.3351,37.551],[-84.3352,37.5549],[-84.335,37.5553],[-84.3353,37.5555],[-84.335,37.556],[-84.3339,37.5565],[-84.3344,37.5572],[-84.3341,37.5574],[-84.3332,37.557],[-84.3328,37.5576],[-84.3322,37.5576],[-84.3306,37.5589],[-84.3288,37.5586],[-84.3289,37.5593],[-84.3279,37.5584],[-84.327,37.5587],[-84.3259,37.5595],[-84.3274,37.5601],[-84.3263,37.5599],[-84.326,37.5602],[-84.3263,37.5608],[-84.3257,37.5605],[-84.3255,37.5609],[-84.325,37.56],[-84.3243,37.5607],[-84.3238,37.56],[-84.3232,37.5604],[-84.323,37.5594],[-84.324,37.5587],[-84.3244,37.5595],[-84.3255,37.5587],[-84.3257,37.5581],[-84.3266,37.5585],[-84.3275,37.5578],[-84.3263,37.5575],[-84.3262,37.5572],[-84.3264,37.557],[-84.3272,37.5573],[-84.3273,37.5568],[-84.3269,37.5563],[-84.3278,37.5558],[-84.3284,37.5544],[-84.3254,37.5563],[-84.3235,37.557],[-84.3222,37.557],[-84.3212,37.5567],[-84.3196,37.5569],[-84.3194,37.5565],[-84.3183,37.5563],[-84.3167,37.5565],[-84.3178,37.556],[-84.3203,37.5564],[-84.3203,37.5556],[-84.3186,37.5548],[-84.3184,37.5542],[-84.3169,37.555],[-84.3157,37.5554],[-84.3156,37.5552],[-84.3175,37.5542],[-84.3167,37.5533],[-84.3178,37.554],[-84.3186,37.5541],[-84.3182,37.5534],[-84.3187,37.5528],[-84.3195,37.5539],[-84.3199,37.5531],[-84.3234,37.554],[-84.3232,37.5531],[-84.3226,37.5532],[-84.3211,37.5522],[-84.3196,37.5517],[-84.3199,37.5514],[-84.3211,37.5517],[-84.3213,37.5514],[-84.3237,37.5517],[-84.3219,37.5503],[-84.3215,37.5503],[-84.3213,37.55],[-84.3206,37.5501],[-84.3206,37.5489],[-84.321,37.5489],[-84.3215,37.5494],[-84.3218,37.5488],[-84.3214,37.5477],[-84.3223,37.5483],[-84.3237,37.5482],[-84.3228,37.5474],[-84.3229,37.5469],[-84.3241,37.5471],[-84.3239,37.5462],[-84.3243,37.5459],[-84.3272,37.5453],[-84.3274,37.5444],[-84.3286,37.5439],[-84.3292,37.543],[-84.3311,37.5438],[-84.3301,37.5425],[-84.3302,37.5421],[-84.3336,37.5401],[-84.3328,37.5398],[-84.33,37.5417],[-84.3292,37.5416],[-84.3291,37.5419],[-84.327,37.5427],[-84.3264,37.5433],[-84.326,37.5425],[-84.3258,37.5437],[-84.3253,37.544],[-84.3228,37.5444],[-84.322,37.5436],[-84.3222,37.5446],[-84.32,37.546],[-84.3183,37.5462],[-84.3161,37.5471],[-84.3158,37.5468],[-84.3153,37.547],[-84.3151,37.5467],[-84.3143,37.5466],[-84.3143,37.5455],[-84.3149,37.5454],[-84.3153,37.5456],[-84.3167,37.5446],[-84.3153,37.5442],[-84.3143,37.5435],[-84.314,37.543],[-84.3138,37.541],[-84.3142,37.5405],[-84.3153,37.5403],[-84.3175,37.5404],[-84.3168,37.54],[-84.3159,37.5401],[-84.3145,37.5396],[-84.3136,37.5388],[-84.3131,37.5377],[-84.3132,37.5358],[-84.3126,37.538],[-84.3115,37.5383],[-84.3126,37.5392],[-84.3125,37.5409],[-84.312,37.5408],[-84.3109,37.5395],[-84.3105,37.5397],[-84.3097,37.5393],[-84.3086,37.5397],[-84.3109,37.5402],[-84.3115,37.5417],[-84.3111,37.5437],[-84.3101,37.5441],[-84.3101,37.5444],[-84.3107,37.5447],[-84.3105,37.5452],[-84.3092,37.5446],[-84.3081,37.5448],[-84.308,37.5451],[-84.3092,37.5453],[-84.3095,37.5459],[-84.31,37.5461],[-84.3095,37.547],[-84.3092,37.5473],[-84.3093,37.5465],[-84.3078,37.5457],[-84.3074,37.546],[-84.3081,37.5463],[-84.3078,37.547],[-84.3068,37.5472],[-84.3051,37.5471],[-84.3051,37.5476],[-84.3058,37.5482],[-84.3046,37.5487],[-84.3045,37.5475],[-84.3035,37.5461],[-84.3035,37.5481],[-84.3027,37.5492],[-84.3024,37.5502],[-84.3013,37.5486],[-84.301,37.5485],[-84.301,37.549],[-84.3003,37.5487],[-84.2996,37.5502],[-84.298,37.5512],[-84.2994,37.5516],[-84.3008,37.5513],[-84.3002,37.5519],[-84.3018,37.5525],[-84.3007,37.5524],[-84.3007,37.5535],[-84.3003,37.553],[-84.2994,37.5529],[-84.2996,37.5541],[-84.2991,37.5545],[-84.2997,37.5549],[-84.2987,37.5555],[-84.2993,37.5561],[-84.2984,37.5561],[-84.2987,37.5571],[-84.2977,37.5577],[-84.2978,37.5582],[-84.2965,37.5586],[-84.296,37.5592],[-84.295,37.5589],[-84.2942,37.5592],[-84.2938,37.5589],[-84.2932,37.559],[-84.2925,37.5587],[-84.2926,37.5595],[-84.2937,37.5602],[-84.2932,37.561],[-84.2926,37.5599],[-84.292,37.5602],[-84.2913,37.5596],[-84.29,37.5608],[-84.2897,37.5605],[-84.2899,37.5599],[-84.2909,37.5592],[-84.2919,37.5592],[-84.2924,37.558],[-84.2904,37.5578],[-84.291,37.5572],[-84.2891,37.5579],[-84.2892,37.5571],[-84.2898,37.5566],[-84.2898,37.5562],[-84.2904,37.5565],[-84.292,37.5566],[-84.2918,37.5561],[-84.2902,37.5561],[-84.29,37.5556],[-84.2904,37.5552],[-84.2915,37.5552],[-84.2922,37.5547],[-84.2906,37.5549],[-84.29,37.5548],[-84.2883,37.5557],[-84.2884,37.5563],[-84.2864,37.556],[-84.2849,37.5567],[-84.2842,37.5565],[-84.2831,37.5568],[-84.2852,37.5552],[-84.2839,37.555],[-84.2837,37.5547],[-84.2825,37.5552],[-84.2826,37.5544],[-84.2836,37.554],[-84.2824,37.5538],[-84.2815,37.5542],[-84.2815,37.5554],[-84.2803,37.5542],[-84.28,37.5535],[-84.2795,37.5534],[-84.2795,37.5542],[-84.2804,37.5552],[-84.2818,37.5585],[-84.2814,37.559],[-84.28,37.5593],[-84.2799,37.5597],[-84.279,37.5598],[-84.2795,37.5608],[-84.2791,37.5611],[-84.2786,37.5603],[-84.2781,37.5606],[-84.2778,37.5602],[-84.2793,37.5575],[-84.2777,37.5577],[-84.277,37.5572],[-84.2764,37.5581],[-84.2756,37.5579],[-84.2749,37.5584],[-84.2756,37.5588],[-84.2756,37.5592],[-84.2745,37.5591],[-84.272,37.5599],[-84.2715,37.5596],[-84.2714,37.559],[-84.272,37.5578],[-84.2717,37.5571],[-84.2725,37.5573],[-84.2734,37.5562],[-84.2751,37.5555],[-84.2736,37.5558],[-84.2737,37.5551],[-84.2744,37.5543],[-84.2743,37.5538],[-84.2738,37.5537],[-84.2739,37.5534],[-84.2757,37.5532],[-84.2765,37.5525],[-84.2763,37.5522],[-84.2771,37.5513],[-84.2768,37.5508],[-84.275,37.5515],[-84.2748,37.551],[-84.2752,37.5501],[-84.2761,37.55],[-84.2772,37.5504],[-84.2793,37.5522],[-84.2799,37.5519],[-84.2806,37.5522],[-84.2803,37.5513],[-84.2805,37.5508],[-84.2794,37.5512],[-84.2779,37.5497],[-84.278,37.5492],[-84.2783,37.5491],[-84.2793,37.5499],[-84.2799,37.5493],[-84.282,37.5493],[-84.28,37.5483],[-84.2794,37.5485],[-84.2792,37.548],[-84.2808,37.5479],[-84.2827,37.547],[-84.2845,37.5475],[-84.2864,37.5473],[-84.2845,37.5466],[-84.2844,37.5457],[-84.2838,37.5453],[-84.2853,37.5446],[-84.2838,37.5443],[-84.2838,37.544],[-84.2859,37.5436],[-84.2841,37.5431],[-84.2846,37.5421],[-84.2862,37.5417],[-84.2846,37.5409],[-84.2846,37.54],[-84.2854,37.5397],[-84.285,37.5392],[-84.2854,37.5387],[-84.2848,37.5387],[-84.2846,37.5383],[-84.2842,37.5398],[-84.283,37.542],[-84.2823,37.5423],[-84.2814,37.5418],[-84.2818,37.543],[-84.2804,37.5454],[-84.2794,37.5453],[-84.2786,37.5463],[-84.2757,37.5478],[-84.2754,37.5473],[-84.2761,37.5459],[-84.2756,37.5462],[-84.2755,37.5469],[-84.2749,37.5471],[-84.2744,37.5468],[-84.2742,37.546],[-84.2737,37.5459],[-84.274,37.5465],[-84.2739,37.5476],[-84.2734,37.548],[-84.2724,37.5481],[-84.2722,37.5478],[-84.2726,37.5475],[-84.2718,37.5472],[-84.2716,37.5452],[-84.2723,37.5442],[-84.2734,37.5441],[-84.2717,37.5437],[-84.2718,37.5426],[-84.2726,37.5424],[-84.2719,37.542],[-84.2718,37.5412],[-84.2728,37.5407],[-84.2711,37.5406],[-84.2712,37.54],[-84.2706,37.5395],[-84.2709,37.5356],[-84.2696,37.5384],[-84.2697,37.5391],[-84.2688,37.5398],[-84.2671,37.5394],[-84.268,37.54],[-84.2695,37.5398],[-84.2698,37.5401],[-84.2693,37.5411],[-84.2697,37.5417],[-84.2692,37.543],[-84.2697,37.5446],[-84.2689,37.5458],[-84.2692,37.5462],[-84.2677,37.5464],[-84.2693,37.5471],[-84.2696,37.5481],[-84.2692,37.5483],[-84.2697,37.5489],[-84.2695,37.5492],[-84.2683,37.5492],[-84.2685,37.5499],[-84.2675,37.551],[-84.2671,37.5509],[-84.2669,37.5502],[-84.2664,37.5509],[-84.2669,37.5518],[-84.2666,37.5527],[-84.2658,37.553],[-84.2671,37.5542],[-84.2667,37.5554],[-84.266,37.5561],[-84.2651,37.5557],[-84.2647,37.5564],[-84.2631,37.5562],[-84.2629,37.5571],[-84.2618,37.5562],[-84.262,37.5581],[-84.2631,37.5586],[-84.2625,37.5593],[-84.2611,37.5588],[-84.2609,37.5584],[-84.2599,37.5591],[-84.2595,37.5589],[-84.2594,37.5583],[-84.259,37.5587],[-84.258,37.5586],[-84.2587,37.5601],[-84.2585,37.5614],[-84.2578,37.5621],[-84.2564,37.5621],[-84.2553,37.5628],[-84.2541,37.5623],[-84.2552,37.5633],[-84.2563,37.5638],[-84.2574,37.5651],[-84.2575,37.5655],[-84.257,37.5659],[-84.2557,37.5664],[-84.2567,37.5665],[-84.2571,37.5671],[-84.2583,37.5674],[-84.2592,37.568],[-84.2594,37.569],[-84.259,37.5699],[-84.2597,37.5708],[-84.2594,37.5711],[-84.2579,37.5707],[-84.2575,37.5709],[-84.2561,37.5704],[-84.2563,37.5713],[-84.2569,37.5711],[-84.258,37.5716],[-84.2589,37.5717],[-84.2597,37.5727],[-84.259,37.5729],[-84.2577,37.5726],[-84.2558,37.5732],[-84.2546,37.5728],[-84.2549,37.5732],[-84.2546,37.5738],[-84.255,37.5737],[-84.2556,37.574],[-84.2574,37.5736],[-84.2575,37.5739],[-84.258,37.5739],[-84.258,37.5744],[-84.2586,37.5743],[-84.2593,37.5746],[-84.2595,37.5753],[-84.2587,37.5759],[-84.2569,37.5758],[-84.2566,37.5755],[-84.2549,37.5761],[-84.2538,37.5756],[-84.2528,37.5762],[-84.2519,37.5762],[-84.254,37.5764],[-84.2547,37.5769],[-84.2544,37.5776],[-84.2539,37.578],[-84.2545,37.5782],[-84.2543,37.5785],[-84.2522,37.5794],[-84.2516,37.58],[-84.2527,37.5802],[-84.2534,37.5798],[-84.2542,37.5799],[-84.255,37.5789],[-84.2559,37.5785],[-84.2559,37.5778],[-84.2564,37.5776],[-84.2576,37.578],[-84.2583,37.5778],[-84.2596,37.5779],[-84.26,37.5783],[-84.26,37.5789],[-84.256,37.5809],[-84.2553,37.582],[-84.2538,37.583],[-84.2524,37.5832],[-84.2513,37.5839],[-84.2507,37.5835],[-84.251,37.5845],[-84.2517,37.5853],[-84.2514,37.5856],[-84.2499,37.5849],[-84.2499,37.5582],[-84.2506,37.5583],[-84.2515,37.5589],[-84.2519,37.5594],[-84.2517,37.5602],[-84.2525,37.5607],[-84.2526,37.5625],[-84.2517,37.563],[-84.2529,37.5628],[-84.2539,37.5623],[-84.2537,37.5615],[-84.2547,37.5598],[-84.2532,37.5597],[-84.2522,37.5587],[-84.2523,37.5579],[-84.2515,37.5581],[-84.2512,37.5574],[-84.2507,37.5576],[-84.2499,37.5571],[-84.2499,37.5497],[-84.2517,37.5477],[-84.2525,37.5451],[-84.2536,37.5433],[-84.2543,37.5412],[-84.254,37.5409],[-84.2526,37.5413],[-84.2522,37.5409],[-84.2514,37.5413],[-84.2505,37.5402],[-84.2499,37.5407],[-84.2499,37.5339],[-84.2516,37.5327],[-84.2518,37.5343],[-84.2534,37.5358],[-84.2528,37.5366],[-84.2534,37.5375],[-84.2527,37.5381],[-84.2528,37.539],[-84.2547,37.5385],[-84.2558,37.5374],[-84.2568,37.5379],[-84.2578,37.5393],[-84.2592,37.5395],[-84.2604,37.5406],[-84.2603,37.5417],[-84.2583,37.5426],[-84.2581,37.5445],[-84.2592,37.5458],[-84.2584,37.5476],[-84.258,37.5501],[-84.2597,37.5509],[-84.261,37.5509],[-84.2613,37.5506],[-84.2614,37.5497],[-84.2603,37.5467],[-84.2605,37.5454],[-84.2615,37.5444],[-84.2638,37.5441],[-84.2643,37.5426],[-84.2633,37.541],[-84.2616,37.5407],[-84.2597,37.5394],[-84.2615,37.538],[-84.262,37.5369],[-84.2631,37.5366],[-84.2646,37.5369],[-84.2663,37.5364],[-84.2663,37.5354],[-84.2634,37.5343],[-84.2624,37.5353],[-84.2608,37.5351],[-84.2593,37.5338],[-84.2596,37.5321],[-84.2584,37.5314],[-84.2572,37.5316],[-84.2564,37.533],[-84.2541,37.5332],[-84.2536,37.5329],[-84.2536,37.532],[-84.2527,37.5312],[-84.2534,37.5304],[-84.2534,37.5293],[-84.2542,37.5285],[-84.2548,37.5285],[-84.2557,37.5291],[-84.257,37.5281],[-84.2606,37.5283],[-84.2609,37.527],[-84.2635,37.5258],[-84.2629,37.5244],[-84.2636,37.5229],[-84.2629,37.5219],[-84.2631,37.5212],[-84.262,37.5213],[-84.2607,37.5228],[-84.2599,37.5231],[-84.2587,37.5246],[-84.2588,37.5233],[-84.2577,37.5233],[-84.2576,37.523],[-84.2593,37.5219],[-84.2599,37.5208],[-84.2596,37.5205],[-84.259,37.5206],[-84.2588,37.5202],[-84.2582,37.5202],[-84.2577,37.5197],[-84.2586,37.5192],[-84.2608,37.519],[-84.2613,37.5193],[-84.2618,37.5187],[-84.2624,37.5191],[-84.2631,37.5184],[-84.2647,37.5179],[-84.2634,37.517],[-84.264,37.516],[-84.2662,37.5162],[-84.2683,37.516],[-84.2686,37.5165],[-84.2683,37.5179],[-84.2691,37.5181],[-84.2692,37.5198],[-84.2703,37.5205],[-84.2711,37.5202],[-84.2715,37.5185],[-84.2706,37.5187],[-84.2702,37.5172],[-84.2697,37.5165],[-84.2709,37.516],[-84.2718,37.5151],[-84.2695,37.5152],[-84.2702,37.5144],[-84.2697,37.5137],[-84.2702,37.5131],[-84.2734,37.514],[-84.2741,37.513],[-84.2742,37.5122],[-84.2735,37.512],[-84.2725,37.5122],[-84.2722,37.5115],[-84.2741,37.5109],[-84.2749,37.511],[-84.2753,37.5106],[-84.2748,37.5099],[-84.2734,37.51],[-84.2743,37.509],[-84.273,37.5076],[-84.273,37.5073],[-84.2739,37.5075],[-84.2753,37.5089],[-84.2758,37.509],[-84.2762,37.5086],[-84.277,37.5091],[-84.277,37.5097],[-84.2781,37.5098],[-84.2784,37.5103],[-84.2794,37.5107],[-84.279,37.511],[-84.279,37.5114],[-84.2779,37.511],[-84.2768,37.5114],[-84.2778,37.5125],[-84.2776,37.5128],[-84.2765,37.5131],[-84.2762,37.5143],[-84.2772,37.514],[-84.2777,37.5143],[-84.2768,37.515],[-84.2769,37.5156],[-84.2775,37.5158],[-84.2788,37.5152],[-84.2795,37.5156],[-84.2798,37.515],[-84.2804,37.5154],[-84.2814,37.5149],[-84.282,37.5151],[-84.283,37.516],[-84.2837,37.5149],[-84.2852,37.5146],[-84.2857,37.5147],[-84.2868,37.5162],[-84.2875,37.5164],[-84.2893,37.516],[-84.2902,37.5154],[-84.2906,37.5145],[-84.2894,37.5145],[-84.2883,37.515],[-84.2874,37.5144],[-84.2876,37.5131],[-84.2865,37.5127],[-84.2861,37.5119],[-84.2856,37.513],[-84.2846,37.5134],[-84.2848,37.5127],[-84.2844,37.5123],[-84.2831,37.5125],[-84.2816,37.5122],[-84.2815,37.5117],[-84.2838,37.5104],[-84.2834,37.5086],[-84.2822,37.5088],[-84.2825,37.5074],[-84.282,37.5065],[-84.2814,37.5062],[-84.2797,37.5068],[-84.279,37.5059],[-84.2801,37.5058],[-84.2802,37.5052],[-84.2806,37.5051],[-84.2805,37.5045],[-84.281,37.5044],[-84.2826,37.5028],[-84.2836,37.5026],[-84.2829,37.5031],[-84.2821,37.5046],[-84.2837,37.5048],[-84.2835,37.5055],[-84.2842,37.5061],[-84.2855,37.5055],[-84.2859,37.5058],[-84.2854,37.5073],[-84.2862,37.5091],[-84.2876,37.5096],[-84.2881,37.5088],[-84.2888,37.509],[-84.2905,37.5104],[-84.2916,37.5104],[-84.2916,37.5101],[-84.2903,37.5088],[-84.2929,37.508],[-84.2933,37.5067],[-84.2943,37.5062],[-84.2934,37.5058],[-84.2929,37.5061],[-84.2924,37.506],[-84.2907,37.5075],[-84.2903,37.5069],[-84.2897,37.5071],[-84.2891,37.5067],[-84.29,37.5062],[-84.2903,37.5054],[-84.2894,37.5059],[-84.2876,37.5061],[-84.287,37.5067],[-84.2865,37.5065],[-84.2869,37.5054],[-84.2885,37.5044],[-84.2876,37.5037],[-84.2879,37.5032],[-84.2911,37.5029],[-84.2919,37.5019],[-84.2934,37.5016],[-84.2945,37.501],[-84.2939,37.5003],[-84.2933,37.5001],[-84.3097,37.5002],[-84.3089,37.5014],[-84.3068,37.5032],[-84.306,37.5035],[-84.3052,37.503],[-84.3057,37.5036],[-84.3056,37.5045],[-84.3036,37.5048],[-84.3049,37.5049],[-84.3035,37.5062],[-84.2997,37.5086],[-84.299,37.5083],[-84.2988,37.5098],[-84.2981,37.5099],[-84.2973,37.5095],[-84.2979,37.5106],[-84.297,37.5117],[-84.2944,37.5119],[-84.2956,37.5121],[-84.2958,37.5124],[-84.2945,37.513],[-84.2918,37.5163],[-84.29,37.5173],[-84.2884,37.5176],[-84.2899,37.5175],[-84.2914,37.5168],[-84.2919,37.5175],[-84.2928,37.5175],[-84.2923,37.5169],[-84.2923,37.5161],[-84.293,37.5155],[-84.2937,37.5154],[-84.2942,37.5138],[-84.2982,37.5112],[-84.2987,37.5101],[-84.2997,37.51],[-84.3009,37.5091],[-84.3016,37.5095],[-84.3016,37.5107],[-84.3019,37.5095],[-84.3016,37.5083],[-84.3038,37.5069],[-84.3046,37.5085],[-84.3047,37.5077],[-84.3052,37.5076],[-84.3045,37.5072],[-84.3043,37.5064],[-84.3048,37.5061],[-84.3051,37.5064],[-84.3064,37.5064],[-84.3058,37.5054],[-84.3065,37.5052],[-84.3068,37.5044],[-84.3103,37.5008],[-84.3118,37.5001],[-84.3164,37.5001],[-84.3169,37.5011],[-84.3164,37.5018],[-84.3171,37.5022],[-84.317,37.5031],[-84.3177,37.5048],[-84.3174,37.5062],[-84.3179,37.5077],[-84.3176,37.5085],[-84.3165,37.5091],[-84.318,37.5091],[-84.3182,37.5096],[-84.3173,37.5116],[-84.3165,37.5131],[-84.3145,37.5144],[-84.3111,37.5151],[-84.3102,37.5143],[-84.3104,37.5152],[-84.3088,37.5164],[-84.3112,37.5153],[-84.3123,37.5152],[-84.3168,37.5139],[-84.3186,37.5118],[-84.3176,37.5149],[-84.3161,37.5165],[-84.3154,37.5185],[-84.3168,37.5179],[-84.3177,37.517],[-84.3184,37.517],[-84.3183,37.5178],[-84.319,37.5186],[-84.3188,37.5194],[-84.3195,37.52],[-84.32,37.5209],[-84.3199,37.5215],[-84.3186,37.522],[-84.3197,37.5221],[-84.3193,37.5267],[-84.3202,37.5315],[-84.3198,37.5237],[-84.3205,37.5218],[-84.3218,37.5226],[-84.3227,37.5222],[-84.323,37.5229],[-84.3243,37.5227],[-84.324,37.5236],[-84.3244,37.5232],[-84.3256,37.523],[-84.3262,37.5238],[-84.3287,37.5245],[-84.3284,37.5258],[-84.329,37.5252],[-84.3303,37.5252],[-84.3304,37.5276],[-84.3307,37.526],[-84.3317,37.526],[-84.3321,37.5267],[-84.3334,37.5278],[-84.3343,37.5298],[-84.3342,37.5305],[-84.3346,37.5302],[-84.3346,37.5298],[-84.3337,37.5271],[-84.3339,37.5266],[-84.3351,37.5276],[-84.3369,37.5283],[-84.3383,37.5293],[-84.3369,37.5277],[-84.3353,37.5272],[-84.3354,37.5262],[-84.3332,37.5258],[-84.3328,37.5253],[-84.3315,37.5254],[-84.331,37.5249],[-84.3293,37.5243],[-84.3281,37.5233],[-84.327,37.5234],[-84.3273,37.5229],[-84.3251,37.5225],[-84.3224,37.5209],[-84.3214,37.5199],[-84.3202,37.5152],[-84.3213,37.5119],[-84.322,37.5113],[-84.3227,37.5116],[-84.3239,37.5131],[-84.3239,37.5154],[-84.3246,37.5141],[-84.3253,37.514],[-84.3261,37.5147],[-84.3263,37.5161],[-84.3266,37.5143],[-84.327,37.5142],[-84.3283,37.5169],[-84.3281,37.5151],[-84.3287,37.5155],[-84.3298,37.5181],[-84.3302,37.5176],[-84.3294,37.5167],[-84.3293,37.5158],[-84.3298,37.5154],[-84.3288,37.5153],[-84.3264,37.5131],[-84.327,37.5125],[-84.3261,37.5127],[-84.3252,37.5123],[-84.3241,37.5123],[-84.3231,37.5103],[-84.3231,37.5099],[-84.3237,37.5096],[-84.3224,37.5097],[-84.3213,37.5084],[-84.322,37.5068],[-84.3226,37.5065],[-84.3231,37.5066],[-84.3232,37.5078],[-84.325,37.507],[-84.3264,37.5075],[-84.3265,37.5101],[-84.3273,37.5083],[-84.3285,37.5084],[-84.3289,37.5089],[-84.3284,37.5097],[-84.3292,37.5093],[-84.3296,37.5095],[-84.3297,37.5103],[-84.3291,37.5111],[-84.3298,37.5108],[-84.3301,37.5109],[-84.3301,37.5127],[-84.3307,37.5124],[-84.3304,37.5088],[-84.3316,37.5084],[-84.3322,37.5089],[-84.3331,37.5086],[-84.3338,37.5089],[-84.3342,37.5095],[-84.334,37.5106],[-84.3345,37.5106],[-84.3351,37.5124],[-84.3344,37.515],[-84.3349,37.5151],[-84.3349,37.5164],[-84.3357,37.5175],[-84.3358,37.5199],[-84.3364,37.5209],[-84.3363,37.5181],[-84.3357,37.515],[-84.3352,37.5142],[-84.3356,37.5138],[-84.3359,37.5116],[-84.3366,37.5114],[-84.337,37.5116],[-84.3372,37.5129],[-84.3377,37.5128],[-84.3382,37.513],[-84.3387,37.5145],[-84.339,37.5134],[-84.3396,37.5135],[-84.3368,37.5109],[-84.337,37.5106],[-84.3361,37.5101],[-84.3364,37.5096],[-84.3358,37.5094],[-84.3356,37.5083],[-84.335,37.5083],[-84.3342,37.5075],[-84.3355,37.5074],[-84.3373,37.5077],[-84.3386,37.5088],[-84.3389,37.5098],[-84.3392,37.5098],[-84.34,37.5108],[-84.3412,37.5112],[-84.3394,37.5094],[-84.3388,37.5083],[-84.3399,37.5087],[-84.3375,37.507],[-84.3384,37.5066],[-84.34,37.5064],[-84.3389,37.5062],[-84.3387,37.5059],[-84.338,37.5063],[-84.3377,37.5059],[-84.3376,37.5065],[-84.3369,37.5069],[-84.333,37.5072],[-84.3293,37.5066],[-84.3294,37.5063],[-84.3325,37.5056],[-84.3325,37.5052],[-84.3331,37.5045],[-84.3319,37.5049],[-84.3325,37.5032],[-84.3313,37.5052],[-84.3301,37.5058],[-84.3281,37.5062],[-84.3274,37.5056],[-84.3282,37.5055],[-84.3286,37.5049],[-84.3282,37.5052],[-84.3272,37.5053],[-84.3259,37.5044],[-84.3257,37.5038],[-84.3253,37.5038],[-84.3251,37.5031],[-84.3256,37.5026],[-84.3253,37.5023],[-84.3263,37.5019],[-84.3256,37.5018],[-84.3248,37.5025],[-84.3242,37.5025],[-84.3239,37.5018],[-84.3251,37.5012],[-84.324,37.5008],[-84.3234,37.5001],[-84.3542,37.5001],[-84.3545,37.5006],[-84.3538,37.5019],[-84.3542,37.5022],[-84.354,37.5031],[-84.3523,37.5042],[-84.3517,37.505],[-84.3523,37.505],[-84.3548,37.5036],[-84.3557,37.5043],[-84.3586,37.5055],[-84.3586,37.5063],[-84.3595,37.5051],[-84.3581,37.5047],[-84.3561,37.5023],[-84.3562,37.5018],[-84.3579,37.5018]],[[-84.2726,37.5207],[-84.2734,37.5216],[-84.2733,37.5229],[-84.2751,37.5226],[-84.2758,37.523],[-84.2762,37.5236],[-84.2772,37.5234],[-84.2778,37.5237],[-84.2773,37.5235],[-84.2778,37.5236],[-84.2771,37.5231],[-84.2769,37.5223],[-84.2761,37.5221],[-84.2759,37.5217],[-84.2743,37.5218],[-84.2742,37.5185],[-84.2731,37.5203],[-84.2721,37.5203],[-84.2724,37.5206],[-84.2711,37.5202],[-84.2726,37.5207]],[[-84.3491,37.5406],[-84.3495,37.541],[-84.3497,37.5411],[-84.3491,37.5406]],[[-84.348,37.539],[-84.3478,37.5391],[-84.3481,37.5394],[-84.348,37.539]],[[-84.3608,37.5157],[-84.3603,37.5149],[-84.3607,37.516],[-84.3608,37.5157]],[[-84.3179,37.5318],[-84.3178,37.5317],[-84.3182,37.5323],[-84.3179,37.5318]],[[-84.3135,37.5282],[-84.3124,37.5283],[-84.3137,37.5283],[-84.3135,37.5282]],[[-84.3,37.5351],[-84.2999,37.5351],[-84.3011,37.5362],[-84.3,37.5351]],[[-84.2983,37.5346],[-84.2982,37.5348],[-84.2986,37.535],[-84.2983,37.5346]],[[-84.3016,37.5264],[-84.3016,37.5264],[-84.3013,37.5257],[-84.3008,37.5259],[-84.3016,37.5264]],[[-84.3026,37.524],[-84.3037,37.5237],[-84.3038,37.5231],[-84.3036,37.5228],[-84.302,37.5226],[-84.3004,37.5213],[-84.3001,37.5205],[-84.3006,37.5199],[-84.2991,37.52],[-84.3005,37.5218],[-84.3003,37.5226],[-84.3016,37.525],[-84.3013,37.5257],[-84.3026,37.524]],[[-84.2939,37.524],[-84.2949,37.5235],[-84.2957,37.5236],[-84.2968,37.5234],[-84.2974,37.5237],[-84.2978,37.5228],[-84.2969,37.5224],[-84.2954,37.5225],[-84.2937,37.5234],[-84.2939,37.524]],[[-84.2929,37.523],[-84.2924,37.523],[-84.2937,37.5234],[-84.2929,37.523]],[[-84.2897,37.5236],[-84.2903,37.5237],[-84.2919,37.5231],[-84.2906,37.5232],[-84.2902,37.5228],[-84.2897,37.5236],[-84.2897,37.5236]],[[-84.2842,37.525],[-84.2847,37.5242],[-84.2847,37.5236],[-84.2835,37.5241],[-84.2836,37.5242],[-84.2842,37.525]],[[-84.2805,37.523],[-84.2813,37.5238],[-84.2815,37.5238],[-84.2805,37.523]],[[-84.2765,37.5206],[-84.2774,37.5203],[-84.2771,37.5194],[-84.2765,37.5206]],[[-84.2792,37.5203],[-84.2798,37.5198],[-84.2797,37.5197],[-84.2786,37.5202],[-84.2792,37.5203]],[[-84.2806,37.5228],[-84.2805,37.5229],[-84.2808,37.5229],[-84.2806,37.5228]],[[-84.2958,37.5059],[-84.2956,37.5061],[-84.2959,37.5061],[-84.2958,37.5059]],[[-84.3061,37.5215],[-84.3056,37.5218],[-84.3063,37.522],[-84.3061,37.5215]],[[-84.2644,37.5209],[-84.2649,37.5212],[-84.2656,37.5213],[-84.2653,37.5205],[-84.2644,37.5209]],[[-84.2676,37.5238],[-84.2668,37.5238],[-84.2666,37.524],[-84.2675,37.5244],[-84.2676,37.5238]],[[-84.2738,37.529],[-84.2747,37.5284],[-84.2727,37.5291],[-84.2709,37.5286],[-84.2709,37.5259],[-84.2708,37.5269],[-84.2703,37.5271],[-84.2707,37.5276],[-84.2705,37.5289],[-84.271,37.5295],[-84.2707,37.5302],[-84.2701,37.5308],[-84.2681,37.5308],[-84.269,37.5318],[-84.2688,37.5324],[-84.2699,37.5332],[-84.271,37.535],[-84.2719,37.5343],[-84.271,37.5345],[-84.2708,37.5342],[-84.2706,37.5332],[-84.2713,37.5323],[-84.2709,37.5319],[-84.2712,37.5302],[-84.2723,37.5295],[-84.2738,37.5293],[-84.2742,37.5296],[-84.2738,37.529]],[[-84.2779,37.5375],[-84.2775,37.5367],[-84.2766,37.537],[-84.2779,37.5375]],[[-84.2833,37.5284],[-84.2839,37.5285],[-84.2837,37.5281],[-84.2833,37.5284]],[[-84.2841,37.5275],[-84.2838,37.5277],[-84.2838,37.5278],[-84.2841,37.5275]],[[-84.2929,37.5261],[-84.292,37.5269],[-84.2924,37.527],[-84.2929,37.5262],[-84.2929,37.5261]]],[[[-84.3721,37.5412],[-84.3722,37.5404],[-84.3712,37.54],[-84.3711,37.5392],[-84.3715,37.5391],[-84.3721,37.5395],[-84.3724,37.5389],[-84.3718,37.5382],[-84.3728,37.5386],[-84.3728,37.5377],[-84.3735,37.5378],[-84.3738,37.5376],[-84.3737,37.5373],[-84.3746,37.5369],[-84.3732,37.5366],[-84.3749,37.536],[-84.3749,37.5416],[-84.374,37.5421],[-84.3739,37.5417],[-84.3725,37.541],[-84.3721,37.5412]]],[[[-84.3623,37.54],[-84.3635,37.5397],[-84.3631,37.5404],[-84.3623,37.54]]],[[[-84.3665,37.5415],[-84.366,37.5414],[-84.366,37.541],[-84.3654,37.5406],[-84.3655,37.5402],[-84.3662,37.5409],[-84.3666,37.5409],[-84.3665,37.5415]]],[[[-84.3622,37.5434],[-84.3619,37.5433],[-84.3622,37.5429],[-84.3622,37.5434]]],[[[-84.3552,37.5451],[-84.3552,37.5453],[-84.355,37.5451],[-84.3552,37.5451]]],[[[-84.3426,37.5561],[-84.3426,37.5557],[-84.343,37.5555],[-84.3435,37.5548],[-84.3438,37.5552],[-84.3432,37.5556],[-84.3432,37.556],[-84.3426,37.5561]]],[[[-84.3381,37.5571],[-84.3381,37.5566],[-84.3385,37.5566],[-84.3385,37.5568],[-84.3381,37.5571]]],[[[-84.3425,37.5564],[-84.3427,37.5577],[-84.3408,37.5583],[-84.3405,37.557],[-84.3409,37.5569],[-84.3409,37.5566],[-84.3417,37.5563],[-84.3418,37.5567],[-84.3425,37.5564]]],[[[-84.3351,37.5594],[-84.3347,37.5591],[-84.3352,37.5591],[-84.3354,37.5594],[-84.3351,37.5594]]],[[[-84.3452,37.5596],[-84.346,37.5597],[-84.3453,37.5602],[-84.3452,37.561],[-84.3464,37.5608],[-84.3444,37.5617],[-84.3447,37.56],[-84.3452,37.5596]]],[[[-84.3331,37.5625],[-84.3325,37.5623],[-84.3324,37.5617],[-84.3333,37.5618],[-84.3334,37.5611],[-84.3342,37.5607],[-84.3345,37.5611],[-84.3342,37.5618],[-84.3347,37.562],[-84.3352,37.5612],[-84.3352,37.5606],[-84.3364,37.5604],[-84.3361,37.5596],[-84.3363,37.5585],[-84.3381,37.5577],[-84.3384,37.5581],[-84.3392,37.5578],[-84.3399,37.5594],[-84.3408,37.5584],[-84.3428,37.5587],[-84.3434,37.5605],[-84.3429,37.5611],[-84.3434,37.5617],[-84.3411,37.562],[-84.3424,37.5627],[-84.342,37.5629],[-84.3422,37.5633],[-84.3413,37.5651],[-84.3408,37.5652],[-84.3407,37.5658],[-84.3398,37.5662],[-84.3401,37.5666],[-84.3378,37.5667],[-84.3358,37.5676],[-84.3349,37.5675],[-84.3339,37.5669],[-84.3343,37.5653],[-84.3329,37.5645],[-84.3333,37.5643],[-84.3345,37.5647],[-84.3348,37.5638],[-84.3366,37.563],[-84.3353,37.5626],[-84.3339,37.5633],[-84.3329,37.5633],[-84.3331,37.5625]]],[[[-84.3466,37.5635],[-84.3471,37.5629],[-84.3473,37.5632],[-84.3471,37.5635],[-84.3466,37.5635]]],[[[-84.3452,37.5671],[-84.3445,37.5671],[-84.3444,37.568],[-84.3435,37.5683],[-84.3425,37.5675],[-84.3424,37.5671],[-84.3426,37.5667],[-84.3434,37.5662],[-84.3429,37.5654],[-84.3441,37.5641],[-84.3434,37.5636],[-84.3436,37.5626],[-84.3458,37.5619],[-84.3453,37.5626],[-84.346,37.5627],[-84.3462,37.5632],[-84.3455,37.5634],[-84.3447,37.563],[-84.3443,37.5631],[-84.3443,37.5648],[-84.3447,37.5651],[-84.3439,37.5655],[-84.344,37.5664],[-84.3451,37.5657],[-84.3455,37.5657],[-84.3454,37.5665],[-84.3448,37.5668],[-84.3452,37.5671]]],[[[-84.3314,37.5653],[-84.3329,37.5649],[-84.3329,37.5655],[-84.3314,37.5653]]],[[[-84.3336,37.5689],[-84.335,37.5692],[-84.3347,37.5695],[-84.3327,37.5693],[-84.3325,37.5691],[-84.3336,37.5689]]],[[[-84.3357,37.5721],[-84.3361,37.572],[-84.3361,37.5714],[-84.3366,37.571],[-84.3361,37.5707],[-84.337,37.5702],[-84.3362,37.569],[-84.3363,37.5686],[-84.3366,37.569],[-84.3374,37.5692],[-84.3386,37.5688],[-84.3383,37.5695],[-84.3387,37.5699],[-84.3398,37.5694],[-84.3394,37.5698],[-84.3394,37.5702],[-84.3379,37.5699],[-84.3372,37.5707],[-84.3371,37.5712],[-84.338,37.5713],[-84.3388,37.5717],[-84.3383,37.5719],[-84.3378,37.5726],[-84.3368,37.5723],[-84.3362,37.5726],[-84.3359,37.573],[-84.3364,37.5732],[-84.3359,37.5736],[-84.3364,37.5742],[-84.3355,37.5735],[-84.3345,37.5735],[-84.334,37.5728],[-84.3345,37.5722],[-84.3338,37.5715],[-84.3348,37.5713],[-84.335,37.5718],[-84.3357,37.5721]]],[[[-84.3404,37.572],[-84.3406,37.5721],[-84.3398,37.5728],[-84.3397,37.5734],[-84.3392,37.5731],[-84.3404,37.572]]],[[[-84.3344,37.5785],[-84.3345,37.5788],[-84.334,37.5789],[-84.3341,37.5785],[-84.3344,37.5785]]],[[[-84.2677,37.5006],[-84.2666,37.5005],[-84.2664,37.5002],[-84.2686,37.5001],[-84.2677,37.5006]]],[[[-84.2524,37.5009],[-84.2527,37.5003],[-84.2569,37.5001],[-84.2538,37.5033],[-84.253,37.5036],[-84.2517,37.5034],[-84.2506,37.5022],[-84.251,37.5033],[-84.2499,37.5035],[-84.2499,37.5001],[-84.2503,37.5001],[-84.2527,37.5023],[-84.2534,37.5018],[-84.2524,37.5009]]],[[[-84.2512,37.5057],[-84.2499,37.5063],[-84.2499,37.5044],[-84.2513,37.5037],[-84.2527,37.504],[-84.2534,37.5052],[-84.253,37.508],[-84.2512,37.5101],[-84.2512,37.5108],[-84.2501,37.5112],[-84.2508,37.5113],[-84.2513,37.5122],[-84.251,37.5144],[-84.2504,37.5156],[-84.251,37.5156],[-84.2514,37.5149],[-84.2524,37.5149],[-84.2517,37.5143],[-84.2522,37.5131],[-84.2518,37.5119],[-84.2525,37.5106],[-84.2533,37.511],[-84.2528,37.5099],[-84.2531,37.5091],[-84.2539,37.5083],[-84.2548,37.5084],[-84.2537,37.5076],[-84.254,37.5058],[-84.2545,37.5055],[-84.2553,37.5059],[-84.2541,37.5048],[-84.254,37.5043],[-84.2549,37.5038],[-84.2553,37.5028],[-84.2565,37.5022],[-84.2572,37.5023],[-84.2588,37.5035],[-84.2593,37.5047],[-84.26,37.5048],[-84.2607,37.5054],[-84.2605,37.506],[-84.2612,37.506],[-84.2625,37.5072],[-84.2627,37.5076],[-84.2626,37.5083],[-84.262,37.5087],[-84.2623,37.509],[-84.2619,37.5104],[-84.2625,37.5096],[-84.2628,37.5096],[-84.2627,37.5089],[-84.2632,37.5081],[-84.2638,37.5081],[-84.2649,37.5087],[-84.2645,37.508],[-84.2655,37.5076],[-84.2644,37.5079],[-84.2632,37.5075],[-84.2624,37.5061],[-84.263,37.5057],[-84.2618,37.5058],[-84.261,37.5046],[-84.261,37.5042],[-84.2617,37.5038],[-84.2604,37.504],[-84.2598,37.5038],[-84.2595,37.5032],[-84.2599,37.5027],[-84.2589,37.5027],[-84.2582,37.5023],[-84.2574,37.5001],[-84.2632,37.5001],[-84.2625,37.5011],[-84.2614,37.5016],[-84.2618,37.5026],[-84.2642,37.5026],[-84.2648,37.5029],[-84.2648,37.5037],[-84.2633,37.5047],[-84.2648,37.5045],[-84.2663,37.5047],[-84.2665,37.5051],[-84.2661,37.5061],[-84.2663,37.5063],[-84.2689,37.5058],[-84.2702,37.5062],[-84.2702,37.5068],[-84.2683,37.5078],[-84.2698,37.5082],[-84.2696,37.5087],[-84.2672,37.5097],[-84.2676,37.5102],[-84.2682,37.5102],[-84.2708,37.5093],[-84.271,37.5113],[-84.2684,37.5119],[-84.268,37.513],[-84.2683,37.5142],[-84.2659,37.5155],[-84.2655,37.515],[-84.2642,37.5146],[-84.2644,37.5141],[-84.2657,37.5138],[-84.266,37.5133],[-84.2658,37.5128],[-84.2647,37.513],[-84.2649,37.5115],[-84.2645,37.5104],[-84.264,37.5117],[-84.2635,37.5119],[-84.2627,37.5116],[-84.2622,37.512],[-84.2627,37.5133],[-84.2619,37.5153],[-84.2605,37.5154],[-84.2592,37.516],[-84.2586,37.5159],[-84.2579,37.515],[-84.2591,37.5148],[-84.2602,37.5139],[-84.2602,37.5133],[-84.2588,37.5127],[-84.2588,37.5122],[-84.2596,37.5115],[-84.2592,37.5106],[-84.2609,37.51],[-84.2609,37.5098],[-84.2599,37.5093],[-84.2601,37.5085],[-84.2612,37.5079],[-84.2607,37.5074],[-84.259,37.5083],[-84.2585,37.5083],[-84.2581,37.5079],[-84.2575,37.5083],[-84.2566,37.5082],[-84.2565,37.5092],[-84.2546,37.5101],[-84.2558,37.5115],[-84.2557,37.513],[-84.2552,37.5133],[-84.2547,37.5132],[-84.2538,37.5127],[-84.2539,37.5137],[-84.2535,37.514],[-84.2553,37.516],[-84.2544,37.5168],[-84.2532,37.5165],[-84.2529,37.5171],[-84.2511,37.5172],[-84.2499,37.518],[-84.2499,37.5093],[-84.2513,37.5084],[-84.2516,37.5074],[-84.2511,37.5068],[-84.2517,37.506],[-84.2512,37.5057]],[[-84.2599,37.5014],[-84.2603,37.5014],[-84.2599,37.5014],[-84.2599,37.5014]]],[[[-84.2527,37.5209],[-84.2512,37.5214],[-84.2506,37.5224],[-84.2499,37.5215],[-84.2499,37.5195],[-84.2509,37.5202],[-84.2515,37.5203],[-84.2521,37.5199],[-84.2527,37.52],[-84.2527,37.5209]]],[[[-84.2499,37.5322],[-84.2499,37.5317],[-84.2504,37.5314],[-84.2499,37.5322]]],[[[-84.2499,37.5434],[-84.2509,37.544],[-84.2499,37.5452],[-84.2499,37.5434]]],[[[-84.2874,37.5564],[-84.2878,37.5563],[-84.2877,37.5567],[-84.2874,37.5567],[-84.2874,37.5564]]],[[[-84.2863,37.5584],[-84.2865,37.5578],[-84.287,37.558],[-84.2867,37.5586],[-84.2863,37.5584]]],[[[-84.3202,37.5607],[-84.3205,37.5608],[-84.3201,37.5615],[-84.3193,37.5616],[-84.3202,37.5607]]],[[[-84.289,37.5616],[-84.289,37.561],[-84.2894,37.561],[-84.2893,37.5615],[-84.289,37.5616]]],[[[-84.2614,37.5867],[-84.2601,37.5862],[-84.2595,37.5864],[-84.2591,37.5871],[-84.2565,37.5847],[-84.255,37.5837],[-84.2558,37.583],[-84.257,37.5826],[-84.2572,37.5819],[-84.2585,37.5813],[-84.2591,37.5817],[-84.2592,37.5824],[-84.2583,37.5833],[-84.2569,37.5839],[-84.258,37.585],[-84.2593,37.5853],[-84.2599,37.5857],[-84.2605,37.5845],[-84.2614,37.5838],[-84.2616,37.5842],[-84.2611,37.5852],[-84.2617,37.5852],[-84.2624,37.586],[-84.2624,37.5863],[-84.2614,37.5867]]],[[[-84.2556,37.5909],[-84.2549,37.5909],[-84.2535,37.5896],[-84.253,37.5896],[-84.2531,37.5903],[-84.2527,37.5907],[-84.2533,37.591],[-84.2532,37.5913],[-84.252,37.5915],[-84.2511,37.5922],[-84.2499,37.5922],[-84.2499,37.5883],[-84.2511,37.5884],[-84.2518,37.5892],[-84.2526,37.5888],[-84.2545,37.5891],[-84.2556,37.5909]]],[[[-84.2589,37.5979],[-84.2586,37.5975],[-84.2588,37.5969],[-84.2597,37.5969],[-84.2593,37.5956],[-84.2599,37.5954],[-84.261,37.596],[-84.2612,37.5954],[-84.2618,37.5951],[-84.2608,37.5945],[-84.2633,37.5947],[-84.2621,37.5953],[-84.2619,37.5964],[-84.2597,37.5979],[-84.2589,37.5979]]],[[[-84.2553,37.5991],[-84.2563,37.5987],[-84.2567,37.598],[-84.2573,37.5982],[-84.2571,37.5988],[-84.2558,37.5998],[-84.2541,37.6005],[-84.2535,37.5998],[-84.2534,37.5993],[-84.2528,37.5989],[-84.2528,37.5979],[-84.2552,37.5964],[-84.2562,37.5961],[-84.2554,37.5979],[-84.2553,37.5991]]],[[[-84.2528,37.6006],[-84.253,37.6005],[-84.2533,37.6008],[-84.2531,37.6011],[-84.2528,37.6006]]],[[[-84.2499,37.602],[-84.2504,37.6019],[-84.2499,37.6025],[-84.2499,37.602]]]]}},{"type":"Feature","properties":{"quadrangle_name":"Bighill"},"geometry":{"type":"MultiPolygon","coordinates":[[[[-84.2458,37.5078],[-84.247,37.5067],[-84.2477,37.5053],[-84.2461,37.5044],[-84.2478,37.5031],[-84.2481,37.5027],[-84.2475,37.5022],[-84.2489,37.5013],[-84.2489,37.5004],[-84.2492,37.5001],[-84.2499,37.5001],[-84.2497,37.5047],[-84.2499,37.5044],[-84.2499,37.5063],[-84.2485,37.5075],[-84.2475,37.5076],[-84.2467,37.5081],[-84.2458,37.5078]]],[[[-84.2316,37.513],[-84.2318,37.5136],[-84.2343,37.5153],[-84.2344,37.516],[-84.2333,37.5166],[-84.2333,37.5174],[-84.2328,37.518],[-84.2307,37.5171],[-84.2299,37.5172],[-84.23,37.5179],[-84.2316,37.5189],[-84.2317,37.5195],[-84.2312,37.5201],[-84.2304,37.5203],[-84.2299,37.5211],[-84.2295,37.5211],[-84.2282,37.5202],[-84.2273,37.5207],[-84.2261,37.5207],[-84.2258,37.5199],[-84.2267,37.5185],[-84.2261,37.518],[-84.2237,37.5189],[-84.2226,37.5181],[-84.2221,37.5181],[-84.2212,37.5192],[-84.2224,37.5209],[-84.222,37.5217],[-84.223,37.5227],[-84.2261,37.524],[-84.2257,37.5241],[-84.2237,37.5236],[-84.2231,37.5239],[-84.2224,37.525],[-84.2216,37.5247],[-84.2219,37.5235],[-84.2207,37.5224],[-84.2183,37.5225],[-84.2168,37.5231],[-84.217,37.5223],[-84.2182,37.5218],[-84.2196,37.5208],[-84.2192,37.5199],[-84.2184,37.5198],[-84.2176,37.5189],[-84.2191,37.5181],[-84.2191,37.517],[-84.2158,37.5164],[-84.2146,37.5167],[-84.2139,37.5176],[-84.2133,37.5165],[-84.2104,37.516],[-84.2097,37.5152],[-84.2083,37.5146],[-84.2061,37.5159],[-84.2074,37.5136],[-84.2097,37.5137],[-84.2119,37.5148],[-84.2134,37.515],[-84.216,37.5146],[-84.2167,37.5133],[-84.2178,37.5137],[-84.2183,37.5145],[-84.2192,37.5145],[-84.2201,37.514],[-84.2203,37.5135],[-84.2214,37.5126],[-84.2229,37.5138],[-84.2248,37.5129],[-84.2256,37.5118],[-84.2251,37.511],[-84.2263,37.5105],[-84.2261,37.5101],[-84.2252,37.5095],[-84.2245,37.5086],[-84.2218,37.508],[-84.221,37.5075],[-84.22,37.5073],[-84.2195,37.5067],[-84.2199,37.5063],[-84.2216,37.5066],[-84.224,37.5064],[-84.2246,37.5067],[-84.227,37.5069],[-84.2282,37.5083],[-84.2292,37.5084],[-84.2298,37.5081],[-84.2309,37.5063],[-84.2303,37.5051],[-84.231,37.5034],[-84.2298,37.5032],[-84.2289,37.5044],[-84.2285,37.5045],[-84.2277,37.5035],[-84.2252,37.504],[-84.2219,37.5032],[-84.2246,37.5027],[-84.2249,37.5015],[-84.2267,37.5017],[-84.2272,37.5003],[-84.2285,37.5001],[-84.2295,37.5006],[-84.2303,37.5001],[-84.2317,37.5005],[-84.2326,37.5001],[-84.245,37.5001],[-84.2455,37.5004],[-84.2455,37.501],[-84.2451,37.5014],[-84.2436,37.5019],[-84.2418,37.5021],[-84.2397,37.5016],[-84.2413,37.5024],[-84.2418,37.5036],[-84.2414,37.5041],[-84.2398,37.5046],[-84.2381,37.5045],[-84.2383,37.5051],[-84.241,37.505],[-84.2426,37.5058],[-84.2413,37.5067],[-84.241,37.5073],[-84.241,37.5079],[-84.2421,37.5086],[-84.2421,37.5092],[-84.2404,37.5094],[-84.2403,37.5097],[-84.2409,37.5109],[-84.2403,37.5113],[-84.2393,37.5114],[-84.2401,37.5128],[-84.2397,37.5137],[-84.2376,37.5121],[-84.2368,37.5109],[-84.2352,37.5107],[-84.2352,37.5114],[-84.237,37.5125],[-84.2368,37.5132],[-84.2377,37.5136],[-84.2368,37.5144],[-84.2359,37.5144],[-84.2352,37.514],[-84.2339,37.5141],[-84.2324,37.513],[-84.2316,37.513]],[[-84.2326,37.5062],[-84.2319,37.5077],[-84.2309,37.5088],[-84.2299,37.5093],[-84.2278,37.5091],[-84.2287,37.5098],[-84.2288,37.5104],[-84.2269,37.5115],[-84.2267,37.5123],[-84.2256,37.5135],[-84.2235,37.5143],[-84.2221,37.5143],[-84.2214,37.5139],[-84.2198,37.5152],[-84.2184,37.5153],[-84.2172,37.5146],[-84.2162,37.5153],[-84.2173,37.5152],[-84.2186,37.5155],[-84.2206,37.5151],[-84.2208,37.5154],[-84.2212,37.5149],[-84.2222,37.5148],[-84.224,37.5153],[-84.2246,37.5146],[-84.2263,37.5142],[-84.2267,37.5144],[-84.227,37.5135],[-84.2282,37.5122],[-84.2286,37.5122],[-84.229,37.5127],[-84.2291,37.5115],[-84.2308,37.5098],[-84.2317,37.5096],[-84.2326,37.5103],[-84.2322,37.5091],[-84.2334,37.5082],[-84.2333,37.5071],[-84.2343,37.5063],[-84.2348,37.5054],[-84.2358,37.5054],[-84.2353,37.503],[-84.2364,37.5015],[-84.2359,37.5003],[-84.2341,37.5014],[-84.2323,37.5017],[-84.2334,37.5018],[-84.2337,37.5022],[-84.2327,37.5046],[-84.2326,37.5062]],[[-84.2351,37.5097],[-84.2346,37.5101],[-84.2348,37.5104],[-84.2353,37.5105],[-84.2351,37.5097]]],[[[-84.2455,37.5219],[-84.2456,37.5207],[-84.2461,37.5197],[-84.2454,37.5189],[-84.2445,37.5188],[-84.2418,37.5198],[-84.2413,37.5206],[-84.2409,37.5205],[-84.2405,37.5208],[-84.2401,37.5204],[-84.2407,37.5195],[-84.2394,37.5183],[-84.2419,37.519],[-84.2425,37.5187],[-84.2429,37.518],[-84.2421,37.5168],[-84.2439,37.5174],[-84.246,37.5173],[-84.2486,37.516],[-84.2498,37.5146],[-84.2495,37.5128],[-84.2477,37.513],[-84.2459,37.5142],[-84.2453,37.5137],[-84.2443,37.5137],[-84.2442,37.5132],[-84.2451,37.5126],[-84.2456,37.5117],[-84.2469,37.5115],[-84.2495,37.5104],[-84.2495,37.5096],[-84.2499,37.5093],[-84.2499,37.518],[-84.2494,37.5186],[-84.2499,37.5195],[-84.2499,37.5215],[-84.2496,37.5215],[-84.2487,37.5225],[-84.2477,37.5205],[-84.2468,37.5207],[-84.2455,37.5219]]],[[[-84.1892,37.5359],[-84.1888,37.5356],[-84.1896,37.5351],[-84.189,37.5344],[-84.1871,37.5363],[-84.1866,37.5378],[-84.1861,37.5376],[-84.1855,37.5381],[-84.1848,37.539],[-84.1846,37.54],[-84.1834,37.5413],[-84.1824,37.5409],[-84.1819,37.5404],[-84.1825,37.5387],[-84.1819,37.5385],[-84.1816,37.5378],[-84.1811,37.5376],[-84.1805,37.5367],[-84.1807,37.5372],[-84.1805,37.5375],[-84.1811,37.5385],[-84.1809,37.5394],[-84.1771,37.539],[-84.1724,37.5392],[-84.1697,37.5386],[-84.1672,37.5373],[-84.1652,37.5357],[-84.1651,37.5349],[-84.1657,37.5339],[-84.1687,37.5327],[-84.1684,37.5325],[-84.1655,37.5337],[-84.1643,37.5352],[-84.1638,37.5353],[-84.1599,37.5348],[-84.1572,37.5334],[-84.157,37.533],[-84.1558,37.5331],[-84.1528,37.5311],[-84.1492,37.5306],[-84.1522,37.5315],[-84.1534,37.5323],[-84.1544,37.5324],[-84.1554,37.5333],[-84.1573,37.5343],[-84.1616,37.5357],[-84.1631,37.5358],[-84.1641,37.5364],[-84.165,37.5362],[-84.1664,37.5381],[-84.1751,37.5401],[-84.1783,37.5396],[-84.1791,37.5402],[-84.1804,37.5403],[-84.1805,37.5413],[-84.1795,37.5426],[-84.1776,37.5434],[-84.1782,37.5434],[-84.1804,37.5424],[-84.1814,37.5427],[-84.1814,37.5432],[-84.1804,37.5436],[-84.1815,37.5444],[-84.1814,37.5451],[-84.1808,37.5455],[-84.1813,37.5458],[-84.1824,37.5469],[-84.1816,37.5473],[-84.182,37.5477],[-84.1812,37.5483],[-84.183,37.5496],[-84.1837,37.5496],[-84.1833,37.5503],[-84.1838,37.5504],[-84.1822,37.5522],[-84.1841,37.5517],[-84.1843,37.5523],[-84.185,37.5522],[-84.1855,37.5532],[-84.1853,37.5535],[-84.1856,37.5539],[-84.1851,37.5545],[-84.1853,37.5564],[-84.1845,37.5569],[-84.1853,37.5573],[-84.1834,37.5587],[-84.1835,37.5594],[-84.1828,37.5599],[-84.1831,37.5605],[-84.1828,37.5621],[-84.1818,37.5618],[-84.1797,37.5618],[-84.1823,37.5638],[-84.1819,37.5642],[-84.1825,37.5658],[-84.1817,37.5662],[-84.1821,37.5672],[-84.1812,37.5682],[-84.1805,37.5683],[-84.1806,37.5692],[-84.1797,37.5687],[-84.1794,37.5689],[-84.1778,37.5684],[-84.1758,37.5686],[-84.179,37.5701],[-84.1787,37.5703],[-84.1788,37.5708],[-84.1795,37.571],[-84.1786,37.5718],[-84.1778,37.574],[-84.1752,37.5757],[-84.174,37.5755],[-84.1735,37.5759],[-84.1726,37.5758],[-84.1716,37.5763],[-84.1726,37.5768],[-84.1727,37.5772],[-84.1722,37.5775],[-84.1713,37.5771],[-84.1701,37.5772],[-84.1709,37.5779],[-84.1703,37.5783],[-84.1697,37.5781],[-84.1697,37.5788],[-84.1689,37.5788],[-84.1682,37.5793],[-84.1674,37.5794],[-84.1663,37.5783],[-84.1659,37.5801],[-84.1645,37.5814],[-84.1636,37.5813],[-84.163,37.5816],[-84.1622,37.5813],[-84.1615,37.5816],[-84.161,37.5814],[-84.1588,37.5821],[-84.156,37.5825],[-84.154,37.5822],[-84.1528,37.5812],[-84.152,37.5794],[-84.1517,37.5768],[-84.1521,37.5754],[-84.1533,37.5749],[-84.153,37.5744],[-84.153,37.5735],[-84.154,37.5722],[-84.1553,37.5716],[-84.1566,37.5719],[-84.1556,37.5706],[-84.1556,37.5701],[-84.1561,37.5695],[-84.1572,37.5692],[-84.1569,37.5682],[-84.1586,37.5657],[-84.1591,37.5641],[-84.1613,37.5627],[-84.1627,37.5629],[-84.1619,37.5622],[-84.1616,37.5615],[-84.1623,37.56],[-84.1632,37.5573],[-84.1636,37.5571],[-84.1642,37.5573],[-84.1635,37.5567],[-84.1644,37.5555],[-84.1622,37.5577],[-84.1617,37.5601],[-84.1583,37.5609],[-84.159,37.56],[-84.1581,37.5583],[-84.1583,37.5576],[-84.1593,37.5565],[-84.1585,37.5552],[-84.1591,37.553],[-84.1599,37.5524],[-84.162,37.5533],[-84.1631,37.5511],[-84.1652,37.5525],[-84.1663,37.5526],[-84.1673,37.5517],[-84.1676,37.55],[-84.1695,37.55],[-84.1714,37.552],[-84.1721,37.5523],[-84.1715,37.5545],[-84.1676,37.556],[-84.1673,37.5567],[-84.1682,37.5571],[-84.1722,37.5572],[-84.1719,37.5576],[-84.1726,37.5572],[-84.1705,37.5598],[-84.1661,37.5603],[-84.1655,37.5608],[-84.1664,37.5618],[-84.1693,37.5635],[-84.1694,37.5644],[-84.1659,37.566],[-84.1656,37.5667],[-84.1638,37.5673],[-84.1624,37.5675],[-84.1611,37.5669],[-84.1604,37.5673],[-84.16,37.5681],[-84.1618,37.5687],[-84.1623,37.5695],[-84.1619,37.5702],[-84.1599,37.5717],[-84.1627,37.5734],[-84.1626,37.5743],[-84.1623,37.5748],[-84.1604,37.5757],[-84.158,37.576],[-84.1566,37.5759],[-84.156,37.5762],[-84.155,37.5772],[-84.1551,37.5782],[-84.1544,37.579],[-84.1548,37.5799],[-84.1553,37.5803],[-84.157,37.5804],[-84.162,37.5783],[-84.1638,37.5763],[-84.1643,37.5748],[-84.164,37.572],[-84.1644,37.5714],[-84.1654,37.5707],[-84.1683,37.5719],[-84.1696,37.5735],[-84.1722,37.5719],[-84.1728,37.5719],[-84.1741,37.5728],[-84.175,37.5728],[-84.1753,37.5725],[-84.1754,37.5721],[-84.1749,37.5717],[-84.1695,37.5697],[-84.1689,37.569],[-84.1706,37.5673],[-84.1714,37.5652],[-84.1736,37.5651],[-84.1769,37.5656],[-84.1777,37.5653],[-84.1775,37.5646],[-84.1752,37.5636],[-84.1744,37.5624],[-84.1761,37.5602],[-84.1768,37.5584],[-84.1773,37.558],[-84.1793,37.5581],[-84.1799,37.5577],[-84.1801,37.5552],[-84.1812,37.5538],[-84.1809,37.5529],[-84.1798,37.5524],[-84.1764,37.5519],[-84.1756,37.5517],[-84.1747,37.5512],[-84.1747,37.5507],[-84.1759,37.5486],[-84.1758,37.5479],[-84.1734,37.547],[-84.1725,37.5455],[-84.1712,37.5453],[-84.1692,37.5441],[-84.1707,37.5425],[-84.1704,37.5417],[-84.1677,37.5414],[-84.1652,37.5422],[-84.1626,37.5438],[-84.161,37.544],[-84.1615,37.5399],[-84.158,37.5408],[-84.1578,37.5399],[-84.1589,37.5373],[-84.1579,37.5365],[-84.1568,37.5366],[-84.1553,37.5381],[-84.1538,37.5388],[-84.1519,37.5404],[-84.152,37.538],[-84.1532,37.5361],[-84.1532,37.5355],[-84.1481,37.5368],[-84.1482,37.5356],[-84.1503,37.5336],[-84.1502,37.533],[-84.1467,37.5323],[-84.1452,37.5329],[-84.1444,37.5338],[-84.1432,37.5336],[-84.1417,37.5343],[-84.1413,37.535],[-84.1409,37.5349],[-84.1408,37.5333],[-84.1418,37.5328],[-84.1422,37.5318],[-84.1434,37.5313],[-84.1437,37.5306],[-84.146,37.5296],[-84.1459,37.5291],[-84.1424,37.5263],[-84.1409,37.5261],[-84.1405,37.5252],[-84.139,37.5242],[-84.1375,37.5239],[-84.1363,37.5242],[-84.1353,37.5239],[-84.1363,37.5234],[-84.1394,37.5232],[-84.1398,37.5238],[-84.1416,37.5244],[-84.1456,37.5246],[-84.1466,37.5244],[-84.1469,37.5255],[-84.1483,37.5261],[-84.1498,37.5281],[-84.1513,37.5291],[-84.1522,37.5287],[-84.1535,37.5275],[-84.1539,37.5264],[-84.1551,37.5258],[-84.1573,37.5269],[-84.1562,37.5279],[-84.1556,37.5293],[-84.1558,37.5303],[-84.1563,37.5307],[-84.1581,37.53],[-84.1601,37.5299],[-84.1598,37.5323],[-84.1603,37.5329],[-84.1618,37.5334],[-84.1636,37.5325],[-84.1644,37.5312],[-84.1652,37.5306],[-84.1666,37.5306],[-84.1673,37.5301],[-84.1692,37.5277],[-84.1716,37.5252],[-84.1726,37.5263],[-84.1749,37.5271],[-84.1722,37.5279],[-84.1716,37.529],[-84.1713,37.5313],[-84.1732,37.532],[-84.1728,37.534],[-84.1716,37.5349],[-84.1688,37.5356],[-84.1719,37.5364],[-84.1739,37.5366],[-84.1747,37.5362],[-84.1752,37.5351],[-84.176,37.5345],[-84.1771,37.5343],[-84.178,37.5335],[-84.1796,37.5315],[-84.1794,37.5303],[-84.1811,37.5295],[-84.1825,37.5313],[-84.1833,37.5338],[-84.1843,37.5339],[-84.1847,37.5336],[-84.1847,37.5326],[-84.1837,37.5299],[-84.1846,37.526],[-84.1853,37.5255],[-84.1854,37.525],[-84.1845,37.5237],[-84.1829,37.5228],[-84.1821,37.5209],[-84.1835,37.5217],[-84.1876,37.523],[-84.1887,37.5221],[-84.1891,37.521],[-84.19,37.5209],[-84.1905,37.5204],[-84.1908,37.5206],[-84.1909,37.5211],[-84.1902,37.5215],[-84.1902,37.5226],[-84.1913,37.5249],[-84.1904,37.5251],[-84.1891,37.5263],[-84.1888,37.5276],[-84.1891,37.529],[-84.1896,37.5302],[-84.1904,37.5305],[-84.1913,37.5303],[-84.1928,37.5291],[-84.1934,37.5292],[-84.1939,37.5299],[-84.1954,37.5318],[-84.1971,37.5319],[-84.1995,37.534],[-84.1981,37.5359],[-84.198,37.5366],[-84.199,37.537],[-84.2007,37.537],[-84.2022,37.5357],[-84.2045,37.5362],[-84.2048,37.5368],[-84.2046,37.5378],[-84.204,37.5396],[-84.2044,37.5398],[-84.2059,37.5392],[-84.2069,37.5376],[-84.2055,37.5363],[-84.2054,37.5348],[-84.2029,37.5319],[-84.203,37.5315],[-84.2046,37.5308],[-84.2028,37.5279],[-84.2077,37.5276],[-84.2083,37.5272],[-84.2082,37.5266],[-84.209,37.5264],[-84.2101,37.5277],[-84.2107,37.5304],[-84.2113,37.531],[-84.2123,37.5305],[-84.2134,37.5285],[-84.2152,37.5293],[-84.2166,37.529],[-84.2166,37.5298],[-84.2162,37.5305],[-84.2141,37.532],[-84.2133,37.5331],[-84.2133,37.5334],[-84.2137,37.5333],[-84.2145,37.5328],[-84.2154,37.5327],[-84.218,37.5337],[-84.2163,37.5348],[-84.2175,37.5358],[-84.2176,37.5368],[-84.2165,37.5382],[-84.2165,37.5388],[-84.2156,37.5393],[-84.2145,37.5396],[-84.2141,37.5406],[-84.2143,37.5413],[-84.2157,37.5416],[-84.2163,37.5423],[-84.2165,37.5434],[-84.2156,37.5454],[-84.2158,37.5462],[-84.2154,37.5472],[-84.2157,37.5476],[-84.2161,37.5471],[-84.2164,37.5444],[-84.2177,37.5431],[-84.2205,37.5442],[-84.2219,37.5443],[-84.2223,37.547],[-84.2234,37.5454],[-84.2234,37.544],[-84.2239,37.5428],[-84.2223,37.5422],[-84.2212,37.5412],[-84.2227,37.5398],[-84.2228,37.5384],[-84.2247,37.5388],[-84.2257,37.5368],[-84.225,37.5364],[-84.2248,37.5357],[-84.2237,37.5355],[-84.2223,37.5343],[-84.2236,37.5338],[-84.2237,37.5328],[-84.2234,37.5318],[-84.2251,37.5324],[-84.2262,37.5333],[-84.2273,37.5336],[-84.2277,37.5334],[-84.2274,37.5315],[-84.2268,37.531],[-84.2271,37.5306],[-84.2285,37.5306],[-84.2284,37.5297],[-84.2279,37.5288],[-84.2265,37.5286],[-84.2266,37.5279],[-84.2276,37.5277],[-84.2287,37.5269],[-84.2292,37.5273],[-84.2296,37.5272],[-84.2303,37.5266],[-84.2308,37.5273],[-84.2307,37.5284],[-84.2316,37.5291],[-84.2337,37.527],[-84.2338,37.5262],[-84.2334,37.5255],[-84.2336,37.5245],[-84.2341,37.5253],[-84.2357,37.5267],[-84.2366,37.5269],[-84.2374,37.5261],[-84.2385,37.5262],[-84.2355,37.5283],[-84.2358,37.5289],[-84.2377,37.5294],[-84.2376,37.5296],[-84.237,37.53],[-84.2361,37.5298],[-84.2348,37.5302],[-84.2337,37.5312],[-84.2341,37.5321],[-84.2326,37.5325],[-84.2321,37.5329],[-84.2323,37.5334],[-84.234,37.5336],[-84.2339,37.5345],[-84.236,37.5348],[-84.2358,37.5354],[-84.2368,37.5361],[-84.2363,37.5367],[-84.2361,37.5377],[-84.2351,37.5377],[-84.2347,37.5371],[-84.2337,37.537],[-84.2322,37.5379],[-84.2309,37.5398],[-84.231,37.5412],[-84.2335,37.5419],[-84.2331,37.5455],[-84.2344,37.5441],[-84.2356,37.5437],[-84.2353,37.5421],[-84.2358,37.5419],[-84.238,37.542],[-84.2384,37.5408],[-84.2397,37.5401],[-84.2395,37.5392],[-84.2387,37.5386],[-84.24,37.5374],[-84.2419,37.5369],[-84.2415,37.5354],[-84.2418,37.5347],[-84.2428,37.5343],[-84.2418,37.5333],[-84.2424,37.5325],[-84.2424,37.531],[-84.2416,37.5302],[-84.2416,37.5296],[-84.2421,37.5292],[-84.2436,37.5292],[-84.2425,37.5271],[-84.243,37.5266],[-84.2436,37.5272],[-84.2448,37.5276],[-84.246,37.5268],[-84.2477,37.5272],[-84.2468,37.5291],[-84.2473,37.5301],[-84.2462,37.5315],[-84.2462,37.532],[-84.2465,37.5325],[-84.2479,37.5325],[-84.2499,37.5317],[-84.2499,37.5322],[-84.2477,37.5351],[-84.2478,37.5361],[-84.2475,37.5366],[-84.249,37.5365],[-84.2497,37.5356],[-84.2493,37.5348],[-84.2499,37.5339],[-84.2499,37.5407],[-84.2488,37.5409],[-84.2481,37.5416],[-84.2467,37.5418],[-84.2463,37.5426],[-84.2466,37.5429],[-84.2488,37.5428],[-84.2499,37.5434],[-84.2499,37.5472],[-84.2494,37.5478],[-84.2485,37.5481],[-84.2489,37.5493],[-84.2487,37.5502],[-84.2472,37.551],[-84.2476,37.552],[-84.2481,37.5523],[-84.2487,37.5517],[-84.2489,37.5503],[-84.2499,37.5497],[-84.2499,37.5571],[-84.2494,37.5562],[-84.2482,37.5571],[-84.2476,37.5565],[-84.2459,37.5559],[-84.2449,37.5551],[-84.243,37.5522],[-84.2416,37.5513],[-84.2414,37.552],[-84.2429,37.5525],[-84.2437,37.5541],[-84.2459,37.5566],[-84.2471,37.5567],[-84.2482,37.5575],[-84.249,37.5574],[-84.2499,37.5582],[-84.2499,37.5849],[-84.2497,37.5843],[-84.2485,37.5841],[-84.2494,37.5859],[-84.2481,37.5858],[-84.248,37.5862],[-84.2486,37.587],[-84.2473,37.5874],[-84.2473,37.5882],[-84.2459,37.5897],[-84.2499,37.5883],[-84.2499,37.5922],[-84.2495,37.5919],[-84.2498,37.5909],[-84.2492,37.5906],[-84.2485,37.5911],[-84.2482,37.5918],[-84.2476,37.5921],[-84.2462,37.592],[-84.2452,37.5915],[-84.244,37.5921],[-84.2416,37.592],[-84.2417,37.5913],[-84.2408,37.5908],[-84.2407,37.5904],[-84.2416,37.5896],[-84.2427,37.5896],[-84.2435,37.59],[-84.2434,37.5895],[-84.2427,37.589],[-84.2419,37.5889],[-84.243,37.5881],[-84.2416,37.588],[-84.2394,37.5898],[-84.2391,37.589],[-84.2409,37.5877],[-84.2412,37.5873],[-84.2405,37.5863],[-84.2413,37.5858],[-84.2418,37.5858],[-84.2422,37.5862],[-84.2424,37.5856],[-84.2431,37.5854],[-84.2436,37.5862],[-84.2452,37.5866],[-84.2455,37.5862],[-84.2443,37.5852],[-84.2454,37.5842],[-84.2445,37.5842],[-84.2432,37.5849],[-84.2395,37.5853],[-84.2384,37.5852],[-84.2377,37.5843],[-84.2374,37.585],[-84.2378,37.5855],[-84.2375,37.5861],[-84.2368,37.586],[-84.2363,37.5863],[-84.2363,37.587],[-84.2361,37.5872],[-84.2356,37.5869],[-84.2354,37.5876],[-84.2349,37.5879],[-84.2339,37.5879],[-84.2333,37.5874],[-84.2324,37.5874],[-84.2325,37.5869],[-84.2314,37.5867],[-84.2311,37.5862],[-84.23,37.5868],[-84.2296,37.5865],[-84.2289,37.5867],[-84.2289,37.5863],[-84.2278,37.586],[-84.2276,37.5856],[-84.2279,37.5852],[-84.2259,37.5848],[-84.2276,37.5844],[-84.2276,37.5841],[-84.2269,37.5838],[-84.227,37.583],[-84.2255,37.5839],[-84.225,37.5839],[-84.2259,37.5829],[-84.2246,37.5834],[-84.2244,37.5829],[-84.2237,37.5837],[-84.223,37.5835],[-84.2226,37.5828],[-84.223,37.5824],[-84.2214,37.5824],[-84.2209,37.5816],[-84.2201,37.5818],[-84.22,37.5809],[-84.2187,37.5799],[-84.2199,37.5789],[-84.2183,37.5778],[-84.2192,37.5773],[-84.22,37.5747],[-84.2198,37.5742],[-84.219,37.5739],[-84.2189,37.5729],[-84.2214,37.5727],[-84.2195,37.5717],[-84.2167,37.5725],[-84.2155,37.5754],[-84.2141,37.5761],[-84.2144,37.5754],[-84.2142,37.5749],[-84.2126,37.5755],[-84.2124,37.5752],[-84.2118,37.5755],[-84.2113,37.575],[-84.2111,37.5743],[-84.2114,37.5741],[-84.2121,37.5744],[-84.2134,37.5742],[-84.2135,37.5738],[-84.2124,37.5728],[-84.2132,37.5729],[-84.2145,37.5741],[-84.2146,37.5729],[-84.2153,37.5724],[-84.2139,37.572],[-84.2144,37.5715],[-84.2134,37.5707],[-84.2115,37.5708],[-84.2105,37.5715],[-84.2096,37.5716],[-84.2095,37.5714],[-84.2106,37.5705],[-84.2101,37.5696],[-84.2103,37.569],[-84.2109,37.5687],[-84.2119,37.5688],[-84.2131,37.5697],[-84.2135,37.5696],[-84.2144,37.57],[-84.2157,37.5711],[-84.2158,37.5708],[-84.2165,37.5706],[-84.216,37.5702],[-84.2161,37.5699],[-84.2182,37.5692],[-84.2161,37.569],[-84.2159,37.5686],[-84.214,37.5683],[-84.2181,37.5674],[-84.2171,37.5672],[-84.2166,37.5665],[-84.2139,37.5672],[-84.2139,37.5668],[-84.2146,37.5663],[-84.2144,37.5659],[-84.2132,37.5661],[-84.2122,37.567],[-84.212,37.5666],[-84.2112,37.5665],[-84.2095,37.5668],[-84.2103,37.5647],[-84.211,37.5647],[-84.2112,37.5651],[-84.2129,37.5654],[-84.2128,37.5648],[-84.2131,37.5645],[-84.2147,37.5648],[-84.2154,37.5654],[-84.216,37.5654],[-84.2162,37.5654],[-84.2157,37.5651],[-84.2156,37.5644],[-84.217,37.5638],[-84.213,37.5635],[-84.2123,37.563],[-84.2109,37.5628],[-84.2104,37.5624],[-84.2105,37.562],[-84.2099,37.5614],[-84.2107,37.5612],[-84.2124,37.562],[-84.2145,37.5624],[-84.2164,37.5625],[-84.2172,37.562],[-84.2188,37.5629],[-84.2203,37.5624],[-84.2189,37.5619],[-84.2183,37.5614],[-84.2176,37.5615],[-84.2169,37.5611],[-84.2177,37.5599],[-84.2161,37.5609],[-84.2148,37.5612],[-84.2121,37.56],[-84.2115,37.5595],[-84.2117,37.5592],[-84.2151,37.5602],[-84.2129,37.5574],[-84.2158,37.558],[-84.2167,37.5577],[-84.2175,37.5583],[-84.2188,37.5583],[-84.2171,37.5564],[-84.2175,37.5563],[-84.2189,37.5573],[-84.219,37.5566],[-84.2185,37.5561],[-84.2193,37.5558],[-84.219,37.5552],[-84.2204,37.5545],[-84.2211,37.5536],[-84.2236,37.5533],[-84.2245,37.5528],[-84.2244,37.5523],[-84.2251,37.5522],[-84.2252,37.5527],[-84.2259,37.553],[-84.2266,37.5525],[-84.2281,37.5534],[-84.2291,37.5534],[-84.2276,37.552],[-84.2255,37.551],[-84.227,37.551],[-84.2266,37.5504],[-84.2274,37.55],[-84.2266,37.5493],[-84.2269,37.5487],[-84.2274,37.5486],[-84.2273,37.5478],[-84.2278,37.5469],[-84.2279,37.5442],[-84.2262,37.5476],[-84.2257,37.5478],[-84.2251,37.5489],[-84.2235,37.5498],[-84.2231,37.5504],[-84.2223,37.5506],[-84.2218,37.5501],[-84.2211,37.5507],[-84.2202,37.5509],[-84.2206,37.5505],[-84.2197,37.5505],[-84.2199,37.5498],[-84.2192,37.5483],[-84.2181,37.5498],[-84.2168,37.5501],[-84.2175,37.5505],[-84.2176,37.5513],[-84.2157,37.5526],[-84.2154,37.5526],[-84.2152,37.5522],[-84.2155,37.5516],[-84.215,37.5515],[-84.2148,37.5512],[-84.2139,37.5517],[-84.2136,37.5516],[-84.2135,37.5512],[-84.2141,37.551],[-84.2144,37.5503],[-84.2128,37.5492],[-84.2121,37.5493],[-84.2116,37.5486],[-84.2119,37.5476],[-84.2116,37.5471],[-84.2119,37.5454],[-84.2114,37.5449],[-84.2109,37.5449],[-84.2116,37.5448],[-84.2119,37.5443],[-84.2115,37.5428],[-84.2106,37.5421],[-84.2106,37.5415],[-84.2101,37.5413],[-84.2101,37.5395],[-84.2112,37.5376],[-84.2105,37.5366],[-84.2101,37.5387],[-84.2079,37.5423],[-84.2086,37.5445],[-84.2082,37.5455],[-84.2074,37.546],[-84.2077,37.5466],[-84.2069,37.5472],[-84.2077,37.5483],[-84.2065,37.5476],[-84.2063,37.5484],[-84.2056,37.5483],[-84.205,37.5479],[-84.2049,37.5486],[-84.2039,37.5486],[-84.2041,37.549],[-84.203,37.5491],[-84.2031,37.5494],[-84.2054,37.5493],[-84.2065,37.5497],[-84.2061,37.5501],[-84.205,37.5496],[-84.2037,37.5498],[-84.2036,37.5501],[-84.2044,37.5499],[-84.2049,37.5501],[-84.205,37.5505],[-84.2031,37.5517],[-84.203,37.5525],[-84.205,37.5514],[-84.2052,37.5517],[-84.2046,37.5526],[-84.2058,37.5528],[-84.2066,37.5526],[-84.2071,37.5529],[-84.2067,37.5537],[-84.2058,37.5539],[-84.2062,37.5543],[-84.2043,37.5539],[-84.2035,37.5541],[-84.2053,37.5557],[-84.2054,37.5564],[-84.2048,37.5563],[-84.2039,37.5555],[-84.204,37.5567],[-84.2035,37.5566],[-84.2031,37.5556],[-84.2028,37.5566],[-84.2019,37.5559],[-84.2013,37.5565],[-84.2015,37.5575],[-84.2037,37.5576],[-84.2035,37.5582],[-84.2018,37.559],[-84.2038,37.5589],[-84.2037,37.5595],[-84.2041,37.5594],[-84.2043,37.5597],[-84.2039,37.561],[-84.2045,37.5613],[-84.2047,37.562],[-84.2042,37.5631],[-84.2045,37.564],[-84.2036,37.5649],[-84.203,37.5666],[-84.2024,37.567],[-84.2022,37.5676],[-84.2013,37.5676],[-84.201,37.5682],[-84.1996,37.5682],[-84.1988,37.569],[-84.1986,37.5685],[-84.1976,37.5686],[-84.1976,37.568],[-84.1966,37.5686],[-84.1966,37.5678],[-84.1956,37.5679],[-84.1956,37.567],[-84.195,37.5669],[-84.1939,37.5657],[-84.1938,37.5659],[-84.1948,37.5677],[-84.1948,37.5686],[-84.1946,37.5687],[-84.1943,37.5686],[-84.1947,37.5685],[-84.1945,37.568],[-84.1936,37.5668],[-84.1928,37.5671],[-84.1927,37.566],[-84.1932,37.5652],[-84.1928,37.565],[-84.1924,37.5657],[-84.192,37.5655],[-84.1921,37.5642],[-84.1914,37.5646],[-84.1902,37.5624],[-84.1906,37.562],[-84.1914,37.5622],[-84.1926,37.5618],[-84.1931,37.5625],[-84.1935,37.5624],[-84.1939,37.5607],[-84.1931,37.5594],[-84.1932,37.5591],[-84.194,37.5592],[-84.1937,37.5577],[-84.1945,37.5583],[-84.1944,37.5589],[-84.1951,37.5598],[-84.1953,37.5583],[-84.1959,37.5586],[-84.196,37.5592],[-84.1992,37.5589],[-84.1992,37.5583],[-84.1983,37.5584],[-84.1967,37.5575],[-84.1991,37.5566],[-84.1999,37.5569],[-84.1998,37.5555],[-84.1993,37.5555],[-84.1982,37.5562],[-84.1963,37.5564],[-84.1958,37.5561],[-84.1981,37.5554],[-84.1995,37.5543],[-84.1972,37.555],[-84.1972,37.5544],[-84.1967,37.5543],[-84.196,37.5537],[-84.1968,37.5528],[-84.1962,37.5525],[-84.1963,37.5519],[-84.1958,37.5513],[-84.1955,37.5524],[-84.1946,37.5536],[-84.1933,37.5537],[-84.1939,37.5531],[-84.1941,37.5516],[-84.1934,37.5517],[-84.1927,37.5527],[-84.1906,37.5532],[-84.1908,37.5527],[-84.1921,37.5522],[-84.1917,37.5516],[-84.1923,37.5509],[-84.1912,37.5509],[-84.192,37.5505],[-84.1917,37.5503],[-84.1905,37.5504],[-84.1906,37.5492],[-84.1891,37.5494],[-84.1887,37.5489],[-84.1917,37.5489],[-84.1906,37.5482],[-84.1913,37.548],[-84.1909,37.5474],[-84.1928,37.5467],[-84.1916,37.5461],[-84.1899,37.5468],[-84.1892,37.5473],[-84.1887,37.5471],[-84.1875,37.5478],[-84.1868,37.5464],[-84.188,37.5464],[-84.1894,37.5459],[-84.1885,37.5457],[-84.1891,37.5448],[-84.1877,37.5455],[-84.1871,37.5449],[-84.1868,37.5451],[-84.1862,37.545],[-84.1856,37.5454],[-84.1854,37.5451],[-84.1859,37.5433],[-84.1862,37.5431],[-84.1875,37.5433],[-84.1871,37.5427],[-84.1875,37.5422],[-84.1873,37.5417],[-84.1878,37.5415],[-84.1887,37.5418],[-84.1882,37.541],[-84.1892,37.5401],[-84.1874,37.5401],[-84.1868,37.5394],[-84.188,37.5382],[-84.188,37.5373],[-84.1883,37.5365],[-84.1887,37.5363],[-84.1888,37.5364],[-84.1903,37.5365],[-84.1892,37.5359]],[[-84.2014,37.5432],[-84.2027,37.543],[-84.2026,37.5415],[-84.2034,37.5402],[-84.2018,37.5406],[-84.2002,37.5417],[-84.1975,37.5422],[-84.1958,37.543],[-84.1952,37.5436],[-84.1952,37.5439],[-84.197,37.5445],[-84.199,37.5446],[-84.2014,37.5432]],[[-84.197,37.5667],[-84.1993,37.5673],[-84.2001,37.5672],[-84.2002,37.5667],[-84.2009,37.5667],[-84.2017,37.5661],[-84.2022,37.5661],[-84.2032,37.5633],[-84.2026,37.5622],[-84.2013,37.5614],[-84.1997,37.5612],[-84.1973,37.562],[-84.1957,37.5636],[-84.1952,37.5654],[-84.1962,37.5658],[-84.197,37.5667]],[[-84.211,37.5345],[-84.2121,37.5339],[-84.2103,37.5344],[-84.2082,37.5323],[-84.2075,37.5309],[-84.2072,37.5311],[-84.2074,37.5318],[-84.2094,37.5338],[-84.2106,37.5365],[-84.2115,37.5348],[-84.2111,37.5348],[-84.211,37.5345]],[[-84.2273,37.5703],[-84.2281,37.5712],[-84.2284,37.5731],[-84.2288,37.5736],[-84.2296,37.5739],[-84.2305,37.5738],[-84.2314,37.574],[-84.2321,37.5751],[-84.231,37.5769],[-84.2298,37.5774],[-84.2271,37.5771],[-84.2253,37.5775],[-84.2244,37.5765],[-84.2233,37.5759],[-84.2231,37.5785],[-84.2238,37.5798],[-84.2253,37.58],[-84.2272,37.5788],[-84.228,37.5787],[-84.2292,37.5781],[-84.2299,37.5779],[-84.2308,37.5782],[-84.2326,37.5802],[-84.2323,37.5816],[-84.2307,37.5826],[-84.2331,37.5839],[-84.2344,37.5831],[-84.234,37.5816],[-84.2342,37.5803],[-84.2352,37.5799],[-84.2365,37.58],[-84.2382,37.5808],[-84.2392,37.581],[-84.2401,37.5817],[-84.2405,37.5827],[-84.2413,37.5827],[-84.2424,37.5819],[-84.2427,37.5815],[-84.2417,37.5811],[-84.2412,37.5792],[-84.2402,37.58],[-84.2393,37.5802],[-84.2382,37.5791],[-84.237,37.5794],[-84.2359,37.579],[-84.2364,37.577],[-84.235,37.5764],[-84.2365,37.5746],[-84.2367,37.5737],[-84.2355,37.5735],[-84.2336,37.5746],[-84.2309,37.5725],[-84.2309,37.5712],[-84.2312,37.5705],[-84.2307,37.5692],[-84.2314,37.5679],[-84.2304,37.5654],[-84.2312,37.5645],[-84.234,37.5653],[-84.2346,37.5632],[-84.2355,37.5627],[-84.2372,37.5628],[-84.2387,37.5637],[-84.2402,37.563],[-84.2416,37.5635],[-84.2428,37.5645],[-84.2436,37.5645],[-84.2437,37.5637],[-84.242,37.5628],[-84.2414,37.5614],[-84.2383,37.56],[-84.2358,37.5615],[-84.2337,37.561],[-84.2325,37.5612],[-84.2327,37.5601],[-84.2347,37.5578],[-84.2336,37.5576],[-84.2319,37.559],[-84.231,37.5584],[-84.2296,37.5583],[-84.2295,37.557],[-84.2291,37.5567],[-84.2232,37.5563],[-84.2224,37.5571],[-84.2242,37.5582],[-84.2242,37.559],[-84.2255,37.5591],[-84.227,37.5583],[-84.228,37.5581],[-84.2291,37.5585],[-84.2287,37.5602],[-84.2294,37.5616],[-84.2284,37.5637],[-84.2279,37.5638],[-84.2266,37.5631],[-84.2254,37.5635],[-84.2262,37.5664],[-84.226,37.5679],[-84.2247,37.5682],[-84.2228,37.5674],[-84.2225,37.5679],[-84.2237,37.5702],[-84.2253,37.57],[-84.2273,37.5703]],[[-84.2308,37.5505],[-84.2326,37.5518],[-84.2329,37.5507],[-84.2317,37.5501],[-84.2314,37.5492],[-84.2308,37.5505]],[[-84.2438,37.5764],[-84.2433,37.5765],[-84.243,37.577],[-84.2439,37.5767],[-84.2438,37.5764]],[[-84.1776,37.5412],[-84.1795,37.5413],[-84.1801,37.541],[-84.1782,37.5402],[-84.1775,37.5408],[-84.1776,37.5412]]],[[[-84.2126,37.5526],[-84.2131,37.5523],[-84.2134,37.5525],[-84.2131,37.5529],[-84.2126,37.5526]]],[[[-84.1932,37.5851],[-84.1947,37.5834],[-84.1948,37.5822],[-84.1964,37.5812],[-84.198,37.5817],[-84.1985,37.5816],[-84.1973,37.5812],[-84.1964,37.5803],[-84.194,37.5808],[-84.1941,37.5802],[-84.193,37.58],[-84.1924,37.5795],[-84.1927,37.5808],[-84.1924,37.5812],[-84.1915,37.5814],[-84.1926,37.5821],[-84.1917,37.5835],[-84.1897,37.5808],[-84.1896,37.5819],[-84.1881,37.5816],[-84.1876,37.582],[-84.1887,37.5824],[-84.1885,37.5831],[-84.1896,37.5833],[-84.1884,37.5855],[-84.1868,37.5844],[-84.1867,37.5851],[-84.1858,37.585],[-84.1854,37.5855],[-84.1855,37.5862],[-84.1868,37.5865],[-84.1871,37.5873],[-84.1869,37.5878],[-84.1862,37.5874],[-84.1855,37.5881],[-84.1842,37.5872],[-84.1839,37.5882],[-84.1835,37.588],[-84.183,37.5882],[-84.1826,37.5873],[-84.1819,37.5876],[-84.1815,37.5871],[-84.1807,37.5869],[-84.1805,37.5876],[-84.1798,37.5871],[-84.1795,37.5875],[-84.179,37.5875],[-84.1785,37.5872],[-84.1783,37.5864],[-84.1778,37.587],[-84.1769,37.5868],[-84.1764,37.5866],[-84.1768,37.5859],[-84.1757,37.5864],[-84.1757,37.5858],[-84.1746,37.5859],[-84.1727,37.585],[-84.1749,37.5834],[-84.1757,37.5821],[-84.176,37.5833],[-84.1763,37.5832],[-84.1769,37.5822],[-84.1773,37.5831],[-84.1778,37.5825],[-84.1777,37.582],[-84.1789,37.5818],[-84.1805,37.5799],[-84.181,37.5807],[-84.1815,37.5804],[-84.182,37.5806],[-84.181,37.5789],[-84.1818,37.5782],[-84.1823,37.5785],[-84.1825,37.5781],[-84.1833,37.5781],[-84.1833,37.5793],[-84.1838,37.5793],[-84.1842,37.5804],[-84.1844,37.5796],[-84.184,37.5782],[-84.1844,37.5778],[-84.185,37.5778],[-84.1853,37.5783],[-84.1858,37.5782],[-84.1858,37.579],[-84.1863,37.579],[-84.1859,37.5804],[-84.187,37.5793],[-84.1873,37.5806],[-84.1877,37.5807],[-84.1879,37.5791],[-84.1876,37.5783],[-84.1866,37.5773],[-84.1867,37.5768],[-84.1878,37.5763],[-84.1885,37.577],[-84.1889,37.5762],[-84.1894,37.5762],[-84.1898,37.577],[-84.1896,37.5786],[-84.1902,37.5785],[-84.1911,37.5768],[-84.192,37.5767],[-84.1925,37.5773],[-84.1931,37.5763],[-84.1926,37.5755],[-84.1929,37.5752],[-84.1938,37.5753],[-84.1946,37.5765],[-84.1944,37.5772],[-84.1948,37.5778],[-84.194,37.5787],[-84.1947,37.5789],[-84.1951,37.5784],[-84.1959,37.5783],[-84.1961,37.5776],[-84.1958,37.5771],[-84.1959,37.5768],[-84.1952,37.5756],[-84.1979,37.5749],[-84.1981,37.5752],[-84.1972,37.576],[-84.1978,37.5766],[-84.1984,37.5758],[-84.1993,37.5755],[-84.2005,37.5766],[-84.199,37.5777],[-84.2007,37.5774],[-84.201,37.5776],[-84.1987,37.5792],[-84.1994,37.5792],[-84.2005,37.5787],[-84.2008,37.5788],[-84.2007,37.5797],[-84.2013,37.5809],[-84.2014,37.5798],[-84.2019,37.5793],[-84.2017,37.5778],[-84.2023,37.5777],[-84.2037,37.5795],[-84.2039,37.5816],[-84.2042,37.5817],[-84.2046,37.5801],[-84.2051,37.5801],[-84.2056,37.5806],[-84.2057,37.5804],[-84.2049,37.5797],[-84.205,37.579],[-84.2041,37.5784],[-84.2043,37.5778],[-84.2036,37.5776],[-84.2028,37.5768],[-84.2035,37.5764],[-84.2018,37.5759],[-84.2016,37.5755],[-84.2022,37.575],[-84.201,37.5748],[-84.201,37.5743],[-84.202,37.5741],[-84.2029,37.5748],[-84.2055,37.5751],[-84.2055,37.5759],[-84.2061,37.5757],[-84.2064,37.576],[-84.2056,37.5766],[-84.2063,37.5777],[-84.2069,37.5777],[-84.2071,37.577],[-84.2075,37.5771],[-84.2085,37.5785],[-84.2078,37.5797],[-84.2081,37.58],[-84.209,37.5797],[-84.2092,37.5799],[-84.2092,37.5821],[-84.2097,37.5816],[-84.2107,37.5818],[-84.2111,37.5824],[-84.2117,37.5822],[-84.2139,37.5831],[-84.2148,37.5829],[-84.2164,37.5833],[-84.2175,37.584],[-84.2184,37.584],[-84.219,37.5844],[-84.2196,37.5839],[-84.2203,37.5844],[-84.2208,37.5842],[-84.2211,37.5847],[-84.2208,37.586],[-84.2213,37.5849],[-84.2218,37.5849],[-84.222,37.5855],[-84.2223,37.5855],[-84.2217,37.5869],[-84.2227,37.5876],[-84.2225,37.5866],[-84.2232,37.5862],[-84.2231,37.5869],[-84.2234,37.5873],[-84.2246,37.5875],[-84.2248,37.587],[-84.2253,37.587],[-84.2253,37.5882],[-84.2242,37.5884],[-84.2238,37.5882],[-84.2235,37.5889],[-84.2225,37.589],[-84.2221,37.5895],[-84.2214,37.5892],[-84.2211,37.5896],[-84.2215,37.5902],[-84.2209,37.5902],[-84.2205,37.5908],[-84.22,37.5908],[-84.2198,37.5901],[-84.2205,37.5891],[-84.2203,37.5889],[-84.2196,37.5888],[-84.2189,37.5893],[-84.2182,37.5891],[-84.2173,37.5899],[-84.2161,37.5901],[-84.2169,37.5893],[-84.2168,37.5889],[-84.2191,37.5879],[-84.2192,37.5867],[-84.2177,37.5876],[-84.2174,37.5862],[-84.2164,37.5856],[-84.2172,37.5847],[-84.2162,37.5848],[-84.2153,37.5842],[-84.2143,37.5843],[-84.2139,37.5841],[-84.213,37.5848],[-84.2119,37.5848],[-84.2109,37.5841],[-84.2103,37.5858],[-84.2106,37.5871],[-84.2103,37.5878],[-84.2084,37.5896],[-84.2069,37.5896],[-84.2071,37.5889],[-84.208,37.5891],[-84.2084,37.5887],[-84.2083,37.5877],[-84.207,37.5875],[-84.2072,37.5868],[-84.2077,37.5866],[-84.2071,37.5855],[-84.2079,37.5854],[-84.209,37.5863],[-84.2093,37.5861],[-84.2091,37.5848],[-84.2072,37.5848],[-84.2074,37.5839],[-84.209,37.5835],[-84.2071,37.5823],[-84.206,37.5844],[-84.205,37.5844],[-84.2047,37.5848],[-84.205,37.5856],[-84.204,37.5861],[-84.2041,37.5872],[-84.2052,37.5874],[-84.2044,37.5883],[-84.2035,37.5882],[-84.2022,37.5886],[-84.2029,37.5876],[-84.2004,37.5877],[-84.2014,37.5867],[-84.1998,37.5865],[-84.2013,37.5853],[-84.2003,37.5846],[-84.1979,37.5859],[-84.1974,37.5866],[-84.1967,37.5868],[-84.1963,37.5876],[-84.1952,37.588],[-84.1952,37.5874],[-84.1958,37.5866],[-84.1969,37.5859],[-84.1977,37.5847],[-84.1996,37.5835],[-84.1977,37.5836],[-84.1972,37.5833],[-84.1959,37.5844],[-84.1953,37.5854],[-84.193,37.5863],[-84.1932,37.5851]],[[-84.1813,37.5839],[-84.1813,37.5838],[-84.1811,37.5839],[-84.1813,37.5839]]],[[[-84.2383,37.5882],[-84.2389,37.5881],[-84.2384,37.5884],[-84.2383,37.5882]]],[[[-84.238,37.5892],[-84.2371,37.5897],[-84.236,37.5896],[-84.2377,37.5886],[-84.238,37.5892]]],[[[-84.2014,37.5893],[-84.2019,37.5892],[-84.2015,37.5894],[-84.2014,37.5893]]],[[[-84.2279,37.5913],[-84.2267,37.5916],[-84.2265,37.5924],[-84.226,37.5916],[-84.2253,37.5916],[-84.2247,37.5924],[-84.2246,37.5919],[-84.2237,37.592],[-84.2239,37.5915],[-84.225,37.5912],[-84.2253,37.5907],[-84.2245,37.5902],[-84.2245,37.5899],[-84.2257,37.5898],[-84.2262,37.591],[-84.2274,37.5909],[-84.2279,37.5913]]],[[[-84.2369,37.5914],[-84.2372,37.5916],[-84.2366,37.5915],[-84.2369,37.5914]]],[[[-84.2467,37.597],[-84.2465,37.5968],[-84.2474,37.5962],[-84.2472,37.5968],[-84.2467,37.597]]],[[[-84.2496,37.6026],[-84.2495,37.6024],[-84.2499,37.602],[-84.2499,37.6025],[-84.2496,37.6026]]],[[[-84.2437,37.6031],[-84.2432,37.6034],[-84.2423,37.6033],[-84.2428,37.6028],[-84.2436,37.6028],[-84.2437,37.6031]]],[[[-84.2251,37.6101],[-84.2249,37.6092],[-84.2241,37.6093],[-84.2232,37.608],[-84.2247,37.6078],[-84.2244,37.6071],[-84.2249,37.6058],[-84.2235,37.6063],[-84.2234,37.6061],[-84.2249,37.6045],[-84.2323,37.6026],[-84.2384,37.5989],[-84.2438,37.5966],[-84.2433,37.5972],[-84.2448,37.5972],[-84.2451,37.5977],[-84.2466,37.5982],[-84.2469,37.5986],[-84.2467,37.5992],[-84.2461,37.5993],[-84.2454,37.5988],[-84.2447,37.5988],[-84.2448,37.5995],[-84.2442,37.5997],[-84.2421,37.5997],[-84.2411,37.6001],[-84.2429,37.6007],[-84.2425,37.6016],[-84.2405,37.6029],[-84.2414,37.6037],[-84.2408,37.6048],[-84.2391,37.6043],[-84.239,37.603],[-84.2383,37.6026],[-84.237,37.6031],[-84.2379,37.6039],[-84.2373,37.6049],[-84.2366,37.6048],[-84.2362,37.6043],[-84.2347,37.6035],[-84.2351,37.6042],[-84.2346,37.6051],[-84.2359,37.6053],[-84.236,37.6057],[-84.2355,37.6062],[-84.236,37.6068],[-84.2349,37.6071],[-84.2351,37.6076],[-84.2343,37.6081],[-84.2352,37.6085],[-84.2336,37.61],[-84.2275,37.6109],[-84.2266,37.6108],[-84.2263,37.6103],[-84.2255,37.6105],[-84.2251,37.6101]],[[-84.2296,37.6064],[-84.2287,37.6061],[-84.2283,37.6064],[-84.2283,37.607],[-84.2296,37.6064]]],[[[-84.2368,37.6064],[-84.2376,37.6065],[-84.2372,37.6069],[-84.2367,37.6067],[-84.2368,37.6064]]],[[[-84.1489,37.5596],[-84.1505,37.559],[-84.1504,37.5578],[-84.1488,37.5565],[-84.1488,37.5557],[-84.1515,37.5546],[-84.152,37.554],[-84.1522,37.5531],[-84.1526,37.5531],[-84.1534,37.5533],[-84.1533,37.5563],[-84.1538,37.5574],[-84.155,37.5592],[-84.1571,37.5613],[-84.1577,37.5613],[-84.1617,37.5601],[-84.1606,37.5618],[-84.1589,37.5635],[-84.1576,37.5636],[-84.1566,37.5633],[-84.1573,37.5645],[-84.1573,37.5653],[-84.1562,37.5666],[-84.1545,37.5703],[-84.1532,37.5711],[-84.1515,37.5713],[-84.1509,37.5712],[-84.1494,37.5703],[-84.1509,37.5723],[-84.1509,37.5727],[-84.15,37.5729],[-84.1495,37.5736],[-84.149,37.5737],[-84.1494,37.5746],[-84.1485,37.5751],[-84.1485,37.5755],[-84.1491,37.5757],[-84.1489,37.5765],[-84.1479,37.5764],[-84.1475,37.5768],[-84.1476,37.5772],[-84.1487,37.5773],[-84.1488,37.5777],[-84.1485,37.578],[-84.1491,37.5785],[-84.1484,37.5795],[-84.1495,37.58],[-84.1497,37.5822],[-84.149,37.5833],[-84.147,37.5835],[-84.1426,37.5831],[-84.1427,37.5811],[-84.1433,37.5809],[-84.1435,37.5802],[-84.144,37.58],[-84.1437,37.5766],[-84.1429,37.5761],[-84.1431,37.5778],[-84.1427,37.5791],[-84.141,37.5812],[-84.1399,37.5814],[-84.1393,37.5812],[-84.1378,37.5802],[-84.1369,37.579],[-84.1364,37.579],[-84.138,37.5816],[-84.1374,37.5825],[-84.138,37.5826],[-84.1387,37.5822],[-84.1394,37.5823],[-84.1401,37.5827],[-84.14,37.5835],[-84.1382,37.5837],[-84.1373,37.5841],[-84.1361,37.584],[-84.1353,37.5847],[-84.13,37.586],[-84.1288,37.586],[-84.1255,37.5844],[-84.1249,37.5844],[-84.1249,37.5819],[-84.1262,37.5817],[-84.1274,37.5819],[-84.1283,37.5832],[-84.1303,37.5838],[-84.1315,37.5833],[-84.1346,37.5811],[-84.1315,37.5791],[-84.1306,37.5792],[-84.1296,37.5797],[-84.1285,37.5795],[-84.1277,37.5786],[-84.1283,37.5778],[-84.1283,37.5766],[-84.1287,37.5761],[-84.1303,37.576],[-84.1314,37.5755],[-84.1362,37.5768],[-84.1385,37.5764],[-84.1394,37.5769],[-84.1397,37.5788],[-84.1402,37.5786],[-84.1404,37.577],[-84.1395,37.576],[-84.1392,37.5748],[-84.1382,37.5744],[-84.1369,37.5726],[-84.1336,37.5716],[-84.1326,37.5712],[-84.1324,37.5707],[-84.1349,37.5693],[-84.1344,37.5681],[-84.1345,37.5672],[-84.1363,37.5667],[-84.1377,37.565],[-84.1387,37.5639],[-84.1402,37.5633],[-84.1405,37.565],[-84.1409,37.5663],[-84.1402,37.5668],[-84.1401,37.5673],[-84.1417,37.568],[-84.1421,37.5689],[-84.1437,37.5691],[-84.1441,37.5688],[-84.1434,37.5672],[-84.1431,37.5647],[-84.1432,37.5641],[-84.1445,37.5636],[-84.1464,37.5639],[-84.1475,37.5644],[-84.1483,37.5637],[-84.1498,37.5637],[-84.151,37.5653],[-84.1528,37.5666],[-84.1539,37.5656],[-84.1542,37.565],[-84.1522,37.5625],[-84.1516,37.5621],[-84.1491,37.5629],[-84.1482,37.5627],[-84.1484,37.5621],[-84.1457,37.5595],[-84.1489,37.5596]],[[-84.1455,37.572],[-84.1469,37.5712],[-84.1463,37.5706],[-84.1448,37.5706],[-84.1442,37.5704],[-84.1438,37.5717],[-84.144,37.5724],[-84.1446,37.573],[-84.1455,37.572]],[[-84.1517,37.5684],[-84.1521,37.5689],[-84.1527,37.5685],[-84.1527,37.5678],[-84.1517,37.5684]]],[[[-84.181,37.5932],[-84.1816,37.5928],[-84.1812,37.5935],[-84.1817,37.594],[-84.1801,37.5942],[-84.1798,37.5934],[-84.1782,37.5919],[-84.1801,37.5927],[-84.1802,37.5931],[-84.181,37.5932]]],[[[-84.1804,37.5949],[-84.1806,37.5948],[-84.1804,37.5949],[-84.1804,37.5949]]],[[[-84.1533,37.5924],[-84.1545,37.5931],[-84.1553,37.593],[-84.1555,37.594],[-84.1564,37.5932],[-84.1607,37.5949],[-84.1618,37.5966],[-84.1616,37.5983],[-84.1624,37.5974],[-84.1624,37.5966],[-84.161,37.5948],[-84.1614,37.5943],[-84.1608,37.5945],[-84.1593,37.5939],[-84.1574,37.5926],[-84.1544,37.5916],[-84.1519,37.5899],[-84.1522,37.5894],[-84.152,37.5891],[-84.1535,37.5877],[-84.1552,37.5867],[-84.1586,37.5868],[-84.1611,37.5875],[-84.1615,37.588],[-84.165,37.5894],[-84.1671,37.5891],[-84.1682,37.5895],[-84.1689,37.59],[-84.1688,37.5906],[-84.1698,37.5904],[-84.1702,37.5899],[-84.1711,37.5898],[-84.1726,37.5908],[-84.1703,37.5916],[-84.1714,37.5921],[-84.1728,37.592],[-84.1726,37.5923],[-84.1702,37.5934],[-84.1708,37.5939],[-84.1719,37.5937],[-84.1716,37.5945],[-84.1705,37.595],[-84.169,37.5949],[-84.1681,37.5954],[-84.1669,37.5955],[-84.1662,37.5965],[-84.1642,37.597],[-84.164,37.5976],[-84.1643,37.5979],[-84.1665,37.5987],[-84.166,37.5998],[-84.1638,37.5998],[-84.1619,37.6013],[-84.1602,37.6019],[-84.1595,37.6016],[-84.1582,37.6026],[-84.1577,37.6019],[-84.1562,37.6018],[-84.1568,37.6014],[-84.1566,37.6009],[-84.1548,37.6005],[-84.1556,37.5995],[-84.1531,37.5985],[-84.1527,37.5963],[-84.1534,37.5938],[-84.1544,37.5942],[-84.1548,37.5937],[-84.1535,37.5929],[-84.1531,37.5925],[-84.1533,37.5924]],[[-84.1623,37.5902],[-84.16,37.5902],[-84.1588,37.589],[-84.1578,37.5886],[-84.1564,37.5885],[-84.1551,37.5892],[-84.1556,37.5898],[-84.1588,37.5908],[-84.1611,37.5921],[-84.1643,37.5918],[-84.166,37.5931],[-84.1665,37.5928],[-84.1669,37.592],[-84.1667,37.5914],[-84.164,37.5915],[-84.1623,37.5902]],[[-84.1555,37.5971],[-84.1551,37.5973],[-84.1577,37.5981],[-84.157,37.5972],[-84.1555,37.5971]]],[[[-84.1473,37.602],[-84.1461,37.6008],[-84.1474,37.6001],[-84.1473,37.6005],[-84.1478,37.6007],[-84.148,37.6013],[-84.1479,37.6019],[-84.1473,37.602]]],[[[-84.1482,37.6015],[-84.1484,37.6012],[-84.1485,37.6015],[-84.1482,37.6015]]],[[[-84.1732,37.6109],[-84.173,37.6105],[-84.1743,37.6096],[-84.1737,37.6103],[-84.1732,37.6109]]],[[[-84.1725,37.6121],[-84.1743,37.6096],[-84.176,37.6106],[-84.1752,37.6109],[-84.1755,37.6116],[-84.1774,37.6118],[-84.1778,37.6123],[-84.1765,37.6147],[-84.1763,37.6148],[-84.1764,37.6151],[-84.1759,37.615],[-84.1759,37.615],[-84.1755,37.6149],[-84.1754,37.6151],[-84.1751,37.6151],[-84.1752,37.6149],[-84.1754,37.6149],[-84.1735,37.6146],[-84.1737,37.6144],[-84.1722,37.6133],[-84.1724,37.6129],[-84.1732,37.6128],[-84.1725,37.6121]]],[[[-84.1813,37.6137],[-84.1813,37.6136],[-84.1815,37.6136],[-84.1813,37.6137]]],[[[-84.1271,37.6164],[-84.1285,37.6161],[-84.13,37.6148],[-84.131,37.6147],[-84.1326,37.6151],[-84.1347,37.6145],[-84.1361,37.6151],[-84.1365,37.6165],[-84.1384,37.6166],[-84.1396,37.6171],[-84.1416,37.6168],[-84.1445,37.6169],[-84.1464,37.6163],[-84.1485,37.6165],[-84.1503,37.6156],[-84.1518,37.6156],[-84.1524,37.6148],[-84.1523,37.6144],[-84.1518,37.6139],[-84.1493,37.6139],[-84.1481,37.6146],[-84.1467,37.6148],[-84.1458,37.6142],[-84.1454,37.6128],[-84.1445,37.6123],[-84.1431,37.6135],[-84.1426,37.6154],[-84.1415,37.6161],[-84.1374,37.6141],[-84.1371,37.6132],[-84.1358,37.6126],[-84.1334,37.613],[-84.1324,37.6128],[-84.1303,37.6115],[-84.1271,37.6118],[-84.1251,37.6113],[-84.1249,37.6076],[-84.1253,37.6079],[-84.1256,37.6076],[-84.1267,37.6079],[-84.1258,37.6085],[-84.1265,37.6085],[-84.1269,37.609],[-84.1278,37.6092],[-84.1289,37.6093],[-84.1289,37.6086],[-84.1403,37.61],[-84.1404,37.6105],[-84.142,37.6102],[-84.1458,37.6106],[-84.1569,37.611],[-84.1595,37.6107],[-84.161,37.6102],[-84.1616,37.6108],[-84.1618,37.6099],[-84.1628,37.6096],[-84.1702,37.6085],[-84.1697,37.6094],[-84.1703,37.6099],[-84.1696,37.6107],[-84.1708,37.6107],[-84.1707,37.6122],[-84.1689,37.6119],[-84.1678,37.6115],[-84.1674,37.6118],[-84.1667,37.6117],[-84.1674,37.6123],[-84.1671,37.6128],[-84.1678,37.6125],[-84.1683,37.6127],[-84.1701,37.6147],[-84.1688,37.6154],[-84.1695,37.616],[-84.167,37.6169],[-84.1605,37.6179],[-84.1544,37.6177],[-84.1435,37.6185],[-84.1325,37.6179],[-84.1319,37.618],[-84.1324,37.6184],[-84.1322,37.6189],[-84.1306,37.6184],[-84.1305,37.618],[-84.1273,37.6182],[-84.1271,37.6184],[-84.1269,37.6182],[-84.1249,37.6183],[-84.1249,37.6137],[-84.1276,37.6148],[-84.1277,37.6152],[-84.1271,37.6164]],[[-84.1571,37.6151],[-84.1569,37.616],[-84.1575,37.6162],[-84.1596,37.6163],[-84.1601,37.616],[-84.1593,37.6144],[-84.1571,37.6151]]],[[[-84.1798,37.6156],[-84.1777,37.6154],[-84.179,37.6153],[-84.179,37.6142],[-84.1799,37.6136],[-84.1806,37.6142],[-84.1798,37.6156]]],[[[-84.1437,37.6198],[-84.1433,37.6193],[-84.1426,37.6197],[-84.1419,37.6191],[-84.1411,37.6194],[-84.1405,37.6191],[-84.1396,37.6197],[-84.1387,37.6191],[-84.1383,37.6196],[-84.1376,37.6195],[-84.1378,37.6184],[-84.1435,37.6185],[-84.15,37.6181],[-84.1482,37.6189],[-84.1473,37.6185],[-84.1468,37.6199],[-84.1457,37.619],[-84.1443,37.6198],[-84.1437,37.6198]]],[[[-84.1295,37.5636],[-84.1299,37.5638],[-84.1309,37.5636],[-84.132,37.5629],[-84.1339,37.561],[-84.1342,37.5597],[-84.1347,37.5589],[-84.1359,37.5597],[-84.1367,37.5597],[-84.1389,37.5585],[-84.1389,37.5599],[-84.136,37.5626],[-84.1348,37.5651],[-84.1333,37.5669],[-84.1307,37.5678],[-84.1287,37.5695],[-84.1287,37.5699],[-84.1294,37.5706],[-84.1293,37.5713],[-84.1277,37.5723],[-84.1261,37.5726],[-84.1261,37.5741],[-84.1249,37.5752],[-84.1249,37.5653],[-84.1249,37.5561],[-84.1255,37.5578],[-84.1268,37.5582],[-84.1272,37.5605],[-84.1288,37.5608],[-84.1292,37.5631],[-84.1295,37.5636]]],[[[-84.1249,37.593],[-84.1249,37.5921],[-84.1259,37.5923],[-84.1254,37.5924],[-84.1249,37.593]]],[[[-84.1429,37.5978],[-84.1413,37.5973],[-84.1415,37.5964],[-84.1407,37.5955],[-84.1413,37.5956],[-84.1414,37.5949],[-84.1422,37.5953],[-84.1422,37.5947],[-84.1412,37.5943],[-84.1401,37.5945],[-84.1382,37.5941],[-84.1371,37.5934],[-84.1371,37.5928],[-84.1374,37.5926],[-84.1382,37.5928],[-84.1402,37.594],[-84.1421,37.5941],[-84.1433,37.5937],[-84.144,37.5938],[-84.1431,37.5947],[-84.1435,37.5949],[-84.1428,37.5962],[-84.1434,37.5964],[-84.1443,37.5962],[-84.1453,37.5964],[-84.1466,37.5956],[-84.1465,37.595],[-84.147,37.594],[-84.1459,37.5919],[-84.1459,37.5905],[-84.1471,37.5902],[-84.1475,37.5905],[-84.1484,37.5905],[-84.1494,37.5921],[-84.1486,37.5932],[-84.149,37.5936],[-84.1481,37.594],[-84.1479,37.5944],[-84.1487,37.5949],[-84.1496,37.5948],[-84.1492,37.5954],[-84.1494,37.5957],[-84.1491,37.5963],[-84.1485,37.5963],[-84.1483,37.5966],[-84.1466,37.5962],[-84.1461,37.5971],[-84.1468,37.5973],[-84.1464,37.5978],[-84.1469,37.5981],[-84.1457,37.5984],[-84.1457,37.5989],[-84.1448,37.5995],[-84.1443,37.5992],[-84.1438,37.5993],[-84.1437,37.599],[-84.1428,37.5985],[-84.1429,37.5978]]],[[[-84.1267,37.5923],[-84.128,37.5913],[-84.1261,37.5901],[-84.1274,37.5904],[-84.1288,37.5903],[-84.1302,37.5924],[-84.1302,37.5941],[-84.1306,37.5947],[-84.1297,37.5951],[-84.1296,37.596],[-84.1283,37.5969],[-84.129,37.5974],[-84.1295,37.5973],[-84.1282,37.5985],[-84.1286,37.5992],[-84.1269,37.6006],[-84.1278,37.6012],[-84.1275,37.6016],[-84.1279,37.6022],[-84.1271,37.602],[-84.1266,37.6012],[-84.1259,37.6011],[-84.1255,37.6007],[-84.1249,37.6008],[-84.1252,37.5959],[-84.1265,37.5949],[-84.1268,37.5943],[-84.127,37.5927],[-84.1267,37.5923]]],[[[-84.134,37.5998],[-84.1355,37.6],[-84.1357,37.6002],[-84.134,37.5998]]],[[[-84.137,37.6004],[-84.1368,37.6005],[-84.1368,37.6004],[-84.137,37.6004]]],[[[-84.1292,37.6007],[-84.1293,37.6008],[-84.1289,37.6007],[-84.1292,37.6007]]],[[[-84.1297,37.6009],[-84.13,37.6008],[-84.1303,37.6009],[-84.1301,37.6009],[-84.1297,37.6009]]],[[[-84.1273,37.603],[-84.127,37.6033],[-84.1267,37.6033],[-84.1272,37.603],[-84.1273,37.603]]],[[[-84.1342,37.618],[-84.1343,37.618],[-84.1348,37.6181],[-84.1344,37.6182],[-84.1342,37.618]]],[[[-84.1367,37.6183],[-84.1359,37.6188],[-84.1355,37.6182],[-84.1364,37.6183],[-84.1367,37.6183]]]]}},{"type":"Feature","properties":{"quadrangle_name":"Clay City"},"geometry":{"type":"MultiPolygon","coordinates":[[[[-83.989,37.7504],[-83.9879,37.7501],[-83.9885,37.7501],[-83.989,37.7504]]],[[[-83.9885,37.763],[-83.9883,37.763],[-83.9884,37.7629],[-83.9885,37.763]]],[[[-83.9916,37.7668],[-83.9912,37.7668],[-83.9913,37.7661],[-83.9915,37.7661],[-83.9916,37.7668]]],[[[-83.9912,37.767],[-83.9908,37.7671],[-83.9911,37.7669],[-83.9912,37.767]]],[[[-83.9901,37.7672],[-83.9901,37.767],[-83.9904,37.7672],[-83.9901,37.7672]]],[[[-83.9898,37.7675],[-83.9899,37.7676],[-83.9895,37.7677],[-83.9898,37.7675]]],[[[-83.9911,37.772],[-83.9908,37.7721],[-83.9907,37.7718],[-83.9909,37.7717],[-83.9911,37.772]]],[[[-83.9889,37.7726],[-83.9886,37.7731],[-83.9885,37.7726],[-83.9887,37.7723],[-83.9889,37.7726]]],[[[-83.998,37.7863],[-83.9983,37.7857],[-83.9973,37.7859],[-83.9974,37.7855],[-83.9964,37.7858],[-83.9959,37.7853],[-83.9968,37.7846],[-83.9957,37.7848],[-83.9952,37.7841],[-83.9949,37.7843],[-83.9946,37.7841],[-83.994,37.7831],[-83.9942,37.7826],[-83.9936,37.7823],[-83.9944,37.7819],[-83.9931,37.7812],[-83.9931,37.7802],[-83.9943,37.7794],[-83.9952,37.7817],[-83.9955,37.7809],[-83.9953,37.7793],[-83.9964,37.7802],[-83.9951,37.7777],[-83.9962,37.7784],[-83.9965,37.7783],[-83.997,37.7789],[-83.9973,37.7781],[-83.9992,37.7775],[-83.9999,37.7767],[-83.9994,37.7785],[-83.9999,37.7785],[-83.9999,37.7861],[-83.9986,37.7881],[-83.9984,37.7877],[-83.999,37.7867],[-83.9985,37.7864],[-83.9975,37.7869],[-83.997,37.7867],[-83.998,37.7863]]],[[[-83.9884,37.8078],[-83.9881,37.8084],[-83.9882,37.8077],[-83.9884,37.8078]]],[[[-83.9894,37.8105],[-83.9878,37.8108],[-83.9874,37.8114],[-83.9866,37.8106],[-83.987,37.8102],[-83.9871,37.8094],[-83.9878,37.8093],[-83.9876,37.81],[-83.988,37.8103],[-83.9892,37.8096],[-83.9907,37.8099],[-83.9897,37.8101],[-83.9894,37.8105]]],[[[-83.9895,37.8112],[-83.9899,37.8111],[-83.9895,37.8135],[-83.9895,37.8112]]],[[[-83.9932,37.8129],[-83.9929,37.8126],[-83.9933,37.8124],[-83.9932,37.8129]]],[[[-83.9862,37.8116],[-83.9857,37.8124],[-83.986,37.8129],[-83.9853,37.8131],[-83.9844,37.8139],[-83.9845,37.8133],[-83.9853,37.8127],[-83.9862,37.8116]]],[[[-83.9933,37.8137],[-83.9932,37.8138],[-83.993,37.8135],[-83.9933,37.8137]]],[[[-83.9889,37.8137],[-83.9891,37.8137],[-83.9892,37.8141],[-83.9889,37.8137]]],[[[-83.9939,37.8167],[-83.9943,37.8169],[-83.9939,37.817],[-83.9939,37.8167]]],[[[-83.9857,37.8161],[-83.9856,37.8167],[-83.9858,37.8169],[-83.9852,37.8176],[-83.9849,37.8174],[-83.985,37.8162],[-83.9857,37.8161]]],[[[-83.9997,37.8178],[-83.9999,37.8176],[-83.9999,37.8179],[-83.9997,37.8178]]],[[[-83.9994,37.818],[-83.9991,37.8187],[-83.9981,37.8184],[-83.9989,37.8178],[-83.9994,37.818]]],[[[-83.9895,37.8182],[-83.9892,37.8182],[-83.9895,37.8179],[-83.9895,37.8182]]],[[[-83.9914,37.8193],[-83.9918,37.8193],[-83.9918,37.8195],[-83.9912,37.8194],[-83.9914,37.8193]]],[[[-83.9992,37.8208],[-83.9999,37.8201],[-83.9999,37.8208],[-83.9989,37.8212],[-83.9988,37.8218],[-83.9984,37.8219],[-83.9973,37.8209],[-83.9981,37.8206],[-83.9984,37.8209],[-83.9992,37.8208]]],[[[-83.9829,37.861],[-83.9832,37.8612],[-83.983,37.8615],[-83.9826,37.8613],[-83.9829,37.861]]],[[[-83.9839,37.8622],[-83.9839,37.8623],[-83.9838,37.8623],[-83.9839,37.8622]]],[[[-83.984,37.8631],[-83.9838,37.8632],[-83.984,37.863],[-83.984,37.8631]]],[[[-83.9836,37.8651],[-83.9841,37.8652],[-83.9833,37.8653],[-83.9836,37.8651]]],[[[-83.9825,37.8662],[-83.9836,37.8662],[-83.9828,37.8665],[-83.9826,37.8669],[-83.9834,37.8674],[-83.9825,37.8672],[-83.9823,37.8665],[-83.9817,37.8664],[-83.9822,37.8659],[-83.9825,37.8662]]],[[[-83.9871,37.8666],[-83.9871,37.8675],[-83.9866,37.8678],[-83.9859,37.8677],[-83.9863,37.8665],[-83.9871,37.8666]]],[[[-83.9839,37.8677],[-83.984,37.8678],[-83.9837,37.8681],[-83.9839,37.8677]]],[[[-83.9921,37.8682],[-83.9922,37.8681],[-83.9922,37.8682],[-83.9921,37.8682]]],[[[-83.9838,37.8691],[-83.984,37.8689],[-83.984,37.869],[-83.9838,37.8691]]],[[[-83.9848,37.8693],[-83.9845,37.8695],[-83.9845,37.8692],[-83.9848,37.8693]]],[[[-83.9855,37.8698],[-83.9853,37.8696],[-83.9857,37.8694],[-83.9858,37.8696],[-83.9855,37.8698]]],[[[-83.9845,37.8709],[-83.9838,37.8708],[-83.9844,37.8706],[-83.9845,37.8709]]],[[[-83.9795,37.7501],[-83.9805,37.7501],[-83.9797,37.7503],[-83.9795,37.7501]]],[[[-83.9855,37.7516],[-83.9856,37.7508],[-83.985,37.7507],[-83.9849,37.7511],[-83.9842,37.7514],[-83.9845,37.7522],[-83.9842,37.7524],[-83.9831,37.7522],[-83.9834,37.7508],[-83.9821,37.7508],[-83.9816,37.7518],[-83.981,37.7513],[-83.9802,37.7513],[-83.9813,37.7508],[-83.9816,37.7504],[-83.9812,37.7501],[-83.987,37.7501],[-83.9891,37.752],[-83.9888,37.7521],[-83.9878,37.751],[-83.9869,37.7513],[-83.9864,37.7512],[-83.9863,37.7522],[-83.9855,37.7516]]],[[[-83.9797,37.7555],[-83.9792,37.7549],[-83.9798,37.7546],[-83.9794,37.7538],[-83.9803,37.754],[-83.9802,37.7534],[-83.9806,37.7535],[-83.981,37.753],[-83.9811,37.754],[-83.9816,37.7541],[-83.982,37.7538],[-83.9826,37.7539],[-83.9823,37.7544],[-83.9811,37.7544],[-83.9807,37.7549],[-83.9811,37.7555],[-83.9823,37.7556],[-83.9842,37.755],[-83.9846,37.7555],[-83.9837,37.7553],[-83.9827,37.7557],[-83.9825,37.7562],[-83.983,37.7567],[-83.9826,37.7566],[-83.9823,37.7559],[-83.9813,37.7556],[-83.9809,37.7563],[-83.9803,37.7552],[-83.9797,37.7555]]],[[[-83.9861,37.7557],[-83.9865,37.7555],[-83.9862,37.7558],[-83.9861,37.7557]]],[[[-83.9843,37.7572],[-83.9845,37.7571],[-83.9845,37.7571],[-83.9843,37.7572]]],[[[-83.9831,37.8118],[-83.9829,37.8114],[-83.9832,37.8112],[-83.9837,37.8116],[-83.9831,37.8118]]],[[[-83.9806,37.8131],[-83.9799,37.8143],[-83.9797,37.8143],[-83.9798,37.8138],[-83.9806,37.8131]]],[[[-83.9849,37.8144],[-83.9848,37.8155],[-83.9841,37.8157],[-83.9834,37.8155],[-83.9832,37.8163],[-83.9825,37.8166],[-83.9824,37.8157],[-83.9834,37.8148],[-83.9835,37.8142],[-83.9841,37.8139],[-83.9849,37.8144]]],[[[-83.9702,37.8175],[-83.9707,37.8177],[-83.9703,37.8182],[-83.9702,37.8175]]],[[[-83.9711,37.8193],[-83.9707,37.8195],[-83.9708,37.8193],[-83.9711,37.8193]]],[[[-83.9737,37.8214],[-83.9727,37.8225],[-83.9725,37.8226],[-83.9725,37.822],[-83.9737,37.8214]]],[[[-83.9731,37.8232],[-83.9728,37.8234],[-83.9727,37.8234],[-83.9728,37.8232],[-83.9731,37.8232]]],[[[-83.9798,37.8508],[-83.9796,37.8511],[-83.9788,37.8512],[-83.9798,37.8508]]],[[[-83.9718,37.8515],[-83.9723,37.8528],[-83.9711,37.8519],[-83.9719,37.8509],[-83.9723,37.851],[-83.9718,37.8515]]],[[[-83.9755,37.8521],[-83.9758,37.8519],[-83.9758,37.8521],[-83.9755,37.8521]]],[[[-83.9747,37.8523],[-83.9747,37.8524],[-83.9743,37.8524],[-83.9747,37.8523]]],[[[-83.9697,37.8535],[-83.9698,37.8523],[-83.9706,37.8517],[-83.9701,37.8526],[-83.9704,37.8534],[-83.9692,37.8538],[-83.9697,37.8535]]],[[[-83.9748,37.8533],[-83.975,37.8535],[-83.9746,37.8536],[-83.9748,37.8533]]],[[[-83.9717,37.8552],[-83.9718,37.8554],[-83.9705,37.856],[-83.9697,37.8555],[-83.9717,37.8552]]],[[[-83.9742,37.8586],[-83.9743,37.8582],[-83.9748,37.8581],[-83.9752,37.8583],[-83.9742,37.8586]]],[[[-83.9705,37.8595],[-83.9708,37.86],[-83.9691,37.8599],[-83.9697,37.8598],[-83.9702,37.859],[-83.971,37.859],[-83.9713,37.858],[-83.9718,37.8579],[-83.9715,37.8589],[-83.9705,37.8595]]],[[[-83.9681,37.8599],[-83.9685,37.8601],[-83.9681,37.86],[-83.9681,37.8599]]],[[[-83.9764,37.8632],[-83.9763,37.863],[-83.9767,37.863],[-83.9766,37.8632],[-83.9764,37.8632]]],[[[-83.9686,37.8647],[-83.9688,37.8648],[-83.9686,37.8648],[-83.9686,37.8647]]],[[[-83.9812,37.8654],[-83.9814,37.8654],[-83.9813,37.8655],[-83.9812,37.8654]]],[[[-83.9751,37.8653],[-83.976,37.8654],[-83.9751,37.8658],[-83.9745,37.8669],[-83.9745,37.8657],[-83.9736,37.8651],[-83.9744,37.8652],[-83.9749,37.8647],[-83.9751,37.8653]]],[[[-83.9806,37.8669],[-83.9804,37.867],[-83.9806,37.8668],[-83.9806,37.8669]]],[[[-83.9713,37.8685],[-83.9713,37.8678],[-83.9714,37.8683],[-83.9713,37.8685]]],[[[-83.9746,37.869],[-83.976,37.8684],[-83.976,37.8684],[-83.9746,37.869]]],[[[-83.9706,37.8692],[-83.9713,37.8687],[-83.9713,37.8703],[-83.9703,37.8721],[-83.9699,37.8751],[-83.9694,37.8751],[-83.97,37.873],[-83.97,37.8719],[-83.9705,37.8715],[-83.9702,37.8709],[-83.9709,37.8707],[-83.971,37.8703],[-83.9706,37.8692]]],[[[-83.9761,37.8701],[-83.9763,37.8705],[-83.9758,37.8709],[-83.9759,37.8715],[-83.9753,37.8718],[-83.9749,37.8731],[-83.9752,37.8734],[-83.9748,37.8739],[-83.9752,37.8747],[-83.9745,37.8751],[-83.9747,37.8735],[-83.9745,37.8728],[-83.9751,37.8721],[-83.975,37.8714],[-83.9756,37.871],[-83.9753,37.8706],[-83.9761,37.8701]]],[[[-83.9785,37.874],[-83.9781,37.8739],[-83.9784,37.8729],[-83.9785,37.873],[-83.9785,37.874]]],[[[-83.9804,37.8751],[-83.9798,37.8751],[-83.9794,37.8747],[-83.9804,37.8743],[-83.9802,37.8732],[-83.9807,37.8721],[-83.9804,37.8737],[-83.9812,37.874],[-83.9802,37.8746],[-83.9804,37.8751]]],[[[-83.9676,37.874],[-83.9682,37.8729],[-83.9683,37.8751],[-83.9671,37.8751],[-83.9679,37.8747],[-83.9676,37.874]]],[[[-83.9727,37.8738],[-83.973,37.8736],[-83.9735,37.8738],[-83.9737,37.8751],[-83.9728,37.8751],[-83.9734,37.8745],[-83.9727,37.8738]]],[[[-83.9518,37.7501],[-83.9522,37.7501],[-83.9522,37.7503],[-83.9522,37.7503],[-83.9518,37.7501]]],[[[-83.9643,37.7936],[-83.9645,37.7927],[-83.9691,37.7905],[-83.9713,37.7908],[-83.9718,37.7906],[-83.9713,37.7893],[-83.969,37.7882],[-83.9701,37.7862],[-83.971,37.7853],[-83.9723,37.7857],[-83.9729,37.7851],[-83.9733,37.7838],[-83.9754,37.7826],[-83.9764,37.7827],[-83.9776,37.7837],[-83.9784,37.7839],[-83.9802,37.7809],[-83.9765,37.7809],[-83.9746,37.7798],[-83.9724,37.7819],[-83.9705,37.7821],[-83.9701,37.7802],[-83.9682,37.7792],[-83.9674,37.7769],[-83.9675,37.7751],[-83.969,37.7741],[-83.9715,37.7735],[-83.9723,37.7729],[-83.9708,37.773],[-83.9684,37.7721],[-83.9675,37.7708],[-83.9678,37.7697],[-83.9672,37.7691],[-83.9613,37.7699],[-83.9588,37.7721],[-83.9576,37.7726],[-83.9556,37.7726],[-83.955,37.7707],[-83.9549,37.7685],[-83.9536,37.7687],[-83.9529,37.768],[-83.952,37.7677],[-83.9521,37.7665],[-83.9529,37.7651],[-83.9511,37.765],[-83.9493,37.7653],[-83.9485,37.7652],[-83.9483,37.7648],[-83.9484,37.764],[-83.9511,37.7601],[-83.9512,37.7593],[-83.9498,37.7599],[-83.9486,37.7624],[-83.9472,37.7637],[-83.9459,37.7636],[-83.9454,37.7632],[-83.9453,37.7626],[-83.9445,37.7622],[-83.9408,37.7641],[-83.9387,37.7646],[-83.9354,37.7645],[-83.935,37.763],[-83.9378,37.7615],[-83.941,37.757],[-83.9437,37.7553],[-83.9439,37.7546],[-83.9416,37.7539],[-83.9409,37.754],[-83.9406,37.7558],[-83.9388,37.7569],[-83.9382,37.759],[-83.9366,37.7601],[-83.9354,37.7595],[-83.9338,37.7596],[-83.9328,37.76],[-83.9326,37.761],[-83.9321,37.7612],[-83.9308,37.7608],[-83.9288,37.7607],[-83.9281,37.76],[-83.9269,37.7597],[-83.9274,37.7593],[-83.9296,37.7589],[-83.9309,37.7576],[-83.9312,37.7565],[-83.9289,37.7558],[-83.9313,37.7535],[-83.9314,37.7528],[-83.9307,37.7516],[-83.9325,37.7507],[-83.9343,37.7501],[-83.9388,37.7501],[-83.9381,37.7509],[-83.9381,37.7511],[-83.9391,37.7501],[-83.9504,37.7501],[-83.9502,37.7505],[-83.9512,37.7504],[-83.9515,37.7506],[-83.9509,37.7512],[-83.9516,37.7515],[-83.9499,37.7516],[-83.9513,37.7523],[-83.9509,37.7526],[-83.9491,37.7523],[-83.9492,37.7529],[-83.9505,37.7534],[-83.9496,37.7546],[-83.949,37.7544],[-83.9486,37.7551],[-83.949,37.7552],[-83.9472,37.7568],[-83.9468,37.7575],[-83.9472,37.757],[-83.9488,37.7562],[-83.9492,37.7564],[-83.9493,37.756],[-83.95,37.7561],[-83.9503,37.7558],[-83.9505,37.7562],[-83.9509,37.7559],[-83.9513,37.7563],[-83.9508,37.7553],[-83.9512,37.755],[-83.9527,37.7564],[-83.9524,37.7553],[-83.9528,37.7549],[-83.9525,37.7543],[-83.9537,37.7542],[-83.9538,37.7551],[-83.9546,37.755],[-83.9548,37.7532],[-83.9554,37.7534],[-83.9553,37.7544],[-83.9565,37.7541],[-83.9572,37.755],[-83.9548,37.7562],[-83.9559,37.7564],[-83.9579,37.756],[-83.9581,37.7572],[-83.957,37.758],[-83.9563,37.7581],[-83.9572,37.7586],[-83.957,37.759],[-83.9591,37.7574],[-83.9603,37.7588],[-83.9602,37.7597],[-83.9608,37.7596],[-83.9615,37.7603],[-83.9614,37.7618],[-83.9623,37.7626],[-83.9617,37.7622],[-83.9611,37.763],[-83.9614,37.7631],[-83.9634,37.7625],[-83.9626,37.7623],[-83.9623,37.7619],[-83.9624,37.7601],[-83.9629,37.7598],[-83.9623,37.7598],[-83.9621,37.7594],[-83.9628,37.7588],[-83.9619,37.7588],[-83.9614,37.7585],[-83.9616,37.7582],[-83.961,37.7571],[-83.9615,37.7567],[-83.9607,37.7562],[-83.9615,37.7559],[-83.9613,37.7553],[-83.9618,37.7552],[-83.9615,37.7549],[-83.962,37.7547],[-83.9611,37.7546],[-83.9603,37.7539],[-83.9615,37.7536],[-83.9625,37.7539],[-83.9621,37.7533],[-83.9624,37.7531],[-83.9637,37.7527],[-83.9623,37.7523],[-83.9617,37.7527],[-83.9607,37.7527],[-83.9606,37.752],[-83.9596,37.7523],[-83.9595,37.7517],[-83.9589,37.7516],[-83.9591,37.7509],[-83.9589,37.7506],[-83.9583,37.751],[-83.958,37.7507],[-83.9581,37.7501],[-83.9697,37.7501],[-83.969,37.7512],[-83.9702,37.7504],[-83.9704,37.7505],[-83.9705,37.7501],[-83.9759,37.7501],[-83.976,37.7507],[-83.9777,37.7503],[-83.9778,37.7509],[-83.977,37.7518],[-83.9776,37.7525],[-83.9786,37.7517],[-83.9785,37.7527],[-83.9772,37.7532],[-83.9784,37.7537],[-83.9787,37.755],[-83.9783,37.7554],[-83.9787,37.7559],[-83.9782,37.7565],[-83.9787,37.7571],[-83.9781,37.7571],[-83.9781,37.7579],[-83.9775,37.758],[-83.9776,37.7584],[-83.9762,37.7594],[-83.9758,37.7602],[-83.9795,37.7584],[-83.9802,37.7585],[-83.9804,37.7589],[-83.9812,37.759],[-83.9808,37.7592],[-83.9797,37.7589],[-83.9785,37.7592],[-83.9786,37.7598],[-83.9799,37.76],[-83.9798,37.7602],[-83.9782,37.76],[-83.977,37.7603],[-83.977,37.7606],[-83.9791,37.7609],[-83.9791,37.7614],[-83.9782,37.7619],[-83.9791,37.7622],[-83.9772,37.7622],[-83.9763,37.7619],[-83.9767,37.7625],[-83.9765,37.7629],[-83.9772,37.7628],[-83.9778,37.7631],[-83.9778,37.7633],[-83.9771,37.764],[-83.9767,37.7638],[-83.976,37.764],[-83.9766,37.7645],[-83.9764,37.7651],[-83.9754,37.7658],[-83.9753,37.7664],[-83.9744,37.7663],[-83.9746,37.7667],[-83.9743,37.7673],[-83.9727,37.7683],[-83.974,37.7682],[-83.9751,37.7676],[-83.9752,37.768],[-83.9769,37.7683],[-83.9761,37.7671],[-83.9764,37.7667],[-83.978,37.7666],[-83.9777,37.7659],[-83.9791,37.7657],[-83.9787,37.7652],[-83.9791,37.7649],[-83.9801,37.7655],[-83.98,37.7641],[-83.9809,37.7641],[-83.9811,37.7653],[-83.9814,37.7655],[-83.9819,37.7641],[-83.9832,37.7647],[-83.9827,37.7632],[-83.9831,37.7633],[-83.9834,37.7627],[-83.9837,37.7634],[-83.9834,37.7656],[-83.984,37.7654],[-83.9847,37.7642],[-83.9851,37.7645],[-83.9846,37.7654],[-83.9849,37.7657],[-83.9865,37.7649],[-83.9869,37.764],[-83.9874,37.7642],[-83.9875,37.7645],[-83.987,37.7648],[-83.987,37.7652],[-83.9864,37.7651],[-83.9858,37.7658],[-83.9865,37.7659],[-83.9862,37.7663],[-83.9866,37.7666],[-83.9882,37.7664],[-83.9878,37.7668],[-83.9865,37.7669],[-83.9848,37.7661],[-83.9835,37.7663],[-83.9837,37.7667],[-83.9847,37.7666],[-83.9851,37.7669],[-83.984,37.7675],[-83.9853,37.7675],[-83.9859,37.7678],[-83.9842,37.7681],[-83.9861,37.7689],[-83.9845,37.7693],[-83.9833,37.7689],[-83.9832,37.7692],[-83.9837,37.7696],[-83.9841,37.7703],[-83.9837,37.7706],[-83.9826,37.7702],[-83.983,37.7711],[-83.9828,37.7713],[-83.9824,37.7713],[-83.9818,37.7704],[-83.9814,37.7709],[-83.9812,37.7705],[-83.9808,37.7707],[-83.9804,37.7704],[-83.9806,37.7716],[-83.9798,37.7719],[-83.9788,37.7708],[-83.979,37.7699],[-83.9787,37.7698],[-83.9782,37.7703],[-83.9777,37.7695],[-83.9763,37.7692],[-83.976,37.7694],[-83.9769,37.77],[-83.9766,37.7703],[-83.9773,37.7705],[-83.9774,37.7707],[-83.9767,37.771],[-83.9769,37.7713],[-83.9778,37.7712],[-83.9782,37.7717],[-83.9779,37.7721],[-83.9786,37.7723],[-83.9776,37.7724],[-83.9772,37.7727],[-83.979,37.7731],[-83.9778,37.7743],[-83.9767,37.7736],[-83.9772,37.7747],[-83.9761,37.7751],[-83.9765,37.7754],[-83.976,37.7757],[-83.9756,37.7756],[-83.9759,37.776],[-83.9743,37.7766],[-83.9765,37.7762],[-83.9768,37.7764],[-83.9776,37.7759],[-83.9779,37.7762],[-83.9783,37.7759],[-83.9793,37.7766],[-83.9795,37.7756],[-83.98,37.7753],[-83.9809,37.776],[-83.9809,37.7751],[-83.9826,37.7755],[-83.9825,37.7751],[-83.9811,37.7744],[-83.9814,37.7739],[-83.9827,37.7747],[-83.9833,37.7739],[-83.9836,37.7752],[-83.9841,37.7751],[-83.9843,37.7757],[-83.9847,37.7747],[-83.9842,37.7736],[-83.9844,37.7731],[-83.9847,37.7735],[-83.9853,37.7735],[-83.9849,37.7749],[-83.9853,37.7755],[-83.9857,37.7748],[-83.9862,37.775],[-83.9865,37.7747],[-83.9869,37.7721],[-83.9873,37.7729],[-83.9867,37.7739],[-83.987,37.7744],[-83.9879,37.7741],[-83.9876,37.7748],[-83.9887,37.7747],[-83.9902,37.7736],[-83.9901,37.7743],[-83.9897,37.7744],[-83.9896,37.7748],[-83.9864,37.7756],[-83.9866,37.7759],[-83.9896,37.776],[-83.9889,37.7764],[-83.9882,37.7762],[-83.9869,37.7762],[-83.9868,37.7766],[-83.988,37.7771],[-83.9875,37.7774],[-83.9867,37.7769],[-83.986,37.777],[-83.9864,37.7775],[-83.9869,37.7776],[-83.9862,37.778],[-83.9874,37.7781],[-83.9873,37.7785],[-83.9865,37.7787],[-83.9876,37.7791],[-83.9881,37.7788],[-83.9879,37.7794],[-83.9883,37.7796],[-83.989,37.7794],[-83.9897,37.7784],[-83.9903,37.7787],[-83.9904,37.7782],[-83.9909,37.7779],[-83.9911,37.7788],[-83.9917,37.7789],[-83.9877,37.7799],[-83.9865,37.7809],[-83.9862,37.7816],[-83.9876,37.7811],[-83.9883,37.7804],[-83.9888,37.7804],[-83.9891,37.7807],[-83.9896,37.7804],[-83.9909,37.7805],[-83.9906,37.7812],[-83.9913,37.7811],[-83.9913,37.7816],[-83.9917,37.7817],[-83.9916,37.7822],[-83.9926,37.7818],[-83.9925,37.7826],[-83.993,37.7827],[-83.9933,37.7834],[-83.9941,37.7842],[-83.9944,37.7854],[-83.9942,37.786],[-83.9948,37.786],[-83.9947,37.7867],[-83.9951,37.787],[-83.9942,37.787],[-83.9945,37.7875],[-83.9937,37.789],[-83.9926,37.7896],[-83.9937,37.7895],[-83.9953,37.7883],[-83.9941,37.7894],[-83.9941,37.7898],[-83.9964,37.7889],[-83.9965,37.7891],[-83.9956,37.7896],[-83.9956,37.79],[-83.9935,37.7903],[-83.993,37.791],[-83.9931,37.7913],[-83.9934,37.7916],[-83.9943,37.7911],[-83.9946,37.7916],[-83.9954,37.7912],[-83.996,37.7914],[-83.9978,37.7904],[-83.9971,37.7913],[-83.9956,37.7919],[-83.9944,37.792],[-83.9947,37.7923],[-83.9944,37.7928],[-83.9948,37.7934],[-83.9954,37.793],[-83.9956,37.7938],[-83.9967,37.7936],[-83.9972,37.7941],[-83.9977,37.7937],[-83.9978,37.7926],[-83.9984,37.7925],[-83.9984,37.7936],[-83.9975,37.7942],[-83.9975,37.7949],[-83.9961,37.7944],[-83.9958,37.7953],[-83.9952,37.7951],[-83.9947,37.7953],[-83.9947,37.7947],[-83.9936,37.7949],[-83.995,37.7942],[-83.9945,37.7939],[-83.994,37.7925],[-83.9935,37.7923],[-83.9931,37.7928],[-83.9924,37.7924],[-83.9918,37.7932],[-83.9916,37.7931],[-83.9923,37.792],[-83.9922,37.7915],[-83.9919,37.7912],[-83.9907,37.7923],[-83.9913,37.7914],[-83.9905,37.7915],[-83.9901,37.7911],[-83.9897,37.7918],[-83.9891,37.7919],[-83.9884,37.7932],[-83.9874,37.7929],[-83.9881,37.7923],[-83.988,37.792],[-83.9897,37.7911],[-83.9899,37.7907],[-83.9883,37.791],[-83.9878,37.7906],[-83.9865,37.7918],[-83.9857,37.7917],[-83.9865,37.7907],[-83.9861,37.7904],[-83.9853,37.7908],[-83.984,37.7908],[-83.984,37.79],[-83.9851,37.7899],[-83.9846,37.7896],[-83.9848,37.7891],[-83.9841,37.7889],[-83.983,37.7899],[-83.9828,37.7884],[-83.9831,37.788],[-83.9826,37.7876],[-83.9826,37.7863],[-83.9819,37.7872],[-83.9814,37.7873],[-83.9817,37.7877],[-83.9817,37.7887],[-83.9812,37.7894],[-83.9801,37.7887],[-83.9799,37.7891],[-83.9786,37.7885],[-83.9784,37.7886],[-83.978,37.7884],[-83.9774,37.7884],[-83.9785,37.7893],[-83.9784,37.7898],[-83.9802,37.7904],[-83.9804,37.791],[-83.9797,37.7914],[-83.9781,37.7909],[-83.9789,37.7916],[-83.9772,37.792],[-83.9753,37.7932],[-83.9762,37.7931],[-83.9768,37.7938],[-83.9773,37.7933],[-83.9776,37.7938],[-83.9778,37.7933],[-83.9795,37.7932],[-83.9797,37.7938],[-83.9794,37.7944],[-83.9799,37.7949],[-83.9807,37.7934],[-83.9813,37.7931],[-83.9818,37.7936],[-83.9808,37.7947],[-83.9807,37.796],[-83.9812,37.7958],[-83.9816,37.795],[-83.9821,37.7948],[-83.9827,37.7954],[-83.9814,37.7964],[-83.9824,37.7966],[-83.9829,37.7963],[-83.9836,37.7963],[-83.9841,37.7957],[-83.9843,37.7966],[-83.985,37.7966],[-83.9842,37.797],[-83.9834,37.7966],[-83.9825,37.7969],[-83.9831,37.7977],[-83.9837,37.7978],[-83.9833,37.798],[-83.9811,37.7968],[-83.9813,37.7974],[-83.9819,37.7977],[-83.9821,37.7984],[-83.9806,37.7981],[-83.9817,37.799],[-83.9801,37.7985],[-83.9807,37.7995],[-83.9798,37.8],[-83.9789,37.8],[-83.9782,37.8006],[-83.9792,37.801],[-83.9803,37.801],[-83.9817,37.8005],[-83.9819,37.8013],[-83.9826,37.8015],[-83.9825,37.8002],[-83.9836,37.7999],[-83.9835,37.8013],[-83.9839,37.8013],[-83.9838,37.8021],[-83.9842,37.8029],[-83.9847,37.8016],[-83.9847,37.8001],[-83.9869,37.7989],[-83.9877,37.7988],[-83.9879,37.7992],[-83.985,37.8005],[-83.9854,37.8007],[-83.9852,37.801],[-83.9855,37.8012],[-83.9853,37.802],[-83.9864,37.8015],[-83.9857,37.8031],[-83.987,37.8023],[-83.9875,37.8013],[-83.9876,37.8017],[-83.988,37.8016],[-83.9886,37.8006],[-83.9892,37.8007],[-83.9891,37.8014],[-83.9874,37.8021],[-83.987,37.8025],[-83.9872,37.803],[-83.9856,37.8036],[-83.9851,37.8042],[-83.9877,37.8038],[-83.9891,37.8029],[-83.9893,37.8032],[-83.9902,37.8029],[-83.99,37.8038],[-83.9894,37.8034],[-83.9891,37.8037],[-83.9855,37.8045],[-83.9851,37.805],[-83.9839,37.8045],[-83.9844,37.8057],[-83.9837,37.8059],[-83.9837,37.8064],[-83.9832,37.8068],[-83.9827,37.8068],[-83.9831,37.8071],[-83.982,37.8082],[-83.9828,37.8081],[-83.9831,37.8083],[-83.984,37.8072],[-83.9856,37.8071],[-83.9844,37.8075],[-83.9846,37.8081],[-83.9838,37.8088],[-83.9858,37.8085],[-83.9852,37.8089],[-83.9854,37.8093],[-83.9844,37.8095],[-83.985,37.81],[-83.984,37.8102],[-83.9843,37.8108],[-83.9834,37.8109],[-83.983,37.8103],[-83.982,37.8113],[-83.9819,37.8124],[-83.9813,37.8129],[-83.9806,37.8127],[-83.982,37.8105],[-83.9816,37.8096],[-83.9805,37.8108],[-83.9801,37.8103],[-83.9803,37.8096],[-83.9799,37.8092],[-83.9791,37.8102],[-83.9789,37.8115],[-83.9782,37.8118],[-83.9779,37.8128],[-83.9774,37.8123],[-83.9775,37.8116],[-83.9781,37.8111],[-83.9778,37.8105],[-83.9789,37.8094],[-83.9785,37.8091],[-83.9776,37.8094],[-83.9771,37.8088],[-83.9762,37.8088],[-83.9765,37.8095],[-83.9756,37.8094],[-83.9755,37.8091],[-83.9751,37.8092],[-83.9747,37.8089],[-83.9748,37.8079],[-83.9737,37.8085],[-83.9741,37.8089],[-83.974,37.8096],[-83.9752,37.8113],[-83.9751,37.8118],[-83.9746,37.8123],[-83.9733,37.8123],[-83.9736,37.8109],[-83.9731,37.8097],[-83.9722,37.8113],[-83.9718,37.8088],[-83.9711,37.8095],[-83.9707,37.8087],[-83.9698,37.8099],[-83.9703,37.8101],[-83.9707,37.8112],[-83.9706,37.812],[-83.9694,37.8102],[-83.9682,37.8091],[-83.9683,37.8086],[-83.9675,37.8089],[-83.9665,37.8083],[-83.9663,37.8086],[-83.9673,37.8096],[-83.9662,37.8095],[-83.9659,37.8099],[-83.967,37.8101],[-83.9676,37.8112],[-83.9671,37.8113],[-83.966,37.8106],[-83.966,37.8116],[-83.9653,37.8113],[-83.965,37.811],[-83.9651,37.8102],[-83.9644,37.8102],[-83.9649,37.8092],[-83.9643,37.8094],[-83.9643,37.8084],[-83.9636,37.8094],[-83.9626,37.8089],[-83.9625,37.8083],[-83.9644,37.806],[-83.9646,37.8054],[-83.9637,37.8067],[-83.9639,37.8063],[-83.9616,37.8077],[-83.9613,37.8075],[-83.9615,37.8066],[-83.9608,37.8072],[-83.9603,37.8063],[-83.9601,37.8067],[-83.9601,37.8076],[-83.9611,37.8081],[-83.9607,37.809],[-83.9617,37.8094],[-83.9621,37.8101],[-83.9614,37.8103],[-83.9615,37.8106],[-83.9609,37.8111],[-83.9622,37.8109],[-83.9621,37.8114],[-83.9628,37.8114],[-83.9619,37.8129],[-83.9614,37.8125],[-83.9613,37.8118],[-83.9603,37.8112],[-83.9601,37.8123],[-83.9598,37.8123],[-83.9593,37.8113],[-83.9585,37.812],[-83.9584,37.8127],[-83.9591,37.8127],[-83.9592,37.8132],[-83.9605,37.8133],[-83.9606,37.8141],[-83.9604,37.8143],[-83.959,37.8133],[-83.9586,37.8133],[-83.9583,37.8144],[-83.9588,37.8146],[-83.9583,37.8149],[-83.9591,37.8152],[-83.9585,37.8156],[-83.9582,37.8157],[-83.9574,37.8151],[-83.9574,37.8137],[-83.958,37.8131],[-83.9579,37.8127],[-83.9569,37.8124],[-83.9565,37.813],[-83.956,37.8127],[-83.9549,37.8131],[-83.9553,37.8134],[-83.9544,37.8138],[-83.955,37.8142],[-83.9552,37.8147],[-83.9546,37.8144],[-83.9543,37.8147],[-83.9534,37.8146],[-83.9524,37.8156],[-83.954,37.8155],[-83.9542,37.8163],[-83.9553,37.8165],[-83.955,37.8168],[-83.9542,37.8168],[-83.9534,37.8172],[-83.9535,37.8174],[-83.9548,37.8175],[-83.954,37.8178],[-83.9537,37.8183],[-83.9545,37.8184],[-83.9566,37.8179],[-83.9545,37.8186],[-83.9544,37.8189],[-83.9537,37.8189],[-83.9542,37.8195],[-83.953,37.8197],[-83.9528,37.8205],[-83.9543,37.8205],[-83.9546,37.8208],[-83.9553,37.8201],[-83.9563,37.8201],[-83.9565,37.8195],[-83.9579,37.8192],[-83.9576,37.82],[-83.9559,37.821],[-83.9588,37.8212],[-83.9591,37.8216],[-83.9574,37.8213],[-83.9576,37.8224],[-83.9568,37.8214],[-83.9562,37.8215],[-83.9557,37.8212],[-83.9552,37.8214],[-83.9534,37.8207],[-83.9528,37.8207],[-83.9521,37.8212],[-83.9516,37.8211],[-83.9498,37.8213],[-83.9498,37.8209],[-83.9511,37.8206],[-83.9503,37.8198],[-83.9513,37.8201],[-83.9515,37.8205],[-83.9522,37.8204],[-83.9525,37.8196],[-83.9515,37.8187],[-83.952,37.819],[-83.9526,37.8188],[-83.9524,37.8182],[-83.9528,37.8179],[-83.9526,37.8175],[-83.9533,37.8162],[-83.9522,37.8159],[-83.9521,37.8163],[-83.9513,37.8164],[-83.9512,37.8168],[-83.9505,37.8167],[-83.9503,37.8171],[-83.9506,37.8175],[-83.9497,37.8177],[-83.9499,37.8183],[-83.9495,37.8186],[-83.9491,37.8172],[-83.9474,37.8178],[-83.9476,37.8182],[-83.9468,37.8182],[-83.9465,37.8176],[-83.9455,37.8175],[-83.9469,37.8167],[-83.9469,37.8173],[-83.9473,37.8173],[-83.9478,37.8166],[-83.9487,37.8166],[-83.9502,37.8158],[-83.9504,37.8152],[-83.9493,37.8156],[-83.9474,37.8157],[-83.9471,37.8153],[-83.948,37.8151],[-83.948,37.8144],[-83.9469,37.8146],[-83.9463,37.8144],[-83.9455,37.8131],[-83.9456,37.8128],[-83.9447,37.8121],[-83.9431,37.8118],[-83.9403,37.8127],[-83.94,37.8121],[-83.9405,37.8117],[-83.9411,37.812],[-83.9443,37.8117],[-83.9466,37.8135],[-83.9461,37.8113],[-83.9469,37.8112],[-83.9478,37.8126],[-83.9482,37.8123],[-83.9484,37.8125],[-83.948,37.8136],[-83.9485,37.8132],[-83.9489,37.8136],[-83.9493,37.8135],[-83.9487,37.8111],[-83.949,37.8108],[-83.9494,37.8116],[-83.95,37.812],[-83.9503,37.8117],[-83.9508,37.8125],[-83.9507,37.8133],[-83.9501,37.814],[-83.951,37.814],[-83.9515,37.8134],[-83.9522,37.814],[-83.9522,37.8146],[-83.9536,37.814],[-83.9529,37.8135],[-83.9538,37.813],[-83.9521,37.8129],[-83.952,37.8119],[-83.9527,37.8122],[-83.9534,37.812],[-83.9522,37.811],[-83.9529,37.8111],[-83.9539,37.8118],[-83.9541,37.8116],[-83.9532,37.8105],[-83.9514,37.8101],[-83.9514,37.8095],[-83.9502,37.8092],[-83.9524,37.8089],[-83.9525,37.8096],[-83.9531,37.8096],[-83.953,37.8099],[-83.9538,37.8103],[-83.9537,37.8089],[-83.9547,37.8088],[-83.9546,37.8106],[-83.955,37.8111],[-83.956,37.8088],[-83.9568,37.8094],[-83.9567,37.8112],[-83.9573,37.8111],[-83.9571,37.8104],[-83.9576,37.8096],[-83.9588,37.8106],[-83.9584,37.8095],[-83.9571,37.8086],[-83.9583,37.8081],[-83.9595,37.8083],[-83.9592,37.8076],[-83.9579,37.8074],[-83.9566,37.8079],[-83.9556,37.8077],[-83.9581,37.8061],[-83.9585,37.8053],[-83.957,37.8064],[-83.9566,37.8064],[-83.9564,37.8059],[-83.9557,37.8067],[-83.9554,37.8063],[-83.9546,37.8067],[-83.9538,37.8067],[-83.954,37.8056],[-83.9526,37.8067],[-83.9521,37.8065],[-83.9526,37.806],[-83.9516,37.8059],[-83.951,37.8066],[-83.9502,37.8069],[-83.9508,37.8057],[-83.9506,37.8054],[-83.9487,37.8073],[-83.9487,37.8064],[-83.9495,37.8054],[-83.9495,37.8051],[-83.9487,37.8051],[-83.9474,37.8078],[-83.9462,37.8081],[-83.9462,37.8075],[-83.9475,37.8064],[-83.9475,37.806],[-83.9468,37.8059],[-83.9459,37.8062],[-83.9452,37.8068],[-83.9451,37.806],[-83.9466,37.8052],[-83.9458,37.8051],[-83.9448,37.804],[-83.9449,37.8046],[-83.9443,37.8047],[-83.944,37.8052],[-83.9437,37.8047],[-83.944,37.8042],[-83.9438,37.8037],[-83.9434,37.8034],[-83.9432,37.804],[-83.9428,37.804],[-83.943,37.8032],[-83.9427,37.8029],[-83.9421,37.8032],[-83.9419,37.8023],[-83.9413,37.8024],[-83.941,37.8016],[-83.9406,37.8021],[-83.9401,37.8021],[-83.9402,37.8024],[-83.9409,37.8029],[-83.9413,37.8041],[-83.9419,37.8045],[-83.9418,37.805],[-83.9429,37.8061],[-83.9432,37.8072],[-83.9426,37.8071],[-83.9421,37.8064],[-83.9422,37.8058],[-83.9413,37.8054],[-83.9397,37.803],[-83.9393,37.8035],[-83.9387,37.8027],[-83.9384,37.8031],[-83.9386,37.8036],[-83.9383,37.8039],[-83.9387,37.8041],[-83.9388,37.8047],[-83.9396,37.8047],[-83.94,37.8054],[-83.9409,37.8073],[-83.9406,37.8079],[-83.94,37.8079],[-83.9406,37.807],[-83.94,37.8059],[-83.9391,37.8053],[-83.9391,37.8067],[-83.9386,37.8072],[-83.9389,37.8061],[-83.9378,37.8044],[-83.937,37.8053],[-83.9373,37.806],[-83.937,37.8063],[-83.9374,37.8067],[-83.9364,37.8079],[-83.937,37.8065],[-83.9366,37.8063],[-83.9369,37.8058],[-83.9363,37.8054],[-83.9371,37.8046],[-83.9368,37.804],[-83.9351,37.8035],[-83.935,37.8041],[-83.9344,37.8042],[-83.935,37.8048],[-83.9337,37.8045],[-83.9339,37.8052],[-83.9332,37.8057],[-83.9348,37.8058],[-83.9345,37.8065],[-83.9349,37.8072],[-83.9348,37.8078],[-83.9338,37.8076],[-83.9336,37.8064],[-83.9332,37.8064],[-83.9324,37.8077],[-83.9326,37.8065],[-83.9322,37.8064],[-83.9314,37.8076],[-83.931,37.8073],[-83.9302,37.8075],[-83.9299,37.8085],[-83.9291,37.8091],[-83.9287,37.8089],[-83.9293,37.8083],[-83.9283,37.8082],[-83.9284,37.8079],[-83.9297,37.8074],[-83.9299,37.8068],[-83.9309,37.8067],[-83.9324,37.8059],[-83.9323,37.8056],[-83.9308,37.8057],[-83.9317,37.8052],[-83.9312,37.8046],[-83.9321,37.805],[-83.9328,37.8048],[-83.9326,37.8041],[-83.9318,37.8039],[-83.9321,37.8034],[-83.9314,37.803],[-83.9309,37.8035],[-83.9301,37.8027],[-83.9295,37.8031],[-83.9297,37.8035],[-83.9293,37.8038],[-83.93,37.8044],[-83.9286,37.8046],[-83.9291,37.8052],[-83.9281,37.8052],[-83.9278,37.8057],[-83.9284,37.806],[-83.9275,37.8062],[-83.9279,37.8066],[-83.9267,37.8066],[-83.9269,37.8074],[-83.9265,37.8079],[-83.9261,37.8078],[-83.9263,37.8071],[-83.926,37.8069],[-83.925,37.8066],[-83.9245,37.807],[-83.9253,37.8086],[-83.9252,37.809],[-83.9243,37.8092],[-83.9245,37.8077],[-83.9233,37.8072],[-83.9228,37.8075],[-83.923,37.8089],[-83.9221,37.8089],[-83.9221,37.8075],[-83.9218,37.8072],[-83.921,37.808],[-83.9209,37.81],[-83.9196,37.8104],[-83.9201,37.8098],[-83.9199,37.809],[-83.9186,37.8098],[-83.9181,37.8109],[-83.9176,37.8111],[-83.9172,37.8102],[-83.9189,37.8088],[-83.9195,37.807],[-83.9204,37.8065],[-83.9234,37.8061],[-83.9214,37.806],[-83.9209,37.8058],[-83.9195,37.8059],[-83.9181,37.8067],[-83.9171,37.8087],[-83.9176,37.8052],[-83.9191,37.8048],[-83.9196,37.8044],[-83.9209,37.8045],[-83.9199,37.8039],[-83.9179,37.8044],[-83.917,37.8041],[-83.9177,37.8036],[-83.9199,37.8035],[-83.9216,37.8028],[-83.9222,37.8031],[-83.9216,37.8039],[-83.9221,37.8041],[-83.9229,37.8035],[-83.9232,37.8035],[-83.9228,37.8047],[-83.9235,37.8045],[-83.9237,37.8049],[-83.9242,37.8045],[-83.9244,37.805],[-83.9249,37.8046],[-83.9252,37.8051],[-83.9249,37.8057],[-83.9253,37.8056],[-83.9254,37.8059],[-83.9264,37.8057],[-83.9259,37.8049],[-83.9276,37.8051],[-83.9271,37.8045],[-83.9257,37.804],[-83.9237,37.8024],[-83.9246,37.8022],[-83.9251,37.8028],[-83.9254,37.8023],[-83.926,37.8031],[-83.9278,37.8041],[-83.9275,37.8033],[-83.9263,37.8019],[-83.9267,37.8017],[-83.9275,37.802],[-83.9287,37.8033],[-83.9279,37.8014],[-83.9258,37.8007],[-83.9231,37.8009],[-83.9225,37.8012],[-83.9213,37.8012],[-83.9214,37.8005],[-83.9232,37.8003],[-83.9275,37.8007],[-83.9288,37.8012],[-83.9291,37.8019],[-83.9296,37.8018],[-83.9299,37.8023],[-83.9305,37.8022],[-83.9301,37.8017],[-83.9304,37.8014],[-83.9314,37.8018],[-83.9317,37.8024],[-83.932,37.802],[-83.9328,37.8023],[-83.9332,37.803],[-83.9337,37.8027],[-83.9342,37.8031],[-83.9342,37.8028],[-83.9351,37.8026],[-83.9362,37.8031],[-83.9354,37.8023],[-83.9365,37.8017],[-83.9359,37.8016],[-83.9357,37.8012],[-83.9349,37.802],[-83.934,37.8021],[-83.9335,37.8018],[-83.9338,37.8011],[-83.9328,37.8015],[-83.9324,37.8013],[-83.9325,37.8007],[-83.9316,37.8009],[-83.9318,37.8005],[-83.9315,37.8004],[-83.9319,37.7998],[-83.9315,37.7995],[-83.9308,37.8002],[-83.9306,37.7997],[-83.9302,37.7999],[-83.9279,37.7993],[-83.9296,37.7988],[-83.9308,37.799],[-83.931,37.7988],[-83.9303,37.7983],[-83.9312,37.7982],[-83.9305,37.7976],[-83.9257,37.7989],[-83.925,37.7989],[-83.9247,37.7986],[-83.9228,37.7987],[-83.9243,37.7981],[-83.924,37.7976],[-83.927,37.7982],[-83.9281,37.7976],[-83.9293,37.7976],[-83.9293,37.7974],[-83.9281,37.7969],[-83.9271,37.7971],[-83.9257,37.7966],[-83.9247,37.7966],[-83.9258,37.7965],[-83.9257,37.7961],[-83.9266,37.7967],[-83.927,37.7965],[-83.9277,37.7968],[-83.9279,37.7965],[-83.9289,37.7967],[-83.9239,37.7944],[-83.9253,37.7942],[-83.9271,37.7928],[-83.9278,37.7928],[-83.9291,37.7926],[-83.9294,37.7928],[-83.9296,37.7928],[-83.9295,37.7923],[-83.9304,37.7916],[-83.9313,37.7918],[-83.9319,37.7923],[-83.9313,37.7911],[-83.9316,37.791],[-83.933,37.7913],[-83.9341,37.7922],[-83.9342,37.7928],[-83.9347,37.7925],[-83.9358,37.7932],[-83.9363,37.7933],[-83.9379,37.7951],[-83.9383,37.7964],[-83.9386,37.7964],[-83.9392,37.7973],[-83.9381,37.7949],[-83.9369,37.7935],[-83.9367,37.7924],[-83.9397,37.7922],[-83.9403,37.793],[-83.9406,37.7926],[-83.9415,37.7927],[-83.9418,37.7931],[-83.9421,37.7925],[-83.9432,37.7923],[-83.9444,37.7931],[-83.9466,37.793],[-83.9448,37.7927],[-83.9442,37.7917],[-83.943,37.7917],[-83.9428,37.7911],[-83.9422,37.7917],[-83.941,37.7918],[-83.941,37.7913],[-83.9403,37.7912],[-83.9402,37.7905],[-83.9395,37.7907],[-83.9396,37.7904],[-83.9388,37.7904],[-83.9386,37.7896],[-83.9374,37.79],[-83.936,37.7899],[-83.9365,37.7892],[-83.9377,37.7886],[-83.9374,37.7883],[-83.9354,37.7893],[-83.9349,37.7898],[-83.9346,37.7897],[-83.9347,37.7891],[-83.9341,37.7885],[-83.9359,37.7886],[-83.9347,37.7876],[-83.9342,37.7876],[-83.9343,37.7871],[-83.9368,37.7877],[-83.9361,37.7869],[-83.9378,37.7872],[-83.938,37.7869],[-83.9374,37.7868],[-83.9372,37.7863],[-83.9353,37.7859],[-83.9361,37.7859],[-83.9369,37.7854],[-83.9378,37.7858],[-83.9379,37.7852],[-83.9372,37.7841],[-83.9376,37.7834],[-83.9378,37.7827],[-83.9381,37.7827],[-83.9386,37.7841],[-83.9388,37.7846],[-83.9391,37.7844],[-83.9395,37.7843],[-83.9396,37.7835],[-83.9402,37.7841],[-83.9407,37.7841],[-83.9401,37.7829],[-83.9407,37.7831],[-83.9407,37.7824],[-83.9413,37.7817],[-83.9418,37.784],[-83.9429,37.7839],[-83.9423,37.7813],[-83.9427,37.7807],[-83.9432,37.7812],[-83.9441,37.7839],[-83.9446,37.784],[-83.9445,37.7828],[-83.9451,37.7831],[-83.9449,37.7825],[-83.9442,37.7821],[-83.9445,37.781],[-83.9452,37.7819],[-83.9455,37.7813],[-83.9461,37.7817],[-83.947,37.7836],[-83.9468,37.7818],[-83.9484,37.7838],[-83.9486,37.7835],[-83.948,37.782],[-83.9485,37.7824],[-83.9493,37.7824],[-83.95,37.7832],[-83.9504,37.783],[-83.9508,37.7833],[-83.9496,37.7817],[-83.95,37.7813],[-83.9508,37.7812],[-83.9514,37.7821],[-83.9515,37.7811],[-83.9528,37.7815],[-83.9525,37.7808],[-83.9533,37.7807],[-83.9538,37.7811],[-83.9535,37.7804],[-83.9542,37.78],[-83.9584,37.7785],[-83.9581,37.7783],[-83.9567,37.7789],[-83.954,37.7794],[-83.9532,37.7791],[-83.953,37.7794],[-83.9522,37.7791],[-83.9521,37.7793],[-83.9515,37.7789],[-83.9515,37.7796],[-83.9508,37.7798],[-83.9499,37.7796],[-83.9497,37.7794],[-83.95,37.7788],[-83.9493,37.7785],[-83.949,37.7795],[-83.9475,37.7798],[-83.9473,37.7791],[-83.9463,37.779],[-83.946,37.7785],[-83.9449,37.7782],[-83.9445,37.7778],[-83.946,37.7776],[-83.9468,37.7782],[-83.9469,37.7776],[-83.9476,37.778],[-83.9475,37.7772],[-83.9487,37.777],[-83.9496,37.7765],[-83.9478,37.7768],[-83.9465,37.7764],[-83.9454,37.7767],[-83.9454,37.7758],[-83.9449,37.7765],[-83.9432,37.7766],[-83.9431,37.7761],[-83.9443,37.776],[-83.9445,37.7758],[-83.9433,37.7756],[-83.9436,37.775],[-83.943,37.775],[-83.943,37.7746],[-83.9427,37.7746],[-83.9424,37.7714],[-83.942,37.7724],[-83.9423,37.7749],[-83.9418,37.7753],[-83.9414,37.7769],[-83.9406,37.7773],[-83.9402,37.7779],[-83.9393,37.7784],[-83.9371,37.779],[-83.9354,37.7793],[-83.9353,37.7791],[-83.9346,37.7796],[-83.9338,37.7795],[-83.9333,37.7787],[-83.9335,37.7781],[-83.9321,37.7767],[-83.9322,37.7758],[-83.9317,37.7756],[-83.9299,37.773],[-83.9301,37.7724],[-83.9293,37.7707],[-83.9292,37.7713],[-83.9297,37.7722],[-83.9295,37.7734],[-83.9306,37.7753],[-83.9306,37.776],[-83.9303,37.7763],[-83.9308,37.7766],[-83.9311,37.7773],[-83.931,37.7777],[-83.93,37.7778],[-83.9311,37.778],[-83.9304,37.7787],[-83.924,37.7745],[-83.9245,37.7739],[-83.9246,37.7726],[-83.9253,37.772],[-83.9253,37.7708],[-83.9233,37.7703],[-83.9235,37.7697],[-83.9229,37.7688],[-83.92,37.768],[-83.9201,37.7669],[-83.9187,37.7662],[-83.9192,37.7638],[-83.92,37.7636],[-83.9212,37.7639],[-83.9244,37.7631],[-83.925,37.7634],[-83.9254,37.7645],[-83.9267,37.765],[-83.9277,37.7645],[-83.9283,37.7629],[-83.9296,37.7629],[-83.9309,37.7636],[-83.9321,37.7634],[-83.9334,37.7656],[-83.9336,37.7672],[-83.9332,37.7685],[-83.9337,37.7697],[-83.9332,37.7706],[-83.9334,37.7709],[-83.9351,37.7698],[-83.9363,37.7705],[-83.9375,37.7692],[-83.936,37.7665],[-83.9368,37.7663],[-83.9392,37.7663],[-83.9411,37.7648],[-83.9435,37.7647],[-83.9443,37.7661],[-83.9457,37.7654],[-83.9464,37.7661],[-83.9488,37.7665],[-83.9499,37.7675],[-83.9501,37.7688],[-83.9484,37.7701],[-83.9468,37.7724],[-83.9473,37.7732],[-83.9486,37.7729],[-83.9511,37.7705],[-83.9527,37.7701],[-83.9534,37.7703],[-83.9545,37.7722],[-83.9547,37.7745],[-83.9572,37.774],[-83.9584,37.7731],[-83.9599,37.7727],[-83.9633,37.7707],[-83.9653,37.7709],[-83.9666,37.7721],[-83.9668,37.7728],[-83.9657,37.7738],[-83.9654,37.7755],[-83.9635,37.7773],[-83.9652,37.778],[-83.9666,37.7791],[-83.9661,37.7806],[-83.9666,37.7826],[-83.9654,37.783],[-83.9642,37.7831],[-83.9612,37.7823],[-83.9612,37.7841],[-83.9608,37.7845],[-83.9587,37.785],[-83.9572,37.7849],[-83.9555,37.7866],[-83.9539,37.7871],[-83.9525,37.7885],[-83.9511,37.7891],[-83.9517,37.7899],[-83.9535,37.7888],[-83.9566,37.7886],[-83.9564,37.7877],[-83.9567,37.7867],[-83.9579,37.7858],[-83.9608,37.786],[-83.9636,37.7849],[-83.9651,37.7861],[-83.9671,37.7859],[-83.9674,37.79],[-83.9659,37.7907],[-83.9646,37.79],[-83.9635,37.7904],[-83.962,37.7928],[-83.9615,37.7943],[-83.9601,37.795],[-83.961,37.7973],[-83.9604,37.7982],[-83.9577,37.7985],[-83.9567,37.7978],[-83.9555,37.7976],[-83.9509,37.8004],[-83.9501,37.8001],[-83.9495,37.799],[-83.9484,37.7982],[-83.9478,37.7995],[-83.9464,37.8005],[-83.9456,37.8006],[-83.9458,37.8008],[-83.9474,37.8013],[-83.9507,37.8015],[-83.9538,37.802],[-83.9548,37.8015],[-83.9553,37.7998],[-83.9561,37.7995],[-83.9578,37.7997],[-83.9595,37.8007],[-83.9611,37.7999],[-83.9619,37.8],[-83.9636,37.8007],[-83.9639,37.8006],[-83.9642,37.7998],[-83.9635,37.7986],[-83.9658,37.7978],[-83.968,37.7984],[-83.9667,37.7952],[-83.9649,37.7947],[-83.9643,37.7936]],[[-83.9337,37.7928],[-83.9357,37.7932],[-83.9344,37.7929],[-83.9342,37.7928],[-83.9337,37.7928]],[[-83.9699,37.7627],[-83.9699,37.761],[-83.9715,37.7584],[-83.9727,37.7576],[-83.9742,37.7557],[-83.9731,37.7543],[-83.9729,37.7535],[-83.9724,37.7535],[-83.9719,37.7563],[-83.971,37.7583],[-83.968,37.7603],[-83.9702,37.7647],[-83.9714,37.7641],[-83.9722,37.7627],[-83.9699,37.7627]],[[-83.9709,37.8028],[-83.9699,37.801],[-83.9723,37.7986],[-83.9706,37.799],[-83.9686,37.7989],[-83.9682,37.7992],[-83.9688,37.8003],[-83.9693,37.8032],[-83.969,37.8048],[-83.9696,37.805],[-83.9707,37.8047],[-83.9709,37.8028]],[[-83.9782,37.8051],[-83.9789,37.8054],[-83.9794,37.8052],[-83.9792,37.805],[-83.9782,37.8051]],[[-83.9885,37.787],[-83.9894,37.7873],[-83.9899,37.787],[-83.9898,37.7854],[-83.9888,37.7845],[-83.988,37.7843],[-83.9877,37.7846],[-83.9878,37.7862],[-83.9885,37.787]],[[-83.9371,37.7729],[-83.9373,37.7758],[-83.9379,37.7755],[-83.9381,37.7728],[-83.9377,37.772],[-83.9367,37.7718],[-83.9371,37.7729]]],[[[-83.9658,37.8123],[-83.9657,37.812],[-83.9661,37.8119],[-83.9672,37.8124],[-83.9658,37.8123]]],[[[-83.9652,37.8136],[-83.9658,37.8135],[-83.966,37.8138],[-83.9653,37.8141],[-83.9652,37.8136]]],[[[-83.9668,37.814],[-83.9674,37.8148],[-83.9684,37.8141],[-83.968,37.8152],[-83.9685,37.8158],[-83.9703,37.8151],[-83.9707,37.8152],[-83.9692,37.8158],[-83.9688,37.8166],[-83.9687,37.8163],[-83.9679,37.8164],[-83.9683,37.8156],[-83.9678,37.815],[-83.9672,37.8152],[-83.9667,37.8146],[-83.9662,37.8149],[-83.9668,37.814]]],[[[-83.9616,37.8162],[-83.9615,37.8154],[-83.9617,37.8154],[-83.9616,37.8162]]],[[[-83.9666,37.8157],[-83.9667,37.8158],[-83.9661,37.8165],[-83.966,37.8161],[-83.9654,37.8162],[-83.9653,37.816],[-83.9666,37.8157]]],[[[-83.97,37.8166],[-83.9697,37.8167],[-83.97,37.8165],[-83.97,37.8166]]],[[[-83.954,37.8225],[-83.9538,37.8228],[-83.9525,37.8226],[-83.953,37.8235],[-83.9519,37.8235],[-83.9519,37.8239],[-83.9515,37.824],[-83.9509,37.8235],[-83.9498,37.8244],[-83.9493,37.8243],[-83.9495,37.8239],[-83.9511,37.8231],[-83.95,37.823],[-83.9473,37.8235],[-83.9474,37.8231],[-83.9485,37.8228],[-83.9485,37.8224],[-83.949,37.8229],[-83.9512,37.8227],[-83.9522,37.8215],[-83.9527,37.8215],[-83.9524,37.8221],[-83.9539,37.8223],[-83.954,37.8225]]],[[[-83.9542,37.8241],[-83.9544,37.8234],[-83.9541,37.823],[-83.9545,37.8229],[-83.9552,37.8237],[-83.9542,37.8241]]],[[[-83.9585,37.8254],[-83.9583,37.8261],[-83.9578,37.8261],[-83.9574,37.8264],[-83.9567,37.8262],[-83.9577,37.8258],[-83.9585,37.8248],[-83.9591,37.8247],[-83.9594,37.825],[-83.9585,37.8254]]],[[[-83.9512,37.8266],[-83.9518,37.8263],[-83.9534,37.8262],[-83.9536,37.8257],[-83.9529,37.8253],[-83.9531,37.825],[-83.9537,37.8254],[-83.9543,37.8254],[-83.9542,37.8257],[-83.9545,37.8259],[-83.9564,37.825],[-83.9567,37.8251],[-83.9564,37.8257],[-83.955,37.8262],[-83.9549,37.8267],[-83.9543,37.8267],[-83.954,37.8263],[-83.9512,37.8266]]],[[[-83.9683,37.8542],[-83.9686,37.8545],[-83.9681,37.8551],[-83.9677,37.8551],[-83.9683,37.8542]]],[[[-83.9675,37.857],[-83.9689,37.8573],[-83.9678,37.8576],[-83.9675,37.857]]],[[[-83.9672,37.8583],[-83.9679,37.8586],[-83.9679,37.859],[-83.9688,37.859],[-83.9678,37.8598],[-83.9677,37.8591],[-83.9667,37.8588],[-83.9662,37.8589],[-83.9657,37.8597],[-83.9646,37.8599],[-83.966,37.8588],[-83.9672,37.8583]]],[[[-83.9541,37.8598],[-83.9547,37.8598],[-83.9546,37.8602],[-83.9541,37.8602],[-83.9541,37.8598]]],[[[-83.9666,37.8607],[-83.9665,37.8612],[-83.966,37.8613],[-83.9656,37.8612],[-83.9666,37.8607]]],[[[-83.9682,37.8623],[-83.9678,37.8619],[-83.9684,37.8618],[-83.9682,37.8623]]],[[[-83.9519,37.8619],[-83.9529,37.8617],[-83.953,37.8612],[-83.9536,37.8615],[-83.9541,37.8614],[-83.9539,37.8618],[-83.9529,37.8619],[-83.9527,37.8626],[-83.9519,37.8619]]],[[[-83.949,37.8635],[-83.9492,37.8634],[-83.9492,37.8636],[-83.949,37.8635]]],[[[-83.9551,37.8641],[-83.9552,37.8641],[-83.9551,37.8643],[-83.9551,37.8641]]],[[[-83.9538,37.8642],[-83.9529,37.8651],[-83.9528,37.8645],[-83.951,37.8645],[-83.9508,37.8636],[-83.9513,37.8636],[-83.9518,37.8642],[-83.9538,37.8642]]],[[[-83.9651,37.8653],[-83.9649,37.8653],[-83.9651,37.865],[-83.9651,37.8653]]],[[[-83.9672,37.8654],[-83.9675,37.8651],[-83.9673,37.8654],[-83.9672,37.8654]]],[[[-83.9536,37.8663],[-83.9531,37.8659],[-83.9537,37.866],[-83.9536,37.8663]]],[[[-83.9659,37.8669],[-83.9663,37.8664],[-83.9662,37.8671],[-83.9661,37.8672],[-83.9659,37.8669]]],[[[-83.9647,37.8668],[-83.9647,37.8669],[-83.9646,37.8669],[-83.9647,37.8668]]],[[[-83.9535,37.8673],[-83.9526,37.8679],[-83.9524,37.8675],[-83.9535,37.8673]]],[[[-83.9675,37.8682],[-83.9673,37.8677],[-83.9676,37.8682],[-83.9675,37.8685],[-83.9672,37.8687],[-83.9675,37.8682]]],[[[-83.9664,37.8695],[-83.9655,37.8696],[-83.9648,37.8689],[-83.9656,37.8696],[-83.9664,37.8695]]],[[[-83.9543,37.8694],[-83.9541,37.8693],[-83.9549,37.8689],[-83.9543,37.8694]]],[[[-83.9544,37.8715],[-83.9546,37.8715],[-83.9545,37.8716],[-83.9544,37.8715]]],[[[-83.9425,37.8713],[-83.9435,37.8723],[-83.9442,37.8722],[-83.9442,37.8726],[-83.9437,37.8725],[-83.9432,37.8728],[-83.9418,37.871],[-83.9424,37.8713],[-83.9432,37.8707],[-83.9448,37.8704],[-83.9459,37.8698],[-83.9455,37.8705],[-83.9434,37.8709],[-83.9425,37.8713]]],[[[-83.9653,37.8739],[-83.9653,37.8727],[-83.966,37.872],[-83.9653,37.8739]]],[[[-83.9545,37.873],[-83.9539,37.8731],[-83.9541,37.8724],[-83.9544,37.8725],[-83.9545,37.873]]],[[[-83.9314,37.7785],[-83.9318,37.7796],[-83.9305,37.7788],[-83.9314,37.7785]]],[[[-83.9349,37.812],[-83.9356,37.8123],[-83.936,37.8132],[-83.9349,37.812]]],[[[-83.9401,37.813],[-83.9403,37.8135],[-83.9398,37.8136],[-83.9398,37.813],[-83.9401,37.813]]],[[[-83.9404,37.8148],[-83.9408,37.8144],[-83.9406,37.8148],[-83.9404,37.8148]]],[[[-83.9431,37.8168],[-83.9434,37.816],[-83.9427,37.8157],[-83.9427,37.8151],[-83.9431,37.8156],[-83.9446,37.8161],[-83.9445,37.8154],[-83.9448,37.8152],[-83.9452,37.8155],[-83.9452,37.8159],[-83.9462,37.8167],[-83.9448,37.8163],[-83.9431,37.8168]]],[[[-83.9316,37.8185],[-83.9299,37.8186],[-83.9297,37.8195],[-83.9307,37.8201],[-83.9321,37.8194],[-83.9327,37.8194],[-83.9327,37.8197],[-83.9315,37.8204],[-83.9317,37.821],[-83.9323,37.8211],[-83.9322,37.8226],[-83.9318,37.8225],[-83.931,37.821],[-83.9304,37.821],[-83.93,37.8203],[-83.9294,37.8204],[-83.9289,37.8197],[-83.9282,37.8193],[-83.9275,37.8196],[-83.9283,37.8201],[-83.9278,37.8208],[-83.9287,37.8215],[-83.9279,37.823],[-83.9289,37.8231],[-83.9289,37.8234],[-83.9293,37.8236],[-83.9292,37.8242],[-83.9308,37.8243],[-83.9311,37.8247],[-83.9305,37.8248],[-83.9306,37.8253],[-83.9296,37.8248],[-83.9294,37.8257],[-83.929,37.8245],[-83.9282,37.8234],[-83.9274,37.823],[-83.9275,37.8213],[-83.9271,37.821],[-83.9271,37.8203],[-83.9258,37.8195],[-83.9259,37.8189],[-83.9248,37.8188],[-83.9251,37.818],[-83.924,37.8178],[-83.9238,37.8167],[-83.922,37.8172],[-83.9213,37.8166],[-83.9221,37.8163],[-83.9204,37.8151],[-83.9214,37.8149],[-83.9223,37.8153],[-83.9228,37.8147],[-83.9225,37.816],[-83.9238,37.8156],[-83.9239,37.8164],[-83.9245,37.8166],[-83.925,37.8173],[-83.9254,37.8165],[-83.9249,37.8148],[-83.9242,37.8138],[-83.9233,37.8133],[-83.9222,37.8132],[-83.9227,37.8129],[-83.9236,37.8131],[-83.9242,37.8127],[-83.9254,37.8128],[-83.9253,37.8134],[-83.9259,37.8135],[-83.9256,37.8141],[-83.9264,37.8143],[-83.9257,37.8151],[-83.9266,37.815],[-83.9258,37.8161],[-83.9269,37.8158],[-83.9268,37.8164],[-83.9273,37.8166],[-83.9269,37.8169],[-83.9269,37.8174],[-83.9262,37.8178],[-83.9269,37.8179],[-83.9268,37.8191],[-83.9276,37.8189],[-83.9281,37.8177],[-83.9286,37.8186],[-83.9292,37.8187],[-83.9287,37.8161],[-83.929,37.8154],[-83.9282,37.815],[-83.9277,37.8129],[-83.9281,37.8129],[-83.9288,37.8136],[-83.9286,37.8144],[-83.9289,37.8148],[-83.9301,37.8141],[-83.9304,37.8167],[-83.9314,37.8143],[-83.9301,37.8127],[-83.9302,37.8123],[-83.9307,37.8123],[-83.9314,37.8129],[-83.9316,37.8141],[-83.9323,37.8144],[-83.9323,37.8148],[-83.933,37.8153],[-83.9338,37.8151],[-83.9323,37.8119],[-83.9337,37.8132],[-83.9342,37.8144],[-83.9348,37.8142],[-83.9345,37.815],[-83.9351,37.8152],[-83.9354,37.8149],[-83.9358,37.8155],[-83.9363,37.8152],[-83.9363,37.8147],[-83.9369,37.8157],[-83.9374,37.8158],[-83.9377,37.8167],[-83.9384,37.8167],[-83.9388,37.8165],[-83.9383,37.8152],[-83.9374,37.8139],[-83.9365,37.8135],[-83.9373,37.8133],[-83.9362,37.811],[-83.9372,37.8117],[-83.9381,37.8115],[-83.9375,37.8122],[-83.9383,37.8128],[-83.9377,37.8137],[-83.9383,37.8138],[-83.9384,37.8145],[-83.9389,37.8145],[-83.9389,37.8153],[-83.9399,37.8146],[-83.9393,37.8152],[-83.9391,37.8163],[-83.9401,37.8166],[-83.9387,37.8171],[-83.939,37.8176],[-83.9385,37.8182],[-83.9393,37.8184],[-83.9385,37.8186],[-83.9387,37.8191],[-83.9383,37.8189],[-83.9377,37.819],[-83.9375,37.8196],[-83.9369,37.8198],[-83.9365,37.8215],[-83.9351,37.8219],[-83.9347,37.8217],[-83.9349,37.8212],[-83.9356,37.8211],[-83.9363,37.8203],[-83.9358,37.8195],[-83.9347,37.8199],[-83.9349,37.8194],[-83.9346,37.8189],[-83.9369,37.8193],[-83.938,37.8186],[-83.9385,37.8174],[-83.9376,37.8172],[-83.9365,37.818],[-83.9356,37.8178],[-83.9355,37.8174],[-83.9364,37.8175],[-83.9368,37.8168],[-83.9373,37.8166],[-83.9369,37.8159],[-83.9359,37.8159],[-83.9353,37.8155],[-83.9348,37.8159],[-83.9341,37.8157],[-83.9332,37.8161],[-83.9331,37.8157],[-83.9315,37.8153],[-83.9311,37.8169],[-83.932,37.8167],[-83.9322,37.8169],[-83.9304,37.8179],[-83.9326,37.818],[-83.9318,37.8182],[-83.9316,37.8185]]],[[[-83.947,37.8196],[-83.9464,37.82],[-83.9465,37.8207],[-83.9461,37.8209],[-83.9459,37.8207],[-83.9464,37.8198],[-83.9463,37.8193],[-83.9448,37.8199],[-83.944,37.8225],[-83.9437,37.8217],[-83.9427,37.8219],[-83.9431,37.8216],[-83.9427,37.8212],[-83.9435,37.8215],[-83.9443,37.8209],[-83.9441,37.8201],[-83.9444,37.8196],[-83.9456,37.8191],[-83.945,37.8188],[-83.9433,37.8187],[-83.9432,37.8184],[-83.9448,37.8185],[-83.9465,37.8191],[-83.947,37.8188],[-83.9467,37.8194],[-83.947,37.8196]]],[[[-83.9387,37.821],[-83.9391,37.8213],[-83.9384,37.8216],[-83.9382,37.8213],[-83.9391,37.8197],[-83.9394,37.8198],[-83.9387,37.821]]],[[[-83.9366,37.8237],[-83.9363,37.8244],[-83.9348,37.8249],[-83.9349,37.8244],[-83.9363,37.8238],[-83.9375,37.8226],[-83.9387,37.8221],[-83.9366,37.8237]]],[[[-83.9361,37.8283],[-83.9362,37.8278],[-83.9373,37.8272],[-83.9378,37.8277],[-83.9399,37.8279],[-83.9419,37.8273],[-83.9397,37.8267],[-83.9414,37.8266],[-83.9423,37.826],[-83.9433,37.8261],[-83.9438,37.8265],[-83.9446,37.8263],[-83.9456,37.8253],[-83.9464,37.8256],[-83.9474,37.8252],[-83.9487,37.8255],[-83.9473,37.8263],[-83.9462,37.8261],[-83.9451,37.8276],[-83.9444,37.8276],[-83.9438,37.8282],[-83.9435,37.8273],[-83.9424,37.8274],[-83.9425,37.8289],[-83.9411,37.8287],[-83.9412,37.828],[-83.9389,37.8284],[-83.9379,37.8281],[-83.9344,37.83],[-83.933,37.8297],[-83.9335,37.8294],[-83.9333,37.8289],[-83.9348,37.8291],[-83.9354,37.8288],[-83.9354,37.8284],[-83.9361,37.8283]]],[[[-83.9326,37.8305],[-83.9329,37.8309],[-83.9323,37.8318],[-83.9317,37.8318],[-83.9326,37.8305]]],[[[-83.9457,37.839],[-83.9453,37.8396],[-83.945,37.8397],[-83.9452,37.8404],[-83.946,37.8403],[-83.9462,37.8403],[-83.9451,37.8404],[-83.9448,37.8397],[-83.9456,37.8391],[-83.9444,37.8386],[-83.9462,37.8379],[-83.9463,37.8369],[-83.9462,37.8364],[-83.9458,37.8363],[-83.9445,37.8372],[-83.9454,37.8346],[-83.9447,37.8333],[-83.9437,37.8331],[-83.9434,37.8352],[-83.9429,37.835],[-83.9426,37.8352],[-83.9427,37.8337],[-83.9418,37.8331],[-83.9414,37.8344],[-83.9407,37.8345],[-83.9421,37.8372],[-83.9416,37.8386],[-83.9409,37.8379],[-83.9414,37.8369],[-83.9408,37.8366],[-83.9407,37.8358],[-83.9397,37.835],[-83.9392,37.8354],[-83.9392,37.8374],[-83.9384,37.8361],[-83.9365,37.8364],[-83.9365,37.8359],[-83.937,37.8355],[-83.9355,37.8345],[-83.936,37.834],[-83.9371,37.8341],[-83.9382,37.8355],[-83.9388,37.8345],[-83.9385,37.8339],[-83.9405,37.8339],[-83.9399,37.8333],[-83.9405,37.8326],[-83.9413,37.8323],[-83.9403,37.8319],[-83.939,37.8325],[-83.9394,37.8316],[-83.9387,37.8315],[-83.9372,37.8327],[-83.9364,37.8325],[-83.9367,37.8321],[-83.935,37.8317],[-83.9376,37.8313],[-83.9372,37.8309],[-83.9377,37.8307],[-83.9377,37.8302],[-83.9388,37.8306],[-83.9392,37.8301],[-83.9398,37.8311],[-83.9408,37.8314],[-83.9407,37.8301],[-83.9434,37.8303],[-83.9435,37.8298],[-83.9447,37.8289],[-83.9457,37.8289],[-83.9466,37.8268],[-83.9475,37.8272],[-83.9467,37.8276],[-83.9461,37.8285],[-83.9474,37.8283],[-83.9487,37.8286],[-83.9489,37.8291],[-83.9476,37.8288],[-83.9472,37.8288],[-83.9472,37.8292],[-83.9458,37.8291],[-83.9456,37.8293],[-83.9461,37.8299],[-83.9456,37.8298],[-83.945,37.8302],[-83.945,37.8308],[-83.9441,37.8304],[-83.944,37.8309],[-83.9434,37.8311],[-83.9421,37.8305],[-83.9417,37.8311],[-83.9436,37.8326],[-83.944,37.832],[-83.9452,37.8321],[-83.9449,37.8328],[-83.9457,37.8331],[-83.9458,37.8336],[-83.9463,37.8339],[-83.9458,37.8343],[-83.9462,37.8349],[-83.9459,37.8355],[-83.947,37.8359],[-83.9471,37.8363],[-83.9476,37.8362],[-83.948,37.8364],[-83.9475,37.8363],[-83.9471,37.8366],[-83.9469,37.836],[-83.9463,37.836],[-83.9463,37.8378],[-83.9459,37.8383],[-83.9447,37.8386],[-83.9457,37.839]]],[[[-83.9376,37.8672],[-83.9381,37.8674],[-83.9381,37.8681],[-83.9376,37.8672]]],[[[-83.9433,37.8681],[-83.9435,37.8681],[-83.9431,37.8682],[-83.9429,37.8682],[-83.9433,37.8681]]],[[[-83.9373,37.8686],[-83.9374,37.8686],[-83.9374,37.8687],[-83.9373,37.8686]]],[[[-83.9385,37.8689],[-83.9383,37.8692],[-83.9379,37.8685],[-83.938,37.8685],[-83.9385,37.8689]]],[[[-83.9425,37.8695],[-83.9423,37.8693],[-83.9427,37.869],[-83.943,37.8692],[-83.9425,37.8695]]],[[[-83.9382,37.8697],[-83.9381,37.8697],[-83.9381,37.8697],[-83.9382,37.8697]]],[[[-83.9392,37.8703],[-83.9389,37.8703],[-83.9389,37.8702],[-83.9392,37.8703]]],[[[-83.934,37.8698],[-83.9344,37.8706],[-83.9343,37.8723],[-83.9336,37.8717],[-83.934,37.8716],[-83.934,37.8698]]],[[[-83.9393,37.8731],[-83.9395,37.872],[-83.9397,37.8735],[-83.9393,37.8731]]],[[[-83.9351,37.8727],[-83.9352,37.8727],[-83.935,37.8728],[-83.9351,37.8727]]],[[[-83.933,37.8734],[-83.9333,37.8736],[-83.9332,37.8737],[-83.933,37.8734]]],[[[-83.9414,37.8734],[-83.9413,37.8739],[-83.9418,37.8743],[-83.9425,37.8739],[-83.9428,37.8744],[-83.9435,37.8742],[-83.9438,37.8737],[-83.9448,37.8738],[-83.9445,37.8742],[-83.9438,37.8742],[-83.9433,37.8748],[-83.9425,37.8747],[-83.942,37.8751],[-83.942,37.8747],[-83.9414,37.8743],[-83.9406,37.8748],[-83.9399,37.8743],[-83.9406,37.8741],[-83.941,37.8733],[-83.9414,37.8734]]],[[[-83.9334,37.8747],[-83.9338,37.8745],[-83.9339,37.874],[-83.934,37.8747],[-83.9334,37.8747]]],[[[-83.9233,37.8742],[-83.9234,37.8751],[-83.9229,37.8751],[-83.9226,37.8742],[-83.9229,37.8739],[-83.9233,37.8742]]],[[[-83.9352,37.8751],[-83.9345,37.8751],[-83.9349,37.8746],[-83.9355,37.8749],[-83.9352,37.8751]]],[[[-83.9246,37.8751],[-83.9239,37.8751],[-83.9242,37.8747],[-83.9246,37.8746],[-83.9246,37.8751]]],[[[-83.8866,37.7501],[-83.886,37.7502],[-83.886,37.7501],[-83.8866,37.7501]]],[[[-83.9246,37.7503],[-83.9275,37.7501],[-83.9274,37.751],[-83.9268,37.7519],[-83.927,37.7527],[-83.9261,37.7532],[-83.9252,37.7533],[-83.9255,37.7513],[-83.9247,37.7512],[-83.9246,37.7503]]],[[[-83.8962,37.7535],[-83.8943,37.7518],[-83.8926,37.752],[-83.8933,37.7501],[-83.8965,37.7501],[-83.8967,37.7511],[-83.8962,37.7535]]],[[[-83.9138,37.7575],[-83.913,37.7585],[-83.9136,37.7572],[-83.9126,37.7564],[-83.9125,37.7545],[-83.9116,37.754],[-83.9136,37.7534],[-83.9142,37.7526],[-83.9129,37.751],[-83.9115,37.7507],[-83.9115,37.7501],[-83.9158,37.7501],[-83.9165,37.7508],[-83.917,37.751],[-83.9177,37.7521],[-83.9163,37.7541],[-83.9138,37.7552],[-83.9138,37.7575]]],[[[-83.8761,37.7543],[-83.8766,37.7546],[-83.8765,37.7556],[-83.8756,37.7568],[-83.8749,37.757],[-83.8749,37.7549],[-83.8761,37.7543]]],[[[-83.8791,37.7594],[-83.8787,37.7603],[-83.877,37.7617],[-83.8767,37.7627],[-83.8769,37.7635],[-83.8782,37.7632],[-83.8791,37.7633],[-83.8788,37.7648],[-83.8776,37.7658],[-83.8775,37.7675],[-83.8749,37.7666],[-83.8749,37.7607],[-83.8755,37.7602],[-83.8775,37.7597],[-83.8784,37.759],[-83.8791,37.7594]]],[[[-83.9193,37.7713],[-83.9193,37.7715],[-83.919,37.7713],[-83.9193,37.7713]]],[[[-83.8759,37.7695],[-83.8749,37.7714],[-83.8749,37.7691],[-83.8759,37.7695]]],[[[-83.9049,37.7838],[-83.9042,37.7843],[-83.9032,37.7843],[-83.9042,37.7851],[-83.9045,37.7861],[-83.9034,37.788],[-83.8928,37.7864],[-83.903,37.7879],[-83.901,37.7892],[-83.8998,37.7893],[-83.8984,37.7909],[-83.8984,37.7894],[-83.8968,37.7908],[-83.8968,37.7895],[-83.8964,37.7893],[-83.8959,37.7908],[-83.8952,37.7896],[-83.8946,37.7896],[-83.8952,37.7916],[-83.8933,37.7931],[-83.8925,37.7927],[-83.8925,37.7924],[-83.8917,37.7924],[-83.8916,37.7916],[-83.8927,37.7911],[-83.8918,37.7912],[-83.8915,37.7915],[-83.8912,37.7923],[-83.8911,37.7914],[-83.8919,37.7906],[-83.8907,37.7914],[-83.8891,37.7911],[-83.8889,37.7905],[-83.8879,37.7898],[-83.8886,37.789],[-83.8875,37.7887],[-83.8875,37.7884],[-83.8884,37.7879],[-83.887,37.7881],[-83.8863,37.7874],[-83.8866,37.7868],[-83.8857,37.787],[-83.885,37.7862],[-83.8845,37.7864],[-83.8842,37.7854],[-83.8844,37.784],[-83.884,37.7838],[-83.8845,37.7831],[-83.8844,37.783],[-83.885,37.7828],[-83.8859,37.7812],[-83.886,37.7794],[-83.8857,37.7782],[-83.886,37.7776],[-83.8863,37.7755],[-83.8873,37.7743],[-83.8882,37.7742],[-83.8893,37.7732],[-83.8875,37.7738],[-83.8862,37.7737],[-83.8863,37.7746],[-83.8851,37.7773],[-83.8856,37.7791],[-83.8854,37.7808],[-83.8838,37.7828],[-83.8749,37.7803],[-83.8749,37.7767],[-83.8799,37.7796],[-83.882,37.7804],[-83.8825,37.7803],[-83.8825,37.7793],[-83.8799,37.7773],[-83.8788,37.7761],[-83.8827,37.7751],[-83.883,37.7748],[-83.8827,37.7744],[-83.8807,37.7738],[-83.8787,37.7728],[-83.8785,37.7715],[-83.8793,37.771],[-83.8813,37.7712],[-83.8821,37.7706],[-83.8823,37.7698],[-83.8815,37.7672],[-83.8829,37.7658],[-83.8843,37.7653],[-83.8848,37.7653],[-83.8847,37.7664],[-83.885,37.7673],[-83.887,37.7706],[-83.8876,37.7706],[-83.8892,37.7696],[-83.8875,37.7656],[-83.888,37.7641],[-83.8875,37.7632],[-83.8873,37.7614],[-83.8876,37.7613],[-83.8879,37.7616],[-83.889,37.7617],[-83.8901,37.7621],[-83.8919,37.7619],[-83.892,37.7647],[-83.8932,37.7654],[-83.8945,37.767],[-83.895,37.7655],[-83.8948,37.7636],[-83.896,37.7624],[-83.8966,37.7624],[-83.8978,37.7635],[-83.8991,37.7633],[-83.8998,37.7629],[-83.9019,37.763],[-83.9,37.7656],[-83.8997,37.7663],[-83.8999,37.7665],[-83.9043,37.7653],[-83.9044,37.7657],[-83.9044,37.7666],[-83.9029,37.7691],[-83.9015,37.7695],[-83.9005,37.7705],[-83.9,37.7706],[-83.9003,37.7719],[-83.8996,37.7721],[-83.8975,37.7739],[-83.8959,37.7735],[-83.8954,37.773],[-83.8945,37.7733],[-83.8934,37.7742],[-83.8934,37.7749],[-83.8922,37.7759],[-83.8914,37.777],[-83.8891,37.777],[-83.8889,37.7782],[-83.8912,37.779],[-83.8919,37.7811],[-83.8889,37.7829],[-83.8887,37.7833],[-83.8913,37.7851],[-83.8921,37.7851],[-83.8931,37.7847],[-83.8943,37.7863],[-83.8951,37.7863],[-83.896,37.7848],[-83.8969,37.7847],[-83.8988,37.7857],[-83.8994,37.7872],[-83.9006,37.787],[-83.9008,37.7861],[-83.8999,37.7858],[-83.8986,37.7836],[-83.8969,37.7836],[-83.8964,37.7829],[-83.8951,37.7826],[-83.8946,37.7822],[-83.8944,37.781],[-83.8948,37.7788],[-83.8958,37.7781],[-83.8959,37.7767],[-83.8969,37.7762],[-83.8976,37.7768],[-83.8979,37.7791],[-83.8985,37.7796],[-83.9009,37.776],[-83.9013,37.7759],[-83.9032,37.7773],[-83.9033,37.7793],[-83.9025,37.7809],[-83.9027,37.7813],[-83.9034,37.7813],[-83.904,37.7801],[-83.9036,37.7774],[-83.904,37.775],[-83.9033,37.7736],[-83.9045,37.7725],[-83.9045,37.7707],[-83.9068,37.7694],[-83.9082,37.7699],[-83.9078,37.7713],[-83.9085,37.7732],[-83.9094,37.7734],[-83.9089,37.7747],[-83.9091,37.7756],[-83.9095,37.7758],[-83.9108,37.7755],[-83.9114,37.7761],[-83.911,37.7791],[-83.9102,37.7804],[-83.9102,37.7817],[-83.9085,37.7835],[-83.9094,37.7836],[-83.9108,37.783],[-83.9122,37.7818],[-83.9131,37.7802],[-83.9136,37.7797],[-83.9142,37.7796],[-83.9148,37.7787],[-83.9147,37.778],[-83.9134,37.7772],[-83.913,37.776],[-83.9131,37.7754],[-83.9138,37.7747],[-83.9139,37.7737],[-83.913,37.7718],[-83.9137,37.7705],[-83.9155,37.7713],[-83.919,37.7713],[-83.9193,37.7719],[-83.9187,37.7732],[-83.9188,37.7741],[-83.9194,37.7742],[-83.921,37.7736],[-83.9214,37.7736],[-83.9224,37.777],[-83.9223,37.7777],[-83.9212,37.7785],[-83.9204,37.7805],[-83.9208,37.7824],[-83.9205,37.784],[-83.9182,37.7837],[-83.9172,37.7848],[-83.9177,37.7854],[-83.9193,37.7858],[-83.9198,37.7866],[-83.9183,37.7876],[-83.9163,37.7896],[-83.9147,37.7898],[-83.913,37.7882],[-83.9105,37.7894],[-83.9138,37.7911],[-83.9177,37.7903],[-83.9189,37.7901],[-83.9207,37.7889],[-83.9229,37.7886],[-83.9231,37.7882],[-83.9226,37.7865],[-83.9239,37.7859],[-83.9255,37.7844],[-83.9252,37.784],[-83.9231,37.7838],[-83.9227,37.7818],[-83.922,37.781],[-83.9219,37.7786],[-83.9235,37.7764],[-83.9243,37.7762],[-83.9238,37.775],[-83.924,37.7745],[-83.9318,37.7796],[-83.9328,37.7812],[-83.9322,37.7813],[-83.9311,37.7803],[-83.9302,37.7799],[-83.9286,37.7797],[-83.9287,37.7799],[-83.9278,37.78],[-83.9291,37.7804],[-83.9306,37.7814],[-83.9293,37.7816],[-83.93,37.7821],[-83.9295,37.7827],[-83.9305,37.7826],[-83.9307,37.7834],[-83.9305,37.7837],[-83.9297,37.784],[-83.9301,37.7843],[-83.93,37.7847],[-83.9289,37.7857],[-83.9291,37.7859],[-83.9288,37.7865],[-83.9273,37.7882],[-83.9271,37.7901],[-83.9263,37.791],[-83.9255,37.7917],[-83.9235,37.7925],[-83.9222,37.7936],[-83.9208,37.7932],[-83.9205,37.7937],[-83.9197,37.7934],[-83.9196,37.7938],[-83.919,37.794],[-83.9184,37.7936],[-83.918,37.7941],[-83.917,37.794],[-83.9166,37.7946],[-83.9161,37.794],[-83.9157,37.7945],[-83.9144,37.7942],[-83.9128,37.7945],[-83.9132,37.7951],[-83.9151,37.7955],[-83.9136,37.7961],[-83.9144,37.7966],[-83.9138,37.7967],[-83.9134,37.7976],[-83.913,37.796],[-83.9122,37.7961],[-83.9121,37.7966],[-83.9116,37.7964],[-83.9123,37.7958],[-83.9116,37.7947],[-83.9111,37.7948],[-83.9111,37.7954],[-83.9104,37.7958],[-83.9102,37.7956],[-83.9107,37.7946],[-83.9104,37.7944],[-83.91,37.7947],[-83.9097,37.7942],[-83.9085,37.7946],[-83.9091,37.7951],[-83.9083,37.7954],[-83.9089,37.7956],[-83.9079,37.7959],[-83.9079,37.7963],[-83.9094,37.7966],[-83.9087,37.7969],[-83.9085,37.7977],[-83.9098,37.7973],[-83.9094,37.7983],[-83.9105,37.7981],[-83.9098,37.7986],[-83.9102,37.7988],[-83.9097,37.7994],[-83.9088,37.7981],[-83.9084,37.7983],[-83.9078,37.7979],[-83.908,37.797],[-83.9072,37.7963],[-83.9067,37.7964],[-83.9066,37.797],[-83.9059,37.7967],[-83.9055,37.7973],[-83.9042,37.7957],[-83.9016,37.7941],[-83.9023,37.7938],[-83.9027,37.7929],[-83.9034,37.7928],[-83.9032,37.7934],[-83.9037,37.7935],[-83.9033,37.7939],[-83.9037,37.794],[-83.9037,37.7953],[-83.9045,37.7944],[-83.9047,37.7932],[-83.9048,37.7948],[-83.9058,37.7942],[-83.9064,37.7949],[-83.9059,37.7957],[-83.9062,37.7958],[-83.9069,37.7952],[-83.9075,37.7954],[-83.9077,37.7952],[-83.9067,37.794],[-83.907,37.7937],[-83.906,37.7932],[-83.9055,37.7922],[-83.9068,37.7928],[-83.9081,37.7939],[-83.9086,37.7934],[-83.9106,37.7939],[-83.9097,37.7931],[-83.908,37.7927],[-83.9087,37.7926],[-83.9089,37.7921],[-83.9077,37.7922],[-83.9077,37.7918],[-83.9068,37.7918],[-83.9044,37.7906],[-83.9037,37.7908],[-83.9038,37.7902],[-83.9043,37.7901],[-83.9064,37.7913],[-83.907,37.7912],[-83.9065,37.7905],[-83.9051,37.7898],[-83.9047,37.7892],[-83.9053,37.7892],[-83.9052,37.7889],[-83.9044,37.7887],[-83.9048,37.7883],[-83.9042,37.7881],[-83.9058,37.7864],[-83.9077,37.7861],[-83.905,37.7856],[-83.9045,37.7847],[-83.9049,37.7838]],[[-83.9119,37.791],[-83.9062,37.7887],[-83.9053,37.7884],[-83.9119,37.791]]],[[[-83.8805,37.7844],[-83.8797,37.7832],[-83.8749,37.7811],[-83.8749,37.7803],[-83.8836,37.7828],[-83.8831,37.7831],[-83.8829,37.7843],[-83.8805,37.7844]]],[[[-83.912,37.7998],[-83.9109,37.8001],[-83.9107,37.7999],[-83.9116,37.7993],[-83.912,37.7998]]],[[[-83.915,37.8052],[-83.9159,37.8049],[-83.916,37.8058],[-83.9156,37.8074],[-83.915,37.8067],[-83.9147,37.8073],[-83.9146,37.8091],[-83.9141,37.8083],[-83.9142,37.8071],[-83.9151,37.8056],[-83.915,37.8052]]],[[[-83.8779,37.8124],[-83.8778,37.8131],[-83.876,37.8147],[-83.8749,37.8148],[-83.8749,37.8056],[-83.8764,37.806],[-83.8767,37.8073],[-83.8783,37.8083],[-83.8786,37.8089],[-83.8774,37.8106],[-83.8763,37.8113],[-83.8779,37.8124]]],[[[-83.9177,37.8424],[-83.9165,37.8423],[-83.9163,37.8426],[-83.9173,37.8434],[-83.9192,37.8427],[-83.9198,37.843],[-83.9207,37.8427],[-83.9193,37.8439],[-83.9194,37.8442],[-83.9199,37.844],[-83.9182,37.8456],[-83.9181,37.8446],[-83.9168,37.8442],[-83.9166,37.8435],[-83.9147,37.8434],[-83.9141,37.8431],[-83.9136,37.8426],[-83.9136,37.8415],[-83.9131,37.8407],[-83.9118,37.8411],[-83.9113,37.8418],[-83.9125,37.842],[-83.9125,37.8426],[-83.912,37.8427],[-83.9096,37.842],[-83.9092,37.8414],[-83.9079,37.8413],[-83.9073,37.8409],[-83.9077,37.8404],[-83.9067,37.8402],[-83.9061,37.8397],[-83.9057,37.8402],[-83.9051,37.8392],[-83.9045,37.8399],[-83.9041,37.8388],[-83.9034,37.8392],[-83.9034,37.8397],[-83.9025,37.8396],[-83.9024,37.8389],[-83.9028,37.8388],[-83.9031,37.8381],[-83.9016,37.8381],[-83.9013,37.8394],[-83.9004,37.8393],[-83.9002,37.8389],[-83.9007,37.8385],[-83.8996,37.8381],[-83.9002,37.8376],[-83.8996,37.8375],[-83.8998,37.8371],[-83.9005,37.8369],[-83.9009,37.8373],[-83.9017,37.8373],[-83.9015,37.8369],[-83.9025,37.8368],[-83.9022,37.8365],[-83.9027,37.8361],[-83.9024,37.8358],[-83.9018,37.8365],[-83.9011,37.8367],[-83.9002,37.8363],[-83.8996,37.8364],[-83.9002,37.8356],[-83.9011,37.8359],[-83.9014,37.8354],[-83.9007,37.8352],[-83.9011,37.8349],[-83.9005,37.8347],[-83.9009,37.8343],[-83.9005,37.834],[-83.9009,37.8335],[-83.902,37.8337],[-83.9017,37.8329],[-83.9011,37.8332],[-83.9004,37.833],[-83.9,37.8317],[-83.9,37.8325],[-83.8994,37.8325],[-83.9001,37.8333],[-83.8994,37.8339],[-83.8998,37.834],[-83.8996,37.8346],[-83.8991,37.8349],[-83.8996,37.8352],[-83.8985,37.8363],[-83.8981,37.8355],[-83.8983,37.8344],[-83.898,37.834],[-83.898,37.8332],[-83.8976,37.8331],[-83.8972,37.8323],[-83.8975,37.8318],[-83.8968,37.8319],[-83.8966,37.8312],[-83.8964,37.8316],[-83.8959,37.8316],[-83.8953,37.8307],[-83.8951,37.8311],[-83.8945,37.831],[-83.8947,37.8314],[-83.8952,37.8314],[-83.8963,37.8324],[-83.8956,37.8328],[-83.8963,37.8329],[-83.8967,37.8335],[-83.8953,37.834],[-83.8967,37.8342],[-83.8956,37.8347],[-83.8961,37.8351],[-83.8967,37.8349],[-83.8965,37.8359],[-83.8968,37.8364],[-83.8956,37.8363],[-83.895,37.8356],[-83.8944,37.8355],[-83.895,37.8363],[-83.8949,37.8366],[-83.8959,37.8368],[-83.8964,37.8372],[-83.8954,37.8377],[-83.8959,37.8379],[-83.8957,37.8381],[-83.8935,37.8376],[-83.8936,37.8379],[-83.8959,37.8386],[-83.896,37.8389],[-83.8945,37.8388],[-83.8955,37.8397],[-83.8954,37.8401],[-83.8942,37.8398],[-83.8926,37.8386],[-83.8921,37.8389],[-83.8915,37.8386],[-83.8914,37.8382],[-83.8903,37.8381],[-83.8897,37.8372],[-83.8896,37.8376],[-83.8892,37.8376],[-83.8872,37.8364],[-83.8844,37.8359],[-83.8819,37.8363],[-83.8799,37.8376],[-83.8789,37.8379],[-83.879,37.8357],[-83.8805,37.8348],[-83.8785,37.8353],[-83.8784,37.8372],[-83.8778,37.8375],[-83.8776,37.8385],[-83.8755,37.8386],[-83.8749,37.8389],[-83.8749,37.8157],[-83.8766,37.8159],[-83.8805,37.8145],[-83.8817,37.8147],[-83.882,37.8159],[-83.8815,37.8175],[-83.8815,37.8193],[-83.8813,37.8197],[-83.8796,37.8203],[-83.8802,37.8215],[-83.8817,37.8224],[-83.8826,37.8222],[-83.8834,37.8217],[-83.8822,37.8206],[-83.882,37.82],[-83.8823,37.8193],[-83.882,37.8185],[-83.8825,37.8173],[-83.8837,37.8166],[-83.8874,37.8169],[-83.888,37.8158],[-83.8878,37.8155],[-83.8862,37.8155],[-83.8845,37.8163],[-83.8837,37.8161],[-83.8824,37.8149],[-83.883,37.8133],[-83.8871,37.8114],[-83.8902,37.8107],[-83.8906,37.8101],[-83.8899,37.809],[-83.8895,37.8089],[-83.8837,37.8119],[-83.8807,37.8117],[-83.8804,37.8114],[-83.8806,37.8097],[-83.8811,37.8091],[-83.8823,37.8086],[-83.8837,37.8071],[-83.8836,37.8066],[-83.8824,37.8063],[-83.8843,37.8046],[-83.8823,37.8042],[-83.8819,37.8025],[-83.8804,37.8029],[-83.8791,37.802],[-83.8769,37.8038],[-83.8749,37.8024],[-83.8754,37.8008],[-83.8749,37.8002],[-83.8749,37.7987],[-83.8764,37.7981],[-83.8769,37.7974],[-83.8762,37.7964],[-83.8767,37.795],[-83.8761,37.7936],[-83.8749,37.7942],[-83.8749,37.782],[-83.8771,37.7828],[-83.8776,37.7834],[-83.8769,37.7839],[-83.8784,37.7839],[-83.8793,37.7845],[-83.8793,37.7851],[-83.8801,37.7856],[-83.8824,37.786],[-83.8832,37.7881],[-83.883,37.789],[-83.8842,37.7892],[-83.8852,37.7905],[-83.8851,37.791],[-83.8838,37.7912],[-83.8836,37.792],[-83.8851,37.7914],[-83.886,37.7938],[-83.8866,37.7933],[-83.888,37.7936],[-83.8888,37.7944],[-83.8888,37.7953],[-83.8875,37.7961],[-83.8884,37.7962],[-83.8891,37.7967],[-83.8899,37.796],[-83.8914,37.7961],[-83.8915,37.7958],[-83.8922,37.7957],[-83.8923,37.7963],[-83.8915,37.7966],[-83.8908,37.7981],[-83.8925,37.797],[-83.8929,37.7973],[-83.892,37.798],[-83.8928,37.7979],[-83.8935,37.7981],[-83.8937,37.7977],[-83.8945,37.7977],[-83.895,37.7972],[-83.8961,37.7972],[-83.8966,37.7976],[-83.896,37.798],[-83.8962,37.7984],[-83.897,37.7982],[-83.897,37.7993],[-83.8942,37.8007],[-83.8896,37.8051],[-83.8935,37.802],[-83.8944,37.8008],[-83.8964,37.8003],[-83.8983,37.7991],[-83.8986,37.7994],[-83.8986,37.8003],[-83.8989,37.8004],[-83.8986,37.8007],[-83.8992,37.8012],[-83.8981,37.802],[-83.8995,37.802],[-83.9007,37.8034],[-83.9003,37.8038],[-83.8992,37.8037],[-83.9001,37.8044],[-83.8989,37.8049],[-83.9015,37.8046],[-83.9019,37.805],[-83.9018,37.8057],[-83.9022,37.806],[-83.9019,37.8065],[-83.9028,37.8057],[-83.9032,37.8058],[-83.905,37.8078],[-83.9049,37.8082],[-83.904,37.8082],[-83.9046,37.8086],[-83.9007,37.8092],[-83.9017,37.8095],[-83.9033,37.8093],[-83.9044,37.8099],[-83.9054,37.81],[-83.9055,37.8108],[-83.9051,37.8113],[-83.9039,37.8108],[-83.9038,37.8113],[-83.9015,37.8114],[-83.9021,37.8116],[-83.9021,37.8123],[-83.9026,37.8118],[-83.9046,37.8119],[-83.9042,37.813],[-83.9032,37.8137],[-83.9019,37.8138],[-83.9013,37.8143],[-83.8989,37.8134],[-83.8982,37.8141],[-83.8993,37.8138],[-83.9005,37.8144],[-83.9004,37.8149],[-83.8987,37.8157],[-83.8974,37.8155],[-83.8969,37.816],[-83.8962,37.816],[-83.8961,37.8165],[-83.8969,37.8164],[-83.8978,37.8158],[-83.8982,37.8162],[-83.8991,37.8159],[-83.8997,37.8164],[-83.8998,37.817],[-83.9,37.8157],[-83.9004,37.8155],[-83.9013,37.8157],[-83.9015,37.8181],[-83.9012,37.8187],[-83.9015,37.818],[-83.9019,37.8158],[-83.903,37.8153],[-83.9029,37.8161],[-83.9036,37.8157],[-83.904,37.8163],[-83.9043,37.8149],[-83.9055,37.814],[-83.9068,37.8142],[-83.9073,37.8152],[-83.9079,37.8151],[-83.9085,37.8157],[-83.9086,37.8163],[-83.9079,37.8166],[-83.9087,37.8174],[-83.9086,37.8178],[-83.9067,37.8165],[-83.9065,37.8173],[-83.9036,37.8185],[-83.9055,37.8184],[-83.905,37.8192],[-83.9059,37.8189],[-83.9067,37.8191],[-83.9073,37.8187],[-83.9076,37.8192],[-83.9084,37.8191],[-83.9084,37.8198],[-83.908,37.8201],[-83.9071,37.82],[-83.9068,37.8205],[-83.9057,37.8203],[-83.9029,37.8208],[-83.9032,37.8209],[-83.9032,37.8213],[-83.9047,37.8211],[-83.9059,37.8214],[-83.9056,37.8221],[-83.9042,37.8227],[-83.9047,37.8238],[-83.9049,37.823],[-83.9063,37.8224],[-83.9072,37.8224],[-83.9076,37.8219],[-83.909,37.8219],[-83.9093,37.8223],[-83.9065,37.8239],[-83.9064,37.8252],[-83.9057,37.8258],[-83.9063,37.8259],[-83.9062,37.8264],[-83.9059,37.827],[-83.9046,37.8269],[-83.9057,37.8273],[-83.9047,37.8276],[-83.9054,37.8277],[-83.9055,37.8281],[-83.9066,37.8271],[-83.9078,37.8246],[-83.908,37.826],[-83.9093,37.8238],[-83.9097,37.8236],[-83.91,37.8239],[-83.9098,37.8246],[-83.9113,37.8242],[-83.9119,37.8249],[-83.9099,37.8257],[-83.9096,37.827],[-83.9087,37.8277],[-83.9092,37.8277],[-83.91,37.8273],[-83.9105,37.8265],[-83.9113,37.8262],[-83.9117,37.8265],[-83.9112,37.8274],[-83.9112,37.828],[-83.9117,37.8276],[-83.9126,37.8276],[-83.9123,37.827],[-83.9129,37.8267],[-83.9128,37.826],[-83.9135,37.825],[-83.914,37.8258],[-83.9149,37.8254],[-83.9155,37.8257],[-83.9157,37.8262],[-83.918,37.8258],[-83.919,37.8263],[-83.9187,37.8267],[-83.9193,37.8274],[-83.9179,37.8271],[-83.9181,37.8279],[-83.9175,37.8278],[-83.9166,37.827],[-83.9162,37.8273],[-83.9146,37.8271],[-83.9155,37.8276],[-83.9151,37.8279],[-83.9142,37.8277],[-83.9144,37.8284],[-83.914,37.8287],[-83.9148,37.8288],[-83.9155,37.8284],[-83.9164,37.8283],[-83.9172,37.8288],[-83.9158,37.8296],[-83.9166,37.8294],[-83.917,37.8297],[-83.9184,37.8291],[-83.9175,37.8303],[-83.9189,37.8299],[-83.9193,37.8301],[-83.9194,37.8307],[-83.9188,37.8311],[-83.9194,37.8317],[-83.9191,37.8321],[-83.9166,37.8312],[-83.916,37.8315],[-83.9154,37.8311],[-83.9148,37.8312],[-83.9141,37.83],[-83.9132,37.8298],[-83.9121,37.8288],[-83.9116,37.8292],[-83.9109,37.8289],[-83.9105,37.8292],[-83.908,37.829],[-83.9078,37.8292],[-83.9082,37.8296],[-83.9075,37.83],[-83.907,37.8299],[-83.9071,37.8303],[-83.9066,37.8306],[-83.9051,37.8302],[-83.904,37.831],[-83.9043,37.8311],[-83.9055,37.8307],[-83.906,37.831],[-83.9054,37.8331],[-83.9061,37.8326],[-83.9064,37.8313],[-83.9069,37.8311],[-83.9075,37.8315],[-83.9074,37.8309],[-83.9087,37.8303],[-83.9092,37.8304],[-83.9093,37.8309],[-83.9098,37.8303],[-83.912,37.8304],[-83.9106,37.8313],[-83.91,37.8322],[-83.9082,37.8328],[-83.9084,37.8331],[-83.9079,37.8337],[-83.9093,37.8332],[-83.9095,37.8334],[-83.9087,37.8344],[-83.9097,37.834],[-83.9098,37.835],[-83.9103,37.8342],[-83.9102,37.8331],[-83.9121,37.8316],[-83.9125,37.8318],[-83.9115,37.8328],[-83.9134,37.8326],[-83.9137,37.8328],[-83.9116,37.8341],[-83.9109,37.8352],[-83.913,37.834],[-83.9149,37.8334],[-83.9152,37.8337],[-83.9143,37.834],[-83.9127,37.835],[-83.9134,37.8351],[-83.9147,37.8346],[-83.9148,37.8349],[-83.9143,37.8352],[-83.915,37.8356],[-83.9161,37.8348],[-83.9167,37.8338],[-83.9174,37.8339],[-83.9175,37.8346],[-83.9171,37.835],[-83.9176,37.8352],[-83.9173,37.8357],[-83.9163,37.8355],[-83.9156,37.8359],[-83.9144,37.8361],[-83.9129,37.8358],[-83.9127,37.8362],[-83.9111,37.836],[-83.9104,37.8363],[-83.9112,37.8365],[-83.911,37.8368],[-83.91,37.8367],[-83.9097,37.8371],[-83.9087,37.8369],[-83.908,37.8373],[-83.9077,37.837],[-83.9067,37.8371],[-83.9056,37.836],[-83.9057,37.8368],[-83.9062,37.8373],[-83.9052,37.8375],[-83.9056,37.8378],[-83.9074,37.8377],[-83.9077,37.8385],[-83.9084,37.8382],[-83.9084,37.8391],[-83.9096,37.8381],[-83.9097,37.839],[-83.9109,37.838],[-83.9111,37.8387],[-83.912,37.8377],[-83.9128,37.8377],[-83.912,37.8389],[-83.9093,37.8401],[-83.9101,37.8403],[-83.9112,37.8398],[-83.9112,37.8405],[-83.912,37.8398],[-83.9121,37.8403],[-83.9124,37.8403],[-83.9129,37.84],[-83.9131,37.8392],[-83.9137,37.8393],[-83.9139,37.8388],[-83.9145,37.8388],[-83.9146,37.8384],[-83.9153,37.8383],[-83.9155,37.8392],[-83.9149,37.8394],[-83.915,37.84],[-83.9135,37.84],[-83.9153,37.8421],[-83.9155,37.8412],[-83.9159,37.841],[-83.9161,37.8404],[-83.9174,37.8408],[-83.9175,37.8401],[-83.9171,37.8397],[-83.9173,37.8392],[-83.9178,37.8394],[-83.9176,37.84],[-83.9189,37.8406],[-83.9202,37.8407],[-83.9199,37.8409],[-83.9183,37.8409],[-83.9176,37.8414],[-83.9185,37.8416],[-83.9184,37.8419],[-83.9177,37.8424]],[[-83.8863,37.822],[-83.8854,37.8219],[-83.8846,37.8222],[-83.8856,37.8235],[-83.8875,37.8239],[-83.8884,37.8248],[-83.89,37.8244],[-83.8863,37.822]],[[-83.8953,37.8241],[-83.8952,37.8243],[-83.8954,37.8242],[-83.8953,37.8241]],[[-83.8973,37.8257],[-83.8973,37.8259],[-83.8976,37.826],[-83.8973,37.8257]]],[[[-83.9063,37.8182],[-83.9064,37.8182],[-83.9062,37.8184],[-83.9063,37.8182]]],[[[-83.9081,37.8213],[-83.9074,37.8215],[-83.908,37.8211],[-83.9081,37.8205],[-83.9081,37.8213]]],[[[-83.876,37.8424],[-83.8766,37.8416],[-83.8774,37.8419],[-83.8778,37.8433],[-83.8774,37.844],[-83.878,37.8441],[-83.8784,37.8453],[-83.8781,37.8464],[-83.877,37.8476],[-83.8765,37.8469],[-83.8751,37.8462],[-83.8766,37.8481],[-83.8762,37.8498],[-83.876,37.8482],[-83.8749,37.8475],[-83.8749,37.8411],[-83.8759,37.8413],[-83.8757,37.8421],[-83.8752,37.8425],[-83.8755,37.8426],[-83.876,37.8424]]],[[[-83.9015,37.8715],[-83.9019,37.8724],[-83.9023,37.8714],[-83.9013,37.8709],[-83.9014,37.8704],[-83.9005,37.8707],[-83.8993,37.8694],[-83.9005,37.8685],[-83.8998,37.8683],[-83.899,37.8689],[-83.8986,37.8688],[-83.8991,37.8677],[-83.8977,37.8684],[-83.8966,37.8679],[-83.8956,37.8678],[-83.8962,37.8672],[-83.896,37.8666],[-83.897,37.8669],[-83.8979,37.8661],[-83.8962,37.8659],[-83.8953,37.8649],[-83.8962,37.8646],[-83.8953,37.8642],[-83.8952,37.8639],[-83.8982,37.8636],[-83.8964,37.8634],[-83.8956,37.863],[-83.8954,37.8626],[-83.8943,37.8628],[-83.8937,37.8621],[-83.8933,37.8611],[-83.8936,37.8608],[-83.8956,37.8616],[-83.8948,37.8603],[-83.8942,37.8604],[-83.8933,37.86],[-83.8933,37.8597],[-83.8941,37.8594],[-83.893,37.859],[-83.894,37.8583],[-83.8928,37.8585],[-83.8924,37.8583],[-83.8924,37.857],[-83.8931,37.8572],[-83.8935,37.8566],[-83.8941,37.857],[-83.8944,37.8566],[-83.893,37.8562],[-83.8928,37.8558],[-83.8921,37.8561],[-83.8919,37.8544],[-83.8926,37.8545],[-83.8921,37.8535],[-83.893,37.8536],[-83.8921,37.8524],[-83.8926,37.8524],[-83.8932,37.8539],[-83.8944,37.8537],[-83.8941,37.8532],[-83.8942,37.8521],[-83.8947,37.8538],[-83.8955,37.8541],[-83.8962,37.8539],[-83.8965,37.855],[-83.8959,37.8572],[-83.8968,37.857],[-83.8973,37.8548],[-83.8977,37.8546],[-83.8997,37.8549],[-83.8992,37.8555],[-83.8997,37.8557],[-83.8986,37.858],[-83.899,37.8592],[-83.8975,37.8589],[-83.8986,37.8601],[-83.8996,37.8601],[-83.8995,37.8604],[-83.8983,37.8611],[-83.8999,37.8615],[-83.9003,37.8642],[-83.8997,37.8657],[-83.9003,37.8657],[-83.9005,37.8649],[-83.9008,37.8648],[-83.9017,37.8657],[-83.9018,37.867],[-83.902,37.8668],[-83.9022,37.8656],[-83.9012,37.8645],[-83.9008,37.8627],[-83.9014,37.8617],[-83.9023,37.8636],[-83.9035,37.8648],[-83.904,37.8664],[-83.9048,37.8669],[-83.9048,37.8675],[-83.9036,37.8681],[-83.9043,37.868],[-83.9046,37.8682],[-83.9037,37.869],[-83.9049,37.8685],[-83.9052,37.8693],[-83.9043,37.8701],[-83.9054,37.8697],[-83.9057,37.8703],[-83.9053,37.8712],[-83.906,37.8721],[-83.9059,37.8713],[-83.9064,37.8703],[-83.9055,37.8678],[-83.9059,37.8677],[-83.9071,37.8683],[-83.9077,37.87],[-83.9078,37.8698],[-83.9073,37.8683],[-83.906,37.8671],[-83.9054,37.866],[-83.9066,37.8664],[-83.9061,37.8656],[-83.9074,37.8659],[-83.9084,37.8667],[-83.9084,37.8672],[-83.9088,37.8671],[-83.9095,37.8673],[-83.9098,37.8679],[-83.9095,37.8683],[-83.9095,37.8689],[-83.9096,37.8683],[-83.9103,37.8682],[-83.9102,37.8677],[-83.9112,37.8681],[-83.9094,37.8667],[-83.9104,37.8665],[-83.9085,37.8659],[-83.91,37.8653],[-83.9092,37.8654],[-83.909,37.8648],[-83.9086,37.8653],[-83.9081,37.8653],[-83.9059,37.8643],[-83.9054,37.8644],[-83.9038,37.863],[-83.9047,37.863],[-83.9053,37.8625],[-83.9056,37.8627],[-83.9056,37.8631],[-83.9064,37.8627],[-83.9071,37.8638],[-83.9079,37.8641],[-83.9082,37.8639],[-83.9076,37.8639],[-83.9072,37.8632],[-83.9082,37.8633],[-83.9081,37.8624],[-83.9058,37.8619],[-83.9055,37.8615],[-83.9037,37.8621],[-83.9031,37.8607],[-83.9015,37.8594],[-83.9012,37.8584],[-83.9023,37.8583],[-83.9029,37.8594],[-83.9074,37.8615],[-83.9075,37.8609],[-83.9065,37.8602],[-83.9067,37.8599],[-83.9074,37.8602],[-83.9073,37.8594],[-83.908,37.8593],[-83.9083,37.8597],[-83.9086,37.8596],[-83.909,37.8609],[-83.9096,37.8606],[-83.9097,37.8601],[-83.9101,37.8612],[-83.9097,37.8618],[-83.9104,37.8619],[-83.9092,37.8628],[-83.9103,37.8627],[-83.9101,37.8637],[-83.9111,37.8632],[-83.9119,37.8634],[-83.9112,37.8639],[-83.9125,37.8643],[-83.9115,37.8652],[-83.9122,37.8654],[-83.9133,37.8648],[-83.914,37.8651],[-83.9127,37.8662],[-83.9128,37.8664],[-83.9141,37.8663],[-83.9126,37.8674],[-83.9135,37.8677],[-83.9145,37.8672],[-83.9142,37.8679],[-83.9148,37.8681],[-83.9159,37.8676],[-83.9163,37.8667],[-83.9172,37.8672],[-83.9166,37.8677],[-83.9172,37.868],[-83.9171,37.8683],[-83.9156,37.8681],[-83.9154,37.8686],[-83.9147,37.8688],[-83.9154,37.8692],[-83.914,37.8693],[-83.9149,37.87],[-83.9144,37.8705],[-83.9131,37.8698],[-83.9117,37.8696],[-83.9121,37.8708],[-83.911,37.8716],[-83.9118,37.8718],[-83.9118,37.8724],[-83.9127,37.8714],[-83.9131,37.8714],[-83.9124,37.8733],[-83.9119,37.8734],[-83.9107,37.8729],[-83.911,37.8735],[-83.9098,37.8731],[-83.9104,37.8742],[-83.9114,37.8743],[-83.9109,37.875],[-83.9043,37.8751],[-83.9042,37.8746],[-83.9045,37.8739],[-83.9039,37.8744],[-83.903,37.8745],[-83.9014,37.8736],[-83.9005,37.8713],[-83.9015,37.8715]]],[[[-83.8839,37.8729],[-83.8829,37.8732],[-83.8825,37.8729],[-83.8838,37.8716],[-83.8834,37.8713],[-83.8844,37.8708],[-83.885,37.8712],[-83.8856,37.8713],[-83.8859,37.872],[-83.8873,37.8728],[-83.8861,37.8707],[-83.8863,37.8701],[-83.8854,37.8704],[-83.8856,37.8696],[-83.886,37.8685],[-83.8866,37.8678],[-83.8869,37.8679],[-83.8881,37.8658],[-83.8882,37.8675],[-83.8887,37.8677],[-83.8883,37.8684],[-83.8884,37.8701],[-83.889,37.8693],[-83.889,37.8684],[-83.8895,37.8684],[-83.8891,37.866],[-83.8902,37.8669],[-83.8895,37.8646],[-83.8898,37.864],[-83.8906,37.8654],[-83.8912,37.8651],[-83.8915,37.8653],[-83.8913,37.8669],[-83.892,37.8664],[-83.8924,37.8673],[-83.891,37.868],[-83.8916,37.8681],[-83.8909,37.869],[-83.8918,37.8686],[-83.8921,37.8687],[-83.892,37.8693],[-83.8916,37.8696],[-83.8918,37.8699],[-83.8913,37.8703],[-83.8916,37.8705],[-83.8928,37.8694],[-83.8932,37.8703],[-83.8927,37.8711],[-83.8934,37.8713],[-83.8932,37.8721],[-83.8909,37.8725],[-83.893,37.8726],[-83.893,37.8728],[-83.89,37.8742],[-83.8908,37.874],[-83.8908,37.8747],[-83.8915,37.874],[-83.8928,37.8737],[-83.8919,37.8751],[-83.8922,37.8751],[-83.8934,37.8742],[-83.8935,37.8735],[-83.894,37.8738],[-83.894,37.8733],[-83.8946,37.8725],[-83.8952,37.873],[-83.8952,37.8748],[-83.8944,37.8749],[-83.8945,37.8751],[-83.8837,37.8751],[-83.883,37.8747],[-83.8834,37.8739],[-83.887,37.875],[-83.887,37.8747],[-83.8862,37.874],[-83.8854,37.874],[-83.8839,37.8729]]],[[[-83.8769,37.8707],[-83.8768,37.8712],[-83.8762,37.8712],[-83.8762,37.8717],[-83.8749,37.8723],[-83.8749,37.8688],[-83.8763,37.8689],[-83.8764,37.8693],[-83.8773,37.8691],[-83.879,37.8698],[-83.8789,37.8703],[-83.8769,37.8707]]],[[[-83.9179,37.8731],[-83.9188,37.8728],[-83.92,37.8716],[-83.9204,37.8715],[-83.9204,37.8717],[-83.9184,37.8735],[-83.9187,37.8738],[-83.9181,37.8744],[-83.9187,37.8747],[-83.9186,37.8751],[-83.917,37.8751],[-83.9176,37.8749],[-83.9168,37.8735],[-83.9166,37.8724],[-83.9172,37.8722],[-83.9173,37.8713],[-83.9187,37.8706],[-83.918,37.8713],[-83.9179,37.8731]]],[[[-83.8961,37.8701],[-83.897,37.8703],[-83.8972,37.8707],[-83.8977,37.8706],[-83.8989,37.8715],[-83.8997,37.8746],[-83.9008,37.8746],[-83.9011,37.8749],[-83.9011,37.8751],[-83.8986,37.8751],[-83.8971,37.8739],[-83.8968,37.873],[-83.8975,37.8734],[-83.8979,37.8733],[-83.8968,37.8723],[-83.8963,37.8714],[-83.8967,37.8712],[-83.8961,37.8701]]],[[[-83.8754,37.8728],[-83.8749,37.8735],[-83.8749,37.8725],[-83.8754,37.8728]]],[[[-83.8775,37.873],[-83.8783,37.8724],[-83.8785,37.8716],[-83.8797,37.871],[-83.8795,37.8728],[-83.8775,37.8738],[-83.8771,37.8747],[-83.8793,37.8737],[-83.8789,37.8744],[-83.8796,37.8743],[-83.88,37.8751],[-83.8749,37.8751],[-83.8749,37.8737],[-83.8756,37.8732],[-83.8757,37.8725],[-83.8772,37.8716],[-83.8776,37.8715],[-83.8779,37.8719],[-83.8775,37.873]]],[[[-83.92,37.8751],[-83.9204,37.8742],[-83.9207,37.8741],[-83.9206,37.875],[-83.92,37.8751]]],[[[-83.9122,37.8748],[-83.9125,37.8751],[-83.9135,37.8741],[-83.9147,37.8743],[-83.9136,37.8751],[-83.9118,37.8751],[-83.9122,37.8748]]],[[[-83.9023,37.8751],[-83.9033,37.8747],[-83.904,37.8751],[-83.904,37.8751],[-83.9023,37.8751]]],[[[-83.8982,37.8751],[-83.8968,37.8751],[-83.8973,37.8747],[-83.8982,37.8751]]]]}},{"type":"Feature","properties":{"quadrangle_name":"Cobhill"},"geometry":{"type":"MultiPolygon","coordinates":[[[[-83.8379,37.6251],[-83.8355,37.6255],[-83.8316,37.6251],[-83.8379,37.6251]]],[[[-83.8738,37.6322],[-83.8741,37.6317],[-83.8735,37.6309],[-83.8704,37.6287],[-83.8722,37.6282],[-83.8728,37.6276],[-83.8727,37.6264],[-83.8714,37.6257],[-83.8712,37.6251],[-83.8749,37.6251],[-83.8749,37.6351],[-83.8737,37.6354],[-83.8713,37.6332],[-83.8738,37.6322]]],[[[-83.8724,37.6421],[-83.868,37.6411],[-83.868,37.6397],[-83.8671,37.6406],[-83.866,37.6412],[-83.8656,37.6417],[-83.8659,37.6423],[-83.8656,37.6425],[-83.8573,37.6415],[-83.8565,37.6413],[-83.8559,37.6408],[-83.8485,37.6402],[-83.8444,37.6405],[-83.8427,37.6402],[-83.8418,37.6409],[-83.8366,37.6415],[-83.8351,37.6414],[-83.8312,37.642],[-83.8287,37.6419],[-83.8235,37.6413],[-83.8203,37.6414],[-83.8185,37.6416],[-83.8127,37.6433],[-83.8099,37.6429],[-83.8092,37.6424],[-83.8089,37.6415],[-83.8088,37.6394],[-83.8096,37.6378],[-83.8106,37.6367],[-83.8136,37.6357],[-83.8176,37.6349],[-83.8222,37.6351],[-83.8327,37.6372],[-83.8367,37.6361],[-83.8445,37.6324],[-83.8456,37.6322],[-83.8461,37.6312],[-83.8481,37.6299],[-83.8489,37.6297],[-83.8508,37.6303],[-83.8508,37.6299],[-83.8501,37.6293],[-83.8502,37.6286],[-83.8512,37.6279],[-83.8518,37.6279],[-83.852,37.6272],[-83.8531,37.6263],[-83.855,37.6251],[-83.8579,37.6251],[-83.8537,37.6279],[-83.8531,37.6291],[-83.8523,37.6291],[-83.8521,37.6294],[-83.8528,37.6299],[-83.8531,37.6307],[-83.8542,37.631],[-83.8571,37.6312],[-83.8583,37.6308],[-83.8595,37.6311],[-83.8573,37.6327],[-83.857,37.6335],[-83.8555,37.6329],[-83.8539,37.6333],[-83.8525,37.633],[-83.8519,37.6333],[-83.8515,37.6341],[-83.8505,37.6342],[-83.8508,37.6323],[-83.8488,37.6313],[-83.8473,37.6322],[-83.8473,37.6335],[-83.8468,37.6348],[-83.845,37.6337],[-83.8428,37.6348],[-83.8424,37.6356],[-83.8419,37.6358],[-83.8408,37.6357],[-83.8394,37.6367],[-83.8387,37.6366],[-83.8358,37.6377],[-83.8322,37.6382],[-83.8292,37.638],[-83.8261,37.637],[-83.8248,37.637],[-83.8222,37.6362],[-83.8204,37.6366],[-83.8197,37.6359],[-83.8183,37.6358],[-83.8172,37.6366],[-83.8135,37.6371],[-83.8124,37.6381],[-83.8111,37.6382],[-83.8105,37.6399],[-83.8111,37.6409],[-83.8108,37.6419],[-83.8119,37.6422],[-83.8179,37.6406],[-83.823,37.6403],[-83.8311,37.6407],[-83.8323,37.6399],[-83.834,37.6402],[-83.8351,37.6394],[-83.8364,37.64],[-83.837,37.6397],[-83.8394,37.6397],[-83.8408,37.6394],[-83.8425,37.6386],[-83.8441,37.6387],[-83.846,37.638],[-83.8474,37.6385],[-83.8547,37.6391],[-83.8553,37.6387],[-83.855,37.6379],[-83.856,37.6379],[-83.8572,37.6393],[-83.8587,37.6402],[-83.8593,37.6393],[-83.861,37.639],[-83.8616,37.6378],[-83.8636,37.6374],[-83.8647,37.6389],[-83.8656,37.639],[-83.8662,37.638],[-83.8661,37.6367],[-83.8667,37.6358],[-83.8686,37.6363],[-83.8697,37.6381],[-83.871,37.6389],[-83.8712,37.6397],[-83.8726,37.6401],[-83.8732,37.6394],[-83.8733,37.6373],[-83.8749,37.6366],[-83.8749,37.641],[-83.8739,37.6413],[-83.8734,37.642],[-83.8724,37.6421]]],[[[-83.8055,37.6439],[-83.8047,37.6425],[-83.8043,37.6403],[-83.8056,37.6367],[-83.8067,37.6347],[-83.805,37.6331],[-83.8052,37.6327],[-83.8062,37.6325],[-83.8099,37.6334],[-83.8165,37.6317],[-83.8193,37.6316],[-83.8194,37.6307],[-83.8189,37.6296],[-83.8179,37.6283],[-83.8174,37.6281],[-83.8163,37.6283],[-83.8152,37.6272],[-83.817,37.6268],[-83.819,37.6253],[-83.8191,37.6269],[-83.8217,37.6291],[-83.8228,37.6321],[-83.8247,37.6321],[-83.8267,37.6297],[-83.8273,37.6306],[-83.8277,37.6328],[-83.8284,37.6329],[-83.8293,37.6326],[-83.8305,37.6335],[-83.8322,37.6324],[-83.8326,37.6334],[-83.8339,37.6334],[-83.8379,37.6316],[-83.837,37.631],[-83.8368,37.6296],[-83.8381,37.6273],[-83.8403,37.6271],[-83.8399,37.6279],[-83.8398,37.6292],[-83.8403,37.6298],[-83.8412,37.6298],[-83.8447,37.6278],[-83.8458,37.6268],[-83.8472,37.6262],[-83.8479,37.6254],[-83.8488,37.6251],[-83.851,37.6251],[-83.8419,37.6311],[-83.8339,37.6347],[-83.8293,37.6353],[-83.8282,37.635],[-83.8281,37.6347],[-83.8274,37.6347],[-83.8246,37.634],[-83.8248,37.6335],[-83.8242,37.6338],[-83.8184,37.6326],[-83.8169,37.6327],[-83.8099,37.6344],[-83.8089,37.6348],[-83.8079,37.6355],[-83.8068,37.6375],[-83.8061,37.6397],[-83.8063,37.6424],[-83.8075,37.6438],[-83.8091,37.6445],[-83.8122,37.6454],[-83.8147,37.6452],[-83.82,37.6438],[-83.8241,37.6437],[-83.8323,37.6441],[-83.8505,37.6433],[-83.8634,37.6476],[-83.8693,37.65],[-83.8711,37.6514],[-83.8749,37.6551],[-83.8749,37.6606],[-83.8729,37.6617],[-83.8742,37.6622],[-83.8749,37.662],[-83.8749,37.6641],[-83.8741,37.6644],[-83.8745,37.6649],[-83.8743,37.6654],[-83.8723,37.6669],[-83.87,37.667],[-83.8698,37.6679],[-83.8688,37.6689],[-83.8669,37.6695],[-83.8646,37.6694],[-83.8629,37.6686],[-83.8604,37.6668],[-83.8602,37.6663],[-83.8582,37.6657],[-83.8561,37.6634],[-83.8538,37.6624],[-83.8516,37.6634],[-83.8478,37.6642],[-83.8457,37.6661],[-83.8433,37.6667],[-83.8417,37.6661],[-83.8408,37.6648],[-83.84,37.6627],[-83.8386,37.6614],[-83.833,37.6614],[-83.8314,37.6611],[-83.8291,37.6597],[-83.8288,37.6582],[-83.8283,37.6583],[-83.8282,37.6592],[-83.8273,37.6599],[-83.8252,37.66],[-83.8226,37.6586],[-83.8214,37.6569],[-83.822,37.6569],[-83.8233,37.6559],[-83.8253,37.6584],[-83.8266,37.6582],[-83.8274,37.6569],[-83.8268,37.6555],[-83.8269,37.6549],[-83.8285,37.6547],[-83.8296,37.6531],[-83.8299,37.6531],[-83.8314,37.6544],[-83.8328,37.6549],[-83.8308,37.6567],[-83.8317,37.6592],[-83.8324,37.6599],[-83.833,37.6599],[-83.8334,37.6595],[-83.8338,37.6582],[-83.8348,37.6571],[-83.8353,37.657],[-83.8359,37.6578],[-83.8368,37.6578],[-83.8405,37.6566],[-83.8411,37.6581],[-83.8421,37.6589],[-83.8419,37.6613],[-83.8425,37.6619],[-83.8433,37.6644],[-83.8437,37.6646],[-83.8445,37.6643],[-83.845,37.6637],[-83.8446,37.6609],[-83.8457,37.6588],[-83.8477,37.6612],[-83.8484,37.6615],[-83.85,37.6615],[-83.8503,37.6612],[-83.85,37.6597],[-83.8525,37.6591],[-83.855,37.6572],[-83.8571,37.6575],[-83.8594,37.657],[-83.8597,37.6578],[-83.8603,37.6583],[-83.8601,37.6587],[-83.8583,37.6603],[-83.8569,37.6609],[-83.8582,37.6618],[-83.8597,37.6636],[-83.8609,37.6631],[-83.8623,37.6614],[-83.8633,37.6612],[-83.8642,37.6633],[-83.8635,37.6647],[-83.8636,37.6655],[-83.8646,37.6668],[-83.866,37.6673],[-83.8658,37.6635],[-83.8676,37.662],[-83.8659,37.6613],[-83.8658,37.6606],[-83.8668,37.6593],[-83.8689,37.6587],[-83.8683,37.6583],[-83.8653,37.6582],[-83.8645,37.6566],[-83.8673,37.6553],[-83.8683,37.6537],[-83.8665,37.6536],[-83.8659,37.6526],[-83.8639,37.6527],[-83.8634,37.6514],[-83.8619,37.6498],[-83.8599,37.6492],[-83.859,37.6537],[-83.8577,37.6538],[-83.8555,37.6481],[-83.8541,37.6496],[-83.8536,37.651],[-83.852,37.6526],[-83.8516,37.6524],[-83.8513,37.6518],[-83.8519,37.6498],[-83.8519,37.6461],[-83.8507,37.6471],[-83.8489,37.6457],[-83.8485,37.6447],[-83.8478,37.6447],[-83.8472,37.6456],[-83.8464,37.646],[-83.846,37.646],[-83.8455,37.6454],[-83.8447,37.6452],[-83.843,37.6482],[-83.8409,37.6451],[-83.8385,37.6451],[-83.8389,37.6479],[-83.8387,37.6484],[-83.8371,37.6478],[-83.8353,37.6481],[-83.8352,37.6471],[-83.8357,37.6466],[-83.8351,37.6454],[-83.8329,37.6455],[-83.8319,37.6462],[-83.8307,37.646],[-83.8301,37.6454],[-83.8286,37.6456],[-83.8278,37.6453],[-83.8257,37.6459],[-83.8247,37.6455],[-83.8245,37.6451],[-83.8236,37.6451],[-83.8225,37.6452],[-83.8219,37.646],[-83.8203,37.647],[-83.8192,37.6451],[-83.8175,37.6454],[-83.8152,37.6462],[-83.8121,37.6467],[-83.8098,37.6463],[-83.8072,37.6452],[-83.8055,37.6439]]],[[[-83.8749,37.6461],[-83.8733,37.6444],[-83.8735,37.644],[-83.8749,37.6433],[-83.8749,37.6461]]],[[[-83.8749,37.7307],[-83.8749,37.7326],[-83.8737,37.7318],[-83.8737,37.7314],[-83.8741,37.7309],[-83.8749,37.7307]]],[[[-83.7657,37.6993],[-83.7682,37.7],[-83.769,37.6999],[-83.7697,37.6977],[-83.7694,37.6964],[-83.7703,37.6962],[-83.7718,37.6966],[-83.7735,37.696],[-83.7751,37.6961],[-83.7772,37.6943],[-83.7766,37.6922],[-83.7747,37.6914],[-83.7742,37.6907],[-83.7764,37.6905],[-83.7782,37.69],[-83.7788,37.6888],[-83.7813,37.6866],[-83.7815,37.686],[-83.7865,37.6853],[-83.7888,37.6832],[-83.7876,37.6821],[-83.7893,37.6814],[-83.7904,37.6803],[-83.7926,37.6799],[-83.7931,37.6791],[-83.7948,37.6784],[-83.7973,37.6786],[-83.8006,37.6767],[-83.8007,37.6749],[-83.7989,37.6752],[-83.7979,37.6748],[-83.7964,37.6748],[-83.7948,37.6745],[-83.7934,37.6734],[-83.7904,37.6739],[-83.7901,37.6737],[-83.7914,37.6731],[-83.792,37.6724],[-83.7915,37.6705],[-83.7933,37.6721],[-83.7948,37.6727],[-83.7988,37.6728],[-83.8011,37.6715],[-83.8026,37.6695],[-83.804,37.6702],[-83.8055,37.6701],[-83.8078,37.6677],[-83.8077,37.6665],[-83.8081,37.6662],[-83.8104,37.6654],[-83.815,37.6662],[-83.817,37.6653],[-83.8175,37.6647],[-83.8196,37.6646],[-83.8211,37.6629],[-83.8204,37.662],[-83.8205,37.6611],[-83.8199,37.6606],[-83.816,37.6611],[-83.8145,37.661],[-83.8114,37.6598],[-83.8113,37.659],[-83.8126,37.658],[-83.8128,37.6573],[-83.811,37.6565],[-83.8087,37.6563],[-83.8088,37.6554],[-83.8048,37.6564],[-83.8021,37.6556],[-83.8008,37.6563],[-83.8009,37.6577],[-83.8005,37.6581],[-83.8001,37.658],[-83.7984,37.6566],[-83.7995,37.6551],[-83.8013,37.6537],[-83.8015,37.6531],[-83.798,37.6508],[-83.7988,37.6494],[-83.7955,37.6483],[-83.7943,37.6464],[-83.7926,37.6467],[-83.7902,37.646],[-83.7888,37.6468],[-83.7886,37.6457],[-83.7891,37.6446],[-83.7865,37.6444],[-83.786,37.6441],[-83.7849,37.641],[-83.7841,37.6413],[-83.783,37.6439],[-83.7802,37.6442],[-83.7787,37.6434],[-83.778,37.6433],[-83.7767,37.6442],[-83.7759,37.6459],[-83.7751,37.6456],[-83.7734,37.6455],[-83.7728,37.6451],[-83.7724,37.6446],[-83.7722,37.643],[-83.7711,37.6424],[-83.7687,37.6426],[-83.7671,37.6422],[-83.7668,37.643],[-83.7673,37.645],[-83.7658,37.6466],[-83.7641,37.6473],[-83.7651,37.6463],[-83.7657,37.6463],[-83.767,37.6448],[-83.7664,37.6421],[-83.767,37.6419],[-83.7686,37.6422],[-83.7706,37.6418],[-83.7718,37.6419],[-83.7729,37.6425],[-83.7737,37.6445],[-83.7749,37.6444],[-83.775,37.6438],[-83.7766,37.6424],[-83.7762,37.642],[-83.7777,37.6414],[-83.779,37.6416],[-83.7808,37.6427],[-83.7816,37.6427],[-83.7817,37.6411],[-83.7834,37.6395],[-83.7821,37.6375],[-83.7846,37.6384],[-83.7871,37.6387],[-83.7877,37.6389],[-83.7874,37.6411],[-83.7881,37.6424],[-83.7904,37.6423],[-83.7924,37.644],[-83.794,37.6439],[-83.7968,37.6444],[-83.7975,37.6439],[-83.7983,37.6443],[-83.7989,37.6447],[-83.7985,37.6459],[-83.7987,37.6465],[-83.8005,37.6471],[-83.8018,37.6479],[-83.8023,37.6495],[-83.8039,37.6501],[-83.8051,37.6512],[-83.8057,37.6524],[-83.8057,37.653],[-83.8074,37.6527],[-83.8083,37.6517],[-83.8106,37.6509],[-83.8111,37.6502],[-83.8122,37.6501],[-83.8135,37.6509],[-83.8141,37.652],[-83.814,37.6536],[-83.8169,37.6556],[-83.8172,37.657],[-83.8177,37.6572],[-83.8189,37.6567],[-83.8214,37.6569],[-83.8223,37.6584],[-83.8194,37.6581],[-83.8176,37.6586],[-83.8162,37.6584],[-83.8144,37.656],[-83.8129,37.6549],[-83.8117,37.652],[-83.808,37.6539],[-83.8052,37.654],[-83.8032,37.6515],[-83.8016,37.6508],[-83.8005,37.6485],[-83.7997,37.6481],[-83.7995,37.6483],[-83.8001,37.6494],[-83.8003,37.6507],[-83.8029,37.6531],[-83.8027,37.6543],[-83.805,37.655],[-83.8091,37.6541],[-83.8106,37.6543],[-83.8108,37.655],[-83.8136,37.6562],[-83.8148,37.6588],[-83.8154,37.6593],[-83.8167,37.6594],[-83.8199,37.6589],[-83.8213,37.6592],[-83.823,37.6608],[-83.8227,37.6611],[-83.8231,37.6629],[-83.8225,37.6646],[-83.8219,37.6653],[-83.8195,37.6665],[-83.8154,37.6678],[-83.8103,37.6674],[-83.8094,37.6681],[-83.8084,37.6696],[-83.806,37.6711],[-83.8046,37.6714],[-83.8031,37.6712],[-83.8001,37.6736],[-83.8015,37.6739],[-83.8021,37.6747],[-83.8019,37.6775],[-83.7992,37.6791],[-83.7974,37.6797],[-83.7959,37.6797],[-83.7953,37.6797],[-83.7956,37.6799],[-83.7987,37.6801],[-83.8006,37.6788],[-83.8025,37.6781],[-83.8037,37.6742],[-83.8045,37.6734],[-83.8074,37.6733],[-83.8109,37.6754],[-83.8109,37.6771],[-83.8095,37.6807],[-83.81,37.6811],[-83.8103,37.6804],[-83.8114,37.6792],[-83.8118,37.6769],[-83.8132,37.6759],[-83.8119,37.6743],[-83.8086,37.6725],[-83.808,37.6709],[-83.8089,37.6697],[-83.8105,37.6686],[-83.8122,37.6682],[-83.8137,37.6685],[-83.8151,37.6699],[-83.8163,37.6702],[-83.817,37.6688],[-83.8185,37.6675],[-83.8196,37.6672],[-83.8212,37.668],[-83.8214,37.6675],[-83.8234,37.6666],[-83.8257,37.6634],[-83.827,37.6625],[-83.828,37.6624],[-83.8295,37.6626],[-83.8322,37.6641],[-83.8348,37.6643],[-83.8361,37.6646],[-83.8399,37.6684],[-83.8426,37.6693],[-83.8451,37.6687],[-83.8465,37.6681],[-83.8474,37.6662],[-83.8488,37.6653],[-83.851,37.6649],[-83.852,37.6652],[-83.8546,37.6665],[-83.8561,37.6688],[-83.8594,37.6706],[-83.8608,37.6719],[-83.8598,37.6739],[-83.8535,37.6756],[-83.8521,37.6764],[-83.849,37.6772],[-83.8495,37.6778],[-83.8522,37.677],[-83.8531,37.6771],[-83.8532,37.6765],[-83.8537,37.6763],[-83.8588,37.6754],[-83.8595,37.6757],[-83.8603,37.6782],[-83.86,37.6802],[-83.8592,37.6809],[-83.8587,37.6825],[-83.8578,37.6831],[-83.8573,37.6848],[-83.8568,37.6852],[-83.8573,37.6884],[-83.8563,37.6908],[-83.857,37.6931],[-83.8569,37.6943],[-83.8564,37.695],[-83.855,37.6958],[-83.8564,37.6957],[-83.8571,37.6962],[-83.8574,37.697],[-83.8576,37.6993],[-83.8569,37.7031],[-83.856,37.7053],[-83.8539,37.7063],[-83.854,37.7066],[-83.8555,37.7065],[-83.8576,37.7094],[-83.858,37.7106],[-83.8575,37.7119],[-83.8562,37.7131],[-83.8555,37.7145],[-83.8542,37.7177],[-83.8494,37.7229],[-83.8499,37.7231],[-83.8497,37.7244],[-83.8501,37.7259],[-83.8508,37.7269],[-83.851,37.7294],[-83.8506,37.73],[-83.8507,37.731],[-83.8499,37.7315],[-83.8503,37.7329],[-83.8501,37.7345],[-83.8497,37.7356],[-83.8484,37.7367],[-83.8475,37.7381],[-83.8488,37.7376],[-83.8496,37.7369],[-83.8509,37.7365],[-83.8521,37.7376],[-83.8526,37.7376],[-83.8522,37.7348],[-83.8528,37.7334],[-83.8527,37.7318],[-83.8535,37.7312],[-83.8526,37.7299],[-83.8527,37.7288],[-83.852,37.7286],[-83.8517,37.7265],[-83.8511,37.7254],[-83.8511,37.7242],[-83.8518,37.7224],[-83.8531,37.7209],[-83.8536,37.7209],[-83.8543,37.7187],[-83.8564,37.7162],[-83.8576,37.7155],[-83.8593,37.7154],[-83.8588,37.7138],[-83.8588,37.7125],[-83.8593,37.7118],[-83.8594,37.7111],[-83.8605,37.7092],[-83.8622,37.7093],[-83.862,37.7089],[-83.8598,37.7079],[-83.8593,37.7072],[-83.8594,37.7066],[-83.8581,37.705],[-83.8587,37.7026],[-83.8592,37.702],[-83.8591,37.7015],[-83.8601,37.7003],[-83.861,37.6985],[-83.8623,37.6982],[-83.8614,37.6967],[-83.8613,37.6945],[-83.8593,37.6922],[-83.8583,37.6882],[-83.8589,37.688],[-83.8588,37.6871],[-83.8596,37.686],[-83.8616,37.6845],[-83.8621,37.6827],[-83.8617,37.6823],[-83.8626,37.6803],[-83.864,37.6785],[-83.8655,37.678],[-83.8665,37.6781],[-83.8681,37.6788],[-83.8691,37.6798],[-83.8692,37.6804],[-83.8683,37.6817],[-83.8682,37.6827],[-83.8688,37.6833],[-83.8685,37.6851],[-83.869,37.6868],[-83.8691,37.6863],[-83.8698,37.6862],[-83.8694,37.6848],[-83.87,37.6827],[-83.8708,37.6815],[-83.8715,37.681],[-83.8723,37.6814],[-83.8732,37.6814],[-83.8714,37.6801],[-83.8714,37.6778],[-83.8729,37.6762],[-83.8749,37.6757],[-83.8749,37.6786],[-83.8745,37.6791],[-83.8749,37.6794],[-83.8749,37.6847],[-83.8741,37.6842],[-83.8723,37.6851],[-83.8726,37.6859],[-83.8749,37.6859],[-83.8749,37.6905],[-83.8745,37.6907],[-83.8745,37.6916],[-83.8749,37.6919],[-83.8749,37.7041],[-83.874,37.7066],[-83.8722,37.7051],[-83.8717,37.7025],[-83.8726,37.7013],[-83.8709,37.6993],[-83.8711,37.6979],[-83.8695,37.6977],[-83.8694,37.6964],[-83.8697,37.6954],[-83.8685,37.695],[-83.8686,37.6936],[-83.8674,37.6933],[-83.8683,37.6915],[-83.8671,37.6916],[-83.8663,37.6912],[-83.8658,37.6908],[-83.8657,37.6898],[-83.8643,37.6891],[-83.864,37.6886],[-83.8648,37.687],[-83.8643,37.6858],[-83.8628,37.6874],[-83.8616,37.6877],[-83.8612,37.6882],[-83.8614,37.689],[-83.8625,37.6903],[-83.8631,37.6926],[-83.8658,37.694],[-83.8657,37.6963],[-83.8651,37.6971],[-83.8673,37.6987],[-83.8669,37.7005],[-83.8686,37.7011],[-83.869,37.7017],[-83.8686,37.7031],[-83.8689,37.7043],[-83.8676,37.7051],[-83.8662,37.7044],[-83.8652,37.7046],[-83.8642,37.7042],[-83.8632,37.7024],[-83.8624,37.7016],[-83.8624,37.7026],[-83.8612,37.7042],[-83.8618,37.706],[-83.8628,37.7071],[-83.8653,37.7073],[-83.8661,37.7078],[-83.8676,37.7077],[-83.868,37.7079],[-83.869,37.7097],[-83.8689,37.7102],[-83.8697,37.7108],[-83.8728,37.7115],[-83.8749,37.7116],[-83.8749,37.7145],[-83.8724,37.7146],[-83.8719,37.7151],[-83.8719,37.7167],[-83.8705,37.7169],[-83.8694,37.7162],[-83.8674,37.714],[-83.8655,37.7143],[-83.8643,37.7133],[-83.864,37.7123],[-83.8625,37.7119],[-83.8618,37.7132],[-83.8625,37.7141],[-83.8624,37.7149],[-83.8649,37.7169],[-83.8665,37.717],[-83.8681,37.7179],[-83.8683,37.7188],[-83.8679,37.7196],[-83.8701,37.7201],[-83.8704,37.7216],[-83.8711,37.7223],[-83.8709,37.7237],[-83.8696,37.7234],[-83.8687,37.7236],[-83.8688,37.7258],[-83.8695,37.7265],[-83.8686,37.727],[-83.8684,37.7278],[-83.8675,37.728],[-83.8666,37.7262],[-83.8656,37.7253],[-83.8628,37.7267],[-83.8615,37.726],[-83.8622,37.725],[-83.8633,37.7218],[-83.8609,37.7202],[-83.8596,37.7212],[-83.8589,37.721],[-83.8575,37.7193],[-83.8565,37.7202],[-83.8566,37.7208],[-83.8576,37.7216],[-83.8575,37.7238],[-83.8571,37.7245],[-83.8544,37.724],[-83.8539,37.7244],[-83.8546,37.7265],[-83.8559,37.7277],[-83.8556,37.7291],[-83.8589,37.7298],[-83.8629,37.7321],[-83.8635,37.733],[-83.8621,37.7342],[-83.8604,37.7338],[-83.8593,37.7342],[-83.8584,37.7337],[-83.8577,37.7336],[-83.8573,37.7347],[-83.8558,37.7351],[-83.8565,37.7395],[-83.8583,37.7405],[-83.8585,37.7413],[-83.8578,37.7418],[-83.8573,37.7427],[-83.8581,37.7434],[-83.8604,37.7437],[-83.86,37.7459],[-83.8606,37.7464],[-83.862,37.7463],[-83.8634,37.7455],[-83.8665,37.7462],[-83.8658,37.7473],[-83.8666,37.7483],[-83.8667,37.7498],[-83.8633,37.7496],[-83.8626,37.7501],[-83.856,37.7501],[-83.8558,37.749],[-83.8536,37.7501],[-83.8523,37.7501],[-83.853,37.7495],[-83.8525,37.7478],[-83.8537,37.7458],[-83.8511,37.7442],[-83.8511,37.7427],[-83.8517,37.7424],[-83.8519,37.7419],[-83.8514,37.7404],[-83.8506,37.7397],[-83.8494,37.7405],[-83.8485,37.7417],[-83.8493,37.7445],[-83.8483,37.7468],[-83.8484,37.7471],[-83.848,37.7473],[-83.8473,37.7455],[-83.8464,37.7447],[-83.845,37.7443],[-83.8441,37.745],[-83.8442,37.7457],[-83.8437,37.7461],[-83.844,37.7477],[-83.8418,37.7487],[-83.8414,37.7491],[-83.8415,37.7501],[-83.8365,37.7501],[-83.8371,37.7489],[-83.838,37.7484],[-83.8378,37.747],[-83.8386,37.7467],[-83.8393,37.7461],[-83.8394,37.7453],[-83.8388,37.7446],[-83.8389,37.7431],[-83.8416,37.7418],[-83.8434,37.7398],[-83.844,37.7387],[-83.8406,37.7393],[-83.8389,37.7402],[-83.8372,37.7402],[-83.8361,37.7407],[-83.8351,37.7416],[-83.8355,37.7431],[-83.8349,37.7445],[-83.8337,37.7428],[-83.8307,37.7426],[-83.8332,37.7409],[-83.8333,37.7399],[-83.8343,37.7392],[-83.8344,37.7382],[-83.8359,37.7379],[-83.8365,37.7374],[-83.8386,37.7371],[-83.8394,37.7363],[-83.8409,37.736],[-83.842,37.7353],[-83.8429,37.7338],[-83.8424,37.7336],[-83.8424,37.7329],[-83.841,37.7302],[-83.8422,37.7299],[-83.8427,37.7303],[-83.8454,37.731],[-83.8465,37.7303],[-83.847,37.7294],[-83.8483,37.7289],[-83.8484,37.728],[-83.8481,37.7274],[-83.8466,37.7271],[-83.847,37.7249],[-83.8444,37.7241],[-83.8444,37.7235],[-83.846,37.7219],[-83.8476,37.7213],[-83.8486,37.7197],[-83.849,37.7184],[-83.8508,37.717],[-83.8522,37.715],[-83.8525,37.7141],[-83.8514,37.7125],[-83.8546,37.7116],[-83.8552,37.7101],[-83.8549,37.7099],[-83.8538,37.7105],[-83.852,37.7105],[-83.851,37.7102],[-83.8487,37.7109],[-83.8485,37.7154],[-83.8464,37.717],[-83.8454,37.7187],[-83.8446,37.7194],[-83.8437,37.7208],[-83.8432,37.721],[-83.8427,37.721],[-83.843,37.7182],[-83.8424,37.7171],[-83.8434,37.7162],[-83.8443,37.7141],[-83.844,37.7133],[-83.844,37.7114],[-83.8432,37.7114],[-83.8408,37.7125],[-83.8405,37.7131],[-83.8406,37.7143],[-83.8382,37.7155],[-83.8369,37.7166],[-83.8362,37.7155],[-83.8351,37.7151],[-83.8373,37.7136],[-83.8376,37.713],[-83.8375,37.7125],[-83.8361,37.7117],[-83.8369,37.7109],[-83.8384,37.7107],[-83.8394,37.7098],[-83.8389,37.709],[-83.8379,37.7085],[-83.8384,37.7068],[-83.8419,37.7079],[-83.8428,37.7077],[-83.8425,37.7049],[-83.8445,37.7055],[-83.8463,37.7065],[-83.8475,37.7057],[-83.8475,37.7045],[-83.8483,37.7037],[-83.8501,37.7034],[-83.8517,37.7044],[-83.8528,37.7043],[-83.8537,37.7037],[-83.8535,37.7031],[-83.8525,37.7025],[-83.8525,37.7021],[-83.8528,37.7011],[-83.854,37.7002],[-83.8538,37.6993],[-83.8525,37.6998],[-83.8517,37.7006],[-83.8498,37.7005],[-83.8482,37.7013],[-83.8473,37.7008],[-83.8428,37.7013],[-83.8424,37.7004],[-83.8436,37.7],[-83.8443,37.6993],[-83.8438,37.698],[-83.8454,37.6977],[-83.8464,37.6982],[-83.8474,37.6981],[-83.8478,37.6975],[-83.8494,37.6971],[-83.8492,37.6959],[-83.8517,37.6954],[-83.8524,37.6945],[-83.854,37.6934],[-83.8542,37.6928],[-83.8538,37.6925],[-83.8505,37.6931],[-83.8495,37.6928],[-83.8514,37.6899],[-83.854,37.6889],[-83.8542,37.6877],[-83.8527,37.6867],[-83.8526,37.6862],[-83.8541,37.6846],[-83.8547,37.6833],[-83.8547,37.6826],[-83.8542,37.6821],[-83.8554,37.6811],[-83.8555,37.6803],[-83.857,37.679],[-83.8573,37.6779],[-83.8557,37.6784],[-83.8547,37.6801],[-83.8528,37.6796],[-83.8514,37.6799],[-83.8514,37.6829],[-83.8502,37.6829],[-83.8491,37.6822],[-83.8473,37.6801],[-83.8463,37.6803],[-83.8454,37.6809],[-83.8454,37.6816],[-83.8441,37.6822],[-83.844,37.6826],[-83.8449,37.6836],[-83.8449,37.6844],[-83.847,37.6863],[-83.8461,37.6868],[-83.8465,37.6893],[-83.8447,37.6908],[-83.8447,37.6898],[-83.8437,37.6877],[-83.8432,37.6868],[-83.8424,37.6862],[-83.8413,37.6873],[-83.8398,37.6868],[-83.8395,37.687],[-83.8388,37.6894],[-83.8368,37.6889],[-83.836,37.6899],[-83.8366,37.6906],[-83.8366,37.6919],[-83.8353,37.692],[-83.8348,37.6928],[-83.8347,37.6934],[-83.8355,37.6947],[-83.8355,37.6954],[-83.8344,37.6961],[-83.8343,37.6975],[-83.835,37.6985],[-83.834,37.6989],[-83.8335,37.7003],[-83.8327,37.6993],[-83.8324,37.6967],[-83.8316,37.6957],[-83.8324,37.6948],[-83.8324,37.6941],[-83.8312,37.6926],[-83.8325,37.6913],[-83.8326,37.6905],[-83.8308,37.6893],[-83.8316,37.6884],[-83.833,37.6885],[-83.8336,37.6882],[-83.8342,37.6873],[-83.8338,37.6865],[-83.8339,37.6858],[-83.8354,37.6857],[-83.8364,37.6851],[-83.8373,37.6844],[-83.8376,37.6834],[-83.8386,37.6833],[-83.839,37.6829],[-83.8397,37.6809],[-83.8378,37.6807],[-83.8361,37.6811],[-83.8352,37.6819],[-83.8343,37.6817],[-83.8328,37.6824],[-83.8313,37.6825],[-83.8313,37.6823],[-83.8317,37.681],[-83.8323,37.6804],[-83.8325,37.6795],[-83.8347,37.6792],[-83.8343,37.6768],[-83.8355,37.6771],[-83.8371,37.678],[-83.8381,37.6779],[-83.8396,37.6771],[-83.8408,37.6778],[-83.8416,37.6779],[-83.8431,37.6766],[-83.8452,37.6765],[-83.8466,37.6744],[-83.8483,37.6754],[-83.8494,37.6753],[-83.8509,37.6744],[-83.8576,37.6724],[-83.8572,37.672],[-83.8548,37.6719],[-83.8538,37.671],[-83.8534,37.67],[-83.8519,37.6709],[-83.8506,37.6691],[-83.8506,37.667],[-83.8504,37.6668],[-83.8498,37.667],[-83.8494,37.6683],[-83.8494,37.67],[-83.8488,37.6708],[-83.8467,37.6703],[-83.8444,37.6716],[-83.8427,37.6717],[-83.8406,37.671],[-83.84,37.6717],[-83.841,37.6726],[-83.8411,37.6735],[-83.84,37.6734],[-83.8381,37.6741],[-83.8374,37.6727],[-83.8354,37.6727],[-83.8354,37.6711],[-83.8367,37.6705],[-83.8372,37.6687],[-83.8363,37.6677],[-83.8346,37.6669],[-83.8347,37.666],[-83.8331,37.6658],[-83.8312,37.6672],[-83.8302,37.6652],[-83.8283,37.6638],[-83.8277,37.6638],[-83.8271,37.6644],[-83.8273,37.6649],[-83.8258,37.6668],[-83.826,37.6684],[-83.8254,37.6694],[-83.8251,37.6696],[-83.8242,37.6686],[-83.8237,37.6684],[-83.8226,37.6704],[-83.8225,37.6736],[-83.8237,37.6752],[-83.8236,37.6761],[-83.8227,37.6748],[-83.8219,37.6743],[-83.8212,37.6742],[-83.8213,37.6726],[-83.8196,37.6689],[-83.8192,37.6692],[-83.8179,37.6724],[-83.8172,37.673],[-83.8159,37.6733],[-83.8146,37.6732],[-83.8139,37.6728],[-83.8123,37.6697],[-83.8117,37.6697],[-83.8098,37.6712],[-83.8101,37.6717],[-83.8133,37.6734],[-83.8151,37.6752],[-83.8164,37.6759],[-83.8168,37.6774],[-83.8143,37.6773],[-83.8134,37.6777],[-83.8134,37.6791],[-83.8138,37.6797],[-83.8128,37.6801],[-83.8124,37.6815],[-83.8114,37.6826],[-83.8114,37.6832],[-83.8128,37.6844],[-83.8145,37.6848],[-83.8142,37.6864],[-83.8147,37.6872],[-83.8157,37.6876],[-83.8173,37.689],[-83.8181,37.6891],[-83.8204,37.6913],[-83.8178,37.6919],[-83.8176,37.6928],[-83.8185,37.695],[-83.8198,37.6961],[-83.8204,37.6975],[-83.8213,37.6984],[-83.8203,37.699],[-83.8198,37.7006],[-83.8188,37.6983],[-83.8172,37.6977],[-83.8155,37.6974],[-83.8154,37.6979],[-83.8162,37.7002],[-83.8159,37.7016],[-83.8163,37.7045],[-83.8144,37.7053],[-83.8132,37.7066],[-83.8115,37.7065],[-83.8112,37.707],[-83.8119,37.7079],[-83.8159,37.7113],[-83.8173,37.712],[-83.8179,37.7131],[-83.8175,37.7141],[-83.8187,37.7161],[-83.8207,37.7173],[-83.8246,37.7179],[-83.8253,37.7183],[-83.8252,37.7189],[-83.8226,37.7196],[-83.8237,37.7214],[-83.8233,37.722],[-83.8225,37.7211],[-83.8213,37.7208],[-83.8213,37.7221],[-83.8191,37.7233],[-83.8182,37.7246],[-83.8171,37.7249],[-83.8156,37.726],[-83.8168,37.7291],[-83.8155,37.7288],[-83.8138,37.7272],[-83.8134,37.7273],[-83.8119,37.7289],[-83.8117,37.7295],[-83.8091,37.7316],[-83.8092,37.733],[-83.8083,37.7337],[-83.8083,37.7347],[-83.8056,37.7344],[-83.8072,37.7333],[-83.8073,37.7326],[-83.8069,37.7321],[-83.8075,37.7311],[-83.8075,37.7303],[-83.8086,37.7298],[-83.8095,37.7285],[-83.8094,37.7274],[-83.8104,37.7273],[-83.8111,37.7268],[-83.8114,37.7257],[-83.8133,37.7248],[-83.8155,37.7229],[-83.8182,37.7196],[-83.8177,37.7188],[-83.816,37.718],[-83.8154,37.7168],[-83.8142,37.7161],[-83.8142,37.7153],[-83.8134,37.7134],[-83.8101,37.7106],[-83.8091,37.7104],[-83.8083,37.7113],[-83.8086,37.713],[-83.808,37.7159],[-83.8059,37.7131],[-83.8053,37.713],[-83.804,37.7135],[-83.8041,37.717],[-83.8033,37.7189],[-83.8038,37.7209],[-83.8026,37.721],[-83.8018,37.7216],[-83.8018,37.7231],[-83.8012,37.7232],[-83.7999,37.7228],[-83.7974,37.7248],[-83.7975,37.7257],[-83.7993,37.7273],[-83.7998,37.7287],[-83.7992,37.7287],[-83.7969,37.7276],[-83.7965,37.7281],[-83.7954,37.7284],[-83.7939,37.7298],[-83.7943,37.7314],[-83.7941,37.7317],[-83.7919,37.7312],[-83.7898,37.733],[-83.789,37.735],[-83.7882,37.7352],[-83.7874,37.7362],[-83.7883,37.739],[-83.7891,37.7395],[-83.7896,37.7423],[-83.7903,37.7426],[-83.7901,37.744],[-83.7918,37.7455],[-83.7926,37.7465],[-83.7932,37.7481],[-83.7944,37.7492],[-83.7929,37.7485],[-83.7913,37.7463],[-83.7894,37.745],[-83.7887,37.745],[-83.7881,37.7455],[-83.7873,37.7465],[-83.7871,37.7452],[-83.7884,37.7435],[-83.7882,37.7414],[-83.7866,37.7395],[-83.7859,37.7377],[-83.7853,37.7373],[-83.7838,37.7375],[-83.7823,37.7387],[-83.7823,37.7398],[-83.7803,37.7417],[-83.7803,37.743],[-83.7793,37.7419],[-83.7782,37.7417],[-83.7796,37.7408],[-83.7806,37.7394],[-83.7795,37.7385],[-83.7807,37.7381],[-83.7824,37.7364],[-83.7815,37.735],[-83.784,37.7355],[-83.7856,37.7348],[-83.7862,37.7342],[-83.7861,37.7332],[-83.7872,37.7328],[-83.7883,37.7308],[-83.7905,37.7291],[-83.7906,37.7286],[-83.7896,37.7275],[-83.7905,37.7269],[-83.7922,37.7275],[-83.794,37.7263],[-83.7943,37.7243],[-83.7926,37.7235],[-83.7934,37.7225],[-83.7961,37.7224],[-83.7996,37.7193],[-83.7998,37.7179],[-83.8006,37.7168],[-83.8007,37.715],[-83.7998,37.7145],[-83.7978,37.7144],[-83.7967,37.7148],[-83.7968,37.7135],[-83.7981,37.7133],[-83.7991,37.7127],[-83.7997,37.712],[-83.7997,37.7112],[-83.8038,37.7101],[-83.8051,37.7092],[-83.8047,37.7072],[-83.8064,37.7066],[-83.8076,37.7049],[-83.8048,37.7027],[-83.8087,37.7024],[-83.8098,37.7028],[-83.8112,37.7029],[-83.812,37.7024],[-83.8122,37.7009],[-83.8117,37.7001],[-83.8115,37.6987],[-83.8111,37.6982],[-83.8098,37.6978],[-83.8097,37.6975],[-83.8113,37.6952],[-83.8132,37.6941],[-83.8132,37.691],[-83.8128,37.6906],[-83.8122,37.6906],[-83.8089,37.6921],[-83.8078,37.6914],[-83.8094,37.6905],[-83.8103,37.6884],[-83.8096,37.6866],[-83.8071,37.6857],[-83.807,37.682],[-83.8087,37.6787],[-83.8088,37.6772],[-83.8094,37.6757],[-83.8084,37.6755],[-83.8068,37.6743],[-83.8052,37.6745],[-83.8041,37.6793],[-83.8034,37.68],[-83.8029,37.6796],[-83.802,37.6797],[-83.8006,37.6807],[-83.8001,37.6831],[-83.7986,37.6829],[-83.7981,37.6835],[-83.7966,37.683],[-83.7962,37.6816],[-83.7954,37.6813],[-83.7922,37.6833],[-83.7916,37.6853],[-83.7926,37.6862],[-83.7924,37.6883],[-83.7935,37.6906],[-83.7932,37.6917],[-83.791,37.6887],[-83.7901,37.6868],[-83.7896,37.6866],[-83.788,37.6876],[-83.7868,37.6879],[-83.7835,37.6879],[-83.7814,37.6893],[-83.7804,37.6912],[-83.7791,37.6917],[-83.7789,37.6925],[-83.78,37.6942],[-83.7803,37.6962],[-83.7793,37.6959],[-83.7783,37.6959],[-83.7774,37.6968],[-83.7772,37.6981],[-83.7775,37.6993],[-83.7787,37.7013],[-83.7783,37.7025],[-83.7797,37.7046],[-83.7796,37.7049],[-83.7784,37.7044],[-83.7777,37.7045],[-83.7773,37.7051],[-83.7773,37.706],[-83.7775,37.7076],[-83.7784,37.7089],[-83.7785,37.7107],[-83.7794,37.7118],[-83.7787,37.7119],[-83.7786,37.7122],[-83.7787,37.7135],[-83.78,37.715],[-83.7813,37.7154],[-83.7801,37.7159],[-83.7792,37.7174],[-83.7796,37.7184],[-83.7811,37.7194],[-83.7801,37.7198],[-83.7798,37.7206],[-83.7792,37.72],[-83.779,37.7188],[-83.7783,37.7183],[-83.7767,37.7188],[-83.774,37.7201],[-83.7726,37.7213],[-83.7725,37.721],[-83.7736,37.7197],[-83.7777,37.7174],[-83.7786,37.7162],[-83.7784,37.7154],[-83.7775,37.7146],[-83.7774,37.7132],[-83.7766,37.7118],[-83.7773,37.7105],[-83.777,37.7091],[-83.7764,37.7086],[-83.7747,37.7085],[-83.7759,37.707],[-83.7755,37.706],[-83.7748,37.7055],[-83.7763,37.7038],[-83.7766,37.7027],[-83.7761,37.7001],[-83.7752,37.6979],[-83.7737,37.6974],[-83.7707,37.6976],[-83.7704,37.7002],[-83.7697,37.7008],[-83.7681,37.7009],[-83.7663,37.7002],[-83.766,37.7003],[-83.7656,37.7012],[-83.7649,37.7023],[-83.7639,37.7021],[-83.7649,37.7015],[-83.7657,37.6993]],[[-83.8651,37.6816],[-83.8645,37.6827],[-83.8647,37.6834],[-83.8654,37.6825],[-83.8651,37.6816]]],[[[-83.7648,37.7023],[-83.7639,37.7025],[-83.7628,37.7024],[-83.7639,37.7021],[-83.7648,37.7023]]],[[[-83.7614,37.7024],[-83.761,37.7023],[-83.7635,37.7021],[-83.7614,37.7024]]],[[[-83.7613,37.7024],[-83.7603,37.7025],[-83.761,37.7023],[-83.7613,37.7024]]],[[[-83.7601,37.7025],[-83.7605,37.7024],[-83.7603,37.7025],[-83.7601,37.7025]]]]}},{"type":"Feature","properties":{"quadrangle_name":"Frenchburg"},"geometry":{"type":"MultiPolygon","coordinates":[[[[-83.7499,37.8759],[-83.7497,37.8753],[-83.7496,37.8751],[-83.7499,37.8751],[-83.7499,37.8759]]],[[[-83.7395,37.8766],[-83.7376,37.8765],[-83.7376,37.8755],[-83.7364,37.8754],[-83.7363,37.8751],[-83.7399,37.8751],[-83.7415,37.8767],[-83.7414,37.8776],[-83.7403,37.8774],[-83.7395,37.8766]]],[[[-83.7488,37.8787],[-83.7487,37.8792],[-83.7467,37.8789],[-83.7457,37.8793],[-83.7455,37.8781],[-83.7448,37.8777],[-83.7447,37.8772],[-83.7436,37.8769],[-83.7433,37.8765],[-83.7424,37.8767],[-83.7418,37.8765],[-83.7418,37.8758],[-83.7423,37.8751],[-83.7461,37.8751],[-83.7467,37.8759],[-83.7487,37.877],[-83.7479,37.8777],[-83.7488,37.8787]]],[[[-83.7251,37.878],[-83.7238,37.8787],[-83.7237,37.8778],[-83.7231,37.8771],[-83.7245,37.8753],[-83.7274,37.8751],[-83.7259,37.8827],[-83.726,37.885],[-83.7267,37.8884],[-83.7275,37.8898],[-83.7275,37.8906],[-83.7282,37.8904],[-83.7268,37.8875],[-83.727,37.8866],[-83.7274,37.8862],[-83.7264,37.8851],[-83.7262,37.8842],[-83.7265,37.883],[-83.7264,37.8824],[-83.7272,37.8805],[-83.7271,37.8789],[-83.7275,37.8781],[-83.7275,37.8767],[-83.7282,37.8754],[-83.7289,37.8753],[-83.7299,37.8756],[-83.7293,37.8751],[-83.7315,37.8751],[-83.7331,37.8755],[-83.7342,37.8754],[-83.7347,37.8756],[-83.7348,37.8761],[-83.7358,37.8763],[-83.7361,37.8776],[-83.7378,37.8784],[-83.7375,37.8801],[-83.7359,37.8792],[-83.7355,37.8798],[-83.737,37.8821],[-83.7355,37.8824],[-83.7351,37.8816],[-83.734,37.881],[-83.7335,37.8797],[-83.7339,37.8785],[-83.7335,37.8781],[-83.7323,37.8778],[-83.7316,37.8793],[-83.731,37.8794],[-83.7301,37.8784],[-83.73,37.8771],[-83.7295,37.877],[-83.7291,37.8783],[-83.7294,37.8795],[-83.7292,37.8801],[-83.7302,37.8803],[-83.7303,37.8813],[-83.7314,37.8814],[-83.7324,37.8824],[-83.7312,37.8826],[-83.7311,37.8838],[-83.7287,37.8829],[-83.7283,37.884],[-83.7283,37.8849],[-83.7296,37.8859],[-83.7304,37.8862],[-83.7319,37.886],[-83.7337,37.8858],[-83.7351,37.8869],[-83.734,37.8871],[-83.733,37.887],[-83.732,37.8877],[-83.7334,37.8891],[-83.7349,37.8899],[-83.7345,37.8901],[-83.7332,37.89],[-83.7315,37.8894],[-83.7298,37.8883],[-83.7289,37.8881],[-83.7287,37.8883],[-83.729,37.8895],[-83.7305,37.8911],[-83.7324,37.8917],[-83.7321,37.8926],[-83.7326,37.8933],[-83.7346,37.8944],[-83.736,37.8933],[-83.7375,37.893],[-83.7383,37.8932],[-83.7357,37.8957],[-83.7366,37.8965],[-83.7383,37.8966],[-83.7374,37.8973],[-83.7374,37.898],[-83.7366,37.899],[-83.7361,37.8987],[-83.7359,37.8975],[-83.7351,37.8972],[-83.7336,37.8982],[-83.733,37.8974],[-83.7323,37.8981],[-83.7314,37.8981],[-83.7299,37.8991],[-83.73,37.8982],[-83.7311,37.8965],[-83.731,37.895],[-83.7305,37.8942],[-83.7281,37.8921],[-83.7277,37.8927],[-83.7282,37.896],[-83.7274,37.8968],[-83.7265,37.896],[-83.7256,37.896],[-83.7255,37.8953],[-83.726,37.8947],[-83.7257,37.8937],[-83.7238,37.8942],[-83.7235,37.8946],[-83.7222,37.8951],[-83.7222,37.8942],[-83.7219,37.8938],[-83.7253,37.892],[-83.7255,37.8915],[-83.7251,37.8909],[-83.726,37.8897],[-83.7257,37.8892],[-83.7245,37.8887],[-83.7233,37.889],[-83.7221,37.8901],[-83.721,37.8895],[-83.7206,37.8878],[-83.7209,37.8874],[-83.7226,37.8875],[-83.7248,37.886],[-83.7237,37.8856],[-83.7232,37.8851],[-83.7209,37.8851],[-83.7205,37.884],[-83.722,37.8833],[-83.7225,37.8826],[-83.7242,37.8828],[-83.7246,37.882],[-83.7244,37.8805],[-83.7251,37.8796],[-83.7254,37.8782],[-83.7251,37.878]]],[[[-83.7466,37.8839],[-83.7451,37.8846],[-83.7449,37.8853],[-83.744,37.8865],[-83.7429,37.8851],[-83.7421,37.8854],[-83.7406,37.8871],[-83.7403,37.8866],[-83.7406,37.8848],[-83.7422,37.8835],[-83.7438,37.8831],[-83.7445,37.882],[-83.7473,37.8816],[-83.7485,37.8806],[-83.7499,37.8817],[-83.7499,37.8847],[-83.7473,37.885],[-83.7471,37.884],[-83.7466,37.8839]]],[[[-83.7475,37.8931],[-83.7478,37.8924],[-83.7469,37.8919],[-83.7469,37.8909],[-83.7489,37.8904],[-83.7496,37.888],[-83.7486,37.887],[-83.7499,37.8862],[-83.7499,37.8921],[-83.7478,37.8941],[-83.7488,37.8947],[-83.7489,37.8953],[-83.7487,37.8964],[-83.7466,37.8989],[-83.7449,37.8994],[-83.7413,37.8998],[-83.7378,37.9023],[-83.7381,37.9025],[-83.7388,37.9016],[-83.7397,37.9015],[-83.741,37.9003],[-83.742,37.9001],[-83.7454,37.9001],[-83.7467,37.9012],[-83.7468,37.8997],[-83.7499,37.8967],[-83.7499,37.8988],[-83.7484,37.9003],[-83.749,37.901],[-83.7486,37.903],[-83.7494,37.9043],[-83.7482,37.9051],[-83.7485,37.9061],[-83.7496,37.9068],[-83.7499,37.9075],[-83.7499,37.911],[-83.7491,37.9101],[-83.7478,37.912],[-83.7462,37.9111],[-83.7471,37.9101],[-83.7469,37.9089],[-83.7472,37.908],[-83.7467,37.9076],[-83.7453,37.9075],[-83.7456,37.9062],[-83.7448,37.9053],[-83.7456,37.9037],[-83.7456,37.9019],[-83.7452,37.9011],[-83.7439,37.9013],[-83.7432,37.9017],[-83.7422,37.9012],[-83.7415,37.9012],[-83.7409,37.9016],[-83.7406,37.9028],[-83.7398,37.9029],[-83.7397,37.9032],[-83.7405,37.9054],[-83.7417,37.906],[-83.742,37.9072],[-83.743,37.9081],[-83.742,37.9087],[-83.7423,37.9105],[-83.741,37.9102],[-83.7405,37.9089],[-83.7408,37.9079],[-83.7399,37.9069],[-83.738,37.9079],[-83.7377,37.907],[-83.7385,37.9062],[-83.7386,37.9056],[-83.7374,37.9036],[-83.7332,37.9061],[-83.7323,37.907],[-83.7312,37.9067],[-83.7312,37.9059],[-83.7332,37.9048],[-83.7333,37.904],[-83.7343,37.9037],[-83.7355,37.9028],[-83.7356,37.9025],[-83.7346,37.9016],[-83.7352,37.9014],[-83.7369,37.9017],[-83.7375,37.901],[-83.7385,37.9006],[-83.7396,37.8998],[-83.7399,37.8993],[-83.7399,37.8976],[-83.7407,37.8976],[-83.7414,37.8986],[-83.742,37.8988],[-83.7431,37.8983],[-83.7449,37.8984],[-83.746,37.8977],[-83.7471,37.8954],[-83.7452,37.895],[-83.7441,37.8956],[-83.7431,37.8958],[-83.7433,37.8942],[-83.7416,37.8942],[-83.7412,37.8938],[-83.7422,37.8925],[-83.7436,37.8924],[-83.7436,37.8913],[-83.7441,37.8908],[-83.7457,37.8917],[-83.7462,37.8929],[-83.7475,37.8931]]],[[[-83.7138,37.8765],[-83.7146,37.8766],[-83.7158,37.8766],[-83.7165,37.8771],[-83.7158,37.8773],[-83.7144,37.8778],[-83.7157,37.88],[-83.7157,37.8805],[-83.715,37.8804],[-83.714,37.8797],[-83.7124,37.878],[-83.7116,37.8781],[-83.7114,37.877],[-83.7108,37.8765],[-83.7098,37.8763],[-83.7086,37.8751],[-83.7119,37.8751],[-83.7138,37.8751],[-83.7135,37.876],[-83.7138,37.8765]]],[[[-83.628,37.8998],[-83.6286,37.8991],[-83.6294,37.8999],[-83.6313,37.9002],[-83.6321,37.8997],[-83.6332,37.8973],[-83.6343,37.896],[-83.6337,37.8954],[-83.6345,37.8941],[-83.6353,37.8952],[-83.6367,37.8961],[-83.6398,37.8963],[-83.6411,37.8976],[-83.6421,37.8974],[-83.6428,37.8968],[-83.6417,37.8953],[-83.644,37.8947],[-83.6448,37.8941],[-83.645,37.8936],[-83.6446,37.8931],[-83.6452,37.8916],[-83.6451,37.891],[-83.6463,37.8899],[-83.6469,37.8879],[-83.6464,37.8862],[-83.6456,37.8857],[-83.6445,37.8857],[-83.6434,37.8863],[-83.6422,37.8859],[-83.6417,37.886],[-83.6413,37.8865],[-83.6407,37.8862],[-83.6396,37.8879],[-83.6392,37.8875],[-83.6395,37.8861],[-83.6391,37.8857],[-83.6363,37.8859],[-83.6352,37.8871],[-83.6353,37.8854],[-83.6343,37.8847],[-83.632,37.8856],[-83.6317,37.8855],[-83.6333,37.884],[-83.6326,37.8834],[-83.6307,37.8829],[-83.6264,37.883],[-83.6258,37.8825],[-83.6273,37.8827],[-83.6299,37.8825],[-83.6304,37.8821],[-83.6299,37.8811],[-83.6302,37.8808],[-83.6315,37.8822],[-83.6328,37.8824],[-83.6344,37.8807],[-83.634,37.8828],[-83.6356,37.884],[-83.6364,37.8843],[-83.6387,37.8843],[-83.6399,37.884],[-83.6404,37.8822],[-83.6419,37.8842],[-83.6439,37.884],[-83.6449,37.8832],[-83.6456,37.8836],[-83.6464,37.8837],[-83.647,37.8829],[-83.6459,37.8819],[-83.6476,37.8817],[-83.6481,37.8814],[-83.6483,37.8788],[-83.6487,37.8783],[-83.6524,37.8783],[-83.6536,37.8766],[-83.656,37.8765],[-83.6565,37.876],[-83.6563,37.8751],[-83.6572,37.8751],[-83.6578,37.8761],[-83.6569,37.8773],[-83.6545,37.8779],[-83.653,37.8791],[-83.6513,37.8791],[-83.65,37.8794],[-83.6479,37.8834],[-83.6469,37.8844],[-83.6424,37.8849],[-83.6409,37.8845],[-83.6387,37.8852],[-83.64,37.8855],[-83.6406,37.8852],[-83.6434,37.8854],[-83.6456,37.8849],[-83.647,37.8853],[-83.6475,37.8859],[-83.648,37.8888],[-83.646,37.8921],[-83.6458,37.8941],[-83.6438,37.8957],[-83.6437,37.8972],[-83.6418,37.8983],[-83.641,37.8984],[-83.6396,37.8971],[-83.6381,37.8971],[-83.635,37.8962],[-83.6334,37.8982],[-83.6334,37.8993],[-83.6327,37.8997],[-83.6324,37.9007],[-83.6314,37.9011],[-83.6287,37.9],[-83.6274,37.9003],[-83.6257,37.8998],[-83.6249,37.8986],[-83.6249,37.8968],[-83.6254,37.8966],[-83.6249,37.8974],[-83.6251,37.8983],[-83.6265,37.8997],[-83.628,37.8998]],[[-83.6334,37.8829],[-83.6331,37.8828],[-83.6338,37.8842],[-83.635,37.8843],[-83.6334,37.8829]]],[[[-83.7219,37.9067],[-83.7215,37.9069],[-83.7212,37.9097],[-83.7206,37.9092],[-83.7205,37.9082],[-83.7197,37.9071],[-83.7178,37.9079],[-83.7189,37.9058],[-83.7158,37.9031],[-83.7148,37.9037],[-83.715,37.9058],[-83.7145,37.9064],[-83.7141,37.9063],[-83.7141,37.9056],[-83.7133,37.9043],[-83.7114,37.9047],[-83.7116,37.9041],[-83.7135,37.9029],[-83.7151,37.901],[-83.7148,37.9007],[-83.7131,37.9011],[-83.7129,37.9006],[-83.7138,37.8994],[-83.713,37.8988],[-83.7115,37.8999],[-83.7104,37.8986],[-83.7105,37.8982],[-83.7113,37.8976],[-83.7112,37.8971],[-83.7103,37.8958],[-83.709,37.8952],[-83.7085,37.8944],[-83.7077,37.8976],[-83.7071,37.8984],[-83.7068,37.9009],[-83.7057,37.8991],[-83.703,37.8986],[-83.7057,37.8975],[-83.7055,37.8963],[-83.7061,37.895],[-83.7042,37.8946],[-83.7039,37.8942],[-83.7061,37.8936],[-83.7069,37.8929],[-83.707,37.8922],[-83.7063,37.8911],[-83.7046,37.8912],[-83.7037,37.891],[-83.7039,37.8906],[-83.706,37.8895],[-83.7056,37.8888],[-83.7047,37.8884],[-83.7057,37.8865],[-83.7056,37.8851],[-83.7047,37.8826],[-83.7034,37.8829],[-83.7024,37.8841],[-83.7021,37.8859],[-83.7005,37.8873],[-83.7005,37.8882],[-83.6996,37.8882],[-83.6981,37.8892],[-83.6982,37.8882],[-83.7004,37.8848],[-83.6996,37.8842],[-83.6975,37.8838],[-83.6984,37.8833],[-83.7006,37.8831],[-83.7012,37.8822],[-83.6995,37.881],[-83.6969,37.8801],[-83.6966,37.8798],[-83.6974,37.8796],[-83.6998,37.8799],[-83.7006,37.8804],[-83.7028,37.8809],[-83.7035,37.8805],[-83.7038,37.8795],[-83.7032,37.8788],[-83.7036,37.8778],[-83.7032,37.8769],[-83.702,37.8768],[-83.7013,37.876],[-83.6999,37.8756],[-83.6997,37.8751],[-83.7045,37.8751],[-83.7043,37.8757],[-83.7052,37.8793],[-83.7051,37.8807],[-83.7045,37.8814],[-83.7055,37.8815],[-83.7069,37.8848],[-83.7068,37.8887],[-83.7072,37.8903],[-83.7078,37.891],[-83.7081,37.8921],[-83.7077,37.8933],[-83.7086,37.8927],[-83.709,37.8929],[-83.7096,37.8939],[-83.7123,37.8963],[-83.7114,37.8949],[-83.7092,37.8927],[-83.7077,37.8901],[-83.7072,37.8884],[-83.7078,37.8852],[-83.7059,37.88],[-83.7054,37.8761],[-83.7058,37.8751],[-83.7076,37.8751],[-83.7067,37.8763],[-83.7068,37.8768],[-83.708,37.8779],[-83.7072,37.8784],[-83.7071,37.88],[-83.7076,37.8802],[-83.7085,37.8795],[-83.7093,37.8798],[-83.7101,37.8797],[-83.7109,37.8805],[-83.7108,37.8808],[-83.7097,37.8809],[-83.7088,37.8815],[-83.7087,37.8818],[-83.7099,37.8825],[-83.7086,37.8831],[-83.7086,37.8834],[-83.7089,37.8837],[-83.7124,37.8837],[-83.7145,37.8848],[-83.7146,37.8851],[-83.7143,37.8853],[-83.7116,37.885],[-83.7106,37.8854],[-83.7138,37.887],[-83.7159,37.8868],[-83.7157,37.8881],[-83.7148,37.8882],[-83.7148,37.8885],[-83.7153,37.8897],[-83.7173,37.892],[-83.7171,37.8921],[-83.7157,37.8915],[-83.7139,37.8897],[-83.713,37.8899],[-83.7129,37.8885],[-83.712,37.8884],[-83.7114,37.8879],[-83.7106,37.888],[-83.71,37.8875],[-83.7087,37.887],[-83.7085,37.888],[-83.7096,37.8891],[-83.7091,37.8899],[-83.7095,37.8911],[-83.7109,37.8917],[-83.7108,37.8928],[-83.713,37.8939],[-83.7127,37.8944],[-83.713,37.8954],[-83.7138,37.8959],[-83.715,37.8974],[-83.7163,37.8975],[-83.7176,37.8965],[-83.7181,37.8973],[-83.7192,37.8978],[-83.7166,37.8988],[-83.717,37.8998],[-83.7205,37.8999],[-83.7227,37.8994],[-83.7218,37.9004],[-83.7228,37.9014],[-83.7241,37.902],[-83.7243,37.9027],[-83.723,37.9026],[-83.7213,37.9017],[-83.7207,37.9018],[-83.7202,37.9013],[-83.7188,37.9013],[-83.7184,37.9019],[-83.7187,37.9024],[-83.7197,37.9028],[-83.7193,37.9037],[-83.7199,37.9046],[-83.7212,37.9054],[-83.724,37.9065],[-83.7238,37.9072],[-83.7233,37.9073],[-83.7219,37.9067]]],[[[-83.6326,37.9015],[-83.6331,37.9011],[-83.6331,37.8997],[-83.6338,37.8991],[-83.6346,37.8972],[-83.6358,37.8969],[-83.639,37.8976],[-83.6397,37.8982],[-83.6401,37.8999],[-83.6422,37.9025],[-83.6422,37.9035],[-83.6413,37.9044],[-83.6426,37.9038],[-83.6434,37.9039],[-83.6427,37.9031],[-83.6426,37.9017],[-83.6416,37.901],[-83.6406,37.8997],[-83.642,37.8986],[-83.6434,37.898],[-83.6451,37.8979],[-83.6445,37.8968],[-83.6447,37.8959],[-83.6456,37.895],[-83.6471,37.8943],[-83.6467,37.8925],[-83.6471,37.8915],[-83.6484,37.8895],[-83.6495,37.8892],[-83.6486,37.8884],[-83.6481,37.8851],[-83.6502,37.8802],[-83.651,37.8796],[-83.6537,37.8793],[-83.6551,37.8782],[-83.6571,37.8777],[-83.6583,37.876],[-83.6578,37.8751],[-83.6593,37.8751],[-83.6606,37.876],[-83.6584,37.8779],[-83.6584,37.8798],[-83.6581,37.8801],[-83.6564,37.879],[-83.6558,37.879],[-83.6542,37.8802],[-83.6509,37.8808],[-83.6514,37.8821],[-83.6507,37.8825],[-83.6496,37.8842],[-83.6506,37.8851],[-83.6494,37.8856],[-83.65,37.8883],[-83.6507,37.8888],[-83.6516,37.8887],[-83.6521,37.8884],[-83.6538,37.8888],[-83.6549,37.8883],[-83.656,37.8882],[-83.6552,37.8892],[-83.6558,37.8899],[-83.6557,37.8906],[-83.6561,37.8914],[-83.6556,37.8916],[-83.6549,37.8907],[-83.6539,37.8899],[-83.6532,37.8898],[-83.6521,37.89],[-83.6514,37.891],[-83.6506,37.8903],[-83.6493,37.8901],[-83.6481,37.8914],[-83.6476,37.8922],[-83.6479,37.8939],[-83.6495,37.8948],[-83.6476,37.8952],[-83.6468,37.895],[-83.6453,37.8963],[-83.6457,37.8976],[-83.6472,37.8984],[-83.6476,37.8992],[-83.6494,37.9007],[-83.6476,37.8994],[-83.6449,37.8986],[-83.642,37.8991],[-83.641,37.8997],[-83.6421,37.9008],[-83.6432,37.9014],[-83.6436,37.9032],[-83.6463,37.9043],[-83.6473,37.9051],[-83.6474,37.9056],[-83.6472,37.9058],[-83.6461,37.9052],[-83.643,37.9043],[-83.6415,37.905],[-83.6409,37.9063],[-83.6411,37.9075],[-83.6399,37.9086],[-83.6395,37.9096],[-83.6398,37.9101],[-83.6418,37.9112],[-83.6402,37.9114],[-83.6397,37.9123],[-83.6396,37.9135],[-83.6386,37.9147],[-83.6389,37.9153],[-83.6384,37.9157],[-83.6384,37.9168],[-83.6387,37.9183],[-83.6392,37.9191],[-83.6389,37.9193],[-83.6379,37.9184],[-83.6375,37.9153],[-83.6361,37.9153],[-83.6358,37.915],[-83.6374,37.9144],[-83.6384,37.9134],[-83.6386,37.9108],[-83.6374,37.9102],[-83.6379,37.9096],[-83.638,37.9087],[-83.6386,37.9084],[-83.6391,37.9074],[-83.6397,37.9043],[-83.6413,37.9034],[-83.6415,37.9029],[-83.6412,37.9021],[-83.6382,37.8995],[-83.6389,37.8981],[-83.6374,37.8977],[-83.6352,37.8976],[-83.6341,37.8999],[-83.6339,37.9014],[-83.6331,37.9017],[-83.6331,37.9029],[-83.6321,37.9021],[-83.6312,37.9021],[-83.6297,37.904],[-83.6298,37.9019],[-83.6292,37.9017],[-83.6284,37.9021],[-83.6279,37.9014],[-83.626,37.9011],[-83.6249,37.9006],[-83.6249,37.8999],[-83.6271,37.9009],[-83.6286,37.9008],[-83.6307,37.9017],[-83.6326,37.9015]],[[-83.638,37.9154],[-83.6382,37.9151],[-83.6382,37.9143],[-83.6376,37.9148],[-83.638,37.9154]],[[-83.6389,37.9092],[-83.6385,37.9097],[-83.6396,37.9114],[-83.6401,37.9107],[-83.6391,37.91],[-83.6389,37.9092]]],[[[-83.6822,37.9457],[-83.6822,37.9464],[-83.6803,37.945],[-83.6787,37.9455],[-83.6785,37.945],[-83.6797,37.9439],[-83.6798,37.9422],[-83.6797,37.9415],[-83.6786,37.9407],[-83.6795,37.9396],[-83.6791,37.9383],[-83.6791,37.936],[-83.6787,37.9356],[-83.677,37.9363],[-83.6773,37.9345],[-83.6763,37.934],[-83.6765,37.9332],[-83.6756,37.9322],[-83.6747,37.9317],[-83.6724,37.9289],[-83.671,37.9285],[-83.6704,37.9287],[-83.67,37.9294],[-83.6725,37.9339],[-83.6728,37.9354],[-83.6725,37.9368],[-83.6728,37.938],[-83.6724,37.9388],[-83.6712,37.9382],[-83.6715,37.9356],[-83.6712,37.9344],[-83.6705,37.9335],[-83.6693,37.9331],[-83.6697,37.9324],[-83.6696,37.9318],[-83.668,37.9304],[-83.6668,37.9306],[-83.6658,37.9322],[-83.665,37.9324],[-83.6653,37.9343],[-83.6636,37.9332],[-83.6629,37.9335],[-83.6612,37.9335],[-83.6605,37.934],[-83.6604,37.9347],[-83.6593,37.9342],[-83.6589,37.9343],[-83.6584,37.9351],[-83.6572,37.9357],[-83.6565,37.9368],[-83.6557,37.937],[-83.6555,37.9363],[-83.6561,37.9356],[-83.6561,37.9349],[-83.6548,37.9342],[-83.6552,37.9339],[-83.6575,37.9334],[-83.6568,37.9312],[-83.6571,37.9307],[-83.6583,37.9321],[-83.6592,37.9327],[-83.6599,37.9325],[-83.6608,37.9318],[-83.6617,37.9319],[-83.6623,37.9317],[-83.6625,37.9312],[-83.6615,37.9278],[-83.6625,37.9284],[-83.6635,37.93],[-83.6639,37.93],[-83.6645,37.9293],[-83.6681,37.9273],[-83.6686,37.9265],[-83.6671,37.9257],[-83.6693,37.9251],[-83.6699,37.9245],[-83.6697,37.9239],[-83.6702,37.9231],[-83.6681,37.9217],[-83.6689,37.9214],[-83.6704,37.9218],[-83.6712,37.9217],[-83.6721,37.9209],[-83.6724,37.9199],[-83.6723,37.9192],[-83.6714,37.9196],[-83.6706,37.9191],[-83.6716,37.9179],[-83.6711,37.9174],[-83.6723,37.9167],[-83.6722,37.916],[-83.6716,37.916],[-83.6706,37.9151],[-83.6686,37.9159],[-83.6676,37.9155],[-83.6663,37.9154],[-83.6647,37.9145],[-83.6682,37.9144],[-83.6694,37.9138],[-83.67,37.913],[-83.672,37.9133],[-83.6737,37.9126],[-83.6735,37.9117],[-83.6731,37.9115],[-83.6722,37.912],[-83.672,37.9115],[-83.6709,37.9108],[-83.6716,37.9103],[-83.6716,37.91],[-83.6698,37.9084],[-83.6677,37.9087],[-83.6653,37.9086],[-83.6651,37.9082],[-83.6671,37.9077],[-83.6679,37.9071],[-83.6673,37.9058],[-83.667,37.9034],[-83.6654,37.9028],[-83.6646,37.902],[-83.6651,37.9017],[-83.6664,37.9016],[-83.6669,37.9012],[-83.6669,37.9005],[-83.6655,37.8998],[-83.6652,37.8994],[-83.6671,37.899],[-83.6678,37.8979],[-83.668,37.8969],[-83.6691,37.8964],[-83.6686,37.894],[-83.6694,37.8934],[-83.6697,37.892],[-83.6683,37.8915],[-83.6681,37.8907],[-83.6685,37.8888],[-83.6673,37.8885],[-83.6669,37.8879],[-83.6678,37.8865],[-83.6686,37.8862],[-83.6686,37.8857],[-83.6658,37.8821],[-83.6643,37.8814],[-83.6652,37.8809],[-83.666,37.8796],[-83.6662,37.8786],[-83.6657,37.8778],[-83.6676,37.8764],[-83.6684,37.8755],[-83.6682,37.8751],[-83.6697,37.8751],[-83.6698,37.8754],[-83.6675,37.8788],[-83.6666,37.881],[-83.6666,37.8814],[-83.6677,37.8826],[-83.668,37.8827],[-83.6674,37.8806],[-83.6684,37.8783],[-83.67,37.8768],[-83.6714,37.8769],[-83.6727,37.8779],[-83.6731,37.8809],[-83.6749,37.8823],[-83.6776,37.8855],[-83.6786,37.8878],[-83.6796,37.8885],[-83.6787,37.8874],[-83.6782,37.886],[-83.679,37.8854],[-83.6781,37.8853],[-83.677,37.8845],[-83.6759,37.8828],[-83.6762,37.8819],[-83.6747,37.882],[-83.6739,37.8813],[-83.6734,37.8804],[-83.6737,37.8781],[-83.6727,37.8771],[-83.6715,37.8763],[-83.6712,37.8751],[-83.6726,37.8751],[-83.6731,37.8761],[-83.6741,37.8766],[-83.6744,37.8774],[-83.6757,37.8776],[-83.6748,37.8791],[-83.6752,37.881],[-83.6761,37.8812],[-83.6772,37.8806],[-83.6783,37.8811],[-83.679,37.8811],[-83.6805,37.8804],[-83.6817,37.881],[-83.6795,37.8822],[-83.6772,37.883],[-83.6778,37.8839],[-83.6794,37.8844],[-83.6811,37.8843],[-83.6833,37.8834],[-83.6846,37.8836],[-83.6857,37.8845],[-83.6835,37.8847],[-83.6831,37.8853],[-83.6795,37.8864],[-83.6821,37.8897],[-83.685,37.8901],[-83.6835,37.8912],[-83.6829,37.8923],[-83.6832,37.8929],[-83.6849,37.8938],[-83.6835,37.8945],[-83.6842,37.8952],[-83.6846,37.897],[-83.6866,37.8977],[-83.6868,37.8984],[-83.6874,37.8989],[-83.6903,37.8993],[-83.6916,37.899],[-83.6933,37.8994],[-83.6915,37.9003],[-83.689,37.9005],[-83.6889,37.9011],[-83.6925,37.9047],[-83.6938,37.9049],[-83.695,37.9046],[-83.6954,37.9052],[-83.6973,37.9061],[-83.6983,37.9071],[-83.6993,37.9074],[-83.6988,37.9081],[-83.6993,37.91],[-83.6999,37.9107],[-83.7013,37.9108],[-83.7017,37.9112],[-83.7029,37.9117],[-83.7053,37.9115],[-83.7088,37.9121],[-83.7084,37.9135],[-83.7079,37.9134],[-83.7072,37.9128],[-83.705,37.9127],[-83.7044,37.9129],[-83.7047,37.914],[-83.7033,37.913],[-83.7023,37.9136],[-83.702,37.9125],[-83.7006,37.912],[-83.6989,37.9122],[-83.6979,37.9119],[-83.6979,37.9111],[-83.6975,37.9107],[-83.6976,37.9095],[-83.6965,37.9079],[-83.6958,37.9079],[-83.6953,37.907],[-83.6924,37.9061],[-83.6911,37.9075],[-83.6907,37.9071],[-83.6907,37.9058],[-83.6895,37.9065],[-83.6889,37.9065],[-83.6896,37.9046],[-83.6887,37.9036],[-83.6872,37.9042],[-83.6875,37.9025],[-83.6866,37.9017],[-83.6853,37.9022],[-83.6842,37.9023],[-83.6854,37.9007],[-83.6854,37.9],[-83.6821,37.8978],[-83.6817,37.8959],[-83.6808,37.8941],[-83.6799,37.8936],[-83.6804,37.8921],[-83.68,37.8915],[-83.6793,37.8914],[-83.6796,37.8902],[-83.6785,37.8891],[-83.6773,37.8888],[-83.6774,37.8879],[-83.677,37.8867],[-83.6748,37.8843],[-83.6746,37.8836],[-83.6728,37.8826],[-83.672,37.8809],[-83.6716,37.8784],[-83.6706,37.8777],[-83.6698,37.8779],[-83.6683,37.8814],[-83.6699,37.8823],[-83.6707,37.8843],[-83.6724,37.8856],[-83.6727,37.8866],[-83.6724,37.888],[-83.6728,37.8886],[-83.6719,37.889],[-83.6717,37.8898],[-83.6734,37.8916],[-83.6727,37.893],[-83.6728,37.8935],[-83.6736,37.8942],[-83.6722,37.8951],[-83.6721,37.8959],[-83.6727,37.898],[-83.6741,37.899],[-83.6727,37.8994],[-83.6706,37.8986],[-83.6701,37.8997],[-83.6702,37.901],[-83.6696,37.9015],[-83.6693,37.9023],[-83.67,37.9042],[-83.6706,37.9047],[-83.6742,37.9041],[-83.6761,37.9046],[-83.6744,37.9053],[-83.6754,37.9062],[-83.6757,37.9074],[-83.6755,37.9079],[-83.6744,37.9067],[-83.6732,37.9063],[-83.6725,37.9062],[-83.6717,37.9067],[-83.6728,37.908],[-83.6752,37.9099],[-83.677,37.9121],[-83.6773,37.9138],[-83.6785,37.9139],[-83.6791,37.9145],[-83.6792,37.9155],[-83.6782,37.9158],[-83.6773,37.9153],[-83.6758,37.915],[-83.6765,37.9183],[-83.6784,37.9191],[-83.6795,37.9189],[-83.6825,37.9167],[-83.6823,37.9155],[-83.6837,37.9154],[-83.6842,37.9149],[-83.6855,37.9148],[-83.6885,37.9133],[-83.6888,37.9126],[-83.6898,37.9132],[-83.6907,37.913],[-83.6925,37.9137],[-83.6927,37.9139],[-83.6922,37.9142],[-83.6895,37.9143],[-83.6882,37.915],[-83.6878,37.9157],[-83.6887,37.9167],[-83.6886,37.9171],[-83.6856,37.9165],[-83.6852,37.9176],[-83.6856,37.918],[-83.6873,37.9184],[-83.687,37.9193],[-83.6884,37.9205],[-83.6893,37.9207],[-83.6905,37.9203],[-83.6921,37.9208],[-83.6934,37.9203],[-83.6937,37.9211],[-83.6947,37.9215],[-83.6952,37.922],[-83.6944,37.9223],[-83.6935,37.9222],[-83.693,37.9225],[-83.6911,37.922],[-83.6884,37.9218],[-83.6858,37.9207],[-83.6845,37.9208],[-83.6843,37.9197],[-83.6835,37.9191],[-83.6825,37.9198],[-83.6824,37.9206],[-83.6811,37.9208],[-83.6806,37.9213],[-83.6828,37.9221],[-83.6838,37.9231],[-83.6866,37.9236],[-83.6883,37.9244],[-83.6891,37.9243],[-83.6911,37.9254],[-83.6922,37.9255],[-83.6929,37.9259],[-83.6945,37.9257],[-83.6951,37.926],[-83.6961,37.926],[-83.6966,37.927],[-83.6974,37.9273],[-83.699,37.927],[-83.6994,37.9278],[-83.6991,37.9284],[-83.6985,37.9286],[-83.6972,37.9285],[-83.6956,37.9279],[-83.6946,37.9285],[-83.694,37.9275],[-83.693,37.9275],[-83.6892,37.9267],[-83.6918,37.9298],[-83.6905,37.9294],[-83.6876,37.9277],[-83.686,37.9282],[-83.6858,37.9278],[-83.6864,37.9268],[-83.6856,37.9265],[-83.6853,37.9256],[-83.6833,37.9263],[-83.6829,37.9253],[-83.6801,37.9254],[-83.6804,37.9238],[-83.6793,37.9232],[-83.6774,37.9235],[-83.6777,37.9215],[-83.6756,37.9211],[-83.6754,37.9222],[-83.6746,37.9232],[-83.6748,37.9252],[-83.6734,37.9247],[-83.6725,37.9257],[-83.6726,37.9262],[-83.6741,37.9269],[-83.6772,37.9265],[-83.6782,37.9273],[-83.6812,37.9283],[-83.684,37.9297],[-83.6842,37.9307],[-83.6768,37.9283],[-83.6754,37.9287],[-83.677,37.9309],[-83.6783,37.9319],[-83.6794,37.9322],[-83.6797,37.9332],[-83.6808,37.9336],[-83.681,37.9344],[-83.6816,37.9347],[-83.6833,37.9346],[-83.6832,37.9356],[-83.6836,37.9361],[-83.6852,37.9367],[-83.6869,37.9364],[-83.688,37.9371],[-83.6895,37.937],[-83.6904,37.938],[-83.6889,37.9382],[-83.6886,37.9386],[-83.6896,37.9402],[-83.6895,37.9406],[-83.6877,37.9399],[-83.6865,37.9383],[-83.6852,37.9384],[-83.6843,37.939],[-83.6836,37.9379],[-83.6817,37.9374],[-83.6815,37.9386],[-83.682,37.9396],[-83.6813,37.9407],[-83.6829,37.9427],[-83.6816,37.9425],[-83.6812,37.9429],[-83.6812,37.9441],[-83.6822,37.9457]],[[-83.6687,37.8998],[-83.6681,37.8999],[-83.6681,37.9012],[-83.6688,37.9005],[-83.6687,37.8998]],[[-83.6703,37.8943],[-83.6704,37.8967],[-83.6687,37.8989],[-83.6688,37.8992],[-83.67,37.8979],[-83.671,37.8975],[-83.6708,37.8952],[-83.6716,37.8936],[-83.6717,37.8918],[-83.6704,37.8899],[-83.6711,37.8865],[-83.6707,37.8857],[-83.6698,37.8853],[-83.6698,37.8869],[-83.6703,37.8878],[-83.6695,37.8906],[-83.6706,37.8912],[-83.6711,37.8922],[-83.6703,37.8943]],[[-83.6698,37.9057],[-83.6702,37.9055],[-83.6687,37.9042],[-83.6691,37.9073],[-83.6708,37.9076],[-83.6699,37.9061],[-83.6698,37.9057]],[[-83.6681,37.9286],[-83.6681,37.929],[-83.6707,37.9271],[-83.6723,37.9275],[-83.6712,37.9264],[-83.6711,37.9256],[-83.6749,37.9202],[-83.6762,37.9197],[-83.6751,37.9184],[-83.6746,37.9163],[-83.6746,37.9151],[-83.6757,37.9132],[-83.675,37.9121],[-83.674,37.9138],[-83.6718,37.9143],[-83.6728,37.9146],[-83.6732,37.9151],[-83.6737,37.921],[-83.6698,37.9258],[-83.6697,37.9268],[-83.6681,37.9286]],[[-83.6805,37.89],[-83.6813,37.8921],[-83.6823,37.8933],[-83.6818,37.8917],[-83.6822,37.8908],[-83.6805,37.89]]],[[[-83.6913,37.9994],[-83.6897,37.9988],[-83.6897,37.9982],[-83.6884,37.9983],[-83.6864,37.9975],[-83.6844,37.9974],[-83.6819,37.9965],[-83.6768,37.9958],[-83.672,37.9942],[-83.6713,37.9934],[-83.6715,37.9924],[-83.6743,37.9905],[-83.6778,37.9909],[-83.6787,37.9906],[-83.6801,37.9909],[-83.6831,37.9904],[-83.684,37.9908],[-83.6848,37.9909],[-83.6852,37.9915],[-83.686,37.9908],[-83.6871,37.991],[-83.69,37.9908],[-83.6919,37.9921],[-83.6909,37.9908],[-83.6919,37.9899],[-83.6906,37.9901],[-83.6901,37.9897],[-83.6891,37.9904],[-83.6874,37.9905],[-83.6849,37.9902],[-83.6827,37.9894],[-83.6783,37.9896],[-83.6779,37.9891],[-83.6782,37.9879],[-83.677,37.9891],[-83.6762,37.9893],[-83.674,37.9895],[-83.6732,37.9891],[-83.6715,37.9906],[-83.6692,37.9915],[-83.6629,37.9912],[-83.662,37.9899],[-83.6627,37.9883],[-83.6623,37.9882],[-83.6616,37.9887],[-83.6604,37.9914],[-83.6581,37.9926],[-83.6556,37.9933],[-83.6545,37.9926],[-83.6538,37.9911],[-83.655,37.9888],[-83.6558,37.9885],[-83.6555,37.9883],[-83.6555,37.987],[-83.6549,37.9878],[-83.6538,37.9883],[-83.6538,37.9894],[-83.6525,37.9916],[-83.6533,37.9924],[-83.6533,37.9943],[-83.6519,37.9974],[-83.6496,37.9989],[-83.65,38.0001],[-83.6369,38.0001],[-83.6378,37.999],[-83.6396,37.9988],[-83.6404,37.9981],[-83.6413,37.9981],[-83.6421,37.9966],[-83.6427,37.9963],[-83.6444,37.9967],[-83.6444,37.9963],[-83.6437,37.9956],[-83.6436,37.9943],[-83.6444,37.9935],[-83.6459,37.9938],[-83.6471,37.9936],[-83.6465,37.9921],[-83.6477,37.9912],[-83.647,37.9901],[-83.6455,37.9898],[-83.6456,37.9876],[-83.6471,37.9872],[-83.6481,37.9878],[-83.6485,37.9879],[-83.649,37.9876],[-83.6478,37.9868],[-83.6478,37.9859],[-83.649,37.9845],[-83.65,37.9847],[-83.6514,37.984],[-83.6507,37.9825],[-83.6511,37.9821],[-83.6521,37.9818],[-83.6526,37.9809],[-83.6549,37.9813],[-83.6543,37.9795],[-83.6546,37.9788],[-83.6572,37.9794],[-83.6582,37.9802],[-83.6587,37.9797],[-83.6581,37.9788],[-83.6582,37.9785],[-83.6602,37.9774],[-83.6609,37.9778],[-83.661,37.9788],[-83.6616,37.9791],[-83.6629,37.9778],[-83.6634,37.9778],[-83.664,37.9785],[-83.6646,37.9786],[-83.6649,37.9774],[-83.6653,37.977],[-83.6666,37.9772],[-83.667,37.9781],[-83.6675,37.9784],[-83.6684,37.9776],[-83.6695,37.9776],[-83.6696,37.9767],[-83.6699,37.9764],[-83.671,37.9764],[-83.672,37.9758],[-83.6727,37.9766],[-83.6728,37.9778],[-83.6738,37.978],[-83.6754,37.979],[-83.6758,37.9798],[-83.6742,37.98],[-83.672,37.9798],[-83.6705,37.9807],[-83.6705,37.9811],[-83.6716,37.9814],[-83.6741,37.9808],[-83.6747,37.9817],[-83.6761,37.9816],[-83.677,37.9824],[-83.6783,37.9816],[-83.6794,37.9821],[-83.6804,37.9831],[-83.6815,37.9829],[-83.6826,37.9836],[-83.6839,37.9835],[-83.6847,37.9841],[-83.6864,37.984],[-83.6865,37.9825],[-83.686,37.9819],[-83.6841,37.9823],[-83.6828,37.982],[-83.6835,37.9812],[-83.6835,37.9806],[-83.685,37.9803],[-83.6854,37.9799],[-83.6854,37.9791],[-83.6867,37.9784],[-83.6867,37.9781],[-83.6856,37.9777],[-83.6853,37.9772],[-83.6867,37.9764],[-83.6874,37.9751],[-83.6874,37.9743],[-83.6858,37.9747],[-83.6852,37.9754],[-83.6837,37.9753],[-83.6835,37.9766],[-83.6827,37.978],[-83.6818,37.9774],[-83.6817,37.9762],[-83.6812,37.9757],[-83.6806,37.9759],[-83.6789,37.9781],[-83.6785,37.9774],[-83.6788,37.9753],[-83.677,37.9749],[-83.6769,37.9744],[-83.6776,37.9736],[-83.6789,37.9738],[-83.6796,37.9732],[-83.6806,37.9735],[-83.6814,37.9733],[-83.6826,37.9737],[-83.6842,37.9726],[-83.6841,37.9723],[-83.6826,37.972],[-83.6827,37.9713],[-83.6835,37.9707],[-83.6833,37.9703],[-83.6828,37.97],[-83.6812,37.9703],[-83.6815,37.9691],[-83.6811,37.9685],[-83.6827,37.9673],[-83.6835,37.9685],[-83.6846,37.9688],[-83.6857,37.9676],[-83.6867,37.9685],[-83.6863,37.9699],[-83.6871,37.9708],[-83.6877,37.9707],[-83.6887,37.9701],[-83.6901,37.971],[-83.6916,37.9698],[-83.6933,37.9703],[-83.694,37.9699],[-83.6938,37.9676],[-83.6951,37.9676],[-83.6966,37.9687],[-83.6974,37.9688],[-83.698,37.9686],[-83.6975,37.9675],[-83.698,37.9669],[-83.6999,37.9664],[-83.7009,37.9674],[-83.7013,37.9674],[-83.7054,37.966],[-83.7061,37.9644],[-83.7089,37.9634],[-83.7121,37.9596],[-83.7117,37.959],[-83.7107,37.9594],[-83.7097,37.9606],[-83.7095,37.9618],[-83.7083,37.9626],[-83.7078,37.9623],[-83.7072,37.9608],[-83.7064,37.9608],[-83.7053,37.9638],[-83.7039,37.9646],[-83.7033,37.9642],[-83.7037,37.9609],[-83.703,37.9601],[-83.7024,37.9602],[-83.7018,37.9619],[-83.701,37.9625],[-83.7006,37.9626],[-83.6996,37.961],[-83.6983,37.9615],[-83.6984,37.9641],[-83.6968,37.9653],[-83.6962,37.9653],[-83.6966,37.9637],[-83.6962,37.9629],[-83.6952,37.962],[-83.694,37.9624],[-83.6934,37.9631],[-83.6938,37.9643],[-83.6922,37.9666],[-83.6911,37.9671],[-83.6914,37.9644],[-83.6906,37.9644],[-83.6892,37.9648],[-83.689,37.9642],[-83.6896,37.9632],[-83.6905,37.9625],[-83.6902,37.9621],[-83.6903,37.9614],[-83.6922,37.9612],[-83.6926,37.9601],[-83.6902,37.9598],[-83.6896,37.96],[-83.6881,37.9619],[-83.6878,37.963],[-83.6865,37.9636],[-83.6862,37.9624],[-83.6867,37.9616],[-83.6867,37.9604],[-83.6875,37.9598],[-83.6874,37.9586],[-83.6857,37.9589],[-83.6853,37.9583],[-83.6849,37.9582],[-83.6835,37.9593],[-83.6831,37.9581],[-83.6834,37.9573],[-83.6826,37.957],[-83.6811,37.9573],[-83.6811,37.9565],[-83.6801,37.9555],[-83.6804,37.9551],[-83.6825,37.9558],[-83.6839,37.9553],[-83.6847,37.9562],[-83.6865,37.9568],[-83.6878,37.9565],[-83.6884,37.9552],[-83.6892,37.9553],[-83.6899,37.955],[-83.6902,37.9554],[-83.6897,37.9568],[-83.6903,37.9573],[-83.6909,37.9573],[-83.6914,37.9567],[-83.6928,37.9572],[-83.6943,37.9561],[-83.6956,37.956],[-83.6963,37.9563],[-83.6957,37.9575],[-83.6974,37.9579],[-83.6985,37.9573],[-83.6983,37.9568],[-83.699,37.9551],[-83.6998,37.9554],[-83.7013,37.9569],[-83.7029,37.9566],[-83.7032,37.9562],[-83.7024,37.9556],[-83.7032,37.954],[-83.7043,37.9541],[-83.7058,37.955],[-83.7065,37.955],[-83.7076,37.9543],[-83.7085,37.9551],[-83.7093,37.955],[-83.7098,37.9547],[-83.7103,37.9536],[-83.7094,37.9528],[-83.71,37.9514],[-83.7105,37.9512],[-83.7118,37.9515],[-83.7125,37.9507],[-83.713,37.9506],[-83.7137,37.9507],[-83.7141,37.9522],[-83.7132,37.9534],[-83.7132,37.9552],[-83.7148,37.9553],[-83.7161,37.9531],[-83.7166,37.9528],[-83.7189,37.9531],[-83.7193,37.9544],[-83.7218,37.9542],[-83.7218,37.9528],[-83.7233,37.9515],[-83.7222,37.9507],[-83.7229,37.9498],[-83.7227,37.9491],[-83.7237,37.9481],[-83.7248,37.9478],[-83.7251,37.9473],[-83.7246,37.947],[-83.7224,37.9473],[-83.7222,37.9458],[-83.7217,37.9454],[-83.7209,37.9456],[-83.7206,37.946],[-83.7209,37.9492],[-83.7202,37.9499],[-83.7203,37.9515],[-83.7202,37.9522],[-83.7197,37.9524],[-83.7193,37.9523],[-83.7185,37.9516],[-83.7169,37.9514],[-83.718,37.9491],[-83.7171,37.9485],[-83.7178,37.9471],[-83.7173,37.9456],[-83.7165,37.9454],[-83.7159,37.9459],[-83.7158,37.9484],[-83.7152,37.9487],[-83.714,37.9481],[-83.7132,37.9461],[-83.7123,37.9459],[-83.7108,37.9466],[-83.7101,37.9466],[-83.7094,37.946],[-83.7092,37.9448],[-83.7086,37.945],[-83.7082,37.9458],[-83.7103,37.9481],[-83.7109,37.9497],[-83.7105,37.9498],[-83.7087,37.9491],[-83.7076,37.9492],[-83.7075,37.9515],[-83.7055,37.9501],[-83.7047,37.9525],[-83.7035,37.9529],[-83.7031,37.9527],[-83.703,37.9502],[-83.7027,37.95],[-83.7016,37.9503],[-83.7002,37.951],[-83.7004,37.9525],[-83.6989,37.9543],[-83.698,37.9539],[-83.6979,37.9516],[-83.6964,37.9509],[-83.6945,37.9512],[-83.6943,37.9524],[-83.6935,37.9526],[-83.6924,37.9522],[-83.6928,37.9509],[-83.6926,37.9505],[-83.6909,37.9499],[-83.6892,37.9501],[-83.6902,37.9488],[-83.6898,37.948],[-83.6927,37.949],[-83.6942,37.949],[-83.695,37.9481],[-83.6956,37.9485],[-83.6961,37.9483],[-83.6957,37.9465],[-83.6978,37.9471],[-83.6981,37.9483],[-83.6988,37.9486],[-83.7005,37.9477],[-83.7018,37.9475],[-83.7031,37.9463],[-83.7027,37.946],[-83.7008,37.9461],[-83.6999,37.9456],[-83.7003,37.945],[-83.7028,37.9439],[-83.6977,37.943],[-83.6979,37.9427],[-83.7029,37.9413],[-83.7018,37.9393],[-83.7011,37.9389],[-83.6978,37.9392],[-83.6969,37.9387],[-83.6999,37.9373],[-83.6998,37.9357],[-83.7011,37.9358],[-83.7019,37.9372],[-83.7031,37.9372],[-83.7033,37.9379],[-83.7043,37.9382],[-83.7046,37.9394],[-83.7054,37.9405],[-83.7085,37.9407],[-83.7088,37.9399],[-83.7083,37.9388],[-83.7085,37.9374],[-83.7079,37.9372],[-83.7079,37.9368],[-83.7068,37.9363],[-83.7075,37.9351],[-83.7066,37.9341],[-83.705,37.9336],[-83.7047,37.9332],[-83.7059,37.9325],[-83.7058,37.9317],[-83.7067,37.9317],[-83.7082,37.9332],[-83.7094,37.9336],[-83.7101,37.9329],[-83.7099,37.9315],[-83.7106,37.9299],[-83.7116,37.9322],[-83.715,37.9322],[-83.7145,37.933],[-83.7129,37.9335],[-83.7127,37.935],[-83.7115,37.9353],[-83.7113,37.9356],[-83.7114,37.9361],[-83.7125,37.9371],[-83.7124,37.9376],[-83.7117,37.938],[-83.712,37.9405],[-83.7125,37.9408],[-83.716,37.9407],[-83.716,37.9398],[-83.7146,37.9384],[-83.7144,37.9372],[-83.7157,37.937],[-83.7169,37.9375],[-83.7179,37.9369],[-83.7181,37.9364],[-83.7179,37.9356],[-83.7182,37.9351],[-83.7181,37.9339],[-83.7195,37.9322],[-83.7213,37.9322],[-83.7216,37.9326],[-83.7206,37.934],[-83.7206,37.9345],[-83.7214,37.9355],[-83.7208,37.936],[-83.7206,37.9376],[-83.7198,37.939],[-83.72,37.9401],[-83.7194,37.9406],[-83.7198,37.941],[-83.7211,37.941],[-83.7227,37.9414],[-83.7229,37.9405],[-83.7218,37.9397],[-83.7219,37.939],[-83.7224,37.9382],[-83.7239,37.9381],[-83.7259,37.9355],[-83.7257,37.9348],[-83.7244,37.9341],[-83.7244,37.9329],[-83.7261,37.9332],[-83.7273,37.934],[-83.7282,37.9338],[-83.729,37.9342],[-83.7289,37.9347],[-83.7282,37.9354],[-83.7286,37.9374],[-83.7271,37.9382],[-83.7264,37.9397],[-83.7272,37.9403],[-83.7276,37.9402],[-83.7314,37.9379],[-83.7318,37.9391],[-83.731,37.941],[-83.7289,37.9427],[-83.7281,37.943],[-83.7285,37.9435],[-83.7296,37.9435],[-83.7306,37.9424],[-83.7334,37.9421],[-83.7344,37.9431],[-83.7345,37.9439],[-83.7355,37.9446],[-83.7364,37.9447],[-83.7384,37.9432],[-83.7366,37.9418],[-83.7342,37.9407],[-83.7346,37.9389],[-83.7352,37.939],[-83.7358,37.9397],[-83.7367,37.9399],[-83.7375,37.9397],[-83.7388,37.9406],[-83.7413,37.9414],[-83.7421,37.9408],[-83.7414,37.9402],[-83.7417,37.9396],[-83.7425,37.9393],[-83.7438,37.9396],[-83.7444,37.9394],[-83.7455,37.9377],[-83.7434,37.9368],[-83.7426,37.9376],[-83.7416,37.9378],[-83.7401,37.9355],[-83.7388,37.9356],[-83.7385,37.936],[-83.7372,37.9358],[-83.7359,37.9373],[-83.7353,37.937],[-83.7346,37.9356],[-83.733,37.9358],[-83.7316,37.9347],[-83.7315,37.9344],[-83.7333,37.9344],[-83.7335,37.9332],[-83.7343,37.9329],[-83.7333,37.9312],[-83.7333,37.9307],[-83.7337,37.9305],[-83.7355,37.9319],[-83.7371,37.9321],[-83.7377,37.9333],[-83.7383,37.9335],[-83.739,37.9334],[-83.7389,37.9321],[-83.7396,37.9316],[-83.7402,37.9317],[-83.7418,37.9331],[-83.7431,37.9327],[-83.7438,37.9321],[-83.7454,37.9325],[-83.7472,37.9323],[-83.748,37.9321],[-83.7483,37.9314],[-83.7475,37.9305],[-83.7451,37.9312],[-83.7444,37.931],[-83.7437,37.9304],[-83.7438,37.9295],[-83.7427,37.9291],[-83.7422,37.9285],[-83.7397,37.9297],[-83.7383,37.9297],[-83.7381,37.9294],[-83.7387,37.9278],[-83.74,37.9269],[-83.7404,37.9259],[-83.7395,37.9254],[-83.7383,37.9255],[-83.7359,37.927],[-83.7354,37.9269],[-83.7349,37.9265],[-83.7354,37.9246],[-83.7347,37.9233],[-83.7337,37.9229],[-83.7334,37.9224],[-83.7345,37.9212],[-83.7329,37.9204],[-83.7331,37.9194],[-83.7327,37.9189],[-83.7308,37.9203],[-83.7307,37.9215],[-83.7314,37.9228],[-83.7305,37.9228],[-83.7298,37.9234],[-83.73,37.9244],[-83.7305,37.9248],[-83.7303,37.926],[-83.731,37.9269],[-83.7306,37.9277],[-83.7298,37.9269],[-83.7288,37.9269],[-83.7282,37.925],[-83.7278,37.9246],[-83.7274,37.9246],[-83.7267,37.925],[-83.7263,37.9265],[-83.7254,37.9262],[-83.7249,37.9265],[-83.7246,37.9278],[-83.7252,37.9286],[-83.7252,37.9293],[-83.7241,37.9292],[-83.723,37.9296],[-83.7225,37.9293],[-83.7232,37.9283],[-83.7226,37.9259],[-83.7236,37.9256],[-83.7247,37.9247],[-83.7246,37.9238],[-83.7259,37.9234],[-83.7264,37.9224],[-83.7275,37.9224],[-83.7279,37.9218],[-83.7279,37.9209],[-83.7271,37.9208],[-83.7262,37.92],[-83.7273,37.9194],[-83.7275,37.9185],[-83.729,37.9182],[-83.7297,37.9178],[-83.7297,37.9173],[-83.7289,37.9171],[-83.7287,37.9164],[-83.7273,37.916],[-83.7266,37.9171],[-83.726,37.9173],[-83.7253,37.9166],[-83.7244,37.9171],[-83.7237,37.9165],[-83.7229,37.9168],[-83.723,37.9186],[-83.7218,37.9187],[-83.7214,37.9192],[-83.7218,37.9202],[-83.7208,37.9203],[-83.7205,37.921],[-83.7196,37.9206],[-83.7187,37.9211],[-83.7181,37.9206],[-83.7175,37.9206],[-83.7164,37.9209],[-83.7148,37.9221],[-83.7139,37.9213],[-83.715,37.9208],[-83.7171,37.919],[-83.7186,37.919],[-83.7198,37.9183],[-83.7212,37.9161],[-83.7195,37.915],[-83.7207,37.9146],[-83.7217,37.915],[-83.7225,37.915],[-83.7234,37.9144],[-83.7232,37.9136],[-83.7235,37.9131],[-83.725,37.9139],[-83.7261,37.9138],[-83.7266,37.9134],[-83.7267,37.9122],[-83.7275,37.912],[-83.7285,37.9136],[-83.7301,37.9129],[-83.7304,37.9141],[-83.7316,37.9151],[-83.733,37.9137],[-83.7333,37.9137],[-83.7337,37.9142],[-83.7337,37.9158],[-83.7344,37.9161],[-83.7364,37.9144],[-83.7362,37.912],[-83.7367,37.912],[-83.7381,37.9132],[-83.7397,37.9125],[-83.7402,37.9127],[-83.74,37.9137],[-83.7386,37.9147],[-83.7393,37.9154],[-83.7404,37.9156],[-83.7404,37.9159],[-83.7392,37.9165],[-83.7371,37.9167],[-83.7364,37.9176],[-83.7376,37.9187],[-83.7387,37.9186],[-83.7396,37.919],[-83.7391,37.9205],[-83.7407,37.9217],[-83.742,37.922],[-83.7423,37.9215],[-83.742,37.9203],[-83.7425,37.9198],[-83.7417,37.9182],[-83.7426,37.9177],[-83.7442,37.9184],[-83.7449,37.9181],[-83.7445,37.9171],[-83.7435,37.9164],[-83.7429,37.9149],[-83.7432,37.9145],[-83.7444,37.9148],[-83.7446,37.9138],[-83.7456,37.914],[-83.7462,37.9158],[-83.7468,37.9165],[-83.7472,37.9165],[-83.7477,37.9153],[-83.7483,37.9151],[-83.7491,37.9161],[-83.7499,37.916],[-83.7499,37.9177],[-83.7487,37.9188],[-83.7476,37.919],[-83.7473,37.9195],[-83.7485,37.92],[-83.7487,37.9209],[-83.7472,37.9213],[-83.7468,37.9223],[-83.746,37.9226],[-83.7458,37.9233],[-83.7466,37.9241],[-83.7474,37.9242],[-83.7479,37.9236],[-83.7499,37.9226],[-83.7499,37.927],[-83.7491,37.9263],[-83.749,37.9257],[-83.7466,37.9256],[-83.7456,37.9252],[-83.7439,37.9237],[-83.7439,37.9222],[-83.7432,37.9228],[-83.7421,37.9231],[-83.7389,37.9222],[-83.7373,37.92],[-83.7352,37.9184],[-83.7349,37.9169],[-83.7343,37.917],[-83.7326,37.9166],[-83.7288,37.9146],[-83.7273,37.9143],[-83.7263,37.9147],[-83.7284,37.915],[-83.731,37.9167],[-83.7312,37.9172],[-83.7307,37.9181],[-83.7306,37.919],[-83.732,37.9177],[-83.7338,37.918],[-83.7389,37.9228],[-83.7423,37.9243],[-83.7432,37.9253],[-83.746,37.9264],[-83.7499,37.9289],[-83.7499,37.9328],[-83.7488,37.9336],[-83.7459,37.9339],[-83.7482,37.9341],[-83.7499,37.9333],[-83.7499,37.9371],[-83.7493,37.937],[-83.7484,37.9376],[-83.7468,37.9379],[-83.7484,37.9396],[-83.7499,37.9394],[-83.7499,37.9436],[-83.7474,37.9437],[-83.7458,37.944],[-83.7452,37.9439],[-83.7449,37.9443],[-83.7419,37.9457],[-83.7367,37.9463],[-83.7323,37.9456],[-83.7305,37.9451],[-83.7285,37.9451],[-83.7253,37.9439],[-83.7242,37.9428],[-83.7234,37.9432],[-83.7177,37.9418],[-83.7164,37.9423],[-83.7151,37.9422],[-83.714,37.9426],[-83.7105,37.9411],[-83.7099,37.9417],[-83.7068,37.9425],[-83.7055,37.9424],[-83.7061,37.9437],[-83.7055,37.9447],[-83.7051,37.9464],[-83.7068,37.9437],[-83.7097,37.9426],[-83.7118,37.9425],[-83.7134,37.9433],[-83.7147,37.9435],[-83.7161,37.943],[-83.7195,37.9439],[-83.722,37.944],[-83.7245,37.9452],[-83.7271,37.9458],[-83.7281,37.9464],[-83.7281,37.9471],[-83.729,37.9466],[-83.7304,37.9469],[-83.7339,37.948],[-83.7343,37.9487],[-83.7366,37.9482],[-83.7379,37.9483],[-83.7388,37.9489],[-83.7389,37.9497],[-83.7379,37.9511],[-83.7356,37.953],[-83.7329,37.9538],[-83.7308,37.9551],[-83.7265,37.9553],[-83.7244,37.955],[-83.7212,37.9558],[-83.7171,37.9556],[-83.7164,37.9563],[-83.715,37.9567],[-83.7132,37.9563],[-83.7114,37.9554],[-83.7106,37.9559],[-83.7057,37.9565],[-83.7042,37.9575],[-83.6988,37.9587],[-83.693,37.9586],[-83.6946,37.9593],[-83.6976,37.9596],[-83.7012,37.9587],[-83.7043,37.9585],[-83.7056,37.9577],[-83.7078,37.9573],[-83.7118,37.957],[-83.7136,37.9576],[-83.7141,37.9591],[-83.7133,37.9609],[-83.7104,37.9642],[-83.7053,37.9675],[-83.7016,37.9685],[-83.7,37.9686],[-83.6994,37.9692],[-83.6961,37.97],[-83.6947,37.9709],[-83.6902,37.972],[-83.6867,37.9717],[-83.6847,37.97],[-83.6849,37.9708],[-83.686,37.9719],[-83.6852,37.9729],[-83.6832,37.9743],[-83.6846,37.974],[-83.6871,37.9722],[-83.689,37.9727],[-83.6891,37.9743],[-83.6903,37.9728],[-83.6924,37.9725],[-83.6931,37.973],[-83.6939,37.9721],[-83.6956,37.9715],[-83.6981,37.971],[-83.6993,37.9712],[-83.6999,37.9718],[-83.7004,37.9733],[-83.7004,37.9764],[-83.7009,37.9782],[-83.7007,37.9793],[-83.7015,37.9792],[-83.7027,37.9801],[-83.7027,37.9798],[-83.7017,37.979],[-83.7014,37.9779],[-83.7009,37.9714],[-83.7011,37.9701],[-83.7031,37.9691],[-83.7089,37.9672],[-83.7094,37.9679],[-83.7099,37.9699],[-83.7089,37.9725],[-83.7109,37.9707],[-83.7099,37.9676],[-83.7099,37.9665],[-83.711,37.9653],[-83.7122,37.9649],[-83.7141,37.9662],[-83.7157,37.9681],[-83.7162,37.9694],[-83.717,37.9698],[-83.7184,37.9713],[-83.7193,37.9743],[-83.7193,37.9752],[-83.7189,37.9758],[-83.7196,37.9759],[-83.7197,37.9778],[-83.7199,37.9779],[-83.7206,37.9764],[-83.7196,37.9718],[-83.7142,37.9655],[-83.7132,37.9636],[-83.7133,37.9631],[-83.7139,37.9626],[-83.7147,37.961],[-83.7169,37.9594],[-83.7184,37.9587],[-83.7213,37.9582],[-83.7218,37.9591],[-83.7222,37.9583],[-83.7228,37.958],[-83.7274,37.9581],[-83.728,37.9613],[-83.7276,37.9628],[-83.7282,37.9632],[-83.7286,37.9645],[-83.7285,37.9672],[-83.7295,37.9662],[-83.7315,37.9671],[-83.7291,37.9647],[-83.7289,37.9639],[-83.7289,37.9623],[-83.7294,37.9614],[-83.7289,37.9602],[-83.7294,37.9587],[-83.733,37.957],[-83.7335,37.957],[-83.7343,37.9577],[-83.7349,37.9563],[-83.7362,37.9558],[-83.737,37.956],[-83.7377,37.9553],[-83.7405,37.9541],[-83.7432,37.9496],[-83.7445,37.9486],[-83.7465,37.9479],[-83.7499,37.9478],[-83.7499,37.9595],[-83.7492,37.9607],[-83.7469,37.9625],[-83.7461,37.9645],[-83.7429,37.9685],[-83.7396,37.9702],[-83.7381,37.9713],[-83.7364,37.9719],[-83.7334,37.9763],[-83.7318,37.978],[-83.7302,37.979],[-83.7279,37.9797],[-83.7271,37.9802],[-83.7247,37.984],[-83.723,37.9855],[-83.723,37.9862],[-83.7214,37.9866],[-83.7203,37.9873],[-83.7201,37.9894],[-83.7194,37.9909],[-83.7186,37.9916],[-83.7166,37.9925],[-83.7164,37.9929],[-83.7168,37.9934],[-83.7152,37.9951],[-83.7137,37.9957],[-83.7117,37.9971],[-83.7117,37.9974],[-83.7157,37.9957],[-83.7167,37.9957],[-83.7172,37.9968],[-83.7167,37.9977],[-83.7171,37.9983],[-83.7165,38.0001],[-83.6953,38.0001],[-83.6948,37.9995],[-83.696,37.9984],[-83.693,37.9994],[-83.6913,37.9994]],[[-83.6447,37.9999],[-83.6451,37.9983],[-83.6441,37.999],[-83.6444,38.0],[-83.6447,37.9999]],[[-83.6614,37.985],[-83.6617,37.9845],[-83.6611,37.9841],[-83.6605,37.983],[-83.6601,37.9835],[-83.6602,37.9847],[-83.6614,37.985]],[[-83.6683,37.9869],[-83.6674,37.9868],[-83.6679,37.988],[-83.6689,37.9878],[-83.6683,37.9869]],[[-83.6873,37.9884],[-83.6872,37.9874],[-83.6867,37.9874],[-83.6865,37.9876],[-83.6867,37.9883],[-83.6873,37.9884]],[[-83.6876,37.986],[-83.6888,37.9861],[-83.6897,37.9856],[-83.6895,37.985],[-83.6874,37.9851],[-83.6873,37.9858],[-83.6876,37.986]],[[-83.6971,37.9808],[-83.698,37.9806],[-83.6976,37.9788],[-83.6983,37.9779],[-83.699,37.9778],[-83.699,37.9773],[-83.6976,37.9771],[-83.6969,37.9765],[-83.6969,37.9761],[-83.6984,37.975],[-83.6987,37.9738],[-83.6986,37.9732],[-83.6976,37.9729],[-83.6962,37.973],[-83.6953,37.9738],[-83.6955,37.9754],[-83.6951,37.9761],[-83.6954,37.9785],[-83.6947,37.9792],[-83.6935,37.9792],[-83.6929,37.9783],[-83.693,37.9772],[-83.6909,37.9763],[-83.6904,37.9775],[-83.6921,37.9812],[-83.6922,37.9834],[-83.6913,37.9832],[-83.6897,37.9805],[-83.6893,37.9803],[-83.6883,37.9803],[-83.688,37.9809],[-83.6881,37.9817],[-83.6892,37.9834],[-83.6905,37.9853],[-83.6923,37.9871],[-83.6965,37.9878],[-83.697,37.9877],[-83.6972,37.9866],[-83.6989,37.9861],[-83.6987,37.9854],[-83.6973,37.9853],[-83.6969,37.9864],[-83.6961,37.9864],[-83.6941,37.9852],[-83.6941,37.9826],[-83.6947,37.9812],[-83.6954,37.9806],[-83.6961,37.9804],[-83.6971,37.9808]],[[-83.7011,37.9877],[-83.7015,37.9874],[-83.7015,37.986],[-83.702,37.9853],[-83.7019,37.9848],[-83.7011,37.9848],[-83.6999,37.9862],[-83.7004,37.9872],[-83.7011,37.9877]],[[-83.7,37.9931],[-83.7,37.994],[-83.7014,37.9938],[-83.7032,37.993],[-83.7033,37.9926],[-83.7024,37.9919],[-83.702,37.991],[-83.7027,37.9904],[-83.7035,37.9903],[-83.704,37.9898],[-83.7037,37.9896],[-83.7034,37.9881],[-83.7023,37.988],[-83.7017,37.9888],[-83.7008,37.9893],[-83.701,37.9903],[-83.7006,37.9913],[-83.7007,37.9925],[-83.7,37.9931]],[[-83.7148,37.9793],[-83.715,37.9775],[-83.7166,37.9762],[-83.7171,37.9749],[-83.7171,37.9741],[-83.716,37.9732],[-83.7159,37.9723],[-83.715,37.9722],[-83.7153,37.974],[-83.7147,37.9761],[-83.714,37.9771],[-83.7126,37.9769],[-83.7123,37.9743],[-83.7114,37.9732],[-83.7109,37.9734],[-83.7101,37.9746],[-83.7106,37.9759],[-83.7124,37.977],[-83.7123,37.9786],[-83.7118,37.9793],[-83.71,37.9787],[-83.7096,37.9798],[-83.7085,37.9799],[-83.7074,37.9792],[-83.7069,37.9779],[-83.7056,37.9769],[-83.7048,37.9751],[-83.7049,37.9746],[-83.7059,37.9739],[-83.7054,37.9727],[-83.7057,37.9723],[-83.7073,37.9718],[-83.7076,37.9712],[-83.7069,37.9704],[-83.7055,37.9707],[-83.7048,37.9717],[-83.7049,37.9728],[-83.7037,37.9734],[-83.7043,37.9749],[-83.7034,37.9767],[-83.7036,37.9779],[-83.7045,37.9785],[-83.707,37.9792],[-83.7073,37.9805],[-83.7078,37.981],[-83.7089,37.9813],[-83.7097,37.9808],[-83.7103,37.9808],[-83.7111,37.9822],[-83.7118,37.9827],[-83.7118,37.9831],[-83.7117,37.9836],[-83.7112,37.9838],[-83.7086,37.9836],[-83.7091,37.9844],[-83.7105,37.9847],[-83.7107,37.9851],[-83.7107,37.9861],[-83.7099,37.9873],[-83.7098,37.988],[-83.7125,37.9878],[-83.7127,37.9885],[-83.7135,37.9889],[-83.714,37.987],[-83.7127,37.9871],[-83.7123,37.9854],[-83.7134,37.9846],[-83.7138,37.9828],[-83.7137,37.982],[-83.7155,37.9807],[-83.7147,37.9806],[-83.7142,37.9802],[-83.7148,37.9793]],[[-83.7073,37.9595],[-83.7072,37.9592],[-83.7066,37.9594],[-83.7069,37.9602],[-83.7073,37.9595]],[[-83.7066,37.9889],[-83.7078,37.9886],[-83.7073,37.9874],[-83.7069,37.9875],[-83.7065,37.9883],[-83.7066,37.9889]],[[-83.7239,37.9741],[-83.7245,37.9761],[-83.725,37.9764],[-83.7268,37.9763],[-83.7262,37.9753],[-83.727,37.9742],[-83.727,37.9737],[-83.7256,37.9731],[-83.7257,37.972],[-83.7239,37.9721],[-83.7234,37.9709],[-83.724,37.9694],[-83.7255,37.9687],[-83.7256,37.9675],[-83.7264,37.9667],[-83.7264,37.9657],[-83.7255,37.9657],[-83.725,37.967],[-83.7232,37.967],[-83.7224,37.9656],[-83.7223,37.9645],[-83.7227,37.9639],[-83.7201,37.9634],[-83.7197,37.9627],[-83.72,37.9608],[-83.7189,37.9608],[-83.7174,37.9625],[-83.7173,37.9632],[-83.7202,37.9649],[-83.7205,37.9654],[-83.7199,37.967],[-83.7187,37.9669],[-83.7184,37.9671],[-83.719,37.9688],[-83.7215,37.9685],[-83.7222,37.9703],[-83.7216,37.9715],[-83.7225,37.972],[-83.7225,37.9731],[-83.7239,37.9741]],[[-83.7169,37.9835],[-83.7191,37.9834],[-83.7193,37.9819],[-83.718,37.9821],[-83.7171,37.9827],[-83.7169,37.9835]],[[-83.7233,37.9775],[-83.7216,37.9785],[-83.7218,37.9798],[-83.7214,37.9804],[-83.7199,37.9811],[-83.7201,37.9815],[-83.7215,37.9818],[-83.7234,37.9808],[-83.723,37.9792],[-83.7236,37.9775],[-83.7233,37.9775]],[[-83.7238,37.9613],[-83.7237,37.9623],[-83.723,37.9632],[-83.7234,37.9635],[-83.7241,37.9632],[-83.7243,37.9623],[-83.7248,37.9619],[-83.7245,37.9613],[-83.7238,37.9613]],[[-83.7302,37.9533],[-83.73,37.9527],[-83.7309,37.9518],[-83.7312,37.951],[-83.73,37.9493],[-83.7295,37.9491],[-83.7291,37.9515],[-83.7285,37.9522],[-83.7273,37.9521],[-83.726,37.9506],[-83.7248,37.9514],[-83.7249,37.9523],[-83.7262,37.9537],[-83.727,37.9538],[-83.728,37.9533],[-83.7297,37.9536],[-83.7302,37.9533]],[[-83.73,37.9714],[-83.7321,37.9721],[-83.7325,37.9719],[-83.7319,37.971],[-83.7298,37.9706],[-83.73,37.9714]],[[-83.7327,37.9626],[-83.7321,37.9624],[-83.7315,37.963],[-83.7315,37.9641],[-83.7327,37.9654],[-83.7358,37.9671],[-83.7364,37.9668],[-83.7358,37.9652],[-83.7331,37.9635],[-83.7327,37.9626]],[[-83.7386,37.968],[-83.7393,37.967],[-83.7388,37.9666],[-83.7371,37.9666],[-83.7375,37.9687],[-83.7386,37.968]],[[-83.7386,37.962],[-83.7388,37.9609],[-83.7384,37.9605],[-83.7381,37.9606],[-83.7378,37.9615],[-83.7386,37.962]],[[-83.7421,37.9633],[-83.7396,37.9623],[-83.7389,37.9624],[-83.7391,37.9632],[-83.7419,37.9642],[-83.7421,37.9633]],[[-83.7448,37.9209],[-83.745,37.9197],[-83.7447,37.9202],[-83.7442,37.9213],[-83.7448,37.9209]],[[-83.7444,37.9611],[-83.7442,37.9608],[-83.7433,37.9607],[-83.743,37.9614],[-83.7444,37.9611]],[[-83.7465,37.9577],[-83.7467,37.9569],[-83.7466,37.9565],[-83.7455,37.9569],[-83.7458,37.9575],[-83.7465,37.9577]],[[-83.7489,37.9534],[-83.7486,37.9523],[-83.7473,37.9523],[-83.747,37.9536],[-83.7473,37.9542],[-83.7489,37.9534]]],[[[-83.6461,37.9534],[-83.6454,37.9536],[-83.6453,37.956],[-83.646,37.9566],[-83.645,37.958],[-83.645,37.9595],[-83.6467,37.9611],[-83.6467,37.9625],[-83.6463,37.9626],[-83.6451,37.9616],[-83.6446,37.9615],[-83.6442,37.9631],[-83.6449,37.9645],[-83.6444,37.966],[-83.6431,37.9634],[-83.6424,37.9631],[-83.6429,37.9614],[-83.642,37.9612],[-83.6433,37.96],[-83.6429,37.9574],[-83.6419,37.9577],[-83.6416,37.9576],[-83.6421,37.9562],[-83.6429,37.9552],[-83.6427,37.9533],[-83.6423,37.9525],[-83.6398,37.9541],[-83.6402,37.952],[-83.6395,37.9514],[-83.6382,37.9514],[-83.6371,37.9522],[-83.6367,37.9521],[-83.6361,37.9504],[-83.6346,37.9503],[-83.633,37.9509],[-83.6326,37.9517],[-83.6335,37.9525],[-83.6348,37.9528],[-83.6347,37.9541],[-83.6356,37.9546],[-83.6385,37.9583],[-83.6383,37.9589],[-83.6366,37.9581],[-83.6352,37.9591],[-83.6349,37.9589],[-83.6353,37.9576],[-83.6349,37.9572],[-83.635,37.9565],[-83.6345,37.9562],[-83.6334,37.9563],[-83.6334,37.9551],[-83.6331,37.9547],[-83.6327,37.9545],[-83.6316,37.9548],[-83.6313,37.9537],[-83.6309,37.9535],[-83.63,37.9541],[-83.6297,37.955],[-83.6286,37.9553],[-83.6272,37.9547],[-83.6276,37.9539],[-83.6263,37.9533],[-83.6259,37.9533],[-83.6249,37.9543],[-83.6249,37.9526],[-83.626,37.9524],[-83.6289,37.9531],[-83.631,37.9521],[-83.6319,37.9526],[-83.6313,37.9515],[-83.6315,37.951],[-83.6334,37.9496],[-83.6352,37.9494],[-83.6373,37.9502],[-83.6426,37.9514],[-83.6435,37.9522],[-83.6439,37.953],[-83.6441,37.9518],[-83.6459,37.9521],[-83.6474,37.9529],[-83.6492,37.9544],[-83.6499,37.9563],[-83.6504,37.9552],[-83.653,37.9564],[-83.656,37.9609],[-83.6561,37.9615],[-83.6576,37.9625],[-83.6578,37.963],[-83.6586,37.9631],[-83.6603,37.9644],[-83.6607,37.9656],[-83.6605,37.9675],[-83.66,37.9695],[-83.6595,37.9702],[-83.6604,37.9706],[-83.6602,37.9698],[-83.6608,37.9683],[-83.6613,37.965],[-83.6656,37.9657],[-83.6688,37.9672],[-83.6698,37.9673],[-83.6661,37.9656],[-83.662,37.9647],[-83.6608,37.9642],[-83.6567,37.9609],[-83.655,37.9586],[-83.6544,37.9568],[-83.6548,37.9565],[-83.6563,37.9561],[-83.6594,37.9561],[-83.6621,37.9573],[-83.6609,37.9558],[-83.6625,37.955],[-83.6626,37.9547],[-83.6605,37.9555],[-83.6581,37.9552],[-83.6547,37.9556],[-83.6531,37.9555],[-83.6504,37.9539],[-83.6478,37.9517],[-83.6477,37.9508],[-83.6487,37.9494],[-83.6467,37.9507],[-83.6423,37.9505],[-83.6383,37.9492],[-83.6376,37.9493],[-83.6339,37.9478],[-83.633,37.9461],[-83.6329,37.9446],[-83.6343,37.9421],[-83.6361,37.942],[-83.6347,37.9416],[-83.6341,37.9409],[-83.6342,37.94],[-83.6349,37.9393],[-83.6346,37.9377],[-83.6338,37.9396],[-83.6328,37.9403],[-83.6334,37.9408],[-83.6335,37.9422],[-83.632,37.9451],[-83.6326,37.9479],[-83.6322,37.9491],[-83.6309,37.9506],[-83.63,37.951],[-83.6268,37.9509],[-83.6257,37.9506],[-83.6249,37.95],[-83.6249,37.9464],[-83.6257,37.9464],[-83.6258,37.947],[-83.6273,37.9478],[-83.6265,37.9494],[-83.6267,37.9499],[-83.6299,37.9499],[-83.6317,37.9468],[-83.631,37.946],[-83.6298,37.9466],[-83.6291,37.9457],[-83.6298,37.9447],[-83.6313,37.9445],[-83.6328,37.9416],[-83.6328,37.941],[-83.6323,37.9406],[-83.6308,37.9405],[-83.6299,37.9408],[-83.6285,37.9403],[-83.6274,37.9404],[-83.6277,37.9395],[-83.6293,37.9398],[-83.63,37.9392],[-83.633,37.9395],[-83.6335,37.9391],[-83.6335,37.9382],[-83.634,37.9379],[-83.6347,37.9359],[-83.6354,37.937],[-83.6352,37.9388],[-83.6365,37.9395],[-83.635,37.9398],[-83.6347,37.9403],[-83.6348,37.9408],[-83.637,37.9416],[-83.6401,37.9417],[-83.6397,37.9419],[-83.64,37.9423],[-83.6363,37.9427],[-83.6356,37.9431],[-83.635,37.943],[-83.6346,37.9432],[-83.6338,37.9448],[-83.6344,37.9458],[-83.6352,37.9461],[-83.6348,37.947],[-83.6371,37.9476],[-83.6387,37.947],[-83.6396,37.947],[-83.6392,37.9481],[-83.6396,37.9485],[-83.6425,37.9493],[-83.6441,37.9493],[-83.6449,37.949],[-83.6462,37.9498],[-83.6475,37.9492],[-83.6479,37.9474],[-83.6482,37.9474],[-83.649,37.9482],[-83.6508,37.9472],[-83.6518,37.9463],[-83.6516,37.9447],[-83.6528,37.9453],[-83.654,37.9452],[-83.6547,37.9448],[-83.6551,37.9442],[-83.6564,37.9436],[-83.6569,37.9429],[-83.658,37.9428],[-83.6569,37.9447],[-83.6587,37.946],[-83.6589,37.9465],[-83.6563,37.946],[-83.6555,37.9471],[-83.6546,37.9466],[-83.654,37.9467],[-83.6525,37.9482],[-83.6525,37.9496],[-83.6535,37.9503],[-83.6547,37.9507],[-83.6548,37.951],[-83.6536,37.9514],[-83.6512,37.9505],[-83.6501,37.9504],[-83.6496,37.9507],[-83.6504,37.9519],[-83.6503,37.9527],[-83.6536,37.9545],[-83.657,37.9543],[-83.659,37.9527],[-83.6607,37.9522],[-83.6607,37.9528],[-83.6596,37.9539],[-83.6595,37.9544],[-83.66,37.9546],[-83.6611,37.9544],[-83.6635,37.9534],[-83.666,37.9508],[-83.6673,37.9505],[-83.668,37.9496],[-83.6688,37.95],[-83.6714,37.9499],[-83.6713,37.9505],[-83.6696,37.9509],[-83.6689,37.9515],[-83.6678,37.9516],[-83.6668,37.9525],[-83.6666,37.953],[-83.6678,37.9543],[-83.6659,37.9542],[-83.663,37.9559],[-83.6629,37.9562],[-83.6634,37.9567],[-83.6663,37.9572],[-83.6689,37.9567],[-83.6711,37.9567],[-83.6716,37.9571],[-83.6695,37.958],[-83.6698,37.9586],[-83.675,37.9614],[-83.6762,37.9614],[-83.6771,37.9622],[-83.6773,37.9628],[-83.6752,37.9631],[-83.6746,37.9638],[-83.6738,37.9639],[-83.673,37.9623],[-83.6721,37.9619],[-83.6703,37.9619],[-83.6694,37.961],[-83.6675,37.9604],[-83.6671,37.9598],[-83.6651,37.9597],[-83.6658,37.962],[-83.6672,37.9634],[-83.6666,37.9645],[-83.6668,37.965],[-83.6699,37.9666],[-83.6706,37.9667],[-83.6713,37.9662],[-83.6719,37.9664],[-83.6721,37.967],[-83.6733,37.9676],[-83.6745,37.9692],[-83.6732,37.9694],[-83.6713,37.9684],[-83.67,37.9682],[-83.6689,37.9702],[-83.6679,37.9699],[-83.6681,37.9688],[-83.6678,37.9683],[-83.6675,37.9681],[-83.6665,37.9684],[-83.6657,37.967],[-83.6651,37.9668],[-83.6642,37.9676],[-83.6632,37.9673],[-83.6627,37.969],[-83.6616,37.97],[-83.6619,37.9705],[-83.6644,37.9712],[-83.6669,37.9725],[-83.6678,37.9726],[-83.6693,37.9736],[-83.6677,37.9742],[-83.6668,37.9737],[-83.6658,37.9737],[-83.6647,37.9732],[-83.6636,37.9744],[-83.6628,37.9728],[-83.6619,37.9727],[-83.6612,37.9741],[-83.6613,37.9753],[-83.6621,37.9763],[-83.6615,37.9767],[-83.6593,37.976],[-83.6596,37.9744],[-83.6594,37.9735],[-83.6589,37.973],[-83.6579,37.9739],[-83.6572,37.9754],[-83.6567,37.9756],[-83.6565,37.9742],[-83.6559,37.9736],[-83.6566,37.9729],[-83.6565,37.9722],[-83.6556,37.9719],[-83.655,37.9712],[-83.654,37.9713],[-83.6524,37.97],[-83.6561,37.9697],[-83.6573,37.9702],[-83.6585,37.9696],[-83.6597,37.9666],[-83.6595,37.9654],[-83.6589,37.9649],[-83.6583,37.9648],[-83.6563,37.9673],[-83.6553,37.9679],[-83.6543,37.9677],[-83.654,37.9665],[-83.6551,37.9654],[-83.6547,37.9646],[-83.6551,37.9638],[-83.6541,37.9629],[-83.6543,37.9623],[-83.654,37.9619],[-83.6547,37.9611],[-83.6537,37.9601],[-83.6535,37.9594],[-83.652,37.9583],[-83.6516,37.9587],[-83.6516,37.9603],[-83.6519,37.9609],[-83.6514,37.9621],[-83.651,37.9657],[-83.6497,37.9658],[-83.6501,37.9645],[-83.65,37.9638],[-83.6494,37.9633],[-83.6498,37.9627],[-83.6497,37.962],[-83.6485,37.9618],[-83.6483,37.9615],[-83.6495,37.9607],[-83.6495,37.9594],[-83.6493,37.9591],[-83.6474,37.959],[-83.6474,37.9587],[-83.6487,37.9575],[-83.6486,37.9561],[-83.6477,37.9556],[-83.6476,37.9548],[-83.6469,37.9544],[-83.647,37.9538],[-83.6461,37.9534]],[[-83.6512,37.958],[-83.6517,37.9582],[-83.6521,37.9574],[-83.6514,37.9571],[-83.6512,37.958]],[[-83.6581,37.9609],[-83.6595,37.9615],[-83.6614,37.9635],[-83.6626,37.9639],[-83.6642,37.9632],[-83.6642,37.962],[-83.6638,37.9613],[-83.6627,37.9607],[-83.662,37.9594],[-83.6609,37.9592],[-83.6601,37.9578],[-83.6571,37.9573],[-83.6563,37.9576],[-83.6563,37.9581],[-83.6581,37.9609]]]]}},{"type":"Feature","properties":{"quadrangle_name":"Heidelberg"},"geometry":{"type":"MultiPolygon","coordinates":[[[[-83.8716,37.5706],[-83.872,37.5692],[-83.8715,37.5685],[-83.872,37.5682],[-83.8731,37.5702],[-83.8749,37.5714],[-83.8749,37.5727],[-83.8731,37.5718],[-83.8716,37.5706]]],[[[-83.8711,37.5841],[-83.8723,37.583],[-83.8741,37.5828],[-83.8749,37.5824],[-83.8749,37.5833],[-83.8725,37.5839],[-83.8722,37.5843],[-83.8733,37.5859],[-83.8749,37.5859],[-83.874,37.5871],[-83.873,37.5871],[-83.8722,37.5866],[-83.8712,37.5852],[-83.8711,37.5841]]],[[[-83.8731,37.5881],[-83.8738,37.5875],[-83.8728,37.5888],[-83.8731,37.5881]]],[[[-83.8718,37.5902],[-83.8735,37.5901],[-83.8728,37.5888],[-83.8744,37.5872],[-83.874,37.5871],[-83.8749,37.5859],[-83.8749,37.5884],[-83.8744,37.5889],[-83.8749,37.5897],[-83.8749,37.5925],[-83.8722,37.5914],[-83.8712,37.5922],[-83.871,37.5932],[-83.8718,37.5947],[-83.8712,37.5963],[-83.8713,37.5967],[-83.8726,37.597],[-83.8742,37.5966],[-83.8749,37.5971],[-83.8749,37.5992],[-83.8739,37.5994],[-83.8734,37.6009],[-83.8716,37.5999],[-83.871,37.6002],[-83.8688,37.5992],[-83.8668,37.5994],[-83.8645,37.6004],[-83.8636,37.6009],[-83.8639,37.6012],[-83.8673,37.6029],[-83.8689,37.6034],[-83.8669,37.6066],[-83.8655,37.6041],[-83.8622,37.6036],[-83.861,37.6036],[-83.8598,37.6051],[-83.8585,37.6049],[-83.8576,37.6054],[-83.8571,37.6064],[-83.8572,37.6074],[-83.8594,37.6075],[-83.8614,37.6075],[-83.864,37.6081],[-83.8664,37.6095],[-83.8678,37.6107],[-83.8686,37.6129],[-83.8685,37.6154],[-83.8672,37.618],[-83.8636,37.6214],[-83.8647,37.6228],[-83.8661,37.6236],[-83.8647,37.6241],[-83.8639,37.6249],[-83.8627,37.6242],[-83.8602,37.6237],[-83.8579,37.6251],[-83.855,37.6251],[-83.8601,37.622],[-83.8605,37.6219],[-83.8617,37.6224],[-83.8617,37.6209],[-83.8627,37.6199],[-83.8632,37.6188],[-83.8659,37.6164],[-83.8667,37.6148],[-83.8668,37.6139],[-83.8663,37.6124],[-83.8647,37.6105],[-83.8612,37.6086],[-83.8585,37.6088],[-83.8561,37.6084],[-83.8556,37.6079],[-83.8552,37.6063],[-83.8558,37.6049],[-83.8573,37.6035],[-83.8587,37.6032],[-83.8603,37.6021],[-83.8627,37.6022],[-83.8621,37.6011],[-83.863,37.5995],[-83.8662,37.598],[-83.8696,37.5976],[-83.869,37.5965],[-83.8695,37.5948],[-83.8692,37.5939],[-83.8691,37.5928],[-83.8694,37.5919],[-83.8718,37.5902]]],[[[-83.8681,37.5962],[-83.8672,37.5966],[-83.8664,37.5972],[-83.8633,37.5981],[-83.8616,37.5983],[-83.8613,37.5997],[-83.8596,37.6011],[-83.8574,37.6018],[-83.8557,37.6018],[-83.8553,37.6029],[-83.8544,37.6037],[-83.8531,37.6043],[-83.852,37.6041],[-83.8527,37.6048],[-83.8533,37.606],[-83.8532,37.6084],[-83.852,37.6092],[-83.8488,37.6096],[-83.8536,37.6098],[-83.8544,37.6109],[-83.8537,37.6119],[-83.8527,37.613],[-83.8506,37.6143],[-83.8489,37.6144],[-83.85,37.6147],[-83.8502,37.6149],[-83.8472,37.6177],[-83.8455,37.618],[-83.8451,37.6191],[-83.8445,37.6196],[-83.8416,37.621],[-83.8378,37.6222],[-83.8372,37.622],[-83.8376,37.6209],[-83.8367,37.6217],[-83.8338,37.6225],[-83.8312,37.6222],[-83.8308,37.6214],[-83.8296,37.6216],[-83.8276,37.6202],[-83.8258,37.6172],[-83.8257,37.6138],[-83.8262,37.6114],[-83.8268,37.6103],[-83.8274,37.61],[-83.8275,37.6088],[-83.8289,37.6062],[-83.8301,37.6056],[-83.8318,37.6031],[-83.8338,37.602],[-83.8336,37.6014],[-83.8369,37.6003],[-83.8386,37.5992],[-83.8394,37.5981],[-83.8401,37.5958],[-83.8401,37.5926],[-83.8389,37.5901],[-83.8363,37.5886],[-83.8338,37.588],[-83.8309,37.5879],[-83.8296,37.5874],[-83.8293,37.5868],[-83.8288,37.5876],[-83.8248,37.5881],[-83.8229,37.588],[-83.8219,37.5887],[-83.8181,37.5893],[-83.8134,37.5889],[-83.81,37.5875],[-83.8079,37.5853],[-83.8088,37.5825],[-83.8092,37.582],[-83.8125,37.5824],[-83.815,37.5815],[-83.8153,37.5805],[-83.8144,37.5812],[-83.8131,37.5816],[-83.8113,37.5818],[-83.8098,37.5813],[-83.8104,37.5775],[-83.8102,37.5758],[-83.8099,37.5754],[-83.809,37.5726],[-83.809,37.5719],[-83.8105,37.5767],[-83.8106,37.5782],[-83.8101,37.5805],[-83.8103,37.5813],[-83.8115,37.5814],[-83.8143,37.5809],[-83.8154,37.5797],[-83.8161,37.5779],[-83.8172,37.5784],[-83.8184,37.5775],[-83.8192,37.5764],[-83.8195,37.5762],[-83.8178,37.5788],[-83.8163,37.5791],[-83.8152,37.5817],[-83.8127,37.5826],[-83.8099,37.5824],[-83.8093,37.5826],[-83.8087,37.5838],[-83.8086,37.5851],[-83.8099,37.5867],[-83.811,37.5874],[-83.8122,37.5876],[-83.8127,37.5881],[-83.8181,37.5886],[-83.8185,37.5884],[-83.8215,37.5881],[-83.8225,37.5872],[-83.8248,37.5876],[-83.8265,37.5871],[-83.828,37.5871],[-83.829,37.5854],[-83.8299,37.5855],[-83.8303,37.5869],[-83.8342,37.5871],[-83.8382,37.5884],[-83.8397,37.5892],[-83.8401,37.5902],[-83.8416,37.5919],[-83.8414,37.5927],[-83.8419,37.595],[-83.8408,37.5985],[-83.8396,37.5999],[-83.8384,37.6008],[-83.8351,37.6026],[-83.8319,37.6046],[-83.8315,37.6053],[-83.8322,37.6066],[-83.8305,37.6066],[-83.83,37.6071],[-83.8301,37.6081],[-83.8294,37.6081],[-83.8292,37.6084],[-83.829,37.6112],[-83.8278,37.6115],[-83.828,37.6121],[-83.8274,37.6139],[-83.8276,37.6149],[-83.8282,37.6157],[-83.8275,37.6172],[-83.8284,37.6189],[-83.8289,37.6194],[-83.8296,37.6194],[-83.8306,37.6199],[-83.8316,37.6187],[-83.8322,37.6199],[-83.8326,37.6197],[-83.833,37.6205],[-83.8349,37.6199],[-83.836,37.6205],[-83.8363,37.6193],[-83.836,37.6175],[-83.8369,37.6175],[-83.8378,37.6182],[-83.8394,37.6199],[-83.8406,37.6188],[-83.8416,37.6193],[-83.8435,37.6185],[-83.8439,37.6181],[-83.8435,37.6166],[-83.845,37.6163],[-83.8463,37.6167],[-83.8481,37.6153],[-83.8477,37.6148],[-83.845,37.6136],[-83.847,37.613],[-83.85,37.6131],[-83.8505,37.6123],[-83.8519,37.6112],[-83.8517,37.6108],[-83.8457,37.6108],[-83.845,37.6103],[-83.8424,37.6099],[-83.8414,37.6093],[-83.8441,37.6091],[-83.8444,37.608],[-83.8472,37.6089],[-83.8487,37.6083],[-83.8516,37.608],[-83.8521,37.6076],[-83.8516,37.6055],[-83.8505,37.6053],[-83.85,37.6045],[-83.8479,37.6029],[-83.8465,37.6028],[-83.8461,37.6023],[-83.8453,37.6023],[-83.8456,37.6009],[-83.8463,37.6012],[-83.8475,37.6013],[-83.8488,37.5994],[-83.8498,37.602],[-83.8529,37.603],[-83.8536,37.6026],[-83.8539,37.6019],[-83.854,37.5994],[-83.8565,37.6005],[-83.8585,37.6001],[-83.8598,37.5989],[-83.8597,37.5968],[-83.8622,37.5972],[-83.8671,37.5952],[-83.8672,37.5943],[-83.8663,37.5929],[-83.8634,37.5916],[-83.8675,37.5909],[-83.8678,37.5903],[-83.8641,37.5875],[-83.8621,37.5869],[-83.862,37.5864],[-83.8638,37.5866],[-83.8696,37.5885],[-83.8702,37.5883],[-83.8703,37.5875],[-83.8685,37.584],[-83.8666,37.5832],[-83.8652,37.5834],[-83.8651,37.5821],[-83.8622,37.5787],[-83.8624,37.5781],[-83.8618,37.5773],[-83.8627,37.5774],[-83.8634,37.5787],[-83.8669,37.5813],[-83.8679,37.5816],[-83.8699,37.5818],[-83.8708,37.5797],[-83.8725,37.5815],[-83.8743,37.5812],[-83.8749,37.5808],[-83.8749,37.582],[-83.8743,37.5823],[-83.8714,37.5824],[-83.8707,37.5829],[-83.8685,37.5826],[-83.8698,37.5834],[-83.8719,37.5875],[-83.8715,37.5886],[-83.8708,37.5893],[-83.8688,37.5893],[-83.8691,37.5911],[-83.8678,37.5922],[-83.8688,37.5945],[-83.8681,37.5962]]],[[[-83.8729,37.6236],[-83.8717,37.6212],[-83.8727,37.6203],[-83.8729,37.6189],[-83.8703,37.6168],[-83.8706,37.6166],[-83.8728,37.6166],[-83.8737,37.6153],[-83.8739,37.6117],[-83.8732,37.6108],[-83.8739,37.6103],[-83.8749,37.6105],[-83.8749,37.6225],[-83.8746,37.6221],[-83.8746,37.6226],[-83.8749,37.6251],[-83.8712,37.6251],[-83.8715,37.6246],[-83.8729,37.6236]]],[[[-83.8085,37.5712],[-83.8061,37.5694],[-83.8037,37.5685],[-83.8042,37.5686],[-83.8047,37.5687],[-83.8068,37.5695],[-83.8085,37.5712]]],[[[-83.824,37.6211],[-83.8241,37.6205],[-83.8232,37.6195],[-83.8222,37.6166],[-83.8213,37.6162],[-83.8223,37.6149],[-83.8225,37.6121],[-83.823,37.6107],[-83.8226,37.6099],[-83.8236,37.6093],[-83.8254,37.6057],[-83.8276,37.6031],[-83.8277,37.6023],[-83.8288,37.602],[-83.8294,37.6013],[-83.8326,37.5997],[-83.8333,37.5982],[-83.8341,37.5984],[-83.8355,37.5976],[-83.8365,37.5964],[-83.8364,37.5953],[-83.8371,37.5942],[-83.837,37.593],[-83.8352,37.5912],[-83.8343,37.5908],[-83.833,37.5912],[-83.8325,37.5903],[-83.8281,37.5901],[-83.8239,37.5908],[-83.8234,37.591],[-83.8229,37.5918],[-83.8234,37.5958],[-83.8227,37.5967],[-83.8229,37.5955],[-83.8213,37.5927],[-83.8209,37.5912],[-83.8138,37.5914],[-83.8126,37.5922],[-83.8117,37.5934],[-83.8117,37.5952],[-83.8099,37.5966],[-83.8097,37.5975],[-83.8101,37.599],[-83.8097,37.6005],[-83.8091,37.6005],[-83.8095,37.5992],[-83.8087,37.5967],[-83.805,37.5954],[-83.8077,37.5958],[-83.8095,37.5956],[-83.8102,37.5948],[-83.8102,37.5928],[-83.8115,37.5907],[-83.8081,37.5887],[-83.8059,37.5862],[-83.8056,37.5843],[-83.8061,37.582],[-83.808,37.5795],[-83.8084,37.5777],[-83.8079,37.5772],[-83.8081,37.5757],[-83.8065,37.5717],[-83.8056,37.5707],[-83.8033,37.5697],[-83.8051,37.57],[-83.8064,37.5708],[-83.8079,37.5748],[-83.8085,37.577],[-83.8085,37.5785],[-83.8076,37.5803],[-83.8064,37.5819],[-83.806,37.5855],[-83.8063,37.5863],[-83.808,37.5882],[-83.8118,37.5905],[-83.8118,37.5911],[-83.8106,37.5929],[-83.8107,37.5935],[-83.812,37.5918],[-83.8134,37.5907],[-83.821,37.5906],[-83.8217,37.5909],[-83.8222,37.5917],[-83.8224,37.5906],[-83.8233,37.59],[-83.8286,37.5892],[-83.8319,37.5893],[-83.8338,37.59],[-83.8359,37.5902],[-83.838,37.5918],[-83.8384,37.5932],[-83.8385,37.5952],[-83.8382,37.5962],[-83.8372,37.5978],[-83.8361,37.599],[-83.8328,37.6006],[-83.8287,37.6037],[-83.8267,37.6063],[-83.8243,37.611],[-83.8239,37.6128],[-83.8239,37.6171],[-83.8259,37.6205],[-83.8278,37.6223],[-83.831,37.6237],[-83.8349,37.6243],[-83.8402,37.6233],[-83.8451,37.6217],[-83.8476,37.6204],[-83.8494,37.6192],[-83.8548,37.6141],[-83.8573,37.6123],[-83.8608,37.6119],[-83.8627,37.6124],[-83.8636,37.6133],[-83.864,37.6147],[-83.8634,37.6163],[-83.8573,37.6204],[-83.8564,37.6205],[-83.8565,37.6213],[-83.8557,37.6222],[-83.851,37.6251],[-83.8488,37.6251],[-83.8542,37.6211],[-83.8543,37.6203],[-83.8533,37.6198],[-83.854,37.6191],[-83.8565,37.6189],[-83.8568,37.6179],[-83.8585,37.6174],[-83.8587,37.6163],[-83.8596,37.6159],[-83.8602,37.615],[-83.8601,37.6142],[-83.8597,37.6139],[-83.8572,37.6144],[-83.8566,37.6151],[-83.8559,37.6153],[-83.8506,37.6202],[-83.8481,37.6219],[-83.8379,37.6251],[-83.8316,37.6251],[-83.8293,37.6246],[-83.8271,37.6236],[-83.824,37.6211]]]]}},{"type":"Feature","properties":{"quadrangle_name":"Irvine"},"geometry":{"type":"MultiPolygon","coordinates":[[[[-83.9999,37.6286],[-83.997,37.6267],[-83.9964,37.626],[-83.9962,37.6251],[-83.9999,37.6251],[-83.9999,37.6286]]],[[[-83.9749,37.6262],[-83.9727,37.6265],[-83.9721,37.6271],[-83.9726,37.6282],[-83.972,37.6294],[-83.9723,37.6302],[-83.9727,37.6302],[-83.974,37.629],[-83.9763,37.6278],[-83.9768,37.6251],[-83.9808,37.6251],[-83.9814,37.6256],[-83.9818,37.6251],[-83.9852,37.6251],[-83.9838,37.6276],[-83.9817,37.6282],[-83.9798,37.6283],[-83.9779,37.6307],[-83.9763,37.6318],[-83.9747,37.6322],[-83.9733,37.6331],[-83.9715,37.6328],[-83.9689,37.6314],[-83.9678,37.6276],[-83.9684,37.6259],[-83.9673,37.6267],[-83.9655,37.6251],[-83.9759,37.6251],[-83.9749,37.6262]]],[[[-83.9978,37.6447],[-83.9971,37.6452],[-83.9962,37.6444],[-83.9962,37.6438],[-83.9971,37.6437],[-83.9972,37.6429],[-83.9981,37.6423],[-83.9985,37.6406],[-83.9995,37.6395],[-83.9994,37.6393],[-83.9978,37.64],[-83.9949,37.6422],[-83.9922,37.6432],[-83.9904,37.6426],[-83.9887,37.6416],[-83.9886,37.6402],[-83.9878,37.6406],[-83.9852,37.6409],[-83.9838,37.6403],[-83.9824,37.6392],[-83.982,37.6372],[-83.9833,37.6358],[-83.9875,37.6345],[-83.9881,37.6347],[-83.9882,37.6343],[-83.989,37.6339],[-83.9893,37.6331],[-83.9898,37.6331],[-83.9902,37.6336],[-83.9907,37.6334],[-83.9911,37.6337],[-83.9918,37.6331],[-83.9904,37.6325],[-83.9896,37.631],[-83.99,37.6293],[-83.9907,37.6284],[-83.9915,37.6276],[-83.9927,37.6272],[-83.9956,37.6269],[-83.998,37.6283],[-83.9985,37.6292],[-83.9989,37.6288],[-83.9999,37.6294],[-83.9999,37.6337],[-83.9983,37.6325],[-83.9963,37.6328],[-83.9965,37.6338],[-83.9948,37.6347],[-83.9939,37.6356],[-83.9932,37.6369],[-83.9936,37.6375],[-83.9919,37.6401],[-83.9929,37.64],[-83.9939,37.6395],[-83.9958,37.6373],[-83.9969,37.6369],[-83.9979,37.6371],[-83.9999,37.6361],[-83.9999,37.6434],[-83.9993,37.6433],[-83.9989,37.6428],[-83.9984,37.6429],[-83.9978,37.644],[-83.9978,37.6447]],[[-83.9869,37.6373],[-83.9862,37.6372],[-83.9852,37.6375],[-83.985,37.6381],[-83.9856,37.6383],[-83.9866,37.6379],[-83.9869,37.6373]],[[-83.9899,37.6368],[-83.9908,37.6368],[-83.9907,37.6365],[-83.9901,37.6363],[-83.9899,37.6368]],[[-83.9947,37.6298],[-83.9935,37.6299],[-83.9927,37.6306],[-83.9949,37.6314],[-83.9951,37.6309],[-83.9947,37.6298]]],[[[-83.9995,37.6513],[-83.9996,37.6509],[-83.9999,37.651],[-83.9999,37.6514],[-83.9995,37.6513]]],[[[-83.993,37.6681],[-83.9933,37.6681],[-83.9934,37.6684],[-83.9928,37.6685],[-83.993,37.6681]]],[[[-83.9929,37.67],[-83.9923,37.6702],[-83.9931,37.6716],[-83.9928,37.6718],[-83.9917,37.6706],[-83.9909,37.6705],[-83.9907,37.6705],[-83.9909,37.6721],[-83.9899,37.672],[-83.9894,37.6723],[-83.99,37.6728],[-83.9889,37.6731],[-83.9887,37.6738],[-83.9882,37.6733],[-83.9872,37.6735],[-83.9864,37.6746],[-83.9854,37.6739],[-83.9851,37.676],[-83.9844,37.6759],[-83.9839,37.6748],[-83.9832,37.6757],[-83.9826,37.6752],[-83.9821,37.6759],[-83.9794,37.6766],[-83.9811,37.6772],[-83.9803,37.6777],[-83.9802,37.6786],[-83.9794,37.6795],[-83.9785,37.6797],[-83.9773,37.6786],[-83.9764,37.6786],[-83.9778,37.6799],[-83.9778,37.6803],[-83.9771,37.6804],[-83.9769,37.6809],[-83.9763,37.6811],[-83.9762,37.6803],[-83.9752,37.68],[-83.9755,37.6806],[-83.9752,37.681],[-83.9745,37.6809],[-83.9743,37.6812],[-83.9732,37.6804],[-83.9722,37.681],[-83.9723,37.6815],[-83.9731,37.6817],[-83.9731,37.6825],[-83.9723,37.6826],[-83.9705,37.681],[-83.9713,37.6809],[-83.9711,37.6804],[-83.9757,37.6776],[-83.9718,37.6799],[-83.9698,37.6807],[-83.9706,37.6798],[-83.9726,37.6789],[-83.9732,37.6782],[-83.9728,37.6776],[-83.9734,37.6767],[-83.9721,37.6758],[-83.9725,37.6767],[-83.972,37.6786],[-83.9687,37.6802],[-83.9681,37.6796],[-83.9672,37.6795],[-83.9662,37.6788],[-83.9633,37.678],[-83.9617,37.678],[-83.9604,37.6773],[-83.9577,37.6755],[-83.9574,37.674],[-83.9563,37.6729],[-83.9514,37.6733],[-83.9473,37.6717],[-83.9471,37.671],[-83.9472,37.6705],[-83.9477,37.6705],[-83.9474,37.6692],[-83.9479,37.6688],[-83.948,37.6678],[-83.9474,37.6671],[-83.9472,37.6686],[-83.9464,37.6689],[-83.9451,37.671],[-83.9451,37.6723],[-83.9447,37.6723],[-83.9444,37.6717],[-83.9442,37.6721],[-83.9431,37.6724],[-83.9425,37.6729],[-83.9428,37.6733],[-83.9417,37.6736],[-83.9413,37.6731],[-83.9408,37.6732],[-83.9407,37.6738],[-83.9403,37.6738],[-83.9401,37.6732],[-83.9389,37.6723],[-83.9391,37.6716],[-83.9384,37.6722],[-83.938,37.6716],[-83.9365,37.6717],[-83.9365,37.6714],[-83.9339,37.6702],[-83.9315,37.6685],[-83.9311,37.6674],[-83.9314,37.6664],[-83.9333,37.6649],[-83.9316,37.665],[-83.9305,37.6666],[-83.9302,37.6657],[-83.9293,37.6649],[-83.9296,37.6639],[-83.9288,37.6637],[-83.9267,37.6614],[-83.9267,37.6597],[-83.9273,37.6586],[-83.926,37.6593],[-83.9254,37.6594],[-83.9237,37.6583],[-83.9223,37.6577],[-83.924,37.66],[-83.9252,37.6608],[-83.9287,37.6667],[-83.9286,37.6677],[-83.9276,37.6685],[-83.9292,37.6687],[-83.9306,37.6699],[-83.9313,37.6711],[-83.9323,37.6714],[-83.933,37.6731],[-83.9311,37.6745],[-83.9289,37.6744],[-83.9277,37.6738],[-83.9273,37.6741],[-83.9218,37.6737],[-83.9181,37.6709],[-83.9162,37.6689],[-83.9157,37.6692],[-83.914,37.6681],[-83.911,37.6673],[-83.9108,37.6666],[-83.912,37.6661],[-83.9105,37.6661],[-83.9091,37.6671],[-83.907,37.6667],[-83.9066,37.6664],[-83.9062,37.6666],[-83.9052,37.6665],[-83.9047,37.6659],[-83.9026,37.6648],[-83.9047,37.6645],[-83.905,37.6642],[-83.903,37.664],[-83.902,37.6636],[-83.9032,37.662],[-83.9033,37.6611],[-83.9026,37.6621],[-83.9015,37.6621],[-83.9006,37.6638],[-83.8998,37.6639],[-83.8977,37.6632],[-83.8952,37.661],[-83.8924,37.6595],[-83.8928,37.6591],[-83.8945,37.6586],[-83.893,37.6581],[-83.8927,37.6577],[-83.8932,37.6546],[-83.8925,37.6549],[-83.892,37.6559],[-83.8919,37.6583],[-83.891,37.6586],[-83.8877,37.6583],[-83.8859,37.6575],[-83.8833,37.6555],[-83.8806,37.6519],[-83.8783,37.6499],[-83.8772,37.6482],[-83.8757,37.6471],[-83.8749,37.6461],[-83.8749,37.6433],[-83.8764,37.6439],[-83.8756,37.6424],[-83.8765,37.6417],[-83.8777,37.6398],[-83.8788,37.639],[-83.88,37.6387],[-83.883,37.6394],[-83.8855,37.6412],[-83.8891,37.642],[-83.8926,37.6417],[-83.8925,37.6411],[-83.8933,37.6402],[-83.8908,37.6416],[-83.8893,37.6418],[-83.888,37.6415],[-83.8845,37.6393],[-83.8845,37.6389],[-83.8852,37.6382],[-83.8833,37.6387],[-83.8804,37.6375],[-83.8796,37.6367],[-83.8793,37.6352],[-83.8783,37.6335],[-83.8805,37.6317],[-83.8781,37.6319],[-83.8776,37.631],[-83.8763,37.6301],[-83.8755,37.6288],[-83.8753,37.6274],[-83.8758,37.6251],[-83.8808,37.6251],[-83.8805,37.6259],[-83.8801,37.6261],[-83.8782,37.6254],[-83.8775,37.6257],[-83.8781,37.6265],[-83.8779,37.6284],[-83.8783,37.6292],[-83.8787,37.6296],[-83.8798,37.6299],[-83.8811,37.6296],[-83.8833,37.6276],[-83.8834,37.6267],[-83.8856,37.6253],[-83.8863,37.6253],[-83.8871,37.6269],[-83.8894,37.6275],[-83.8902,37.6274],[-83.8902,37.628],[-83.8917,37.6277],[-83.8921,37.6283],[-83.8909,37.6283],[-83.8906,37.6288],[-83.8889,37.6283],[-83.8866,37.629],[-83.886,37.6297],[-83.8853,37.6296],[-83.8836,37.6327],[-83.8813,37.6339],[-83.8829,37.6348],[-83.8824,37.6356],[-83.8828,37.636],[-83.8836,37.6357],[-83.8847,37.6359],[-83.8855,37.6356],[-83.8865,37.6337],[-83.888,37.6333],[-83.8906,37.6353],[-83.8914,37.6355],[-83.8923,37.6353],[-83.8922,37.6361],[-83.8913,37.6375],[-83.889,37.6381],[-83.8888,37.6396],[-83.8906,37.6394],[-83.8922,37.6377],[-83.8953,37.6359],[-83.8959,37.6338],[-83.897,37.6336],[-83.8984,37.634],[-83.8987,37.633],[-83.8995,37.6324],[-83.8986,37.6316],[-83.8994,37.6308],[-83.9013,37.6302],[-83.902,37.6309],[-83.9027,37.6311],[-83.9041,37.6305],[-83.9048,37.6298],[-83.905,37.6289],[-83.9066,37.6275],[-83.9059,37.6257],[-83.9076,37.626],[-83.9092,37.6251],[-83.91,37.6254],[-83.9089,37.6257],[-83.9079,37.6268],[-83.9084,37.6274],[-83.9077,37.6284],[-83.9067,37.6326],[-83.9039,37.6338],[-83.9032,37.6346],[-83.9053,37.6349],[-83.9103,37.6332],[-83.9108,37.6328],[-83.9124,37.6331],[-83.9133,37.6329],[-83.9142,37.6331],[-83.9146,37.6328],[-83.915,37.6333],[-83.9122,37.635],[-83.9114,37.6349],[-83.9103,37.6354],[-83.9078,37.6371],[-83.908,37.6374],[-83.9095,37.6375],[-83.9095,37.6383],[-83.91,37.6386],[-83.9118,37.6384],[-83.9109,37.6406],[-83.9121,37.6428],[-83.9133,37.6428],[-83.9146,37.6418],[-83.9148,37.6424],[-83.9169,37.6426],[-83.9166,37.6433],[-83.9153,37.6435],[-83.9128,37.6452],[-83.912,37.6453],[-83.9118,37.6448],[-83.9104,37.6445],[-83.909,37.6447],[-83.9081,37.6439],[-83.908,37.6424],[-83.907,37.6405],[-83.9057,37.6408],[-83.9045,37.6404],[-83.904,37.639],[-83.9024,37.639],[-83.9016,37.638],[-83.9003,37.6379],[-83.8999,37.6384],[-83.9033,37.6416],[-83.9041,37.6428],[-83.9041,37.644],[-83.9036,37.643],[-83.9027,37.6424],[-83.9013,37.6423],[-83.9009,37.642],[-83.8991,37.6416],[-83.8986,37.641],[-83.8968,37.6406],[-83.8957,37.641],[-83.8956,37.6414],[-83.8962,37.6419],[-83.8977,37.6422],[-83.9001,37.6431],[-83.9008,37.6447],[-83.8996,37.6445],[-83.899,37.6448],[-83.9003,37.6468],[-83.9022,37.6465],[-83.9026,37.6467],[-83.9021,37.6472],[-83.9021,37.6478],[-83.9012,37.6499],[-83.9006,37.6495],[-83.8999,37.6494],[-83.8987,37.6505],[-83.8983,37.6505],[-83.8983,37.6499],[-83.8975,37.6495],[-83.8977,37.6485],[-83.8971,37.6478],[-83.8957,37.6476],[-83.895,37.6466],[-83.8954,37.646],[-83.8953,37.6454],[-83.8934,37.6451],[-83.8931,37.6484],[-83.8909,37.6482],[-83.8906,37.6479],[-83.8904,37.6463],[-83.8893,37.6452],[-83.8891,37.6445],[-83.8869,37.6443],[-83.8865,37.6445],[-83.8866,37.6457],[-83.888,37.6471],[-83.8887,37.6483],[-83.8888,37.6497],[-83.8875,37.65],[-83.8873,37.6492],[-83.8867,37.6486],[-83.8858,37.6486],[-83.8853,37.648],[-83.8836,37.6478],[-83.8818,37.6447],[-83.8816,37.6431],[-83.8807,37.6427],[-83.8814,37.6417],[-83.8797,37.6417],[-83.8798,37.6424],[-83.8792,37.6435],[-83.8806,37.6449],[-83.8814,37.6466],[-83.8805,37.648],[-83.8796,37.6477],[-83.8794,37.6479],[-83.881,37.6492],[-83.882,37.6492],[-83.8831,37.6488],[-83.8843,37.6497],[-83.8846,37.6503],[-83.8842,37.6512],[-83.8846,37.6525],[-83.8861,37.654],[-83.8872,37.6543],[-83.8887,37.6558],[-83.889,37.6557],[-83.8888,37.6549],[-83.8895,37.6527],[-83.8901,37.6517],[-83.8924,37.6508],[-83.8944,37.6506],[-83.8946,37.6502],[-83.8953,37.6508],[-83.894,37.652],[-83.8939,37.6526],[-83.8961,37.6519],[-83.8973,37.6521],[-83.897,37.6546],[-83.8996,37.6538],[-83.9003,37.6548],[-83.9003,37.6561],[-83.9018,37.6567],[-83.9016,37.6536],[-83.9022,37.6519],[-83.9033,37.6505],[-83.9048,37.6493],[-83.9052,37.6479],[-83.9059,37.6492],[-83.9057,37.6514],[-83.9059,37.6525],[-83.9069,37.6524],[-83.9088,37.6514],[-83.9094,37.6537],[-83.9087,37.6561],[-83.9119,37.6563],[-83.9126,37.657],[-83.913,37.6584],[-83.9124,37.663],[-83.9135,37.6631],[-83.9158,37.6626],[-83.9167,37.6628],[-83.9172,37.6633],[-83.9177,37.6647],[-83.9196,37.6657],[-83.9197,37.6666],[-83.9202,37.6671],[-83.9199,37.6685],[-83.9204,37.6688],[-83.9204,37.6675],[-83.9209,37.6667],[-83.9216,37.6664],[-83.9232,37.6663],[-83.9221,37.6649],[-83.9226,37.6632],[-83.9224,37.6629],[-83.9204,37.6625],[-83.9197,37.6606],[-83.9184,37.6609],[-83.9163,37.6606],[-83.9163,37.6591],[-83.9153,37.6587],[-83.9156,37.6575],[-83.9141,37.6571],[-83.9147,37.6555],[-83.9138,37.6549],[-83.9138,37.654],[-83.9109,37.6526],[-83.9124,37.6514],[-83.9126,37.6502],[-83.9124,37.649],[-83.911,37.6484],[-83.9105,37.6471],[-83.9124,37.6474],[-83.9142,37.6464],[-83.9145,37.6484],[-83.9165,37.6505],[-83.9183,37.6483],[-83.918,37.6469],[-83.9172,37.6463],[-83.918,37.6449],[-83.9196,37.6452],[-83.9213,37.6444],[-83.9217,37.6435],[-83.922,37.6436],[-83.923,37.6443],[-83.9223,37.6446],[-83.9213,37.6473],[-83.9246,37.6475],[-83.9248,37.6481],[-83.9237,37.6489],[-83.9215,37.6497],[-83.9199,37.6536],[-83.9203,37.6539],[-83.9211,37.6538],[-83.9218,37.6521],[-83.9226,37.6523],[-83.9238,37.6521],[-83.9238,37.6539],[-83.9244,37.6546],[-83.9256,37.6549],[-83.9257,37.6562],[-83.9269,37.6552],[-83.9269,37.6537],[-83.928,37.6529],[-83.927,37.6507],[-83.928,37.6503],[-83.9286,37.6492],[-83.9288,37.6482],[-83.9284,37.647],[-83.9286,37.6467],[-83.9304,37.6473],[-83.9321,37.6502],[-83.9326,37.6497],[-83.9325,37.6486],[-83.934,37.6472],[-83.9348,37.6473],[-83.9359,37.6479],[-83.9357,37.6494],[-83.9359,37.6498],[-83.9383,37.6503],[-83.9367,37.6527],[-83.9362,37.6529],[-83.9353,37.6529],[-83.9349,37.6537],[-83.933,37.6549],[-83.9326,37.6573],[-83.932,37.6584],[-83.9323,37.6585],[-83.9334,37.6579],[-83.9352,37.6561],[-83.9371,37.6566],[-83.9367,37.6591],[-83.935,37.6618],[-83.9352,37.6621],[-83.9357,37.6621],[-83.9369,37.6614],[-83.937,37.6599],[-83.9383,37.6581],[-83.9394,37.6546],[-83.9411,37.6545],[-83.942,37.654],[-83.9423,37.6545],[-83.9423,37.6577],[-83.9419,37.6606],[-83.9429,37.6619],[-83.9429,37.6626],[-83.9419,37.6638],[-83.9415,37.6648],[-83.9398,37.6658],[-83.9401,37.667],[-83.938,37.668],[-83.9406,37.668],[-83.9422,37.6684],[-83.943,37.6679],[-83.9433,37.6643],[-83.9447,37.6612],[-83.9431,37.659],[-83.9437,37.6584],[-83.9466,37.6574],[-83.9469,37.657],[-83.9462,37.6548],[-83.947,37.6537],[-83.9466,37.6517],[-83.9483,37.651],[-83.9494,37.6517],[-83.9507,37.6516],[-83.9507,37.6522],[-83.9511,37.653],[-83.9508,37.654],[-83.9513,37.655],[-83.952,37.6551],[-83.9544,37.6542],[-83.9559,37.654],[-83.9554,37.6523],[-83.9565,37.6517],[-83.9567,37.651],[-83.9565,37.6503],[-83.9558,37.6503],[-83.957,37.6496],[-83.9593,37.6519],[-83.9594,37.654],[-83.9606,37.6541],[-83.9623,37.6538],[-83.9629,37.6541],[-83.9621,37.6546],[-83.9621,37.6553],[-83.9608,37.6555],[-83.9603,37.6561],[-83.9601,37.6569],[-83.9606,37.6591],[-83.9592,37.6591],[-83.9587,37.6586],[-83.9587,37.6579],[-83.9571,37.6572],[-83.9534,37.6596],[-83.9521,37.66],[-83.9523,37.6606],[-83.9543,37.6618],[-83.9561,37.6618],[-83.9572,37.6614],[-83.9564,37.6623],[-83.9564,37.6631],[-83.9556,37.663],[-83.9535,37.6639],[-83.9524,37.6637],[-83.9512,37.6643],[-83.9511,37.6651],[-83.9515,37.6659],[-83.954,37.667],[-83.9522,37.6685],[-83.9519,37.6697],[-83.9536,37.6698],[-83.9576,37.668],[-83.9585,37.6668],[-83.9584,37.6656],[-83.9592,37.6644],[-83.9596,37.6652],[-83.9621,37.6668],[-83.9617,37.6683],[-83.9622,37.6709],[-83.962,37.672],[-83.9611,37.673],[-83.9614,37.6738],[-83.962,37.6741],[-83.9628,37.6737],[-83.9653,37.6747],[-83.9667,37.6749],[-83.968,37.6757],[-83.9679,37.6748],[-83.9671,37.6742],[-83.9676,37.6732],[-83.9653,37.6716],[-83.965,37.6697],[-83.965,37.6695],[-83.9658,37.6699],[-83.9679,37.67],[-83.9698,37.6691],[-83.9701,37.6688],[-83.97,37.6684],[-83.9679,37.6672],[-83.9708,37.6662],[-83.9712,37.6661],[-83.9726,37.6669],[-83.9729,37.668],[-83.9754,37.6686],[-83.9758,37.6692],[-83.9756,37.6696],[-83.9745,37.6704],[-83.9732,37.6705],[-83.9727,37.6713],[-83.9727,37.6716],[-83.9734,37.6721],[-83.9738,37.6728],[-83.9763,37.6726],[-83.9768,37.673],[-83.9779,37.6727],[-83.9795,37.6729],[-83.9812,37.6714],[-83.9846,37.6698],[-83.9851,37.6699],[-83.9862,37.6708],[-83.9878,37.6687],[-83.9861,37.6678],[-83.9854,37.6666],[-83.9846,37.666],[-83.9838,37.6661],[-83.9831,37.6667],[-83.9824,37.6685],[-83.9814,37.6698],[-83.9806,37.6703],[-83.9797,37.6704],[-83.9785,37.6702],[-83.9782,37.6689],[-83.9756,37.6676],[-83.9753,37.6658],[-83.9737,37.6651],[-83.9711,37.6646],[-83.971,37.6643],[-83.9714,37.6639],[-83.9708,37.663],[-83.9691,37.6632],[-83.967,37.6642],[-83.9658,37.664],[-83.9646,37.6646],[-83.964,37.6646],[-83.9636,37.6641],[-83.9613,37.6632],[-83.9618,37.6624],[-83.9638,37.6617],[-83.9643,37.6608],[-83.9655,37.66],[-83.9653,37.6595],[-83.9634,37.6581],[-83.9646,37.6564],[-83.9652,37.6562],[-83.9662,37.657],[-83.9692,37.6577],[-83.9706,37.6576],[-83.9716,37.6572],[-83.9743,37.6578],[-83.9766,37.6578],[-83.9773,37.6575],[-83.9776,37.6565],[-83.977,37.6561],[-83.9751,37.656],[-83.9746,37.6548],[-83.9748,37.654],[-83.9769,37.6526],[-83.9798,37.6522],[-83.9818,37.6527],[-83.9821,37.6525],[-83.9809,37.6518],[-83.9781,37.6509],[-83.9764,37.6509],[-83.9734,37.653],[-83.9726,37.6544],[-83.9711,37.6552],[-83.9693,37.6557],[-83.9697,37.6551],[-83.9694,37.6536],[-83.97,37.6527],[-83.97,37.652],[-83.968,37.6517],[-83.9668,37.6526],[-83.966,37.6527],[-83.9654,37.6516],[-83.9657,37.6494],[-83.9663,37.6489],[-83.9678,37.6493],[-83.9703,37.6476],[-83.9717,37.6473],[-83.9727,37.6463],[-83.9728,37.6453],[-83.9722,37.6449],[-83.971,37.6459],[-83.9688,37.6462],[-83.9678,37.6478],[-83.9654,37.6475],[-83.9643,37.6495],[-83.9618,37.6502],[-83.9621,37.6486],[-83.9605,37.6481],[-83.9599,37.6475],[-83.9611,37.6462],[-83.9603,37.6451],[-83.9616,37.6444],[-83.9625,37.6432],[-83.9647,37.6429],[-83.9657,37.6415],[-83.9654,37.641],[-83.9648,37.6407],[-83.9627,37.6414],[-83.9604,37.6407],[-83.9609,37.6397],[-83.961,37.6376],[-83.9601,37.637],[-83.9594,37.6371],[-83.9585,37.6384],[-83.9565,37.6382],[-83.9565,37.6394],[-83.9571,37.6407],[-83.9586,37.6417],[-83.9589,37.6425],[-83.957,37.6429],[-83.9572,37.6439],[-83.9564,37.6455],[-83.956,37.6456],[-83.9552,37.6445],[-83.9534,37.644],[-83.9537,37.6422],[-83.9532,37.6419],[-83.9517,37.6419],[-83.9512,37.6417],[-83.9511,37.6409],[-83.9516,37.6406],[-83.9516,37.64],[-83.9508,37.6393],[-83.9505,37.6381],[-83.9497,37.6374],[-83.9495,37.6368],[-83.9498,37.6358],[-83.9517,37.6346],[-83.952,37.633],[-83.9537,37.6313],[-83.9533,37.6307],[-83.9524,37.6308],[-83.9514,37.6316],[-83.9499,37.6321],[-83.9496,37.6332],[-83.95,37.6337],[-83.948,37.6352],[-83.9487,37.6371],[-83.948,37.6387],[-83.9485,37.6402],[-83.9492,37.6414],[-83.9491,37.6424],[-83.9486,37.6432],[-83.9506,37.6458],[-83.9528,37.6477],[-83.9528,37.648],[-83.9518,37.6487],[-83.9514,37.6479],[-83.95,37.6477],[-83.9471,37.6465],[-83.9467,37.6472],[-83.9451,37.6478],[-83.9454,37.6488],[-83.9444,37.6501],[-83.9428,37.6498],[-83.9412,37.6503],[-83.9404,37.6493],[-83.9394,37.649],[-83.9397,37.6485],[-83.9409,37.6479],[-83.9409,37.6475],[-83.94,37.6468],[-83.9387,37.6466],[-83.94,37.6458],[-83.9424,37.6454],[-83.943,37.6449],[-83.9431,37.6442],[-83.9416,37.6437],[-83.9398,37.6442],[-83.9412,37.6428],[-83.9363,37.644],[-83.9359,37.6448],[-83.9348,37.6446],[-83.9337,37.6448],[-83.9329,37.6453],[-83.9324,37.6451],[-83.9331,37.6446],[-83.9339,37.6429],[-83.9337,37.6416],[-83.9363,37.6412],[-83.9382,37.6401],[-83.9389,37.6389],[-83.9405,37.6387],[-83.9418,37.6379],[-83.9416,37.637],[-83.9403,37.6368],[-83.9405,37.6356],[-83.9398,37.6359],[-83.9392,37.637],[-83.9373,37.6376],[-83.9368,37.6375],[-83.9362,37.6381],[-83.9343,37.6391],[-83.9332,37.64],[-83.9328,37.6412],[-83.93,37.6421],[-83.9298,37.641],[-83.9286,37.6403],[-83.9296,37.6394],[-83.9305,37.6392],[-83.9307,37.6378],[-83.9319,37.6374],[-83.9326,37.636],[-83.9316,37.6353],[-83.9298,37.6353],[-83.9284,37.6357],[-83.9275,37.6364],[-83.9276,37.6347],[-83.9264,37.634],[-83.9267,37.6328],[-83.9276,37.633],[-83.9304,37.6328],[-83.9314,37.6319],[-83.932,37.6317],[-83.933,37.6325],[-83.9351,37.6328],[-83.9356,37.6321],[-83.9352,37.6309],[-83.9362,37.6303],[-83.9368,37.6306],[-83.9378,37.6307],[-83.9397,37.6288],[-83.941,37.6293],[-83.9413,37.6302],[-83.942,37.6304],[-83.9444,37.6288],[-83.9458,37.6267],[-83.9471,37.6259],[-83.9487,37.6251],[-83.9531,37.6251],[-83.9525,37.6262],[-83.9505,37.6275],[-83.9485,37.6298],[-83.9512,37.628],[-83.9533,37.6276],[-83.9551,37.628],[-83.9564,37.6292],[-83.9575,37.6312],[-83.9565,37.6333],[-83.9546,37.6358],[-83.9556,37.6356],[-83.9568,37.6345],[-83.9572,37.6346],[-83.9583,37.6341],[-83.9585,37.6333],[-83.9598,37.6343],[-83.9609,37.6342],[-83.9624,37.6351],[-83.9639,37.6367],[-83.9645,37.6374],[-83.9645,37.638],[-83.9662,37.6381],[-83.9678,37.639],[-83.9688,37.6407],[-83.9687,37.6412],[-83.9696,37.642],[-83.9691,37.6426],[-83.9713,37.6421],[-83.9728,37.6421],[-83.9747,37.6429],[-83.9761,37.645],[-83.9765,37.6464],[-83.9746,37.6489],[-83.9774,37.6478],[-83.9776,37.6483],[-83.9785,37.6483],[-83.9842,37.6507],[-83.9844,37.6515],[-83.9855,37.6521],[-83.9858,37.6529],[-83.9865,37.6534],[-83.9865,37.654],[-83.986,37.6542],[-83.9861,37.6546],[-83.9843,37.6554],[-83.9846,37.6556],[-83.9858,37.6557],[-83.9858,37.6562],[-83.9842,37.6563],[-83.9842,37.6567],[-83.9855,37.6572],[-83.9854,37.6576],[-83.9841,37.6579],[-83.9822,37.656],[-83.981,37.6555],[-83.9814,37.6564],[-83.9821,37.6569],[-83.9814,37.6571],[-83.9816,37.6574],[-83.981,37.6586],[-83.9803,37.6589],[-83.9798,37.6595],[-83.9773,37.6606],[-83.9748,37.6609],[-83.973,37.6606],[-83.9732,37.6612],[-83.9741,37.6615],[-83.975,37.6628],[-83.9761,37.6629],[-83.9768,37.6639],[-83.9782,37.6646],[-83.9782,37.6651],[-83.9792,37.6665],[-83.9811,37.6643],[-83.9824,37.6639],[-83.9829,37.6634],[-83.9835,37.6633],[-83.9839,37.6636],[-83.9854,37.6632],[-83.9863,37.6635],[-83.9874,37.6642],[-83.9877,37.665],[-83.9884,37.6649],[-83.9885,37.6654],[-83.9889,37.6654],[-83.989,37.6663],[-83.9899,37.6667],[-83.9906,37.6663],[-83.9914,37.6666],[-83.9905,37.6675],[-83.9907,37.6677],[-83.9916,37.6676],[-83.9911,37.6682],[-83.9914,37.6684],[-83.9911,37.669],[-83.9916,37.6688],[-83.9917,37.6695],[-83.9929,37.6694],[-83.9916,37.6701],[-83.9929,37.6695],[-83.9931,37.6698],[-83.9941,37.6698],[-83.9943,37.6701],[-83.994,37.6704],[-83.9929,37.67]]],[[[-83.9805,37.7098],[-83.9802,37.7095],[-83.9795,37.7095],[-83.9796,37.7071],[-83.978,37.7072],[-83.9776,37.7069],[-83.9777,37.7065],[-83.9793,37.7067],[-83.979,37.7062],[-83.9801,37.7061],[-83.9796,37.7055],[-83.9803,37.7056],[-83.981,37.7062],[-83.9812,37.7053],[-83.9822,37.7062],[-83.9832,37.7059],[-83.9839,37.7064],[-83.985,37.7061],[-83.985,37.7066],[-83.9855,37.7069],[-83.9854,37.7072],[-83.9858,37.7073],[-83.9854,37.7081],[-83.9863,37.7082],[-83.9874,37.7079],[-83.9882,37.7084],[-83.9885,37.7089],[-83.9879,37.7091],[-83.988,37.7097],[-83.9828,37.7115],[-83.9823,37.711],[-83.9819,37.7112],[-83.9815,37.7108],[-83.9806,37.7111],[-83.9805,37.7098]]],[[[-83.9496,37.7237],[-83.9508,37.7221],[-83.9509,37.7214],[-83.9505,37.721],[-83.9519,37.7195],[-83.9505,37.7192],[-83.9481,37.7179],[-83.948,37.7168],[-83.9469,37.7152],[-83.9484,37.7132],[-83.9496,37.7127],[-83.9499,37.7114],[-83.9504,37.711],[-83.953,37.7109],[-83.9557,37.7091],[-83.958,37.7085],[-83.9585,37.7079],[-83.959,37.7059],[-83.961,37.7042],[-83.9596,37.7032],[-83.9586,37.7052],[-83.9588,37.706],[-83.9578,37.7081],[-83.9534,37.7101],[-83.9509,37.7101],[-83.9502,37.7099],[-83.95,37.7083],[-83.9484,37.7071],[-83.9459,37.7075],[-83.9449,37.7072],[-83.9444,37.7057],[-83.9426,37.7055],[-83.9434,37.7026],[-83.9416,37.7019],[-83.941,37.7011],[-83.9399,37.7003],[-83.9393,37.7003],[-83.9404,37.7022],[-83.9401,37.7032],[-83.9405,37.7046],[-83.9401,37.7052],[-83.9385,37.7064],[-83.9387,37.7072],[-83.9395,37.7077],[-83.9439,37.7085],[-83.9455,37.7094],[-83.946,37.7111],[-83.9473,37.712],[-83.9468,37.713],[-83.9429,37.7133],[-83.9451,37.7147],[-83.9449,37.7176],[-83.9463,37.7192],[-83.9461,37.7213],[-83.9473,37.7231],[-83.9468,37.7239],[-83.9455,37.7242],[-83.9439,37.7253],[-83.9428,37.7256],[-83.9425,37.7254],[-83.9427,37.7241],[-83.942,37.723],[-83.9419,37.7217],[-83.9414,37.7211],[-83.9408,37.7212],[-83.9397,37.7229],[-83.9386,37.7234],[-83.9374,37.7215],[-83.9359,37.7201],[-83.9344,37.7201],[-83.9337,37.7211],[-83.9318,37.7198],[-83.9319,37.718],[-83.9325,37.7171],[-83.9344,37.7157],[-83.9343,37.7148],[-83.9291,37.7167],[-83.9288,37.7153],[-83.9287,37.7154],[-83.9285,37.7149],[-83.9291,37.7128],[-83.9286,37.7118],[-83.929,37.7106],[-83.9276,37.709],[-83.9285,37.707],[-83.9277,37.7058],[-83.9271,37.7057],[-83.9261,37.7065],[-83.9255,37.7082],[-83.9232,37.7097],[-83.9243,37.7121],[-83.9231,37.7133],[-83.9216,37.7139],[-83.9229,37.7149],[-83.9243,37.7148],[-83.9255,37.7155],[-83.9264,37.7179],[-83.9252,37.7205],[-83.9253,37.7221],[-83.9242,37.7225],[-83.9232,37.7223],[-83.923,37.722],[-83.9208,37.721],[-83.9203,37.721],[-83.9207,37.7224],[-83.922,37.7236],[-83.9222,37.7246],[-83.923,37.7253],[-83.9265,37.7253],[-83.9277,37.7248],[-83.9294,37.7247],[-83.9314,37.7242],[-83.9331,37.7259],[-83.9346,37.7261],[-83.9355,37.7252],[-83.9364,37.7258],[-83.9385,37.7263],[-83.9395,37.7271],[-83.9376,37.7285],[-83.9382,37.7299],[-83.9393,37.7306],[-83.9382,37.7312],[-83.938,37.7321],[-83.9386,37.7326],[-83.9365,37.7327],[-83.9372,37.7321],[-83.9368,37.7312],[-83.9339,37.7298],[-83.9325,37.73],[-83.9317,37.7311],[-83.9298,37.7308],[-83.9279,37.7315],[-83.9258,37.7317],[-83.926,37.7327],[-83.9277,37.7333],[-83.9286,37.7344],[-83.9303,37.7356],[-83.9319,37.7356],[-83.9326,37.7347],[-83.9341,37.7356],[-83.936,37.7359],[-83.9355,37.7366],[-83.9337,37.7371],[-83.9332,37.7375],[-83.9322,37.7399],[-83.9317,37.7386],[-83.9307,37.738],[-83.9297,37.738],[-83.9278,37.739],[-83.9275,37.7382],[-83.9257,37.738],[-83.9257,37.7394],[-83.9264,37.741],[-83.9278,37.7422],[-83.9273,37.7429],[-83.9274,37.7452],[-83.9277,37.746],[-83.9284,37.7466],[-83.9279,37.7476],[-83.928,37.7492],[-83.9275,37.7501],[-83.9254,37.7501],[-83.9254,37.7487],[-83.9238,37.7471],[-83.9239,37.746],[-83.9225,37.7434],[-83.9217,37.7429],[-83.9204,37.7429],[-83.919,37.7422],[-83.9185,37.7423],[-83.9195,37.7406],[-83.9196,37.7397],[-83.9192,37.739],[-83.9177,37.7383],[-83.9175,37.7365],[-83.9171,37.736],[-83.9183,37.7348],[-83.9187,37.7339],[-83.9177,37.7306],[-83.9166,37.7297],[-83.9158,37.7299],[-83.9153,37.7323],[-83.9146,37.7332],[-83.9135,37.7363],[-83.9144,37.7393],[-83.9144,37.741],[-83.9139,37.7417],[-83.9176,37.7452],[-83.9167,37.7454],[-83.9157,37.746],[-83.9156,37.7472],[-83.9162,37.7487],[-83.9158,37.7501],[-83.9115,37.7501],[-83.9114,37.7498],[-83.9121,37.7487],[-83.9109,37.7471],[-83.9113,37.746],[-83.9109,37.745],[-83.9102,37.7448],[-83.9091,37.745],[-83.9081,37.7455],[-83.9071,37.7453],[-83.9062,37.7455],[-83.9068,37.7446],[-83.9069,37.7432],[-83.9084,37.7418],[-83.9085,37.7408],[-83.9074,37.7398],[-83.9073,37.7389],[-83.9061,37.738],[-83.907,37.7364],[-83.9066,37.7346],[-83.9049,37.7336],[-83.9052,37.7321],[-83.9071,37.7309],[-83.9074,37.7304],[-83.9059,37.7296],[-83.9067,37.7276],[-83.905,37.7258],[-83.9088,37.7237],[-83.9106,37.7242],[-83.9112,37.724],[-83.9116,37.7235],[-83.9116,37.7228],[-83.9103,37.7221],[-83.9092,37.7207],[-83.909,37.7197],[-83.9095,37.7182],[-83.911,37.7174],[-83.9108,37.7162],[-83.9114,37.7146],[-83.9114,37.7134],[-83.9124,37.71],[-83.9111,37.7115],[-83.9097,37.712],[-83.9094,37.7136],[-83.9083,37.7144],[-83.908,37.7167],[-83.9064,37.7188],[-83.906,37.7209],[-83.9045,37.7206],[-83.9041,37.7191],[-83.9035,37.7186],[-83.9035,37.7162],[-83.9027,37.7157],[-83.9016,37.7161],[-83.9004,37.7177],[-83.8986,37.7175],[-83.8979,37.718],[-83.8978,37.7195],[-83.8966,37.7199],[-83.8953,37.7215],[-83.8948,37.7216],[-83.8947,37.7233],[-83.895,37.7242],[-83.8962,37.7248],[-83.8972,37.7248],[-83.9002,37.7256],[-83.9013,37.7265],[-83.9,37.7269],[-83.8992,37.7277],[-83.8974,37.7288],[-83.8972,37.7293],[-83.8975,37.7296],[-83.8946,37.7291],[-83.8942,37.7308],[-83.8946,37.7317],[-83.8965,37.7323],[-83.8981,37.7335],[-83.8997,37.7341],[-83.8993,37.7352],[-83.8996,37.7359],[-83.8967,37.7354],[-83.8954,37.7359],[-83.8964,37.7377],[-83.8973,37.7382],[-83.8993,37.7386],[-83.9007,37.7398],[-83.9005,37.7403],[-83.8989,37.7406],[-83.898,37.7415],[-83.8968,37.742],[-83.8963,37.7434],[-83.8962,37.7446],[-83.8953,37.7454],[-83.8958,37.7467],[-83.8981,37.7489],[-83.8967,37.7494],[-83.8965,37.7501],[-83.8933,37.7501],[-83.8934,37.749],[-83.8915,37.7476],[-83.8882,37.7497],[-83.886,37.7501],[-83.8864,37.7485],[-83.8872,37.7477],[-83.8872,37.7467],[-83.8869,37.7461],[-83.8877,37.746],[-83.8885,37.7454],[-83.8886,37.7442],[-83.89,37.7435],[-83.891,37.7422],[-83.8914,37.7406],[-83.891,37.7395],[-83.89,37.7393],[-83.8889,37.7398],[-83.8872,37.738],[-83.889,37.7363],[-83.8894,37.7355],[-83.8891,37.735],[-83.8875,37.7346],[-83.8868,37.7335],[-83.8879,37.732],[-83.8873,37.7307],[-83.8883,37.7277],[-83.8879,37.7264],[-83.8883,37.7253],[-83.888,37.7246],[-83.8876,37.7247],[-83.8869,37.7255],[-83.8866,37.7271],[-83.8854,37.7276],[-83.8849,37.7283],[-83.8849,37.7302],[-83.883,37.731],[-83.8823,37.7328],[-83.8815,37.7325],[-83.8809,37.7327],[-83.8803,37.7341],[-83.8806,37.7355],[-83.8804,37.7368],[-83.8816,37.7375],[-83.8803,37.7418],[-83.8808,37.7422],[-83.8803,37.7424],[-83.8801,37.7429],[-83.8797,37.7431],[-83.8794,37.7422],[-83.8793,37.74],[-83.8787,37.738],[-83.878,37.7379],[-83.8765,37.7381],[-83.8759,37.7385],[-83.8756,37.7391],[-83.8751,37.7387],[-83.8753,37.7362],[-83.8766,37.7355],[-83.8769,37.7348],[-83.8765,37.7336],[-83.8749,37.7326],[-83.8749,37.7307],[-83.8766,37.7305],[-83.8766,37.7291],[-83.8784,37.728],[-83.8792,37.7272],[-83.8794,37.7265],[-83.8784,37.7256],[-83.8787,37.7244],[-83.8791,37.7241],[-83.8811,37.724],[-83.882,37.7227],[-83.8811,37.7214],[-83.8788,37.7205],[-83.8774,37.7203],[-83.8775,37.7185],[-83.8786,37.7176],[-83.8798,37.7182],[-83.8838,37.7186],[-83.8852,37.7196],[-83.8861,37.7186],[-83.8863,37.7178],[-83.885,37.7148],[-83.8874,37.7145],[-83.8899,37.7151],[-83.8906,37.7147],[-83.891,37.7138],[-83.8898,37.712],[-83.8893,37.7115],[-83.8885,37.7112],[-83.8879,37.7101],[-83.8866,37.71],[-83.8858,37.7087],[-83.8877,37.7073],[-83.888,37.7063],[-83.8888,37.7062],[-83.8907,37.7078],[-83.893,37.7076],[-83.8941,37.7097],[-83.895,37.7102],[-83.8964,37.7103],[-83.8963,37.7076],[-83.8983,37.7074],[-83.9005,37.7076],[-83.9015,37.7063],[-83.9046,37.7047],[-83.9045,37.7043],[-83.9017,37.7036],[-83.8996,37.7042],[-83.8986,37.7036],[-83.8951,37.7041],[-83.8948,37.7028],[-83.8956,37.7015],[-83.8946,37.7],[-83.8958,37.6991],[-83.8983,37.6994],[-83.8993,37.6983],[-83.9,37.6979],[-83.9019,37.6988],[-83.9025,37.6989],[-83.9046,37.6962],[-83.9061,37.6971],[-83.9076,37.6994],[-83.9104,37.6992],[-83.9121,37.6983],[-83.9125,37.6976],[-83.912,37.6967],[-83.911,37.696],[-83.9108,37.695],[-83.9093,37.694],[-83.9109,37.6923],[-83.9137,37.693],[-83.9194,37.6957],[-83.9223,37.694],[-83.9229,37.6931],[-83.9227,37.6927],[-83.9203,37.6935],[-83.9196,37.6935],[-83.9166,37.6924],[-83.916,37.6911],[-83.9194,37.6874],[-83.922,37.687],[-83.9222,37.6857],[-83.9228,37.6851],[-83.9192,37.6848],[-83.917,37.684],[-83.9174,37.6857],[-83.9164,37.6875],[-83.915,37.6883],[-83.9123,37.6889],[-83.9122,37.6881],[-83.9117,37.6877],[-83.9094,37.6881],[-83.908,37.6862],[-83.9077,37.6892],[-83.9073,37.6899],[-83.9059,37.6894],[-83.9043,37.69],[-83.903,37.6891],[-83.9034,37.6873],[-83.9026,37.6861],[-83.9007,37.6872],[-83.8989,37.687],[-83.8984,37.6859],[-83.8986,37.6846],[-83.8965,37.6829],[-83.8963,37.6823],[-83.9026,37.6807],[-83.9038,37.6797],[-83.8985,37.6792],[-83.8983,37.6764],[-83.8961,37.6778],[-83.8943,37.6779],[-83.893,37.6751],[-83.8923,37.675],[-83.8912,37.6756],[-83.8907,37.6734],[-83.8916,37.6717],[-83.8909,37.6713],[-83.8899,37.6715],[-83.8891,37.6724],[-83.8872,37.6729],[-83.886,37.6757],[-83.885,37.6769],[-83.8806,37.6753],[-83.8795,37.6758],[-83.8792,37.6772],[-83.8766,37.6776],[-83.8749,37.6786],[-83.8749,37.6757],[-83.8758,37.6753],[-83.8777,37.6737],[-83.88,37.6728],[-83.8823,37.6724],[-83.8843,37.6712],[-83.8847,37.6702],[-83.8855,37.6696],[-83.8916,37.6681],[-83.8961,37.6705],[-83.8964,37.6714],[-83.8959,37.6725],[-83.8963,37.6729],[-83.8973,37.6731],[-83.8983,37.6721],[-83.9001,37.6723],[-83.9098,37.678],[-83.9105,37.6787],[-83.9104,37.6791],[-83.9084,37.6805],[-83.9077,37.6813],[-83.9097,37.6804],[-83.9106,37.6794],[-83.9112,37.6793],[-83.9147,37.6809],[-83.9182,37.6818],[-83.9269,37.6828],[-83.9298,37.6828],[-83.9299,37.6835],[-83.9307,37.6827],[-83.9351,37.6814],[-83.9359,37.6813],[-83.9363,37.6816],[-83.9366,37.6812],[-83.9377,37.6811],[-83.9382,37.6813],[-83.9384,37.682],[-83.9391,37.6809],[-83.9418,37.6805],[-83.9429,37.6807],[-83.942,37.6814],[-83.9422,37.6816],[-83.942,37.682],[-83.9425,37.6821],[-83.9421,37.6824],[-83.9426,37.6828],[-83.9413,37.6835],[-83.9409,37.685],[-83.9405,37.6852],[-83.9398,37.6846],[-83.9394,37.6847],[-83.9392,37.6851],[-83.9396,37.6854],[-83.9388,37.6858],[-83.9375,37.6875],[-83.9364,37.6877],[-83.9365,37.6882],[-83.9358,37.6889],[-83.9353,37.6889],[-83.9354,37.6894],[-83.9348,37.6892],[-83.9339,37.6894],[-83.9315,37.6892],[-83.9306,37.6887],[-83.9305,37.6883],[-83.9295,37.6885],[-83.9294,37.6876],[-83.9278,37.689],[-83.9265,37.6892],[-83.9254,37.689],[-83.9249,37.6892],[-83.9253,37.6895],[-83.9253,37.6902],[-83.926,37.6901],[-83.9268,37.6906],[-83.9264,37.6919],[-83.9268,37.694],[-83.926,37.6954],[-83.9242,37.6961],[-83.9226,37.6979],[-83.9211,37.6989],[-83.921,37.6995],[-83.9204,37.6998],[-83.919,37.6997],[-83.9182,37.7002],[-83.9163,37.6984],[-83.9168,37.6999],[-83.9164,37.7009],[-83.9139,37.7022],[-83.9116,37.7031],[-83.9102,37.7032],[-83.907,37.7023],[-83.9097,37.7039],[-83.9095,37.7048],[-83.9042,37.7086],[-83.9019,37.7098],[-83.8996,37.71],[-83.8984,37.7118],[-83.8961,37.7132],[-83.8953,37.7132],[-83.8936,37.7125],[-83.8946,37.7139],[-83.8937,37.716],[-83.8926,37.717],[-83.8896,37.7176],[-83.8904,37.718],[-83.8893,37.7199],[-83.8868,37.7218],[-83.8894,37.721],[-83.8904,37.7211],[-83.8904,37.7221],[-83.8916,37.7242],[-83.8917,37.7252],[-83.8914,37.726],[-83.8924,37.7277],[-83.8929,37.7273],[-83.8929,37.7265],[-83.8935,37.7263],[-83.8923,37.7248],[-83.8914,37.7211],[-83.8919,37.7193],[-83.8938,37.7171],[-83.8978,37.7146],[-83.9002,37.7126],[-83.9018,37.712],[-83.9024,37.712],[-83.9043,37.7113],[-83.9051,37.7127],[-83.905,37.7117],[-83.9054,37.7108],[-83.9051,37.7098],[-83.9061,37.7093],[-83.9071,37.7094],[-83.9079,37.7083],[-83.9094,37.7078],[-83.9104,37.7071],[-83.9123,37.7063],[-83.9131,37.7063],[-83.9147,37.7066],[-83.9156,37.7072],[-83.9159,37.7079],[-83.9155,37.7094],[-83.9162,37.7104],[-83.9154,37.7109],[-83.9158,37.7121],[-83.9149,37.713],[-83.9151,37.7156],[-83.9145,37.7164],[-83.9143,37.7179],[-83.9135,37.7197],[-83.9149,37.7211],[-83.9147,37.7218],[-83.9152,37.7229],[-83.9152,37.7238],[-83.9144,37.7256],[-83.912,37.7276],[-83.9121,37.7281],[-83.9117,37.7289],[-83.9127,37.7279],[-83.9157,37.726],[-83.9168,37.7261],[-83.919,37.7271],[-83.9208,37.7282],[-83.9222,37.7298],[-83.9223,37.7292],[-83.9219,37.7287],[-83.9223,37.7284],[-83.9214,37.7282],[-83.9193,37.7267],[-83.9176,37.7253],[-83.9165,37.7239],[-83.9167,37.7231],[-83.9162,37.722],[-83.9165,37.7211],[-83.9161,37.7204],[-83.9163,37.7192],[-83.9182,37.7165],[-83.9198,37.7168],[-83.9191,37.7163],[-83.9178,37.716],[-83.9179,37.7148],[-83.9175,37.714],[-83.9183,37.7116],[-83.9182,37.7089],[-83.919,37.7077],[-83.9181,37.7055],[-83.9186,37.7054],[-83.9185,37.705],[-83.9198,37.7046],[-83.92,37.7039],[-83.9208,37.7038],[-83.9209,37.7027],[-83.9213,37.7027],[-83.9219,37.7033],[-83.9243,37.7024],[-83.9258,37.7009],[-83.9259,37.6985],[-83.9263,37.6984],[-83.9267,37.6985],[-83.927,37.6991],[-83.9292,37.701],[-83.9324,37.7034],[-83.934,37.7077],[-83.9332,37.7092],[-83.9333,37.7095],[-83.9337,37.7091],[-83.9343,37.7093],[-83.9348,37.7098],[-83.9359,37.71],[-83.9357,37.7105],[-83.9376,37.7124],[-83.9379,37.7139],[-83.9385,37.7143],[-83.9381,37.712],[-83.9369,37.711],[-83.9361,37.7095],[-83.935,37.7085],[-83.9329,37.7029],[-83.9285,37.6994],[-83.9276,37.6985],[-83.9279,37.6979],[-83.9274,37.6973],[-83.9307,37.6962],[-83.9307,37.6957],[-83.9313,37.6948],[-83.932,37.6947],[-83.9333,37.6951],[-83.9346,37.6945],[-83.9367,37.6954],[-83.9374,37.6944],[-83.939,37.6946],[-83.9389,37.6939],[-83.9397,37.6936],[-83.9406,37.695],[-83.9408,37.6965],[-83.9413,37.6965],[-83.9418,37.6976],[-83.9423,37.6974],[-83.943,37.6977],[-83.9419,37.6968],[-83.9415,37.6958],[-83.9416,37.6943],[-83.9419,37.6942],[-83.9416,37.6927],[-83.9422,37.6917],[-83.9438,37.6907],[-83.9444,37.6898],[-83.9451,37.6898],[-83.9454,37.689],[-83.9462,37.6889],[-83.9464,37.6881],[-83.9472,37.6881],[-83.9472,37.6871],[-83.9482,37.6873],[-83.9485,37.687],[-83.9489,37.687],[-83.949,37.6865],[-83.9498,37.6868],[-83.9501,37.6863],[-83.9508,37.6865],[-83.9513,37.6862],[-83.9521,37.6865],[-83.9533,37.6859],[-83.9535,37.6864],[-83.9544,37.6867],[-83.9533,37.6879],[-83.9542,37.6879],[-83.9548,37.6883],[-83.954,37.6885],[-83.9541,37.6889],[-83.9547,37.6891],[-83.9547,37.6896],[-83.9539,37.6901],[-83.9545,37.6902],[-83.9542,37.6906],[-83.9545,37.691],[-83.953,37.6943],[-83.9491,37.6979],[-83.9527,37.6947],[-83.9526,37.6952],[-83.9529,37.6953],[-83.9547,37.6924],[-83.9555,37.6916],[-83.9562,37.6918],[-83.9561,37.6912],[-83.9571,37.6905],[-83.9573,37.6911],[-83.9578,37.6907],[-83.9598,37.6921],[-83.9602,37.6927],[-83.9608,37.6927],[-83.9614,37.6935],[-83.9609,37.6939],[-83.9615,37.6939],[-83.9614,37.6944],[-83.963,37.6952],[-83.9633,37.6959],[-83.9629,37.6964],[-83.9636,37.6965],[-83.9635,37.6987],[-83.9637,37.6988],[-83.9632,37.6994],[-83.9636,37.6996],[-83.963,37.7005],[-83.9645,37.7002],[-83.9656,37.6987],[-83.9659,37.6989],[-83.9656,37.6996],[-83.9665,37.6997],[-83.9673,37.6992],[-83.968,37.6998],[-83.9685,37.6994],[-83.969,37.6997],[-83.9694,37.6992],[-83.9698,37.7001],[-83.9696,37.7008],[-83.9706,37.6999],[-83.9712,37.7014],[-83.972,37.701],[-83.9724,37.701],[-83.9715,37.7022],[-83.9731,37.702],[-83.9737,37.7023],[-83.972,37.7031],[-83.9724,37.7035],[-83.9732,37.7034],[-83.9738,37.7037],[-83.9735,37.7043],[-83.9729,37.7044],[-83.9732,37.7048],[-83.9728,37.7059],[-83.9718,37.7046],[-83.9717,37.7052],[-83.9712,37.7053],[-83.9715,37.7058],[-83.9709,37.7063],[-83.9716,37.7069],[-83.9712,37.7073],[-83.9707,37.7073],[-83.9699,37.7064],[-83.9698,37.7069],[-83.9692,37.707],[-83.9693,37.7076],[-83.9679,37.7072],[-83.9677,37.7077],[-83.9685,37.7081],[-83.9682,37.7084],[-83.9667,37.708],[-83.9671,37.7087],[-83.9664,37.709],[-83.9655,37.7081],[-83.9652,37.7086],[-83.9637,37.7078],[-83.9634,37.7082],[-83.964,37.709],[-83.9641,37.7099],[-83.9634,37.7099],[-83.9626,37.7107],[-83.9623,37.7104],[-83.9617,37.7106],[-83.9615,37.711],[-83.9605,37.7109],[-83.9604,37.7113],[-83.9597,37.7118],[-83.9592,37.7117],[-83.9586,37.7121],[-83.9579,37.7119],[-83.9577,37.7124],[-83.957,37.7121],[-83.957,37.7126],[-83.9558,37.7129],[-83.9558,37.7136],[-83.9542,37.7149],[-83.9555,37.7149],[-83.9558,37.7156],[-83.9555,37.716],[-83.9557,37.716],[-83.9566,37.7155],[-83.9568,37.7146],[-83.9578,37.7137],[-83.9594,37.7132],[-83.9611,37.7135],[-83.9614,37.7131],[-83.9623,37.713],[-83.9629,37.7133],[-83.9632,37.7141],[-83.9639,37.7138],[-83.9641,37.7128],[-83.9649,37.7128],[-83.9646,37.7146],[-83.9648,37.7147],[-83.9662,37.7129],[-83.9665,37.7116],[-83.9685,37.7106],[-83.9692,37.7107],[-83.9694,37.7109],[-83.9685,37.7109],[-83.9671,37.7117],[-83.967,37.7122],[-83.9673,37.7124],[-83.9669,37.7133],[-83.9678,37.7134],[-83.9667,37.7139],[-83.9674,37.7143],[-83.9673,37.7145],[-83.9662,37.7145],[-83.9658,37.7148],[-83.9666,37.7154],[-83.9661,37.7156],[-83.9662,37.7161],[-83.9653,37.7165],[-83.9657,37.7168],[-83.9653,37.7181],[-83.9656,37.7181],[-83.9664,37.7171],[-83.9669,37.7173],[-83.967,37.7166],[-83.9683,37.7171],[-83.9683,37.7164],[-83.9688,37.7165],[-83.9692,37.715],[-83.9705,37.7136],[-83.9703,37.7147],[-83.9718,37.7144],[-83.9708,37.7156],[-83.9701,37.7161],[-83.9702,37.716],[-83.9707,37.7165],[-83.9706,37.7174],[-83.9695,37.7185],[-83.9691,37.7176],[-83.9699,37.7174],[-83.9694,37.7166],[-83.9678,37.7177],[-83.9633,37.7194],[-83.9638,37.7193],[-83.9637,37.7198],[-83.965,37.719],[-83.9655,37.7192],[-83.9654,37.7187],[-83.9666,37.7183],[-83.9664,37.7192],[-83.9671,37.719],[-83.9671,37.7187],[-83.9679,37.719],[-83.9675,37.7182],[-83.968,37.7179],[-83.9692,37.7185],[-83.969,37.719],[-83.9699,37.7195],[-83.9706,37.7188],[-83.9714,37.7194],[-83.9715,37.7181],[-83.9726,37.7195],[-83.9729,37.7188],[-83.9735,37.7191],[-83.9742,37.7179],[-83.9745,37.7181],[-83.9741,37.7185],[-83.9747,37.7188],[-83.974,37.7194],[-83.9737,37.7201],[-83.9751,37.7198],[-83.9758,37.7192],[-83.976,37.7201],[-83.974,37.7204],[-83.9738,37.7212],[-83.9754,37.7213],[-83.9756,37.7218],[-83.9744,37.7217],[-83.9742,37.722],[-83.9735,37.7221],[-83.9746,37.723],[-83.9751,37.7242],[-83.9741,37.7237],[-83.9737,37.7239],[-83.9733,37.7234],[-83.9729,37.7237],[-83.9727,37.7231],[-83.9717,37.7238],[-83.9708,37.7232],[-83.9714,37.725],[-83.9698,37.7261],[-83.969,37.7261],[-83.9693,37.7268],[-83.9683,37.7268],[-83.9675,37.7278],[-83.9666,37.7275],[-83.9662,37.7282],[-83.9649,37.7284],[-83.9647,37.7288],[-83.964,37.7284],[-83.963,37.7293],[-83.9617,37.7293],[-83.9615,37.7296],[-83.9617,37.7298],[-83.961,37.7301],[-83.9616,37.7305],[-83.9614,37.7309],[-83.9605,37.7307],[-83.9601,37.731],[-83.9599,37.7303],[-83.9592,37.731],[-83.9575,37.7305],[-83.9573,37.7302],[-83.9568,37.7303],[-83.9566,37.7308],[-83.9574,37.7315],[-83.9567,37.7316],[-83.9576,37.7324],[-83.9568,37.7323],[-83.9569,37.7328],[-83.9564,37.733],[-83.957,37.7339],[-83.9556,37.7327],[-83.9553,37.733],[-83.9548,37.7329],[-83.9558,37.7335],[-83.9558,37.7347],[-83.9552,37.7345],[-83.9547,37.7334],[-83.9541,37.7347],[-83.9535,37.7346],[-83.9537,37.7352],[-83.9546,37.7357],[-83.9534,37.7358],[-83.9533,37.7362],[-83.9523,37.7352],[-83.9511,37.7357],[-83.9511,37.7362],[-83.9502,37.7353],[-83.9496,37.7357],[-83.9486,37.7357],[-83.949,37.736],[-83.9488,37.7363],[-83.9499,37.7368],[-83.9492,37.7371],[-83.9492,37.7379],[-83.9487,37.7381],[-83.9495,37.7385],[-83.9505,37.7378],[-83.9512,37.7385],[-83.9504,37.7385],[-83.9498,37.7391],[-83.9488,37.739],[-83.9483,37.7393],[-83.949,37.7403],[-83.9478,37.7395],[-83.9478,37.7399],[-83.9472,37.7401],[-83.9478,37.741],[-83.9466,37.7406],[-83.9468,37.7415],[-83.9461,37.7418],[-83.9458,37.7404],[-83.9451,37.7414],[-83.9444,37.7408],[-83.944,37.7412],[-83.9432,37.7409],[-83.9426,37.7412],[-83.9422,37.7409],[-83.94,37.7413],[-83.9417,37.7419],[-83.9411,37.7425],[-83.9425,37.7429],[-83.9426,37.7432],[-83.9421,37.7435],[-83.9414,37.7434],[-83.9409,37.7439],[-83.9415,37.7441],[-83.9416,37.7444],[-83.9405,37.7449],[-83.941,37.7456],[-83.9398,37.7465],[-83.9386,37.7469],[-83.9399,37.7471],[-83.9387,37.7494],[-83.9388,37.7501],[-83.9343,37.7501],[-83.9344,37.7492],[-83.9339,37.7489],[-83.9322,37.7491],[-83.9305,37.7488],[-83.931,37.7484],[-83.9312,37.7467],[-83.9321,37.7459],[-83.9324,37.7452],[-83.9319,37.7439],[-83.9331,37.7431],[-83.9362,37.7436],[-83.9367,37.7434],[-83.9367,37.7431],[-83.9348,37.7419],[-83.9348,37.7404],[-83.9343,37.7399],[-83.9348,37.7394],[-83.9359,37.7386],[-83.9378,37.7382],[-83.9394,37.7373],[-83.943,37.737],[-83.9441,37.7372],[-83.9441,37.7363],[-83.9429,37.7351],[-83.9441,37.7333],[-83.9441,37.7318],[-83.9476,37.732],[-83.9493,37.7308],[-83.952,37.7302],[-83.9518,37.7291],[-83.9506,37.7287],[-83.9509,37.7279],[-83.9515,37.7275],[-83.9559,37.726],[-83.9582,37.7272],[-83.9587,37.7271],[-83.9597,37.7261],[-83.965,37.7244],[-83.9669,37.7228],[-83.9629,37.7239],[-83.9609,37.7248],[-83.959,37.725],[-83.9586,37.7246],[-83.958,37.7229],[-83.9585,37.7207],[-83.958,37.7213],[-83.9577,37.7238],[-83.9573,37.7242],[-83.9559,37.7249],[-83.953,37.7254],[-83.9493,37.7272],[-83.9481,37.7273],[-83.9525,37.7235],[-83.9482,37.7271],[-83.9496,37.7237]],[[-83.957,37.7206],[-83.9565,37.7207],[-83.9526,37.7234],[-83.9526,37.7234],[-83.957,37.7206]],[[-83.9574,37.7204],[-83.9605,37.7205],[-83.9607,37.7204],[-83.9576,37.7204],[-83.9574,37.7204]],[[-83.9509,37.6992],[-83.9515,37.7001],[-83.9528,37.7007],[-83.952,37.6992],[-83.9509,37.6992]],[[-83.9589,37.6974],[-83.9577,37.696],[-83.9587,37.6994],[-83.9591,37.6984],[-83.9589,37.6974]],[[-83.9605,37.7171],[-83.96,37.7174],[-83.9593,37.7191],[-83.9603,37.7179],[-83.9605,37.7171]],[[-83.9461,37.6954],[-83.9476,37.6969],[-83.9473,37.6946],[-83.9494,37.6922],[-83.9498,37.6906],[-83.9494,37.6909],[-83.9483,37.6928],[-83.9461,37.6945],[-83.9461,37.6954]],[[-83.9335,37.6866],[-83.9349,37.6853],[-83.9351,37.6846],[-83.9341,37.6849],[-83.9327,37.6863],[-83.9335,37.6866]]],[[[-83.9797,37.731],[-83.9795,37.731],[-83.9795,37.7305],[-83.9802,37.7301],[-83.9797,37.731]]],[[[-83.9808,37.7333],[-83.9804,37.7322],[-83.9815,37.7316],[-83.9808,37.7333]]],[[[-83.9756,37.7343],[-83.9755,37.7347],[-83.9753,37.7346],[-83.9756,37.7343]]],[[[-83.9851,37.7353],[-83.9833,37.7361],[-83.9837,37.7354],[-83.9853,37.735],[-83.9851,37.7353]]],[[[-83.9759,37.7369],[-83.9757,37.7369],[-83.9755,37.7368],[-83.9758,37.7366],[-83.9759,37.7369]]],[[[-83.9803,37.7486],[-83.9799,37.7483],[-83.98,37.7477],[-83.9812,37.7474],[-83.9817,37.7466],[-83.9812,37.7465],[-83.9803,37.7468],[-83.9798,37.7456],[-83.9793,37.7469],[-83.9788,37.7466],[-83.9781,37.747],[-83.9785,37.746],[-83.9774,37.7461],[-83.9771,37.7455],[-83.9786,37.7449],[-83.9786,37.7447],[-83.9775,37.7445],[-83.9785,37.7438],[-83.9776,37.7433],[-83.9763,37.7437],[-83.9765,37.7434],[-83.9778,37.743],[-83.9766,37.742],[-83.9776,37.7423],[-83.9782,37.742],[-83.9791,37.7408],[-83.9795,37.7393],[-83.9786,37.7395],[-83.9785,37.7389],[-83.9772,37.7398],[-83.9774,37.7384],[-83.9763,37.7385],[-83.976,37.7382],[-83.9773,37.7376],[-83.9766,37.737],[-83.9769,37.7364],[-83.9775,37.7366],[-83.9777,37.736],[-83.9785,37.7367],[-83.9791,37.736],[-83.9784,37.7344],[-83.9792,37.7348],[-83.9792,37.7356],[-83.9796,37.7358],[-83.9806,37.7352],[-83.9802,37.7342],[-83.9809,37.7344],[-83.9813,37.7342],[-83.9829,37.7324],[-83.9842,37.7315],[-83.9826,37.7333],[-83.9835,37.7333],[-83.9836,37.7335],[-83.9809,37.7347],[-83.9805,37.7364],[-83.9821,37.7354],[-83.9825,37.7366],[-83.9818,37.7373],[-83.9842,37.7368],[-83.9842,37.7372],[-83.985,37.7373],[-83.9821,37.7383],[-83.9841,37.7384],[-83.9825,37.7393],[-83.9832,37.7396],[-83.9831,37.74],[-83.9824,37.7403],[-83.9818,37.7396],[-83.9807,37.7393],[-83.9811,37.7404],[-83.9792,37.7408],[-83.9787,37.7427],[-83.9789,37.743],[-83.9807,37.742],[-83.9804,37.7429],[-83.9808,37.7431],[-83.9807,37.7437],[-83.9823,37.7429],[-83.982,37.7437],[-83.9832,37.7433],[-83.9829,37.7444],[-83.9822,37.7446],[-83.9824,37.7452],[-83.9816,37.7455],[-83.982,37.7458],[-83.9836,37.7459],[-83.9839,37.7446],[-83.9848,37.7448],[-83.9852,37.7435],[-83.9863,37.7444],[-83.9871,37.7441],[-83.9864,37.7426],[-83.9865,37.7419],[-83.9869,37.742],[-83.9869,37.7427],[-83.9875,37.7438],[-83.9882,37.744],[-83.9887,37.7436],[-83.9887,37.7443],[-83.9896,37.7443],[-83.9897,37.7446],[-83.9889,37.7448],[-83.9881,37.7444],[-83.9864,37.7447],[-83.9856,37.745],[-83.9848,37.7462],[-83.9855,37.7461],[-83.9864,37.7453],[-83.9868,37.746],[-83.9876,37.7456],[-83.9872,37.7461],[-83.9873,37.7464],[-83.9866,37.7471],[-83.9877,37.7472],[-83.9866,37.7478],[-83.9888,37.7477],[-83.9874,37.7484],[-83.9889,37.7487],[-83.9895,37.7491],[-83.9875,37.7487],[-83.9875,37.7493],[-83.9885,37.7501],[-83.9869,37.7498],[-83.9867,37.7499],[-83.987,37.7501],[-83.9812,37.7501],[-83.9812,37.7498],[-83.9805,37.7501],[-83.9795,37.7501],[-83.9804,37.75],[-83.9807,37.7496],[-83.9796,37.749],[-83.9803,37.7486]]],[[[-83.9589,37.7473],[-83.9586,37.7461],[-83.9596,37.7461],[-83.9591,37.7449],[-83.9598,37.7451],[-83.9603,37.7448],[-83.9609,37.7452],[-83.9611,37.7445],[-83.9617,37.7447],[-83.9618,37.7442],[-83.9629,37.744],[-83.9624,37.7434],[-83.963,37.7434],[-83.963,37.7428],[-83.9635,37.7432],[-83.9636,37.7424],[-83.964,37.7424],[-83.9636,37.7419],[-83.9647,37.7418],[-83.9647,37.7414],[-83.9653,37.7413],[-83.9653,37.7408],[-83.9663,37.7407],[-83.9667,37.7414],[-83.9679,37.7395],[-83.9683,37.7396],[-83.9682,37.7409],[-83.9692,37.7398],[-83.9691,37.7414],[-83.97,37.7411],[-83.9701,37.7415],[-83.9705,37.7415],[-83.9704,37.7418],[-83.9711,37.7417],[-83.9716,37.742],[-83.9704,37.7426],[-83.9721,37.7434],[-83.9721,37.7442],[-83.9727,37.745],[-83.9721,37.7453],[-83.9721,37.7459],[-83.9715,37.7464],[-83.9716,37.7475],[-83.9703,37.7489],[-83.97,37.7499],[-83.9581,37.7501],[-83.958,37.7493],[-83.9584,37.7487],[-83.9575,37.7484],[-83.9576,37.748],[-83.9584,37.7478],[-83.9589,37.7473]],[[-83.964,37.7475],[-83.9622,37.748],[-83.9622,37.7486],[-83.9628,37.749],[-83.964,37.749],[-83.9658,37.7479],[-83.9661,37.746],[-83.9667,37.7448],[-83.9668,37.7444],[-83.9653,37.7468],[-83.964,37.7475]]],[[[-83.9739,37.7496],[-83.9731,37.7483],[-83.9737,37.7478],[-83.9736,37.7486],[-83.9741,37.7489],[-83.9748,37.7486],[-83.9749,37.7482],[-83.9755,37.7482],[-83.9746,37.7494],[-83.9748,37.7497],[-83.9753,37.7498],[-83.9762,37.7493],[-83.9771,37.7495],[-83.9769,37.7498],[-83.9759,37.7501],[-83.9705,37.7501],[-83.9714,37.7497],[-83.972,37.7499],[-83.9724,37.7493],[-83.973,37.7497],[-83.9739,37.7496]]],[[[-83.9526,37.749],[-83.952,37.749],[-83.9524,37.7486],[-83.9529,37.7488],[-83.9526,37.749]]],[[[-83.8749,37.6251],[-83.8751,37.6251],[-83.8749,37.6254],[-83.8749,37.6251]]],[[[-83.9187,37.6263],[-83.921,37.6254],[-83.9211,37.6251],[-83.9467,37.6251],[-83.9448,37.6262],[-83.9418,37.627],[-83.939,37.6268],[-83.937,37.6262],[-83.9343,37.6279],[-83.9333,37.6263],[-83.9327,37.6258],[-83.9321,37.6258],[-83.9304,37.6279],[-83.9302,37.6288],[-83.9282,37.6261],[-83.9266,37.6259],[-83.9258,37.6263],[-83.9255,37.6275],[-83.9246,37.6288],[-83.9241,37.6276],[-83.9236,37.6276],[-83.9234,37.631],[-83.923,37.6315],[-83.9228,37.6305],[-83.9218,37.6293],[-83.9201,37.6296],[-83.92,37.628],[-83.9177,37.6276],[-83.9167,37.6283],[-83.9161,37.6267],[-83.9166,37.6266],[-83.9169,37.6262],[-83.9175,37.6265],[-83.9187,37.6263]]],[[[-83.8755,37.6333],[-83.8763,37.6335],[-83.8775,37.6345],[-83.8778,37.6358],[-83.877,37.638],[-83.8749,37.641],[-83.8749,37.6366],[-83.8753,37.6358],[-83.8749,37.6351],[-83.8749,37.6284],[-83.8762,37.6308],[-83.8761,37.6326],[-83.8755,37.6333]]],[[[-83.8749,37.6551],[-83.876,37.6564],[-83.8763,37.6583],[-83.8761,37.6596],[-83.8749,37.6606],[-83.8749,37.6551]]],[[[-83.8749,37.662],[-83.8758,37.6623],[-83.8761,37.663],[-83.8759,37.6635],[-83.8749,37.6641],[-83.8749,37.662]]],[[[-83.8835,37.6793],[-83.8866,37.6782],[-83.8888,37.678],[-83.8921,37.6803],[-83.8905,37.6812],[-83.8902,37.6826],[-83.8872,37.6818],[-83.8873,37.6837],[-83.887,37.6841],[-83.8857,37.6841],[-83.8835,37.6834],[-83.883,37.6844],[-83.8816,37.6845],[-83.8794,37.6835],[-83.878,37.6839],[-83.8767,37.6851],[-83.8759,37.6852],[-83.8749,37.6847],[-83.8749,37.6794],[-83.8784,37.6793],[-83.8801,37.6782],[-83.8815,37.678],[-83.8828,37.6792],[-83.8835,37.6793]]],[[[-83.8917,37.6867],[-83.8929,37.6876],[-83.8946,37.687],[-83.8951,37.6887],[-83.8972,37.6895],[-83.8988,37.6904],[-83.8994,37.6908],[-83.8998,37.6916],[-83.8988,37.6919],[-83.8985,37.6929],[-83.8971,37.6925],[-83.8967,37.6917],[-83.895,37.6915],[-83.8941,37.6932],[-83.8928,37.6939],[-83.8921,37.6946],[-83.8918,37.6955],[-83.8925,37.6961],[-83.8922,37.6965],[-83.8912,37.6962],[-83.8901,37.6964],[-83.8901,37.6942],[-83.8916,37.6909],[-83.8891,37.6903],[-83.8866,37.6909],[-83.886,37.6899],[-83.8847,37.6898],[-83.8826,37.6892],[-83.8819,37.6895],[-83.8819,37.69],[-83.8854,37.6945],[-83.8811,37.6935],[-83.8774,37.6905],[-83.8749,37.6905],[-83.8749,37.6859],[-83.877,37.6855],[-83.8847,37.6853],[-83.8865,37.6862],[-83.8886,37.686],[-83.8896,37.6868],[-83.8917,37.6867]]],[[[-83.88,37.6977],[-83.8761,37.697],[-83.8761,37.6985],[-83.8766,37.7],[-83.8778,37.7002],[-83.879,37.7009],[-83.8783,37.702],[-83.8799,37.7033],[-83.8793,37.7037],[-83.8793,37.7045],[-83.881,37.707],[-83.8793,37.7069],[-83.8789,37.7071],[-83.878,37.7059],[-83.8755,37.7038],[-83.8752,37.7037],[-83.8749,37.7041],[-83.8749,37.6919],[-83.8773,37.6926],[-83.8802,37.6954],[-83.8831,37.6969],[-83.8817,37.6969],[-83.88,37.6977]]],[[[-83.8749,37.7145],[-83.8749,37.7116],[-83.8763,37.7116],[-83.8769,37.7124],[-83.8794,37.7129],[-83.8772,37.7143],[-83.8758,37.7142],[-83.8749,37.7145]]],[[[-83.9367,37.7358],[-83.9355,37.7366],[-83.9362,37.7357],[-83.9367,37.7358]]],[[[-83.9418,37.7483],[-83.9414,37.7478],[-83.9419,37.7477],[-83.9427,37.7481],[-83.9425,37.7471],[-83.943,37.7469],[-83.9438,37.7474],[-83.9438,37.7464],[-83.9443,37.7464],[-83.9443,37.7454],[-83.9448,37.7464],[-83.9454,37.7455],[-83.9459,37.7473],[-83.9466,37.7474],[-83.9467,37.7459],[-83.9476,37.7452],[-83.9482,37.7459],[-83.9477,37.7462],[-83.9478,37.7465],[-83.9491,37.7476],[-83.949,37.7481],[-83.9501,37.7472],[-83.9505,37.7473],[-83.9502,37.7478],[-83.9504,37.7483],[-83.9508,37.7483],[-83.9512,37.7479],[-83.951,37.7486],[-83.9501,37.7486],[-83.9508,37.7494],[-83.9508,37.7499],[-83.9504,37.7501],[-83.9391,37.7501],[-83.9392,37.7494],[-83.9398,37.7493],[-83.9406,37.7484],[-83.9413,37.7486],[-83.9419,37.7494],[-83.9418,37.7483]]],[[[-83.9518,37.7501],[-83.9519,37.75],[-83.9522,37.7501],[-83.9518,37.7501]]]]}},{"type":"Feature","properties":{"quadrangle_name":"Johnetta"},"geometry":{"type":"MultiPolygon","coordinates":[[[[-84.2499,37.3993],[-84.2499,37.3996],[-84.2496,37.3995],[-84.2494,37.3993],[-84.2499,37.3993]]],[[[-84.2453,37.4034],[-84.2469,37.4029],[-84.2499,37.4021],[-84.2464,37.4032],[-84.2488,37.4029],[-84.2497,37.4031],[-84.2499,37.4036],[-84.2491,37.4031],[-84.2459,37.4035],[-84.2454,37.4037],[-84.2453,37.4034]]],[[[-84.2499,37.4568],[-84.2481,37.4567],[-84.2477,37.4564],[-84.2499,37.4559],[-84.2499,37.4568]]],[[[-84.2469,37.4621],[-84.2467,37.4616],[-84.2462,37.4614],[-84.2472,37.4612],[-84.2499,37.46],[-84.2499,37.4609],[-84.2493,37.4612],[-84.2475,37.4615],[-84.2469,37.4621]]],[[[-84.2459,37.4784],[-84.2453,37.4785],[-84.2445,37.4792],[-84.2433,37.4794],[-84.2443,37.4782],[-84.2444,37.4771],[-84.244,37.4768],[-84.2428,37.4769],[-84.2416,37.4766],[-84.2424,37.4754],[-84.242,37.4744],[-84.2388,37.4733],[-84.2378,37.4736],[-84.2367,37.4747],[-84.2359,37.4743],[-84.2349,37.4743],[-84.2347,37.4738],[-84.2365,37.4737],[-84.2382,37.4718],[-84.2402,37.4724],[-84.2435,37.4724],[-84.2434,37.472],[-84.2438,37.4716],[-84.2431,37.4714],[-84.2418,37.4703],[-84.2408,37.469],[-84.2393,37.4686],[-84.2399,37.4676],[-84.242,37.469],[-84.2443,37.4697],[-84.2451,37.4692],[-84.2455,37.4683],[-84.2462,37.4684],[-84.2467,37.4686],[-84.2464,37.4694],[-84.2467,37.4706],[-84.2476,37.4707],[-84.2482,37.4715],[-84.2482,37.4721],[-84.2499,37.4722],[-84.2499,37.4734],[-84.2466,37.4736],[-84.2499,37.4741],[-84.2499,37.4769],[-84.2493,37.4766],[-84.248,37.4769],[-84.2473,37.476],[-84.2459,37.4784]]],[[[-84.2475,37.4839],[-84.248,37.4833],[-84.2474,37.4828],[-84.2472,37.4819],[-84.2456,37.4808],[-84.2476,37.4809],[-84.2499,37.4827],[-84.2499,37.4846],[-84.2491,37.4848],[-84.2489,37.4841],[-84.2477,37.4842],[-84.2475,37.4839]]],[[[-84.2499,37.5001],[-84.2492,37.5001],[-84.2498,37.4997],[-84.2499,37.5001]]],[[[-84.2466,37.4261],[-84.2495,37.429],[-84.2455,37.427],[-84.243,37.4287],[-84.2424,37.4295],[-84.2407,37.4301],[-84.2401,37.4312],[-84.2399,37.4352],[-84.2402,37.4372],[-84.2409,37.4385],[-84.2405,37.4389],[-84.2401,37.4408],[-84.2406,37.4414],[-84.239,37.4417],[-84.2405,37.4425],[-84.242,37.4425],[-84.2437,37.4436],[-84.2429,37.4436],[-84.2416,37.4431],[-84.2389,37.4431],[-84.2392,37.4454],[-84.2396,37.446],[-84.2377,37.4475],[-84.2357,37.4524],[-84.2391,37.453],[-84.2364,37.4533],[-84.2361,37.4537],[-84.2346,37.4543],[-84.234,37.4549],[-84.2347,37.4565],[-84.2329,37.4554],[-84.2313,37.4563],[-84.2306,37.4573],[-84.229,37.4583],[-84.2286,37.4588],[-84.2284,37.4585],[-84.2287,37.4579],[-84.2301,37.4568],[-84.2294,37.4558],[-84.2304,37.4557],[-84.233,37.4542],[-84.2341,37.4532],[-84.2351,37.4506],[-84.2349,37.4493],[-84.2323,37.448],[-84.2351,37.4481],[-84.237,37.4457],[-84.2369,37.4434],[-84.2353,37.443],[-84.2367,37.4424],[-84.2374,37.4405],[-84.2389,37.4393],[-84.2389,37.4377],[-84.2379,37.4347],[-84.2358,37.4352],[-84.2378,37.4334],[-84.238,37.4321],[-84.2375,37.4307],[-84.2383,37.4309],[-84.2394,37.4293],[-84.2373,37.428],[-84.2401,37.4284],[-84.2416,37.4279],[-84.2445,37.426],[-84.2457,37.4248],[-84.2462,37.4227],[-84.2445,37.4211],[-84.2441,37.42],[-84.2453,37.421],[-84.2467,37.4215],[-84.2499,37.4207],[-84.2499,37.4213],[-84.2488,37.4216],[-84.2477,37.4224],[-84.2458,37.4254],[-84.2429,37.4277],[-84.2406,37.4287],[-84.2393,37.4286],[-84.2399,37.429],[-84.2398,37.4297],[-84.2391,37.4315],[-84.2386,37.4315],[-84.2389,37.4319],[-84.2386,37.4334],[-84.238,37.4341],[-84.239,37.434],[-84.24,37.4386],[-84.2395,37.4395],[-84.2378,37.4412],[-84.2374,37.4426],[-84.2368,37.4428],[-84.2376,37.4436],[-84.2377,37.4454],[-84.2382,37.4445],[-84.2383,37.4435],[-84.2385,37.4438],[-84.2385,37.4428],[-84.2396,37.4425],[-84.2387,37.442],[-84.2386,37.4416],[-84.2401,37.4392],[-84.2395,37.4335],[-84.2402,37.4304],[-84.2453,37.4266],[-84.2473,37.4276],[-84.2461,37.426],[-84.2471,37.4249],[-84.2479,37.423],[-84.2499,37.4221],[-84.2499,37.4226],[-84.249,37.4229],[-84.2477,37.4237],[-84.2475,37.4253],[-84.2466,37.4261]],[[-84.2306,37.4563],[-84.2328,37.4549],[-84.2336,37.4548],[-84.2338,37.4542],[-84.2358,37.4528],[-84.2352,37.452],[-84.2341,37.4537],[-84.2301,37.4561],[-84.2306,37.4563]],[[-84.235,37.4488],[-84.2353,37.4494],[-84.2353,37.4513],[-84.236,37.4506],[-84.2362,37.449],[-84.237,37.4476],[-84.2371,37.4462],[-84.2363,37.4472],[-84.236,37.4482],[-84.234,37.4483],[-84.235,37.4488]],[[-84.2389,37.446],[-84.2383,37.4449],[-84.2374,37.4462],[-84.2372,37.4473],[-84.2381,37.4463],[-84.2389,37.446]],[[-84.2467,37.4231],[-84.2469,37.4225],[-84.2496,37.4212],[-84.2488,37.4212],[-84.2474,37.4218],[-84.2462,37.422],[-84.2467,37.4231]]],[[[-84.1735,37.4716],[-84.1734,37.4718],[-84.1703,37.47],[-84.1722,37.4707],[-84.1735,37.4716]]],[[[-84.1773,37.475],[-84.1776,37.4755],[-84.1781,37.4751],[-84.1814,37.4756],[-84.183,37.4766],[-84.1834,37.4782],[-84.1839,37.4766],[-84.185,37.4769],[-84.1854,37.4776],[-84.1856,37.477],[-84.1866,37.4768],[-84.1837,37.4762],[-84.1822,37.4751],[-84.1795,37.4751],[-84.1775,37.4747],[-84.1764,37.4741],[-84.1761,37.4735],[-84.1753,37.4733],[-84.1736,37.4717],[-84.1753,37.4731],[-84.1764,37.4735],[-84.1766,37.474],[-84.1777,37.4746],[-84.1797,37.475],[-84.1825,37.4749],[-84.1836,37.4759],[-84.1844,37.4762],[-84.1874,37.4764],[-84.1887,37.4762],[-84.1873,37.4769],[-84.1857,37.4773],[-84.1858,37.4784],[-84.1849,37.4773],[-84.184,37.477],[-84.1835,37.4787],[-84.1829,37.4792],[-84.1826,37.4769],[-84.1817,37.4759],[-84.1784,37.4754],[-84.1776,37.4761],[-84.1772,37.4753],[-84.1754,37.4747],[-84.1755,37.4738],[-84.1741,37.4724],[-84.1746,37.4726],[-84.1756,37.4737],[-84.1757,37.4744],[-84.1773,37.475]]],[[[-84.2322,37.497],[-84.2348,37.4959],[-84.2343,37.4953],[-84.2344,37.4946],[-84.2363,37.4923],[-84.235,37.4921],[-84.2344,37.4934],[-84.2332,37.4942],[-84.2309,37.4937],[-84.2299,37.4931],[-84.2287,37.4939],[-84.2281,37.4953],[-84.2271,37.4949],[-84.2264,37.4953],[-84.2247,37.4955],[-84.2239,37.4972],[-84.2226,37.4962],[-84.2207,37.4965],[-84.22,37.4973],[-84.2194,37.4972],[-84.218,37.4978],[-84.2172,37.4979],[-84.2169,37.4975],[-84.2181,37.4964],[-84.2251,37.4929],[-84.2259,37.4922],[-84.2258,37.4915],[-84.2253,37.4913],[-84.2238,37.4917],[-84.2233,37.4908],[-84.2215,37.4906],[-84.2205,37.4916],[-84.2195,37.4919],[-84.2191,37.4917],[-84.2195,37.4905],[-84.2175,37.4901],[-84.2163,37.4905],[-84.2152,37.4912],[-84.2135,37.4915],[-84.2126,37.4928],[-84.2121,37.492],[-84.2104,37.4917],[-84.2117,37.4908],[-84.2118,37.4899],[-84.213,37.4903],[-84.2143,37.49],[-84.2163,37.4885],[-84.216,37.4868],[-84.2162,37.4856],[-84.2156,37.4838],[-84.2174,37.4852],[-84.2179,37.4872],[-84.2193,37.4881],[-84.2223,37.488],[-84.2213,37.4862],[-84.224,37.4866],[-84.2248,37.4853],[-84.2263,37.4859],[-84.2258,37.4874],[-84.2265,37.4884],[-84.2291,37.4891],[-84.2301,37.489],[-84.2313,37.4879],[-84.2313,37.4875],[-84.2304,37.4862],[-84.2306,37.4858],[-84.2322,37.4859],[-84.2336,37.4864],[-84.2349,37.4876],[-84.2363,37.4874],[-84.2395,37.4878],[-84.2452,37.4876],[-84.2499,37.4862],[-84.2499,37.4876],[-84.2453,37.489],[-84.2433,37.4889],[-84.241,37.4892],[-84.2404,37.4899],[-84.2395,37.4896],[-84.2393,37.489],[-84.2344,37.4889],[-84.2333,37.4884],[-84.2328,37.4877],[-84.2329,37.4889],[-84.2298,37.4902],[-84.2275,37.4901],[-84.2249,37.4894],[-84.2245,37.4887],[-84.2195,37.4891],[-84.2214,37.4893],[-84.224,37.4891],[-84.2247,37.4896],[-84.2267,37.4899],[-84.2278,37.4906],[-84.2271,37.4913],[-84.2267,37.493],[-84.2277,37.4912],[-84.2288,37.4906],[-84.2312,37.4905],[-84.2321,37.4898],[-84.2329,37.4896],[-84.2387,37.49],[-84.2392,37.4907],[-84.2387,37.4913],[-84.2388,37.4931],[-84.2377,37.494],[-84.2372,37.4951],[-84.2375,37.4958],[-84.2371,37.4965],[-84.2373,37.4971],[-84.2367,37.4976],[-84.2372,37.4979],[-84.237,37.4984],[-84.238,37.4981],[-84.2377,37.4975],[-84.2383,37.4959],[-84.2384,37.4945],[-84.2395,37.4938],[-84.2409,37.4913],[-84.2419,37.4905],[-84.2437,37.4897],[-84.2466,37.4896],[-84.247,37.4892],[-84.2487,37.4887],[-84.2499,37.4888],[-84.2499,37.4928],[-84.2488,37.4918],[-84.2485,37.4919],[-84.2499,37.4937],[-84.2499,37.4944],[-84.2493,37.4955],[-84.2497,37.4975],[-84.2484,37.4975],[-84.2463,37.4955],[-84.2453,37.494],[-84.2444,37.4936],[-84.2441,37.4956],[-84.2434,37.496],[-84.2427,37.496],[-84.244,37.4976],[-84.2425,37.4987],[-84.2434,37.4995],[-84.245,37.5001],[-84.2326,37.5001],[-84.2338,37.4982],[-84.2322,37.4973],[-84.2322,37.497]]],[[[-84.2303,37.5001],[-84.2303,37.5],[-84.2305,37.5001],[-84.2303,37.5001]]],[[[-84.2282,37.5001],[-84.2283,37.5],[-84.2285,37.5001],[-84.2282,37.5001]]]]}},{"type":"Feature","properties":{"quadrangle_name":"Leighton"},"geometry":{"type":"MultiPolygon","coordinates":[[[[-83.9182,37.5547],[-83.9169,37.5546],[-83.9151,37.5531],[-83.9141,37.5528],[-83.9151,37.5518],[-83.9157,37.5503],[-83.9151,37.5495],[-83.9145,37.5492],[-83.9131,37.5491],[-83.914,37.548],[-83.9132,37.5463],[-83.9137,37.5443],[-83.9147,37.5434],[-83.9166,37.5428],[-83.9168,37.5423],[-83.9144,37.5404],[-83.9119,37.5403],[-83.911,37.5408],[-83.9104,37.5415],[-83.9086,37.542],[-83.9072,37.542],[-83.9099,37.5398],[-83.9104,37.5387],[-83.9098,37.538],[-83.91,37.5374],[-83.9088,37.5365],[-83.9072,37.5359],[-83.9062,37.5349],[-83.9058,37.534],[-83.9058,37.532],[-83.9045,37.5311],[-83.907,37.5312],[-83.9073,37.531],[-83.9076,37.5292],[-83.9069,37.5274],[-83.907,37.5262],[-83.9093,37.5285],[-83.9107,37.5278],[-83.9122,37.5265],[-83.9121,37.5249],[-83.9116,37.5239],[-83.9098,37.5232],[-83.9086,37.5224],[-83.9084,37.5219],[-83.9083,37.521],[-83.9095,37.5189],[-83.9075,37.5169],[-83.906,37.5161],[-83.9058,37.5154],[-83.9106,37.518],[-83.9138,37.5151],[-83.9136,37.5119],[-83.9103,37.5097],[-83.9114,37.5094],[-83.9118,37.509],[-83.9142,37.509],[-83.9151,37.5088],[-83.9143,37.5051],[-83.915,37.5037],[-83.9135,37.5034],[-83.9112,37.5038],[-83.9107,37.5037],[-83.9117,37.5031],[-83.9129,37.5028],[-83.9158,37.5029],[-83.9162,37.5039],[-83.9154,37.5053],[-83.9168,37.5078],[-83.9191,37.5078],[-83.9225,37.5065],[-83.923,37.5071],[-83.9197,37.5087],[-83.9169,37.5091],[-83.915,37.5104],[-83.9156,37.5118],[-83.9159,37.5142],[-83.9166,37.5151],[-83.9114,37.5201],[-83.9109,37.5211],[-83.9116,37.5217],[-83.913,37.5215],[-83.913,37.522],[-83.9139,37.5225],[-83.9166,37.5229],[-83.9149,37.5239],[-83.9148,37.5271],[-83.9157,37.5279],[-83.9138,37.5282],[-83.9108,37.5308],[-83.9139,37.5332],[-83.9172,37.5344],[-83.9191,37.534],[-83.9208,37.5322],[-83.9235,37.5313],[-83.9241,37.5328],[-83.9253,37.5333],[-83.9254,37.5339],[-83.9264,37.5352],[-83.9262,37.5355],[-83.9244,37.5353],[-83.9247,37.537],[-83.9254,37.5378],[-83.9283,37.5386],[-83.9299,37.5396],[-83.9331,37.5395],[-83.9348,37.5401],[-83.934,37.5407],[-83.9323,37.5408],[-83.9295,37.5415],[-83.9291,37.5427],[-83.9301,37.5442],[-83.9317,37.5452],[-83.9328,37.544],[-83.9341,37.5434],[-83.9371,37.5431],[-83.937,37.5441],[-83.9378,37.5449],[-83.9398,37.5451],[-83.9382,37.5466],[-83.9383,37.5488],[-83.9377,37.5496],[-83.9377,37.5503],[-83.9404,37.5516],[-83.9418,37.5518],[-83.9427,37.5515],[-83.9433,37.5522],[-83.9446,37.5526],[-83.9471,37.5527],[-83.949,37.5532],[-83.9496,37.5531],[-83.9505,37.5521],[-83.9501,37.5487],[-83.9497,37.5476],[-83.9505,37.5474],[-83.9507,37.5464],[-83.9519,37.5457],[-83.9522,37.5469],[-83.9526,37.5472],[-83.9548,37.5478],[-83.957,37.5479],[-83.9572,37.5438],[-83.9592,37.5441],[-83.9621,37.5434],[-83.9625,37.5429],[-83.9625,37.5419],[-83.962,37.541],[-83.9596,37.5392],[-83.9594,37.5383],[-83.9602,37.537],[-83.9603,37.5352],[-83.9596,37.5348],[-83.9575,37.5348],[-83.9569,37.5345],[-83.9557,37.5321],[-83.9564,37.5316],[-83.9573,37.5294],[-83.9602,37.5283],[-83.9607,37.5262],[-83.9626,37.5251],[-83.9623,37.5245],[-83.9612,37.5241],[-83.9604,37.5232],[-83.9613,37.5215],[-83.9625,37.5218],[-83.9631,37.5215],[-83.9622,37.5201],[-83.9623,37.5174],[-83.9631,37.516],[-83.9642,37.5153],[-83.9666,37.5149],[-83.9662,37.5124],[-83.9672,37.5131],[-83.9678,37.5145],[-83.9675,37.5156],[-83.9669,37.5159],[-83.9648,37.516],[-83.9632,37.517],[-83.9629,37.5178],[-83.9634,37.5203],[-83.9654,37.521],[-83.9639,37.5222],[-83.9622,37.523],[-83.9634,37.5238],[-83.9648,37.5255],[-83.9626,37.5264],[-83.9617,37.5273],[-83.9613,37.5289],[-83.9584,37.5301],[-83.9574,37.5326],[-83.9582,37.5334],[-83.9589,37.5335],[-83.9624,37.5331],[-83.9643,37.5325],[-83.9659,37.5331],[-83.9688,37.5325],[-83.9679,37.5333],[-83.9662,37.5339],[-83.9643,37.5336],[-83.963,37.5341],[-83.9622,37.5354],[-83.9619,37.5382],[-83.9627,37.5391],[-83.9643,37.5394],[-83.9713,37.5374],[-83.9691,37.5393],[-83.9699,37.5402],[-83.9708,37.5406],[-83.9708,37.5408],[-83.9704,37.541],[-83.9674,37.5399],[-83.9652,37.5407],[-83.9648,37.5417],[-83.9654,37.5429],[-83.964,37.5447],[-83.9607,37.546],[-83.9629,37.5471],[-83.9602,37.5479],[-83.9597,37.5489],[-83.9597,37.5501],[-83.9579,37.5507],[-83.9552,37.5501],[-83.9539,37.5501],[-83.9536,37.5511],[-83.9543,37.5525],[-83.9542,37.5531],[-83.9525,37.5539],[-83.9504,37.5558],[-83.9468,37.5554],[-83.9445,37.5561],[-83.9433,37.5578],[-83.9432,37.5587],[-83.9461,37.5593],[-83.9501,37.5619],[-83.9514,37.5581],[-83.9524,37.5571],[-83.9553,37.5565],[-83.9561,37.5555],[-83.9564,37.5544],[-83.9585,37.5535],[-83.9591,37.5538],[-83.9633,37.5535],[-83.9633,37.5538],[-83.9626,37.5547],[-83.9627,37.5552],[-83.9648,37.556],[-83.964,37.5565],[-83.962,37.5568],[-83.9614,37.5573],[-83.9616,37.5579],[-83.9647,37.5581],[-83.9672,37.5591],[-83.9694,37.5583],[-83.9693,37.5595],[-83.9686,37.5604],[-83.9688,37.5607],[-83.9697,37.5609],[-83.9745,37.561],[-83.9757,37.5598],[-83.9794,37.5587],[-83.9803,37.5588],[-83.9803,37.5574],[-83.9812,37.5548],[-83.9829,37.5526],[-83.9836,37.5528],[-83.9834,37.5545],[-83.9838,37.5554],[-83.9871,37.556],[-83.9887,37.5566],[-83.9882,37.5583],[-83.9884,37.5589],[-83.9904,37.559],[-83.9929,37.5603],[-83.9948,37.5606],[-83.9953,37.5602],[-83.9939,37.5574],[-83.9939,37.5551],[-83.9934,37.554],[-83.9938,37.5539],[-83.9948,37.5542],[-83.9962,37.5549],[-83.9971,37.5548],[-83.9976,37.5544],[-83.9983,37.5519],[-83.9964,37.5493],[-83.9999,37.5507],[-83.9999,37.5524],[-83.9985,37.5551],[-83.9967,37.556],[-83.9953,37.5559],[-83.9954,37.5577],[-83.997,37.5606],[-83.9969,37.5615],[-83.9949,37.5618],[-83.9928,37.5616],[-83.9896,37.5602],[-83.9879,37.56],[-83.987,37.5591],[-83.9866,37.5574],[-83.9832,37.5562],[-83.9824,37.5554],[-83.9816,37.5579],[-83.9817,37.5586],[-83.9805,37.5601],[-83.9766,37.5607],[-83.9763,37.5614],[-83.9754,37.5621],[-83.9734,37.5624],[-83.9753,37.5635],[-83.977,37.5639],[-83.9773,37.5623],[-83.9784,37.561],[-83.9807,37.5607],[-83.9837,37.5595],[-83.9846,37.5596],[-83.9854,37.5602],[-83.9876,37.5622],[-83.9876,37.5629],[-83.988,37.5626],[-83.9884,37.5628],[-83.9883,37.5623],[-83.9888,37.5622],[-83.9925,37.5624],[-83.9933,37.5626],[-83.9943,37.5634],[-83.9947,37.5625],[-83.9986,37.5616],[-83.9998,37.5616],[-83.998,37.5596],[-83.9967,37.5588],[-83.9962,37.5577],[-83.9967,37.5569],[-83.999,37.5557],[-83.9999,37.5534],[-83.9999,37.5566],[-83.9976,37.5577],[-83.9978,37.5581],[-83.9998,37.5586],[-83.9999,37.5626],[-83.9954,37.5634],[-83.9955,37.5669],[-83.9943,37.5662],[-83.9939,37.565],[-83.9926,37.5633],[-83.9902,37.5641],[-83.9894,37.5655],[-83.988,37.5643],[-83.986,37.5652],[-83.9863,37.5626],[-83.9842,37.5606],[-83.9828,37.5614],[-83.9797,37.5618],[-83.9791,37.5621],[-83.9797,37.5625],[-83.9799,37.5634],[-83.979,37.5666],[-83.9726,37.5639],[-83.9718,37.5642],[-83.9708,37.5661],[-83.97,37.5652],[-83.9694,37.5638],[-83.9665,37.5627],[-83.966,37.5644],[-83.9681,37.5677],[-83.9679,37.5687],[-83.9673,37.5695],[-83.9667,37.5674],[-83.966,37.5668],[-83.965,37.5665],[-83.9648,37.5658],[-83.9636,37.5656],[-83.964,37.5637],[-83.9633,37.5611],[-83.9621,37.5609],[-83.9614,37.5614],[-83.9593,37.5603],[-83.9582,37.5591],[-83.9574,37.559],[-83.9542,37.5595],[-83.9539,37.5622],[-83.955,37.5632],[-83.9543,37.5637],[-83.9543,37.5655],[-83.9536,37.5657],[-83.9539,37.5666],[-83.9521,37.5674],[-83.9517,37.5682],[-83.9518,37.569],[-83.9534,37.5702],[-83.9535,37.5708],[-83.9515,37.5705],[-83.9504,37.5696],[-83.9492,37.5696],[-83.9488,37.5691],[-83.9494,37.568],[-83.9493,37.5673],[-83.9478,37.5644],[-83.9469,37.5639],[-83.9468,37.5631],[-83.946,37.5624],[-83.9447,37.5616],[-83.9436,37.5614],[-83.9428,37.5615],[-83.9419,37.5621],[-83.9412,37.562],[-83.9396,37.5606],[-83.9392,37.5592],[-83.9396,37.5575],[-83.9402,37.5572],[-83.9415,37.5546],[-83.9377,37.5534],[-83.9371,37.5534],[-83.9365,37.5528],[-83.9356,37.5524],[-83.9342,37.5504],[-83.9353,37.5479],[-83.9351,37.5465],[-83.9349,37.5463],[-83.9342,37.5466],[-83.934,37.5476],[-83.9316,37.5479],[-83.9281,37.5462],[-83.9276,37.5451],[-83.9263,37.5439],[-83.9262,37.542],[-83.9266,37.5405],[-83.9231,37.5392],[-83.922,37.5375],[-83.9214,37.5353],[-83.9192,37.5362],[-83.916,37.5365],[-83.9112,37.5341],[-83.9101,37.5338],[-83.9097,37.5341],[-83.9099,37.5343],[-83.9115,37.5354],[-83.9133,37.538],[-83.9157,37.5383],[-83.9207,37.5412],[-83.9204,37.5436],[-83.9168,37.5462],[-83.9186,37.5479],[-83.9193,37.5492],[-83.92,37.5495],[-83.9194,37.5504],[-83.9193,37.5518],[-83.9244,37.5528],[-83.9241,37.5545],[-83.9245,37.5554],[-83.9255,37.5564],[-83.9291,37.5566],[-83.9278,37.5583],[-83.9285,37.5608],[-83.926,37.5618],[-83.9253,37.5623],[-83.924,37.5623],[-83.9228,37.5629],[-83.9244,37.5649],[-83.9244,37.5663],[-83.9241,37.567],[-83.9218,37.5694],[-83.9234,37.5698],[-83.926,37.5696],[-83.9264,37.5688],[-83.9292,37.5674],[-83.9307,37.5675],[-83.9322,37.5669],[-83.9333,37.5654],[-83.9341,37.5658],[-83.9331,37.5676],[-83.9323,37.5692],[-83.931,37.5695],[-83.9305,37.5699],[-83.9317,37.5724],[-83.9343,37.5737],[-83.9362,37.5742],[-83.9392,37.5735],[-83.9382,37.5748],[-83.9382,37.5755],[-83.937,37.5755],[-83.9366,37.5761],[-83.9346,37.5755],[-83.9331,37.5756],[-83.932,37.5752],[-83.9287,37.5769],[-83.9312,37.5799],[-83.9327,37.5806],[-83.9283,37.5863],[-83.9316,37.5862],[-83.9334,37.5867],[-83.9341,37.5871],[-83.9298,37.589],[-83.9298,37.5896],[-83.9309,37.5906],[-83.9322,37.5906],[-83.9333,37.5913],[-83.9353,37.5916],[-83.9363,37.5912],[-83.9397,37.5874],[-83.94,37.5853],[-83.9396,37.5841],[-83.9402,37.5836],[-83.9412,37.5835],[-83.9426,37.5801],[-83.9454,37.5801],[-83.9443,37.5818],[-83.9447,37.5831],[-83.9491,37.583],[-83.9518,37.582],[-83.9528,37.5821],[-83.9541,37.5817],[-83.9541,37.583],[-83.9544,37.5834],[-83.9555,37.5837],[-83.9579,37.5837],[-83.9552,37.5848],[-83.954,37.5846],[-83.9524,37.5838],[-83.9494,37.5849],[-83.9489,37.5854],[-83.9475,37.5853],[-83.9445,37.5859],[-83.944,37.5867],[-83.9443,37.5877],[-83.9438,37.5885],[-83.9439,37.5891],[-83.943,37.5899],[-83.9454,37.5914],[-83.9455,37.5918],[-83.9442,37.5922],[-83.9419,37.5921],[-83.9407,37.5933],[-83.9441,37.595],[-83.9413,37.5961],[-83.9407,37.5979],[-83.939,37.597],[-83.9376,37.5978],[-83.9366,37.5973],[-83.936,37.5962],[-83.9348,37.5967],[-83.934,37.5976],[-83.9333,37.599],[-83.934,37.6008],[-83.9336,37.6014],[-83.9324,37.6018],[-83.9331,37.6022],[-83.9352,37.6026],[-83.937,37.6024],[-83.9379,37.6032],[-83.9388,37.6034],[-83.9388,37.6037],[-83.9381,37.6042],[-83.9366,37.6043],[-83.9353,37.6049],[-83.9311,37.6058],[-83.9301,37.6069],[-83.93,37.6079],[-83.9307,37.6084],[-83.9332,37.6076],[-83.9354,37.6083],[-83.9389,37.609],[-83.9395,37.6069],[-83.9406,37.6065],[-83.9414,37.6058],[-83.9422,37.6058],[-83.9435,37.605],[-83.9436,37.6042],[-83.9445,37.6033],[-83.9443,37.6023],[-83.9446,37.6014],[-83.9456,37.6015],[-83.9476,37.6009],[-83.947,37.6024],[-83.947,37.6031],[-83.9477,37.6037],[-83.9476,37.604],[-83.9445,37.6088],[-83.9448,37.6093],[-83.9473,37.609],[-83.9478,37.6093],[-83.9473,37.6111],[-83.9456,37.6126],[-83.9457,37.6153],[-83.9465,37.615],[-83.9479,37.613],[-83.9496,37.6117],[-83.955,37.6141],[-83.9555,37.614],[-83.9551,37.613],[-83.9537,37.6124],[-83.9532,37.6119],[-83.9536,37.6111],[-83.9533,37.6103],[-83.9522,37.6093],[-83.9522,37.6086],[-83.9516,37.6074],[-83.9499,37.6061],[-83.9496,37.6055],[-83.9502,37.6047],[-83.9519,37.6045],[-83.9536,37.6025],[-83.9537,37.6015],[-83.9529,37.6009],[-83.954,37.5986],[-83.9536,37.597],[-83.9548,37.5968],[-83.9556,37.596],[-83.9562,37.5965],[-83.9565,37.598],[-83.9563,37.5994],[-83.9585,37.6006],[-83.9575,37.6009],[-83.9571,37.6014],[-83.9574,37.6031],[-83.9562,37.6057],[-83.9568,37.6068],[-83.9581,37.6069],[-83.9593,37.6065],[-83.9602,37.6083],[-83.9605,37.6082],[-83.9618,37.6074],[-83.9614,37.6049],[-83.9621,37.6039],[-83.9639,37.6035],[-83.9655,37.6043],[-83.9666,37.6059],[-83.9675,37.6058],[-83.969,37.6041],[-83.9691,37.6033],[-83.9652,37.6013],[-83.9648,37.6004],[-83.963,37.5993],[-83.9654,37.5975],[-83.9667,37.5989],[-83.9696,37.5988],[-83.9713,37.5998],[-83.9721,37.5998],[-83.973,37.5989],[-83.973,37.5975],[-83.9718,37.5967],[-83.9718,37.5963],[-83.972,37.5955],[-83.9739,37.5947],[-83.974,37.5938],[-83.9684,37.5915],[-83.9681,37.5906],[-83.9726,37.5907],[-83.9734,37.5885],[-83.9757,37.5901],[-83.9765,37.5894],[-83.9781,37.5871],[-83.9781,37.5865],[-83.9755,37.5836],[-83.976,37.5834],[-83.9778,37.5841],[-83.9795,37.5842],[-83.9808,37.5824],[-83.9796,37.5796],[-83.9779,37.5779],[-83.9786,37.5778],[-83.9802,37.5782],[-83.9833,37.5806],[-83.9845,37.5803],[-83.9856,37.5796],[-83.9852,37.5775],[-83.9839,37.5761],[-83.9827,37.5755],[-83.9825,37.5751],[-83.9842,37.575],[-83.985,37.574],[-83.9859,37.5756],[-83.9863,37.5758],[-83.9882,37.5754],[-83.9877,37.5769],[-83.9879,37.5777],[-83.9884,37.5781],[-83.9902,37.5778],[-83.9899,37.5791],[-83.9905,37.5794],[-83.9925,37.5794],[-83.994,37.5789],[-83.9945,37.5785],[-83.9953,37.5768],[-83.996,37.5769],[-83.9971,37.578],[-83.9999,37.5779],[-83.9999,37.5806],[-83.9971,37.5811],[-83.9963,37.5839],[-83.995,37.5823],[-83.9942,37.5819],[-83.9899,37.5827],[-83.988,37.5822],[-83.9867,37.5827],[-83.9841,37.5848],[-83.9835,37.5857],[-83.9841,37.5863],[-83.9936,37.5888],[-83.9967,37.5889],[-83.9975,37.5893],[-83.9949,37.59],[-83.9941,37.5907],[-83.993,37.5901],[-83.9911,37.5899],[-83.9894,37.5903],[-83.9886,37.5895],[-83.9874,37.5891],[-83.986,37.5893],[-83.984,37.589],[-83.9834,37.5895],[-83.9819,37.5899],[-83.9807,37.5918],[-83.9807,37.5925],[-83.9823,37.5932],[-83.9826,37.5938],[-83.9815,37.5948],[-83.9819,37.595],[-83.985,37.5948],[-83.987,37.5956],[-83.9851,37.5963],[-83.9835,37.5974],[-83.9802,37.5984],[-83.9799,37.5993],[-83.9811,37.5998],[-83.9832,37.6001],[-83.9847,37.6008],[-83.9863,37.6001],[-83.9877,37.6017],[-83.9866,37.6026],[-83.986,37.6036],[-83.9854,37.6037],[-83.9844,37.603],[-83.9833,37.6028],[-83.9782,37.6031],[-83.9778,37.6038],[-83.9775,37.6052],[-83.9768,37.6062],[-83.9788,37.6069],[-83.9811,37.6061],[-83.982,37.607],[-83.982,37.608],[-83.9825,37.6088],[-83.9845,37.609],[-83.9862,37.6086],[-83.9871,37.6081],[-83.9874,37.6075],[-83.9883,37.6072],[-83.991,37.6046],[-83.9929,37.602],[-83.9949,37.6018],[-83.9961,37.6005],[-83.9974,37.6011],[-83.9985,37.6006],[-83.9994,37.6007],[-83.9994,37.6028],[-83.9975,37.6028],[-83.9948,37.6041],[-83.9943,37.605],[-83.9946,37.6064],[-83.9933,37.6066],[-83.9929,37.607],[-83.9911,37.6094],[-83.9907,37.6105],[-83.9894,37.611],[-83.9893,37.612],[-83.9888,37.6126],[-83.9864,37.6124],[-83.9848,37.6134],[-83.9829,37.6131],[-83.9824,37.6143],[-83.983,37.6155],[-83.9815,37.616],[-83.9817,37.6176],[-83.9814,37.6179],[-83.9796,37.617],[-83.9789,37.6173],[-83.9783,37.6184],[-83.978,37.6183],[-83.9769,37.6163],[-83.9773,37.6155],[-83.9769,37.6143],[-83.9787,37.6139],[-83.9788,37.6123],[-83.9782,37.6117],[-83.9774,37.6114],[-83.9766,37.6115],[-83.976,37.6123],[-83.9732,37.6105],[-83.9721,37.6106],[-83.9718,37.6109],[-83.9718,37.6116],[-83.9725,37.6138],[-83.9721,37.6148],[-83.9702,37.615],[-83.9689,37.6138],[-83.9672,37.6139],[-83.9659,37.613],[-83.9644,37.6135],[-83.9634,37.6171],[-83.9623,37.6188],[-83.9622,37.6194],[-83.9626,37.6196],[-83.9646,37.6198],[-83.9664,37.6182],[-83.9675,37.6183],[-83.9688,37.6179],[-83.9695,37.6183],[-83.969,37.6201],[-83.9691,37.6205],[-83.9694,37.6205],[-83.9709,37.6197],[-83.9729,37.6177],[-83.9736,37.6175],[-83.9749,37.6184],[-83.9749,37.6196],[-83.9737,37.6203],[-83.9721,37.6232],[-83.974,37.6235],[-83.9766,37.6225],[-83.977,37.6235],[-83.9759,37.6251],[-83.9655,37.6251],[-83.9645,37.6245],[-83.9645,37.6238],[-83.9637,37.6238],[-83.9633,37.6232],[-83.9626,37.6233],[-83.9623,37.6229],[-83.9604,37.6223],[-83.9598,37.6212],[-83.96,37.6205],[-83.9594,37.6198],[-83.9592,37.6176],[-83.9604,37.6155],[-83.961,37.6134],[-83.9621,37.612],[-83.9644,37.6106],[-83.9684,37.6106],[-83.9684,37.6098],[-83.9692,37.6091],[-83.9732,37.608],[-83.9764,37.6091],[-83.9775,37.609],[-83.9751,37.6079],[-83.9741,37.6063],[-83.9763,37.6016],[-83.9771,37.601],[-83.9783,37.6008],[-83.9774,37.6005],[-83.9773,37.5989],[-83.9779,37.5971],[-83.9789,37.5961],[-83.9783,37.5944],[-83.9784,37.5941],[-83.9791,37.594],[-83.9783,37.5929],[-83.9785,37.5911],[-83.9794,37.5896],[-83.9817,37.5881],[-83.9816,37.5876],[-83.9829,37.5878],[-83.9818,37.5869],[-83.9811,37.5859],[-83.9816,37.585],[-83.9815,37.5844],[-83.9799,37.5856],[-83.9802,37.5873],[-83.9785,37.59],[-83.9764,37.5917],[-83.9749,37.5918],[-83.9762,37.5922],[-83.9765,37.5926],[-83.9765,37.5949],[-83.9756,37.5961],[-83.9759,37.5971],[-83.9754,37.5992],[-83.975,37.6005],[-83.9742,37.6013],[-83.9719,37.6022],[-83.9723,37.6027],[-83.9721,37.6039],[-83.9707,37.6069],[-83.9686,37.608],[-83.9662,37.6085],[-83.965,37.6082],[-83.963,37.6096],[-83.9607,37.6107],[-83.9597,37.6106],[-83.9577,37.6094],[-83.9558,37.6088],[-83.9584,37.6114],[-83.9591,37.6128],[-83.959,37.6142],[-83.9578,37.6164],[-83.9561,37.6166],[-83.9502,37.6148],[-83.9495,37.6159],[-83.9481,37.6171],[-83.9455,37.6185],[-83.9434,37.6173],[-83.9426,37.6165],[-83.9417,37.6121],[-83.9411,37.6111],[-83.9403,37.6116],[-83.9396,37.6117],[-83.9341,37.6105],[-83.9296,37.6105],[-83.9284,37.6099],[-83.9277,37.6084],[-83.9274,37.6066],[-83.9279,37.6052],[-83.9295,37.6035],[-83.9303,37.6032],[-83.931,37.6033],[-83.9293,37.6023],[-83.9291,37.6019],[-83.9305,37.5995],[-83.9309,37.5981],[-83.933,37.5957],[-83.9343,37.5946],[-83.9366,37.5939],[-83.938,37.5937],[-83.9378,37.5931],[-83.9383,37.5923],[-83.9363,37.5935],[-83.933,37.5935],[-83.9314,37.5932],[-83.9292,37.5916],[-83.9271,37.5896],[-83.9262,37.5894],[-83.9259,37.5891],[-83.9258,37.5883],[-83.9271,37.5884],[-83.9283,37.5878],[-83.9257,37.5877],[-83.9253,37.5869],[-83.9263,37.5848],[-83.9285,37.5827],[-83.9293,37.5811],[-83.9297,37.581],[-83.9266,37.578],[-83.9262,37.5769],[-83.9268,37.5759],[-83.9276,37.5752],[-83.9295,37.574],[-83.9306,37.5737],[-83.9287,37.5712],[-83.9285,37.57],[-83.9278,37.5708],[-83.9259,37.5713],[-83.9205,37.571],[-83.9197,37.5712],[-83.9194,37.5706],[-83.9201,37.5688],[-83.9227,37.5655],[-83.9206,37.5625],[-83.923,37.5611],[-83.9251,37.561],[-83.9264,37.5601],[-83.9259,37.5585],[-83.9263,37.5578],[-83.9253,37.5578],[-83.9237,37.5569],[-83.9229,37.5554],[-83.9226,37.5536],[-83.9185,37.5529],[-83.9182,37.5527],[-83.9178,37.5518],[-83.9185,37.5498],[-83.9156,37.5466],[-83.9157,37.5455],[-83.9173,37.5448],[-83.9191,37.5432],[-83.9194,37.5416],[-83.9163,37.5394],[-83.9124,37.5387],[-83.9112,37.5364],[-83.9091,37.5349],[-83.9087,37.5341],[-83.9096,37.5333],[-83.9107,37.5333],[-83.9165,37.5358],[-83.9192,37.5355],[-83.9214,37.5345],[-83.9224,37.5349],[-83.9229,37.5358],[-83.9226,37.535],[-83.9212,37.5342],[-83.9228,37.5349],[-83.9234,37.5371],[-83.9244,37.5383],[-83.9235,37.5368],[-83.9232,37.5354],[-83.9233,37.5342],[-83.9238,37.5339],[-83.9228,37.5326],[-83.9213,37.5329],[-83.9192,37.5347],[-83.9169,37.535],[-83.9126,37.5333],[-83.9101,37.5309],[-83.9102,37.5303],[-83.9116,37.529],[-83.9133,37.5276],[-83.9141,37.5275],[-83.9142,37.5233],[-83.9119,37.5222],[-83.9104,37.522],[-83.9098,37.5212],[-83.9119,37.5186],[-83.9155,37.5151],[-83.915,37.514],[-83.9151,37.5123],[-83.9142,37.5103],[-83.9155,37.5097],[-83.9165,37.5088],[-83.9183,37.5084],[-83.9163,37.508],[-83.9154,37.5063],[-83.9153,37.509],[-83.9121,37.5097],[-83.9124,37.5104],[-83.9143,37.512],[-83.9143,37.5155],[-83.9109,37.5186],[-83.9095,37.5182],[-83.9103,37.5191],[-83.909,37.5212],[-83.9095,37.5223],[-83.9118,37.5232],[-83.9127,37.5241],[-83.913,37.5252],[-83.913,37.5268],[-83.9114,37.5283],[-83.9094,37.5294],[-83.9081,37.5286],[-83.9085,37.5299],[-83.9078,37.5315],[-83.9067,37.5319],[-83.9065,37.5334],[-83.9077,37.5352],[-83.9093,37.536],[-83.911,37.5374],[-83.9112,37.539],[-83.9108,37.5398],[-83.915,37.5398],[-83.9178,37.542],[-83.9181,37.5426],[-83.9178,37.5434],[-83.9154,37.5442],[-83.9145,37.5454],[-83.9152,37.5474],[-83.9178,37.5496],[-83.9173,37.5511],[-83.9159,37.5525],[-83.9177,37.5536],[-83.9198,37.5534],[-83.922,37.5546],[-83.9227,37.5565],[-83.9247,37.5585],[-83.9252,37.5599],[-83.9242,37.5602],[-83.9195,37.5609],[-83.9178,37.5619],[-83.9151,37.5619],[-83.9165,37.5624],[-83.9181,37.5637],[-83.9194,37.564],[-83.9207,37.5654],[-83.9207,37.5665],[-83.9192,37.5682],[-83.918,37.5703],[-83.918,37.5724],[-83.921,37.5723],[-83.9235,37.5716],[-83.9256,37.5723],[-83.9277,37.572],[-83.9287,37.5731],[-83.9276,37.5743],[-83.9254,37.575],[-83.9237,37.576],[-83.9241,37.5774],[-83.9276,37.5801],[-83.9281,37.5811],[-83.9279,37.5819],[-83.9252,37.5839],[-83.9233,37.5861],[-83.9223,37.5864],[-83.9201,37.5864],[-83.9224,37.5877],[-83.9221,37.5913],[-83.9256,37.5917],[-83.9289,37.593],[-83.9306,37.5946],[-83.9309,37.5953],[-83.9309,37.596],[-83.93,37.5968],[-83.9267,37.599],[-83.9251,37.5996],[-83.9226,37.6014],[-83.9225,37.6019],[-83.9243,37.6049],[-83.9241,37.6075],[-83.9246,37.6096],[-83.9243,37.6104],[-83.9247,37.6109],[-83.9242,37.6119],[-83.9243,37.6126],[-83.9239,37.613],[-83.9232,37.6148],[-83.9215,37.6159],[-83.9203,37.6163],[-83.9214,37.6165],[-83.9246,37.6153],[-83.9274,37.6163],[-83.9291,37.6159],[-83.931,37.6143],[-83.9321,37.6138],[-83.9339,37.6136],[-83.9351,37.614],[-83.9377,37.615],[-83.9379,37.6159],[-83.9384,37.6161],[-83.9395,37.6182],[-83.9397,37.6194],[-83.9388,37.6223],[-83.9377,37.6225],[-83.9362,37.6234],[-83.939,37.6229],[-83.9411,37.6235],[-83.9437,37.6236],[-83.9446,37.6233],[-83.9456,37.6222],[-83.948,37.6206],[-83.9509,37.6198],[-83.9513,37.6198],[-83.9531,37.6211],[-83.9538,37.6231],[-83.9531,37.6251],[-83.9487,37.6251],[-83.9505,37.6238],[-83.9505,37.623],[-83.9499,37.6228],[-83.9467,37.6251],[-83.9211,37.6251],[-83.9203,37.6238],[-83.9217,37.6236],[-83.9235,37.6236],[-83.9264,37.6219],[-83.9292,37.6223],[-83.9312,37.6215],[-83.9359,37.6206],[-83.9363,37.6201],[-83.9361,37.6189],[-83.9355,37.6182],[-83.9339,37.618],[-83.934,37.6165],[-83.9337,37.616],[-83.9325,37.6164],[-83.93,37.6184],[-83.9281,37.6185],[-83.9261,37.6191],[-83.9249,37.6178],[-83.9239,37.6175],[-83.9227,37.6205],[-83.921,37.6203],[-83.9206,37.6193],[-83.9191,37.6181],[-83.9181,37.6183],[-83.9167,37.6199],[-83.9161,37.6199],[-83.9156,37.6185],[-83.9148,37.6176],[-83.9135,37.6176],[-83.9126,37.6173],[-83.9135,37.6162],[-83.9123,37.6156],[-83.9115,37.6157],[-83.9093,37.6169],[-83.9086,37.6169],[-83.9089,37.6157],[-83.9084,37.6149],[-83.9094,37.6142],[-83.9096,37.6137],[-83.9091,37.6127],[-83.909,37.6109],[-83.912,37.6131],[-83.9152,37.613],[-83.9167,37.6123],[-83.9172,37.6126],[-83.9179,37.614],[-83.9195,37.614],[-83.9211,37.6135],[-83.9202,37.6121],[-83.9213,37.6108],[-83.9214,37.6094],[-83.9201,37.6074],[-83.9203,37.6066],[-83.9217,37.6047],[-83.921,37.6041],[-83.9198,37.6039],[-83.9172,37.6046],[-83.9166,37.6043],[-83.9152,37.6062],[-83.9136,37.6043],[-83.9127,37.6042],[-83.9114,37.6047],[-83.9101,37.6065],[-83.9088,37.6054],[-83.9056,37.6051],[-83.9045,37.6039],[-83.9049,37.603],[-83.9061,37.603],[-83.9069,37.6022],[-83.908,37.6029],[-83.9089,37.6029],[-83.9114,37.6009],[-83.911,37.6005],[-83.909,37.5999],[-83.9077,37.5991],[-83.9065,37.5997],[-83.9057,37.5994],[-83.9045,37.5994],[-83.9034,37.5999],[-83.9039,37.598],[-83.9059,37.5973],[-83.9067,37.5953],[-83.9085,37.5956],[-83.9087,37.5967],[-83.9098,37.5972],[-83.9113,37.597],[-83.9133,37.5961],[-83.914,37.5983],[-83.9162,37.5979],[-83.9168,37.5997],[-83.9176,37.6],[-83.9193,37.5993],[-83.9199,37.5992],[-83.9206,37.5996],[-83.9214,37.5992],[-83.9218,37.5981],[-83.9228,37.5973],[-83.9227,37.5962],[-83.9232,37.5956],[-83.9266,37.5963],[-83.9273,37.5961],[-83.9278,37.5955],[-83.9275,37.5948],[-83.9226,37.5932],[-83.9201,37.5931],[-83.9196,37.5924],[-83.9184,37.5922],[-83.9204,37.5896],[-83.9202,37.5885],[-83.9194,37.5879],[-83.9173,37.5876],[-83.9153,37.5882],[-83.9121,37.588],[-83.9112,37.5887],[-83.9108,37.5904],[-83.9096,37.5901],[-83.9096,37.589],[-83.9084,37.5882],[-83.9097,37.5871],[-83.9087,37.5861],[-83.9094,37.5853],[-83.9093,37.5832],[-83.9108,37.5839],[-83.911,37.585],[-83.9118,37.586],[-83.9148,37.5855],[-83.9163,37.5847],[-83.9163,37.5833],[-83.9171,37.5829],[-83.9177,37.582],[-83.9197,37.5845],[-83.9219,37.5849],[-83.9232,37.5828],[-83.9221,37.5817],[-83.9217,37.58],[-83.9246,37.5808],[-83.9256,37.5807],[-83.9225,37.5784],[-83.9215,37.5769],[-83.9213,37.5759],[-83.9221,37.5744],[-83.9239,37.5739],[-83.9245,37.5735],[-83.9235,37.5733],[-83.9181,37.5739],[-83.9167,37.5745],[-83.9164,37.5738],[-83.9155,37.5733],[-83.9163,37.5722],[-83.9161,37.5704],[-83.9169,37.5687],[-83.9193,37.5657],[-83.9153,37.5632],[-83.9149,37.5634],[-83.9138,37.565],[-83.913,37.5651],[-83.9128,37.5631],[-83.9109,37.5624],[-83.9125,37.5613],[-83.9137,37.5611],[-83.9142,37.5606],[-83.9155,37.5609],[-83.9177,37.5605],[-83.9193,37.5591],[-83.9209,37.5595],[-83.923,37.5592],[-83.923,37.5585],[-83.9211,37.5565],[-83.9202,37.555],[-83.9182,37.5547]],[[-83.9328,37.546],[-83.9317,37.5465],[-83.9326,37.5464],[-83.9345,37.5452],[-83.935,37.5452],[-83.9361,37.5456],[-83.9366,37.5467],[-83.936,37.549],[-83.9361,37.5503],[-83.9372,37.5457],[-83.9357,37.5442],[-83.9345,37.5444],[-83.9328,37.546]],[[-83.9413,37.5587],[-83.9408,37.5589],[-83.941,37.56],[-83.9426,37.5601],[-83.9413,37.5587]],[[-83.9412,37.553],[-83.9428,37.5541],[-83.9427,37.556],[-83.9438,37.5546],[-83.9467,37.554],[-83.9444,37.554],[-83.9412,37.553]],[[-83.9525,37.5606],[-83.9512,37.563],[-83.9506,37.5632],[-83.9497,37.563],[-83.9466,37.561],[-83.95,37.5648],[-83.9508,37.5668],[-83.9522,37.5644],[-83.9525,37.5606]],[[-83.9631,37.5433],[-83.9619,37.5443],[-83.9584,37.545],[-83.9583,37.5479],[-83.9571,37.5487],[-83.9559,37.5489],[-83.9526,37.5486],[-83.9518,37.5482],[-83.9515,37.5495],[-83.952,37.5509],[-83.9522,37.5502],[-83.9539,37.5493],[-83.9584,37.5495],[-83.9586,37.5485],[-83.9599,37.5469],[-83.9595,37.5462],[-83.9597,37.5455],[-83.963,37.5441],[-83.9642,37.5427],[-83.9639,37.5411],[-83.9651,37.5398],[-83.9638,37.54],[-83.9623,37.5396],[-83.9611,37.5381],[-83.9615,37.5372],[-83.9614,37.5352],[-83.9618,37.5344],[-83.9627,37.5337],[-83.9585,37.534],[-83.9571,37.5333],[-83.9579,37.5342],[-83.9607,37.5346],[-83.9611,37.5352],[-83.9611,37.5371],[-83.9605,37.5386],[-83.9629,37.5406],[-83.9635,37.5423],[-83.9631,37.5433]],[[-83.9583,37.5559],[-83.9586,37.555],[-83.9575,37.5553],[-83.9565,37.5569],[-83.9553,37.5578],[-83.9582,37.5576],[-83.9607,37.5591],[-83.9598,37.5572],[-83.9606,37.5563],[-83.9591,37.5566],[-83.9583,37.5559]]],[[[-83.978,37.5778],[-83.9781,37.5778],[-83.978,37.5778],[-83.978,37.5778]]],[[[-83.9837,37.6204],[-83.9855,37.6199],[-83.9874,37.6205],[-83.9883,37.6197],[-83.9885,37.6185],[-83.9878,37.6177],[-83.9867,37.6173],[-83.9867,37.6164],[-83.9876,37.6157],[-83.9884,37.6145],[-83.989,37.6143],[-83.9912,37.6153],[-83.9921,37.6153],[-83.9928,37.6125],[-83.9949,37.6111],[-83.9958,37.6111],[-83.9959,37.6128],[-83.997,37.6138],[-83.9982,37.6138],[-83.9993,37.6133],[-83.9999,37.6133],[-83.9999,37.6164],[-83.9976,37.6166],[-83.9951,37.6161],[-83.9948,37.6169],[-83.9941,37.617],[-83.9936,37.6176],[-83.992,37.6179],[-83.9911,37.6178],[-83.9919,37.619],[-83.9919,37.6205],[-83.988,37.623],[-83.9864,37.6233],[-83.9852,37.6251],[-83.9818,37.6251],[-83.9822,37.6234],[-83.9831,37.622],[-83.9831,37.621],[-83.9837,37.6204]]],[[[-83.9962,37.6251],[-83.9966,37.6245],[-83.9978,37.6239],[-83.9999,37.6223],[-83.9999,37.6251],[-83.9962,37.6251]]],[[[-83.9808,37.6251],[-83.9768,37.6251],[-83.9776,37.6237],[-83.9794,37.6222],[-83.9808,37.6242],[-83.9808,37.6251]]],[[[-83.8763,37.5794],[-83.8759,37.5811],[-83.8749,37.582],[-83.8749,37.5808],[-83.8753,37.5802],[-83.8752,37.5783],[-83.8764,37.5772],[-83.8761,37.5756],[-83.8754,37.5747],[-83.8759,37.5735],[-83.8749,37.5727],[-83.8749,37.5714],[-83.8767,37.5722],[-83.8773,37.5719],[-83.8782,37.5701],[-83.8787,37.5673],[-83.8799,37.5668],[-83.8805,37.5663],[-83.8807,37.5651],[-83.8798,37.5638],[-83.8805,37.5634],[-83.8807,37.5626],[-83.8818,37.5629],[-83.8845,37.563],[-83.8861,37.5614],[-83.8867,37.5602],[-83.8878,37.5599],[-83.8875,37.5606],[-83.8877,37.5613],[-83.8868,37.5618],[-83.8859,37.5628],[-83.886,37.5637],[-83.8851,37.564],[-83.8824,37.5639],[-83.8819,37.5643],[-83.8821,37.5666],[-83.883,37.5672],[-83.8832,37.5677],[-83.8816,37.5674],[-83.8803,37.5683],[-83.88,37.5705],[-83.8794,37.5717],[-83.8799,37.5729],[-83.8782,37.5742],[-83.8786,37.5749],[-83.8787,37.5767],[-83.8795,37.5773],[-83.8781,37.5793],[-83.8783,37.5799],[-83.8789,37.5804],[-83.8768,37.5826],[-83.8749,37.5833],[-83.8749,37.5824],[-83.8766,37.5808],[-83.8766,37.5795],[-83.8774,37.5784],[-83.8763,37.5794]]],[[[-83.879,37.5806],[-83.8782,37.5813],[-83.8789,37.5804],[-83.879,37.5806]]],[[[-83.8857,37.5799],[-83.8866,37.5812],[-83.8895,37.5807],[-83.8904,37.581],[-83.892,37.5812],[-83.8948,37.579],[-83.8955,37.5791],[-83.8938,37.5818],[-83.8958,37.584],[-83.8954,37.5844],[-83.8921,37.5825],[-83.8883,37.5825],[-83.8872,37.583],[-83.8875,37.5845],[-83.8855,37.5833],[-83.8843,37.5834],[-83.8825,37.5841],[-83.8815,37.5852],[-83.8812,37.5858],[-83.8813,37.587],[-83.88,37.5869],[-83.8749,37.5884],[-83.8749,37.5859],[-83.8784,37.585],[-83.8815,37.5823],[-83.8845,37.5816],[-83.8857,37.5799]]],[[[-83.8749,37.5859],[-83.8749,37.5859],[-83.8749,37.5859],[-83.8749,37.5859]]],[[[-83.8814,37.5902],[-83.8834,37.5918],[-83.88,37.5923],[-83.8794,37.594],[-83.8776,37.593],[-83.8767,37.5933],[-83.8761,37.5928],[-83.8749,37.5925],[-83.8749,37.5897],[-83.8761,37.5905],[-83.8775,37.5908],[-83.8814,37.5902]]],[[[-83.8793,37.6004],[-83.8777,37.5996],[-83.8749,37.5992],[-83.8749,37.5971],[-83.8765,37.5973],[-83.8777,37.5979],[-83.8796,37.5998],[-83.8793,37.6004]]],[[[-83.8803,37.6223],[-83.8766,37.6235],[-83.8757,37.6233],[-83.8749,37.6225],[-83.8749,37.6105],[-83.8777,37.6103],[-83.8758,37.6119],[-83.8764,37.6147],[-83.8771,37.6154],[-83.8758,37.6171],[-83.8766,37.6182],[-83.876,37.6186],[-83.876,37.6216],[-83.8763,37.6219],[-83.8791,37.621],[-83.8806,37.6192],[-83.881,37.6191],[-83.8821,37.6199],[-83.8829,37.6198],[-83.8842,37.6185],[-83.8858,37.6187],[-83.8866,37.6181],[-83.8869,37.6174],[-83.8882,37.6172],[-83.8898,37.6163],[-83.8897,37.615],[-83.8905,37.6146],[-83.89,37.6136],[-83.8903,37.6133],[-83.8921,37.6132],[-83.8927,37.6126],[-83.8938,37.6107],[-83.8929,37.6094],[-83.8941,37.6087],[-83.8945,37.6064],[-83.8957,37.6057],[-83.8958,37.6072],[-83.8962,37.6078],[-83.8958,37.6086],[-83.8959,37.6094],[-83.8997,37.6103],[-83.8986,37.6112],[-83.8961,37.6114],[-83.8954,37.6128],[-83.8953,37.6138],[-83.8971,37.6154],[-83.894,37.6155],[-83.8935,37.6167],[-83.895,37.6178],[-83.8973,37.6188],[-83.8984,37.62],[-83.8982,37.6203],[-83.895,37.6199],[-83.8939,37.6208],[-83.8929,37.6192],[-83.8916,37.6186],[-83.8892,37.6203],[-83.8888,37.6221],[-83.8878,37.6222],[-83.8862,37.6218],[-83.8843,37.6232],[-83.8818,37.6233],[-83.8806,37.6243],[-83.8808,37.6251],[-83.8758,37.6251],[-83.8774,37.6239],[-83.8786,37.6239],[-83.8803,37.6223]]],[[[-83.9095,37.6251],[-83.9092,37.6251],[-83.9094,37.6249],[-83.9095,37.6251]]],[[[-83.8749,37.6244],[-83.8751,37.6248],[-83.8749,37.6251],[-83.8749,37.6244]]]]}},{"type":"Feature","properties":{"quadrangle_name":"Levee"},"geometry":{"type":"MultiPolygon","coordinates":[[[[-83.9846,37.8783],[-83.9848,37.8784],[-83.9844,37.8785],[-83.9846,37.8783]]],[[[-83.9859,37.8817],[-83.986,37.8818],[-83.9857,37.8818],[-83.9859,37.8817]]],[[[-83.9843,37.8863],[-83.9842,37.8863],[-83.9845,37.8863],[-83.9843,37.8863]]],[[[-83.984,37.8915],[-83.9847,37.8912],[-83.9842,37.8915],[-83.984,37.8915]]],[[[-83.9835,37.8918],[-83.9833,37.8918],[-83.9831,37.8916],[-83.9832,37.8916],[-83.9835,37.8918]]],[[[-83.9878,37.8926],[-83.988,37.8926],[-83.988,37.8928],[-83.9878,37.8926]]],[[[-83.9861,37.8934],[-83.9858,37.8935],[-83.9859,37.8928],[-83.986,37.8926],[-83.9861,37.8934]]],[[[-83.9849,37.8939],[-83.985,37.894],[-83.9846,37.8941],[-83.9849,37.8939]]],[[[-83.9881,37.8952],[-83.9878,37.8952],[-83.9877,37.8951],[-83.9879,37.895],[-83.9881,37.8952]]],[[[-83.9876,37.8976],[-83.986,37.8981],[-83.986,37.8978],[-83.9872,37.8976],[-83.9879,37.8973],[-83.9876,37.8976]]],[[[-83.9836,37.9],[-83.9833,37.8993],[-83.9835,37.8992],[-83.9841,37.9001],[-83.9836,37.9]]],[[[-83.9824,37.9004],[-83.9832,37.9013],[-83.9825,37.9011],[-83.9824,37.9004]]],[[[-83.9855,37.9352],[-83.9871,37.9343],[-83.9878,37.9346],[-83.9873,37.935],[-83.9855,37.9352]]],[[[-83.9809,37.9359],[-83.9818,37.936],[-83.9809,37.9367],[-83.9809,37.9359]]],[[[-83.9843,37.9379],[-83.9837,37.9383],[-83.9829,37.9379],[-83.9839,37.9375],[-83.9843,37.9379]]],[[[-83.989,37.939],[-83.9891,37.939],[-83.989,37.9392],[-83.989,37.939]]],[[[-83.9851,37.9397],[-83.9856,37.9395],[-83.9852,37.939],[-83.9856,37.9388],[-83.9864,37.9394],[-83.9851,37.9397]]],[[[-83.9867,37.9395],[-83.987,37.9395],[-83.987,37.9397],[-83.9867,37.9395]]],[[[-83.9808,37.9408],[-83.9801,37.9409],[-83.9802,37.9402],[-83.9807,37.94],[-83.9808,37.9408]]],[[[-83.987,37.9405],[-83.9882,37.941],[-83.9873,37.941],[-83.9868,37.9406],[-83.987,37.9405]]],[[[-83.991,37.9411],[-83.9905,37.941],[-83.991,37.9409],[-83.9912,37.9411],[-83.991,37.9411]]],[[[-83.9846,37.9412],[-83.9846,37.9409],[-83.9847,37.9409],[-83.9846,37.9412]]],[[[-83.9816,37.9408],[-83.9821,37.9408],[-83.9819,37.9412],[-83.9816,37.9412],[-83.9816,37.9408]]],[[[-83.9833,37.9414],[-83.9827,37.9417],[-83.9833,37.9411],[-83.9833,37.9414]]],[[[-83.9813,37.9417],[-83.9816,37.9418],[-83.9813,37.942],[-83.9806,37.9422],[-83.9813,37.9417]]],[[[-83.9895,37.9429],[-83.9892,37.943],[-83.9895,37.9424],[-83.9891,37.9421],[-83.9896,37.9415],[-83.99,37.9416],[-83.9895,37.9429]]],[[[-83.9879,37.9425],[-83.9874,37.943],[-83.9872,37.9429],[-83.9872,37.9423],[-83.9879,37.9425]]],[[[-83.983,37.9433],[-83.9834,37.9424],[-83.9843,37.9425],[-83.9839,37.9428],[-83.983,37.9433]]],[[[-83.9814,37.9431],[-83.9814,37.943],[-83.9815,37.9431],[-83.9814,37.9431]]],[[[-83.9847,37.9438],[-83.985,37.9437],[-83.985,37.944],[-83.9847,37.9438]]],[[[-83.9809,37.9442],[-83.9811,37.9439],[-83.981,37.9443],[-83.9809,37.9442]]],[[[-83.9837,37.9461],[-83.9837,37.9472],[-83.9835,37.9473],[-83.9835,37.9463],[-83.9824,37.9461],[-83.9847,37.9453],[-83.9837,37.9461]]],[[[-83.9813,37.9489],[-83.981,37.9491],[-83.981,37.949],[-83.9813,37.9489]]],[[[-83.9801,37.9492],[-83.98,37.949],[-83.9801,37.9492],[-83.9801,37.9492]]],[[[-83.9742,37.8753],[-83.9748,37.8751],[-83.9734,37.8758],[-83.9732,37.8765],[-83.9721,37.8756],[-83.9727,37.8755],[-83.9728,37.8751],[-83.9742,37.8753]]],[[[-83.9797,37.8756],[-83.9798,37.8751],[-83.9804,37.8752],[-83.9794,37.8759],[-83.9792,37.8769],[-83.9789,37.8771],[-83.9782,37.8758],[-83.9788,37.8762],[-83.9797,37.8756]]],[[[-83.9813,37.8774],[-83.9826,37.8769],[-83.9825,37.8774],[-83.9814,37.8781],[-83.9813,37.8774]]],[[[-83.9753,37.8766],[-83.9753,37.8773],[-83.9738,37.8778],[-83.9738,37.8782],[-83.9745,37.8784],[-83.9741,37.8789],[-83.9727,37.8771],[-83.9733,37.8772],[-83.9733,37.8767],[-83.9741,37.8768],[-83.9744,37.8773],[-83.9751,37.8773],[-83.9753,37.8766]]],[[[-83.971,37.8785],[-83.971,37.8781],[-83.9715,37.8779],[-83.9715,37.8787],[-83.971,37.8785]]],[[[-83.9836,37.8788],[-83.9837,37.8791],[-83.9814,37.8795],[-83.9823,37.8788],[-83.9836,37.8788]]],[[[-83.9744,37.8792],[-83.9753,37.8795],[-83.9749,37.8801],[-83.9744,37.8792]]],[[[-83.9794,37.878],[-83.9785,37.8786],[-83.9787,37.8795],[-83.9784,37.88],[-83.9792,37.8799],[-83.9801,37.8791],[-83.9802,37.8793],[-83.9798,37.8804],[-83.9786,37.8808],[-83.9785,37.8812],[-83.9793,37.8811],[-83.9797,37.8817],[-83.9797,37.8823],[-83.979,37.8821],[-83.9788,37.8823],[-83.9788,37.8827],[-83.9788,37.8828],[-83.9786,37.882],[-83.9779,37.8817],[-83.9763,37.8825],[-83.9766,37.8816],[-83.9771,37.8816],[-83.9771,37.8808],[-83.9778,37.881],[-83.9781,37.8801],[-83.9772,37.8794],[-83.978,37.8787],[-83.9777,37.8781],[-83.9782,37.8777],[-83.9787,37.8778],[-83.979,37.8774],[-83.9794,37.878]]],[[[-83.9814,37.8797],[-83.9823,37.88],[-83.9823,37.8805],[-83.9832,37.8804],[-83.9833,37.8808],[-83.981,37.8804],[-83.9814,37.8797]]],[[[-83.969,37.8776],[-83.9696,37.8773],[-83.97,37.8765],[-83.9703,37.8766],[-83.97,37.8779],[-83.9691,37.8784],[-83.9691,37.879],[-83.9702,37.879],[-83.9695,37.8804],[-83.9697,37.882],[-83.9704,37.8817],[-83.9706,37.8822],[-83.971,37.8823],[-83.9704,37.8807],[-83.9714,37.8794],[-83.9715,37.8814],[-83.9721,37.8812],[-83.9725,37.879],[-83.9729,37.88],[-83.9734,37.8801],[-83.9731,37.8809],[-83.9737,37.8809],[-83.9724,37.8822],[-83.9742,37.8815],[-83.975,37.8806],[-83.9748,37.8813],[-83.9751,37.8814],[-83.9751,37.8818],[-83.9742,37.8821],[-83.9744,37.8826],[-83.9736,37.8828],[-83.9741,37.8832],[-83.9757,37.8826],[-83.9765,37.8833],[-83.976,37.8836],[-83.9752,37.8834],[-83.9749,37.884],[-83.9732,37.8829],[-83.9718,37.8837],[-83.9711,37.8832],[-83.9706,37.8836],[-83.9707,37.8842],[-83.9703,37.8847],[-83.9724,37.8848],[-83.9699,37.8849],[-83.9691,37.8852],[-83.9691,37.8859],[-83.9685,37.8862],[-83.9682,37.8857],[-83.9689,37.8852],[-83.9675,37.8846],[-83.9661,37.8845],[-83.9657,37.8839],[-83.9671,37.8839],[-83.9666,37.8832],[-83.9668,37.8829],[-83.9677,37.8839],[-83.9675,37.8845],[-83.9692,37.8846],[-83.9695,37.8843],[-83.9692,37.8841],[-83.9702,37.8839],[-83.9699,37.8833],[-83.9685,37.8829],[-83.9696,37.8827],[-83.9685,37.8818],[-83.9675,37.8821],[-83.9676,37.8813],[-83.9668,37.8815],[-83.9661,37.8811],[-83.9671,37.8806],[-83.9658,37.8803],[-83.9646,37.8791],[-83.9649,37.8788],[-83.9656,37.8793],[-83.9662,37.8791],[-83.9666,37.8797],[-83.9675,37.8788],[-83.9677,37.8799],[-83.9684,37.8807],[-83.9688,37.8799],[-83.9683,37.8786],[-83.9668,37.8768],[-83.9669,37.8762],[-83.9678,37.8771],[-83.9681,37.8771],[-83.968,37.8762],[-83.9671,37.8751],[-83.9683,37.8751],[-83.9683,37.8753],[-83.969,37.8754],[-83.9699,37.8751],[-83.9697,37.8757],[-83.9687,37.8764],[-83.969,37.8776]]],[[[-83.9804,37.881],[-83.9801,37.8814],[-83.9796,37.8814],[-83.9797,37.8811],[-83.9804,37.881]]],[[[-83.9771,37.8866],[-83.977,37.8866],[-83.9767,37.8866],[-83.9771,37.8866]]],[[[-83.9743,37.887],[-83.974,37.8865],[-83.9745,37.8864],[-83.9743,37.887]]],[[[-83.9723,37.8868],[-83.9717,37.8872],[-83.9717,37.8865],[-83.9724,37.8866],[-83.9723,37.8868]]],[[[-83.9745,37.8886],[-83.9749,37.8882],[-83.975,37.8888],[-83.9746,37.8892],[-83.9745,37.8886]]],[[[-83.9824,37.896],[-83.9824,37.8963],[-83.984,37.8963],[-83.9864,37.895],[-83.9842,37.8967],[-83.9851,37.897],[-83.9856,37.8969],[-83.9858,37.8977],[-83.9853,37.8977],[-83.9832,37.8967],[-83.9819,37.8968],[-83.9819,37.8974],[-83.9829,37.8985],[-83.9828,37.8986],[-83.982,37.8984],[-83.9822,37.8996],[-83.9814,37.8989],[-83.9808,37.8977],[-83.9805,37.8976],[-83.9801,37.8982],[-83.9805,37.8997],[-83.9799,37.8988],[-83.9796,37.8988],[-83.9791,37.8996],[-83.9791,37.9016],[-83.9786,37.9013],[-83.9784,37.9002],[-83.9791,37.8984],[-83.9783,37.8979],[-83.9768,37.8978],[-83.9767,37.8981],[-83.9776,37.8982],[-83.9779,37.8986],[-83.9774,37.8988],[-83.9775,37.8994],[-83.977,37.9002],[-83.9771,37.9019],[-83.9766,37.9019],[-83.9769,37.9029],[-83.9778,37.9035],[-83.977,37.904],[-83.9757,37.9035],[-83.9759,37.9024],[-83.9752,37.9028],[-83.9749,37.9027],[-83.9755,37.9003],[-83.9751,37.9002],[-83.9749,37.8996],[-83.9745,37.9011],[-83.9737,37.9018],[-83.9731,37.9012],[-83.973,37.8994],[-83.9723,37.8999],[-83.9721,37.9018],[-83.9716,37.9012],[-83.9718,37.9],[-83.9707,37.9001],[-83.9708,37.8996],[-83.9724,37.8978],[-83.9704,37.8987],[-83.9714,37.8977],[-83.9716,37.8969],[-83.9725,37.8965],[-83.971,37.8968],[-83.9691,37.8987],[-83.9675,37.8992],[-83.9676,37.8989],[-83.9687,37.8985],[-83.9687,37.8979],[-83.9693,37.8976],[-83.9688,37.8971],[-83.9693,37.8967],[-83.9691,37.8964],[-83.9699,37.8966],[-83.9709,37.8961],[-83.9696,37.8955],[-83.9701,37.8951],[-83.9708,37.8951],[-83.9704,37.8946],[-83.9707,37.8943],[-83.9714,37.8946],[-83.9716,37.8936],[-83.9714,37.8932],[-83.9704,37.8935],[-83.9701,37.8928],[-83.9692,37.8923],[-83.9695,37.8941],[-83.9673,37.8956],[-83.9672,37.8949],[-83.9684,37.8941],[-83.9687,37.8934],[-83.9679,37.8934],[-83.9682,37.8924],[-83.9674,37.8917],[-83.9667,37.8925],[-83.9668,37.8933],[-83.9663,37.894],[-83.9665,37.8926],[-83.9661,37.892],[-83.9655,37.8923],[-83.9649,37.8933],[-83.964,37.8934],[-83.965,37.8927],[-83.9665,37.8909],[-83.9671,37.8912],[-83.9671,37.8902],[-83.9681,37.8911],[-83.9685,37.891],[-83.9686,37.89],[-83.968,37.8895],[-83.9681,37.889],[-83.9673,37.888],[-83.9675,37.8876],[-83.967,37.8874],[-83.9673,37.8872],[-83.9669,37.8866],[-83.9676,37.8869],[-83.9677,37.8873],[-83.9685,37.8872],[-83.968,37.8884],[-83.9689,37.8886],[-83.9691,37.8899],[-83.9703,37.8885],[-83.9699,37.8877],[-83.9702,37.8873],[-83.9705,37.8895],[-83.9716,37.8884],[-83.9714,37.8894],[-83.9719,37.8893],[-83.9728,37.8882],[-83.9724,37.8902],[-83.9735,37.8894],[-83.9739,37.8896],[-83.9748,37.8894],[-83.975,37.8899],[-83.9761,37.8892],[-83.9767,37.8897],[-83.9775,37.8891],[-83.978,37.8895],[-83.978,37.8898],[-83.9759,37.8902],[-83.9747,37.89],[-83.9731,37.8905],[-83.9728,37.891],[-83.9706,37.8906],[-83.9704,37.8911],[-83.9696,37.8914],[-83.9709,37.8916],[-83.971,37.892],[-83.9717,37.8918],[-83.9721,37.892],[-83.9741,37.8915],[-83.9766,37.8913],[-83.9748,37.8916],[-83.9733,37.8925],[-83.9725,37.8926],[-83.9719,37.8936],[-83.972,37.894],[-83.9728,37.8932],[-83.9744,37.8933],[-83.9746,37.895],[-83.975,37.8937],[-83.9756,37.8934],[-83.9755,37.893],[-83.9765,37.8929],[-83.9769,37.8941],[-83.9774,37.893],[-83.9779,37.893],[-83.9782,37.8934],[-83.9782,37.8942],[-83.9767,37.8955],[-83.9766,37.8959],[-83.9756,37.8965],[-83.9758,37.8968],[-83.9773,37.896],[-83.9775,37.8963],[-83.9782,37.8952],[-83.9788,37.895],[-83.979,37.8959],[-83.9786,37.8972],[-83.9795,37.8975],[-83.9798,37.8961],[-83.9802,37.8967],[-83.9809,37.8967],[-83.9806,37.896],[-83.9811,37.8957],[-83.9804,37.8952],[-83.9813,37.895],[-83.9804,37.8943],[-83.9807,37.8939],[-83.9814,37.8939],[-83.9809,37.8926],[-83.9813,37.8923],[-83.9819,37.8932],[-83.9819,37.8942],[-83.9823,37.8951],[-83.9833,37.8944],[-83.9837,37.8924],[-83.9842,37.8927],[-83.9839,37.8937],[-83.9843,37.8941],[-83.9831,37.895],[-83.9836,37.8956],[-83.9824,37.896]]],[[[-83.9806,37.901],[-83.9804,37.9009],[-83.9805,37.9001],[-83.9806,37.901]]],[[[-83.9698,37.9142],[-83.9696,37.9151],[-83.9695,37.914],[-83.9697,37.9138],[-83.9709,37.9143],[-83.9698,37.9142]]],[[[-83.9758,37.9178],[-83.9755,37.9185],[-83.9754,37.9177],[-83.9755,37.9176],[-83.9758,37.9178]]],[[[-83.9731,37.9187],[-83.9729,37.9188],[-83.9729,37.9188],[-83.9731,37.9187]]],[[[-83.9744,37.9191],[-83.9741,37.9191],[-83.974,37.9191],[-83.9742,37.9191],[-83.9744,37.9191]]],[[[-83.9713,37.9194],[-83.971,37.9198],[-83.9708,37.9198],[-83.9711,37.9195],[-83.9713,37.9194]]],[[[-83.9703,37.9226],[-83.9709,37.9217],[-83.9711,37.9219],[-83.9703,37.9226]]],[[[-83.9681,37.9321],[-83.9678,37.9325],[-83.9676,37.9321],[-83.9681,37.9321]]],[[[-83.9683,37.9399],[-83.969,37.9405],[-83.9683,37.9406],[-83.9675,37.9403],[-83.9676,37.94],[-83.9683,37.9399]]],[[[-83.968,37.941],[-83.9685,37.9415],[-83.9675,37.9417],[-83.968,37.941]]],[[[-83.9737,37.9461],[-83.9738,37.9461],[-83.9738,37.9462],[-83.9737,37.9461]]],[[[-83.974,37.9476],[-83.9734,37.9478],[-83.9731,37.9477],[-83.9733,37.9474],[-83.974,37.9476]]],[[[-83.9685,37.9477],[-83.9679,37.9483],[-83.9677,37.9479],[-83.9683,37.9473],[-83.9685,37.9477]]],[[[-83.9722,37.9475],[-83.9726,37.9476],[-83.9728,37.9483],[-83.9712,37.9495],[-83.9716,37.9482],[-83.9722,37.9475]]],[[[-83.9745,37.9493],[-83.9741,37.9487],[-83.9743,37.9483],[-83.9747,37.9485],[-83.9745,37.9493]]],[[[-83.9674,37.9489],[-83.9678,37.9486],[-83.9684,37.9491],[-83.9678,37.9492],[-83.9674,37.9489]]],[[[-83.9674,37.9495],[-83.9676,37.9497],[-83.9675,37.9504],[-83.9674,37.9495]]],[[[-83.9703,37.9507],[-83.9705,37.9504],[-83.9713,37.9501],[-83.9715,37.9504],[-83.9703,37.9507]]],[[[-83.9657,37.8779],[-83.9646,37.8774],[-83.9653,37.8768],[-83.9652,37.8762],[-83.964,37.876],[-83.9637,37.8757],[-83.9638,37.8751],[-83.9643,37.8755],[-83.9653,37.8752],[-83.965,37.8756],[-83.9654,37.8759],[-83.9656,37.8775],[-83.9667,37.8783],[-83.9663,37.8787],[-83.9657,37.8779]]],[[[-83.9632,37.8854],[-83.9631,37.8851],[-83.9634,37.885],[-83.9638,37.885],[-83.9632,37.8854]]],[[[-83.9658,37.8871],[-83.9646,37.8868],[-83.9638,37.8862],[-83.9641,37.8861],[-83.9643,37.8866],[-83.9658,37.8871]]],[[[-83.9667,37.8961],[-83.9667,37.8961],[-83.9671,37.896],[-83.9667,37.8961]]],[[[-83.9656,37.8972],[-83.9654,37.8968],[-83.966,37.8969],[-83.9661,37.8972],[-83.9656,37.8972]]],[[[-83.9691,37.8999],[-83.97,37.8995],[-83.9692,37.9002],[-83.9693,37.901],[-83.9684,37.901],[-83.9682,37.9007],[-83.9691,37.8999]]],[[[-83.9679,37.9132],[-83.9669,37.9128],[-83.9672,37.9116],[-83.9666,37.9111],[-83.968,37.9106],[-83.9684,37.9119],[-83.9677,37.912],[-83.9675,37.9123],[-83.9679,37.9132]]],[[[-83.9667,37.9134],[-83.9658,37.9135],[-83.966,37.9132],[-83.9667,37.9134]]],[[[-83.9659,37.9139],[-83.9652,37.9142],[-83.9658,37.9138],[-83.9659,37.9139]]],[[[-83.9663,37.9167],[-83.9662,37.9167],[-83.9668,37.9166],[-83.9663,37.9167]]],[[[-83.9675,37.918],[-83.9676,37.918],[-83.9681,37.9177],[-83.9675,37.918]]],[[[-83.9669,37.9185],[-83.9668,37.9185],[-83.9668,37.9184],[-83.9669,37.9185]]],[[[-83.9652,37.9203],[-83.9653,37.9203],[-83.9649,37.9202],[-83.9652,37.9203]]],[[[-83.9678,37.921],[-83.9677,37.9218],[-83.9685,37.9217],[-83.9684,37.9221],[-83.9679,37.922],[-83.9674,37.9223],[-83.9663,37.9206],[-83.9675,37.9207],[-83.9681,37.9203],[-83.9682,37.9195],[-83.9684,37.9202],[-83.9693,37.9199],[-83.9678,37.921]]],[[[-83.9633,37.9225],[-83.9629,37.9226],[-83.9629,37.9212],[-83.9638,37.9212],[-83.9633,37.9216],[-83.9633,37.9225]]],[[[-83.9648,37.9221],[-83.9639,37.9222],[-83.9646,37.9218],[-83.9649,37.9219],[-83.9648,37.9221]]],[[[-83.9635,37.923],[-83.9638,37.9234],[-83.9635,37.9239],[-83.9628,37.9246],[-83.9635,37.923]]],[[[-83.9654,37.925],[-83.9654,37.925],[-83.9656,37.925],[-83.9654,37.925]]],[[[-83.9645,37.9259],[-83.9644,37.9259],[-83.9644,37.9258],[-83.9645,37.9259]]],[[[-83.9638,37.9342],[-83.9636,37.9332],[-83.9653,37.9325],[-83.9658,37.933],[-83.9648,37.9332],[-83.9638,37.9342]]],[[[-83.9648,37.9359],[-83.9638,37.9359],[-83.964,37.9358],[-83.9648,37.9359]]],[[[-83.9612,37.9382],[-83.9611,37.9376],[-83.9624,37.9377],[-83.9612,37.9382]]],[[[-83.9622,37.9392],[-83.9613,37.9385],[-83.9628,37.9389],[-83.9639,37.9386],[-83.9622,37.9392]]],[[[-83.967,37.9417],[-83.9662,37.9423],[-83.9651,37.9415],[-83.9661,37.941],[-83.967,37.9417]]],[[[-83.9655,37.9426],[-83.9656,37.9431],[-83.9646,37.9437],[-83.964,37.9435],[-83.9638,37.9429],[-83.9655,37.9426]]],[[[-83.9681,37.9431],[-83.9667,37.9439],[-83.9666,37.9445],[-83.9676,37.9447],[-83.9669,37.9451],[-83.966,37.9449],[-83.9662,37.9446],[-83.9657,37.9442],[-83.9659,37.9437],[-83.9667,37.9435],[-83.9675,37.9428],[-83.9682,37.9428],[-83.9681,37.9431]]],[[[-83.9642,37.9452],[-83.9645,37.9449],[-83.9646,37.9453],[-83.9642,37.9452]]],[[[-83.9668,37.9463],[-83.967,37.9465],[-83.9667,37.9469],[-83.9666,37.9469],[-83.9668,37.9463]]],[[[-83.9632,37.9478],[-83.9644,37.9475],[-83.9638,37.948],[-83.9644,37.9485],[-83.9633,37.9491],[-83.963,37.9488],[-83.9632,37.9478]]],[[[-83.9641,37.9504],[-83.9646,37.9506],[-83.9648,37.9513],[-83.9641,37.9504]]],[[[-83.961,37.9515],[-83.9607,37.9509],[-83.9613,37.9508],[-83.9616,37.9509],[-83.961,37.9515]]],[[[-83.9613,37.9517],[-83.9616,37.9517],[-83.9614,37.952],[-83.9613,37.9517]]],[[[-83.9627,37.9541],[-83.9627,37.9548],[-83.9616,37.9551],[-83.9627,37.9541]]],[[[-83.961,37.9597],[-83.9606,37.9595],[-83.9613,37.9591],[-83.9615,37.9594],[-83.961,37.9597]]],[[[-83.9587,37.8761],[-83.9605,37.8771],[-83.9605,37.8775],[-83.9594,37.8771],[-83.9587,37.8761]]],[[[-83.9561,37.8771],[-83.9558,37.8774],[-83.9558,37.8766],[-83.9561,37.8771]]],[[[-83.9562,37.8783],[-83.9558,37.8781],[-83.9558,37.8777],[-83.9564,37.8782],[-83.9562,37.8783]]],[[[-83.9558,37.8793],[-83.9567,37.879],[-83.957,37.8794],[-83.9564,37.8799],[-83.9558,37.8793]]],[[[-83.963,37.8822],[-83.9624,37.8823],[-83.9623,37.8816],[-83.9615,37.8814],[-83.9614,37.8805],[-83.9607,37.8801],[-83.9606,37.8791],[-83.961,37.8786],[-83.9605,37.8783],[-83.9608,37.8779],[-83.9613,37.8782],[-83.9612,37.8794],[-83.9624,37.8805],[-83.9618,37.8812],[-83.9628,37.8815],[-83.963,37.8822]]],[[[-83.9586,37.8808],[-83.9573,37.881],[-83.9569,37.8808],[-83.957,37.8803],[-83.9577,37.8804],[-83.9582,37.8799],[-83.9586,37.8808]]],[[[-83.9579,37.8819],[-83.9583,37.8812],[-83.959,37.8816],[-83.9595,37.8813],[-83.9596,37.8821],[-83.9606,37.8835],[-83.9579,37.8819]]],[[[-83.9624,37.8826],[-83.963,37.8828],[-83.9623,37.8834],[-83.9628,37.8839],[-83.9624,37.8841],[-83.9626,37.8846],[-83.9617,37.8839],[-83.9618,37.8831],[-83.9622,37.8831],[-83.9624,37.8826]]],[[[-83.9585,37.8855],[-83.958,37.8846],[-83.9592,37.885],[-83.9592,37.8856],[-83.9585,37.8855]]],[[[-83.9606,37.8861],[-83.96,37.8862],[-83.9598,37.886],[-83.9606,37.8858],[-83.9606,37.8861]]],[[[-83.9617,37.8879],[-83.9612,37.8876],[-83.9619,37.8874],[-83.9624,37.8877],[-83.9631,37.8879],[-83.9617,37.8879]]],[[[-83.9616,37.8903],[-83.963,37.8903],[-83.9637,37.8888],[-83.9632,37.8902],[-83.965,37.8907],[-83.9654,37.8899],[-83.9651,37.8894],[-83.9653,37.8887],[-83.9659,37.8891],[-83.9655,37.8898],[-83.9659,37.8906],[-83.9644,37.8912],[-83.9648,37.8909],[-83.9638,37.8904],[-83.9605,37.8907],[-83.9602,37.8903],[-83.9607,37.8893],[-83.9612,37.8897],[-83.9616,37.8896],[-83.9616,37.8903]]],[[[-83.9552,37.8912],[-83.9549,37.8904],[-83.9553,37.8897],[-83.9558,37.8913],[-83.9557,37.8921],[-83.9552,37.8925],[-83.9547,37.8914],[-83.9552,37.8912]]],[[[-83.9637,37.8916],[-83.9639,37.8915],[-83.9627,37.8923],[-83.9624,37.8923],[-83.9637,37.8916]]],[[[-83.9529,37.8909],[-83.9534,37.8902],[-83.953,37.8911],[-83.9539,37.8925],[-83.9544,37.8922],[-83.9551,37.8927],[-83.9548,37.8934],[-83.9537,37.8929],[-83.9529,37.892],[-83.9529,37.8909]]],[[[-83.9578,37.8935],[-83.9574,37.8933],[-83.9576,37.8931],[-83.9579,37.8932],[-83.9578,37.8935]]],[[[-83.9619,37.8989],[-83.9624,37.8989],[-83.9621,37.8996],[-83.9618,37.8992],[-83.9619,37.8989]]],[[[-83.9603,37.9015],[-83.96,37.9022],[-83.9617,37.9023],[-83.9603,37.903],[-83.9605,37.9033],[-83.9614,37.9033],[-83.962,37.9037],[-83.9585,37.9034],[-83.9587,37.9027],[-83.9594,37.9025],[-83.9599,37.9015],[-83.9603,37.9015]]],[[[-83.9563,37.9084],[-83.9563,37.9081],[-83.9563,37.9084],[-83.9563,37.9084]]],[[[-83.9546,37.9089],[-83.9555,37.9088],[-83.956,37.9097],[-83.9564,37.9097],[-83.9561,37.9119],[-83.9552,37.9099],[-83.954,37.9089],[-83.955,37.9078],[-83.9546,37.9089]]],[[[-83.9626,37.9101],[-83.9622,37.9104],[-83.9626,37.9097],[-83.9626,37.9101]]],[[[-83.9618,37.9113],[-83.9619,37.9108],[-83.9619,37.9112],[-83.9618,37.9113]]],[[[-83.96,37.9225],[-83.9597,37.9221],[-83.9604,37.9222],[-83.9603,37.9224],[-83.96,37.9225]]],[[[-83.9603,37.9238],[-83.96,37.9237],[-83.9601,37.923],[-83.9603,37.9238]]],[[[-83.9596,37.9532],[-83.9597,37.9535],[-83.9585,37.955],[-83.9583,37.9548],[-83.9592,37.9532],[-83.9596,37.9532]]],[[[-83.9563,37.9556],[-83.957,37.9549],[-83.9581,37.9554],[-83.958,37.9557],[-83.9568,37.956],[-83.9563,37.9556]]],[[[-83.9595,37.9564],[-83.9592,37.9558],[-83.9595,37.9554],[-83.9605,37.9557],[-83.9614,37.9552],[-83.9612,37.9559],[-83.9598,37.9559],[-83.9595,37.9564]]],[[[-83.9565,37.9565],[-83.9575,37.9569],[-83.9575,37.957],[-83.9563,37.9569],[-83.9565,37.9565]]],[[[-83.9536,37.9575],[-83.9533,37.9567],[-83.9543,37.9568],[-83.9548,37.9573],[-83.9544,37.9576],[-83.9536,37.9575]]],[[[-83.9501,37.9581],[-83.9506,37.958],[-83.9511,37.9572],[-83.9515,37.9578],[-83.9507,37.9593],[-83.9512,37.9596],[-83.9518,37.9595],[-83.952,37.9599],[-83.9512,37.9602],[-83.9503,37.9597],[-83.9501,37.9581]]],[[[-83.9486,37.9586],[-83.9488,37.9601],[-83.9478,37.961],[-83.9478,37.9599],[-83.9474,37.9594],[-83.9483,37.9596],[-83.9483,37.9586],[-83.9486,37.9586]]],[[[-83.958,37.9597],[-83.9574,37.9608],[-83.9589,37.9611],[-83.9598,37.9606],[-83.9603,37.9598],[-83.9599,37.961],[-83.9583,37.9611],[-83.9569,37.9609],[-83.9547,37.9617],[-83.9545,37.9613],[-83.9555,37.9606],[-83.9558,37.961],[-83.9565,37.9608],[-83.9571,37.9601],[-83.958,37.9597]]],[[[-83.951,37.9611],[-83.9526,37.9598],[-83.9532,37.961],[-83.952,37.9611],[-83.9515,37.9615],[-83.951,37.9615],[-83.951,37.9611]]],[[[-83.952,37.9621],[-83.9515,37.9632],[-83.9508,37.9621],[-83.9501,37.9622],[-83.9491,37.9614],[-83.9495,37.9608],[-83.95,37.9609],[-83.9514,37.9622],[-83.952,37.9621]]],[[[-83.9419,37.8755],[-83.942,37.8751],[-83.9422,37.8755],[-83.9421,37.8757],[-83.9419,37.8755]]],[[[-83.9348,37.8756],[-83.9363,37.8759],[-83.9362,37.8764],[-83.9348,37.8757],[-83.9345,37.8751],[-83.9352,37.8751],[-83.9348,37.8756]]],[[[-83.9423,37.8762],[-83.9422,37.876],[-83.9425,37.876],[-83.9423,37.8762]]],[[[-83.9423,37.8763],[-83.9426,37.8765],[-83.9422,37.8772],[-83.9413,37.8777],[-83.9415,37.8771],[-83.9406,37.8765],[-83.9419,37.8766],[-83.9423,37.8763]]],[[[-83.9349,37.8781],[-83.934,37.878],[-83.9336,37.8775],[-83.934,37.8775],[-83.9341,37.8779],[-83.9349,37.8781]]],[[[-83.9433,37.8777],[-83.943,37.8782],[-83.9421,37.8789],[-83.942,37.8791],[-83.9419,37.8789],[-83.9423,37.8784],[-83.9419,37.8781],[-83.9428,37.8782],[-83.9433,37.8777]]],[[[-83.9259,37.8787],[-83.9255,37.8791],[-83.9245,37.8794],[-83.9254,37.8786],[-83.9259,37.8787]]],[[[-83.943,37.8801],[-83.9424,37.8795],[-83.9429,37.8797],[-83.9435,37.8794],[-83.943,37.8801]]],[[[-83.9502,37.8803],[-83.9492,37.8808],[-83.9487,37.8805],[-83.9494,37.8801],[-83.9492,37.8795],[-83.9499,37.8798],[-83.9502,37.8803]]],[[[-83.9503,37.8805],[-83.9509,37.8802],[-83.9511,37.8807],[-83.9502,37.8811],[-83.9503,37.8805]]],[[[-83.9413,37.8809],[-83.9421,37.8813],[-83.9433,37.8809],[-83.9432,37.8804],[-83.9437,37.8806],[-83.9445,37.8803],[-83.9436,37.8812],[-83.9428,37.8815],[-83.9421,37.8815],[-83.9413,37.8809]]],[[[-83.9422,37.8819],[-83.942,37.8819],[-83.942,37.8818],[-83.9422,37.8819]]],[[[-83.9492,37.8834],[-83.9496,37.8831],[-83.9495,37.8826],[-83.9489,37.8822],[-83.9495,37.8816],[-83.95,37.8816],[-83.9497,37.8824],[-83.9502,37.8835],[-83.9498,37.8842],[-83.9492,37.8834]]],[[[-83.9506,37.8859],[-83.9504,37.8865],[-83.9511,37.8871],[-83.9509,37.8874],[-83.9502,37.887],[-83.9501,37.8849],[-83.9506,37.8859]]],[[[-83.9432,37.8881],[-83.943,37.8873],[-83.9418,37.8869],[-83.942,37.8857],[-83.9426,37.8855],[-83.9428,37.885],[-83.9419,37.8843],[-83.9424,37.8837],[-83.9417,37.8833],[-83.9412,37.8821],[-83.942,37.8824],[-83.942,37.8832],[-83.9424,37.8834],[-83.9441,37.8829],[-83.9444,37.8824],[-83.9448,37.8826],[-83.9448,37.8831],[-83.9431,37.8837],[-83.9424,37.8843],[-83.943,37.8852],[-83.9422,37.8866],[-83.9427,37.887],[-83.9441,37.8875],[-83.9444,37.8871],[-83.9443,37.8854],[-83.9447,37.8848],[-83.9452,37.8846],[-83.9445,37.8861],[-83.9446,37.8872],[-83.9449,37.8873],[-83.9463,37.8856],[-83.9455,37.8875],[-83.9467,37.8869],[-83.947,37.887],[-83.9467,37.8877],[-83.9445,37.888],[-83.9441,37.8885],[-83.9432,37.8888],[-83.9431,37.8893],[-83.9414,37.8899],[-83.9425,37.8893],[-83.9425,37.8884],[-83.9432,37.8881]]],[[[-83.933,37.8864],[-83.9329,37.886],[-83.9332,37.886],[-83.9337,37.8863],[-83.933,37.8864]]],[[[-83.9508,37.8877],[-83.9512,37.888],[-83.9511,37.8884],[-83.9508,37.8877]]],[[[-83.9318,37.8885],[-83.9317,37.8881],[-83.9323,37.8884],[-83.9323,37.8886],[-83.9318,37.8885]]],[[[-83.9507,37.8886],[-83.9507,37.8892],[-83.9511,37.8893],[-83.951,37.8904],[-83.95,37.8886],[-83.9503,37.8884],[-83.9507,37.8886]]],[[[-83.9308,37.8934],[-83.9307,37.8934],[-83.9307,37.8932],[-83.9308,37.8934]]],[[[-83.884,37.9047],[-83.8852,37.9042],[-83.8859,37.9043],[-83.8868,37.9054],[-83.8865,37.9091],[-83.8872,37.9092],[-83.8882,37.9074],[-83.8893,37.9066],[-83.8879,37.906],[-83.8881,37.9052],[-83.8875,37.9038],[-83.8879,37.9035],[-83.8894,37.9032],[-83.8887,37.9023],[-83.8887,37.9018],[-83.8905,37.9009],[-83.8914,37.9008],[-83.8927,37.9014],[-83.8946,37.9003],[-83.8963,37.9003],[-83.8961,37.9025],[-83.897,37.9028],[-83.8974,37.9034],[-83.8972,37.9046],[-83.896,37.9053],[-83.8966,37.9057],[-83.8975,37.9053],[-83.8985,37.9041],[-83.8973,37.9015],[-83.8976,37.9011],[-83.8986,37.9009],[-83.8993,37.8997],[-83.9,37.8995],[-83.9007,37.8997],[-83.9015,37.902],[-83.9029,37.9031],[-83.9033,37.9028],[-83.9025,37.9013],[-83.9026,37.9009],[-83.906,37.9013],[-83.906,37.9006],[-83.9071,37.8997],[-83.9058,37.899],[-83.9048,37.8988],[-83.9037,37.8994],[-83.9022,37.8989],[-83.9024,37.8968],[-83.9035,37.8953],[-83.9028,37.8952],[-83.9016,37.896],[-83.9007,37.8981],[-83.898,37.8986],[-83.8975,37.8994],[-83.8925,37.9002],[-83.8911,37.8995],[-83.8904,37.9],[-83.8893,37.9001],[-83.8885,37.9006],[-83.8882,37.9018],[-83.8876,37.9023],[-83.8853,37.9033],[-83.8822,37.9039],[-83.8817,37.9035],[-83.882,37.9018],[-83.8818,37.9012],[-83.8815,37.9012],[-83.8789,37.9039],[-83.8761,37.9033],[-83.8749,37.9053],[-83.8749,37.8751],[-83.88,37.8751],[-83.8801,37.876],[-83.8783,37.8762],[-83.8779,37.8767],[-83.8801,37.8767],[-83.8799,37.8774],[-83.8789,37.8775],[-83.8786,37.8779],[-83.8796,37.878],[-83.8792,37.8794],[-83.8796,37.8802],[-83.8791,37.8804],[-83.8796,37.881],[-83.8789,37.8813],[-83.8786,37.8819],[-83.8779,37.882],[-83.878,37.8825],[-83.877,37.8836],[-83.8776,37.8836],[-83.8792,37.8822],[-83.8805,37.8816],[-83.8812,37.8833],[-83.8809,37.8838],[-83.8813,37.8838],[-83.8812,37.8848],[-83.8809,37.8853],[-83.8795,37.8856],[-83.8787,37.8862],[-83.8797,37.8859],[-83.88,37.8866],[-83.8798,37.8873],[-83.8805,37.8867],[-83.8805,37.8858],[-83.882,37.8856],[-83.8823,37.8861],[-83.883,37.8862],[-83.8829,37.8873],[-83.8823,37.8877],[-83.8821,37.8885],[-83.8829,37.8879],[-83.883,37.8891],[-83.8821,37.8898],[-83.8828,37.8897],[-83.8837,37.8911],[-83.8834,37.893],[-83.8836,37.8922],[-83.8841,37.8919],[-83.8846,37.8921],[-83.885,37.8932],[-83.8848,37.8922],[-83.8836,37.8898],[-83.8837,37.8884],[-83.885,37.8892],[-83.884,37.8879],[-83.8842,37.8869],[-83.8866,37.8876],[-83.8879,37.8902],[-83.8888,37.8905],[-83.8892,37.8911],[-83.8896,37.8908],[-83.8882,37.8902],[-83.8876,37.889],[-83.8873,37.8882],[-83.8884,37.8879],[-83.8874,37.8878],[-83.8865,37.8869],[-83.8848,37.8862],[-83.8848,37.8856],[-83.8844,37.8856],[-83.8831,37.8849],[-83.8831,37.8832],[-83.8836,37.8836],[-83.8838,37.8831],[-83.8847,37.8831],[-83.8855,37.884],[-83.8859,37.8832],[-83.8844,37.8824],[-83.8834,37.8825],[-83.8824,37.8809],[-83.8825,37.8801],[-83.8835,37.8802],[-83.8856,37.8816],[-83.8865,37.8813],[-83.8865,37.881],[-83.8858,37.8811],[-83.8852,37.8805],[-83.8832,37.8797],[-83.8834,37.879],[-83.8828,37.8789],[-83.8823,37.8783],[-83.8826,37.8771],[-83.8829,37.8772],[-83.8833,37.8769],[-83.8844,37.8774],[-83.8838,37.8765],[-83.8828,37.876],[-83.8828,37.8756],[-83.8858,37.8767],[-83.8837,37.8751],[-83.8945,37.8751],[-83.8937,37.8756],[-83.8928,37.8772],[-83.8928,37.8774],[-83.8941,37.8761],[-83.895,37.8758],[-83.8948,37.8764],[-83.8938,37.8772],[-83.8935,37.8779],[-83.8932,37.879],[-83.8938,37.8794],[-83.893,37.8805],[-83.893,37.882],[-83.8936,37.8816],[-83.8932,37.8811],[-83.8934,37.8804],[-83.8943,37.8797],[-83.8948,37.8799],[-83.8944,37.8789],[-83.8954,37.8775],[-83.8957,37.8787],[-83.8961,37.8784],[-83.8973,37.8797],[-83.8975,37.8793],[-83.898,37.8794],[-83.8989,37.88],[-83.8991,37.8812],[-83.8995,37.8812],[-83.8992,37.88],[-83.8985,37.8791],[-83.8973,37.8788],[-83.8965,37.878],[-83.897,37.8777],[-83.8964,37.877],[-83.8966,37.8762],[-83.8975,37.8763],[-83.8969,37.8757],[-83.8968,37.8751],[-83.8982,37.8751],[-83.8985,37.8757],[-83.8988,37.8755],[-83.8986,37.8751],[-83.9011,37.8751],[-83.9015,37.8764],[-83.9012,37.8771],[-83.9025,37.8782],[-83.9022,37.8789],[-83.903,37.8808],[-83.9034,37.884],[-83.904,37.8833],[-83.9034,37.8823],[-83.9039,37.881],[-83.9035,37.8803],[-83.9041,37.8799],[-83.9037,37.8791],[-83.9048,37.8793],[-83.9039,37.8787],[-83.9051,37.8785],[-83.9037,37.8783],[-83.9029,37.8777],[-83.903,37.8774],[-83.9037,37.8775],[-83.9032,37.8767],[-83.9044,37.8763],[-83.9027,37.8765],[-83.9023,37.8751],[-83.904,37.8751],[-83.9041,37.8754],[-83.9045,37.8753],[-83.9043,37.8751],[-83.9106,37.8751],[-83.9095,37.8758],[-83.9092,37.8761],[-83.9095,37.8763],[-83.9106,37.876],[-83.9118,37.8751],[-83.9148,37.8752],[-83.9149,37.8757],[-83.9138,37.8759],[-83.9132,37.8764],[-83.9149,37.8764],[-83.9148,37.8769],[-83.9136,37.8774],[-83.9145,37.8779],[-83.9131,37.8782],[-83.9128,37.8787],[-83.911,37.8789],[-83.9124,37.8792],[-83.912,37.8799],[-83.9132,37.8795],[-83.9136,37.8802],[-83.914,37.8791],[-83.915,37.8788],[-83.9147,37.8794],[-83.9153,37.8801],[-83.9144,37.8811],[-83.9145,37.8814],[-83.9157,37.8808],[-83.9159,37.8813],[-83.9155,37.883],[-83.9158,37.8845],[-83.9161,37.8831],[-83.9164,37.8827],[-83.9167,37.8828],[-83.9166,37.8821],[-83.917,37.882],[-83.9168,37.8814],[-83.9174,37.8813],[-83.9166,37.8806],[-83.9164,37.8798],[-83.9166,37.8795],[-83.9174,37.8797],[-83.9167,37.8786],[-83.9168,37.8783],[-83.9174,37.8781],[-83.9169,37.8773],[-83.9173,37.8768],[-83.9169,37.8763],[-83.9174,37.8762],[-83.917,37.8751],[-83.9186,37.8751],[-83.9181,37.8755],[-83.9184,37.8773],[-83.92,37.8751],[-83.9205,37.8751],[-83.9199,37.8759],[-83.9206,37.8762],[-83.9217,37.8754],[-83.9227,37.8758],[-83.9229,37.8751],[-83.9234,37.8751],[-83.9236,37.8754],[-83.9246,37.8751],[-83.9244,37.8757],[-83.9253,37.8755],[-83.9257,37.8758],[-83.9248,37.8762],[-83.9219,37.876],[-83.9213,37.8764],[-83.92,37.8766],[-83.9202,37.8771],[-83.9194,37.8775],[-83.9185,37.879],[-83.9189,37.8792],[-83.92,37.8782],[-83.9212,37.8775],[-83.9227,37.8773],[-83.9226,37.8776],[-83.9212,37.8785],[-83.921,37.8789],[-83.9233,37.8784],[-83.9233,37.8787],[-83.9223,37.8794],[-83.921,37.8796],[-83.9199,37.8806],[-83.9214,37.88],[-83.9229,37.8801],[-83.9226,37.8807],[-83.9242,37.8804],[-83.9235,37.8808],[-83.924,37.8814],[-83.9215,37.8812],[-83.9218,37.8816],[-83.9228,37.8818],[-83.9228,37.8821],[-83.9235,37.8823],[-83.9234,37.8829],[-83.9238,37.8831],[-83.9252,37.8825],[-83.9258,37.8815],[-83.9258,37.8821],[-83.9248,37.8828],[-83.9247,37.8833],[-83.9238,37.8836],[-83.9227,37.883],[-83.9203,37.8826],[-83.9213,37.8834],[-83.9228,37.8839],[-83.9229,37.8844],[-83.9206,37.8841],[-83.9202,37.8844],[-83.919,37.8844],[-83.9192,37.8849],[-83.9201,37.8847],[-83.9204,37.885],[-83.921,37.8847],[-83.9225,37.8855],[-83.9249,37.8859],[-83.925,37.8862],[-83.9223,37.8859],[-83.9226,37.8863],[-83.9214,37.8871],[-83.9233,37.8867],[-83.9237,37.8869],[-83.923,37.8872],[-83.923,37.888],[-83.9238,37.8879],[-83.9244,37.8874],[-83.9251,37.8877],[-83.924,37.888],[-83.9242,37.8885],[-83.9227,37.8881],[-83.9213,37.8885],[-83.9227,37.8891],[-83.9233,37.8898],[-83.923,37.8899],[-83.9218,37.8893],[-83.921,37.8895],[-83.922,37.89],[-83.9223,37.8907],[-83.9204,37.8916],[-83.92,37.891],[-83.9195,37.8913],[-83.9197,37.8919],[-83.9192,37.8921],[-83.9186,37.8927],[-83.9179,37.8919],[-83.9179,37.8928],[-83.9161,37.8932],[-83.9151,37.8929],[-83.9145,37.8933],[-83.9137,37.8928],[-83.9132,37.8929],[-83.914,37.8933],[-83.9132,37.8946],[-83.9141,37.8937],[-83.9147,37.8939],[-83.9154,37.8937],[-83.9156,37.8948],[-83.9161,37.894],[-83.9168,37.894],[-83.917,37.8943],[-83.9175,37.894],[-83.9183,37.894],[-83.9178,37.8948],[-83.9181,37.8955],[-83.9186,37.8957],[-83.9188,37.8947],[-83.9202,37.896],[-83.9193,37.8943],[-83.9194,37.8938],[-83.92,37.8938],[-83.9205,37.8949],[-83.9207,37.8939],[-83.9213,37.8945],[-83.9214,37.8936],[-83.922,37.8939],[-83.9224,37.8929],[-83.923,37.8927],[-83.9221,37.8953],[-83.9222,37.8958],[-83.9235,37.8942],[-83.9235,37.8951],[-83.9242,37.8943],[-83.9249,37.8927],[-83.9247,37.892],[-83.9254,37.8922],[-83.9249,37.894],[-83.9253,37.8944],[-83.9248,37.8949],[-83.9252,37.8953],[-83.9242,37.8957],[-83.9246,37.8962],[-83.9236,37.8964],[-83.9245,37.8972],[-83.9225,37.897],[-83.9224,37.8973],[-83.9217,37.8975],[-83.9234,37.8978],[-83.9223,37.8981],[-83.9239,37.8989],[-83.9233,37.8997],[-83.9235,37.9004],[-83.923,37.9007],[-83.9223,37.9003],[-83.9227,37.9012],[-83.9217,37.9016],[-83.9222,37.9018],[-83.9208,37.9031],[-83.9202,37.903],[-83.9192,37.9033],[-83.9202,37.9036],[-83.9203,37.9039],[-83.9191,37.9049],[-83.9184,37.9043],[-83.9184,37.9052],[-83.9189,37.9055],[-83.9183,37.9071],[-83.9177,37.9073],[-83.918,37.9073],[-83.918,37.9076],[-83.917,37.9083],[-83.9154,37.9105],[-83.9171,37.909],[-83.9178,37.9093],[-83.9176,37.9084],[-83.9187,37.9079],[-83.9189,37.9082],[-83.9191,37.9074],[-83.9196,37.9072],[-83.9193,37.907],[-83.9199,37.9057],[-83.9205,37.9058],[-83.9216,37.9046],[-83.9222,37.9048],[-83.923,37.9036],[-83.9239,37.9035],[-83.9239,37.9029],[-83.925,37.9029],[-83.925,37.9024],[-83.9256,37.902],[-83.9256,37.9029],[-83.9268,37.9021],[-83.9275,37.9029],[-83.9279,37.9027],[-83.9287,37.9031],[-83.9271,37.9013],[-83.9285,37.9013],[-83.9273,37.9004],[-83.9278,37.8998],[-83.9275,37.8994],[-83.9301,37.9],[-83.9298,37.8994],[-83.9288,37.8988],[-83.9283,37.8977],[-83.9287,37.8975],[-83.9294,37.8983],[-83.93,37.8982],[-83.9301,37.8986],[-83.9307,37.8986],[-83.9313,37.9],[-83.9317,37.8985],[-83.9309,37.8973],[-83.9298,37.8969],[-83.9293,37.8961],[-83.9299,37.8965],[-83.9303,37.8959],[-83.931,37.897],[-83.9317,37.897],[-83.9319,37.8978],[-83.9329,37.898],[-83.9335,37.8988],[-83.9333,37.8999],[-83.934,37.8997],[-83.9341,37.8992],[-83.935,37.8993],[-83.9356,37.899],[-83.9345,37.8987],[-83.9343,37.8984],[-83.9364,37.8974],[-83.9343,37.8977],[-83.9336,37.8973],[-83.9336,37.8969],[-83.9352,37.8964],[-83.9328,37.8962],[-83.9327,37.8955],[-83.9343,37.8955],[-83.9335,37.8951],[-83.9336,37.8944],[-83.9324,37.8946],[-83.9318,37.8943],[-83.9316,37.8938],[-83.9323,37.8937],[-83.9331,37.8942],[-83.9333,37.8936],[-83.9308,37.8914],[-83.9335,37.8933],[-83.9342,37.8941],[-83.9349,37.8941],[-83.9347,37.8936],[-83.935,37.8934],[-83.9352,37.8926],[-83.9358,37.8936],[-83.9362,37.893],[-83.9371,37.8941],[-83.9368,37.8932],[-83.9371,37.8925],[-83.9366,37.8918],[-83.9356,37.8916],[-83.934,37.8918],[-83.9352,37.8916],[-83.9354,37.8913],[-83.933,37.8903],[-83.9348,37.8908],[-83.935,37.8905],[-83.9346,37.8899],[-83.9358,37.8909],[-83.9366,37.8909],[-83.9366,37.89],[-83.9359,37.8892],[-83.936,37.8885],[-83.9346,37.8887],[-83.9343,37.8885],[-83.9344,37.8882],[-83.9331,37.8878],[-83.9338,37.8876],[-83.935,37.8881],[-83.9363,37.8879],[-83.9354,37.8873],[-83.9357,37.887],[-83.9349,37.8862],[-83.9353,37.8858],[-83.9344,37.8854],[-83.9343,37.885],[-83.9351,37.8852],[-83.9343,37.8837],[-83.9351,37.8844],[-83.9356,37.8842],[-83.9363,37.8847],[-83.9358,37.8854],[-83.9361,37.886],[-83.9358,37.8865],[-83.9362,37.8869],[-83.9376,37.8851],[-83.9378,37.8837],[-83.9374,37.8833],[-83.9375,37.8831],[-83.9369,37.8827],[-83.937,37.8819],[-83.9346,37.881],[-83.9344,37.8807],[-83.9366,37.8814],[-83.9366,37.8805],[-83.9351,37.8789],[-83.9359,37.8789],[-83.9362,37.8796],[-83.9368,37.8794],[-83.9371,37.8787],[-83.9369,37.8774],[-83.9378,37.8788],[-83.9368,37.88],[-83.9375,37.8814],[-83.9385,37.881],[-83.9373,37.8824],[-83.9377,37.8826],[-83.939,37.8822],[-83.9392,37.8825],[-83.9383,37.8832],[-83.9382,37.8842],[-83.9388,37.8841],[-83.9393,37.8835],[-83.9396,37.8838],[-83.9395,37.8842],[-83.9382,37.885],[-83.9375,37.8859],[-83.9368,37.8877],[-83.9377,37.8874],[-83.9384,37.8863],[-83.939,37.8865],[-83.939,37.8858],[-83.9396,37.8852],[-83.9402,37.8853],[-83.9395,37.8859],[-83.9399,37.8862],[-83.9398,37.8866],[-83.9385,37.887],[-83.9389,37.8875],[-83.9374,37.8881],[-83.9374,37.8886],[-83.9366,37.8887],[-83.9368,37.8898],[-83.9379,37.8897],[-83.9374,37.891],[-83.9382,37.8906],[-83.9397,37.8891],[-83.9397,37.8885],[-83.9407,37.8879],[-83.941,37.8882],[-83.9404,37.8888],[-83.9405,37.8892],[-83.9389,37.8914],[-83.9395,37.8916],[-83.9402,37.8908],[-83.9419,37.8905],[-83.9421,37.8909],[-83.9414,37.8921],[-83.942,37.8918],[-83.942,37.8925],[-83.9425,37.8924],[-83.9428,37.891],[-83.9435,37.8904],[-83.9436,37.8909],[-83.9431,37.8918],[-83.9442,37.8913],[-83.9444,37.8915],[-83.9443,37.8922],[-83.9435,37.8929],[-83.9442,37.8929],[-83.944,37.8938],[-83.9448,37.893],[-83.9456,37.8902],[-83.9462,37.8907],[-83.9467,37.8901],[-83.9468,37.8912],[-83.9459,37.8918],[-83.9457,37.8933],[-83.9448,37.8943],[-83.9449,37.8946],[-83.9456,37.8945],[-83.9445,37.8956],[-83.945,37.8957],[-83.9452,37.8962],[-83.9456,37.8958],[-83.9466,37.8959],[-83.946,37.8954],[-83.9466,37.8942],[-83.9478,37.8947],[-83.9469,37.8934],[-83.9473,37.8931],[-83.9478,37.8933],[-83.9479,37.8927],[-83.949,37.8924],[-83.9486,37.8912],[-83.9495,37.8912],[-83.9495,37.8901],[-83.9509,37.8912],[-83.9497,37.8922],[-83.9495,37.8932],[-83.9513,37.8931],[-83.9516,37.8924],[-83.952,37.8929],[-83.9509,37.8946],[-83.9534,37.8935],[-83.954,37.8939],[-83.9544,37.8939],[-83.9546,37.8935],[-83.9559,37.8939],[-83.9554,37.8944],[-83.9539,37.8944],[-83.9528,37.8961],[-83.9535,37.896],[-83.9542,37.8954],[-83.9549,37.8957],[-83.9568,37.8958],[-83.9579,37.8941],[-83.9572,37.8956],[-83.958,37.8957],[-83.9579,37.897],[-83.9587,37.8968],[-83.9592,37.8963],[-83.9594,37.8966],[-83.9587,37.8973],[-83.96,37.8979],[-83.9613,37.8981],[-83.9606,37.8985],[-83.9598,37.898],[-83.9595,37.8987],[-83.959,37.8978],[-83.9585,37.8978],[-83.9584,37.8982],[-83.9579,37.898],[-83.957,37.8963],[-83.9553,37.8962],[-83.9554,37.8966],[-83.9562,37.8969],[-83.957,37.8986],[-83.9563,37.8987],[-83.9552,37.8976],[-83.9539,37.8977],[-83.9549,37.898],[-83.9551,37.8985],[-83.9546,37.8991],[-83.9538,37.8991],[-83.9524,37.8999],[-83.9538,37.8997],[-83.9539,37.9004],[-83.9549,37.8997],[-83.9557,37.8996],[-83.9561,37.8998],[-83.9557,37.9006],[-83.9573,37.9],[-83.9581,37.9002],[-83.9569,37.9011],[-83.9547,37.9017],[-83.9539,37.9022],[-83.9559,37.9021],[-83.9562,37.9024],[-83.9571,37.9019],[-83.9584,37.9017],[-83.9585,37.9023],[-83.9558,37.9033],[-83.9557,37.9038],[-83.9544,37.9031],[-83.9539,37.9039],[-83.9532,37.9033],[-83.9526,37.9037],[-83.9518,37.9032],[-83.9516,37.9039],[-83.9512,37.9039],[-83.9506,37.9032],[-83.9513,37.9022],[-83.9506,37.9022],[-83.9503,37.9016],[-83.9496,37.9022],[-83.949,37.9022],[-83.9491,37.9016],[-83.9479,37.9021],[-83.9471,37.9013],[-83.9479,37.901],[-83.948,37.9004],[-83.9472,37.9006],[-83.9457,37.9005],[-83.9455,37.9001],[-83.9461,37.8998],[-83.9453,37.8996],[-83.9454,37.8988],[-83.9447,37.8985],[-83.9448,37.8993],[-83.9444,37.8998],[-83.9448,37.9006],[-83.9441,37.9012],[-83.9432,37.9012],[-83.9423,37.9001],[-83.9421,37.901],[-83.9403,37.9011],[-83.94,37.9015],[-83.9387,37.9018],[-83.9392,37.9029],[-83.9396,37.902],[-83.9412,37.9017],[-83.9413,37.9022],[-83.9423,37.9018],[-83.9428,37.9024],[-83.9437,37.9024],[-83.9438,37.9032],[-83.944,37.9027],[-83.9447,37.9035],[-83.9449,37.9021],[-83.946,37.9031],[-83.9464,37.9041],[-83.947,37.9037],[-83.948,37.9041],[-83.9469,37.9046],[-83.9465,37.9051],[-83.9484,37.905],[-83.9489,37.9054],[-83.9489,37.9063],[-83.9497,37.906],[-83.9505,37.9066],[-83.9503,37.9072],[-83.9479,37.9073],[-83.947,37.9077],[-83.9489,37.9078],[-83.9494,37.9081],[-83.9484,37.9084],[-83.948,37.9089],[-83.9474,37.909],[-83.9472,37.9095],[-83.9461,37.9094],[-83.9468,37.9101],[-83.9462,37.9105],[-83.9452,37.9102],[-83.9457,37.9108],[-83.9453,37.9115],[-83.9442,37.9119],[-83.9434,37.9117],[-83.9436,37.9128],[-83.9432,37.9138],[-83.9443,37.9123],[-83.945,37.9123],[-83.9457,37.9133],[-83.9461,37.9121],[-83.9472,37.9114],[-83.9473,37.9118],[-83.9485,37.9105],[-83.949,37.9115],[-83.9486,37.9127],[-83.9478,37.9133],[-83.9487,37.9131],[-83.9495,37.9122],[-83.95,37.913],[-83.9483,37.9148],[-83.9502,37.9138],[-83.9505,37.9148],[-83.9496,37.9158],[-83.9504,37.9156],[-83.9507,37.9163],[-83.9512,37.9151],[-83.9522,37.9152],[-83.9513,37.9146],[-83.9511,37.9138],[-83.9515,37.9136],[-83.9503,37.9107],[-83.9505,37.9103],[-83.9509,37.9101],[-83.951,37.9103],[-83.9515,37.9099],[-83.9524,37.9129],[-83.9525,37.9116],[-83.9533,37.912],[-83.9527,37.9105],[-83.9527,37.9087],[-83.953,37.9105],[-83.9535,37.9101],[-83.9539,37.911],[-83.9543,37.9106],[-83.9547,37.9107],[-83.9556,37.9121],[-83.9555,37.9127],[-83.9561,37.9122],[-83.9559,37.9134],[-83.9549,37.9147],[-83.9553,37.9147],[-83.9565,37.9138],[-83.9572,37.9147],[-83.9569,37.913],[-83.9573,37.9125],[-83.9576,37.9097],[-83.9583,37.9081],[-83.9585,37.9087],[-83.9578,37.9104],[-83.9579,37.9113],[-83.9585,37.9122],[-83.959,37.9102],[-83.9595,37.9101],[-83.9597,37.9103],[-83.9586,37.9132],[-83.9592,37.9128],[-83.961,37.9104],[-83.9604,37.9121],[-83.9605,37.913],[-83.9613,37.9117],[-83.9617,37.9115],[-83.9622,37.9119],[-83.9618,37.9123],[-83.962,37.9127],[-83.9615,37.9131],[-83.9622,37.9132],[-83.962,37.9137],[-83.9602,37.9146],[-83.9594,37.9156],[-83.961,37.9147],[-83.962,37.9148],[-83.9631,37.9134],[-83.9638,37.9131],[-83.9638,37.9122],[-83.9647,37.9113],[-83.965,37.9119],[-83.9643,37.9125],[-83.9646,37.9132],[-83.9642,37.9138],[-83.9631,37.9144],[-83.963,37.9151],[-83.9636,37.9152],[-83.9645,37.9146],[-83.9653,37.9149],[-83.9674,37.9148],[-83.967,37.915],[-83.9645,37.915],[-83.9635,37.9157],[-83.9619,37.916],[-83.9603,37.9171],[-83.9599,37.918],[-83.9628,37.9167],[-83.9651,37.9162],[-83.9653,37.9167],[-83.9644,37.9166],[-83.9641,37.9172],[-83.9621,37.9182],[-83.9644,37.9178],[-83.963,37.9185],[-83.9631,37.9188],[-83.9643,37.9192],[-83.9659,37.9186],[-83.9646,37.9191],[-83.9645,37.9198],[-83.9637,37.9191],[-83.9632,37.9191],[-83.9631,37.9194],[-83.9625,37.919],[-83.962,37.92],[-83.963,37.9204],[-83.9622,37.9207],[-83.9618,37.9196],[-83.9607,37.9193],[-83.9611,37.9207],[-83.9603,37.9216],[-83.9596,37.9215],[-83.9593,37.921],[-83.9595,37.9203],[-83.9602,37.9201],[-83.96,37.9195],[-83.9595,37.9189],[-83.9594,37.9198],[-83.959,37.92],[-83.9586,37.9189],[-83.9583,37.9192],[-83.9585,37.9204],[-83.958,37.9204],[-83.9585,37.9214],[-83.9584,37.9229],[-83.9567,37.9206],[-83.9562,37.9204],[-83.9565,37.9197],[-83.956,37.9194],[-83.9565,37.9187],[-83.9558,37.9191],[-83.9551,37.9203],[-83.9546,37.9204],[-83.9544,37.9209],[-83.9553,37.9207],[-83.9563,37.922],[-83.9553,37.9217],[-83.9554,37.9226],[-83.954,37.9221],[-83.9543,37.9236],[-83.9558,37.9234],[-83.9554,37.9245],[-83.9561,37.9247],[-83.957,37.9244],[-83.9586,37.9253],[-83.9575,37.9259],[-83.9573,37.9251],[-83.9556,37.925],[-83.9554,37.9254],[-83.9559,37.9258],[-83.9548,37.9259],[-83.9547,37.9265],[-83.9563,37.9268],[-83.9566,37.9271],[-83.9561,37.9278],[-83.9564,37.9279],[-83.9579,37.9277],[-83.9587,37.9272],[-83.9589,37.928],[-83.9594,37.9282],[-83.9594,37.9289],[-83.9606,37.9285],[-83.9608,37.9288],[-83.9595,37.9295],[-83.9582,37.928],[-83.9565,37.9283],[-83.9566,37.9289],[-83.9573,37.9291],[-83.9571,37.9295],[-83.9577,37.93],[-83.9572,37.9307],[-83.9568,37.9304],[-83.957,37.9295],[-83.9557,37.9288],[-83.9558,37.9277],[-83.9552,37.9269],[-83.9543,37.9272],[-83.9547,37.928],[-83.954,37.928],[-83.9541,37.9285],[-83.9535,37.929],[-83.9543,37.9293],[-83.9542,37.9296],[-83.9535,37.9295],[-83.9534,37.93],[-83.953,37.9297],[-83.9536,37.9282],[-83.9537,37.9259],[-83.9543,37.9255],[-83.954,37.9251],[-83.9545,37.9245],[-83.9533,37.9245],[-83.9531,37.9242],[-83.9528,37.9209],[-83.9521,37.92],[-83.9525,37.919],[-83.9533,37.9184],[-83.953,37.9179],[-83.9521,37.9188],[-83.9514,37.9186],[-83.9516,37.9194],[-83.951,37.9196],[-83.9515,37.9211],[-83.9494,37.9199],[-83.9496,37.9207],[-83.9472,37.9206],[-83.9478,37.9211],[-83.9503,37.9213],[-83.9515,37.9224],[-83.9512,37.9229],[-83.9487,37.9224],[-83.9489,37.9228],[-83.9497,37.9228],[-83.9501,37.9234],[-83.9514,37.9237],[-83.9513,37.9243],[-83.9482,37.924],[-83.95,37.9246],[-83.9488,37.9251],[-83.9514,37.9253],[-83.9515,37.9257],[-83.951,37.9259],[-83.9513,37.9263],[-83.9506,37.9261],[-83.9499,37.9264],[-83.9506,37.9275],[-83.9484,37.9261],[-83.948,37.9264],[-83.9472,37.9262],[-83.9478,37.9269],[-83.9487,37.927],[-83.9483,37.9277],[-83.9487,37.9278],[-83.9492,37.9286],[-83.9505,37.9285],[-83.9504,37.9292],[-83.95,37.9295],[-83.9494,37.9292],[-83.949,37.9296],[-83.9475,37.9279],[-83.9459,37.9271],[-83.9453,37.9262],[-83.9454,37.9273],[-83.9472,37.9291],[-83.9457,37.929],[-83.9445,37.9286],[-83.9445,37.9291],[-83.944,37.9293],[-83.9436,37.9289],[-83.9438,37.9294],[-83.9433,37.9301],[-83.9439,37.9297],[-83.945,37.9297],[-83.9438,37.9312],[-83.946,37.93],[-83.9467,37.9302],[-83.9475,37.9308],[-83.9484,37.9309],[-83.9475,37.931],[-83.9468,37.9306],[-83.9462,37.9308],[-83.9446,37.9322],[-83.9465,37.9316],[-83.9457,37.9329],[-83.9465,37.9327],[-83.9473,37.932],[-83.9477,37.932],[-83.9477,37.9322],[-83.9471,37.9328],[-83.9433,37.9339],[-83.9426,37.9337],[-83.943,37.9347],[-83.9437,37.9341],[-83.9458,37.9338],[-83.9449,37.9348],[-83.9455,37.9351],[-83.9475,37.9337],[-83.9463,37.9358],[-83.948,37.9346],[-83.9487,37.9338],[-83.9486,37.9331],[-83.9506,37.9325],[-83.9511,37.9327],[-83.9511,37.933],[-83.9503,37.9338],[-83.9519,37.9334],[-83.9496,37.9345],[-83.9523,37.9342],[-83.948,37.9355],[-83.9476,37.9358],[-83.9478,37.9363],[-83.9465,37.9375],[-83.9471,37.9376],[-83.9483,37.9368],[-83.9488,37.9361],[-83.9495,37.9358],[-83.9501,37.9358],[-83.9492,37.937],[-83.9509,37.9367],[-83.9516,37.9359],[-83.9523,37.9359],[-83.9527,37.9353],[-83.9531,37.9355],[-83.952,37.9365],[-83.9524,37.9368],[-83.9519,37.9373],[-83.9484,37.9376],[-83.9485,37.9381],[-83.9494,37.938],[-83.9507,37.9386],[-83.9502,37.9389],[-83.9482,37.9388],[-83.9487,37.9396],[-83.9491,37.9393],[-83.9495,37.9396],[-83.9481,37.9407],[-83.9478,37.9405],[-83.9478,37.9394],[-83.9473,37.939],[-83.9471,37.9402],[-83.9465,37.9403],[-83.9462,37.9407],[-83.9467,37.9408],[-83.9467,37.9413],[-83.947,37.9414],[-83.9466,37.9419],[-83.946,37.9419],[-83.9451,37.9413],[-83.945,37.9408],[-83.9455,37.9402],[-83.9439,37.9411],[-83.9433,37.9409],[-83.9432,37.94],[-83.9427,37.9407],[-83.9434,37.9415],[-83.943,37.9421],[-83.944,37.9417],[-83.9445,37.942],[-83.9435,37.9431],[-83.945,37.9428],[-83.9449,37.9431],[-83.9455,37.9435],[-83.9444,37.9443],[-83.9452,37.9444],[-83.9452,37.9448],[-83.9466,37.9429],[-83.9473,37.9428],[-83.9475,37.9433],[-83.9468,37.9451],[-83.9475,37.9449],[-83.9482,37.9431],[-83.9488,37.9441],[-83.9493,37.9436],[-83.9487,37.9422],[-83.9501,37.9432],[-83.9492,37.9417],[-83.9501,37.9412],[-83.9506,37.9425],[-83.9511,37.9425],[-83.9513,37.9432],[-83.9518,37.9427],[-83.9523,37.943],[-83.9523,37.9425],[-83.9515,37.942],[-83.9512,37.9412],[-83.9522,37.9417],[-83.9521,37.9411],[-83.9528,37.9412],[-83.9524,37.9403],[-83.9533,37.9405],[-83.9532,37.9398],[-83.9543,37.9407],[-83.9544,37.9387],[-83.9551,37.9394],[-83.9557,37.9391],[-83.9555,37.9382],[-83.9548,37.9378],[-83.9551,37.9376],[-83.9549,37.9369],[-83.9556,37.9374],[-83.9559,37.9381],[-83.9567,37.9382],[-83.9567,37.9376],[-83.958,37.9375],[-83.9578,37.9372],[-83.9585,37.9367],[-83.9578,37.9365],[-83.9566,37.9368],[-83.9557,37.936],[-83.9558,37.9357],[-83.9561,37.9357],[-83.9566,37.9363],[-83.9573,37.936],[-83.9576,37.9353],[-83.958,37.9361],[-83.9585,37.936],[-83.9594,37.9364],[-83.9597,37.9352],[-83.9606,37.9352],[-83.9605,37.9343],[-83.961,37.935],[-83.9619,37.934],[-83.9623,37.9342],[-83.9616,37.9352],[-83.9624,37.9351],[-83.9618,37.9358],[-83.9642,37.9352],[-83.9636,37.9359],[-83.962,37.9365],[-83.9627,37.9367],[-83.9628,37.937],[-83.9611,37.9374],[-83.9609,37.9361],[-83.9599,37.9369],[-83.96,37.9373],[-83.9592,37.9376],[-83.9603,37.938],[-83.9602,37.9383],[-83.9596,37.9387],[-83.9605,37.9397],[-83.9589,37.9398],[-83.9591,37.9379],[-83.9579,37.9385],[-83.958,37.939],[-83.9571,37.9389],[-83.9573,37.94],[-83.9566,37.9402],[-83.9578,37.9408],[-83.9579,37.9411],[-83.9571,37.9407],[-83.9563,37.941],[-83.9567,37.9418],[-83.9559,37.9425],[-83.9563,37.9427],[-83.9552,37.9432],[-83.9556,37.9402],[-83.9548,37.9416],[-83.9536,37.9419],[-83.9545,37.942],[-83.9546,37.9424],[-83.9543,37.9428],[-83.9534,37.9428],[-83.954,37.9433],[-83.9531,37.9437],[-83.9543,37.9441],[-83.9523,37.9445],[-83.9524,37.9449],[-83.9512,37.9452],[-83.9531,37.9453],[-83.9531,37.9456],[-83.9524,37.9461],[-83.9534,37.9467],[-83.9542,37.9456],[-83.9547,37.9461],[-83.9556,37.9448],[-83.9561,37.9456],[-83.9566,37.9445],[-83.9572,37.9452],[-83.9577,37.9435],[-83.958,37.9447],[-83.9576,37.9456],[-83.9581,37.9457],[-83.9593,37.9447],[-83.9589,37.943],[-83.9593,37.9431],[-83.9596,37.9427],[-83.96,37.9432],[-83.9594,37.9439],[-83.9596,37.9443],[-83.9606,37.9443],[-83.9614,37.9434],[-83.9612,37.9447],[-83.9618,37.9448],[-83.9626,37.9443],[-83.9629,37.9444],[-83.9624,37.9456],[-83.9604,37.9444],[-83.9594,37.9458],[-83.9606,37.9453],[-83.9608,37.9458],[-83.9603,37.9464],[-83.9606,37.9467],[-83.9612,37.9465],[-83.962,37.9468],[-83.9619,37.9476],[-83.9602,37.9473],[-83.9598,37.9468],[-83.9593,37.947],[-83.9584,37.9463],[-83.9569,37.9461],[-83.9559,37.9462],[-83.9549,37.9472],[-83.9551,37.9478],[-83.9558,37.947],[-83.9568,37.9467],[-83.9563,37.9481],[-83.9569,37.9481],[-83.957,37.949],[-83.9573,37.9473],[-83.958,37.9472],[-83.958,37.9479],[-83.9588,37.948],[-83.958,37.9498],[-83.9584,37.95],[-83.9597,37.9485],[-83.9595,37.9494],[-83.9599,37.9495],[-83.9608,37.9489],[-83.961,37.9495],[-83.9602,37.9497],[-83.9604,37.9502],[-83.9595,37.9498],[-83.9587,37.9502],[-83.959,37.9508],[-83.9588,37.951],[-83.9575,37.9503],[-83.9571,37.9509],[-83.9564,37.9506],[-83.9559,37.9507],[-83.9556,37.9512],[-83.9565,37.9518],[-83.9546,37.9515],[-83.9545,37.9508],[-83.9541,37.9511],[-83.9534,37.951],[-83.9541,37.9515],[-83.9528,37.9527],[-83.9544,37.9525],[-83.9536,37.9533],[-83.9543,37.9535],[-83.9542,37.954],[-83.9549,37.9536],[-83.9554,37.9529],[-83.9576,37.953],[-83.9551,37.9539],[-83.9551,37.9542],[-83.9557,37.9544],[-83.9547,37.9553],[-83.9558,37.9552],[-83.9558,37.9559],[-83.9554,37.9561],[-83.955,37.9556],[-83.9541,37.9556],[-83.954,37.956],[-83.9528,37.9565],[-83.9526,37.957],[-83.9519,37.9566],[-83.9514,37.957],[-83.9494,37.957],[-83.9496,37.9564],[-83.9511,37.955],[-83.9508,37.9549],[-83.9501,37.9554],[-83.9492,37.9557],[-83.9489,37.9562],[-83.9477,37.9561],[-83.9479,37.9567],[-83.9473,37.9572],[-83.9464,37.9574],[-83.9464,37.9564],[-83.9455,37.9569],[-83.9453,37.9577],[-83.9444,37.9579],[-83.9438,37.9577],[-83.9436,37.9571],[-83.9429,37.9577],[-83.9423,37.9576],[-83.9416,37.9567],[-83.9418,37.9557],[-83.9414,37.9551],[-83.9422,37.955],[-83.944,37.9558],[-83.9455,37.9552],[-83.944,37.9553],[-83.943,37.9547],[-83.943,37.9542],[-83.9419,37.9541],[-83.9418,37.9539],[-83.9432,37.9532],[-83.9446,37.9536],[-83.9444,37.953],[-83.9449,37.9527],[-83.9464,37.9529],[-83.9463,37.9526],[-83.9453,37.9523],[-83.9432,37.9525],[-83.9449,37.9511],[-83.9449,37.9501],[-83.9457,37.95],[-83.9479,37.9504],[-83.9464,37.9498],[-83.9454,37.9498],[-83.9458,37.9486],[-83.9451,37.9497],[-83.9442,37.9499],[-83.9439,37.9507],[-83.9424,37.9514],[-83.9409,37.9526],[-83.9397,37.9531],[-83.9393,37.9522],[-83.9386,37.952],[-83.9377,37.951],[-83.9368,37.9505],[-83.9374,37.9495],[-83.9384,37.9492],[-83.9376,37.9488],[-83.9375,37.9477],[-83.9368,37.9484],[-83.9358,37.9487],[-83.9349,37.9482],[-83.935,37.947],[-83.9356,37.9459],[-83.937,37.9455],[-83.9366,37.9451],[-83.9371,37.9446],[-83.9366,37.9443],[-83.9369,37.9438],[-83.9353,37.9445],[-83.9352,37.9436],[-83.9356,37.9432],[-83.9352,37.9429],[-83.9346,37.9442],[-83.9345,37.946],[-83.934,37.9464],[-83.9335,37.9461],[-83.9325,37.9446],[-83.9317,37.9448],[-83.9298,37.9444],[-83.9305,37.9425],[-83.9311,37.9419],[-83.9305,37.9417],[-83.9309,37.9411],[-83.9308,37.9404],[-83.9329,37.9389],[-83.9324,37.9388],[-83.9314,37.9391],[-83.9313,37.9388],[-83.9321,37.9376],[-83.9326,37.9378],[-83.9323,37.9374],[-83.9335,37.9363],[-83.9333,37.9356],[-83.931,37.9375],[-83.9304,37.9387],[-83.9297,37.9391],[-83.9292,37.9409],[-83.9285,37.9411],[-83.9282,37.9394],[-83.9275,37.9384],[-83.9272,37.9387],[-83.9264,37.9386],[-83.9255,37.9376],[-83.9253,37.9367],[-83.9262,37.936],[-83.9264,37.9352],[-83.9274,37.9349],[-83.9261,37.935],[-83.9258,37.9347],[-83.9266,37.9323],[-83.9265,37.9316],[-83.926,37.9333],[-83.9255,37.9337],[-83.9243,37.9359],[-83.9242,37.9369],[-83.9236,37.9357],[-83.9222,37.9345],[-83.9224,37.9334],[-83.9214,37.933],[-83.9211,37.9324],[-83.9207,37.9328],[-83.9215,37.9342],[-83.9211,37.9346],[-83.9202,37.9337],[-83.9189,37.9332],[-83.9185,37.9324],[-83.9175,37.9321],[-83.9185,37.9325],[-83.9196,37.9346],[-83.9194,37.935],[-83.9198,37.9354],[-83.9198,37.9359],[-83.9225,37.9359],[-83.9223,37.9368],[-83.9214,37.9371],[-83.9231,37.9386],[-83.9223,37.9396],[-83.9229,37.9403],[-83.9228,37.9413],[-83.9237,37.9421],[-83.9233,37.9422],[-83.9222,37.9417],[-83.9213,37.9418],[-83.9226,37.9425],[-83.9221,37.9428],[-83.9218,37.9435],[-83.9203,37.9428],[-83.9214,37.9439],[-83.9193,37.9447],[-83.9192,37.945],[-83.92,37.9449],[-83.9197,37.9464],[-83.9205,37.945],[-83.9211,37.945],[-83.9213,37.9456],[-83.9215,37.9452],[-83.9221,37.9453],[-83.9216,37.9446],[-83.9225,37.9445],[-83.9236,37.9435],[-83.9242,37.9436],[-83.9244,37.9447],[-83.9254,37.9431],[-83.9256,37.9438],[-83.9252,37.9451],[-83.9262,37.9455],[-83.9264,37.9459],[-83.9253,37.9468],[-83.9259,37.9469],[-83.927,37.9464],[-83.9283,37.9477],[-83.9276,37.9477],[-83.9277,37.9481],[-83.9268,37.9483],[-83.9247,37.9482],[-83.926,37.9488],[-83.926,37.9493],[-83.9256,37.9494],[-83.9244,37.949],[-83.925,37.9497],[-83.9242,37.9502],[-83.9247,37.9506],[-83.9242,37.951],[-83.9242,37.9515],[-83.9238,37.9518],[-83.9219,37.9518],[-83.9219,37.9523],[-83.9223,37.9527],[-83.9229,37.9526],[-83.9245,37.9517],[-83.9248,37.9512],[-83.9256,37.9517],[-83.9252,37.9507],[-83.9255,37.9504],[-83.9262,37.9503],[-83.9271,37.9512],[-83.9267,37.9502],[-83.9273,37.9492],[-83.9288,37.9486],[-83.9298,37.9488],[-83.9299,37.9491],[-83.9304,37.9492],[-83.9304,37.9496],[-83.9294,37.9511],[-83.9309,37.9497],[-83.9315,37.9504],[-83.9298,37.9524],[-83.9306,37.9522],[-83.9318,37.9511],[-83.9324,37.9517],[-83.9322,37.9527],[-83.9326,37.953],[-83.9311,37.9539],[-83.9303,37.954],[-83.9299,37.9538],[-83.9293,37.9543],[-83.9279,37.9544],[-83.9273,37.9553],[-83.9282,37.955],[-83.9281,37.9555],[-83.9286,37.9559],[-83.93,37.9554],[-83.9301,37.9563],[-83.9306,37.9569],[-83.9314,37.9563],[-83.9316,37.9547],[-83.9335,37.9547],[-83.9341,37.9555],[-83.9328,37.9555],[-83.932,37.956],[-83.933,37.956],[-83.9342,37.9567],[-83.9344,37.9571],[-83.9341,37.9575],[-83.9328,37.9576],[-83.9344,37.9582],[-83.9345,37.9589],[-83.9291,37.9576],[-83.9292,37.9579],[-83.9302,37.9581],[-83.9304,37.9588],[-83.9313,37.959],[-83.9322,37.9596],[-83.9309,37.9591],[-83.9303,37.9592],[-83.9296,37.9594],[-83.9294,37.9599],[-83.9286,37.9589],[-83.9281,37.9596],[-83.9282,37.9585],[-83.9275,37.9571],[-83.9278,37.9567],[-83.926,37.9561],[-83.9251,37.9562],[-83.9259,37.9568],[-83.9259,37.9574],[-83.9267,37.9576],[-83.9267,37.9586],[-83.9263,37.9587],[-83.9257,37.9576],[-83.925,37.958],[-83.9245,37.9574],[-83.9234,37.9579],[-83.9237,37.9585],[-83.9251,37.9589],[-83.9253,37.9595],[-83.9248,37.9592],[-83.9238,37.9595],[-83.9244,37.9599],[-83.9243,37.9603],[-83.9237,37.9602],[-83.923,37.9608],[-83.9232,37.9612],[-83.9214,37.9619],[-83.9234,37.9625],[-83.923,37.9626],[-83.9229,37.9632],[-83.9237,37.9635],[-83.924,37.9638],[-83.9247,37.9631],[-83.9251,37.9636],[-83.9262,37.9632],[-83.9266,37.9644],[-83.9262,37.9647],[-83.9257,37.9642],[-83.925,37.9647],[-83.9245,37.9645],[-83.924,37.965],[-83.9241,37.9657],[-83.9237,37.9659],[-83.9235,37.9651],[-83.9238,37.9641],[-83.9231,37.9642],[-83.9228,37.9649],[-83.9218,37.965],[-83.9224,37.9661],[-83.922,37.9667],[-83.9211,37.9672],[-83.9201,37.9671],[-83.9198,37.9667],[-83.9199,37.9662],[-83.9207,37.9659],[-83.9203,37.9657],[-83.9194,37.9657],[-83.9189,37.9664],[-83.9184,37.9664],[-83.9179,37.9659],[-83.9181,37.9652],[-83.9193,37.9643],[-83.9209,37.9637],[-83.9183,37.9641],[-83.9179,37.9646],[-83.9167,37.9648],[-83.9156,37.9644],[-83.9154,37.9636],[-83.9163,37.9625],[-83.917,37.9624],[-83.9174,37.9619],[-83.9184,37.9618],[-83.9185,37.9616],[-83.9175,37.9615],[-83.9173,37.9611],[-83.9198,37.9607],[-83.9198,37.9601],[-83.9205,37.9598],[-83.9204,37.9593],[-83.9185,37.9602],[-83.9168,37.9602],[-83.9163,37.96],[-83.9167,37.9595],[-83.9166,37.959],[-83.9177,37.9583],[-83.9178,37.9579],[-83.9159,37.9579],[-83.9149,37.9585],[-83.9143,37.9596],[-83.9139,37.9597],[-83.9135,37.9592],[-83.9129,37.9596],[-83.9119,37.9591],[-83.9114,37.9592],[-83.9094,37.9611],[-83.9103,37.9594],[-83.91,37.9589],[-83.9122,37.9584],[-83.911,37.958],[-83.9122,37.9578],[-83.9126,37.957],[-83.9136,37.9567],[-83.9138,37.956],[-83.9146,37.956],[-83.9147,37.9564],[-83.9156,37.9564],[-83.9157,37.9555],[-83.9169,37.9553],[-83.9172,37.9547],[-83.9183,37.9546],[-83.9182,37.9541],[-83.9161,37.9542],[-83.9155,37.9539],[-83.9146,37.9546],[-83.9141,37.9541],[-83.9116,37.9556],[-83.91,37.9558],[-83.9102,37.9553],[-83.9127,37.9534],[-83.9118,37.953],[-83.9087,37.9543],[-83.9075,37.9555],[-83.9066,37.9551],[-83.9057,37.956],[-83.9056,37.9567],[-83.9046,37.9576],[-83.904,37.9575],[-83.9041,37.9563],[-83.9026,37.957],[-83.9039,37.9554],[-83.9058,37.9553],[-83.906,37.9544],[-83.9069,37.9534],[-83.9057,37.9533],[-83.9066,37.9526],[-83.9108,37.9525],[-83.9103,37.952],[-83.9088,37.9517],[-83.9082,37.9513],[-83.9079,37.9508],[-83.9082,37.9503],[-83.9098,37.9499],[-83.9123,37.9512],[-83.9131,37.9506],[-83.912,37.9503],[-83.9107,37.9492],[-83.9117,37.9487],[-83.914,37.9489],[-83.9133,37.9484],[-83.9122,37.9482],[-83.9122,37.9476],[-83.913,37.9473],[-83.9123,37.9472],[-83.9106,37.9484],[-83.9086,37.9489],[-83.9081,37.9485],[-83.9077,37.9492],[-83.9072,37.9464],[-83.9077,37.9456],[-83.9073,37.9451],[-83.9063,37.9464],[-83.9066,37.9468],[-83.9061,37.9469],[-83.9057,37.9506],[-83.9029,37.9529],[-83.9001,37.9564],[-83.8993,37.9569],[-83.8995,37.9582],[-83.8979,37.958],[-83.8972,37.957],[-83.896,37.9571],[-83.8941,37.9557],[-83.8945,37.9552],[-83.8955,37.9551],[-83.8962,37.9561],[-83.8962,37.9553],[-83.8971,37.9545],[-83.8984,37.9555],[-83.8985,37.9534],[-83.8989,37.9532],[-83.8999,37.9535],[-83.8998,37.953],[-83.901,37.9516],[-83.9041,37.9492],[-83.9029,37.9493],[-83.9025,37.949],[-83.9014,37.9494],[-83.8994,37.9518],[-83.897,37.9534],[-83.8954,37.9534],[-83.8952,37.9526],[-83.8936,37.9534],[-83.8933,37.9533],[-83.8932,37.9524],[-83.8951,37.9494],[-83.8949,37.9482],[-83.8984,37.9485],[-83.9005,37.947],[-83.8989,37.9477],[-83.8979,37.9478],[-83.8979,37.9473],[-83.8991,37.9468],[-83.8995,37.9464],[-83.8977,37.9471],[-83.897,37.9478],[-83.8956,37.9479],[-83.8949,37.9476],[-83.894,37.9479],[-83.894,37.9493],[-83.8934,37.9505],[-83.8924,37.9513],[-83.8921,37.9521],[-83.8914,37.9524],[-83.8913,37.9529],[-83.8905,37.9523],[-83.8893,37.952],[-83.8888,37.9515],[-83.8871,37.9506],[-83.8872,37.9504],[-83.8882,37.9503],[-83.888,37.9497],[-83.8868,37.9492],[-83.8854,37.9476],[-83.8843,37.9485],[-83.8843,37.9493],[-83.8819,37.9484],[-83.8826,37.9479],[-83.8825,37.9476],[-83.8807,37.948],[-83.8804,37.9479],[-83.8804,37.9479],[-83.88,37.9479],[-83.8799,37.9477],[-83.8796,37.9476],[-83.8794,37.9465],[-83.8777,37.947],[-83.8773,37.9469],[-83.8763,37.9475],[-83.8752,37.9475],[-83.8749,37.9478],[-83.8749,37.9464],[-83.8749,37.9415],[-83.8765,37.9407],[-83.8756,37.9406],[-83.8749,37.9409],[-83.8749,37.9367],[-83.8756,37.9362],[-83.8754,37.9356],[-83.8749,37.9361],[-83.8749,37.9072],[-83.877,37.9053],[-83.8778,37.9055],[-83.8786,37.9063],[-83.8789,37.9068],[-83.8789,37.9068],[-83.8792,37.9072],[-83.8793,37.9073],[-83.8806,37.9096],[-83.8818,37.9096],[-83.8819,37.9092],[-83.8796,37.9075],[-83.8795,37.9058],[-83.882,37.9053],[-83.8833,37.9061],[-83.884,37.9047]],[[-83.9093,37.9172],[-83.9093,37.9169],[-83.9075,37.9161],[-83.9069,37.9162],[-83.9077,37.9168],[-83.909,37.9175],[-83.9093,37.9172]],[[-83.8853,37.9156],[-83.886,37.9161],[-83.8858,37.9164],[-83.8864,37.9172],[-83.8868,37.9164],[-83.8853,37.9156]],[[-83.8778,37.9139],[-83.8789,37.9152],[-83.8782,37.9163],[-83.8788,37.9172],[-83.88,37.9166],[-83.8792,37.9154],[-83.8798,37.9146],[-83.8813,37.9144],[-83.8821,37.9137],[-83.8828,37.9136],[-83.8843,37.9139],[-83.8842,37.9129],[-83.882,37.9132],[-83.88,37.9125],[-83.8794,37.9126],[-83.8786,37.9136],[-83.8778,37.9139]],[[-83.8977,37.8916],[-83.8975,37.8913],[-83.8971,37.8913],[-83.8974,37.8918],[-83.8977,37.8916]],[[-83.9081,37.9094],[-83.9086,37.9103],[-83.9087,37.9102],[-83.9081,37.9094]],[[-83.9152,37.9004],[-83.9141,37.9002],[-83.9122,37.9012],[-83.9102,37.9007],[-83.9109,37.9031],[-83.9093,37.9052],[-83.9111,37.905],[-83.9122,37.9056],[-83.9122,37.9048],[-83.9114,37.9041],[-83.9117,37.9032],[-83.9152,37.9004]],[[-83.9142,37.8887],[-83.9147,37.8887],[-83.9144,37.8885],[-83.914,37.8886],[-83.9142,37.8887]],[[-83.9211,37.9177],[-83.9207,37.9187],[-83.9219,37.9181],[-83.922,37.9179],[-83.9211,37.9177]],[[-83.9257,37.9172],[-83.9242,37.9179],[-83.9249,37.9184],[-83.9255,37.9202],[-83.9265,37.9216],[-83.9269,37.921],[-83.9257,37.919],[-83.9257,37.9176],[-83.9275,37.9159],[-83.9294,37.9158],[-83.9285,37.9114],[-83.9267,37.9101],[-83.9283,37.9093],[-83.928,37.9085],[-83.9287,37.9076],[-83.9287,37.9068],[-83.927,37.9069],[-83.9251,37.908],[-83.9242,37.9088],[-83.9237,37.9118],[-83.9245,37.9122],[-83.9266,37.9117],[-83.9282,37.9127],[-83.9279,37.9145],[-83.9261,37.9157],[-83.9257,37.9172]],[[-83.9369,37.9107],[-83.9356,37.9106],[-83.9341,37.9101],[-83.933,37.9101],[-83.9342,37.9112],[-83.9344,37.9133],[-83.9353,37.9144],[-83.9367,37.912],[-83.9369,37.9107]],[[-83.9375,37.9224],[-83.9375,37.9223],[-83.9372,37.9225],[-83.9375,37.9224]],[[-83.8814,37.9234],[-83.8811,37.9238],[-83.8825,37.9243],[-83.8825,37.9238],[-83.8814,37.9234]],[[-83.8818,37.9303],[-83.8814,37.9302],[-83.8811,37.9307],[-83.8818,37.9308],[-83.8818,37.9303]],[[-83.8837,37.9286],[-83.8849,37.9289],[-83.8857,37.9284],[-83.8867,37.9282],[-83.888,37.9288],[-83.8876,37.9268],[-83.8862,37.9264],[-83.8836,37.9271],[-83.8831,37.9276],[-83.8832,37.9283],[-83.8837,37.9286]],[[-83.8886,37.9308],[-83.8891,37.931],[-83.8893,37.9308],[-83.8886,37.9304],[-83.8886,37.9308]],[[-83.8897,37.9256],[-83.8894,37.9261],[-83.8923,37.9267],[-83.8907,37.9255],[-83.8897,37.9256]],[[-83.8982,37.9284],[-83.8989,37.9278],[-83.8977,37.9261],[-83.8956,37.9255],[-83.8932,37.9267],[-83.894,37.9272],[-83.8957,37.9266],[-83.8966,37.9266],[-83.8978,37.9274],[-83.8982,37.9284]],[[-83.9202,37.9219],[-83.9194,37.9226],[-83.9202,37.9222],[-83.9202,37.9219]]],[[[-83.8777,37.9471],[-83.8782,37.9475],[-83.8776,37.9477],[-83.8773,37.9475],[-83.8777,37.9471]]],[[[-83.8826,37.9492],[-83.8821,37.949],[-83.8819,37.9484],[-83.8824,37.9486],[-83.8832,37.949],[-83.8826,37.9492]]],[[[-83.8749,37.9488],[-83.8757,37.9495],[-83.8766,37.9489],[-83.8769,37.949],[-83.8763,37.9513],[-83.8758,37.9508],[-83.8749,37.9509],[-83.8749,37.9488]]],[[[-83.9095,37.959],[-83.9075,37.9599],[-83.9068,37.9591],[-83.9075,37.9581],[-83.9083,37.958],[-83.9095,37.9585],[-83.9095,37.959]]],[[[-83.9459,37.9606],[-83.9456,37.96],[-83.9462,37.9606],[-83.9457,37.9611],[-83.9446,37.9613],[-83.9443,37.9608],[-83.9453,37.9611],[-83.9459,37.9606]]]]}},{"type":"Feature","properties":{"quadrangle_name":"Means"},"geometry":{"type":"MultiPolygon","coordinates":[[[[-83.8108,37.8758],[-83.8101,37.8751],[-83.8117,37.8751],[-83.8118,37.8752],[-83.8116,37.8756],[-83.8108,37.8758]]],[[[-83.8042,37.8777],[-83.8036,37.8761],[-83.8022,37.8751],[-83.8073,37.8751],[-83.8076,37.8759],[-83.806,37.8771],[-83.8064,37.8781],[-83.8057,37.8784],[-83.8042,37.8777]]],[[[-83.8361,37.9023],[-83.834,37.9021],[-83.834,37.9005],[-83.8336,37.8999],[-83.8351,37.8997],[-83.8358,37.8992],[-83.8352,37.8981],[-83.8338,37.8977],[-83.8337,37.8965],[-83.8326,37.8959],[-83.8326,37.8954],[-83.8341,37.8939],[-83.8365,37.8928],[-83.8364,37.8914],[-83.836,37.8911],[-83.8353,37.8914],[-83.8341,37.8929],[-83.8325,37.8934],[-83.8315,37.8945],[-83.8287,37.8932],[-83.8288,37.8921],[-83.83,37.8911],[-83.8306,37.8901],[-83.8299,37.8874],[-83.8314,37.8865],[-83.8315,37.8856],[-83.8314,37.8853],[-83.8297,37.885],[-83.8288,37.8845],[-83.8286,37.886],[-83.8281,37.8869],[-83.8288,37.8883],[-83.8289,37.8904],[-83.8278,37.8913],[-83.826,37.8912],[-83.8251,37.8926],[-83.8262,37.893],[-83.8274,37.8947],[-83.8293,37.8953],[-83.8309,37.8963],[-83.8313,37.8969],[-83.8311,37.8975],[-83.8296,37.8982],[-83.8315,37.8999],[-83.8323,37.9016],[-83.8305,37.9026],[-83.8293,37.9017],[-83.8279,37.9012],[-83.8272,37.9012],[-83.8296,37.9044],[-83.8286,37.9052],[-83.8277,37.9047],[-83.826,37.9049],[-83.8254,37.9043],[-83.8236,37.9049],[-83.8227,37.9043],[-83.823,37.9027],[-83.8218,37.902],[-83.8216,37.9006],[-83.8223,37.9],[-83.8225,37.8988],[-83.8215,37.8982],[-83.8216,37.897],[-83.8211,37.8965],[-83.8204,37.8969],[-83.8197,37.8984],[-83.8199,37.8997],[-83.8195,37.9005],[-83.8198,37.902],[-83.8187,37.9018],[-83.8177,37.9021],[-83.8171,37.902],[-83.8168,37.9002],[-83.8154,37.8992],[-83.8149,37.8977],[-83.814,37.8973],[-83.8137,37.8963],[-83.8157,37.8949],[-83.8157,37.8942],[-83.8168,37.8936],[-83.8169,37.8933],[-83.8162,37.8925],[-83.8166,37.8917],[-83.8187,37.8908],[-83.819,37.8904],[-83.819,37.89],[-83.8184,37.8898],[-83.8162,37.8895],[-83.8161,37.889],[-83.8164,37.8879],[-83.8187,37.8869],[-83.8192,37.8864],[-83.8157,37.8858],[-83.8152,37.8851],[-83.8158,37.8843],[-83.8173,37.8838],[-83.8186,37.8825],[-83.8162,37.8817],[-83.8145,37.8817],[-83.8134,37.8813],[-83.8138,37.8798],[-83.8133,37.8785],[-83.8152,37.8776],[-83.8165,37.8781],[-83.8174,37.8777],[-83.8168,37.8765],[-83.8155,37.8754],[-83.8157,37.8751],[-83.8259,37.8751],[-83.8259,37.8756],[-83.8242,37.877],[-83.824,37.8776],[-83.8228,37.8777],[-83.8231,37.8781],[-83.8229,37.8784],[-83.8218,37.8784],[-83.8199,37.8794],[-83.8218,37.8789],[-83.823,37.879],[-83.8229,37.8815],[-83.8235,37.8834],[-83.8226,37.8842],[-83.8233,37.8847],[-83.8232,37.8872],[-83.8237,37.8878],[-83.8232,37.8883],[-83.8224,37.8886],[-83.822,37.8896],[-83.8222,37.8906],[-83.8213,37.8922],[-83.8188,37.8949],[-83.8215,37.8931],[-83.8248,37.8971],[-83.8251,37.8998],[-83.8255,37.8989],[-83.826,37.8988],[-83.8251,37.8982],[-83.8249,37.8966],[-83.8226,37.8939],[-83.8219,37.8924],[-83.8227,37.8894],[-83.8238,37.8884],[-83.8241,37.8871],[-83.8238,37.8861],[-83.8242,37.8847],[-83.8238,37.8818],[-83.8239,37.8805],[-83.8247,37.8793],[-83.8248,37.8778],[-83.8267,37.8751],[-83.8318,37.8751],[-83.833,37.8765],[-83.8328,37.8772],[-83.8335,37.8772],[-83.8335,37.8783],[-83.834,37.8792],[-83.8364,37.8813],[-83.8372,37.8828],[-83.8371,37.8843],[-83.8343,37.8879],[-83.8375,37.8845],[-83.8389,37.8854],[-83.8397,37.8867],[-83.8403,37.8902],[-83.8399,37.8937],[-83.8391,37.8949],[-83.8399,37.8972],[-83.8393,37.8983],[-83.8395,37.899],[-83.8408,37.8966],[-83.8401,37.8963],[-83.8397,37.8951],[-83.8405,37.8936],[-83.8404,37.8916],[-83.8407,37.8902],[-83.8405,37.8873],[-83.841,37.8871],[-83.8422,37.8875],[-83.8425,37.8873],[-83.8399,37.8861],[-83.8376,37.8826],[-83.8375,37.8813],[-83.8369,37.8802],[-83.8349,37.8785],[-83.8344,37.8775],[-83.8345,37.8769],[-83.8333,37.8751],[-83.8505,37.8751],[-83.8506,37.8754],[-83.851,37.8751],[-83.8524,37.8751],[-83.8524,37.8777],[-83.852,37.8792],[-83.8511,37.8801],[-83.852,37.8799],[-83.8524,37.881],[-83.8513,37.8821],[-83.8502,37.8844],[-83.8507,37.8847],[-83.851,37.8854],[-83.851,37.8839],[-83.8522,37.8823],[-83.8528,37.8821],[-83.8536,37.8801],[-83.8535,37.8774],[-83.8537,37.8769],[-83.8543,37.8769],[-83.8539,37.8751],[-83.8624,37.8751],[-83.8624,37.8754],[-83.8611,37.8763],[-83.8623,37.876],[-83.8636,37.8775],[-83.8637,37.8785],[-83.8642,37.8788],[-83.8642,37.88],[-83.8651,37.8806],[-83.8652,37.8824],[-83.8648,37.883],[-83.8668,37.8827],[-83.8672,37.8833],[-83.865,37.884],[-83.8642,37.886],[-83.8638,37.8898],[-83.8623,37.8904],[-83.8599,37.8904],[-83.8548,37.8943],[-83.8559,37.8936],[-83.8572,37.8932],[-83.8586,37.8919],[-83.8607,37.8908],[-83.8615,37.8907],[-83.8625,37.8912],[-83.8634,37.8912],[-83.8641,37.8927],[-83.8638,37.8939],[-83.8642,37.896],[-83.8652,37.8952],[-83.8657,37.8957],[-83.8647,37.8976],[-83.8668,37.9012],[-83.8688,37.9021],[-83.8665,37.8998],[-83.8655,37.8982],[-83.8658,37.8963],[-83.8665,37.8955],[-83.8653,37.8943],[-83.8642,37.8913],[-83.8648,37.8898],[-83.8646,37.8883],[-83.8652,37.8878],[-83.865,37.8866],[-83.8655,37.8842],[-83.8659,37.884],[-83.8666,37.8842],[-83.8673,37.8859],[-83.8672,37.8918],[-83.8676,37.8927],[-83.8677,37.8891],[-83.868,37.8891],[-83.8683,37.8874],[-83.868,37.886],[-83.8671,37.8845],[-83.8674,37.8836],[-83.8694,37.8838],[-83.8709,37.8851],[-83.8713,37.8863],[-83.8718,37.8868],[-83.8739,37.8879],[-83.872,37.8866],[-83.8705,37.8837],[-83.8676,37.8825],[-83.866,37.8809],[-83.8661,37.88],[-83.8647,37.8798],[-83.8648,37.8788],[-83.8643,37.878],[-83.8646,37.8778],[-83.8639,37.8768],[-83.8644,37.8762],[-83.8639,37.8758],[-83.8638,37.8751],[-83.8749,37.8751],[-83.8749,37.9053],[-83.8735,37.9056],[-83.8718,37.9057],[-83.8706,37.9066],[-83.8671,37.9058],[-83.8639,37.9065],[-83.863,37.907],[-83.862,37.9058],[-83.8617,37.9046],[-83.8598,37.9046],[-83.8589,37.9041],[-83.8592,37.9033],[-83.8589,37.9026],[-83.8583,37.9027],[-83.8573,37.9033],[-83.8564,37.9033],[-83.8551,37.9021],[-83.8537,37.9018],[-83.8537,37.9014],[-83.8555,37.8994],[-83.8542,37.899],[-83.8527,37.8999],[-83.8512,37.8998],[-83.8504,37.9003],[-83.8501,37.9006],[-83.8503,37.9016],[-83.85,37.9024],[-83.8496,37.9025],[-83.8467,37.9019],[-83.8461,37.9008],[-83.8448,37.9019],[-83.8442,37.9019],[-83.8435,37.9006],[-83.8428,37.9002],[-83.843,37.9017],[-83.8427,37.9022],[-83.8431,37.9044],[-83.8422,37.9061],[-83.8402,37.9054],[-83.8394,37.9048],[-83.8382,37.9051],[-83.8369,37.9046],[-83.8359,37.9045],[-83.836,37.904],[-83.8374,37.9032],[-83.8381,37.9022],[-83.8378,37.902],[-83.8361,37.9023]],[[-83.8436,37.8828],[-83.8431,37.8837],[-83.8444,37.8846],[-83.8454,37.8838],[-83.8436,37.8828]],[[-83.851,37.8929],[-83.852,37.8917],[-83.8538,37.8908],[-83.8541,37.8895],[-83.852,37.8904],[-83.8507,37.8906],[-83.8497,37.8903],[-83.8497,37.8925],[-83.8472,37.8944],[-83.8462,37.8943],[-83.8455,37.8935],[-83.8449,37.8921],[-83.8444,37.8919],[-83.8441,37.8923],[-83.8452,37.8936],[-83.8448,37.8957],[-83.8459,37.8964],[-83.8462,37.8973],[-83.8468,37.897],[-83.8479,37.8955],[-83.851,37.8929]],[[-83.8578,37.898],[-83.8577,37.8973],[-83.857,37.8976],[-83.8568,37.8983],[-83.8578,37.898]],[[-83.8731,37.8985],[-83.8711,37.8982],[-83.8709,37.8986],[-83.8717,37.8994],[-83.8728,37.8998],[-83.8731,37.8985]]],[[[-83.8026,37.9051],[-83.8019,37.905],[-83.8009,37.9048],[-83.7995,37.9062],[-83.7983,37.9058],[-83.7984,37.9043],[-83.7978,37.9036],[-83.798,37.9027],[-83.7966,37.9025],[-83.7967,37.9005],[-83.7957,37.9001],[-83.7954,37.8995],[-83.7957,37.8983],[-83.7969,37.8976],[-83.7977,37.8964],[-83.7965,37.8953],[-83.7971,37.894],[-83.7967,37.8915],[-83.7962,37.8913],[-83.795,37.8915],[-83.7952,37.8932],[-83.7925,37.8933],[-83.7928,37.894],[-83.7947,37.8953],[-83.7952,37.896],[-83.795,37.8964],[-83.7936,37.8966],[-83.7934,37.8981],[-83.7912,37.8976],[-83.7914,37.9002],[-83.7919,37.9006],[-83.7927,37.9008],[-83.7931,37.9013],[-83.7925,37.9024],[-83.7949,37.9045],[-83.7929,37.9054],[-83.7921,37.9046],[-83.7908,37.9043],[-83.7906,37.9033],[-83.7897,37.9019],[-83.7891,37.9017],[-83.7879,37.9019],[-83.7874,37.9009],[-83.7881,37.8993],[-83.7874,37.897],[-83.787,37.8966],[-83.7846,37.8959],[-83.7858,37.8946],[-83.7859,37.8939],[-83.7874,37.8933],[-83.7872,37.8922],[-83.7877,37.8911],[-83.7875,37.8899],[-83.7855,37.8913],[-83.7845,37.8903],[-83.7832,37.8914],[-83.7809,37.8908],[-83.7807,37.8903],[-83.7814,37.8894],[-83.7815,37.8882],[-83.7788,37.8895],[-83.7785,37.8874],[-83.777,37.8861],[-83.7772,37.8851],[-83.7781,37.8846],[-83.7802,37.885],[-83.7815,37.8845],[-83.7815,37.8842],[-83.7804,37.8834],[-83.7808,37.8826],[-83.7824,37.8821],[-83.7841,37.8821],[-83.7845,37.8817],[-83.7835,37.8812],[-83.7811,37.8812],[-83.7807,37.8809],[-83.7806,37.8792],[-83.7813,37.8785],[-83.7813,37.8778],[-83.782,37.8772],[-83.7835,37.8767],[-83.7833,37.8759],[-83.7817,37.8765],[-83.7803,37.8759],[-83.779,37.8764],[-83.7781,37.8757],[-83.778,37.8751],[-83.7867,37.8751],[-83.7863,37.8783],[-83.7872,37.8785],[-83.7887,37.8798],[-83.7865,37.8826],[-83.7844,37.884],[-83.7823,37.8862],[-83.7831,37.8861],[-83.7834,37.8864],[-83.7839,37.8854],[-83.7891,37.8807],[-83.7929,37.8839],[-83.7919,37.887],[-83.7899,37.8909],[-83.7894,37.8935],[-83.7885,37.895],[-83.7891,37.8966],[-83.7892,37.8949],[-83.79,37.8937],[-83.7911,37.8892],[-83.7923,37.8875],[-83.7931,37.885],[-83.7935,37.8848],[-83.7966,37.8865],[-83.7992,37.8919],[-83.8,37.8966],[-83.7988,37.8994],[-83.7991,37.9006],[-83.7997,37.9011],[-83.8003,37.9021],[-83.8008,37.9015],[-83.7997,37.9005],[-83.7995,37.8994],[-83.8007,37.8965],[-83.8015,37.8966],[-83.8036,37.8979],[-83.8009,37.8955],[-83.8003,37.8938],[-83.8008,37.8926],[-83.7999,37.892],[-83.7996,37.8911],[-83.7999,37.8902],[-83.8008,37.8901],[-83.7994,37.8894],[-83.7983,37.8878],[-83.7981,37.8861],[-83.799,37.8856],[-83.801,37.8855],[-83.8018,37.8863],[-83.8039,37.8866],[-83.8048,37.8876],[-83.8071,37.8888],[-83.8081,37.8901],[-83.8093,37.8903],[-83.8093,37.8899],[-83.8044,37.8865],[-83.8018,37.8857],[-83.8006,37.8846],[-83.7982,37.8854],[-83.7969,37.8855],[-83.7941,37.8843],[-83.7913,37.8805],[-83.7907,37.8802],[-83.7899,37.8802],[-83.7895,37.8792],[-83.788,37.8786],[-83.7873,37.8763],[-83.7877,37.8751],[-83.7981,37.8751],[-83.7979,37.8753],[-83.7982,37.8755],[-83.7999,37.876],[-83.7999,37.8777],[-83.8015,37.8786],[-83.8015,37.8796],[-83.8026,37.8807],[-83.8032,37.8808],[-83.804,37.8802],[-83.8049,37.8801],[-83.806,37.8801],[-83.8067,37.8805],[-83.8053,37.8819],[-83.8075,37.8837],[-83.8068,37.8839],[-83.804,37.884],[-83.8048,37.8848],[-83.807,37.885],[-83.808,37.8865],[-83.8095,37.8863],[-83.8105,37.8879],[-83.8125,37.888],[-83.8126,37.8892],[-83.8116,37.8901],[-83.8123,37.8913],[-83.8134,37.8913],[-83.8142,37.8921],[-83.8143,37.8927],[-83.8134,37.8945],[-83.8118,37.8948],[-83.809,37.8922],[-83.808,37.8949],[-83.8071,37.8952],[-83.8061,37.8947],[-83.8053,37.8948],[-83.805,37.8962],[-83.806,37.8971],[-83.8075,37.897],[-83.8081,37.898],[-83.8103,37.8967],[-83.8109,37.8968],[-83.81,37.8992],[-83.8106,37.8994],[-83.8117,37.8985],[-83.8123,37.8985],[-83.813,37.9006],[-83.812,37.9012],[-83.8115,37.9023],[-83.8097,37.9019],[-83.8087,37.9026],[-83.8058,37.9017],[-83.8053,37.9008],[-83.804,37.9003],[-83.8032,37.9008],[-83.8043,37.9019],[-83.8045,37.9033],[-83.8028,37.9034],[-83.8027,37.9047],[-83.8026,37.9051]],[[-83.7944,37.8788],[-83.7945,37.8783],[-83.7929,37.8776],[-83.7924,37.8786],[-83.7944,37.8788]],[[-83.7949,37.88],[-83.7957,37.881],[-83.7958,37.8826],[-83.797,37.8832],[-83.7985,37.8829],[-83.7984,37.8818],[-83.7974,37.8815],[-83.7971,37.8805],[-83.7947,37.879],[-83.7949,37.88]]],[[[-83.8419,37.9061],[-83.8422,37.9061],[-83.8421,37.9061],[-83.8419,37.9061]]],[[[-83.8288,37.9457],[-83.8283,37.9447],[-83.827,37.9453],[-83.8262,37.9449],[-83.8259,37.9441],[-83.827,37.9431],[-83.8259,37.9425],[-83.8249,37.9429],[-83.825,37.9406],[-83.8278,37.94],[-83.8286,37.9403],[-83.829,37.9397],[-83.8301,37.9394],[-83.8309,37.94],[-83.8317,37.9394],[-83.8326,37.9393],[-83.8337,37.9396],[-83.834,37.9408],[-83.8347,37.9407],[-83.8355,37.9411],[-83.8352,37.9403],[-83.8342,37.9397],[-83.8344,37.9393],[-83.8356,37.9393],[-83.8351,37.9388],[-83.8354,37.9383],[-83.8343,37.938],[-83.833,37.9368],[-83.8328,37.9362],[-83.8336,37.936],[-83.8356,37.9368],[-83.8407,37.935],[-83.8435,37.9349],[-83.8448,37.9353],[-83.8446,37.9349],[-83.8451,37.9344],[-83.8464,37.934],[-83.8468,37.9334],[-83.8477,37.9331],[-83.8483,37.9333],[-83.8491,37.9343],[-83.8495,37.934],[-83.8486,37.9331],[-83.8471,37.9329],[-83.8454,37.9335],[-83.8441,37.9345],[-83.8434,37.9344],[-83.8433,37.9334],[-83.8445,37.9316],[-83.8461,37.9308],[-83.8481,37.9308],[-83.8509,37.9303],[-83.8526,37.9305],[-83.856,37.9325],[-83.8531,37.9302],[-83.8516,37.9294],[-83.8522,37.9287],[-83.8529,37.9283],[-83.8545,37.9288],[-83.8549,37.9287],[-83.8535,37.928],[-83.8535,37.9268],[-83.8538,37.9263],[-83.856,37.9264],[-83.858,37.9271],[-83.8603,37.9261],[-83.8613,37.9267],[-83.8614,37.9264],[-83.862,37.9265],[-83.8648,37.9289],[-83.8663,37.9293],[-83.8672,37.9298],[-83.8701,37.9301],[-83.8657,37.9286],[-83.8635,37.9268],[-83.8617,37.9258],[-83.8609,37.9244],[-83.8618,37.923],[-83.8618,37.922],[-83.8634,37.921],[-83.8653,37.9202],[-83.8662,37.9204],[-83.868,37.9198],[-83.8708,37.9201],[-83.8696,37.9194],[-83.8689,37.9181],[-83.8702,37.9172],[-83.8708,37.9157],[-83.873,37.9131],[-83.8738,37.9111],[-83.8712,37.914],[-83.8701,37.9145],[-83.8688,37.9143],[-83.8697,37.9153],[-83.8694,37.917],[-83.8675,37.9189],[-83.8655,37.9198],[-83.8632,37.9195],[-83.8622,37.9191],[-83.861,37.9171],[-83.8611,37.9167],[-83.8605,37.9152],[-83.859,37.9137],[-83.8583,37.9124],[-83.8582,37.9133],[-83.8598,37.9149],[-83.8598,37.9158],[-83.8607,37.9178],[-83.8621,37.9198],[-83.8602,37.9223],[-83.8597,37.9245],[-83.8538,37.9256],[-83.851,37.9271],[-83.851,37.9279],[-83.8496,37.9289],[-83.8477,37.9293],[-83.8462,37.9301],[-83.8453,37.9299],[-83.8437,37.9308],[-83.8424,37.9311],[-83.8415,37.9321],[-83.8385,37.9335],[-83.8387,37.9345],[-83.8371,37.9351],[-83.8363,37.9361],[-83.8355,37.9365],[-83.8344,37.9353],[-83.8314,37.935],[-83.8304,37.9345],[-83.83,37.9338],[-83.83,37.9323],[-83.8288,37.9314],[-83.8326,37.9296],[-83.8337,37.93],[-83.834,37.9305],[-83.8346,37.9306],[-83.8347,37.93],[-83.8354,37.9297],[-83.8338,37.9297],[-83.8335,37.929],[-83.8342,37.9285],[-83.8372,37.9278],[-83.8373,37.9275],[-83.8365,37.9275],[-83.8373,37.9265],[-83.8385,37.9258],[-83.8397,37.9257],[-83.84,37.924],[-83.8412,37.9226],[-83.8411,37.9221],[-83.8425,37.9213],[-83.8425,37.92],[-83.8446,37.9198],[-83.8438,37.9191],[-83.8442,37.9187],[-83.8454,37.9185],[-83.8451,37.9182],[-83.8433,37.9177],[-83.8411,37.9206],[-83.8381,37.9231],[-83.8371,37.9229],[-83.8368,37.9219],[-83.836,37.9214],[-83.836,37.9223],[-83.8374,37.924],[-83.8368,37.9252],[-83.8346,37.9271],[-83.8327,37.928],[-83.8294,37.9293],[-83.8271,37.9297],[-83.8256,37.9282],[-83.8261,37.9264],[-83.8272,37.9259],[-83.8261,37.9256],[-83.8272,37.9244],[-83.8285,37.9238],[-83.8303,37.9223],[-83.8307,37.9212],[-83.8291,37.9229],[-83.8268,37.924],[-83.8253,37.9251],[-83.8245,37.9252],[-83.8229,37.9239],[-83.8217,37.921],[-83.8217,37.9194],[-83.8224,37.9178],[-83.8233,37.9168],[-83.8265,37.915],[-83.8276,37.9153],[-83.8288,37.9152],[-83.8297,37.9156],[-83.832,37.9147],[-83.833,37.9147],[-83.8323,37.9138],[-83.8342,37.9108],[-83.8336,37.9101],[-83.8334,37.9089],[-83.8337,37.9081],[-83.833,37.9086],[-83.8333,37.9106],[-83.833,37.9121],[-83.8315,37.914],[-83.83,37.9149],[-83.8263,37.9142],[-83.8259,37.9134],[-83.8263,37.9127],[-83.8253,37.9121],[-83.8249,37.911],[-83.8252,37.9103],[-83.8248,37.9103],[-83.8253,37.9138],[-83.8249,37.915],[-83.8233,37.9155],[-83.8217,37.9147],[-83.8226,37.9157],[-83.8226,37.9168],[-83.8198,37.9196],[-83.8186,37.9202],[-83.8142,37.9194],[-83.813,37.9188],[-83.8127,37.9179],[-83.8121,37.9186],[-83.8113,37.9185],[-83.8088,37.9167],[-83.808,37.9154],[-83.8083,37.9147],[-83.8073,37.9145],[-83.807,37.9141],[-83.8068,37.9131],[-83.8072,37.9125],[-83.8135,37.91],[-83.8143,37.9093],[-83.8068,37.9122],[-83.8056,37.9113],[-83.805,37.9104],[-83.8054,37.9079],[-83.8044,37.909],[-83.8036,37.9093],[-83.8046,37.9097],[-83.805,37.9111],[-83.806,37.9124],[-83.806,37.9128],[-83.8052,37.9133],[-83.8065,37.9145],[-83.8065,37.9148],[-83.8059,37.9152],[-83.8069,37.9155],[-83.8066,37.9164],[-83.8078,37.9169],[-83.8083,37.9179],[-83.8091,37.9184],[-83.8091,37.9189],[-83.8069,37.9217],[-83.8059,37.9225],[-83.8052,37.9227],[-83.8014,37.9227],[-83.7999,37.9221],[-83.7986,37.9209],[-83.7987,37.9215],[-83.7982,37.9218],[-83.7994,37.9221],[-83.7991,37.923],[-83.8005,37.9229],[-83.8036,37.9236],[-83.8035,37.925],[-83.8025,37.9263],[-83.8026,37.9267],[-83.8036,37.9256],[-83.8044,37.9234],[-83.8064,37.923],[-83.8078,37.9217],[-83.8087,37.9216],[-83.8107,37.9203],[-83.8131,37.9203],[-83.8142,37.9199],[-83.8151,37.9206],[-83.8168,37.9209],[-83.8172,37.9219],[-83.8161,37.9232],[-83.8145,37.9267],[-83.8138,37.9271],[-83.8129,37.929],[-83.8108,37.9311],[-83.8119,37.9306],[-83.8143,37.9286],[-83.8149,37.9272],[-83.8164,37.9257],[-83.8171,37.9227],[-83.8184,37.9219],[-83.8192,37.9223],[-83.8203,37.9235],[-83.8208,37.9253],[-83.8224,37.9264],[-83.8219,37.9269],[-83.8205,37.9271],[-83.8194,37.9277],[-83.8187,37.9291],[-83.8201,37.9278],[-83.8219,37.9279],[-83.8229,37.9289],[-83.8228,37.9296],[-83.8236,37.9302],[-83.8235,37.9312],[-83.8244,37.9315],[-83.8247,37.9319],[-83.8233,37.9339],[-83.8235,37.9349],[-83.8228,37.9368],[-83.8208,37.9361],[-83.8223,37.9372],[-83.8226,37.9382],[-83.8234,37.9388],[-83.8234,37.9393],[-83.8229,37.9405],[-83.8214,37.9412],[-83.8203,37.9423],[-83.8196,37.9425],[-83.8199,37.9429],[-83.8185,37.9464],[-83.817,37.9478],[-83.8162,37.9464],[-83.8161,37.9446],[-83.8155,37.9454],[-83.8158,37.9479],[-83.8139,37.9478],[-83.8132,37.9489],[-83.812,37.9493],[-83.8106,37.949],[-83.8096,37.9479],[-83.8092,37.9502],[-83.8083,37.9509],[-83.8068,37.9502],[-83.8053,37.9501],[-83.8043,37.9496],[-83.8026,37.9492],[-83.8026,37.9487],[-83.8037,37.9473],[-83.8014,37.9489],[-83.8008,37.9461],[-83.8003,37.9478],[-83.8009,37.9497],[-83.8002,37.9506],[-83.7996,37.9506],[-83.799,37.9499],[-83.7975,37.95],[-83.7951,37.9497],[-83.7943,37.9494],[-83.7931,37.9483],[-83.7927,37.947],[-83.7941,37.9447],[-83.794,37.9428],[-83.7934,37.9426],[-83.7935,37.942],[-83.7957,37.9408],[-83.7974,37.9404],[-83.7993,37.9385],[-83.8004,37.938],[-83.7985,37.9385],[-83.7972,37.9376],[-83.7978,37.9386],[-83.7976,37.9397],[-83.7969,37.9402],[-83.7963,37.94],[-83.7953,37.9405],[-83.7945,37.9405],[-83.7944,37.9409],[-83.7936,37.9414],[-83.793,37.9413],[-83.7914,37.9389],[-83.7928,37.9417],[-83.7929,37.943],[-83.7925,37.9446],[-83.7916,37.9451],[-83.7897,37.9445],[-83.7883,37.9449],[-83.7845,37.9442],[-83.7833,37.9436],[-83.7825,37.9428],[-83.7806,37.9425],[-83.7798,37.9419],[-83.7801,37.9401],[-83.7797,37.939],[-83.78,37.9379],[-83.7796,37.9369],[-83.7797,37.9362],[-83.7814,37.9351],[-83.7845,37.9345],[-83.7854,37.9347],[-83.7853,37.9339],[-83.7868,37.9313],[-83.7881,37.9299],[-83.7877,37.9296],[-83.7846,37.9336],[-83.7805,37.9346],[-83.7795,37.9311],[-83.7798,37.9302],[-83.7788,37.9299],[-83.778,37.929],[-83.7773,37.927],[-83.778,37.9263],[-83.7795,37.9258],[-83.7773,37.926],[-83.7767,37.9256],[-83.7764,37.9226],[-83.7767,37.9211],[-83.778,37.9187],[-83.7795,37.918],[-83.7817,37.9162],[-83.7827,37.9161],[-83.7835,37.9169],[-83.7844,37.9172],[-83.7837,37.9167],[-83.7834,37.916],[-83.7855,37.9132],[-83.7875,37.9124],[-83.7896,37.9122],[-83.7907,37.9114],[-83.7894,37.9118],[-83.788,37.9118],[-83.7866,37.9123],[-83.7853,37.9122],[-83.7835,37.9147],[-83.7823,37.9155],[-83.7808,37.9156],[-83.7791,37.9176],[-83.7776,37.9179],[-83.7763,37.9176],[-83.7767,37.9183],[-83.776,37.92],[-83.7753,37.9208],[-83.7753,37.9225],[-83.7735,37.9235],[-83.7751,37.9238],[-83.7754,37.9265],[-83.7734,37.9281],[-83.7721,37.9282],[-83.7708,37.9279],[-83.7695,37.9289],[-83.7712,37.9286],[-83.7734,37.9287],[-83.7751,37.9276],[-83.7759,37.9276],[-83.7778,37.9321],[-83.7786,37.9324],[-83.7781,37.9357],[-83.7775,37.9366],[-83.7779,37.9369],[-83.778,37.9379],[-83.7773,37.9408],[-83.7766,37.9418],[-83.7751,37.9423],[-83.7733,37.9423],[-83.7716,37.9416],[-83.771,37.941],[-83.7704,37.9415],[-83.77,37.9414],[-83.7697,37.9406],[-83.769,37.9404],[-83.7686,37.94],[-83.7685,37.9394],[-83.7678,37.9384],[-83.7685,37.9376],[-83.7698,37.9369],[-83.7686,37.937],[-83.7676,37.9378],[-83.7667,37.9377],[-83.7663,37.9373],[-83.7662,37.9362],[-83.7651,37.9355],[-83.7645,37.9348],[-83.7643,37.9336],[-83.7622,37.9318],[-83.7594,37.9308],[-83.7566,37.9281],[-83.7564,37.9267],[-83.7569,37.926],[-83.7578,37.9257],[-83.7571,37.9248],[-83.7577,37.924],[-83.758,37.9228],[-83.759,37.9222],[-83.7583,37.9215],[-83.7578,37.9202],[-83.7564,37.9193],[-83.7575,37.9207],[-83.758,37.9223],[-83.7566,37.925],[-83.7557,37.9253],[-83.756,37.9259],[-83.7556,37.9275],[-83.7527,37.9285],[-83.7508,37.9279],[-83.7499,37.927],[-83.7499,37.9226],[-83.7508,37.9232],[-83.7518,37.9229],[-83.752,37.9236],[-83.7515,37.9262],[-83.7526,37.9268],[-83.7532,37.9266],[-83.7532,37.925],[-83.7525,37.9239],[-83.753,37.923],[-83.754,37.9224],[-83.7556,37.9232],[-83.7564,37.9223],[-83.7561,37.9216],[-83.7542,37.9214],[-83.7536,37.9211],[-83.7543,37.9198],[-83.7521,37.9192],[-83.7533,37.9182],[-83.7533,37.9177],[-83.7539,37.9172],[-83.7535,37.9161],[-83.7541,37.9156],[-83.7544,37.9143],[-83.7562,37.9154],[-83.7561,37.9167],[-83.7569,37.9173],[-83.7577,37.9187],[-83.7582,37.9183],[-83.7581,37.9173],[-83.7586,37.9168],[-83.7596,37.9171],[-83.7603,37.9167],[-83.762,37.9175],[-83.7622,37.9181],[-83.7606,37.9191],[-83.7605,37.9202],[-83.7623,37.9193],[-83.7636,37.9204],[-83.7641,37.9201],[-83.7641,37.919],[-83.7644,37.9188],[-83.7657,37.9183],[-83.7674,37.9186],[-83.7676,37.9196],[-83.7666,37.9205],[-83.7663,37.922],[-83.7667,37.923],[-83.767,37.9229],[-83.7669,37.9233],[-83.7679,37.9222],[-83.7693,37.9223],[-83.7696,37.9216],[-83.7688,37.9207],[-83.7699,37.9196],[-83.77,37.9186],[-83.7715,37.918],[-83.7716,37.9163],[-83.7732,37.9152],[-83.774,37.9154],[-83.7748,37.9161],[-83.7762,37.9155],[-83.7779,37.9158],[-83.7778,37.9118],[-83.7782,37.9114],[-83.7792,37.9116],[-83.7812,37.9133],[-83.7817,37.9142],[-83.7823,37.9141],[-83.7826,37.9133],[-83.782,37.9116],[-83.7836,37.9112],[-83.7835,37.9107],[-83.7828,37.9098],[-83.7843,37.9088],[-83.7851,37.9088],[-83.7853,37.91],[-83.7862,37.9112],[-83.7866,37.9113],[-83.7875,37.9096],[-83.7888,37.9101],[-83.7892,37.9108],[-83.7898,37.9109],[-83.7909,37.9102],[-83.7912,37.9084],[-83.7929,37.9096],[-83.7946,37.9084],[-83.7954,37.9103],[-83.7926,37.9119],[-83.7931,37.9123],[-83.7943,37.9126],[-83.7943,37.9139],[-83.792,37.9137],[-83.7918,37.9146],[-83.7914,37.9148],[-83.789,37.9134],[-83.7882,37.9135],[-83.7878,37.9145],[-83.7881,37.9158],[-83.7864,37.9163],[-83.7874,37.9174],[-83.7884,37.9178],[-83.7906,37.9166],[-83.7923,37.9165],[-83.7927,37.9168],[-83.7916,37.9185],[-83.7924,37.9186],[-83.7941,37.9182],[-83.7944,37.9195],[-83.793,37.9206],[-83.7925,37.9221],[-83.7913,37.9219],[-83.7904,37.9232],[-83.7886,37.922],[-83.7876,37.9227],[-83.7866,37.9229],[-83.7853,37.9236],[-83.7863,37.9244],[-83.7895,37.9241],[-83.79,37.9243],[-83.7906,37.9252],[-83.7931,37.9255],[-83.7935,37.9264],[-83.7925,37.9283],[-83.7938,37.9288],[-83.7945,37.9297],[-83.7944,37.9313],[-83.7927,37.9324],[-83.7933,37.934],[-83.794,37.9338],[-83.7959,37.9324],[-83.7971,37.9326],[-83.7986,37.9337],[-83.8001,37.9335],[-83.8015,37.9339],[-83.8027,37.9335],[-83.8044,37.9337],[-83.805,37.9335],[-83.8044,37.9323],[-83.8045,37.9318],[-83.8058,37.9313],[-83.8066,37.9307],[-83.806,37.9296],[-83.8036,37.9299],[-83.802,37.9312],[-83.8002,37.9318],[-83.797,37.9317],[-83.7969,37.9312],[-83.7984,37.9299],[-83.7985,37.9293],[-83.7968,37.9287],[-83.7962,37.9278],[-83.7947,37.9276],[-83.7944,37.9264],[-83.7948,37.9254],[-83.7933,37.925],[-83.7936,37.923],[-83.7952,37.9225],[-83.7951,37.9205],[-83.7963,37.9199],[-83.7959,37.9186],[-83.7965,37.9177],[-83.7971,37.9175],[-83.7981,37.9179],[-83.8014,37.9207],[-83.8025,37.9208],[-83.8038,37.9203],[-83.8038,37.9198],[-83.8021,37.9188],[-83.8008,37.9189],[-83.8002,37.9184],[-83.7997,37.9171],[-83.7999,37.9161],[-83.7973,37.9158],[-83.7964,37.9134],[-83.7966,37.913],[-83.7986,37.913],[-83.7983,37.9117],[-83.7989,37.9114],[-83.8031,37.9117],[-83.8028,37.9106],[-83.798,37.9091],[-83.7977,37.9087],[-83.7979,37.9083],[-83.799,37.908],[-83.8017,37.9081],[-83.803,37.9079],[-83.8023,37.9063],[-83.8026,37.9053],[-83.8047,37.9061],[-83.8055,37.9053],[-83.8066,37.9054],[-83.8072,37.9044],[-83.8077,37.9043],[-83.809,37.9052],[-83.8103,37.9049],[-83.8107,37.9051],[-83.8111,37.9057],[-83.8112,37.9064],[-83.8087,37.9076],[-83.8075,37.9087],[-83.808,37.9097],[-83.8105,37.9085],[-83.8119,37.9089],[-83.8136,37.9081],[-83.814,37.9074],[-83.8136,37.9068],[-83.8136,37.9061],[-83.813,37.9054],[-83.8138,37.9034],[-83.8144,37.9033],[-83.8154,37.9049],[-83.8172,37.9039],[-83.8179,37.9039],[-83.8182,37.9042],[-83.8174,37.9064],[-83.8182,37.9066],[-83.8199,37.9059],[-83.8204,37.9061],[-83.82,37.9076],[-83.8192,37.9086],[-83.8204,37.9089],[-83.8207,37.9105],[-83.8222,37.9108],[-83.8221,37.9087],[-83.8227,37.9071],[-83.8242,37.9071],[-83.825,37.9077],[-83.8258,37.9064],[-83.8263,37.9063],[-83.8278,37.9073],[-83.8283,37.91],[-83.8296,37.9104],[-83.8299,37.9117],[-83.8303,37.9121],[-83.8313,37.9111],[-83.8302,37.9088],[-83.8302,37.9065],[-83.8306,37.9062],[-83.8315,37.9061],[-83.8332,37.9065],[-83.8334,37.906],[-83.8327,37.9051],[-83.8327,37.9042],[-83.833,37.9038],[-83.8337,37.9039],[-83.8352,37.9046],[-83.8361,37.9047],[-83.8368,37.9056],[-83.8361,37.9073],[-83.8364,37.9076],[-83.8374,37.9075],[-83.838,37.908],[-83.8377,37.9103],[-83.8384,37.911],[-83.8384,37.9121],[-83.8396,37.9125],[-83.8408,37.9115],[-83.8427,37.9114],[-83.8431,37.9105],[-83.8426,37.9101],[-83.8409,37.9104],[-83.8403,37.9102],[-83.8406,37.9087],[-83.8398,37.9084],[-83.8391,37.907],[-83.8425,37.9063],[-83.8433,37.9069],[-83.8444,37.9068],[-83.8462,37.9079],[-83.8465,37.9075],[-83.8456,37.906],[-83.8446,37.9053],[-83.8447,37.9045],[-83.8453,37.9039],[-83.8463,37.9045],[-83.848,37.904],[-83.8486,37.9055],[-83.8503,37.905],[-83.8512,37.906],[-83.8527,37.9043],[-83.8533,37.9044],[-83.8539,37.9051],[-83.8539,37.9084],[-83.8538,37.9089],[-83.8527,37.9098],[-83.8535,37.9107],[-83.8548,37.9112],[-83.8554,37.9121],[-83.8558,37.9119],[-83.8558,37.9112],[-83.8547,37.9095],[-83.8556,37.9085],[-83.8553,37.9067],[-83.8558,37.9055],[-83.8574,37.9061],[-83.8579,37.9053],[-83.8586,37.9052],[-83.8601,37.9063],[-83.8603,37.9071],[-83.8594,37.9074],[-83.859,37.908],[-83.8614,37.9091],[-83.8615,37.9098],[-83.8606,37.9107],[-83.8617,37.9113],[-83.8619,37.9123],[-83.8622,37.9125],[-83.8638,37.9123],[-83.8635,37.9091],[-83.8644,37.9083],[-83.866,37.9089],[-83.8682,37.9106],[-83.869,37.9099],[-83.8672,37.9088],[-83.8667,37.908],[-83.8668,37.9077],[-83.8692,37.9073],[-83.8699,37.9065],[-83.8706,37.9066],[-83.8713,37.9061],[-83.8726,37.9071],[-83.8737,37.9069],[-83.8749,37.9072],[-83.8749,37.9361],[-83.8732,37.9382],[-83.8725,37.9385],[-83.8721,37.9377],[-83.8713,37.9374],[-83.8694,37.9351],[-83.8692,37.9355],[-83.8704,37.9369],[-83.8705,37.9377],[-83.8713,37.9382],[-83.872,37.9396],[-83.8719,37.9412],[-83.8701,37.944],[-83.8689,37.9445],[-83.8684,37.9441],[-83.868,37.9442],[-83.8654,37.9464],[-83.8651,37.9445],[-83.8656,37.9433],[-83.8652,37.9429],[-83.8657,37.9423],[-83.8646,37.9425],[-83.8643,37.9421],[-83.8638,37.9422],[-83.863,37.9414],[-83.8635,37.9401],[-83.8632,37.9387],[-83.8637,37.9371],[-83.8628,37.9387],[-83.8623,37.9405],[-83.8617,37.9409],[-83.8614,37.9416],[-83.8634,37.9431],[-83.8632,37.945],[-83.8627,37.9453],[-83.8619,37.9442],[-83.8613,37.944],[-83.8608,37.9444],[-83.8613,37.9449],[-83.8612,37.9452],[-83.86,37.9456],[-83.8592,37.9455],[-83.8593,37.9471],[-83.8604,37.9465],[-83.8613,37.9465],[-83.8614,37.9467],[-83.8608,37.947],[-83.8608,37.9478],[-83.862,37.9478],[-83.8625,37.9488],[-83.8624,37.9495],[-83.8619,37.949],[-83.8608,37.949],[-83.861,37.9531],[-83.8607,37.9539],[-83.8595,37.9537],[-83.8591,37.9545],[-83.8558,37.9562],[-83.8553,37.9562],[-83.8549,37.9556],[-83.8538,37.9565],[-83.8513,37.956],[-83.8514,37.9556],[-83.8527,37.9542],[-83.8524,37.9533],[-83.8538,37.9531],[-83.8551,37.9522],[-83.8564,37.9519],[-83.8571,37.9508],[-83.856,37.9508],[-83.8541,37.9515],[-83.8524,37.9509],[-83.8551,37.9496],[-83.8565,37.9486],[-83.8565,37.9479],[-83.8571,37.9472],[-83.8561,37.9472],[-83.8553,37.9461],[-83.8538,37.9482],[-83.8519,37.9493],[-83.8502,37.9492],[-83.852,37.9471],[-83.8525,37.9455],[-83.8512,37.9461],[-83.8507,37.9468],[-83.8503,37.9465],[-83.8499,37.9472],[-83.8492,37.9475],[-83.8485,37.9483],[-83.848,37.9484],[-83.8473,37.9481],[-83.8473,37.9497],[-83.847,37.9501],[-83.846,37.9501],[-83.8453,37.9511],[-83.8453,37.9524],[-83.844,37.9551],[-83.8431,37.9552],[-83.8433,37.9561],[-83.8422,37.9567],[-83.8402,37.9562],[-83.8395,37.9556],[-83.8395,37.9544],[-83.8417,37.9537],[-83.8427,37.9513],[-83.8421,37.9512],[-83.8397,37.9524],[-83.8384,37.9524],[-83.839,37.9515],[-83.8384,37.9506],[-83.8395,37.9486],[-83.8387,37.9486],[-83.8376,37.9496],[-83.8374,37.9494],[-83.8387,37.9456],[-83.8393,37.9453],[-83.8399,37.9452],[-83.8435,37.9465],[-83.8465,37.9454],[-83.8438,37.9459],[-83.8424,37.9456],[-83.8413,37.9449],[-83.8426,37.9435],[-83.8373,37.9457],[-83.8368,37.9481],[-83.8363,37.9485],[-83.8355,37.9502],[-83.8365,37.9515],[-83.8363,37.9518],[-83.8356,37.9518],[-83.836,37.9537],[-83.8352,37.9552],[-83.835,37.9572],[-83.8346,37.9576],[-83.8339,37.9576],[-83.8341,37.9568],[-83.8338,37.9559],[-83.8331,37.9559],[-83.8322,37.9566],[-83.831,37.9554],[-83.8312,37.955],[-83.8305,37.9546],[-83.8309,37.954],[-83.8322,37.9536],[-83.8306,37.9532],[-83.8283,37.9544],[-83.8267,37.9534],[-83.8263,37.9525],[-83.8255,37.9522],[-83.8254,37.9504],[-83.8256,37.9499],[-83.8262,37.95],[-83.826,37.9486],[-83.8271,37.9474],[-83.8271,37.9466],[-83.8275,37.9466],[-83.8284,37.9472],[-83.8289,37.9482],[-83.8293,37.9469],[-83.8299,37.9469],[-83.8303,37.946],[-83.8288,37.9457]],[[-83.7646,37.9293],[-83.7651,37.9281],[-83.7669,37.9274],[-83.7673,37.9262],[-83.7662,37.9254],[-83.7667,37.9235],[-83.7669,37.9233],[-83.7655,37.9238],[-83.7641,37.9235],[-83.7636,37.9241],[-83.7629,37.9244],[-83.7631,37.9254],[-83.7652,37.9255],[-83.7656,37.9263],[-83.7656,37.9268],[-83.7637,37.9278],[-83.7637,37.9282],[-83.7643,37.9293],[-83.7665,37.9302],[-83.7646,37.9293]],[[-83.7825,37.9184],[-83.7818,37.9189],[-83.7818,37.9194],[-83.7838,37.9218],[-83.7834,37.9228],[-83.7827,37.9232],[-83.7829,37.9239],[-83.7837,37.9243],[-83.7852,37.9236],[-83.7846,37.9218],[-83.786,37.9208],[-83.786,37.9203],[-83.7835,37.9199],[-83.7831,37.9185],[-83.7825,37.9184]],[[-83.8072,37.9344],[-83.8095,37.9359],[-83.8101,37.936],[-83.8106,37.9356],[-83.8095,37.9344],[-83.8082,37.9342],[-83.8072,37.9344]],[[-83.8079,37.9283],[-83.8082,37.9286],[-83.8097,37.9287],[-83.81,37.9281],[-83.8093,37.9276],[-83.8086,37.9278],[-83.8079,37.9283]],[[-83.8143,37.9138],[-83.8142,37.9144],[-83.8175,37.9144],[-83.8168,37.9132],[-83.8167,37.9115],[-83.818,37.9093],[-83.8168,37.9092],[-83.8161,37.9104],[-83.8146,37.9112],[-83.8155,37.9123],[-83.8143,37.9138]],[[-83.8351,37.9183],[-83.8342,37.9182],[-83.8341,37.9186],[-83.8346,37.9188],[-83.8351,37.9183]],[[-83.8382,37.9171],[-83.8391,37.9172],[-83.8396,37.917],[-83.8395,37.916],[-83.8384,37.9163],[-83.8382,37.9171]],[[-83.8475,37.91],[-83.8459,37.9099],[-83.8468,37.9108],[-83.8469,37.9118],[-83.8477,37.9125],[-83.8476,37.9112],[-83.8486,37.9092],[-83.8475,37.91]],[[-83.8513,37.9232],[-83.8519,37.9234],[-83.8523,37.9228],[-83.8516,37.9225],[-83.8512,37.9228],[-83.8513,37.9232]],[[-83.8558,37.9172],[-83.8547,37.9177],[-83.8559,37.9195],[-83.8556,37.9201],[-83.8564,37.9203],[-83.8567,37.9201],[-83.8563,37.9195],[-83.8573,37.9176],[-83.8571,37.9172],[-83.8558,37.9172]],[[-83.8654,37.9164],[-83.8656,37.9154],[-83.8651,37.9152],[-83.8645,37.916],[-83.865,37.9167],[-83.8654,37.9164]]],[[[-83.8747,37.9381],[-83.8744,37.9373],[-83.8749,37.9367],[-83.8749,37.9409],[-83.874,37.9411],[-83.8731,37.9405],[-83.8742,37.9394],[-83.8747,37.9381]]],[[[-83.8742,37.9418],[-83.8749,37.9415],[-83.8749,37.9464],[-83.8749,37.9478],[-83.8743,37.948],[-83.8724,37.9459],[-83.8731,37.9453],[-83.8714,37.9442],[-83.8722,37.9436],[-83.872,37.9425],[-83.8728,37.9416],[-83.8742,37.9418]]],[[[-83.8743,37.9492],[-83.8731,37.9498],[-83.8716,37.9499],[-83.8702,37.9519],[-83.8696,37.9505],[-83.8702,37.95],[-83.8698,37.9484],[-83.8718,37.9476],[-83.8749,37.9488],[-83.8749,37.9509],[-83.8746,37.9512],[-83.8743,37.951],[-83.8746,37.9494],[-83.8743,37.9492]]],[[[-83.8672,37.9529],[-83.8681,37.9499],[-83.8686,37.9499],[-83.8689,37.9507],[-83.8678,37.9534],[-83.8673,37.9539],[-83.8672,37.9529]]],[[[-83.8736,37.9532],[-83.8732,37.9536],[-83.8731,37.9532],[-83.8733,37.953],[-83.8736,37.9532]]],[[[-83.8495,37.9528],[-83.8483,37.9537],[-83.8478,37.9537],[-83.8485,37.9527],[-83.8498,37.9519],[-83.8495,37.9528]]],[[[-83.7512,37.8751],[-83.7502,37.8762],[-83.75,37.8762],[-83.7499,37.8751],[-83.7512,37.8751]]],[[[-83.7533,37.8813],[-83.7536,37.8798],[-83.7526,37.8786],[-83.7526,37.8781],[-83.7533,37.8777],[-83.7553,37.8778],[-83.756,37.8774],[-83.756,37.8769],[-83.7542,37.8761],[-83.7543,37.8758],[-83.7549,37.8751],[-83.7587,37.8751],[-83.758,37.8761],[-83.7584,37.8769],[-83.7581,37.8781],[-83.757,37.8795],[-83.7565,37.8811],[-83.7541,37.8832],[-83.7523,37.8836],[-83.7528,37.8845],[-83.7515,37.8876],[-83.7513,37.8898],[-83.7499,37.8921],[-83.7499,37.8862],[-83.7508,37.8851],[-83.7499,37.8847],[-83.7499,37.8817],[-83.752,37.882],[-83.7533,37.8813]]],[[[-83.7808,37.9045],[-83.7805,37.9033],[-83.7795,37.9024],[-83.7794,37.9015],[-83.7788,37.9008],[-83.7772,37.9004],[-83.7747,37.9008],[-83.7747,37.9012],[-83.776,37.9022],[-83.7763,37.9028],[-83.7786,37.9047],[-83.7801,37.9071],[-83.7801,37.9078],[-83.7793,37.9078],[-83.7768,37.9058],[-83.7759,37.9058],[-83.7753,37.905],[-83.7741,37.9046],[-83.7708,37.9013],[-83.7702,37.9003],[-83.7693,37.8999],[-83.7685,37.9008],[-83.7687,37.9018],[-83.7702,37.9025],[-83.7712,37.9048],[-83.7739,37.9063],[-83.7746,37.9073],[-83.7767,37.9087],[-83.777,37.9103],[-83.7756,37.9103],[-83.7752,37.9114],[-83.7747,37.9115],[-83.7734,37.9106],[-83.7737,37.9098],[-83.7735,37.9091],[-83.7721,37.9089],[-83.7712,37.9077],[-83.7693,37.9084],[-83.7691,37.9066],[-83.7681,37.9056],[-83.7673,37.9056],[-83.7669,37.906],[-83.7671,37.907],[-83.7663,37.9082],[-83.768,37.909],[-83.77,37.9104],[-83.7719,37.9121],[-83.7722,37.9129],[-83.7721,37.9133],[-83.7711,37.9134],[-83.7705,37.9126],[-83.7693,37.9122],[-83.7682,37.9113],[-83.767,37.911],[-83.7675,37.9129],[-83.7686,37.9146],[-83.7694,37.9152],[-83.7691,37.9167],[-83.7687,37.9169],[-83.7675,37.9163],[-83.7673,37.9156],[-83.7666,37.9153],[-83.7661,37.9142],[-83.7648,37.914],[-83.7651,37.9126],[-83.7646,37.9122],[-83.7631,37.9129],[-83.7628,37.9146],[-83.7622,37.9151],[-83.7612,37.9138],[-83.7594,37.9142],[-83.7581,37.9135],[-83.7585,37.9127],[-83.7598,37.9126],[-83.761,37.9118],[-83.7628,37.9096],[-83.7621,37.9094],[-83.76,37.9104],[-83.7585,37.9104],[-83.7579,37.9093],[-83.7597,37.9085],[-83.759,37.9075],[-83.7604,37.907],[-83.762,37.9073],[-83.7629,37.9071],[-83.7631,37.9061],[-83.7615,37.9057],[-83.7611,37.9053],[-83.762,37.9046],[-83.764,37.9039],[-83.7647,37.9031],[-83.7643,37.9024],[-83.7597,37.903],[-83.7595,37.9016],[-83.7601,37.9011],[-83.7643,37.8999],[-83.764,37.8984],[-83.7658,37.8973],[-83.7663,37.8962],[-83.7657,37.8955],[-83.7651,37.8954],[-83.7638,37.8966],[-83.7628,37.8968],[-83.7619,37.8976],[-83.7608,37.8981],[-83.7599,37.8967],[-83.7583,37.8963],[-83.7589,37.8955],[-83.7599,37.8948],[-83.7614,37.8946],[-83.7627,37.8928],[-83.7603,37.8925],[-83.7603,37.891],[-83.7592,37.8911],[-83.758,37.89],[-83.7581,37.8897],[-83.7594,37.8887],[-83.7591,37.8882],[-83.7598,37.8871],[-83.7583,37.8864],[-83.7588,37.8852],[-83.758,37.8843],[-83.7563,37.8849],[-83.7566,37.8867],[-83.756,37.8872],[-83.755,37.8872],[-83.7544,37.8875],[-83.7542,37.888],[-83.7546,37.8889],[-83.7536,37.8896],[-83.7541,37.8905],[-83.7539,37.8913],[-83.7547,37.8916],[-83.7563,37.8914],[-83.7568,37.8917],[-83.7564,37.8934],[-83.7577,37.8942],[-83.7576,37.8945],[-83.7564,37.8953],[-83.7551,37.8949],[-83.7535,37.8939],[-83.7526,37.8938],[-83.7519,37.8946],[-83.753,37.8959],[-83.7559,37.8965],[-83.7582,37.8979],[-83.7585,37.8986],[-83.7578,37.8997],[-83.756,37.8986],[-83.7545,37.8982],[-83.7537,37.8984],[-83.7504,37.8958],[-83.75,37.8952],[-83.7502,37.8935],[-83.7511,37.8924],[-83.7521,37.8922],[-83.7517,37.8912],[-83.7528,37.8863],[-83.7553,37.8831],[-83.7586,37.8815],[-83.7593,37.8816],[-83.7606,37.8825],[-83.7627,37.885],[-83.7634,37.8866],[-83.7632,37.8885],[-83.7638,37.8888],[-83.7638,37.8904],[-83.7648,37.891],[-83.7653,37.8921],[-83.7647,37.8937],[-83.7661,37.8936],[-83.7672,37.8943],[-83.7679,37.8953],[-83.7679,37.8974],[-83.7661,37.8995],[-83.7653,37.901],[-83.7661,37.9019],[-83.7661,37.9035],[-83.7642,37.9078],[-83.7632,37.9083],[-83.7641,37.9089],[-83.7641,37.9102],[-83.7637,37.9111],[-83.7642,37.9108],[-83.7648,37.9108],[-83.7645,37.9098],[-83.7655,37.9093],[-83.7644,37.9085],[-83.7657,37.9049],[-83.7669,37.9034],[-83.7686,37.9042],[-83.7667,37.902],[-83.7665,37.9009],[-83.7671,37.8994],[-83.769,37.8979],[-83.7712,37.8991],[-83.7726,37.9006],[-83.7726,37.8993],[-83.774,37.8992],[-83.7718,37.8988],[-83.7699,37.8974],[-83.7691,37.8962],[-83.7695,37.8954],[-83.7704,37.8952],[-83.7687,37.8945],[-83.7667,37.8929],[-83.7659,37.89],[-83.7661,37.8892],[-83.7666,37.889],[-83.7658,37.8887],[-83.7652,37.8879],[-83.7643,37.8853],[-83.7622,37.8824],[-83.7603,37.881],[-83.7598,37.8801],[-83.7599,37.8782],[-83.7607,37.8773],[-83.76,37.8763],[-83.7603,37.8751],[-83.7632,37.8751],[-83.7635,37.8763],[-83.7648,37.8772],[-83.766,37.8788],[-83.7667,37.8768],[-83.7647,37.8763],[-83.7642,37.8751],[-83.7721,37.8751],[-83.7732,37.8759],[-83.7745,37.8754],[-83.7755,37.8759],[-83.777,37.8779],[-83.7779,37.8785],[-83.7773,37.8788],[-83.7746,37.8789],[-83.7749,37.88],[-83.7768,37.8803],[-83.7777,37.8817],[-83.7776,37.8821],[-83.7755,37.8821],[-83.7754,37.8836],[-83.7746,37.8839],[-83.773,37.8828],[-83.771,37.8791],[-83.7704,37.8788],[-83.7702,37.8791],[-83.7695,37.8818],[-83.7696,37.8828],[-83.7702,37.8835],[-83.7715,37.8842],[-83.7729,37.8858],[-83.7724,37.886],[-83.7711,37.8859],[-83.77,37.8853],[-83.7688,37.8856],[-83.7683,37.8853],[-83.7679,37.8843],[-83.766,37.8829],[-83.766,37.8817],[-83.7666,37.8807],[-83.7661,37.8799],[-83.7654,37.8803],[-83.7631,37.8793],[-83.7625,37.8793],[-83.7623,37.8796],[-83.7646,37.8813],[-83.7653,37.8835],[-83.7668,37.8842],[-83.7672,37.8869],[-83.7691,37.8868],[-83.7716,37.8878],[-83.7715,37.8883],[-83.7704,37.8889],[-83.7709,37.8895],[-83.7732,37.8898],[-83.7752,37.889],[-83.7754,37.8893],[-83.7752,37.8916],[-83.7733,37.8916],[-83.7722,37.8922],[-83.7682,37.8914],[-83.7683,37.8919],[-83.769,37.8926],[-83.771,37.8927],[-83.7717,37.8939],[-83.7748,37.8938],[-83.7763,37.8945],[-83.7773,37.8943],[-83.7781,37.8944],[-83.7791,37.8936],[-83.7808,37.8938],[-83.78,37.895],[-83.7809,37.8959],[-83.7807,37.8964],[-83.7796,37.8965],[-83.7782,37.8962],[-83.7757,37.8966],[-83.774,37.8963],[-83.7723,37.8967],[-83.772,37.8969],[-83.7722,37.8973],[-83.7732,37.8977],[-83.7793,37.8979],[-83.7803,37.8982],[-83.7816,37.8981],[-83.7847,37.8987],[-83.785,37.8993],[-83.7837,37.8999],[-83.7837,37.9002],[-83.7865,37.9048],[-83.7864,37.9053],[-83.7856,37.9052],[-83.7826,37.9021],[-83.7821,37.9019],[-83.7826,37.9053],[-83.7808,37.9045]]],[[[-83.7558,37.9027],[-83.7541,37.9015],[-83.7535,37.9016],[-83.7544,37.9038],[-83.7554,37.9047],[-83.7568,37.9053],[-83.7565,37.9061],[-83.7556,37.9062],[-83.7549,37.9101],[-83.754,37.9096],[-83.7542,37.9087],[-83.7536,37.908],[-83.7537,37.906],[-83.7527,37.9057],[-83.7518,37.9047],[-83.7518,37.9038],[-83.7504,37.9003],[-83.7508,37.8991],[-83.7504,37.8986],[-83.7499,37.8988],[-83.7499,37.8967],[-83.7517,37.8975],[-83.7514,37.8966],[-83.7537,37.8984],[-83.7538,37.8995],[-83.7552,37.9003],[-83.7566,37.902],[-83.7562,37.9026],[-83.7558,37.9027]]],[[[-83.751,37.91],[-83.7506,37.912],[-83.7499,37.911],[-83.7499,37.9075],[-83.751,37.91]]],[[[-83.7507,37.9166],[-83.7499,37.9177],[-83.7499,37.916],[-83.7507,37.9166]]],[[[-83.7499,37.9289],[-83.7516,37.9297],[-83.7517,37.9302],[-83.7515,37.9315],[-83.7499,37.9328],[-83.7499,37.9289]]],[[[-83.7564,37.9392],[-83.7564,37.9377],[-83.7549,37.9372],[-83.753,37.9381],[-83.751,37.9377],[-83.7499,37.9371],[-83.7499,37.9333],[-83.7506,37.9335],[-83.7509,37.9339],[-83.751,37.9328],[-83.7527,37.9305],[-83.7539,37.9296],[-83.7548,37.9296],[-83.7563,37.9308],[-83.7583,37.9317],[-83.7589,37.9328],[-83.7591,37.9322],[-83.7598,37.9322],[-83.7621,37.9339],[-83.7645,37.937],[-83.7661,37.942],[-83.7657,37.9425],[-83.7646,37.9428],[-83.7633,37.9426],[-83.7626,37.943],[-83.7619,37.9429],[-83.761,37.9435],[-83.7598,37.9435],[-83.7588,37.944],[-83.7583,37.9438],[-83.7578,37.9451],[-83.7569,37.9448],[-83.7558,37.945],[-83.7555,37.9453],[-83.7537,37.9454],[-83.7529,37.945],[-83.7517,37.9437],[-83.7499,37.9436],[-83.7499,37.9394],[-83.7513,37.9389],[-83.7533,37.9389],[-83.7552,37.9404],[-83.7573,37.94],[-83.7564,37.9392]],[[-83.755,37.9361],[-83.7554,37.9353],[-83.7552,37.9351],[-83.7542,37.9354],[-83.7544,37.9361],[-83.755,37.9361]]],[[[-83.7556,37.9534],[-83.755,37.9548],[-83.7534,37.9563],[-83.7514,37.9566],[-83.7505,37.9582],[-83.7505,37.9589],[-83.7499,37.9595],[-83.7499,37.9478],[-83.7534,37.9479],[-83.7552,37.9485],[-83.7558,37.9493],[-83.7552,37.9514],[-83.7556,37.9534]]],[[[-83.7532,37.9714],[-83.7534,37.9704],[-83.7524,37.9679],[-83.7526,37.9673],[-83.7518,37.9666],[-83.7504,37.9632],[-83.7514,37.9617],[-83.7513,37.9586],[-83.7519,37.9581],[-83.7541,37.9589],[-83.7565,37.9585],[-83.7573,37.9586],[-83.7581,37.9606],[-83.7593,37.9617],[-83.7593,37.9624],[-83.76,37.9629],[-83.7604,37.9645],[-83.761,37.9645],[-83.7613,37.9655],[-83.7608,37.9657],[-83.7619,37.9661],[-83.7631,37.9687],[-83.7633,37.9695],[-83.7628,37.97],[-83.7636,37.9706],[-83.7633,37.9723],[-83.7624,37.9736],[-83.7611,37.9741],[-83.7619,37.9747],[-83.7597,37.9773],[-83.76,37.978],[-83.7595,37.9793],[-83.7605,37.9784],[-83.7611,37.9766],[-83.7632,37.9741],[-83.7637,37.9728],[-83.7646,37.9725],[-83.7648,37.9736],[-83.7658,37.9734],[-83.7661,37.9736],[-83.7656,37.9801],[-83.7648,37.9827],[-83.7631,37.9852],[-83.7611,37.987],[-83.7608,37.9881],[-83.7596,37.9886],[-83.7583,37.9907],[-83.7548,37.9921],[-83.7532,37.9923],[-83.7544,37.9927],[-83.7577,37.9915],[-83.7599,37.9937],[-83.7589,37.9918],[-83.7591,37.9906],[-83.7601,37.9889],[-83.7614,37.9881],[-83.7632,37.9863],[-83.7645,37.9838],[-83.766,37.9839],[-83.7669,37.9845],[-83.7664,37.9831],[-83.7665,37.9823],[-83.7672,37.9818],[-83.7667,37.9796],[-83.767,37.9783],[-83.7678,37.9777],[-83.7671,37.9768],[-83.7669,37.9737],[-83.7675,37.9733],[-83.7689,37.9739],[-83.7666,37.9719],[-83.7688,37.9717],[-83.7668,37.9715],[-83.7659,37.9708],[-83.7653,37.9685],[-83.7646,37.9672],[-83.7626,37.9654],[-83.762,37.9642],[-83.7623,37.9638],[-83.7647,37.9637],[-83.7622,37.9634],[-83.7611,37.9627],[-83.7605,37.9616],[-83.7601,37.9586],[-83.7578,37.9571],[-83.7575,37.9558],[-83.7585,37.9541],[-83.759,37.951],[-83.7599,37.9499],[-83.7599,37.9482],[-83.7603,37.9479],[-83.7622,37.9481],[-83.7632,37.949],[-83.7637,37.95],[-83.7638,37.952],[-83.7656,37.9538],[-83.766,37.9552],[-83.7659,37.9537],[-83.7641,37.951],[-83.7638,37.9487],[-83.7644,37.948],[-83.7679,37.9482],[-83.7685,37.9488],[-83.7684,37.9526],[-83.769,37.9527],[-83.7692,37.9537],[-83.7699,37.9544],[-83.7688,37.9516],[-83.7688,37.9485],[-83.7672,37.9461],[-83.7673,37.9442],[-83.7685,37.944],[-83.771,37.9448],[-83.7742,37.9446],[-83.7748,37.9452],[-83.7755,37.9471],[-83.7764,37.9478],[-83.7778,37.9479],[-83.7783,37.9484],[-83.7794,37.9488],[-83.7814,37.9508],[-83.7823,37.9507],[-83.7829,37.9514],[-83.784,37.9517],[-83.7802,37.9545],[-83.7794,37.9564],[-83.7799,37.9566],[-83.7772,37.9585],[-83.778,37.9584],[-83.7784,37.9587],[-83.7801,37.9569],[-83.7803,37.9557],[-83.7819,37.9537],[-83.784,37.9526],[-83.786,37.9532],[-83.7845,37.9554],[-83.785,37.9558],[-83.7847,37.9581],[-83.7837,37.9589],[-83.7841,37.959],[-83.7849,37.9585],[-83.7852,37.9587],[-83.7869,37.9624],[-83.787,37.9641],[-83.7865,37.9649],[-83.7857,37.9653],[-83.7822,37.9658],[-83.7813,37.9656],[-83.7802,37.9663],[-83.7837,37.9658],[-83.7849,37.9661],[-83.7854,37.9666],[-83.7846,37.9672],[-83.7846,37.968],[-83.7839,37.9688],[-83.784,37.9707],[-83.7826,37.9728],[-83.78,37.9755],[-83.7779,37.9756],[-83.7787,37.976],[-83.7788,37.9764],[-83.7801,37.976],[-83.781,37.9766],[-83.7807,37.9775],[-83.7796,37.9779],[-83.7805,37.9781],[-83.7806,37.9794],[-83.78,37.9803],[-83.781,37.9809],[-83.7811,37.9827],[-83.781,37.9847],[-83.7799,37.987],[-83.7812,37.9859],[-83.7822,37.9869],[-83.7833,37.9874],[-83.782,37.9857],[-83.7817,37.9848],[-83.7816,37.9805],[-83.7812,37.9785],[-83.7818,37.9773],[-83.7817,37.9759],[-83.7844,37.9732],[-83.7851,37.9733],[-83.7859,37.9751],[-83.7871,37.976],[-83.788,37.9789],[-83.7886,37.9794],[-83.7888,37.9805],[-83.7895,37.9816],[-83.7898,37.9839],[-83.7904,37.9832],[-83.7901,37.9813],[-83.7893,37.9804],[-83.7894,37.9799],[-83.7888,37.9781],[-83.7861,37.9737],[-83.7855,37.9716],[-83.7859,37.9708],[-83.7875,37.9711],[-83.7856,37.9694],[-83.7865,37.9677],[-83.7875,37.9674],[-83.7895,37.9686],[-83.7914,37.9723],[-83.7931,37.973],[-83.7912,37.9707],[-83.791,37.9695],[-83.7902,37.9687],[-83.7903,37.9682],[-83.7917,37.9681],[-83.7891,37.9672],[-83.7879,37.966],[-83.7879,37.9652],[-83.7888,37.9646],[-83.7888,37.9628],[-83.7896,37.9624],[-83.7903,37.9625],[-83.7922,37.9637],[-83.7925,37.9644],[-83.7933,37.9645],[-83.794,37.9653],[-83.7957,37.9662],[-83.7933,37.9637],[-83.7898,37.9611],[-83.7884,37.959],[-83.7886,37.9575],[-83.7898,37.9572],[-83.7917,37.9573],[-83.7933,37.959],[-83.7938,37.9578],[-83.7951,37.9589],[-83.7942,37.957],[-83.7934,37.9564],[-83.7937,37.9558],[-83.7954,37.9562],[-83.7962,37.9557],[-83.7975,37.9556],[-83.798,37.956],[-83.7979,37.9568],[-83.7986,37.9564],[-83.7993,37.9573],[-83.8,37.9573],[-83.7985,37.9561],[-83.7986,37.9554],[-83.7996,37.9555],[-83.8007,37.955],[-83.8027,37.9547],[-83.8032,37.9552],[-83.8023,37.9564],[-83.8029,37.9562],[-83.8036,37.9566],[-83.8043,37.9559],[-83.8071,37.9565],[-83.8069,37.9576],[-83.8062,37.9587],[-83.8053,37.9587],[-83.8046,37.9594],[-83.8021,37.9595],[-83.8013,37.9598],[-83.8014,37.9607],[-83.8003,37.9618],[-83.8007,37.9628],[-83.8006,37.9618],[-83.8022,37.9604],[-83.8039,37.9603],[-83.8037,37.9624],[-83.8042,37.9633],[-83.8047,37.962],[-83.8058,37.9605],[-83.8062,37.9606],[-83.807,37.962],[-83.8077,37.9621],[-83.8072,37.961],[-83.8079,37.9603],[-83.8075,37.9596],[-83.8082,37.9588],[-83.8087,37.9597],[-83.8098,37.9604],[-83.81,37.9603],[-83.8092,37.9585],[-83.8097,37.9582],[-83.8118,37.9584],[-83.8126,37.9595],[-83.8128,37.9584],[-83.8138,37.9585],[-83.8148,37.9592],[-83.8149,37.963],[-83.8158,37.9628],[-83.8164,37.9635],[-83.8172,37.9647],[-83.8163,37.9652],[-83.8176,37.967],[-83.8165,37.967],[-83.8152,37.9657],[-83.8145,37.9663],[-83.8141,37.9663],[-83.8134,37.9648],[-83.8124,37.9643],[-83.812,37.9659],[-83.8111,37.9663],[-83.8115,37.9671],[-83.8105,37.9681],[-83.8089,37.9671],[-83.8077,37.9671],[-83.8075,37.9673],[-83.8083,37.9679],[-83.8083,37.9684],[-83.807,37.9696],[-83.8033,37.9692],[-83.8028,37.969],[-83.8016,37.969],[-83.801,37.9696],[-83.8003,37.9711],[-83.7996,37.9716],[-83.7999,37.9723],[-83.7992,37.974],[-83.8001,37.9734],[-83.8005,37.9738],[-83.8003,37.9771],[-83.8006,37.977],[-83.8011,37.9759],[-83.8009,37.9746],[-83.8012,37.974],[-83.8009,37.9722],[-83.8017,37.9707],[-83.8026,37.9704],[-83.8046,37.9708],[-83.8033,37.9721],[-83.8032,37.9733],[-83.8039,37.9731],[-83.8044,37.9724],[-83.806,37.9719],[-83.8063,37.9715],[-83.8075,37.9715],[-83.8079,37.9719],[-83.808,37.9734],[-83.8068,37.974],[-83.807,37.9746],[-83.8076,37.9749],[-83.8079,37.976],[-83.8076,37.9762],[-83.8063,37.9759],[-83.8054,37.9761],[-83.8058,37.9768],[-83.8056,37.9771],[-83.8052,37.9771],[-83.8054,37.9775],[-83.8066,37.9773],[-83.8081,37.9779],[-83.8082,37.9782],[-83.8077,37.9786],[-83.8036,37.979],[-83.8023,37.9798],[-83.7985,37.9807],[-83.7968,37.9809],[-83.7976,37.9811],[-83.7977,37.9816],[-83.7981,37.9812],[-83.7996,37.9808],[-83.8005,37.9803],[-83.805,37.9796],[-83.8076,37.9799],[-83.8078,37.9809],[-83.8061,37.9831],[-83.805,37.9834],[-83.8054,37.9837],[-83.8053,37.9841],[-83.8036,37.9847],[-83.805,37.9849],[-83.805,37.9852],[-83.8021,37.9859],[-83.7986,37.9859],[-83.8008,37.9866],[-83.8003,37.9875],[-83.7965,37.9886],[-83.795,37.9896],[-83.7934,37.9896],[-83.794,37.99],[-83.7939,37.9905],[-83.7923,37.9927],[-83.793,37.9924],[-83.7944,37.9904],[-83.7955,37.9899],[-83.7965,37.989],[-83.7972,37.9888],[-83.7976,37.9891],[-83.7978,37.9899],[-83.7972,37.9906],[-83.7976,37.9906],[-83.7982,37.9901],[-83.7983,37.9886],[-83.8008,37.988],[-83.8023,37.9867],[-83.8043,37.9864],[-83.8025,37.9894],[-83.8,37.991],[-83.7998,37.992],[-83.7987,37.9927],[-83.7993,37.9929],[-83.7987,37.9945],[-83.7991,37.9944],[-83.7997,37.993],[-83.8005,37.9927],[-83.8004,37.9919],[-83.8009,37.9914],[-83.8018,37.9915],[-83.8023,37.9931],[-83.8025,37.993],[-83.8023,37.9908],[-83.804,37.9896],[-83.8049,37.9907],[-83.8046,37.9889],[-83.8056,37.9876],[-83.8062,37.9874],[-83.8069,37.9875],[-83.8081,37.9886],[-83.8075,37.9865],[-83.8081,37.986],[-83.8089,37.9863],[-83.8083,37.9856],[-83.8072,37.9855],[-83.8072,37.9848],[-83.8076,37.984],[-83.8093,37.9825],[-83.8103,37.9836],[-83.8115,37.9867],[-83.8129,37.9878],[-83.8129,37.9893],[-83.814,37.9892],[-83.8139,37.9868],[-83.8124,37.9862],[-83.8117,37.984],[-83.8118,37.9836],[-83.8126,37.9836],[-83.8101,37.9812],[-83.8102,37.9808],[-83.8115,37.9805],[-83.8103,37.9797],[-83.8108,37.977],[-83.8113,37.9769],[-83.8129,37.9779],[-83.8123,37.9762],[-83.8114,37.976],[-83.8111,37.9755],[-83.8112,37.9752],[-83.8119,37.975],[-83.812,37.9743],[-83.8113,37.974],[-83.8113,37.9735],[-83.8119,37.9718],[-83.8117,37.9712],[-83.8123,37.9709],[-83.8133,37.9712],[-83.814,37.9726],[-83.8148,37.9719],[-83.8169,37.9722],[-83.8167,37.9732],[-83.816,37.9741],[-83.8151,37.9745],[-83.8143,37.9745],[-83.8143,37.975],[-83.8136,37.9752],[-83.8134,37.9758],[-83.8154,37.9761],[-83.8146,37.9772],[-83.816,37.9778],[-83.8146,37.98],[-83.8147,37.9802],[-83.8161,37.98],[-83.8164,37.9804],[-83.816,37.982],[-83.8148,37.9837],[-83.816,37.9864],[-83.8173,37.9872],[-83.8175,37.9862],[-83.8168,37.9858],[-83.817,37.9845],[-83.818,37.9848],[-83.8184,37.9836],[-83.8191,37.9831],[-83.8189,37.9821],[-83.8192,37.982],[-83.8212,37.9836],[-83.8225,37.9865],[-83.8228,37.9865],[-83.8228,37.9857],[-83.823,37.9858],[-83.8231,37.9867],[-83.8218,37.9875],[-83.822,37.9884],[-83.8226,37.9891],[-83.8236,37.9884],[-83.8257,37.99],[-83.8287,37.9902],[-83.829,37.9905],[-83.8315,37.991],[-83.8308,37.9914],[-83.8297,37.9908],[-83.8278,37.9915],[-83.8267,37.9909],[-83.8253,37.9909],[-83.8244,37.9902],[-83.8231,37.9909],[-83.8227,37.9916],[-83.8217,37.9917],[-83.8214,37.9915],[-83.8217,37.99],[-83.8201,37.9905],[-83.8187,37.9903],[-83.8181,37.9913],[-83.819,37.9916],[-83.8198,37.9926],[-83.8194,37.994],[-83.8202,37.9938],[-83.8203,37.9944],[-83.8185,37.9954],[-83.8174,37.9954],[-83.8167,37.9962],[-83.8158,37.996],[-83.8153,37.9954],[-83.8152,37.9939],[-83.814,37.9955],[-83.8144,37.9969],[-83.8155,37.9979],[-83.8154,37.9983],[-83.8128,37.9975],[-83.813,37.9963],[-83.8113,37.9963],[-83.8112,37.9953],[-83.8122,37.9946],[-83.8108,37.9942],[-83.8101,37.9927],[-83.8091,37.9923],[-83.8092,37.9941],[-83.808,37.9949],[-83.809,37.9953],[-83.8091,37.9958],[-83.8079,37.9964],[-83.8077,37.9969],[-83.8088,37.997],[-83.8096,37.9978],[-83.8093,37.9986],[-83.8104,37.9992],[-83.8108,38.0],[-83.8101,38.0001],[-83.809,37.9998],[-83.8071,38.0001],[-83.8068,37.9992],[-83.8075,37.9988],[-83.8076,37.9981],[-83.807,37.9978],[-83.8055,37.998],[-83.8052,37.9964],[-83.8042,37.995],[-83.804,37.9958],[-83.8031,37.9968],[-83.8035,37.9973],[-83.8034,37.9985],[-83.8042,37.9993],[-83.8042,37.9999],[-83.8024,37.9985],[-83.7995,37.9978],[-83.7994,37.9987],[-83.8008,37.9998],[-83.8,38.0001],[-83.7963,38.0001],[-83.7958,37.9994],[-83.7965,37.9986],[-83.7967,37.9972],[-83.7952,37.9983],[-83.7943,37.9998],[-83.794,37.9964],[-83.7933,37.9977],[-83.7922,37.9978],[-83.7915,37.9975],[-83.7915,37.998],[-83.7928,37.999],[-83.7926,38.0001],[-83.7879,38.0],[-83.7876,37.9996],[-83.7877,37.9988],[-83.7864,37.9971],[-83.7871,37.9963],[-83.7861,37.9966],[-83.7856,37.9962],[-83.7842,37.9931],[-83.7845,37.9922],[-83.7835,37.9916],[-83.7826,37.9895],[-83.7831,37.9918],[-83.7837,37.9928],[-83.7834,37.9939],[-83.7841,37.9941],[-83.7845,37.9947],[-83.7841,37.996],[-83.785,37.9962],[-83.7856,37.9973],[-83.7843,37.9983],[-83.7853,37.9981],[-83.7859,37.9983],[-83.7858,37.9991],[-83.7863,37.9994],[-83.7859,38.0001],[-83.7729,38.0001],[-83.774,37.9989],[-83.7746,37.9988],[-83.7741,37.9978],[-83.7755,37.9954],[-83.7751,37.9954],[-83.7741,37.9968],[-83.7735,37.9986],[-83.7719,37.9993],[-83.7714,37.9992],[-83.7712,37.9988],[-83.7707,37.9986],[-83.7694,37.9966],[-83.7695,37.9946],[-83.769,37.9936],[-83.7693,37.9924],[-83.7701,37.9923],[-83.7688,37.992],[-83.7693,37.9912],[-83.7688,37.991],[-83.7678,37.9893],[-83.7686,37.9931],[-83.7683,37.9951],[-83.7685,37.9969],[-83.7695,37.998],[-83.7695,37.9991],[-83.7704,38.0001],[-83.7584,38.0001],[-83.76,37.9984],[-83.7595,37.9988],[-83.7591,37.9981],[-83.7593,37.9978],[-83.7588,37.9972],[-83.7591,37.9964],[-83.7585,37.9953],[-83.7576,37.9945],[-83.7579,37.994],[-83.7569,37.9926],[-83.7548,37.9936],[-83.7543,37.995],[-83.7519,37.9971],[-83.7508,37.9972],[-83.7499,37.9969],[-83.7499,37.9652],[-83.7512,37.9667],[-83.7528,37.9692],[-83.7527,37.9705],[-83.7532,37.9714]],[[-83.775,37.9545],[-83.7742,37.9537],[-83.7737,37.9541],[-83.7739,37.9549],[-83.7744,37.9552],[-83.7748,37.955],[-83.775,37.9545]],[[-83.7701,37.9617],[-83.7704,37.9616],[-83.7708,37.9608],[-83.7705,37.961],[-83.7693,37.961],[-83.7694,37.9614],[-83.7717,37.9629],[-83.7701,37.9617]],[[-83.7655,37.9857],[-83.7663,37.9854],[-83.7656,37.9855],[-83.7655,37.9857]]]]}},{"type":"Feature","properties":{"quadrangle_name":"Panola"},"geometry":{"type":"MultiPolygon","coordinates":[[[[-84.0785,37.6271],[-84.0772,37.6275],[-84.0762,37.6267],[-84.0745,37.6265],[-84.074,37.6257],[-84.0741,37.6251],[-84.0819,37.6251],[-84.0816,37.6268],[-84.0806,37.6279],[-84.0802,37.6278],[-84.0791,37.6266],[-84.0785,37.6271]]],[[[-84.1045,37.6272],[-84.1039,37.6274],[-84.1042,37.6287],[-84.1036,37.6283],[-84.1034,37.627],[-84.1029,37.6268],[-84.1023,37.627],[-84.1025,37.6283],[-84.1021,37.6282],[-84.1017,37.6271],[-84.1014,37.6283],[-84.1005,37.6283],[-84.1004,37.6276],[-84.0997,37.628],[-84.0998,37.6287],[-84.0991,37.6286],[-84.0985,37.629],[-84.0983,37.6286],[-84.0988,37.6281],[-84.0984,37.628],[-84.0981,37.6275],[-84.097,37.6276],[-84.0961,37.6284],[-84.0966,37.6266],[-84.0955,37.6276],[-84.0952,37.6272],[-84.0947,37.6278],[-84.0949,37.6272],[-84.0942,37.6268],[-84.0946,37.6256],[-84.094,37.6257],[-84.0935,37.6264],[-84.0922,37.6263],[-84.0934,37.6271],[-84.0934,37.6273],[-84.0925,37.6273],[-84.0934,37.6277],[-84.0942,37.6287],[-84.094,37.6291],[-84.0935,37.629],[-84.0936,37.6294],[-84.0926,37.6294],[-84.0927,37.6298],[-84.0934,37.6298],[-84.0923,37.6308],[-84.0914,37.6307],[-84.0913,37.6313],[-84.0908,37.6317],[-84.0911,37.6317],[-84.0903,37.6322],[-84.0901,37.6327],[-84.091,37.6321],[-84.0913,37.6328],[-84.0921,37.632],[-84.0919,37.6333],[-84.0922,37.6333],[-84.0931,37.6321],[-84.0939,37.6322],[-84.0931,37.6332],[-84.0944,37.6332],[-84.0933,37.6335],[-84.0926,37.634],[-84.0935,37.6343],[-84.0945,37.6343],[-84.0935,37.6346],[-84.0938,37.635],[-84.0947,37.635],[-84.0952,37.6355],[-84.0944,37.6353],[-84.0948,37.637],[-84.0964,37.6363],[-84.0975,37.6377],[-84.0963,37.6388],[-84.095,37.6393],[-84.0945,37.6402],[-84.0969,37.6394],[-84.098,37.6386],[-84.099,37.6387],[-84.0996,37.6396],[-84.1006,37.6398],[-84.1011,37.6419],[-84.0981,37.6436],[-84.0947,37.6449],[-84.0935,37.6452],[-84.0948,37.6471],[-84.0935,37.6473],[-84.0935,37.6479],[-84.0931,37.6481],[-84.0929,37.6478],[-84.0933,37.6474],[-84.0929,37.6454],[-84.0913,37.6458],[-84.0915,37.6462],[-84.0911,37.6467],[-84.0916,37.6469],[-84.0905,37.6473],[-84.0912,37.6476],[-84.0909,37.6483],[-84.09,37.6479],[-84.0897,37.6482],[-84.0899,37.6487],[-84.0892,37.6488],[-84.0885,37.6497],[-84.0876,37.6492],[-84.0876,37.6498],[-84.0868,37.6497],[-84.0863,37.6499],[-84.0864,37.6502],[-84.0853,37.6501],[-84.0856,37.6495],[-84.0835,37.6498],[-84.083,37.6494],[-84.0824,37.6509],[-84.0815,37.6506],[-84.0812,37.6511],[-84.0809,37.651],[-84.0811,37.6502],[-84.0823,37.6498],[-84.0809,37.6491],[-84.0804,37.6486],[-84.0792,37.6482],[-84.0788,37.6483],[-84.0785,37.6489],[-84.0778,37.6486],[-84.0773,37.6492],[-84.0769,37.6487],[-84.0763,37.6492],[-84.0763,37.6484],[-84.0749,37.6483],[-84.075,37.648],[-84.0748,37.648],[-84.0742,37.6483],[-84.0746,37.6484],[-84.0741,37.649],[-84.0746,37.6492],[-84.0747,37.6497],[-84.074,37.65],[-84.0732,37.651],[-84.072,37.6511],[-84.0718,37.6515],[-84.0709,37.6513],[-84.07,37.6521],[-84.069,37.6516],[-84.0687,37.6526],[-84.068,37.6518],[-84.0669,37.6523],[-84.0668,37.653],[-84.0659,37.6525],[-84.0637,37.6532],[-84.0638,37.6526],[-84.0632,37.6527],[-84.0626,37.6524],[-84.0619,37.6534],[-84.0621,37.6526],[-84.0614,37.652],[-84.0613,37.6517],[-84.0572,37.6524],[-84.0582,37.6518],[-84.0584,37.6513],[-84.0575,37.6511],[-84.0568,37.6513],[-84.0568,37.6508],[-84.0565,37.6506],[-84.0556,37.6513],[-84.055,37.6504],[-84.0561,37.6503],[-84.0557,37.6497],[-84.0544,37.6494],[-84.0546,37.6489],[-84.0556,37.649],[-84.0556,37.6482],[-84.056,37.6481],[-84.0567,37.649],[-84.0567,37.6496],[-84.0571,37.6494],[-84.0578,37.65],[-84.0564,37.6469],[-84.0573,37.6474],[-84.0575,37.6488],[-84.0583,37.6487],[-84.0587,37.6462],[-84.0595,37.6472],[-84.0597,37.6466],[-84.0603,37.6464],[-84.0606,37.644],[-84.0614,37.6443],[-84.0612,37.6448],[-84.0617,37.6448],[-84.0618,37.6451],[-84.0632,37.6446],[-84.0633,37.6439],[-84.0639,37.644],[-84.0641,37.6447],[-84.0647,37.645],[-84.0683,37.6451],[-84.0698,37.6448],[-84.0706,37.645],[-84.0713,37.6447],[-84.0726,37.645],[-84.0731,37.6447],[-84.0737,37.6452],[-84.0742,37.6438],[-84.077,37.6427],[-84.0799,37.6408],[-84.0813,37.6408],[-84.0817,37.6407],[-84.0809,37.6404],[-84.0814,37.6404],[-84.0812,37.6404],[-84.0806,37.6401],[-84.0804,37.6378],[-84.0812,37.6376],[-84.0805,37.6373],[-84.0806,37.6371],[-84.0812,37.637],[-84.0808,37.6364],[-84.0811,37.6362],[-84.0812,37.6358],[-84.0808,37.6354],[-84.0815,37.6349],[-84.0814,37.6345],[-84.0827,37.6338],[-84.0813,37.6325],[-84.081,37.6338],[-84.0805,37.6339],[-84.0801,37.6347],[-84.0796,37.6346],[-84.0796,37.6352],[-84.0785,37.6349],[-84.0783,37.6353],[-84.077,37.6353],[-84.0773,37.6357],[-84.0785,37.6358],[-84.0787,37.6363],[-84.0791,37.6362],[-84.0793,37.6366],[-84.0789,37.6376],[-84.0792,37.6381],[-84.0796,37.638],[-84.0796,37.6398],[-84.079,37.6406],[-84.0793,37.6405],[-84.0768,37.642],[-84.0731,37.6431],[-84.0729,37.6428],[-84.0724,37.6434],[-84.0714,37.6437],[-84.0689,37.6435],[-84.0683,37.6429],[-84.0677,37.643],[-84.067,37.6425],[-84.0669,37.6416],[-84.0659,37.6417],[-84.0667,37.6412],[-84.0675,37.641],[-84.067,37.6409],[-84.0674,37.6406],[-84.0665,37.6398],[-84.067,37.6395],[-84.0679,37.6404],[-84.0681,37.6397],[-84.0689,37.6399],[-84.0683,37.639],[-84.0689,37.6393],[-84.0694,37.6385],[-84.0696,37.6397],[-84.0704,37.6397],[-84.0707,37.639],[-84.0708,37.6398],[-84.0716,37.6398],[-84.071,37.6399],[-84.0775,37.6385],[-84.0728,37.6395],[-84.0722,37.639],[-84.0726,37.6381],[-84.0714,37.6379],[-84.0721,37.6378],[-84.0719,37.6372],[-84.0726,37.6371],[-84.0727,37.6368],[-84.0712,37.6363],[-84.0712,37.636],[-84.0718,37.6358],[-84.0738,37.6365],[-84.0742,37.6358],[-84.0748,37.6357],[-84.0751,37.6353],[-84.0743,37.6346],[-84.0735,37.6344],[-84.0735,37.6338],[-84.0726,37.6345],[-84.0726,37.6338],[-84.071,37.6343],[-84.0713,37.6337],[-84.0723,37.6334],[-84.0709,37.6318],[-84.0712,37.6313],[-84.0706,37.6308],[-84.0699,37.6314],[-84.0693,37.6314],[-84.0691,37.6326],[-84.0682,37.6323],[-84.0683,37.6333],[-84.0675,37.6329],[-84.0668,37.6333],[-84.0669,37.6339],[-84.0675,37.6339],[-84.0674,37.6343],[-84.0657,37.634],[-84.0656,37.6347],[-84.0664,37.6353],[-84.065,37.635],[-84.0652,37.6355],[-84.0647,37.6358],[-84.0652,37.6362],[-84.0652,37.6365],[-84.0642,37.6361],[-84.0639,37.6364],[-84.0638,37.6371],[-84.0632,37.637],[-84.0619,37.6378],[-84.0605,37.6376],[-84.0601,37.6381],[-84.0595,37.6374],[-84.0589,37.638],[-84.0584,37.6377],[-84.0579,37.638],[-84.0576,37.6378],[-84.0577,37.6373],[-84.0573,37.6373],[-84.0571,37.6368],[-84.0567,37.6375],[-84.0564,37.6374],[-84.0549,37.638],[-84.056,37.6365],[-84.0553,37.6362],[-84.0555,37.6354],[-84.0545,37.6357],[-84.0543,37.6353],[-84.055,37.6341],[-84.0544,37.634],[-84.0544,37.6336],[-84.0554,37.6332],[-84.0554,37.6324],[-84.055,37.6323],[-84.0545,37.6327],[-84.0537,37.6328],[-84.0527,37.6337],[-84.0522,37.6335],[-84.0521,37.6342],[-84.0512,37.6337],[-84.0494,37.6336],[-84.0501,37.6347],[-84.0498,37.6358],[-84.0503,37.6362],[-84.0502,37.6372],[-84.0495,37.6373],[-84.0492,37.6379],[-84.0495,37.6383],[-84.049,37.6385],[-84.0494,37.6392],[-84.0486,37.6392],[-84.0486,37.64],[-84.0477,37.6401],[-84.0473,37.6406],[-84.0478,37.6413],[-84.0474,37.6421],[-84.0474,37.6413],[-84.0463,37.6413],[-84.0461,37.6411],[-84.0456,37.6413],[-84.0457,37.6422],[-84.0455,37.6424],[-84.0449,37.6414],[-84.0442,37.6422],[-84.0441,37.641],[-84.0438,37.6409],[-84.0434,37.6412],[-84.0433,37.6439],[-84.0429,37.6424],[-84.043,37.6405],[-84.0421,37.641],[-84.0418,37.6425],[-84.0414,37.6426],[-84.0414,37.6414],[-84.041,37.641],[-84.042,37.6399],[-84.0415,37.6394],[-84.041,37.6397],[-84.0405,37.6379],[-84.0397,37.6393],[-84.0398,37.6399],[-84.0392,37.6401],[-84.0395,37.6409],[-84.0389,37.6404],[-84.0379,37.6404],[-84.0374,37.6408],[-84.0386,37.6413],[-84.0383,37.6418],[-84.0389,37.6425],[-84.0386,37.6426],[-84.0376,37.6417],[-84.0372,37.6418],[-84.0379,37.6441],[-84.0366,37.6452],[-84.0375,37.6439],[-84.0362,37.6407],[-84.0356,37.6408],[-84.0354,37.642],[-84.0347,37.6407],[-84.0336,37.6423],[-84.0331,37.6426],[-84.0333,37.642],[-84.033,37.6416],[-84.0344,37.6407],[-84.0334,37.6403],[-84.0326,37.6409],[-84.0328,37.6404],[-84.0323,37.6404],[-84.0321,37.6394],[-84.0311,37.6409],[-84.0295,37.6408],[-84.0286,37.6412],[-84.027,37.6411],[-84.0268,37.6414],[-84.0278,37.6416],[-84.0279,37.642],[-84.0291,37.6417],[-84.0308,37.6421],[-84.0291,37.6422],[-84.0279,37.6428],[-84.0307,37.6431],[-84.0301,37.6433],[-84.0306,37.6439],[-84.0303,37.6452],[-84.0294,37.6435],[-84.0291,37.6438],[-84.0285,37.6437],[-84.0283,37.6441],[-84.028,37.6434],[-84.0274,37.6437],[-84.0266,37.6429],[-84.0273,37.645],[-84.0268,37.6458],[-84.0269,37.6449],[-84.026,37.6438],[-84.0259,37.643],[-84.0252,37.6433],[-84.0252,37.6426],[-84.024,37.6438],[-84.0236,37.6437],[-84.0243,37.6428],[-84.0242,37.6422],[-84.0236,37.6419],[-84.0246,37.642],[-84.0244,37.6414],[-84.0249,37.6414],[-84.025,37.6408],[-84.0238,37.6405],[-84.0224,37.6406],[-84.0222,37.6402],[-84.0203,37.6394],[-84.0208,37.6409],[-84.0197,37.6425],[-84.0204,37.6429],[-84.0199,37.6433],[-84.019,37.6429],[-84.019,37.6434],[-84.0182,37.6436],[-84.0198,37.6447],[-84.0209,37.6446],[-84.0211,37.6451],[-84.0202,37.6451],[-84.0189,37.6444],[-84.0179,37.6442],[-84.0169,37.6444],[-84.0178,37.6464],[-84.0174,37.6467],[-84.0176,37.6472],[-84.0174,37.6484],[-84.0165,37.6495],[-84.0167,37.6504],[-84.0162,37.6503],[-84.0148,37.6515],[-84.0144,37.6511],[-84.0137,37.6516],[-84.0126,37.6518],[-84.0121,37.653],[-84.0115,37.6526],[-84.0104,37.6527],[-84.0098,37.6534],[-84.0093,37.6531],[-84.0085,37.6535],[-84.0078,37.6533],[-84.0072,37.6535],[-84.0073,37.6543],[-84.0068,37.6544],[-84.006,37.6556],[-84.0061,37.6567],[-84.0057,37.6579],[-84.0052,37.6575],[-84.0053,37.6561],[-84.0066,37.6535],[-84.0059,37.6535],[-84.0046,37.6526],[-84.0046,37.6534],[-84.0043,37.6532],[-84.0038,37.6537],[-84.0031,37.6537],[-84.0031,37.6544],[-84.0023,37.6543],[-84.002,37.6547],[-84.0014,37.6547],[-84.0009,37.655],[-84.0005,37.6545],[-84.0008,37.6541],[-84.0018,37.6538],[-84.0018,37.653],[-84.0008,37.6517],[-83.9999,37.6514],[-83.9999,37.651],[-84.0013,37.6513],[-84.0011,37.6503],[-84.0016,37.6508],[-84.0018,37.6518],[-84.0029,37.6523],[-84.0032,37.6518],[-84.0028,37.6505],[-84.0035,37.6507],[-84.0035,37.6488],[-84.0041,37.6487],[-84.0043,37.648],[-84.0048,37.648],[-84.0055,37.6468],[-84.0066,37.6467],[-84.0069,37.6462],[-84.0059,37.6457],[-84.0037,37.6454],[-84.0033,37.6448],[-84.0028,37.6447],[-84.0021,37.6454],[-84.0012,37.6455],[-84.0011,37.6451],[-84.0019,37.6451],[-84.0027,37.6444],[-84.0021,37.644],[-83.9999,37.6434],[-83.9999,37.6361],[-84.0025,37.6366],[-84.0045,37.6362],[-84.0041,37.6354],[-84.0032,37.6349],[-83.9999,37.6337],[-83.9999,37.6294],[-84.0006,37.6295],[-84.0016,37.6304],[-84.002,37.6303],[-84.0009,37.629],[-83.9999,37.6286],[-83.9999,37.6256],[-84.0037,37.6272],[-84.0044,37.6281],[-84.006,37.6287],[-84.0062,37.6308],[-84.0056,37.6325],[-84.0062,37.6335],[-84.0071,37.6337],[-84.0069,37.6345],[-84.0077,37.6349],[-84.0102,37.6344],[-84.0104,37.6347],[-84.0103,37.6358],[-84.0096,37.6366],[-84.0076,37.637],[-84.0128,37.6394],[-84.0124,37.6375],[-84.0135,37.6373],[-84.0172,37.6354],[-84.0199,37.6356],[-84.0238,37.6376],[-84.0268,37.6377],[-84.0278,37.6381],[-84.0283,37.6378],[-84.0318,37.6342],[-84.0324,37.6341],[-84.0343,37.6358],[-84.0356,37.6375],[-84.0363,37.6377],[-84.037,37.6372],[-84.0373,37.6352],[-84.0401,37.6334],[-84.0414,37.633],[-84.0426,37.6331],[-84.0433,37.6336],[-84.045,37.6381],[-84.0454,37.6382],[-84.0461,37.6375],[-84.0463,37.6366],[-84.0451,37.6329],[-84.0453,37.6313],[-84.046,37.6304],[-84.0482,37.6298],[-84.0507,37.6307],[-84.0526,37.6294],[-84.0554,37.6291],[-84.0579,37.6282],[-84.0591,37.629],[-84.0608,37.6315],[-84.0608,37.6326],[-84.0589,37.6345],[-84.0593,37.6348],[-84.0602,37.635],[-84.0614,37.6343],[-84.0622,37.6321],[-84.064,37.6308],[-84.0635,37.6285],[-84.0648,37.628],[-84.0673,37.6283],[-84.0686,37.6281],[-84.0698,37.6261],[-84.0707,37.6251],[-84.0719,37.6251],[-84.0719,37.6256],[-84.0733,37.6265],[-84.0758,37.6306],[-84.076,37.6318],[-84.0772,37.6325],[-84.0776,37.6304],[-84.0813,37.6283],[-84.0822,37.6284],[-84.0836,37.6291],[-84.0843,37.6309],[-84.0849,37.6313],[-84.0863,37.631],[-84.0869,37.6305],[-84.0874,37.6297],[-84.0872,37.6291],[-84.0848,37.6286],[-84.0836,37.6278],[-84.0838,37.627],[-84.0847,37.6258],[-84.0846,37.6251],[-84.097,37.6251],[-84.108,37.6251],[-84.1075,37.6258],[-84.1075,37.6262],[-84.1068,37.6265],[-84.1064,37.6272],[-84.106,37.6272],[-84.1061,37.6276],[-84.1075,37.6271],[-84.1086,37.6261],[-84.1089,37.6261],[-84.1097,37.6254],[-84.1107,37.6252],[-84.1099,37.6261],[-84.1104,37.6263],[-84.1104,37.6267],[-84.1113,37.6262],[-84.1119,37.6264],[-84.1128,37.626],[-84.1129,37.6264],[-84.1136,37.6266],[-84.1104,37.6273],[-84.1113,37.6279],[-84.1108,37.6287],[-84.1122,37.6282],[-84.1124,37.6287],[-84.1132,37.6286],[-84.114,37.628],[-84.1144,37.6289],[-84.1143,37.6294],[-84.1132,37.629],[-84.111,37.6299],[-84.1138,37.6305],[-84.113,37.6317],[-84.1121,37.6306],[-84.1105,37.6303],[-84.1098,37.6295],[-84.1091,37.6298],[-84.1069,37.6292],[-84.1072,37.6297],[-84.1082,37.6299],[-84.1081,37.6303],[-84.1088,37.6303],[-84.1097,37.6309],[-84.1095,37.6317],[-84.1104,37.6315],[-84.1108,37.6321],[-84.1114,37.6322],[-84.1099,37.6333],[-84.11,37.6341],[-84.1111,37.6334],[-84.1117,37.6335],[-84.1074,37.6379],[-84.1035,37.6405],[-84.1033,37.6392],[-84.1039,37.6386],[-84.1034,37.6386],[-84.1028,37.6392],[-84.102,37.6393],[-84.1017,37.6386],[-84.1009,37.6383],[-84.1004,37.6374],[-84.0989,37.6366],[-84.0983,37.6354],[-84.1004,37.6339],[-84.1005,37.6334],[-84.1002,37.6332],[-84.0989,37.6333],[-84.0988,37.633],[-84.0999,37.6326],[-84.0992,37.6318],[-84.0996,37.6314],[-84.0994,37.6308],[-84.0998,37.6304],[-84.1005,37.6304],[-84.1021,37.6296],[-84.1028,37.6297],[-84.1031,37.6291],[-84.1046,37.6295],[-84.1046,37.6299],[-84.1062,37.6283],[-84.1057,37.6285],[-84.1051,37.6271],[-84.1048,37.6274],[-84.1045,37.6272]],[[-84.1009,37.6335],[-84.1024,37.6321],[-84.1006,37.6338],[-84.1009,37.6335]],[[-84.1041,37.6352],[-84.1049,37.6352],[-84.1047,37.6346],[-84.1033,37.6341],[-84.1041,37.6352]],[[-84.0858,37.64],[-84.0879,37.6396],[-84.0831,37.6402],[-84.0858,37.64]],[[-84.0894,37.6392],[-84.0925,37.6379],[-84.0889,37.6393],[-84.0894,37.6392]],[[-84.0837,37.6478],[-84.0783,37.6477],[-84.0773,37.6477],[-84.0837,37.6478]],[[-84.0717,37.6485],[-84.0708,37.6481],[-84.0683,37.6492],[-84.0659,37.648],[-84.065,37.648],[-84.064,37.6485],[-84.0627,37.6497],[-84.0627,37.6504],[-84.0635,37.6507],[-84.0653,37.6504],[-84.0678,37.6496],[-84.0706,37.6492],[-84.0716,37.6488],[-84.0717,37.6485]],[[-84.0799,37.6459],[-84.082,37.6469],[-84.085,37.647],[-84.0884,37.6461],[-84.089,37.6456],[-84.0887,37.645],[-84.0863,37.6451],[-84.0844,37.6443],[-84.0815,37.6446],[-84.0804,37.6442],[-84.0795,37.6448],[-84.0783,37.6463],[-84.0799,37.6459]],[[-84.0876,37.6416],[-84.0878,37.6427],[-84.0889,37.6425],[-84.0881,37.6417],[-84.0876,37.6416]],[[-84.0068,37.6505],[-84.0073,37.6507],[-84.0091,37.6507],[-84.0113,37.6492],[-84.0134,37.6485],[-84.0137,37.6472],[-84.0123,37.6444],[-84.0123,37.6435],[-84.0138,37.6421],[-84.0164,37.6411],[-84.0163,37.6401],[-84.0158,37.6398],[-84.0144,37.6401],[-84.0131,37.6398],[-84.0131,37.6403],[-84.0124,37.6409],[-84.0085,37.6422],[-84.0059,37.6406],[-84.0046,37.6406],[-84.0025,37.6412],[-84.0049,37.642],[-84.0061,37.6433],[-84.0086,37.6433],[-84.0094,37.6436],[-84.011,37.6455],[-84.0112,37.6465],[-84.0105,37.6478],[-84.0067,37.6502],[-84.0068,37.6505]],[[-84.0907,37.6381],[-84.091,37.6374],[-84.0906,37.6361],[-84.0884,37.636],[-84.0889,37.6372],[-84.0888,37.6383],[-84.0907,37.6381]]],[[[-84.097,37.6305],[-84.0968,37.6306],[-84.0968,37.6297],[-84.0979,37.6296],[-84.097,37.6305]]],[[[-84.0936,37.6303],[-84.0938,37.6308],[-84.0925,37.6307],[-84.0931,37.6301],[-84.0936,37.6303]]],[[[-84.0996,37.6343],[-84.0989,37.6344],[-84.0992,37.6341],[-84.0997,37.6341],[-84.0996,37.6343]]],[[[-84.0971,37.6441],[-84.0975,37.6439],[-84.0973,37.6441],[-84.0971,37.6441]]],[[[-84.0964,37.6447],[-84.0964,37.6447],[-84.0961,37.6445],[-84.0964,37.6443],[-84.0964,37.6447]]],[[[-84.0951,37.6453],[-84.0939,37.6451],[-84.0947,37.6449],[-84.0949,37.6448],[-84.0951,37.6453]]],[[[-84.1006,37.646],[-84.1002,37.6463],[-84.1001,37.6454],[-84.0988,37.6456],[-84.0988,37.6451],[-84.1004,37.6448],[-84.1006,37.646]]],[[[-84.0965,37.6489],[-84.0967,37.6487],[-84.0973,37.6489],[-84.0972,37.6493],[-84.0965,37.6489]]],[[[-84.085,37.6504],[-84.0848,37.6514],[-84.0854,37.6525],[-84.0849,37.6528],[-84.0846,37.6525],[-84.0844,37.6513],[-84.085,37.6504]]],[[[-84.0558,37.6251],[-84.0602,37.6251],[-84.0606,37.6254],[-84.0595,37.6262],[-84.0577,37.6265],[-84.0569,37.6261],[-84.0558,37.6251]]],[[[-83.9999,37.6252],[-83.9999,37.6251],[-84.0002,37.6251],[-83.9999,37.6252]]],[[[-84.0479,37.6251],[-84.0544,37.6251],[-84.0565,37.6266],[-84.0536,37.6279],[-84.0528,37.627],[-84.0485,37.627],[-84.0479,37.6251]]],[[[-84.0421,37.6251],[-84.0466,37.6251],[-84.0457,37.6267],[-84.0449,37.6275],[-84.0443,37.6276],[-84.0434,37.6275],[-84.0421,37.6251]]],[[[-84.0231,37.6251],[-84.0263,37.6251],[-84.0253,37.6264],[-84.0248,37.6288],[-84.0241,37.629],[-84.0231,37.6272],[-84.0231,37.6251]]],[[[-84.038,37.6298],[-84.0364,37.6273],[-84.0356,37.6271],[-84.0332,37.6286],[-84.0322,37.63],[-84.0311,37.6306],[-84.0291,37.6303],[-84.0265,37.6277],[-84.0274,37.6263],[-84.0288,37.6251],[-84.0404,37.6251],[-84.0411,37.6272],[-84.0413,37.6304],[-84.0384,37.6316],[-84.0372,37.6315],[-84.038,37.6298]]],[[[-84.0218,37.6278],[-84.0216,37.6295],[-84.0236,37.6309],[-84.0261,37.6315],[-84.0297,37.6331],[-84.0296,37.634],[-84.0288,37.6347],[-84.0269,37.6349],[-84.0247,37.6344],[-84.0223,37.635],[-84.021,37.6348],[-84.0204,37.6338],[-84.0196,37.6335],[-84.018,37.6339],[-84.0141,37.6341],[-84.013,37.6335],[-84.0134,37.6329],[-84.0144,37.6324],[-84.0162,37.6306],[-84.0155,37.6289],[-84.0148,37.6287],[-84.0127,37.6303],[-84.0105,37.6298],[-84.0082,37.6272],[-84.0086,37.6258],[-84.0083,37.6251],[-84.0143,37.6251],[-84.0151,37.6258],[-84.0146,37.6251],[-84.0195,37.6251],[-84.0218,37.6278]]],[[[-84.0577,37.6399],[-84.0568,37.6399],[-84.056,37.6394],[-84.0574,37.6396],[-84.0577,37.6399]]],[[[-84.0625,37.6434],[-84.0625,37.6435],[-84.062,37.6433],[-84.0623,37.6432],[-84.0625,37.6434]]],[[[-84.0355,37.643],[-84.035,37.6432],[-84.0354,37.6426],[-84.0355,37.643]]],[[[-84.0341,37.6457],[-84.0337,37.6459],[-84.0335,37.6454],[-84.0335,37.6437],[-84.0339,37.6432],[-84.0341,37.6457]]],[[[-84.0299,37.6508],[-84.0297,37.6508],[-84.0296,37.6506],[-84.03,37.6504],[-84.0299,37.6508]]],[[[-84.0349,37.6522],[-84.0353,37.6516],[-84.0351,37.6508],[-84.0358,37.6509],[-84.0358,37.6505],[-84.0347,37.6498],[-84.0371,37.6495],[-84.038,37.6491],[-84.0385,37.6494],[-84.0386,37.6498],[-84.0366,37.6504],[-84.037,37.651],[-84.0362,37.6515],[-84.036,37.6525],[-84.0369,37.6524],[-84.0369,37.6529],[-84.0378,37.6531],[-84.038,37.6535],[-84.0389,37.6527],[-84.04,37.6524],[-84.0401,37.6528],[-84.0379,37.6539],[-84.0371,37.6533],[-84.0367,37.6534],[-84.0366,37.6531],[-84.0356,37.6529],[-84.0352,37.6533],[-84.0346,37.653],[-84.0341,37.6534],[-84.0342,37.6526],[-84.0334,37.6527],[-84.0321,37.6522],[-84.0317,37.6524],[-84.0318,37.6531],[-84.0313,37.6524],[-84.0308,37.6529],[-84.0302,37.6528],[-84.03,37.6534],[-84.0295,37.6536],[-84.0296,37.6528],[-84.0286,37.6527],[-84.0286,37.6524],[-84.0307,37.6521],[-84.0305,37.6516],[-84.0309,37.6516],[-84.0309,37.6512],[-84.0317,37.6519],[-84.0322,37.6518],[-84.0323,37.6513],[-84.0319,37.6502],[-84.0335,37.65],[-84.033,37.6509],[-84.0337,37.6509],[-84.0338,37.6512],[-84.0333,37.6517],[-84.0349,37.6522]]],[[[-84.053,37.6534],[-84.0528,37.6528],[-84.0531,37.6522],[-84.054,37.6526],[-84.0535,37.6533],[-84.053,37.6534]]]]}},{"type":"Feature","properties":{"quadrangle_name":"Pomeroyton"},"geometry":{"type":"MultiPolygon","coordinates":[[[[-83.6209,37.817],[-83.6196,37.8167],[-83.6217,37.8157],[-83.622,37.8146],[-83.6204,37.8134],[-83.6198,37.8133],[-83.6203,37.8125],[-83.6204,37.8115],[-83.6191,37.81],[-83.6182,37.8096],[-83.6176,37.8097],[-83.6171,37.8091],[-83.6201,37.8093],[-83.6211,37.8087],[-83.6211,37.8081],[-83.6201,37.8069],[-83.6189,37.8066],[-83.6185,37.8054],[-83.6207,37.8042],[-83.6212,37.8036],[-83.6213,37.8043],[-83.6195,37.8056],[-83.6196,37.8061],[-83.6206,37.8062],[-83.6226,37.8081],[-83.624,37.8077],[-83.6249,37.8068],[-83.6247,37.8082],[-83.6227,37.8092],[-83.6215,37.8103],[-83.6225,37.8122],[-83.6249,37.8118],[-83.6249,37.8121],[-83.6238,37.8128],[-83.6236,37.8133],[-83.6246,37.8146],[-83.6241,37.8158],[-83.6249,37.8167],[-83.6249,37.8184],[-83.6243,37.8175],[-83.6232,37.8169],[-83.6234,37.8144],[-83.6226,37.813],[-83.6221,37.8126],[-83.6217,37.8115],[-83.6208,37.8108],[-83.6213,37.8097],[-83.6229,37.8086],[-83.6217,37.808],[-83.6216,37.809],[-83.6205,37.8099],[-83.6196,37.8098],[-83.6211,37.8115],[-83.6213,37.8132],[-83.6225,37.814],[-83.6227,37.8158],[-83.6221,37.8168],[-83.6223,37.8176],[-83.6243,37.8185],[-83.6249,37.8192],[-83.6249,37.8197],[-83.6234,37.8186],[-83.621,37.8181],[-83.6209,37.817]]],[[[-83.6249,37.8203],[-83.6249,37.8213],[-83.6232,37.8213],[-83.6241,37.8206],[-83.6249,37.8203]]],[[[-83.5861,37.8233],[-83.586,37.821],[-83.5866,37.8194],[-83.5877,37.8187],[-83.5895,37.8181],[-83.59,37.817],[-83.59,37.8159],[-83.5901,37.8158],[-83.5915,37.8155],[-83.59,37.8161],[-83.5904,37.817],[-83.5896,37.8186],[-83.5905,37.8181],[-83.5904,37.8176],[-83.5908,37.8162],[-83.592,37.8156],[-83.5924,37.8151],[-83.5921,37.8156],[-83.5909,37.8162],[-83.5905,37.8179],[-83.5907,37.8181],[-83.5924,37.8191],[-83.5945,37.8193],[-83.5956,37.8198],[-83.5965,37.8197],[-83.5988,37.8217],[-83.5992,37.8251],[-83.6009,37.8254],[-83.6019,37.8252],[-83.6012,37.8259],[-83.5997,37.8259],[-83.5995,37.8262],[-83.6002,37.8271],[-83.6008,37.8295],[-83.6027,37.8293],[-83.6062,37.8278],[-83.6064,37.8273],[-83.6073,37.8274],[-83.6092,37.8267],[-83.6096,37.827],[-83.6099,37.829],[-83.6082,37.8307],[-83.6083,37.831],[-83.6095,37.831],[-83.6105,37.8302],[-83.6108,37.8318],[-83.612,37.8332],[-83.6183,37.8336],[-83.62,37.8324],[-83.6206,37.831],[-83.6207,37.8307],[-83.6196,37.8303],[-83.62,37.8293],[-83.6214,37.8297],[-83.623,37.8282],[-83.6229,37.8275],[-83.6234,37.8266],[-83.6233,37.8256],[-83.6222,37.8252],[-83.6249,37.8227],[-83.6249,37.824],[-83.6241,37.8248],[-83.6241,37.8278],[-83.6226,37.8297],[-83.6216,37.8303],[-83.6209,37.8336],[-83.617,37.8348],[-83.6121,37.8338],[-83.6092,37.832],[-83.606,37.8319],[-83.6056,37.8314],[-83.6058,37.832],[-83.609,37.8325],[-83.6093,37.8329],[-83.6104,37.8338],[-83.609,37.8363],[-83.6075,37.8377],[-83.6074,37.8411],[-83.6053,37.8428],[-83.6042,37.8452],[-83.6036,37.8454],[-83.6023,37.8447],[-83.6014,37.8446],[-83.6007,37.8448],[-83.5999,37.8459],[-83.5997,37.8475],[-83.6002,37.8485],[-83.5977,37.8508],[-83.5967,37.8511],[-83.5974,37.8516],[-83.5978,37.8526],[-83.597,37.8536],[-83.5962,37.8538],[-83.5943,37.8559],[-83.5921,37.8556],[-83.5896,37.8545],[-83.5899,37.8551],[-83.5884,37.8567],[-83.5887,37.8573],[-83.5883,37.8586],[-83.5866,37.8604],[-83.5861,37.8616],[-83.5833,37.8619],[-83.5812,37.8612],[-83.5814,37.861],[-83.5836,37.8618],[-83.5859,37.8612],[-83.5879,37.858],[-83.588,37.8573],[-83.5872,37.8569],[-83.5871,37.8565],[-83.5879,37.8564],[-83.5893,37.8552],[-83.5888,37.8537],[-83.5892,37.8537],[-83.5901,37.8545],[-83.5914,37.8545],[-83.5943,37.8554],[-83.5966,37.8531],[-83.5971,37.8521],[-83.597,37.8517],[-83.596,37.8515],[-83.5952,37.8509],[-83.5972,37.8504],[-83.5994,37.8487],[-83.5986,37.8479],[-83.599,37.846],[-83.5999,37.8449],[-83.5975,37.8448],[-83.6,37.8438],[-83.6006,37.8431],[-83.6009,37.8441],[-83.6033,37.8445],[-83.6042,37.8427],[-83.6066,37.8402],[-83.6067,37.8395],[-83.6063,37.8388],[-83.6068,37.8375],[-83.6078,37.8364],[-83.6069,37.8356],[-83.6074,37.8332],[-83.6053,37.8326],[-83.6048,37.8321],[-83.6054,37.83],[-83.6037,37.8305],[-83.6004,37.8309],[-83.5989,37.8303],[-83.5983,37.8277],[-83.5975,37.8267],[-83.597,37.8266],[-83.5956,37.8277],[-83.5958,37.8268],[-83.5971,37.8256],[-83.597,37.8251],[-83.5964,37.8249],[-83.5971,37.8242],[-83.5974,37.823],[-83.5971,37.8221],[-83.5959,37.8209],[-83.5923,37.8199],[-83.5903,37.8189],[-83.5895,37.8191],[-83.5874,37.8202],[-83.5871,37.8233],[-83.5863,37.825],[-83.5858,37.8256],[-83.5845,37.8252],[-83.5853,37.825],[-83.5861,37.8233]],[[-83.6053,37.8313],[-83.6054,37.8319],[-83.6056,37.8321],[-83.6053,37.8313]],[[-83.6076,37.8299],[-83.6068,37.8301],[-83.6057,37.8307],[-83.6076,37.8299]],[[-83.6085,37.8277],[-83.6068,37.8281],[-83.6017,37.8303],[-83.6046,37.8292],[-83.6044,37.8295],[-83.603,37.8298],[-83.6022,37.8304],[-83.6077,37.8288],[-83.6083,37.8288],[-83.608,37.8293],[-83.6065,37.8297],[-83.6056,37.8306],[-83.6065,37.8301],[-83.6088,37.8294],[-83.6088,37.8288],[-83.6085,37.8277]],[[-83.5999,37.8294],[-83.6,37.8298],[-83.6002,37.8299],[-83.5999,37.8294]],[[-83.5987,37.8268],[-83.5992,37.827],[-83.5985,37.8261],[-83.599,37.8255],[-83.5983,37.8253],[-83.5983,37.8221],[-83.5978,37.8219],[-83.5981,37.8228],[-83.5977,37.8244],[-83.598,37.8252],[-83.598,37.8247],[-83.598,37.8254],[-83.5983,37.8263],[-83.5987,37.8268]]],[[[-83.6216,37.8328],[-83.6225,37.831],[-83.6237,37.83],[-83.6244,37.8286],[-83.6249,37.8258],[-83.6249,37.8305],[-83.6246,37.8311],[-83.6236,37.8312],[-83.6234,37.8315],[-83.6228,37.8336],[-83.6231,37.8346],[-83.6222,37.835],[-83.6221,37.8364],[-83.6205,37.8357],[-83.6185,37.8363],[-83.6188,37.8374],[-83.6201,37.8389],[-83.6206,37.839],[-83.6202,37.8391],[-83.6202,37.8404],[-83.6197,37.8394],[-83.6184,37.8385],[-83.6175,37.8382],[-83.6168,37.8386],[-83.6169,37.8374],[-83.6163,37.837],[-83.6162,37.8365],[-83.6144,37.8366],[-83.6129,37.837],[-83.6128,37.8363],[-83.6118,37.8362],[-83.6108,37.8365],[-83.6089,37.8384],[-83.6099,37.8405],[-83.6107,37.8409],[-83.611,37.8415],[-83.6122,37.8419],[-83.6133,37.8431],[-83.6092,37.8415],[-83.6087,37.8417],[-83.6073,37.8435],[-83.6095,37.8455],[-83.6125,37.8504],[-83.6136,37.8511],[-83.6133,37.8523],[-83.6128,37.8515],[-83.6111,37.8504],[-83.6111,37.8498],[-83.6101,37.8488],[-83.6097,37.8478],[-83.6086,37.8465],[-83.6067,37.8449],[-83.6059,37.8448],[-83.6051,37.8461],[-83.6046,37.8464],[-83.6031,37.8467],[-83.6019,37.8463],[-83.6012,37.8467],[-83.601,37.8473],[-83.6018,37.8484],[-83.6022,37.8501],[-83.6018,37.8504],[-83.6012,37.8502],[-83.6003,37.8503],[-83.599,37.8515],[-83.5996,37.8526],[-83.6015,37.8535],[-83.5988,37.8534],[-83.5961,37.8563],[-83.5966,37.8574],[-83.5982,37.859],[-83.5987,37.8592],[-83.598,37.8612],[-83.5994,37.8618],[-83.6007,37.8619],[-83.6008,37.8627],[-83.602,37.8635],[-83.6032,37.8635],[-83.6067,37.8644],[-83.6033,37.8642],[-83.6014,37.8645],[-83.6008,37.8658],[-83.601,37.8682],[-83.6021,37.8691],[-83.6007,37.8689],[-83.5999,37.8702],[-83.6004,37.8672],[-83.5996,37.8657],[-83.5999,37.8643],[-83.5994,37.8633],[-83.5987,37.8628],[-83.5975,37.8628],[-83.5964,37.8617],[-83.5963,37.8594],[-83.5947,37.8576],[-83.5911,37.8559],[-83.5901,37.8564],[-83.5897,37.857],[-83.5901,37.8603],[-83.5886,37.8594],[-83.5872,37.8622],[-83.5846,37.8622],[-83.5833,37.8629],[-83.5829,37.8624],[-83.5816,37.8618],[-83.5821,37.8617],[-83.5829,37.8623],[-83.5834,37.8628],[-83.5847,37.8619],[-83.5858,37.8619],[-83.5867,37.8616],[-83.5873,37.8602],[-83.5888,37.8586],[-83.5894,37.8584],[-83.5896,37.8578],[-83.5894,37.8565],[-83.5911,37.8554],[-83.5926,37.8562],[-83.5948,37.8565],[-83.5971,37.8593],[-83.5974,37.8602],[-83.5975,37.8595],[-83.595,37.8561],[-83.5965,37.8543],[-83.5978,37.8539],[-83.5981,37.8535],[-83.5986,37.8523],[-83.5984,37.8507],[-83.6011,37.8493],[-83.601,37.8481],[-83.6002,37.8468],[-83.6003,37.8464],[-83.6014,37.8456],[-83.6034,37.846],[-83.6043,37.8458],[-83.6056,37.8441],[-83.6066,37.8441],[-83.6075,37.8446],[-83.6062,37.8437],[-83.6062,37.8431],[-83.6085,37.8408],[-83.6091,37.8408],[-83.6083,37.8401],[-83.6081,37.838],[-83.6098,37.8361],[-83.6108,37.8355],[-83.6119,37.8351],[-83.6139,37.8358],[-83.6175,37.8357],[-83.6198,37.8352],[-83.6193,37.8352],[-83.6197,37.8351],[-83.6203,37.8349],[-83.6214,37.8344],[-83.6216,37.8328]]],[[[-83.5825,37.8204],[-83.5823,37.8204],[-83.5828,37.8206],[-83.5834,37.8214],[-83.582,37.8233],[-83.5819,37.8239],[-83.5822,37.8244],[-83.5836,37.8249],[-83.5819,37.8244],[-83.5858,37.8256],[-83.5845,37.8258],[-83.5816,37.825],[-83.5811,37.8231],[-83.5824,37.8215],[-83.5822,37.8208],[-83.5811,37.8206],[-83.5804,37.8207],[-83.578,37.8209],[-83.5809,37.8206],[-83.5801,37.8204],[-83.581,37.8204],[-83.5798,37.8204],[-83.5818,37.8202],[-83.5825,37.8204]]],[[[-83.5799,37.8204],[-83.5792,37.8204],[-83.5773,37.8208],[-83.579,37.8204],[-83.5799,37.8204]]]]}},{"type":"Feature","properties":{"quadrangle_name":"Scranton"},"geometry":{"type":"MultiPolygon","coordinates":[[[[-83.6249,37.9006],[-83.6239,37.901],[-83.6237,37.9025],[-83.6227,37.9034],[-83.6219,37.9051],[-83.6199,37.9051],[-83.6194,37.9065],[-83.6168,37.9074],[-83.6164,37.9081],[-83.616,37.9075],[-83.6153,37.9074],[-83.6187,37.9062],[-83.6188,37.9047],[-83.6208,37.9043],[-83.6223,37.9027],[-83.6225,37.9015],[-83.6221,37.9011],[-83.6187,37.9001],[-83.6194,37.9],[-83.6211,37.9004],[-83.6222,37.9003],[-83.6244,37.8992],[-83.6242,37.8976],[-83.6234,37.8959],[-83.6249,37.8968],[-83.6248,37.8993],[-83.6225,37.9008],[-83.6229,37.9011],[-83.6242,37.8998],[-83.6249,37.8999],[-83.6249,37.9006]]],[[[-83.6142,37.9562],[-83.6129,37.9551],[-83.6119,37.9549],[-83.6111,37.9567],[-83.6102,37.9551],[-83.6087,37.9557],[-83.6085,37.955],[-83.6071,37.9549],[-83.607,37.9543],[-83.61,37.954],[-83.6109,37.9532],[-83.6103,37.9519],[-83.6094,37.9521],[-83.608,37.9517],[-83.6095,37.951],[-83.6097,37.9499],[-83.6091,37.9493],[-83.6095,37.9488],[-83.6095,37.947],[-83.6088,37.9454],[-83.6073,37.9448],[-83.6089,37.9443],[-83.6091,37.9426],[-83.6099,37.9443],[-83.6098,37.945],[-83.6109,37.948],[-83.6126,37.9479],[-83.6128,37.9481],[-83.6113,37.9491],[-83.6113,37.9498],[-83.612,37.9502],[-83.6121,37.9512],[-83.6126,37.9516],[-83.6139,37.9516],[-83.6134,37.9527],[-83.6141,37.9532],[-83.6159,37.952],[-83.6166,37.9522],[-83.617,37.9525],[-83.6163,37.954],[-83.6173,37.9542],[-83.6179,37.9548],[-83.6185,37.9546],[-83.62,37.9533],[-83.621,37.952],[-83.6195,37.9516],[-83.6202,37.9507],[-83.6188,37.9506],[-83.6195,37.9493],[-83.6188,37.9488],[-83.618,37.9489],[-83.6182,37.9484],[-83.6173,37.9479],[-83.6171,37.9471],[-83.6183,37.9476],[-83.6192,37.9475],[-83.6202,37.9482],[-83.621,37.9481],[-83.6227,37.9496],[-83.6232,37.9497],[-83.6233,37.9493],[-83.6226,37.9476],[-83.6218,37.9468],[-83.6218,37.9462],[-83.6211,37.9459],[-83.6208,37.945],[-83.6201,37.9443],[-83.6195,37.9438],[-83.6186,37.9439],[-83.6176,37.9436],[-83.6189,37.9429],[-83.6191,37.9404],[-83.6202,37.9429],[-83.6214,37.9437],[-83.6225,37.9431],[-83.6229,37.9435],[-83.6226,37.9445],[-83.6233,37.945],[-83.6245,37.9448],[-83.6241,37.946],[-83.6249,37.9464],[-83.6249,37.95],[-83.6239,37.9512],[-83.6227,37.9508],[-83.6229,37.9516],[-83.6197,37.9555],[-83.6174,37.9566],[-83.6132,37.954],[-83.612,37.9525],[-83.6116,37.9532],[-83.6117,37.9538],[-83.6137,37.9549],[-83.6152,37.9561],[-83.6157,37.9567],[-83.6158,37.9576],[-83.6153,37.9592],[-83.6146,37.9601],[-83.6143,37.9622],[-83.6134,37.9645],[-83.6118,37.9659],[-83.6106,37.9688],[-83.6089,37.9694],[-83.6078,37.9689],[-83.6074,37.9682],[-83.6075,37.969],[-83.607,37.97],[-83.6064,37.9707],[-83.6053,37.9711],[-83.6029,37.9712],[-83.6019,37.9706],[-83.601,37.9711],[-83.6002,37.9711],[-83.5973,37.9726],[-83.5955,37.9725],[-83.594,37.9733],[-83.5908,37.974],[-83.5892,37.9733],[-83.5888,37.9724],[-83.588,37.9719],[-83.5873,37.9717],[-83.5833,37.9696],[-83.58,37.9691],[-83.577,37.9691],[-83.5781,37.9672],[-83.5791,37.9643],[-83.5805,37.9639],[-83.5813,37.964],[-83.5812,37.9635],[-83.584,37.9609],[-83.5868,37.9595],[-83.5867,37.959],[-83.5857,37.9599],[-83.5829,37.9611],[-83.5813,37.9631],[-83.5792,37.9633],[-83.5783,37.9625],[-83.578,37.9609],[-83.5788,37.959],[-83.5798,37.9579],[-83.5806,37.9575],[-83.582,37.9556],[-83.5835,37.9547],[-83.5831,37.9524],[-83.5838,37.9506],[-83.5856,37.9493],[-83.5868,37.9495],[-83.5862,37.9487],[-83.5865,37.9476],[-83.5859,37.9473],[-83.5857,37.9466],[-83.586,37.9454],[-83.5867,37.9447],[-83.586,37.9448],[-83.5853,37.9444],[-83.5848,37.9431],[-83.585,37.9421],[-83.5858,37.9417],[-83.5849,37.9415],[-83.5849,37.9404],[-83.5851,37.9401],[-83.5855,37.9398],[-83.5849,37.9406],[-83.585,37.9413],[-83.5868,37.9417],[-83.5852,37.9424],[-83.5854,37.9441],[-83.5864,37.9443],[-83.5873,37.9442],[-83.5883,37.9437],[-83.5896,37.9436],[-83.59,37.9438],[-83.5865,37.9457],[-83.5864,37.9469],[-83.5882,37.9476],[-83.5871,37.9481],[-83.5868,37.9487],[-83.5902,37.9505],[-83.5914,37.9505],[-83.5918,37.9511],[-83.5935,37.9514],[-83.5939,37.9518],[-83.5916,37.9519],[-83.5891,37.9507],[-83.5878,37.9507],[-83.5862,37.9501],[-83.5846,37.9507],[-83.5839,37.9517],[-83.5839,37.9522],[-83.5847,37.9533],[-83.5844,37.9543],[-83.5857,37.9549],[-83.5857,37.9553],[-83.5846,37.9557],[-83.5836,37.9555],[-83.5823,37.9563],[-83.5821,37.9575],[-83.5801,37.9586],[-83.579,37.9605],[-83.5793,37.9621],[-83.5799,37.9623],[-83.5808,37.9622],[-83.5822,37.9604],[-83.5826,37.9595],[-83.5839,37.9595],[-83.5851,37.9588],[-83.5863,37.9576],[-83.5879,37.9573],[-83.5905,37.9559],[-83.5944,37.9549],[-83.5972,37.9548],[-83.5982,37.9544],[-83.5992,37.955],[-83.6018,37.9545],[-83.6014,37.9553],[-83.6002,37.9557],[-83.5997,37.9562],[-83.5988,37.9556],[-83.5978,37.9555],[-83.5966,37.9563],[-83.5952,37.9559],[-83.5939,37.9564],[-83.5945,37.9578],[-83.5956,37.9589],[-83.5944,37.9587],[-83.5924,37.957],[-83.5916,37.9572],[-83.5913,37.9578],[-83.5902,37.9577],[-83.5896,37.9584],[-83.5881,37.9591],[-83.5883,37.9595],[-83.5897,37.9601],[-83.5907,37.9603],[-83.5916,37.9601],[-83.5926,37.9604],[-83.5931,37.9611],[-83.5943,37.9618],[-83.5938,37.962],[-83.5922,37.9618],[-83.5921,37.962],[-83.5945,37.9643],[-83.5945,37.9649],[-83.5937,37.9648],[-83.5928,37.9639],[-83.5918,37.9639],[-83.5915,37.9633],[-83.5906,37.9627],[-83.5898,37.9634],[-83.5886,37.963],[-83.5892,37.9619],[-83.5877,37.961],[-83.5866,37.9609],[-83.5853,37.9618],[-83.5852,37.9627],[-83.5836,37.9628],[-83.5827,37.9636],[-83.5832,37.9641],[-83.5843,37.9644],[-83.5862,37.9643],[-83.5876,37.9645],[-83.589,37.9657],[-83.5898,37.9659],[-83.5902,37.9668],[-83.5922,37.9675],[-83.5918,37.968],[-83.5905,37.9678],[-83.5894,37.9673],[-83.5885,37.9675],[-83.5884,37.9667],[-83.5869,37.9659],[-83.5862,37.9659],[-83.585,37.9668],[-83.5842,37.9661],[-83.5826,37.9659],[-83.5813,37.9651],[-83.5804,37.9658],[-83.5819,37.9664],[-83.5822,37.9668],[-83.5811,37.9673],[-83.5811,37.968],[-83.5821,37.9683],[-83.5853,37.9684],[-83.5859,37.9689],[-83.5854,37.9693],[-83.5859,37.9697],[-83.5871,37.9702],[-83.588,37.9702],[-83.5893,37.9712],[-83.5919,37.9709],[-83.5929,37.9715],[-83.5948,37.9702],[-83.5954,37.9701],[-83.5968,37.9707],[-83.5971,37.9713],[-83.5975,37.9713],[-83.5983,37.9708],[-83.5989,37.9697],[-83.6006,37.9695],[-83.6011,37.9688],[-83.6006,37.9675],[-83.5987,37.9675],[-83.5989,37.9669],[-83.5998,37.9663],[-83.5996,37.9657],[-83.6008,37.9655],[-83.602,37.9658],[-83.6026,37.9665],[-83.6036,37.9664],[-83.6039,37.9661],[-83.6039,37.9656],[-83.6044,37.9651],[-83.6042,37.9638],[-83.6023,37.9636],[-83.6018,37.9632],[-83.6038,37.9626],[-83.6035,37.9618],[-83.6049,37.9618],[-83.6054,37.9605],[-83.6048,37.9599],[-83.6056,37.9597],[-83.6062,37.9592],[-83.6065,37.9594],[-83.6063,37.9604],[-83.6069,37.9611],[-83.6064,37.9619],[-83.6066,37.9628],[-83.6063,37.9637],[-83.6068,37.9648],[-83.6086,37.9656],[-83.6086,37.9671],[-83.6093,37.9678],[-83.6098,37.9674],[-83.61,37.9664],[-83.6097,37.9641],[-83.6105,37.9637],[-83.6095,37.9628],[-83.6097,37.9624],[-83.6106,37.9618],[-83.6121,37.9626],[-83.613,37.9617],[-83.6129,37.9605],[-83.6111,37.9603],[-83.6107,37.9597],[-83.6129,37.9589],[-83.6142,37.9588],[-83.6146,37.9579],[-83.6145,37.9572],[-83.614,37.9569],[-83.6142,37.9562]],[[-83.6035,37.9676],[-83.604,37.9702],[-83.6056,37.9698],[-83.6061,37.969],[-83.6052,37.9684],[-83.6056,37.9672],[-83.6051,37.9662],[-83.6041,37.9664],[-83.6035,37.9676]]],[[[-83.4999,37.9892],[-83.5014,37.989],[-83.5008,37.9901],[-83.5008,37.9904],[-83.5012,37.9904],[-83.5036,37.9884],[-83.5045,37.988],[-83.5049,37.9873],[-83.5049,37.9863],[-83.5034,37.9846],[-83.5022,37.984],[-83.5022,37.9824],[-83.5014,37.9823],[-83.5012,37.982],[-83.5017,37.9803],[-83.5034,37.9803],[-83.5049,37.9782],[-83.5045,37.9773],[-83.503,37.9777],[-83.5024,37.9775],[-83.5035,37.9763],[-83.5019,37.9756],[-83.5039,37.975],[-83.504,37.9746],[-83.5029,37.9735],[-83.5016,37.9731],[-83.5015,37.9726],[-83.5039,37.9719],[-83.5041,37.9711],[-83.5037,37.9702],[-83.5045,37.9696],[-83.5046,37.9685],[-83.5039,37.9672],[-83.5034,37.967],[-83.5012,37.9678],[-83.5022,37.9658],[-83.5005,37.9644],[-83.4999,37.963],[-83.4999,37.9617],[-83.501,37.9622],[-83.502,37.9639],[-83.5054,37.9661],[-83.507,37.9652],[-83.5062,37.9642],[-83.5086,37.964],[-83.5095,37.9617],[-83.5094,37.9609],[-83.5086,37.9596],[-83.5073,37.9593],[-83.5081,37.9582],[-83.5064,37.9583],[-83.5066,37.9575],[-83.5077,37.957],[-83.5087,37.9568],[-83.5092,37.9559],[-83.5068,37.9543],[-83.5057,37.9542],[-83.5064,37.9535],[-83.5063,37.9528],[-83.5057,37.9524],[-83.5045,37.9519],[-83.5033,37.9519],[-83.5033,37.9515],[-83.5041,37.951],[-83.5046,37.9485],[-83.5029,37.9466],[-83.5016,37.9464],[-83.5026,37.9454],[-83.5028,37.9443],[-83.5026,37.9438],[-83.5011,37.9426],[-83.5037,37.9437],[-83.5048,37.9434],[-83.5055,37.9429],[-83.5047,37.944],[-83.5035,37.9445],[-83.5032,37.9456],[-83.5051,37.9475],[-83.5064,37.9481],[-83.5096,37.9475],[-83.5112,37.9463],[-83.5126,37.9462],[-83.5155,37.9433],[-83.5188,37.9413],[-83.5176,37.943],[-83.5159,37.9439],[-83.5143,37.9456],[-83.514,37.9463],[-83.5147,37.9469],[-83.5147,37.9473],[-83.5124,37.9471],[-83.5111,37.9476],[-83.5108,37.9486],[-83.5088,37.9486],[-83.5068,37.9493],[-83.5057,37.9502],[-83.5058,37.9507],[-83.5063,37.9509],[-83.508,37.9505],[-83.5079,37.9517],[-83.5084,37.9528],[-83.5097,37.9532],[-83.5103,37.9539],[-83.5116,37.954],[-83.5128,37.9535],[-83.5146,37.954],[-83.5149,37.9544],[-83.5124,37.9547],[-83.5119,37.955],[-83.5121,37.9562],[-83.5173,37.9582],[-83.5161,37.9583],[-83.5154,37.9579],[-83.5121,37.9575],[-83.5115,37.9587],[-83.5116,37.9594],[-83.5137,37.96],[-83.515,37.9612],[-83.5149,37.9615],[-83.513,37.9607],[-83.5126,37.961],[-83.5126,37.9627],[-83.512,37.964],[-83.5136,37.9644],[-83.5142,37.9647],[-83.5142,37.9651],[-83.5126,37.9654],[-83.5124,37.9661],[-83.5111,37.9656],[-83.5103,37.9674],[-83.5092,37.9672],[-83.5082,37.9675],[-83.5071,37.9685],[-83.5072,37.9699],[-83.512,37.9698],[-83.5119,37.9704],[-83.5107,37.971],[-83.5111,37.9723],[-83.5093,37.9712],[-83.5078,37.9711],[-83.5062,37.9728],[-83.5064,37.9736],[-83.5072,37.9746],[-83.509,37.9744],[-83.5103,37.9746],[-83.5109,37.9753],[-83.5118,37.9755],[-83.5119,37.976],[-83.5126,37.9766],[-83.5124,37.9769],[-83.5097,37.9763],[-83.5091,37.9758],[-83.5083,37.9759],[-83.5088,37.9768],[-83.5086,37.9777],[-83.5094,37.9787],[-83.5091,37.9791],[-83.5086,37.9792],[-83.508,37.9808],[-83.5088,37.9814],[-83.5115,37.9811],[-83.5122,37.9814],[-83.5117,37.982],[-83.5092,37.9825],[-83.5081,37.9833],[-83.5089,37.984],[-83.509,37.9846],[-83.5097,37.9849],[-83.5096,37.9857],[-83.5087,37.9862],[-83.5088,37.988],[-83.5091,37.9883],[-83.5115,37.9866],[-83.5129,37.9863],[-83.5124,37.9852],[-83.5143,37.9851],[-83.515,37.986],[-83.5162,37.9857],[-83.5165,37.9854],[-83.5161,37.9841],[-83.5171,37.9838],[-83.5172,37.9827],[-83.5181,37.9828],[-83.5189,37.9838],[-83.5193,37.9837],[-83.5205,37.9804],[-83.5168,37.9799],[-83.5176,37.9791],[-83.5174,37.9779],[-83.5192,37.9788],[-83.5207,37.9785],[-83.5205,37.9771],[-83.5223,37.9779],[-83.5226,37.9777],[-83.5228,37.9762],[-83.5224,37.9755],[-83.5235,37.9749],[-83.5226,37.9739],[-83.5204,37.9734],[-83.5208,37.9729],[-83.5229,37.9728],[-83.5253,37.9739],[-83.5258,37.9738],[-83.5259,37.9731],[-83.5243,37.9704],[-83.5233,37.9701],[-83.5232,37.9695],[-83.5223,37.969],[-83.5214,37.969],[-83.5201,37.9681],[-83.5194,37.9682],[-83.519,37.9689],[-83.5181,37.9689],[-83.5178,37.9678],[-83.5194,37.967],[-83.5203,37.9669],[-83.5232,37.9677],[-83.5244,37.9676],[-83.5254,37.9681],[-83.5262,37.9668],[-83.5257,37.9663],[-83.5262,37.9654],[-83.5275,37.9655],[-83.5283,37.965],[-83.5284,37.9638],[-83.5267,37.9632],[-83.5262,37.9626],[-83.5254,37.9624],[-83.5238,37.9628],[-83.5246,37.962],[-83.5245,37.9611],[-83.5257,37.9615],[-83.5269,37.9612],[-83.528,37.962],[-83.529,37.9621],[-83.5301,37.9601],[-83.529,37.9595],[-83.5286,37.9583],[-83.5294,37.9583],[-83.5314,37.9591],[-83.5337,37.9586],[-83.5343,37.9579],[-83.534,37.9568],[-83.5352,37.9562],[-83.5363,37.9546],[-83.5363,37.9536],[-83.5357,37.9527],[-83.5335,37.9527],[-83.5322,37.9521],[-83.5308,37.9526],[-83.53,37.9522],[-83.5311,37.9513],[-83.5305,37.9498],[-83.5308,37.9497],[-83.5317,37.9508],[-83.5327,37.9513],[-83.5343,37.9511],[-83.5358,37.9514],[-83.5367,37.9511],[-83.5374,37.95],[-83.5374,37.9488],[-83.5364,37.9484],[-83.5363,37.948],[-83.5384,37.9474],[-83.5384,37.9465],[-83.5397,37.9461],[-83.5399,37.945],[-83.5413,37.9447],[-83.5417,37.9439],[-83.541,37.9424],[-83.5418,37.9425],[-83.5434,37.9437],[-83.5449,37.9431],[-83.5461,37.9413],[-83.5468,37.9392],[-83.5467,37.9386],[-83.5457,37.9375],[-83.5458,37.9369],[-83.5471,37.9378],[-83.5488,37.9376],[-83.5503,37.937],[-83.5516,37.936],[-83.5533,37.9357],[-83.554,37.9352],[-83.5546,37.9339],[-83.5557,37.9338],[-83.5549,37.9346],[-83.5554,37.9359],[-83.5547,37.9359],[-83.5524,37.9369],[-83.5515,37.9378],[-83.5484,37.9388],[-83.5481,37.94],[-83.5491,37.9407],[-83.5476,37.9414],[-83.5468,37.9425],[-83.5472,37.9429],[-83.5462,37.9437],[-83.5463,37.9443],[-83.544,37.9449],[-83.5442,37.946],[-83.5431,37.9456],[-83.5411,37.9471],[-83.5404,37.9485],[-83.5408,37.9496],[-83.5396,37.9506],[-83.5392,37.9521],[-83.5441,37.9523],[-83.5458,37.9515],[-83.5475,37.9515],[-83.5492,37.951],[-83.5517,37.9507],[-83.5531,37.9496],[-83.5541,37.95],[-83.5555,37.95],[-83.5536,37.9503],[-83.5521,37.9514],[-83.5535,37.9535],[-83.5529,37.9535],[-83.5515,37.9518],[-83.5507,37.9516],[-83.5483,37.9523],[-83.5467,37.9535],[-83.5455,37.9533],[-83.5446,37.9536],[-83.5422,37.9536],[-83.5395,37.9541],[-83.5395,37.9548],[-83.5387,37.9553],[-83.538,37.9563],[-83.5382,37.9567],[-83.5408,37.9578],[-83.5436,37.9575],[-83.5449,37.9584],[-83.5465,37.959],[-83.5479,37.9589],[-83.5483,37.9595],[-83.5468,37.9597],[-83.5459,37.9614],[-83.5455,37.9597],[-83.5447,37.9593],[-83.5436,37.9591],[-83.5429,37.9599],[-83.5423,37.9591],[-83.5409,37.959],[-83.5402,37.9592],[-83.5394,37.9599],[-83.5387,37.9587],[-83.5374,37.9584],[-83.5362,37.96],[-83.5332,37.9619],[-83.5328,37.9624],[-83.5335,37.9629],[-83.5352,37.9629],[-83.5355,37.9636],[-83.5362,37.964],[-83.5398,37.9639],[-83.5377,37.9648],[-83.5404,37.967],[-83.5403,37.9672],[-83.5382,37.9669],[-83.5393,37.9693],[-83.5385,37.9695],[-83.538,37.9688],[-83.5373,37.9689],[-83.5368,37.9674],[-83.5358,37.9678],[-83.5356,37.9668],[-83.5364,37.9661],[-83.5355,37.9655],[-83.5344,37.9655],[-83.5339,37.9646],[-83.5328,37.9645],[-83.5325,37.9651],[-83.5318,37.9651],[-83.5311,37.9659],[-83.5322,37.9669],[-83.5311,37.9678],[-83.5324,37.969],[-83.5323,37.9696],[-83.5318,37.9702],[-83.531,37.97],[-83.5305,37.9693],[-83.53,37.9696],[-83.5292,37.9694],[-83.5285,37.9706],[-83.5296,37.9722],[-83.5319,37.9723],[-83.5326,37.9717],[-83.5351,37.9713],[-83.5353,37.972],[-83.5349,37.9725],[-83.5353,37.9728],[-83.5378,37.9728],[-83.5394,37.9734],[-83.5404,37.9733],[-83.5438,37.9714],[-83.543,37.973],[-83.5419,37.9736],[-83.5425,37.9744],[-83.5435,37.9747],[-83.5435,37.9754],[-83.5432,37.9759],[-83.5414,37.9758],[-83.5406,37.9775],[-83.54,37.9757],[-83.539,37.9759],[-83.5389,37.975],[-83.5382,37.9748],[-83.5378,37.9747],[-83.5373,37.9756],[-83.5366,37.9752],[-83.5359,37.9755],[-83.5353,37.9751],[-83.5348,37.9758],[-83.5344,37.9759],[-83.5332,37.9748],[-83.5324,37.9749],[-83.5314,37.9755],[-83.532,37.9762],[-83.5325,37.9765],[-83.5351,37.9768],[-83.5361,37.9774],[-83.5367,37.9785],[-83.535,37.9779],[-83.5335,37.9778],[-83.533,37.9782],[-83.5332,37.9795],[-83.5324,37.9797],[-83.5317,37.9792],[-83.5307,37.9793],[-83.5312,37.9782],[-83.5304,37.9777],[-83.5292,37.9777],[-83.5278,37.9772],[-83.5274,37.9775],[-83.5273,37.9785],[-83.5265,37.9788],[-83.5265,37.9796],[-83.5269,37.9801],[-83.5266,37.9807],[-83.5282,37.9815],[-83.5298,37.9815],[-83.5299,37.9821],[-83.5311,37.9826],[-83.5321,37.9824],[-83.533,37.9828],[-83.5345,37.9819],[-83.5352,37.9818],[-83.5367,37.9824],[-83.5373,37.9815],[-83.5392,37.9815],[-83.5398,37.9819],[-83.5394,37.9834],[-83.5402,37.9841],[-83.5416,37.9831],[-83.5416,37.9823],[-83.5429,37.982],[-83.543,37.9814],[-83.5421,37.9804],[-83.5428,37.9798],[-83.5438,37.9799],[-83.5442,37.9802],[-83.5448,37.9799],[-83.5454,37.9801],[-83.5452,37.9824],[-83.546,37.9828],[-83.5467,37.982],[-83.5476,37.982],[-83.5484,37.9815],[-83.5486,37.981],[-83.5481,37.9804],[-83.5488,37.98],[-83.5494,37.9788],[-83.5506,37.9801],[-83.55,37.9808],[-83.5498,37.9822],[-83.5488,37.9835],[-83.5493,37.9844],[-83.5499,37.9844],[-83.5506,37.9849],[-83.5515,37.9833],[-83.5517,37.9824],[-83.5531,37.9823],[-83.5545,37.9804],[-83.5546,37.98],[-83.5533,37.9791],[-83.5532,37.9785],[-83.5553,37.9784],[-83.5552,37.9777],[-83.5544,37.9769],[-83.5544,37.9759],[-83.5519,37.9748],[-83.5544,37.974],[-83.552,37.9722],[-83.5523,37.9716],[-83.5526,37.9714],[-83.5563,37.9728],[-83.5577,37.9721],[-83.5569,37.971],[-83.5589,37.97],[-83.5594,37.9702],[-83.5601,37.9718],[-83.5619,37.972],[-83.5636,37.9714],[-83.564,37.9707],[-83.5647,37.9704],[-83.5643,37.9691],[-83.5628,37.9681],[-83.5613,37.9687],[-83.5612,37.9683],[-83.5605,37.9679],[-83.5573,37.9672],[-83.5621,37.967],[-83.5628,37.9667],[-83.5625,37.9651],[-83.5595,37.9632],[-83.5613,37.9635],[-83.5623,37.963],[-83.5625,37.964],[-83.5638,37.9651],[-83.5647,37.9662],[-83.5651,37.9674],[-83.566,37.9681],[-83.5673,37.9666],[-83.5679,37.9648],[-83.5676,37.9636],[-83.5669,37.9632],[-83.5679,37.9623],[-83.568,37.9617],[-83.5671,37.9599],[-83.5682,37.9586],[-83.5682,37.9606],[-83.5687,37.9614],[-83.5696,37.9619],[-83.569,37.9624],[-83.5691,37.9639],[-83.5695,37.9645],[-83.5709,37.9649],[-83.5699,37.9654],[-83.5692,37.9664],[-83.569,37.9673],[-83.5695,37.968],[-83.5691,37.9685],[-83.5685,37.9685],[-83.5679,37.9696],[-83.5679,37.9704],[-83.5683,37.9706],[-83.5699,37.9704],[-83.5714,37.9697],[-83.5733,37.967],[-83.5744,37.966],[-83.5753,37.9657],[-83.5764,37.9645],[-83.5767,37.964],[-83.5764,37.9634],[-83.5751,37.9638],[-83.5747,37.9635],[-83.5759,37.9619],[-83.5758,37.9613],[-83.5751,37.961],[-83.5749,37.9602],[-83.5742,37.9596],[-83.5729,37.9594],[-83.5742,37.9582],[-83.5742,37.9575],[-83.5735,37.9563],[-83.5747,37.9568],[-83.5761,37.957],[-83.5755,37.9579],[-83.5755,37.9587],[-83.5765,37.9592],[-83.5796,37.9554],[-83.5817,37.9539],[-83.5817,37.9533],[-83.581,37.9524],[-83.5792,37.9523],[-83.5805,37.9512],[-83.5815,37.9511],[-83.5819,37.9498],[-83.5795,37.9482],[-83.5789,37.9475],[-83.5776,37.9472],[-83.5771,37.9474],[-83.5775,37.947],[-83.5772,37.9458],[-83.5782,37.9466],[-83.5796,37.9467],[-83.5801,37.9473],[-83.5829,37.9487],[-83.5837,37.9486],[-83.5845,37.9482],[-83.5847,37.9475],[-83.5839,37.9463],[-83.5846,37.9451],[-83.5836,37.9434],[-83.5831,37.943],[-83.5833,37.9416],[-83.5839,37.9404],[-83.5837,37.9397],[-83.584,37.9403],[-83.5836,37.9427],[-83.5851,37.9452],[-83.5851,37.9458],[-83.5847,37.9461],[-83.5852,37.9479],[-83.5847,37.9487],[-83.5835,37.9495],[-83.5821,37.9492],[-83.5827,37.9504],[-83.5822,37.9514],[-83.5817,37.9517],[-83.5824,37.9526],[-83.5821,37.9546],[-83.5802,37.957],[-83.5783,37.9581],[-83.5774,37.9595],[-83.5768,37.9599],[-83.577,37.9603],[-83.5771,37.9623],[-83.5776,37.9633],[-83.5764,37.9663],[-83.5757,37.9672],[-83.5737,37.9685],[-83.5727,37.9702],[-83.5702,37.9714],[-83.5675,37.9719],[-83.5669,37.9718],[-83.5664,37.9706],[-83.5667,37.9687],[-83.5656,37.9692],[-83.5658,37.9704],[-83.5653,37.9714],[-83.5637,37.9727],[-83.5623,37.973],[-83.5599,37.973],[-83.559,37.9724],[-83.5588,37.9728],[-83.557,37.9737],[-83.5555,37.9736],[-83.556,37.9743],[-83.5552,37.9749],[-83.5556,37.9752],[-83.5557,37.9766],[-83.5563,37.9777],[-83.5562,37.9796],[-83.5564,37.9799],[-83.555,37.9828],[-83.5527,37.9844],[-83.5511,37.9862],[-83.5495,37.987],[-83.5487,37.987],[-83.5474,37.9858],[-83.546,37.9853],[-83.5463,37.9843],[-83.5448,37.985],[-83.5439,37.9847],[-83.5438,37.9838],[-83.5434,37.9845],[-83.541,37.9851],[-83.5376,37.9855],[-83.537,37.985],[-83.5369,37.9856],[-83.5362,37.9861],[-83.5349,37.986],[-83.5347,37.9855],[-83.5343,37.9857],[-83.533,37.9852],[-83.5336,37.9843],[-83.5328,37.9846],[-83.5324,37.9843],[-83.5321,37.9845],[-83.5317,37.9843],[-83.5309,37.9847],[-83.5304,37.9839],[-83.5298,37.9839],[-83.5292,37.9833],[-83.5283,37.9831],[-83.5254,37.9813],[-83.5252,37.9804],[-83.5246,37.9805],[-83.5242,37.979],[-83.5256,37.977],[-83.5285,37.9759],[-83.5298,37.9738],[-83.534,37.9732],[-83.5333,37.9729],[-83.5292,37.9732],[-83.528,37.9717],[-83.5276,37.9702],[-83.5284,37.9685],[-83.5293,37.968],[-83.5293,37.9674],[-83.5301,37.9666],[-83.5316,37.9637],[-83.5349,37.9642],[-83.5344,37.9636],[-83.5324,37.963],[-83.532,37.9621],[-83.5325,37.9614],[-83.5341,37.9602],[-83.5354,37.9597],[-83.5371,37.9577],[-83.5381,37.9577],[-83.539,37.9579],[-83.5373,37.9568],[-83.5388,37.9539],[-83.5405,37.9532],[-83.5462,37.9528],[-83.5476,37.9521],[-83.546,37.9522],[-83.5443,37.9528],[-83.5424,37.9529],[-83.5389,37.9528],[-83.5384,37.9523],[-83.5388,37.9509],[-83.5399,37.9494],[-83.5399,37.9477],[-83.5415,37.9462],[-83.543,37.9452],[-83.5435,37.9452],[-83.5437,37.9447],[-83.5455,37.944],[-83.5462,37.9425],[-83.5448,37.9437],[-83.5434,37.9441],[-83.542,37.9433],[-83.5417,37.9447],[-83.5412,37.9452],[-83.5405,37.9452],[-83.5406,37.9458],[-83.5392,37.947],[-83.5372,37.9519],[-83.5368,37.9522],[-83.5363,37.9522],[-83.537,37.9531],[-83.537,37.9551],[-83.5352,37.9575],[-83.5349,37.9584],[-83.5338,37.9594],[-83.5321,37.96],[-83.5313,37.9599],[-83.5316,37.9603],[-83.531,37.9605],[-83.5302,37.9624],[-83.529,37.963],[-83.5292,37.9642],[-83.5289,37.9656],[-83.5275,37.9665],[-83.5271,37.9681],[-83.5263,37.9691],[-83.5253,37.969],[-83.5257,37.9695],[-83.5259,37.9709],[-83.5272,37.9728],[-83.527,37.975],[-83.5266,37.9756],[-83.5259,37.9753],[-83.5262,37.9759],[-83.5258,37.9761],[-83.5255,37.976],[-83.5251,37.9766],[-83.5239,37.9772],[-83.523,37.9792],[-83.5209,37.9825],[-83.5199,37.9854],[-83.5193,37.9858],[-83.5187,37.9858],[-83.5185,37.9865],[-83.5174,37.9872],[-83.5167,37.9872],[-83.5155,37.988],[-83.5147,37.9878],[-83.5144,37.9873],[-83.5141,37.9877],[-83.5126,37.9875],[-83.5106,37.9883],[-83.5069,37.9917],[-83.5056,37.9919],[-83.5073,37.9887],[-83.5076,37.9864],[-83.507,37.9852],[-83.5052,37.9838],[-83.505,37.9823],[-83.5068,37.9807],[-83.5074,37.9788],[-83.5068,37.9759],[-83.507,37.9754],[-83.5062,37.9752],[-83.5048,37.9729],[-83.5061,37.9716],[-83.5062,37.9707],[-83.507,37.9706],[-83.5063,37.97],[-83.5063,37.9682],[-83.5069,37.9672],[-83.5094,37.9663],[-83.5111,37.9647],[-83.5119,37.9647],[-83.5112,37.9643],[-83.5121,37.9602],[-83.5113,37.9598],[-83.5109,37.9592],[-83.5114,37.9571],[-83.5121,37.9568],[-83.5105,37.9551],[-83.5112,37.9545],[-83.5098,37.9544],[-83.5086,37.9536],[-83.5076,37.9524],[-83.5074,37.951],[-83.5061,37.9511],[-83.5053,37.9505],[-83.5066,37.949],[-83.5083,37.9483],[-83.5061,37.9485],[-83.505,37.9481],[-83.5051,37.9493],[-83.5043,37.9512],[-83.5065,37.9521],[-83.5074,37.9537],[-83.5097,37.9558],[-83.5096,37.957],[-83.5089,37.9574],[-83.5092,37.958],[-83.5088,37.9586],[-83.5101,37.9604],[-83.5104,37.9623],[-83.5093,37.9644],[-83.5082,37.965],[-83.5068,37.9664],[-83.5055,37.9669],[-83.504,37.9664],[-83.5051,37.9676],[-83.5055,37.9687],[-83.505,37.9715],[-83.5039,37.9729],[-83.5051,37.9753],[-83.505,37.9757],[-83.5044,37.9759],[-83.5047,37.9761],[-83.5055,37.9761],[-83.5059,37.9782],[-83.5054,37.9804],[-83.5036,37.9818],[-83.5033,37.983],[-83.5037,37.9838],[-83.5057,37.9856],[-83.5061,37.9873],[-83.5059,37.9881],[-83.5038,37.9905],[-83.5021,37.9916],[-83.4999,37.9919],[-83.4999,37.9892]]]]}},{"type":"Feature","properties":{"quadrangle_name":"Slade"},"geometry":{"type":"MultiPolygon","coordinates":[[[[-83.7365,37.7569],[-83.7356,37.7564],[-83.7343,37.7563],[-83.7347,37.7555],[-83.7339,37.7542],[-83.7346,37.7542],[-83.7359,37.7555],[-83.7376,37.7558],[-83.7383,37.7551],[-83.7391,37.7527],[-83.7387,37.7512],[-83.7395,37.7508],[-83.7402,37.7532],[-83.74,37.7554],[-83.7393,37.7567],[-83.7401,37.7574],[-83.7393,37.7579],[-83.7398,37.7593],[-83.7389,37.7606],[-83.7391,37.7644],[-83.7411,37.7644],[-83.7438,37.7634],[-83.7455,37.7622],[-83.7461,37.761],[-83.7479,37.7611],[-83.7469,37.7618],[-83.7473,37.762],[-83.7499,37.7614],[-83.7499,37.7619],[-83.7474,37.7628],[-83.7459,37.7638],[-83.7468,37.7651],[-83.7454,37.7646],[-83.7446,37.7649],[-83.7439,37.7646],[-83.7429,37.7647],[-83.7413,37.7654],[-83.7401,37.7654],[-83.7389,37.7659],[-83.74,37.7677],[-83.7416,37.7688],[-83.7421,37.7696],[-83.7416,37.7707],[-83.7409,37.7705],[-83.7413,37.7695],[-83.7411,37.7691],[-83.7395,37.7682],[-83.7395,37.7671],[-83.7383,37.7662],[-83.7382,37.7658],[-83.7398,37.7649],[-83.7408,37.7649],[-83.7395,37.7647],[-83.739,37.7649],[-83.7385,37.7647],[-83.7381,37.7638],[-83.7384,37.7648],[-83.738,37.766],[-83.7392,37.7673],[-83.7393,37.7683],[-83.7403,37.7694],[-83.7398,37.7703],[-83.7389,37.7701],[-83.7393,37.7692],[-83.7383,37.768],[-83.7383,37.7672],[-83.7374,37.7663],[-83.7378,37.7652],[-83.7376,37.7637],[-83.738,37.7626],[-83.7375,37.7618],[-83.7354,37.7607],[-83.7357,37.7604],[-83.7364,37.7604],[-83.7362,37.7604],[-83.7372,37.7594],[-83.7372,37.7583],[-83.7365,37.7569]],[[-83.7372,37.7607],[-83.7366,37.7605],[-83.7379,37.7613],[-83.7377,37.7607],[-83.7384,37.7595],[-83.7382,37.7587],[-83.7379,37.7599],[-83.7372,37.7607]]],[[[-83.7488,37.7569],[-83.7499,37.7553],[-83.7499,37.7605],[-83.7498,37.7599],[-83.7491,37.7607],[-83.7479,37.7611],[-83.746,37.7608],[-83.7484,37.7597],[-83.749,37.7591],[-83.7492,37.7578],[-83.7488,37.7569]]],[[[-83.718,37.7618],[-83.7182,37.76],[-83.7177,37.7605],[-83.7179,37.7623],[-83.7185,37.7632],[-83.7199,37.7643],[-83.72,37.7648],[-83.7214,37.7655],[-83.722,37.7669],[-83.721,37.7667],[-83.721,37.7662],[-83.7204,37.7657],[-83.718,37.766],[-83.7193,37.7645],[-83.7172,37.7624],[-83.7174,37.7609],[-83.7165,37.7603],[-83.7176,37.7599],[-83.7178,37.7588],[-83.7176,37.7583],[-83.7155,37.757],[-83.713,37.7573],[-83.7139,37.7559],[-83.7132,37.7551],[-83.7123,37.7547],[-83.7129,37.7542],[-83.7129,37.7536],[-83.7115,37.751],[-83.7119,37.7501],[-83.7131,37.7501],[-83.7128,37.7507],[-83.7129,37.7514],[-83.7144,37.7532],[-83.7147,37.7545],[-83.7155,37.7554],[-83.7178,37.757],[-83.7199,37.7554],[-83.7203,37.7523],[-83.7199,37.7514],[-83.7207,37.7501],[-83.7214,37.7501],[-83.7213,37.7563],[-83.7192,37.7578],[-83.7191,37.7605],[-83.7187,37.7618],[-83.7191,37.7624],[-83.72,37.7628],[-83.7215,37.7642],[-83.7223,37.7637],[-83.7234,37.7665],[-83.7251,37.7676],[-83.7233,37.7672],[-83.7219,37.7647],[-83.7208,37.7645],[-83.7186,37.7627],[-83.718,37.7618]]],[[[-83.7262,37.7684],[-83.7252,37.7683],[-83.7233,37.7672],[-83.7266,37.768],[-83.7262,37.7684]]],[[[-83.728,37.7684],[-83.7268,37.7679],[-83.7263,37.7679],[-83.7269,37.7675],[-83.728,37.7682],[-83.728,37.7684]]],[[[-83.7347,37.7789],[-83.7337,37.7795],[-83.7325,37.7795],[-83.7302,37.777],[-83.7295,37.7747],[-83.7277,37.7723],[-83.7265,37.7694],[-83.7266,37.7682],[-83.7291,37.7687],[-83.7288,37.769],[-83.7293,37.7701],[-83.7291,37.7713],[-83.7303,37.7723],[-83.7308,37.7734],[-83.7317,37.7738],[-83.7319,37.7763],[-83.7327,37.7776],[-83.7333,37.7779],[-83.7333,37.7758],[-83.7352,37.7737],[-83.7366,37.7732],[-83.737,37.7728],[-83.737,37.7721],[-83.7363,37.7704],[-83.7371,37.7699],[-83.7398,37.7703],[-83.7392,37.7711],[-83.739,37.7733],[-83.7379,37.7748],[-83.7357,37.7766],[-83.7347,37.7789]]],[[[-83.7428,37.7933],[-83.7424,37.7904],[-83.7407,37.7889],[-83.7387,37.7889],[-83.738,37.7883],[-83.7373,37.7856],[-83.738,37.7848],[-83.7392,37.7842],[-83.7357,37.7844],[-83.7347,37.7842],[-83.7338,37.7832],[-83.7337,37.7813],[-83.7344,37.7807],[-83.7368,37.7797],[-83.7379,37.7785],[-83.7376,37.7779],[-83.7379,37.7771],[-83.7392,37.7758],[-83.7403,37.7752],[-83.7406,37.7746],[-83.7412,37.7746],[-83.7416,37.7741],[-83.7424,37.7741],[-83.741,37.7733],[-83.7409,37.7705],[-83.7429,37.7711],[-83.7428,37.7725],[-83.7452,37.7723],[-83.7494,37.7733],[-83.7499,37.7736],[-83.7499,37.7749],[-83.7489,37.7743],[-83.7468,37.7744],[-83.7442,37.775],[-83.7439,37.7752],[-83.7438,37.7764],[-83.742,37.7769],[-83.7418,37.7771],[-83.7427,37.7779],[-83.7414,37.7788],[-83.741,37.7796],[-83.7396,37.7796],[-83.7389,37.7805],[-83.7378,37.7811],[-83.7353,37.7818],[-83.735,37.7825],[-83.7362,37.783],[-83.7371,37.7824],[-83.7407,37.7828],[-83.7438,37.7818],[-83.7468,37.7818],[-83.7478,37.7812],[-83.7492,37.7814],[-83.7494,37.7822],[-83.749,37.7829],[-83.7483,37.7835],[-83.7466,37.7835],[-83.746,37.7851],[-83.7446,37.784],[-83.7425,37.7849],[-83.7394,37.7854],[-83.7393,37.7863],[-83.7395,37.7866],[-83.7405,37.7867],[-83.7426,37.7865],[-83.7429,37.7873],[-83.7425,37.7881],[-83.7455,37.7902],[-83.7448,37.7926],[-83.7451,37.7932],[-83.7466,37.7929],[-83.749,37.791],[-83.749,37.7885],[-83.7499,37.7886],[-83.7499,37.7923],[-83.7496,37.7928],[-83.7467,37.7947],[-83.7438,37.7945],[-83.7428,37.7933]]],[[[-83.7464,37.8303],[-83.7453,37.8303],[-83.7445,37.8309],[-83.744,37.8317],[-83.7462,37.8333],[-83.7465,37.8342],[-83.7471,37.8346],[-83.7476,37.8356],[-83.7475,37.8359],[-83.7464,37.8355],[-83.7455,37.8356],[-83.7445,37.8344],[-83.7433,37.8342],[-83.743,37.8373],[-83.7417,37.8375],[-83.7405,37.8348],[-83.7387,37.8356],[-83.7385,37.8351],[-83.7394,37.8323],[-83.739,37.8321],[-83.7373,37.8332],[-83.7371,37.8317],[-83.7364,37.8312],[-83.738,37.8299],[-83.7382,37.8297],[-83.7374,37.8294],[-83.7341,37.8295],[-83.7333,37.8291],[-83.7328,37.8292],[-83.732,37.8313],[-83.7326,37.8325],[-83.7313,37.8353],[-83.7307,37.835],[-83.731,37.833],[-83.73,37.8319],[-83.7298,37.8301],[-83.7293,37.8293],[-83.7281,37.83],[-83.7283,37.8315],[-83.7277,37.833],[-83.7278,37.8342],[-83.7269,37.834],[-83.7259,37.833],[-83.7263,37.8316],[-83.7258,37.8308],[-83.7234,37.8315],[-83.7241,37.8304],[-83.7234,37.8297],[-83.7257,37.8291],[-83.727,37.8272],[-83.7261,37.8261],[-83.7245,37.826],[-83.7243,37.8252],[-83.7231,37.8247],[-83.7208,37.8254],[-83.7196,37.8271],[-83.7191,37.8268],[-83.719,37.8259],[-83.7179,37.8258],[-83.7184,37.825],[-83.7198,37.8245],[-83.7214,37.8229],[-83.7203,37.8212],[-83.7195,37.8208],[-83.7167,37.8223],[-83.7163,37.8223],[-83.7163,37.822],[-83.7175,37.8198],[-83.719,37.819],[-83.7206,37.8186],[-83.7203,37.8178],[-83.719,37.8177],[-83.717,37.8183],[-83.7148,37.8182],[-83.7132,37.8202],[-83.7123,37.8205],[-83.7126,37.8177],[-83.7101,37.8167],[-83.7091,37.8165],[-83.7087,37.8167],[-83.7086,37.8182],[-83.7073,37.8179],[-83.7056,37.8189],[-83.7051,37.8186],[-83.7071,37.8164],[-83.7067,37.8157],[-83.7056,37.8152],[-83.7042,37.8149],[-83.7032,37.8152],[-83.7021,37.8148],[-83.7011,37.8149],[-83.7,37.8142],[-83.6991,37.8141],[-83.6975,37.8144],[-83.6964,37.8142],[-83.6952,37.8147],[-83.6947,37.8153],[-83.6941,37.8152],[-83.6951,37.8139],[-83.6951,37.8133],[-83.6963,37.8133],[-83.6971,37.8126],[-83.6987,37.8132],[-83.7004,37.8129],[-83.7022,37.8137],[-83.7033,37.8136],[-83.7038,37.8132],[-83.7084,37.8146],[-83.7108,37.8147],[-83.7131,37.8151],[-83.7142,37.8146],[-83.7144,37.8138],[-83.7133,37.813],[-83.7101,37.8129],[-83.7091,37.8122],[-83.7089,37.8117],[-83.7079,37.8112],[-83.708,37.8101],[-83.7097,37.8096],[-83.7103,37.8077],[-83.7093,37.8075],[-83.7085,37.8079],[-83.7081,37.8072],[-83.707,37.807],[-83.7069,37.8065],[-83.7057,37.8058],[-83.7045,37.8061],[-83.7034,37.8081],[-83.7027,37.808],[-83.7027,37.8066],[-83.702,37.8062],[-83.7009,37.8063],[-83.699,37.8071],[-83.6983,37.8078],[-83.6978,37.8073],[-83.6949,37.8071],[-83.6967,37.8065],[-83.6979,37.8064],[-83.6997,37.8053],[-83.6998,37.8049],[-83.6991,37.8039],[-83.7004,37.8039],[-83.7012,37.8045],[-83.7022,37.8046],[-83.7032,37.8044],[-83.7042,37.8037],[-83.7042,37.8032],[-83.7051,37.8027],[-83.7054,37.8021],[-83.7052,37.8008],[-83.7057,37.8003],[-83.7054,37.7998],[-83.7029,37.7994],[-83.7021,37.7996],[-83.7015,37.7994],[-83.7004,37.7999],[-83.6996,37.7986],[-83.6975,37.7991],[-83.6969,37.7978],[-83.695,37.7977],[-83.6934,37.7964],[-83.6923,37.796],[-83.6914,37.7964],[-83.6911,37.7989],[-83.6908,37.799],[-83.6904,37.7983],[-83.6902,37.7963],[-83.6891,37.7955],[-83.6865,37.7946],[-83.6852,37.7946],[-83.6847,37.7949],[-83.6852,37.7971],[-83.6829,37.7941],[-83.6804,37.7942],[-83.6807,37.794],[-83.6805,37.7938],[-83.6791,37.7944],[-83.6791,37.7936],[-83.6798,37.7936],[-83.6793,37.7939],[-83.6792,37.7943],[-83.6828,37.7927],[-83.6854,37.7934],[-83.6868,37.7932],[-83.6906,37.7944],[-83.6921,37.7941],[-83.6937,37.7945],[-83.6957,37.7956],[-83.698,37.7961],[-83.6987,37.796],[-83.6991,37.7955],[-83.7003,37.796],[-83.7019,37.7961],[-83.7024,37.7958],[-83.7031,37.7949],[-83.7029,37.7944],[-83.6974,37.7919],[-83.6973,37.791],[-83.6968,37.7905],[-83.6958,37.7904],[-83.6951,37.7899],[-83.6931,37.7902],[-83.6919,37.7893],[-83.6902,37.7892],[-83.6911,37.7884],[-83.6911,37.788],[-83.6902,37.7867],[-83.6885,37.7859],[-83.6904,37.7853],[-83.6903,37.7833],[-83.6868,37.7843],[-83.6846,37.7841],[-83.6835,37.7856],[-83.6824,37.7863],[-83.6817,37.786],[-83.6809,37.786],[-83.68,37.7853],[-83.6785,37.7855],[-83.6787,37.7847],[-83.68,37.7834],[-83.6808,37.7814],[-83.6791,37.7813],[-83.6777,37.7807],[-83.6766,37.7808],[-83.6753,37.7806],[-83.6746,37.7813],[-83.6743,37.7836],[-83.6733,37.7831],[-83.6705,37.7845],[-83.6699,37.7844],[-83.6684,37.785],[-83.6681,37.7847],[-83.6667,37.7846],[-83.6655,37.7852],[-83.6661,37.7841],[-83.6701,37.7836],[-83.6725,37.7819],[-83.6729,37.7811],[-83.6728,37.7799],[-83.6713,37.7789],[-83.6715,37.7783],[-83.6737,37.7791],[-83.6748,37.7792],[-83.6752,37.778],[-83.6769,37.7767],[-83.6751,37.7741],[-83.6769,37.7733],[-83.6769,37.7726],[-83.6763,37.7715],[-83.6763,37.7695],[-83.6736,37.7679],[-83.672,37.7681],[-83.6711,37.7688],[-83.6694,37.7694],[-83.6682,37.7695],[-83.6664,37.7714],[-83.6655,37.77],[-83.6649,37.7699],[-83.6634,37.7687],[-83.6618,37.7682],[-83.6625,37.7671],[-83.6625,37.7664],[-83.6615,37.7658],[-83.6594,37.7655],[-83.6593,37.7652],[-83.6612,37.7651],[-83.6621,37.7654],[-83.6626,37.7659],[-83.6634,37.7661],[-83.6635,37.7675],[-83.6643,37.7682],[-83.6659,37.7686],[-83.6663,37.7686],[-83.6675,37.767],[-83.6683,37.7675],[-83.67,37.7678],[-83.6716,37.7668],[-83.6726,37.7666],[-83.6738,37.7664],[-83.6743,37.7658],[-83.6741,37.7656],[-83.6733,37.7656],[-83.6721,37.765],[-83.6691,37.7643],[-83.6685,37.7638],[-83.6692,37.7631],[-83.6688,37.7613],[-83.6698,37.7599],[-83.669,37.7594],[-83.6706,37.7598],[-83.67,37.762],[-83.6705,37.7635],[-83.6713,37.7642],[-83.6732,37.7645],[-83.6713,37.7636],[-83.6703,37.7624],[-83.6713,37.7604],[-83.6712,37.7597],[-83.6723,37.7597],[-83.6721,37.7607],[-83.6714,37.7617],[-83.6716,37.7628],[-83.6747,37.7637],[-83.6755,37.7637],[-83.6773,37.7627],[-83.6784,37.7607],[-83.6798,37.7616],[-83.6786,37.7638],[-83.6777,37.7645],[-83.6786,37.7653],[-83.6768,37.7667],[-83.6766,37.7674],[-83.6786,37.7692],[-83.6795,37.7693],[-83.6784,37.7703],[-83.6784,37.7712],[-83.6792,37.7729],[-83.6785,37.7746],[-83.6807,37.7755],[-83.6811,37.7767],[-83.6807,37.7776],[-83.6788,37.7784],[-83.6785,37.7787],[-83.6796,37.7793],[-83.6809,37.7789],[-83.6822,37.7789],[-83.6833,37.7796],[-83.6837,37.7814],[-83.686,37.7822],[-83.6868,37.7822],[-83.6887,37.7815],[-83.689,37.7807],[-83.6883,37.7797],[-83.6885,37.7762],[-83.6896,37.7753],[-83.6898,37.7738],[-83.6896,37.7727],[-83.6904,37.7755],[-83.6897,37.7764],[-83.6897,37.7784],[-83.6907,37.7802],[-83.6913,37.7806],[-83.6921,37.7807],[-83.694,37.7784],[-83.6951,37.7763],[-83.6955,37.7746],[-83.6954,37.7736],[-83.6959,37.7728],[-83.6981,37.7711],[-83.6965,37.7732],[-83.6964,37.7742],[-83.6968,37.7747],[-83.6965,37.7759],[-83.6968,37.7763],[-83.6978,37.7767],[-83.7001,37.7769],[-83.6989,37.7773],[-83.6966,37.7773],[-83.6959,37.7779],[-83.6985,37.7805],[-83.6958,37.7794],[-83.6953,37.7796],[-83.6941,37.7816],[-83.6933,37.784],[-83.6937,37.7864],[-83.6958,37.7871],[-83.6969,37.7869],[-83.6972,37.7874],[-83.6987,37.7875],[-83.699,37.7888],[-83.7001,37.7896],[-83.702,37.7895],[-83.7033,37.7891],[-83.7049,37.7912],[-83.7057,37.7916],[-83.7075,37.7888],[-83.7069,37.7869],[-83.7087,37.7875],[-83.7097,37.7871],[-83.7106,37.7872],[-83.7114,37.7868],[-83.7138,37.7872],[-83.7137,37.7878],[-83.7117,37.788],[-83.711,37.7888],[-83.7103,37.7886],[-83.7094,37.7889],[-83.7088,37.7907],[-83.7091,37.7915],[-83.7078,37.7929],[-83.7081,37.7936],[-83.7091,37.7945],[-83.7067,37.7965],[-83.7094,37.7979],[-83.7129,37.7961],[-83.7138,37.7962],[-83.7145,37.7943],[-83.7149,37.7942],[-83.7161,37.796],[-83.718,37.7958],[-83.7197,37.795],[-83.7208,37.7954],[-83.72,37.796],[-83.72,37.7969],[-83.719,37.7967],[-83.7168,37.7979],[-83.7154,37.7976],[-83.7145,37.7984],[-83.714,37.7982],[-83.7133,37.7984],[-83.7112,37.8003],[-83.7113,37.8012],[-83.7119,37.8012],[-83.7125,37.803],[-83.7135,37.8037],[-83.7145,37.8034],[-83.7152,37.8024],[-83.7168,37.8018],[-83.7185,37.8019],[-83.7187,37.8023],[-83.7176,37.8031],[-83.7172,37.804],[-83.7192,37.8046],[-83.7213,37.8044],[-83.7208,37.8053],[-83.7216,37.8062],[-83.7248,37.8074],[-83.7219,37.8077],[-83.7195,37.8063],[-83.7174,37.8062],[-83.717,37.8064],[-83.7167,37.8074],[-83.7167,37.8087],[-83.7148,37.8098],[-83.7159,37.8105],[-83.7179,37.8107],[-83.7178,37.8121],[-83.7184,37.813],[-83.719,37.8129],[-83.7205,37.8115],[-83.7222,37.8119],[-83.7219,37.8135],[-83.7228,37.8139],[-83.7247,37.8141],[-83.7257,37.8125],[-83.727,37.8132],[-83.7291,37.8131],[-83.7294,37.8139],[-83.7268,37.815],[-83.7269,37.8156],[-83.7265,37.8158],[-83.7259,37.8178],[-83.7261,37.818],[-83.7276,37.8176],[-83.7281,37.8178],[-83.7278,37.8193],[-83.7287,37.8204],[-83.7291,37.822],[-83.7297,37.8228],[-83.7311,37.823],[-83.7316,37.8226],[-83.7321,37.8193],[-83.7335,37.8196],[-83.7334,37.8207],[-83.7345,37.8219],[-83.7342,37.8232],[-83.7348,37.8235],[-83.7358,37.8236],[-83.7369,37.8226],[-83.7386,37.8238],[-83.7408,37.823],[-83.7419,37.8241],[-83.7428,37.8243],[-83.747,37.8245],[-83.7476,37.8241],[-83.7476,37.8238],[-83.7465,37.8228],[-83.7444,37.8225],[-83.7434,37.8221],[-83.7419,37.8222],[-83.7408,37.8214],[-83.7395,37.8213],[-83.7395,37.8201],[-83.7386,37.8194],[-83.7391,37.8189],[-83.7403,37.8186],[-83.7404,37.8183],[-83.7378,37.8174],[-83.7368,37.8163],[-83.7361,37.8161],[-83.736,37.8155],[-83.7348,37.8147],[-83.7349,37.814],[-83.7372,37.8143],[-83.7379,37.815],[-83.7401,37.8156],[-83.7407,37.8152],[-83.741,37.814],[-83.7417,37.8132],[-83.7411,37.8125],[-83.7412,37.8112],[-83.7405,37.8109],[-83.7391,37.8111],[-83.7382,37.8105],[-83.7371,37.8103],[-83.7373,37.809],[-83.7351,37.8077],[-83.734,37.8086],[-83.7327,37.8075],[-83.7308,37.8082],[-83.7301,37.8067],[-83.7288,37.8059],[-83.7283,37.8053],[-83.7275,37.8033],[-83.7277,37.8027],[-83.7293,37.8049],[-83.7309,37.8054],[-83.7325,37.8053],[-83.7334,37.8049],[-83.7337,37.8037],[-83.7352,37.8039],[-83.7358,37.8044],[-83.7378,37.8029],[-83.7381,37.8015],[-83.7377,37.8011],[-83.7355,37.8012],[-83.7338,37.8004],[-83.7339,37.7999],[-83.735,37.7999],[-83.7356,37.7993],[-83.734,37.7967],[-83.7324,37.7961],[-83.733,37.795],[-83.7335,37.7951],[-83.7358,37.7961],[-83.7385,37.7982],[-83.7391,37.7982],[-83.7393,37.7967],[-83.7388,37.7962],[-83.737,37.7954],[-83.7364,37.7942],[-83.7356,37.7935],[-83.7361,37.7925],[-83.7381,37.7922],[-83.7383,37.7918],[-83.7352,37.791],[-83.7332,37.7888],[-83.7324,37.7889],[-83.7316,37.7898],[-83.7301,37.789],[-83.7305,37.7883],[-83.7301,37.7873],[-83.7319,37.787],[-83.7332,37.7863],[-83.7312,37.7848],[-83.7302,37.785],[-83.7291,37.7846],[-83.7282,37.7846],[-83.7265,37.7854],[-83.7249,37.7842],[-83.7265,37.7839],[-83.7287,37.7827],[-83.7301,37.7827],[-83.7307,37.7821],[-83.7305,37.7811],[-83.7292,37.78],[-83.7272,37.78],[-83.726,37.7807],[-83.7244,37.7801],[-83.7256,37.7792],[-83.7258,37.7787],[-83.7271,37.7785],[-83.7282,37.7778],[-83.7274,37.7768],[-83.7272,37.7754],[-83.7257,37.7749],[-83.7258,37.7742],[-83.7253,37.7736],[-83.7242,37.7736],[-83.7217,37.7745],[-83.7209,37.7761],[-83.7205,37.776],[-83.7196,37.7752],[-83.7177,37.7759],[-83.716,37.7781],[-83.7156,37.7779],[-83.7163,37.7769],[-83.716,37.7754],[-83.7179,37.7743],[-83.7183,37.7734],[-83.7197,37.7731],[-83.7205,37.772],[-83.7216,37.772],[-83.7224,37.7708],[-83.724,37.7707],[-83.7239,37.7703],[-83.7226,37.7697],[-83.7199,37.7675],[-83.7199,37.7667],[-83.722,37.7669],[-83.725,37.7693],[-83.7257,37.7702],[-83.7258,37.771],[-83.7251,37.7718],[-83.7238,37.7724],[-83.7259,37.7724],[-83.7287,37.7749],[-83.7296,37.7774],[-83.7295,37.7783],[-83.7291,37.7788],[-83.7297,37.7786],[-83.7302,37.7787],[-83.7315,37.7798],[-83.732,37.7808],[-83.7323,37.7824],[-83.7315,37.7833],[-83.7333,37.7841],[-83.7351,37.7859],[-83.7353,37.7869],[-83.7347,37.7875],[-83.7363,37.7895],[-83.7392,37.7903],[-83.7413,37.7914],[-83.7406,37.7947],[-83.7418,37.7973],[-83.7417,37.7981],[-83.7409,37.7993],[-83.7392,37.8],[-83.7398,37.8004],[-83.7401,37.8016],[-83.7401,37.8033],[-83.7395,37.8044],[-83.7381,37.8055],[-83.7348,37.806],[-83.7374,37.8064],[-83.7401,37.8091],[-83.7423,37.8098],[-83.7433,37.8107],[-83.7439,37.8125],[-83.7433,37.8151],[-83.7439,37.816],[-83.7428,37.8168],[-83.7422,37.8169],[-83.7443,37.8167],[-83.7445,37.8178],[-83.7435,37.8185],[-83.7446,37.819],[-83.7444,37.8201],[-83.7482,37.8207],[-83.7499,37.8222],[-83.7498,37.8248],[-83.749,37.8255],[-83.7468,37.8264],[-83.7438,37.8265],[-83.7421,37.8261],[-83.7405,37.8253],[-83.7355,37.8253],[-83.7326,37.8249],[-83.7316,37.8244],[-83.7302,37.8244],[-83.7279,37.8236],[-83.7266,37.8221],[-83.7255,37.8214],[-83.7246,37.8197],[-83.7242,37.8181],[-83.7245,37.8163],[-83.7252,37.8151],[-83.7241,37.8154],[-83.7217,37.815],[-83.7209,37.8146],[-83.7204,37.8137],[-83.7194,37.8144],[-83.7184,37.8145],[-83.7169,37.8134],[-83.7161,37.812],[-83.7141,37.8112],[-83.7132,37.8106],[-83.7129,37.8096],[-83.7149,37.807],[-83.7143,37.8053],[-83.715,37.8049],[-83.7161,37.8048],[-83.7155,37.8043],[-83.7133,37.8049],[-83.7106,37.8046],[-83.7098,37.8036],[-83.7094,37.8023],[-83.7101,37.7999],[-83.711,37.7987],[-83.7086,37.799],[-83.7067,37.7983],[-83.7054,37.7975],[-83.7055,37.7964],[-83.7068,37.7945],[-83.7066,37.7923],[-83.706,37.7928],[-83.7053,37.793],[-83.7034,37.7924],[-83.7026,37.7917],[-83.7019,37.7919],[-83.7013,37.7918],[-83.6988,37.7903],[-83.6975,37.7885],[-83.6966,37.7882],[-83.6949,37.7881],[-83.6925,37.7868],[-83.6919,37.7851],[-83.6929,37.7814],[-83.6905,37.7814],[-83.6895,37.7825],[-83.6887,37.7828],[-83.6853,37.7832],[-83.6832,37.7825],[-83.6821,37.7808],[-83.6816,37.7805],[-83.6784,37.78],[-83.6772,37.7795],[-83.677,37.7786],[-83.6776,37.7781],[-83.6772,37.7774],[-83.6754,37.7797],[-83.6767,37.7801],[-83.6814,37.7806],[-83.6821,37.781],[-83.683,37.7827],[-83.6842,37.7832],[-83.6857,37.7833],[-83.688,37.7832],[-83.6905,37.7824],[-83.6915,37.7827],[-83.692,37.7838],[-83.6914,37.7859],[-83.6921,37.7879],[-83.6937,37.7889],[-83.697,37.7898],[-83.6979,37.7904],[-83.6986,37.7916],[-83.699,37.7915],[-83.7025,37.793],[-83.7043,37.7943],[-83.7046,37.7948],[-83.7043,37.7956],[-83.7017,37.7971],[-83.6963,37.7969],[-83.7029,37.7981],[-83.7054,37.7988],[-83.707,37.7996],[-83.7075,37.801],[-83.7073,37.8026],[-83.7057,37.8043],[-83.7041,37.8051],[-83.7062,37.8048],[-83.709,37.8063],[-83.7109,37.8067],[-83.7118,37.8074],[-83.7121,37.8082],[-83.7106,37.8112],[-83.7116,37.8117],[-83.7145,37.812],[-83.7158,37.813],[-83.7159,37.8146],[-83.7142,37.816],[-83.7124,37.8162],[-83.7104,37.8156],[-83.7075,37.8152],[-83.7081,37.8161],[-83.7085,37.8158],[-83.7101,37.8158],[-83.7139,37.817],[-83.7164,37.816],[-83.7214,37.8169],[-83.7223,37.8176],[-83.7224,37.8184],[-83.722,37.8191],[-83.721,37.8199],[-83.7216,37.8203],[-83.7229,37.8234],[-83.7248,37.8238],[-83.7269,37.8248],[-83.7288,37.8268],[-83.7288,37.8279],[-83.7298,37.8278],[-83.7307,37.8284],[-83.7317,37.8278],[-83.7346,37.8278],[-83.7373,37.8274],[-83.741,37.8282],[-83.7415,37.8288],[-83.7416,37.8296],[-83.7403,37.8307],[-83.741,37.8311],[-83.7415,37.8327],[-83.742,37.8325],[-83.7414,37.8312],[-83.7419,37.8298],[-83.7429,37.8291],[-83.7446,37.8287],[-83.7447,37.8283],[-83.7475,37.8284],[-83.7499,37.8295],[-83.7499,37.8338],[-83.749,37.8329],[-83.7475,37.8325],[-83.7473,37.8314],[-83.7464,37.8303]],[[-83.6742,37.7676],[-83.6744,37.7666],[-83.6737,37.7668],[-83.6737,37.7677],[-83.6742,37.7676]],[[-83.6745,37.7648],[-83.6751,37.7658],[-83.6746,37.7671],[-83.6755,37.7678],[-83.6767,37.7644],[-83.678,37.7632],[-83.6783,37.7624],[-83.676,37.7646],[-83.6745,37.7648]],[[-83.678,37.7696],[-83.6772,37.7693],[-83.6772,37.7709],[-83.6778,37.7705],[-83.678,37.7696]],[[-83.6856,37.7941],[-83.6837,37.7938],[-83.6846,37.7941],[-83.6843,37.7946],[-83.6856,37.7941]],[[-83.6908,37.7958],[-83.6918,37.7954],[-83.6936,37.7957],[-83.6922,37.7951],[-83.6903,37.7954],[-83.6908,37.7958]],[[-83.7431,37.8181],[-83.7428,37.8172],[-83.7424,37.8174],[-83.7428,37.8188],[-83.7431,37.8181]],[[-83.7428,37.8197],[-83.7435,37.8195],[-83.7439,37.819],[-83.7433,37.819],[-83.7428,37.8197]]],[[[-83.7458,37.8138],[-83.7447,37.8141],[-83.7443,37.8135],[-83.7445,37.8114],[-83.744,37.8098],[-83.7443,37.8086],[-83.7433,37.8085],[-83.742,37.8078],[-83.7408,37.8064],[-83.7405,37.8057],[-83.7408,37.8048],[-83.7421,37.8034],[-83.7423,37.8009],[-83.7441,37.7987],[-83.7451,37.7954],[-83.7459,37.7951],[-83.7467,37.7952],[-83.7474,37.7961],[-83.7472,37.7949],[-83.7499,37.7929],[-83.7499,37.7982],[-83.7467,37.7984],[-83.7472,37.7991],[-83.7487,37.7996],[-83.7486,37.8002],[-83.7463,37.801],[-83.7453,37.8007],[-83.7446,37.801],[-83.7444,37.8019],[-83.746,37.8033],[-83.746,37.8036],[-83.7454,37.8042],[-83.7433,37.8051],[-83.7428,37.8056],[-83.7435,37.8065],[-83.7441,37.8066],[-83.7471,37.8047],[-83.7499,37.8035],[-83.7499,37.8067],[-83.7485,37.8085],[-83.7476,37.8085],[-83.7468,37.8089],[-83.7469,37.8095],[-83.7476,37.8105],[-83.7477,37.8121],[-83.7484,37.812],[-83.7499,37.8109],[-83.7499,37.8145],[-83.7483,37.8152],[-83.7476,37.8164],[-83.7476,37.8168],[-83.7481,37.817],[-83.7499,37.8171],[-83.7499,37.8194],[-83.7476,37.8188],[-83.7461,37.8178],[-83.7455,37.8164],[-83.7458,37.8138]],[[-83.7455,37.8131],[-83.7449,37.8117],[-83.7447,37.8134],[-83.7449,37.8136],[-83.7455,37.8131]]],[[[-83.7337,37.8429],[-83.7333,37.844],[-83.7322,37.8451],[-83.7312,37.8453],[-83.7296,37.8449],[-83.7282,37.8437],[-83.7279,37.8422],[-83.7286,37.8409],[-83.731,37.84],[-83.7327,37.8405],[-83.7337,37.8429]]],[[[-83.6838,37.8541],[-83.6847,37.8537],[-83.6857,37.854],[-83.686,37.8517],[-83.687,37.8498],[-83.6879,37.8493],[-83.6896,37.8497],[-83.6897,37.8488],[-83.6907,37.8461],[-83.6909,37.8438],[-83.6901,37.8392],[-83.6906,37.838],[-83.6919,37.837],[-83.6928,37.837],[-83.6948,37.839],[-83.6957,37.8405],[-83.6965,37.8434],[-83.698,37.8436],[-83.7002,37.8431],[-83.702,37.8403],[-83.703,37.8404],[-83.7027,37.8394],[-83.7033,37.8386],[-83.7071,37.8366],[-83.7138,37.8359],[-83.7167,37.8365],[-83.7174,37.837],[-83.7174,37.8374],[-83.7168,37.8378],[-83.7175,37.8377],[-83.7182,37.8384],[-83.7202,37.8439],[-83.7219,37.8453],[-83.7224,37.8462],[-83.721,37.8474],[-83.7168,37.8484],[-83.717,37.8491],[-83.7163,37.8507],[-83.7147,37.8527],[-83.7126,37.8539],[-83.7131,37.8553],[-83.7128,37.8569],[-83.712,37.8584],[-83.7109,37.8592],[-83.7112,37.8596],[-83.711,37.8607],[-83.7105,37.8613],[-83.7076,37.8632],[-83.7063,37.867],[-83.7078,37.8697],[-83.7078,37.8722],[-83.7075,37.8727],[-83.7064,37.8742],[-83.7045,37.8751],[-83.6997,37.8751],[-83.6995,37.8748],[-83.6996,37.8745],[-83.7001,37.8745],[-83.7036,37.8748],[-83.7058,37.8728],[-83.7061,37.872],[-83.7067,37.8703],[-83.7061,37.869],[-83.7055,37.8685],[-83.7043,37.8687],[-83.7029,37.8701],[-83.701,37.8692],[-83.7022,37.8689],[-83.7029,37.8678],[-83.7011,37.8666],[-83.7024,37.866],[-83.7038,37.8666],[-83.7047,37.8665],[-83.7059,37.865],[-83.7063,37.8638],[-83.7057,37.8633],[-83.7046,37.8633],[-83.7047,37.8628],[-83.7051,37.8624],[-83.7073,37.8622],[-83.7093,37.8608],[-83.709,37.8606],[-83.7061,37.8604],[-83.7039,37.8614],[-83.7017,37.8616],[-83.7013,37.8612],[-83.7015,37.8609],[-83.7033,37.8608],[-83.7044,37.8597],[-83.7027,37.8578],[-83.7045,37.8582],[-83.7055,37.859],[-83.7066,37.8587],[-83.7076,37.859],[-83.7102,37.8581],[-83.7112,37.8572],[-83.7116,37.856],[-83.7115,37.8553],[-83.7091,37.855],[-83.7081,37.8544],[-83.7067,37.8543],[-83.7066,37.8533],[-83.7067,37.853],[-83.7084,37.8534],[-83.7107,37.8534],[-83.7116,37.853],[-83.7124,37.852],[-83.7143,37.8509],[-83.7149,37.8496],[-83.7127,37.8487],[-83.7113,37.8489],[-83.7108,37.8486],[-83.7091,37.8491],[-83.7081,37.8491],[-83.7082,37.8482],[-83.7094,37.8481],[-83.7108,37.847],[-83.7122,37.8473],[-83.7138,37.8471],[-83.7152,37.8475],[-83.7173,37.8465],[-83.7188,37.8468],[-83.7203,37.8462],[-83.7197,37.8456],[-83.7183,37.8455],[-83.7163,37.8447],[-83.7152,37.8449],[-83.715,37.8441],[-83.7141,37.8435],[-83.7144,37.8433],[-83.7174,37.8433],[-83.7176,37.843],[-83.7153,37.8413],[-83.7145,37.8413],[-83.7138,37.8404],[-83.7131,37.8407],[-83.7125,37.8418],[-83.711,37.8414],[-83.7105,37.8405],[-83.7115,37.84],[-83.7128,37.8386],[-83.7141,37.8382],[-83.7133,37.8373],[-83.7123,37.8373],[-83.7109,37.8379],[-83.7094,37.8392],[-83.7081,37.8385],[-83.7074,37.8386],[-83.706,37.8401],[-83.7049,37.8402],[-83.7052,37.8412],[-83.7049,37.8421],[-83.7064,37.8433],[-83.7062,37.8442],[-83.7051,37.844],[-83.704,37.845],[-83.7035,37.8442],[-83.7036,37.8433],[-83.7025,37.8422],[-83.7009,37.8448],[-83.7,37.8444],[-83.6976,37.8447],[-83.6979,37.8459],[-83.6973,37.8473],[-83.6976,37.8486],[-83.6971,37.8486],[-83.6963,37.8475],[-83.696,37.8462],[-83.6946,37.8432],[-83.694,37.8403],[-83.6933,37.8391],[-83.6926,37.8387],[-83.6918,37.8399],[-83.6919,37.8409],[-83.6928,37.8427],[-83.6925,37.846],[-83.6928,37.8468],[-83.6927,37.8473],[-83.6915,37.8472],[-83.6911,37.8485],[-83.6911,37.8497],[-83.6924,37.8515],[-83.6912,37.8515],[-83.6891,37.8508],[-83.6888,37.8513],[-83.6878,37.8512],[-83.6871,37.8519],[-83.6873,37.854],[-83.6893,37.856],[-83.6851,37.8547],[-83.6861,37.8587],[-83.6829,37.8558],[-83.6825,37.8558],[-83.6806,37.8578],[-83.6798,37.8578],[-83.6781,37.8577],[-83.6775,37.858],[-83.6781,37.8593],[-83.6823,37.8606],[-83.683,37.8618],[-83.6868,37.8645],[-83.69,37.865],[-83.6879,37.8656],[-83.6887,37.8676],[-83.6868,37.8658],[-83.6862,37.8658],[-83.6857,37.8648],[-83.6828,37.8637],[-83.6808,37.8622],[-83.6794,37.862],[-83.6797,37.8641],[-83.6794,37.8654],[-83.6783,37.8661],[-83.6778,37.8677],[-83.6783,37.8689],[-83.6799,37.8708],[-83.6805,37.8713],[-83.6817,37.8716],[-83.6806,37.8721],[-83.681,37.8733],[-83.6791,37.8712],[-83.6769,37.8703],[-83.6749,37.8725],[-83.675,37.8737],[-83.6735,37.8738],[-83.6729,37.8741],[-83.6724,37.8744],[-83.6726,37.8751],[-83.6712,37.8751],[-83.671,37.8747],[-83.6714,37.874],[-83.6736,37.8725],[-83.6761,37.8695],[-83.677,37.8695],[-83.6763,37.8675],[-83.6764,37.8667],[-83.6781,37.8645],[-83.6781,37.8615],[-83.6794,37.8611],[-83.6778,37.8607],[-83.6765,37.8595],[-83.6763,37.8574],[-83.677,37.8568],[-83.6779,37.8568],[-83.6798,37.8565],[-83.6823,37.8547],[-83.683,37.8544],[-83.6837,37.8546],[-83.6838,37.8541]],[[-83.7084,37.8373],[-83.7087,37.8371],[-83.7087,37.837],[-83.7082,37.8371],[-83.7084,37.8373]]],[[[-83.7077,37.864],[-83.7086,37.8629],[-83.7121,37.8608],[-83.7129,37.86],[-83.7139,37.854],[-83.7154,37.8527],[-83.7165,37.8527],[-83.7164,37.8515],[-83.7175,37.8498],[-83.7192,37.8483],[-83.7208,37.8482],[-83.7228,37.8474],[-83.7238,37.8475],[-83.7254,37.8482],[-83.7273,37.8481],[-83.7307,37.8491],[-83.732,37.8515],[-83.7318,37.8526],[-83.7312,37.8535],[-83.7347,37.8555],[-83.735,37.8561],[-83.7337,37.8586],[-83.7319,37.8596],[-83.73,37.8598],[-83.7302,37.8602],[-83.7294,37.8614],[-83.7278,37.863],[-83.7268,37.8634],[-83.7269,37.8638],[-83.7261,37.8645],[-83.7269,37.865],[-83.7273,37.8673],[-83.7275,37.869],[-83.7268,37.8723],[-83.7273,37.8725],[-83.7274,37.8751],[-83.7252,37.8751],[-83.7257,37.8743],[-83.7254,37.874],[-83.7229,37.8746],[-83.7221,37.8746],[-83.7256,37.8713],[-83.7251,37.8703],[-83.7258,37.868],[-83.7254,37.8664],[-83.723,37.8684],[-83.7221,37.8702],[-83.7215,37.8702],[-83.7208,37.8711],[-83.7193,37.871],[-83.7182,37.8714],[-83.7192,37.8709],[-83.7208,37.8682],[-83.7208,37.8678],[-83.7202,37.8674],[-83.7204,37.8666],[-83.7222,37.8662],[-83.7226,37.8654],[-83.7225,37.8644],[-83.7239,37.8635],[-83.7232,37.8629],[-83.7219,37.8626],[-83.7219,37.8619],[-83.7236,37.8613],[-83.7247,37.8618],[-83.7266,37.8618],[-83.7276,37.8608],[-83.7277,37.8603],[-83.7263,37.8598],[-83.7258,37.8585],[-83.7277,37.8584],[-83.728,37.8573],[-83.7284,37.8569],[-83.7296,37.857],[-83.7305,37.8581],[-83.7311,37.858],[-83.7324,37.8572],[-83.7329,37.8563],[-83.731,37.8554],[-83.7296,37.8558],[-83.7285,37.8556],[-83.7289,37.854],[-83.7282,37.8531],[-83.7299,37.852],[-83.7296,37.8509],[-83.7289,37.8502],[-83.7278,37.8498],[-83.7262,37.8501],[-83.7243,37.8521],[-83.7241,37.8503],[-83.7236,37.8492],[-83.7228,37.8489],[-83.7208,37.8497],[-83.72,37.8508],[-83.7188,37.8509],[-83.7181,37.8517],[-83.7207,37.856],[-83.7223,37.8567],[-83.7218,37.8577],[-83.7207,37.8573],[-83.72,37.8585],[-83.7189,37.8583],[-83.7195,37.8574],[-83.7192,37.8565],[-83.7172,37.8544],[-83.7159,37.8537],[-83.7152,37.8548],[-83.7156,37.8567],[-83.7149,37.8577],[-83.715,37.859],[-83.714,37.8603],[-83.7142,37.8619],[-83.715,37.8623],[-83.7162,37.8622],[-83.7169,37.8619],[-83.7179,37.8622],[-83.7181,37.8625],[-83.7168,37.8635],[-83.7182,37.8647],[-83.7182,37.8652],[-83.7164,37.8648],[-83.716,37.866],[-83.7149,37.8649],[-83.714,37.8644],[-83.7134,37.8645],[-83.7126,37.8639],[-83.7128,37.8656],[-83.7124,37.8657],[-83.7112,37.8655],[-83.711,37.8644],[-83.7103,37.864],[-83.709,37.866],[-83.7093,37.867],[-83.7108,37.867],[-83.714,37.8685],[-83.711,37.8687],[-83.7104,37.869],[-83.7098,37.8689],[-83.7096,37.8693],[-83.7099,37.871],[-83.7117,37.8721],[-83.71,37.8726],[-83.7101,37.8736],[-83.7111,37.8744],[-83.7125,37.875],[-83.7138,37.8751],[-83.7119,37.8751],[-83.7086,37.8751],[-83.7082,37.8749],[-83.7058,37.8751],[-83.7075,37.8736],[-83.7087,37.8739],[-83.7081,37.8731],[-83.7085,37.8717],[-83.7081,37.868],[-83.7072,37.8671],[-83.707,37.8664],[-83.7077,37.864]]],[[[-83.7278,37.8678],[-83.7281,37.8671],[-83.7277,37.8661],[-83.7278,37.8647],[-83.73,37.862],[-83.7351,37.8585],[-83.7367,37.8578],[-83.7382,37.8578],[-83.7394,37.8584],[-83.7413,37.8599],[-83.7418,37.8616],[-83.7412,37.8625],[-83.7408,37.8654],[-83.7386,37.8674],[-83.7405,37.8662],[-83.7415,37.8663],[-83.7435,37.8686],[-83.744,37.8698],[-83.7439,37.8709],[-83.7445,37.8699],[-83.7455,37.8701],[-83.7444,37.8693],[-83.7437,37.8676],[-83.7418,37.8651],[-83.7418,37.8642],[-83.7427,37.8621],[-83.7435,37.8619],[-83.7451,37.8625],[-83.7474,37.8627],[-83.7499,37.864],[-83.7499,37.8685],[-83.7496,37.8687],[-83.7485,37.868],[-83.748,37.8669],[-83.7471,37.866],[-83.7471,37.8654],[-83.7466,37.8651],[-83.7461,37.8651],[-83.746,37.8658],[-83.745,37.866],[-83.7463,37.8668],[-83.7462,37.868],[-83.7466,37.8688],[-83.748,37.8691],[-83.7489,37.8701],[-83.7499,37.8701],[-83.7499,37.8751],[-83.7496,37.8751],[-83.7492,37.8739],[-83.7483,37.8737],[-83.7482,37.8725],[-83.7472,37.8721],[-83.7459,37.8722],[-83.7453,37.8731],[-83.7464,37.8741],[-83.7461,37.8751],[-83.7423,37.8751],[-83.7427,37.8746],[-83.7423,37.874],[-83.7402,37.8738],[-83.74,37.8734],[-83.7404,37.8728],[-83.742,37.8721],[-83.7419,37.8712],[-83.7423,37.8706],[-83.7412,37.8701],[-83.7415,37.8687],[-83.7408,37.8682],[-83.7397,37.8689],[-83.7396,37.8701],[-83.7387,37.8706],[-83.7389,37.8711],[-83.7397,37.8713],[-83.74,37.8717],[-83.7401,37.8721],[-83.7389,37.8727],[-83.7387,37.8732],[-83.7399,37.8751],[-83.7363,37.8751],[-83.7363,37.8744],[-83.7354,37.8736],[-83.7364,37.8726],[-83.736,37.8719],[-83.7346,37.8723],[-83.7336,37.8734],[-83.733,37.8733],[-83.7333,37.8712],[-83.7341,37.8703],[-83.7331,37.8695],[-83.7327,37.8682],[-83.7331,37.8679],[-83.7345,37.8681],[-83.7356,37.8688],[-83.736,37.8687],[-83.7367,37.867],[-83.7364,37.866],[-83.737,37.8655],[-83.7379,37.8653],[-83.7388,37.8644],[-83.7388,37.8628],[-83.7374,37.8628],[-83.7369,37.8625],[-83.7376,37.8608],[-83.7374,37.8605],[-83.7367,37.8605],[-83.7362,37.8611],[-83.736,37.8621],[-83.7347,37.8625],[-83.7355,37.8641],[-83.7343,37.8656],[-83.7338,37.8658],[-83.7328,37.8647],[-83.7316,37.8644],[-83.731,37.8645],[-83.7307,37.865],[-83.7297,37.8652],[-83.7298,37.8661],[-83.7307,37.8672],[-83.7297,37.8679],[-83.7295,37.8695],[-83.7298,37.8699],[-83.7313,37.8696],[-83.7319,37.87],[-83.7314,37.8719],[-83.7297,37.872],[-83.73,37.8731],[-83.7312,37.8738],[-83.7311,37.8746],[-83.7315,37.8751],[-83.7293,37.8751],[-83.7282,37.8733],[-83.7285,37.871],[-83.7279,37.8697],[-83.7278,37.8678]],[[-83.7319,37.8635],[-83.7316,37.8629],[-83.7312,37.863],[-83.7309,37.8638],[-83.7316,37.8641],[-83.7319,37.8635]]],[[[-83.701,37.8692],[-83.7022,37.8699],[-83.7011,37.8702],[-83.7002,37.8697],[-83.6991,37.8695],[-83.699,37.869],[-83.701,37.8692]]],[[[-83.6249,37.8079],[-83.6249,37.8068],[-83.6264,37.8051],[-83.6274,37.8047],[-83.6275,37.8052],[-83.6249,37.8079]]],[[[-83.6254,37.8115],[-83.6259,37.8118],[-83.6259,37.8119],[-83.6249,37.8121],[-83.6254,37.8115]]],[[[-83.6351,37.8182],[-83.6356,37.8191],[-83.6364,37.8194],[-83.638,37.8186],[-83.6393,37.8173],[-83.6386,37.819],[-83.6379,37.8192],[-83.6371,37.8201],[-83.6373,37.8218],[-83.6381,37.8221],[-83.6376,37.8228],[-83.6378,37.8233],[-83.6392,37.8246],[-83.6404,37.8248],[-83.6414,37.8242],[-83.6429,37.8225],[-83.6437,37.823],[-83.6432,37.8244],[-83.6451,37.8254],[-83.6469,37.8279],[-83.6476,37.8299],[-83.6487,37.8295],[-83.6489,37.8305],[-83.6485,37.8313],[-83.6497,37.8325],[-83.6512,37.833],[-83.6517,37.8327],[-83.652,37.832],[-83.6534,37.8325],[-83.6542,37.831],[-83.655,37.8315],[-83.6569,37.8309],[-83.6581,37.8314],[-83.66,37.8316],[-83.6611,37.8299],[-83.6613,37.8284],[-83.6601,37.8276],[-83.6592,37.8278],[-83.6589,37.8271],[-83.6576,37.8262],[-83.6562,37.8258],[-83.6553,37.8252],[-83.6532,37.8218],[-83.6528,37.8215],[-83.654,37.8212],[-83.6539,37.8221],[-83.6552,37.8229],[-83.6557,37.824],[-83.6564,37.8245],[-83.6578,37.8244],[-83.659,37.8253],[-83.6601,37.8254],[-83.6607,37.825],[-83.6614,37.8233],[-83.6607,37.8209],[-83.6615,37.8208],[-83.6621,37.8218],[-83.6628,37.822],[-83.6645,37.821],[-83.6653,37.8199],[-83.6661,37.8198],[-83.6667,37.8192],[-83.6667,37.8187],[-83.6654,37.8167],[-83.6671,37.8157],[-83.6667,37.8144],[-83.6686,37.8143],[-83.6679,37.815],[-83.6672,37.8167],[-83.6678,37.8181],[-83.6685,37.8182],[-83.6704,37.8171],[-83.6732,37.8164],[-83.6711,37.8174],[-83.6703,37.8184],[-83.6684,37.8194],[-83.668,37.8199],[-83.6683,37.8208],[-83.6669,37.8209],[-83.6658,37.8218],[-83.6649,37.8229],[-83.6651,37.8237],[-83.6636,37.8241],[-83.663,37.826],[-83.6639,37.8273],[-83.6662,37.8268],[-83.6654,37.8282],[-83.6654,37.8293],[-83.6665,37.831],[-83.6662,37.8334],[-83.6648,37.8362],[-83.663,37.8384],[-83.6637,37.8398],[-83.6643,37.8399],[-83.6689,37.8375],[-83.6693,37.8365],[-83.6692,37.8351],[-83.6696,37.8342],[-83.6698,37.8323],[-83.6701,37.8339],[-83.6713,37.8345],[-83.6707,37.8347],[-83.6705,37.8352],[-83.6707,37.8366],[-83.6712,37.8371],[-83.6701,37.8392],[-83.6663,37.8418],[-83.6667,37.8432],[-83.6672,37.8437],[-83.6705,37.8415],[-83.6714,37.8401],[-83.6733,37.8396],[-83.6733,37.8405],[-83.6736,37.8408],[-83.6758,37.8418],[-83.6764,37.8427],[-83.6803,37.8454],[-83.6811,37.8439],[-83.681,37.8418],[-83.6793,37.8406],[-83.6791,37.84],[-83.6797,37.8397],[-83.6796,37.8376],[-83.681,37.8358],[-83.6811,37.835],[-83.6808,37.8344],[-83.6799,37.8339],[-83.6799,37.8336],[-83.6813,37.8337],[-83.6832,37.8325],[-83.6833,37.8327],[-83.6821,37.8342],[-83.6821,37.8348],[-83.6825,37.8352],[-83.6817,37.8377],[-83.6817,37.8391],[-83.6829,37.8402],[-83.6849,37.8402],[-83.6875,37.8408],[-83.6879,37.8388],[-83.6876,37.838],[-83.6891,37.837],[-83.6895,37.8363],[-83.6883,37.8353],[-83.6895,37.8349],[-83.69,37.8344],[-83.6901,37.8325],[-83.6894,37.832],[-83.6899,37.8312],[-83.6897,37.8286],[-83.6906,37.8293],[-83.692,37.8319],[-83.6922,37.833],[-83.6936,37.8337],[-83.6931,37.8345],[-83.6961,37.8363],[-83.698,37.8399],[-83.6987,37.8405],[-83.6993,37.8395],[-83.702,37.8372],[-83.7019,37.8364],[-83.706,37.8354],[-83.707,37.8349],[-83.7061,37.8344],[-83.7038,37.8344],[-83.7031,37.8337],[-83.7031,37.8331],[-83.7022,37.8321],[-83.701,37.8318],[-83.7006,37.8313],[-83.6997,37.8312],[-83.699,37.8318],[-83.6981,37.8312],[-83.6985,37.8306],[-83.6983,37.83],[-83.6972,37.8291],[-83.6965,37.8289],[-83.6964,37.8278],[-83.6958,37.8266],[-83.6981,37.8287],[-83.6998,37.8296],[-83.7018,37.83],[-83.7025,37.8287],[-83.7013,37.8263],[-83.7025,37.8272],[-83.7032,37.8273],[-83.7038,37.8282],[-83.7053,37.8279],[-83.705,37.8287],[-83.704,37.8294],[-83.704,37.8306],[-83.7042,37.8313],[-83.7057,37.8323],[-83.7064,37.832],[-83.7072,37.8307],[-83.7078,37.8314],[-83.7084,37.8315],[-83.7086,37.8325],[-83.7108,37.8325],[-83.7113,37.8309],[-83.7109,37.83],[-83.7116,37.8282],[-83.712,37.8283],[-83.7124,37.8294],[-83.7133,37.8298],[-83.7133,37.8304],[-83.7139,37.8309],[-83.7147,37.8307],[-83.7155,37.83],[-83.7172,37.83],[-83.7178,37.8309],[-83.717,37.8319],[-83.7156,37.832],[-83.7147,37.8328],[-83.7147,37.8331],[-83.7157,37.8338],[-83.7168,37.8339],[-83.7175,37.8332],[-83.7188,37.833],[-83.7196,37.8344],[-83.7191,37.8348],[-83.7193,37.8353],[-83.7206,37.8371],[-83.7215,37.8366],[-83.7223,37.8368],[-83.7229,37.8365],[-83.7234,37.8354],[-83.7252,37.8353],[-83.7253,37.8363],[-83.7263,37.837],[-83.7261,37.8373],[-83.7248,37.8376],[-83.724,37.8385],[-83.7238,37.8389],[-83.7246,37.8397],[-83.7295,37.8373],[-83.7332,37.8374],[-83.7342,37.8382],[-83.7352,37.8382],[-83.7358,37.8389],[-83.7371,37.8391],[-83.7377,37.8402],[-83.7372,37.8409],[-83.7369,37.8431],[-83.7374,37.8434],[-83.739,37.8425],[-83.74,37.8428],[-83.7395,37.8447],[-83.7398,37.8455],[-83.7403,37.8456],[-83.7409,37.8457],[-83.7415,37.8442],[-83.7424,37.8434],[-83.7431,37.8454],[-83.7461,37.8448],[-83.746,37.8444],[-83.7448,37.8441],[-83.7445,37.8432],[-83.7445,37.8429],[-83.7459,37.8423],[-83.7454,37.8402],[-83.7457,37.8396],[-83.7483,37.84],[-83.7487,37.8404],[-83.7499,37.8402],[-83.7499,37.8421],[-83.7489,37.8424],[-83.7486,37.8432],[-83.7486,37.8452],[-83.748,37.8461],[-83.7488,37.8469],[-83.7489,37.8488],[-83.7475,37.8542],[-83.7469,37.8552],[-83.7458,37.8561],[-83.7429,37.8562],[-83.7416,37.8555],[-83.7402,37.8555],[-83.7386,37.8545],[-83.7365,37.8539],[-83.7351,37.8542],[-83.7347,37.8536],[-83.7346,37.8525],[-83.734,37.8517],[-83.7346,37.851],[-83.7344,37.8495],[-83.735,37.8481],[-83.7349,37.8467],[-83.7353,37.8461],[-83.7346,37.8456],[-83.7344,37.8451],[-83.7347,37.8424],[-83.7343,37.8406],[-83.7317,37.8392],[-83.7297,37.8393],[-83.727,37.8405],[-83.7258,37.8417],[-83.7257,37.8426],[-83.7264,37.8432],[-83.7263,37.8438],[-83.7255,37.8441],[-83.7243,37.8441],[-83.7234,37.8435],[-83.7213,37.8411],[-83.7204,37.8395],[-83.7207,37.8388],[-83.7196,37.8384],[-83.718,37.836],[-83.717,37.8353],[-83.7147,37.835],[-83.7125,37.8337],[-83.7127,37.8322],[-83.7122,37.8333],[-83.7125,37.8345],[-83.7121,37.8348],[-83.7077,37.8338],[-83.7092,37.8343],[-83.7096,37.8353],[-83.7054,37.8366],[-83.7035,37.8376],[-83.7019,37.8391],[-83.7001,37.842],[-83.6996,37.8424],[-83.6977,37.842],[-83.6971,37.8415],[-83.6945,37.8375],[-83.6916,37.8353],[-83.6914,37.8336],[-83.6909,37.8354],[-83.6915,37.836],[-83.6899,37.8372],[-83.6896,37.8379],[-83.6893,37.8422],[-83.6887,37.8426],[-83.6875,37.8424],[-83.6884,37.843],[-83.6899,37.8424],[-83.6889,37.8476],[-83.6884,37.8478],[-83.6871,37.8465],[-83.6866,37.844],[-83.6849,37.8445],[-83.6835,37.8442],[-83.6829,37.843],[-83.6833,37.842],[-83.6818,37.8412],[-83.6822,37.8418],[-83.6827,37.8443],[-83.6833,37.8451],[-83.6815,37.8466],[-83.6807,37.8469],[-83.6796,37.8466],[-83.6777,37.8454],[-83.675,37.8428],[-83.6723,37.842],[-83.6712,37.8427],[-83.6713,37.8426],[-83.6716,37.8426],[-83.671,37.8429],[-83.6708,37.843],[-83.6675,37.8451],[-83.6667,37.8453],[-83.666,37.8447],[-83.6654,37.8431],[-83.6644,37.8419],[-83.6647,37.841],[-83.6638,37.8412],[-83.663,37.841],[-83.6621,37.8401],[-83.6617,37.8389],[-83.6616,37.8379],[-83.6637,37.8356],[-83.6641,37.834],[-83.6634,37.8309],[-83.6636,37.8297],[-83.6632,37.8284],[-83.6623,37.8277],[-83.6616,37.8262],[-83.6622,37.8244],[-83.6637,37.8229],[-83.6623,37.8231],[-83.6618,37.8248],[-83.6608,37.826],[-83.659,37.8261],[-83.6616,37.8277],[-83.6626,37.8291],[-83.6627,37.8299],[-83.6617,37.8329],[-83.6595,37.8329],[-83.6567,37.8319],[-83.6554,37.8323],[-83.654,37.8333],[-83.6515,37.8345],[-83.6494,37.8338],[-83.648,37.8329],[-83.6459,37.8284],[-83.6436,37.8258],[-83.6422,37.8252],[-83.642,37.8248],[-83.6415,37.8252],[-83.6399,37.8256],[-83.6383,37.8251],[-83.6372,37.8235],[-83.6364,37.8214],[-83.6363,37.8234],[-83.6371,37.824],[-83.6376,37.8254],[-83.6364,37.8258],[-83.6343,37.8257],[-83.6314,37.8251],[-83.6301,37.8242],[-83.6287,37.8225],[-83.6276,37.8224],[-83.627,37.822],[-83.6281,37.8192],[-83.625,37.8185],[-83.6249,37.8167],[-83.6261,37.818],[-83.6284,37.8179],[-83.6303,37.8187],[-83.6291,37.821],[-83.6303,37.8236],[-83.6312,37.8239],[-83.6317,37.8246],[-83.633,37.825],[-83.6366,37.825],[-83.6361,37.8239],[-83.635,37.8234],[-83.6357,37.823],[-83.6359,37.8224],[-83.6358,37.8202],[-83.6353,37.8196],[-83.6348,37.8191],[-83.6351,37.8182]],[[-83.6671,37.8202],[-83.6684,37.8187],[-83.6674,37.819],[-83.667,37.8197],[-83.6657,37.8207],[-83.6657,37.8211],[-83.6671,37.8202]],[[-83.7442,37.8483],[-83.7434,37.8489],[-83.743,37.8497],[-83.7417,37.8497],[-83.7414,37.8495],[-83.7418,37.8474],[-83.7412,37.8471],[-83.7391,37.8486],[-83.738,37.8486],[-83.7374,37.8491],[-83.7363,37.8493],[-83.7365,37.85],[-83.7374,37.85],[-83.7379,37.8505],[-83.7387,37.8525],[-83.7404,37.852],[-83.7409,37.8522],[-83.7412,37.853],[-83.7434,37.8525],[-83.7444,37.8536],[-83.7454,37.8503],[-83.7462,37.8496],[-83.7467,37.8485],[-83.7454,37.8486],[-83.7442,37.8483]]],[[[-83.6254,37.8201],[-83.6249,37.8197],[-83.6249,37.8192],[-83.6259,37.8197],[-83.6263,37.8203],[-83.6259,37.8207],[-83.626,37.8228],[-83.6249,37.824],[-83.6249,37.8227],[-83.6254,37.8216],[-83.6249,37.8213],[-83.6249,37.8203],[-83.6254,37.8201]]],[[[-83.6673,37.8469],[-83.6659,37.8475],[-83.6648,37.8472],[-83.6646,37.8463],[-83.6635,37.8449],[-83.6625,37.8441],[-83.662,37.8442],[-83.6607,37.8456],[-83.6613,37.8478],[-83.6614,37.8495],[-83.662,37.8501],[-83.6612,37.8506],[-83.6609,37.8512],[-83.6606,37.8515],[-83.6603,37.8511],[-83.6593,37.8482],[-83.6587,37.8473],[-83.6581,37.847],[-83.657,37.8476],[-83.6559,37.8495],[-83.6531,37.8529],[-83.6536,37.8518],[-83.6532,37.8509],[-83.6541,37.8504],[-83.6548,37.8483],[-83.6547,37.8476],[-83.6536,37.847],[-83.6546,37.8461],[-83.6559,37.846],[-83.6577,37.8449],[-83.6581,37.8443],[-83.6575,37.843],[-83.6577,37.8424],[-83.6593,37.8429],[-83.66,37.8426],[-83.66,37.8418],[-83.6606,37.8415],[-83.6606,37.841],[-83.6594,37.8387],[-83.6616,37.8351],[-83.6601,37.8347],[-83.6578,37.8348],[-83.6572,37.8342],[-83.6565,37.8343],[-83.6528,37.8359],[-83.6522,37.8374],[-83.6514,37.8371],[-83.6503,37.8373],[-83.6499,37.8359],[-83.6472,37.8354],[-83.6441,37.8384],[-83.6437,37.8399],[-83.6412,37.8417],[-83.6408,37.8433],[-83.6402,37.8431],[-83.6403,37.8411],[-83.6404,37.8408],[-83.6417,37.8402],[-83.6425,37.839],[-83.642,37.8377],[-83.6445,37.8352],[-83.6445,37.834],[-83.6458,37.8334],[-83.6457,37.8329],[-83.6446,37.8319],[-83.642,37.8326],[-83.643,37.8307],[-83.6414,37.8304],[-83.6433,37.8289],[-83.6431,37.8278],[-83.6424,37.8273],[-83.6408,37.8275],[-83.6403,37.8271],[-83.638,37.8273],[-83.637,37.828],[-83.6363,37.8275],[-83.6354,37.8275],[-83.634,37.8281],[-83.6329,37.8274],[-83.6312,37.8273],[-83.6306,37.8285],[-83.631,37.8301],[-83.6308,37.8313],[-83.633,37.8325],[-83.633,37.833],[-83.6326,37.8346],[-83.6328,37.8353],[-83.6318,37.8357],[-83.6316,37.8371],[-83.6316,37.8378],[-83.6323,37.8382],[-83.6317,37.8391],[-83.6318,37.8398],[-83.6322,37.8402],[-83.6314,37.841],[-83.6317,37.8422],[-83.6321,37.8426],[-83.631,37.8431],[-83.6308,37.8436],[-83.6325,37.8458],[-83.6313,37.8464],[-83.6317,37.848],[-83.6323,37.8489],[-83.6336,37.8494],[-83.6335,37.8497],[-83.6327,37.8495],[-83.6319,37.8497],[-83.6311,37.8505],[-83.6309,37.8521],[-83.6317,37.8549],[-83.6301,37.8527],[-83.6294,37.8525],[-83.6283,37.8529],[-83.6284,37.8525],[-83.6298,37.8518],[-83.63,37.8502],[-83.6307,37.8488],[-83.6302,37.8476],[-83.6293,37.8469],[-83.6299,37.8453],[-83.6297,37.8446],[-83.629,37.844],[-83.6271,37.844],[-83.6283,37.8437],[-83.6294,37.8423],[-83.6295,37.8403],[-83.63,37.8397],[-83.63,37.8388],[-83.6298,37.8383],[-83.6287,37.8378],[-83.6297,37.8368],[-83.6297,37.8357],[-83.6309,37.8348],[-83.6311,37.8338],[-83.6304,37.8331],[-83.6282,37.8324],[-83.6282,37.8287],[-83.6288,37.8258],[-83.6273,37.8241],[-83.6265,37.8245],[-83.6259,37.8253],[-83.6258,37.8281],[-83.6249,37.8305],[-83.6252,37.8249],[-83.6266,37.8238],[-83.6281,37.8232],[-83.6286,37.8234],[-83.6298,37.8259],[-83.6293,37.8273],[-83.6293,37.8301],[-83.6297,37.8308],[-83.6294,37.8316],[-83.6298,37.8322],[-83.6309,37.8327],[-83.6317,37.8338],[-83.6312,37.835],[-83.6303,37.8358],[-83.6302,37.8376],[-83.6308,37.8394],[-83.6302,37.8407],[-83.6301,37.8422],[-83.6293,37.8436],[-83.6304,37.8449],[-83.6302,37.8468],[-83.631,37.8478],[-83.6313,37.8493],[-83.6316,37.8491],[-83.6308,37.8462],[-83.6316,37.8455],[-83.6302,37.8434],[-83.6305,37.8427],[-83.6311,37.8424],[-83.6307,37.8409],[-83.6312,37.8401],[-83.6307,37.8376],[-83.6311,37.8358],[-83.6322,37.8341],[-83.6319,37.8332],[-83.6301,37.8312],[-83.6299,37.8284],[-83.6303,37.827],[-83.6311,37.8265],[-83.6346,37.827],[-83.6403,37.8262],[-83.6432,37.8267],[-83.644,37.8274],[-83.6469,37.833],[-83.6469,37.8341],[-83.6461,37.835],[-83.6475,37.8344],[-83.651,37.8355],[-83.6512,37.8361],[-83.6553,37.8336],[-83.6574,37.8333],[-83.6613,37.8343],[-83.6629,37.835],[-83.6627,37.8358],[-83.6612,37.8381],[-83.6611,37.8394],[-83.6626,37.8418],[-83.6626,37.8422],[-83.662,37.8427],[-83.6593,37.8438],[-83.6585,37.8458],[-83.6561,37.8471],[-83.6586,37.8462],[-83.6592,37.8467],[-83.6596,37.8448],[-83.6612,37.8433],[-83.6623,37.8429],[-83.6637,37.8434],[-83.6662,37.8459],[-83.667,37.8458],[-83.6705,37.8435],[-83.6724,37.8428],[-83.6738,37.8431],[-83.6753,37.8441],[-83.6737,37.8451],[-83.6736,37.8443],[-83.6732,37.844],[-83.6724,37.844],[-83.6685,37.8469],[-83.6673,37.8469]]],[[[-83.6827,37.8511],[-83.6838,37.8498],[-83.6839,37.8487],[-83.683,37.848],[-83.6799,37.8502],[-83.6777,37.85],[-83.6762,37.8506],[-83.6759,37.85],[-83.6764,37.8462],[-83.6756,37.8458],[-83.6737,37.847],[-83.6737,37.8451],[-83.6754,37.8442],[-83.676,37.8443],[-83.6789,37.8466],[-83.6796,37.8475],[-83.6806,37.8478],[-83.6842,37.8463],[-83.6852,37.8463],[-83.6857,37.8471],[-83.6857,37.8486],[-83.6846,37.8529],[-83.6816,37.8542],[-83.6801,37.8555],[-83.678,37.8563],[-83.6774,37.8565],[-83.6749,37.8572],[-83.6753,37.8584],[-83.6746,37.8602],[-83.6734,37.8603],[-83.6707,37.8616],[-83.668,37.8614],[-83.6689,37.8625],[-83.668,37.8648],[-83.6693,37.8659],[-83.6684,37.8689],[-83.6668,37.8695],[-83.6661,37.8701],[-83.6636,37.8708],[-83.662,37.871],[-83.6605,37.8717],[-83.6592,37.8715],[-83.6572,37.8703],[-83.6566,37.8706],[-83.6559,37.87],[-83.6554,37.8713],[-83.6533,37.872],[-83.6563,37.8719],[-83.6571,37.8736],[-83.6572,37.8751],[-83.6563,37.8751],[-83.655,37.8733],[-83.6544,37.873],[-83.6517,37.8731],[-83.6504,37.8737],[-83.6496,37.8727],[-83.6484,37.8723],[-83.6473,37.8723],[-83.6471,37.8715],[-83.6453,37.8703],[-83.6455,37.8686],[-83.6463,37.8701],[-83.6479,37.8711],[-83.6517,37.8716],[-83.6529,37.8713],[-83.6538,37.8705],[-83.654,37.8696],[-83.6529,37.8683],[-83.6515,37.8679],[-83.6518,37.8663],[-83.6512,37.8655],[-83.6522,37.865],[-83.653,37.8668],[-83.6535,37.8673],[-83.6548,37.8677],[-83.6557,37.8687],[-83.6564,37.8687],[-83.6577,37.8673],[-83.6581,37.8696],[-83.659,37.8707],[-83.6603,37.8708],[-83.6609,37.8703],[-83.6643,37.8697],[-83.6654,37.869],[-83.665,37.8682],[-83.667,37.8685],[-83.6677,37.8681],[-83.6679,37.8665],[-83.6675,37.8657],[-83.6663,37.8649],[-83.6673,37.8629],[-83.6671,37.8618],[-83.6661,37.8611],[-83.6644,37.8609],[-83.6631,37.861],[-83.6633,37.8603],[-83.6653,37.86],[-83.6661,37.8593],[-83.6685,37.8604],[-83.6712,37.8601],[-83.6735,37.8591],[-83.6739,37.8583],[-83.6704,37.8569],[-83.6702,37.8559],[-83.6716,37.8555],[-83.6724,37.8561],[-83.6735,37.8562],[-83.6762,37.8552],[-83.6787,37.8547],[-83.6805,37.8532],[-83.6833,37.8522],[-83.6834,37.8516],[-83.6827,37.8511]],[[-83.6793,37.8475],[-83.6791,37.8477],[-83.6793,37.8479],[-83.6796,37.8478],[-83.6793,37.8475]]],[[[-83.6745,37.8658],[-83.6763,37.8633],[-83.6753,37.8616],[-83.674,37.8619],[-83.6727,37.8626],[-83.6714,37.8628],[-83.6705,37.8633],[-83.6701,37.8641],[-83.6709,37.8654],[-83.6707,37.8686],[-83.6699,37.87],[-83.6683,37.8706],[-83.6667,37.8721],[-83.6647,37.8716],[-83.6629,37.8726],[-83.6625,37.874],[-83.6613,37.8739],[-83.6604,37.8734],[-83.6593,37.8734],[-83.6587,37.8739],[-83.6593,37.8751],[-83.6578,37.8751],[-83.6576,37.8728],[-83.6581,37.8724],[-83.6616,37.8722],[-83.6637,37.871],[-83.6662,37.8705],[-83.669,37.869],[-83.6691,37.8673],[-83.6697,37.8659],[-83.6687,37.8641],[-83.6697,37.8626],[-83.6719,37.8618],[-83.6728,37.861],[-83.6739,37.8605],[-83.6752,37.8605],[-83.677,37.8616],[-83.6775,37.8624],[-83.6775,37.8636],[-83.676,37.867],[-83.6757,37.8691],[-83.6739,37.8716],[-83.6715,37.8732],[-83.6714,37.8737],[-83.6697,37.8751],[-83.6682,37.8751],[-83.6681,37.8748],[-83.6707,37.8719],[-83.6726,37.8709],[-83.6743,37.8686],[-83.6745,37.8658]]]]}},{"type":"Feature","properties":{"quadrangle_name":"Stanton"},"geometry":{"type":"MultiPolygon","coordinates":[[[[-83.8526,37.7507],[-83.8523,37.7501],[-83.8536,37.7501],[-83.8526,37.7507]]],[[[-83.8581,37.7516],[-83.8578,37.7521],[-83.8582,37.754],[-83.859,37.7551],[-83.8585,37.7558],[-83.8586,37.7563],[-83.8577,37.7568],[-83.8579,37.7554],[-83.8574,37.7544],[-83.8558,37.7535],[-83.8542,37.7537],[-83.8556,37.7519],[-83.856,37.7501],[-83.8626,37.7501],[-83.8625,37.7512],[-83.8604,37.7513],[-83.8595,37.7507],[-83.8581,37.7516]]],[[[-83.8707,37.7602],[-83.8704,37.762],[-83.8709,37.7633],[-83.8713,37.7637],[-83.872,37.7637],[-83.8729,37.7632],[-83.8749,37.7607],[-83.8749,37.7666],[-83.8741,37.7665],[-83.8724,37.7674],[-83.8728,37.7679],[-83.8749,37.7691],[-83.8749,37.7714],[-83.8732,37.7706],[-83.871,37.7706],[-83.8721,37.7721],[-83.8722,37.7732],[-83.8717,37.7739],[-83.8705,37.7743],[-83.8709,37.7753],[-83.872,37.7758],[-83.8732,37.7771],[-83.8741,37.7771],[-83.8749,37.7767],[-83.8749,37.7803],[-83.8749,37.7811],[-83.8732,37.7812],[-83.871,37.7804],[-83.8688,37.7789],[-83.8676,37.7776],[-83.8646,37.7751],[-83.8639,37.7741],[-83.8644,37.7729],[-83.8663,37.7718],[-83.8672,37.7702],[-83.8673,37.7691],[-83.8679,37.7689],[-83.8683,37.7679],[-83.8694,37.7676],[-83.8694,37.7671],[-83.8699,37.7662],[-83.8715,37.7655],[-83.8704,37.7656],[-83.8691,37.7652],[-83.8692,37.766],[-83.8679,37.7675],[-83.8667,37.7677],[-83.867,37.7685],[-83.8668,37.7693],[-83.8644,37.7699],[-83.8647,37.7682],[-83.8637,37.7677],[-83.8636,37.7667],[-83.8627,37.7656],[-83.8622,37.7641],[-83.8605,37.763],[-83.8602,37.7625],[-83.8613,37.7614],[-83.8632,37.7618],[-83.8636,37.7627],[-83.8648,37.7634],[-83.8654,37.7648],[-83.8667,37.7657],[-83.8672,37.7657],[-83.8674,37.7652],[-83.8661,37.7626],[-83.8663,37.7607],[-83.8656,37.7603],[-83.864,37.7595],[-83.861,37.7587],[-83.8619,37.7577],[-83.8622,37.7566],[-83.8641,37.7554],[-83.8656,37.7564],[-83.8664,37.7566],[-83.867,37.7565],[-83.8674,37.7551],[-83.8679,37.7549],[-83.8698,37.7549],[-83.871,37.7554],[-83.8721,37.7547],[-83.8749,37.7549],[-83.8749,37.7559],[-83.8748,37.7559],[-83.8749,37.757],[-83.8734,37.7578],[-83.8723,37.7595],[-83.8707,37.7602]]],[[[-83.861,37.7608],[-83.8619,37.7607],[-83.8627,37.7612],[-83.8603,37.7616],[-83.861,37.7608]]],[[[-83.8636,37.7723],[-83.8611,37.7718],[-83.8601,37.7709],[-83.8594,37.7701],[-83.8572,37.7696],[-83.8596,37.7711],[-83.8567,37.7717],[-83.8556,37.7712],[-83.8542,37.7711],[-83.8529,37.7715],[-83.8515,37.7714],[-83.8513,37.7705],[-83.8508,37.7704],[-83.8496,37.7713],[-83.8497,37.7735],[-83.8509,37.7731],[-83.8538,37.7724],[-83.8509,37.7733],[-83.8502,37.7756],[-83.8492,37.7766],[-83.8472,37.777],[-83.8459,37.7779],[-83.8437,37.7781],[-83.8428,37.7772],[-83.8399,37.7785],[-83.8389,37.7785],[-83.8385,37.7791],[-83.8382,37.7807],[-83.8377,37.7814],[-83.8368,37.7814],[-83.8369,37.7806],[-83.8353,37.7779],[-83.8347,37.7784],[-83.8337,37.7781],[-83.8321,37.7786],[-83.8314,37.7794],[-83.831,37.7806],[-83.8304,37.7811],[-83.83,37.7811],[-83.8302,37.7783],[-83.8309,37.777],[-83.8338,37.7765],[-83.8337,37.7765],[-83.8344,37.7755],[-83.8342,37.7745],[-83.8368,37.7752],[-83.8393,37.7752],[-83.8408,37.7746],[-83.8401,37.7729],[-83.8434,37.7738],[-83.8454,37.7735],[-83.8463,37.7728],[-83.8465,37.7718],[-83.8448,37.7713],[-83.8437,37.7705],[-83.8434,37.7697],[-83.8436,37.7681],[-83.8428,37.767],[-83.8428,37.7663],[-83.8448,37.7674],[-83.845,37.7692],[-83.8456,37.7696],[-83.8463,37.7695],[-83.8477,37.7687],[-83.8493,37.767],[-83.8488,37.7652],[-83.8477,37.7643],[-83.8479,37.7637],[-83.8479,37.7637],[-83.846,37.7637],[-83.8452,37.762],[-83.8462,37.7609],[-83.8486,37.7607],[-83.8502,37.7599],[-83.8518,37.7596],[-83.8532,37.7597],[-83.8565,37.7604],[-83.8533,37.7629],[-83.8517,37.7632],[-83.8518,37.7632],[-83.8519,37.7651],[-83.8521,37.7655],[-83.8534,37.7659],[-83.8532,37.7673],[-83.8538,37.7675],[-83.8567,37.7674],[-83.8577,37.7677],[-83.8584,37.7655],[-83.8593,37.7655],[-83.8604,37.7675],[-83.8607,37.7688],[-83.8632,37.7702],[-83.8644,37.7699],[-83.8668,37.7693],[-83.8659,37.7713],[-83.8648,37.7723],[-83.8636,37.7723]],[[-83.8451,37.7751],[-83.8458,37.7749],[-83.8415,37.7756],[-83.8451,37.7751]],[[-83.8355,37.7765],[-83.8362,37.7764],[-83.836,37.7764],[-83.8351,37.776],[-83.8345,37.7764],[-83.8341,37.7764],[-83.8355,37.7765]],[[-83.8506,37.7684],[-83.8496,37.7692],[-83.852,37.7692],[-83.851,37.7678],[-83.8506,37.7684]]],[[[-83.8608,37.7723],[-83.8619,37.7724],[-83.8629,37.773],[-83.863,37.7746],[-83.8624,37.7755],[-83.8619,37.7763],[-83.8591,37.7777],[-83.8603,37.7776],[-83.8625,37.7762],[-83.8637,37.7763],[-83.8658,37.7783],[-83.8684,37.7796],[-83.8688,37.7806],[-83.8674,37.7831],[-83.8665,37.7837],[-83.8616,37.7853],[-83.8593,37.7853],[-83.8574,37.7849],[-83.8606,37.7858],[-83.8595,37.7877],[-83.8616,37.7856],[-83.8627,37.7855],[-83.8658,37.7844],[-83.8665,37.7844],[-83.8697,37.7823],[-83.8707,37.7824],[-83.8715,37.783],[-83.8729,37.7828],[-83.8733,37.7831],[-83.8749,37.782],[-83.8749,37.7942],[-83.8744,37.7945],[-83.8737,37.7959],[-83.8726,37.7969],[-83.8727,37.7986],[-83.8714,37.8003],[-83.8711,37.8005],[-83.8692,37.7991],[-83.8671,37.8004],[-83.8658,37.799],[-83.8657,37.797],[-83.8672,37.7958],[-83.8677,37.7948],[-83.8654,37.7939],[-83.8669,37.7922],[-83.8691,37.791],[-83.8692,37.7905],[-83.8671,37.7909],[-83.8657,37.7902],[-83.8638,37.7918],[-83.8627,37.7922],[-83.8621,37.792],[-83.8612,37.7903],[-83.8599,37.7922],[-83.858,37.7929],[-83.8578,37.7939],[-83.8553,37.7959],[-83.8541,37.7962],[-83.8526,37.7958],[-83.8512,37.7961],[-83.8504,37.7943],[-83.8524,37.7934],[-83.8533,37.7925],[-83.8539,37.7909],[-83.8559,37.7888],[-83.8566,37.7872],[-83.8554,37.7873],[-83.8534,37.788],[-83.8514,37.7897],[-83.8478,37.789],[-83.8492,37.788],[-83.8508,37.7855],[-83.8499,37.7853],[-83.8481,37.7856],[-83.8487,37.7838],[-83.8513,37.7827],[-83.8547,37.7827],[-83.8568,37.7822],[-83.8595,37.7825],[-83.8616,37.7822],[-83.863,37.7816],[-83.8634,37.7809],[-83.8604,37.7819],[-83.8586,37.7809],[-83.8541,37.7812],[-83.8538,37.7802],[-83.8534,37.7801],[-83.8498,37.7808],[-83.8484,37.7815],[-83.8462,37.7817],[-83.8451,37.7821],[-83.8436,37.7821],[-83.8428,37.7817],[-83.8459,37.7802],[-83.848,37.7781],[-83.8505,37.7768],[-83.8516,37.7756],[-83.8561,37.7752],[-83.8553,37.774],[-83.8561,37.773],[-83.8563,37.7731],[-83.8568,37.7724],[-83.8557,37.7719],[-83.8596,37.7711],[-83.8608,37.7723]]],[[[-83.8749,37.7987],[-83.8749,37.8002],[-83.8744,37.7994],[-83.8749,37.7987]]],[[[-83.8746,37.8022],[-83.8749,37.8018],[-83.8749,37.8024],[-83.8746,37.8022]]],[[[-83.8651,37.8719],[-83.8646,37.8721],[-83.8647,37.8716],[-83.8639,37.8716],[-83.8652,37.8702],[-83.8637,37.8706],[-83.8632,37.8701],[-83.8632,37.8696],[-83.8629,37.8697],[-83.8617,37.869],[-83.8613,37.8681],[-83.8618,37.8673],[-83.8609,37.8674],[-83.8606,37.8669],[-83.8609,37.8661],[-83.8634,37.8656],[-83.8664,37.8663],[-83.867,37.8668],[-83.8671,37.868],[-83.8681,37.8679],[-83.8677,37.8669],[-83.8681,37.8668],[-83.869,37.868],[-83.8689,37.8694],[-83.8685,37.87],[-83.8686,37.8706],[-83.8691,37.8708],[-83.8691,37.8698],[-83.8698,37.8688],[-83.8708,37.87],[-83.8697,37.8667],[-83.8717,37.8677],[-83.8717,37.8685],[-83.8724,37.8685],[-83.8725,37.8696],[-83.873,37.8686],[-83.8742,37.8694],[-83.8738,37.8686],[-83.8749,37.8688],[-83.8749,37.8735],[-83.8746,37.8737],[-83.8749,37.8737],[-83.8749,37.8751],[-83.8638,37.8751],[-83.865,37.8742],[-83.8674,37.8744],[-83.8659,37.8736],[-83.8651,37.8719]],[[-83.8634,37.8685],[-83.8634,37.8676],[-83.8639,37.8669],[-83.863,37.8664],[-83.8631,37.8658],[-83.8614,37.866],[-83.8613,37.8666],[-83.8609,37.8668],[-83.8612,37.8671],[-83.8626,37.8669],[-83.8617,37.8679],[-83.8622,37.869],[-83.8633,37.8692],[-83.8638,37.8705],[-83.8648,37.8701],[-83.8648,37.8698],[-83.8634,37.8685]]],[[[-83.8532,37.8703],[-83.8548,37.8686],[-83.8553,37.8663],[-83.8564,37.8668],[-83.8569,37.8683],[-83.8577,37.8675],[-83.8581,37.8677],[-83.8604,37.8724],[-83.861,37.8712],[-83.8614,37.8714],[-83.8625,37.8732],[-83.8621,37.8743],[-83.8613,37.8746],[-83.8624,37.8751],[-83.8539,37.8751],[-83.854,37.8744],[-83.8544,37.8745],[-83.8533,37.8728],[-83.8532,37.8703]]],[[[-83.852,37.8738],[-83.8525,37.8741],[-83.8524,37.8751],[-83.851,37.8751],[-83.852,37.8738]]],[[[-83.8418,37.7581],[-83.8419,37.7587],[-83.8413,37.7595],[-83.8414,37.76],[-83.8421,37.7603],[-83.8419,37.7605],[-83.8415,37.7609],[-83.8396,37.761],[-83.839,37.7617],[-83.8368,37.7617],[-83.8384,37.7606],[-83.8392,37.7592],[-83.8365,37.758],[-83.8398,37.7566],[-83.8398,37.7552],[-83.8388,37.753],[-83.8392,37.7514],[-83.8383,37.7507],[-83.8361,37.7512],[-83.8365,37.7501],[-83.8415,37.7501],[-83.8423,37.7521],[-83.8418,37.7534],[-83.8436,37.7569],[-83.8436,37.7573],[-83.8418,37.7581]]],[[[-83.7938,37.7666],[-83.7951,37.7659],[-83.7956,37.7653],[-83.7953,37.7633],[-83.7964,37.7638],[-83.7969,37.7637],[-83.7983,37.7627],[-83.7982,37.7615],[-83.7994,37.7618],[-83.8001,37.7614],[-83.8005,37.7608],[-83.802,37.761],[-83.8031,37.7599],[-83.8032,37.7589],[-83.8047,37.7589],[-83.8067,37.757],[-83.8085,37.7567],[-83.8063,37.7585],[-83.8039,37.761],[-83.8033,37.7623],[-83.8013,37.7628],[-83.8008,37.7638],[-83.7999,37.7638],[-83.7987,37.7649],[-83.7987,37.7654],[-83.7975,37.766],[-83.7971,37.7668],[-83.798,37.7675],[-83.7962,37.7682],[-83.795,37.7701],[-83.7952,37.7714],[-83.7936,37.7732],[-83.7922,37.7736],[-83.7922,37.7731],[-83.7933,37.7718],[-83.7932,37.7708],[-83.7932,37.7685],[-83.794,37.7681],[-83.7943,37.7676],[-83.7938,37.7666]]],[[[-83.8227,37.7775],[-83.8217,37.777],[-83.8213,37.7769],[-83.8229,37.7772],[-83.8227,37.7775]]],[[[-83.8175,37.7791],[-83.8176,37.7777],[-83.816,37.7767],[-83.8154,37.7771],[-83.8146,37.7787],[-83.814,37.7784],[-83.8136,37.7769],[-83.817,37.7764],[-83.819,37.7769],[-83.8199,37.7791],[-83.8185,37.7789],[-83.8175,37.7791]]],[[[-83.807,37.7806],[-83.8073,37.7791],[-83.8066,37.7784],[-83.8089,37.7782],[-83.8111,37.7806],[-83.8093,37.7811],[-83.8084,37.7802],[-83.807,37.7806]]],[[[-83.7964,37.7821],[-83.7982,37.7822],[-83.7975,37.7831],[-83.7979,37.7843],[-83.797,37.7855],[-83.7974,37.7865],[-83.7982,37.7864],[-83.7986,37.7857],[-83.8008,37.7845],[-83.8026,37.7849],[-83.8018,37.7869],[-83.8033,37.7886],[-83.798,37.7901],[-83.7984,37.7907],[-83.7996,37.7909],[-83.8015,37.7919],[-83.804,37.7917],[-83.8053,37.7906],[-83.8072,37.7913],[-83.8077,37.7908],[-83.808,37.7893],[-83.8089,37.789],[-83.8093,37.7884],[-83.8196,37.7858],[-83.819,37.7868],[-83.8183,37.7873],[-83.8177,37.7886],[-83.8147,37.7896],[-83.8145,37.7908],[-83.8133,37.7925],[-83.8137,37.7932],[-83.8131,37.7939],[-83.8151,37.794],[-83.816,37.7949],[-83.8163,37.7968],[-83.8176,37.7969],[-83.8189,37.7965],[-83.8195,37.7959],[-83.8203,37.794],[-83.8211,37.794],[-83.8214,37.7956],[-83.8223,37.7975],[-83.8193,37.8],[-83.8179,37.8009],[-83.8194,37.8017],[-83.8194,37.804],[-83.818,37.8046],[-83.8146,37.8044],[-83.8145,37.8052],[-83.8147,37.8056],[-83.8159,37.8057],[-83.8182,37.807],[-83.8177,37.8085],[-83.8163,37.8094],[-83.8169,37.8105],[-83.8177,37.8107],[-83.8186,37.8113],[-83.8196,37.8113],[-83.8205,37.8085],[-83.821,37.808],[-83.8216,37.8078],[-83.8233,37.809],[-83.8244,37.8082],[-83.8249,37.8083],[-83.8262,37.8093],[-83.8265,37.8103],[-83.8279,37.8115],[-83.8269,37.8129],[-83.8261,37.8132],[-83.8256,37.814],[-83.8263,37.8156],[-83.8248,37.8167],[-83.8265,37.8176],[-83.8262,37.8187],[-83.8254,37.8194],[-83.8256,37.8208],[-83.8236,37.8221],[-83.8225,37.8221],[-83.8215,37.823],[-83.8212,37.8237],[-83.8246,37.8236],[-83.8257,37.8212],[-83.8267,37.8207],[-83.8281,37.8208],[-83.8284,37.8205],[-83.8285,37.8201],[-83.828,37.8195],[-83.8282,37.8184],[-83.8302,37.817],[-83.8307,37.8162],[-83.8305,37.8155],[-83.8292,37.8148],[-83.8304,37.8125],[-83.8298,37.8101],[-83.8291,37.8096],[-83.829,37.8089],[-83.827,37.8084],[-83.828,37.806],[-83.829,37.8051],[-83.8277,37.8038],[-83.8268,37.8035],[-83.8272,37.803],[-83.8297,37.8029],[-83.8305,37.8023],[-83.831,37.8005],[-83.831,37.7988],[-83.8291,37.7974],[-83.8296,37.7964],[-83.8313,37.7967],[-83.8321,37.7962],[-83.8336,37.7934],[-83.8336,37.7916],[-83.8345,37.7917],[-83.8358,37.7931],[-83.8355,37.795],[-83.8361,37.7956],[-83.8351,37.7964],[-83.8351,37.7972],[-83.8345,37.7978],[-83.8348,37.7985],[-83.8347,37.8017],[-83.8354,37.8022],[-83.8361,37.8038],[-83.8366,37.8041],[-83.8359,37.8054],[-83.8348,37.8058],[-83.8349,37.8064],[-83.8343,37.8069],[-83.8344,37.8074],[-83.8359,37.8089],[-83.8368,37.8086],[-83.8375,37.8077],[-83.8386,37.8081],[-83.8396,37.808],[-83.8397,37.8093],[-83.8409,37.8107],[-83.8409,37.8113],[-83.8387,37.8116],[-83.8381,37.8122],[-83.8368,37.8125],[-83.8364,37.8132],[-83.8365,37.8139],[-83.8398,37.8151],[-83.8396,37.8157],[-83.8375,37.817],[-83.8389,37.8177],[-83.84,37.8185],[-83.8397,37.8194],[-83.8386,37.8206],[-83.8403,37.8208],[-83.8409,37.8212],[-83.8409,37.8228],[-83.8405,37.8232],[-83.8387,37.8236],[-83.8382,37.8241],[-83.8394,37.8245],[-83.8403,37.8257],[-83.8399,37.8265],[-83.84,37.8277],[-83.8392,37.828],[-83.8387,37.8287],[-83.8375,37.8288],[-83.8374,37.8296],[-83.8369,37.8302],[-83.8371,37.831],[-83.8368,37.832],[-83.8341,37.8324],[-83.8333,37.8329],[-83.8339,37.8343],[-83.8325,37.8357],[-83.8338,37.8371],[-83.8329,37.8385],[-83.8332,37.8389],[-83.835,37.8393],[-83.835,37.8385],[-83.8366,37.8366],[-83.8364,37.8358],[-83.8356,37.8351],[-83.8362,37.8342],[-83.8367,37.8341],[-83.8394,37.8343],[-83.8403,37.8346],[-83.8414,37.8355],[-83.8422,37.8378],[-83.8426,37.838],[-83.8453,37.8381],[-83.8448,37.8372],[-83.8428,37.8366],[-83.8425,37.8349],[-83.8407,37.8343],[-83.8385,37.8325],[-83.8395,37.8312],[-83.8409,37.8316],[-83.8424,37.831],[-83.8417,37.8299],[-83.843,37.8289],[-83.8432,37.8281],[-83.8419,37.8268],[-83.8423,37.825],[-83.8428,37.8247],[-83.843,37.824],[-83.8453,37.8239],[-83.8464,37.8251],[-83.8476,37.8256],[-83.8465,37.8243],[-83.8465,37.8238],[-83.8482,37.8231],[-83.8485,37.8227],[-83.8472,37.8223],[-83.847,37.8218],[-83.8461,37.8215],[-83.844,37.8219],[-83.8438,37.82],[-83.8462,37.8188],[-83.8444,37.8173],[-83.8454,37.8168],[-83.8467,37.817],[-83.8486,37.8163],[-83.8502,37.8162],[-83.852,37.8154],[-83.8512,37.8145],[-83.8497,37.8151],[-83.8481,37.8148],[-83.8476,37.8143],[-83.8477,37.8127],[-83.8453,37.8127],[-83.8444,37.8117],[-83.8456,37.8105],[-83.8455,37.8097],[-83.8458,37.8094],[-83.8492,37.8096],[-83.8474,37.8079],[-83.8448,37.8068],[-83.8454,37.8064],[-83.8457,37.8054],[-83.847,37.8064],[-83.8485,37.8065],[-83.8511,37.8073],[-83.8541,37.8079],[-83.8569,37.8089],[-83.8601,37.8091],[-83.8602,37.8075],[-83.8599,37.8071],[-83.8578,37.8068],[-83.8569,37.8063],[-83.8553,37.8062],[-83.8526,37.8056],[-83.8517,37.8051],[-83.8519,37.8033],[-83.8509,37.8021],[-83.8519,37.8017],[-83.8528,37.8016],[-83.855,37.8029],[-83.8556,37.8017],[-83.8578,37.8017],[-83.857,37.8007],[-83.8556,37.7997],[-83.8555,37.7991],[-83.8562,37.7987],[-83.8595,37.7987],[-83.8598,37.7983],[-83.8596,37.7975],[-83.8606,37.7969],[-83.8628,37.7987],[-83.8636,37.8005],[-83.8658,37.8009],[-83.8667,37.8015],[-83.8668,37.8027],[-83.8657,37.8039],[-83.8681,37.8043],[-83.8681,37.8062],[-83.8691,37.8066],[-83.8698,37.8085],[-83.8715,37.8082],[-83.8722,37.8072],[-83.8739,37.8057],[-83.8749,37.8056],[-83.8749,37.8148],[-83.8742,37.815],[-83.8741,37.8153],[-83.8749,37.8157],[-83.8749,37.8389],[-83.8743,37.8388],[-83.8747,37.8371],[-83.8744,37.8362],[-83.8739,37.836],[-83.8738,37.8355],[-83.8727,37.8347],[-83.874,37.8337],[-83.8737,37.8336],[-83.8728,37.8341],[-83.8723,37.8321],[-83.8727,37.8316],[-83.8739,37.8316],[-83.8747,37.831],[-83.8732,37.8312],[-83.8716,37.8302],[-83.8715,37.8298],[-83.8734,37.8286],[-83.8728,37.8286],[-83.8715,37.8293],[-83.8703,37.8294],[-83.8699,37.8292],[-83.8702,37.8268],[-83.8711,37.8256],[-83.8708,37.8254],[-83.87,37.8261],[-83.8697,37.8259],[-83.8694,37.8265],[-83.868,37.8252],[-83.8669,37.8233],[-83.867,37.8219],[-83.8664,37.8201],[-83.8663,37.8191],[-83.8668,37.8186],[-83.8689,37.8184],[-83.8709,37.8187],[-83.8717,37.8185],[-83.8681,37.8179],[-83.8672,37.818],[-83.8661,37.8176],[-83.8658,37.817],[-83.8662,37.816],[-83.8657,37.8155],[-83.8652,37.8137],[-83.8654,37.8131],[-83.867,37.8127],[-83.8672,37.8122],[-83.8691,37.8121],[-83.8705,37.8117],[-83.8705,37.8112],[-83.8692,37.8117],[-83.8668,37.8119],[-83.8649,37.8125],[-83.8642,37.8122],[-83.864,37.8117],[-83.8645,37.8096],[-83.8636,37.8064],[-83.862,37.8042],[-83.8623,37.8035],[-83.8617,37.8024],[-83.8617,37.8043],[-83.859,37.8042],[-83.8614,37.8046],[-83.8626,37.8056],[-83.8637,37.8082],[-83.8636,37.8121],[-83.8616,37.8128],[-83.8584,37.8117],[-83.8606,37.8127],[-83.8574,37.8133],[-83.8603,37.813],[-83.8608,37.8132],[-83.8627,37.8132],[-83.8634,37.8136],[-83.8632,37.8144],[-83.8636,37.8158],[-83.8629,37.8163],[-83.8643,37.8178],[-83.8641,37.8182],[-83.8645,37.8187],[-83.864,37.8209],[-83.8641,37.8235],[-83.8637,37.824],[-83.8619,37.8245],[-83.8609,37.8244],[-83.8599,37.8239],[-83.8589,37.824],[-83.8565,37.8234],[-83.8558,37.8225],[-83.8551,37.8222],[-83.8561,37.8236],[-83.857,37.8238],[-83.8575,37.8243],[-83.8587,37.8244],[-83.8593,37.8249],[-83.8606,37.8249],[-83.8608,37.8255],[-83.8639,37.8249],[-83.8647,37.8254],[-83.8643,37.8258],[-83.865,37.8258],[-83.8646,37.8264],[-83.8648,37.8281],[-83.8652,37.8291],[-83.8661,37.829],[-83.8673,37.8299],[-83.8672,37.8311],[-83.8675,37.8318],[-83.8671,37.8324],[-83.8679,37.8332],[-83.8684,37.8342],[-83.868,37.8355],[-83.8657,37.8364],[-83.8673,37.8363],[-83.8687,37.8355],[-83.8712,37.8357],[-83.8724,37.8375],[-83.8718,37.8379],[-83.871,37.8376],[-83.8705,37.8377],[-83.8718,37.8385],[-83.8718,37.8392],[-83.8712,37.8395],[-83.8722,37.8395],[-83.8727,37.8404],[-83.8706,37.8417],[-83.8728,37.841],[-83.8749,37.8411],[-83.8749,37.8475],[-83.8733,37.8478],[-83.8719,37.8476],[-83.8714,37.8479],[-83.87,37.8496],[-83.8706,37.8503],[-83.8682,37.8505],[-83.8671,37.8518],[-83.8661,37.8522],[-83.8661,37.8525],[-83.8668,37.8528],[-83.8655,37.8554],[-83.8649,37.8553],[-83.8644,37.8552],[-83.8644,37.8548],[-83.865,37.8542],[-83.8656,37.8541],[-83.8664,37.8528],[-83.8653,37.8528],[-83.8654,37.852],[-83.8663,37.8514],[-83.8667,37.8502],[-83.8682,37.8501],[-83.8672,37.8501],[-83.8667,37.8499],[-83.8666,37.8489],[-83.8648,37.8466],[-83.8633,37.8435],[-83.8628,37.8408],[-83.8636,37.84],[-83.8625,37.8403],[-83.8622,37.8401],[-83.8603,37.8381],[-83.8603,37.8368],[-83.8583,37.8337],[-83.8569,37.8329],[-83.8558,37.8318],[-83.8543,37.8317],[-83.8533,37.8312],[-83.8518,37.8299],[-83.8517,37.8287],[-83.8508,37.8284],[-83.8488,37.8286],[-83.8512,37.829],[-83.8519,37.8308],[-83.8518,37.8315],[-83.8476,37.8331],[-83.8497,37.8334],[-83.8494,37.835],[-83.8509,37.8333],[-83.8512,37.8325],[-83.8521,37.8319],[-83.8533,37.8323],[-83.8535,37.8332],[-83.8546,37.8333],[-83.8554,37.8338],[-83.8557,37.8348],[-83.8563,37.835],[-83.8567,37.8357],[-83.8568,37.8368],[-83.8578,37.8375],[-83.8582,37.8385],[-83.8579,37.839],[-83.8572,37.8388],[-83.8569,37.8394],[-83.8564,37.8394],[-83.856,37.8398],[-83.8561,37.841],[-83.8541,37.8414],[-83.8543,37.8417],[-83.856,37.8418],[-83.8554,37.8429],[-83.851,37.8442],[-83.8501,37.8439],[-83.8492,37.8431],[-83.8467,37.843],[-83.8455,37.8433],[-83.8446,37.8431],[-83.8437,37.8425],[-83.8437,37.8421],[-83.8427,37.8416],[-83.8403,37.8415],[-83.8396,37.8407],[-83.8391,37.8412],[-83.8388,37.8406],[-83.8386,37.8427],[-83.8373,37.8439],[-83.8358,37.8438],[-83.8338,37.8448],[-83.8331,37.8445],[-83.8329,37.845],[-83.8325,37.8447],[-83.8317,37.846],[-83.8303,37.8463],[-83.8297,37.8459],[-83.8302,37.8455],[-83.8304,37.8438],[-83.8293,37.8466],[-83.8285,37.8467],[-83.8277,37.8461],[-83.8271,37.845],[-83.8272,37.8434],[-83.8269,37.8431],[-83.8256,37.8431],[-83.8251,37.8428],[-83.8238,37.8402],[-83.8243,37.8398],[-83.8258,37.8397],[-83.8277,37.8391],[-83.8257,37.8394],[-83.8238,37.8389],[-83.8233,37.8382],[-83.8235,37.8372],[-83.8229,37.8352],[-83.8236,37.8326],[-83.8244,37.8318],[-83.8253,37.8316],[-83.8263,37.8296],[-83.8278,37.8288],[-83.8298,37.8291],[-83.8282,37.8284],[-83.8284,37.8269],[-83.8297,37.8251],[-83.8311,37.8247],[-83.8308,37.8238],[-83.8319,37.822],[-83.8326,37.8218],[-83.8324,37.8214],[-83.8328,37.8201],[-83.8341,37.8183],[-83.8336,37.8113],[-83.8333,37.8104],[-83.8332,37.8137],[-83.8329,37.8143],[-83.8334,37.8156],[-83.8333,37.8175],[-83.8308,37.8217],[-83.8308,37.823],[-83.8301,37.8235],[-83.8297,37.8245],[-83.829,37.8247],[-83.8283,37.8255],[-83.8283,37.826],[-83.8274,37.8269],[-83.8269,37.8282],[-83.8247,37.8299],[-83.8229,37.8329],[-83.8219,37.8336],[-83.8217,37.8345],[-83.821,37.8346],[-83.821,37.8371],[-83.8204,37.838],[-83.8211,37.8388],[-83.8209,37.8395],[-83.8201,37.8398],[-83.8172,37.8429],[-83.8158,37.8429],[-83.813,37.8413],[-83.8117,37.8393],[-83.8123,37.8369],[-83.8131,37.8356],[-83.8128,37.8348],[-83.8119,37.8339],[-83.8117,37.8326],[-83.8121,37.8322],[-83.8131,37.832],[-83.8131,37.8314],[-83.8135,37.8311],[-83.8133,37.8297],[-83.8147,37.8297],[-83.814,37.8291],[-83.8146,37.8279],[-83.8145,37.8272],[-83.8152,37.8268],[-83.8145,37.8259],[-83.8156,37.824],[-83.8156,37.823],[-83.8151,37.822],[-83.8159,37.8211],[-83.816,37.8194],[-83.8176,37.8184],[-83.8185,37.8187],[-83.8198,37.8184],[-83.8184,37.8179],[-83.8179,37.8174],[-83.8175,37.8154],[-83.8181,37.8149],[-83.8193,37.8148],[-83.8212,37.8139],[-83.8191,37.8145],[-83.8169,37.8147],[-83.8135,37.811],[-83.8134,37.8085],[-83.8113,37.8051],[-83.8119,37.8028],[-83.8128,37.8016],[-83.8133,37.7987],[-83.8118,37.7971],[-83.8111,37.7954],[-83.8097,37.7942],[-83.8093,37.7932],[-83.8113,37.7905],[-83.8106,37.7907],[-83.8094,37.7927],[-83.8085,37.7933],[-83.8063,37.7939],[-83.8052,37.7936],[-83.8014,37.7941],[-83.7982,37.7929],[-83.7965,37.7918],[-83.7956,37.7905],[-83.7959,37.7893],[-83.7977,37.7884],[-83.796,37.788],[-83.795,37.7865],[-83.795,37.7847],[-83.7956,37.7824],[-83.7941,37.7841],[-83.7928,37.7842],[-83.7938,37.7847],[-83.7939,37.7855],[-83.7946,37.7864],[-83.7946,37.7881],[-83.7952,37.7893],[-83.7943,37.791],[-83.7932,37.7914],[-83.7949,37.7914],[-83.7986,37.7941],[-83.7989,37.7946],[-83.7986,37.7955],[-83.7995,37.7949],[-83.8014,37.7951],[-83.8038,37.7946],[-83.807,37.7947],[-83.8082,37.7951],[-83.8108,37.7971],[-83.8119,37.7991],[-83.812,37.8001],[-83.8115,37.8017],[-83.8101,37.8032],[-83.8102,37.8039],[-83.8093,37.804],[-83.8105,37.8055],[-83.811,37.8075],[-83.8106,37.8083],[-83.8092,37.809],[-83.81,37.8092],[-83.8116,37.8088],[-83.8125,37.8091],[-83.8127,37.81],[-83.8123,37.8109],[-83.8126,37.8121],[-83.8135,37.814],[-83.8133,37.8144],[-83.8141,37.8149],[-83.8154,37.8171],[-83.8154,37.8193],[-83.8142,37.8218],[-83.8131,37.8224],[-83.8113,37.8226],[-83.8069,37.8212],[-83.8038,37.8212],[-83.8044,37.8217],[-83.8076,37.8219],[-83.8111,37.8231],[-83.8119,37.8228],[-83.8142,37.8231],[-83.8138,37.8237],[-83.8125,37.824],[-83.8128,37.8246],[-83.8126,37.8267],[-83.8112,37.8292],[-83.81,37.8303],[-83.8062,37.8315],[-83.7976,37.8285],[-83.794,37.8266],[-83.7935,37.8259],[-83.7938,37.8246],[-83.7935,37.8242],[-83.7932,37.8258],[-83.7935,37.8262],[-83.7934,37.8271],[-83.7877,37.8277],[-83.7871,37.8273],[-83.7863,37.8254],[-83.7844,37.8224],[-83.7819,37.8198],[-83.7819,37.8202],[-83.7846,37.8236],[-83.7865,37.827],[-83.7863,37.8279],[-83.7869,37.8288],[-83.7868,37.8294],[-83.7861,37.83],[-83.7859,37.8311],[-83.7848,37.8311],[-83.7852,37.8315],[-83.7849,37.8323],[-83.7833,37.8332],[-83.7851,37.8334],[-83.7853,37.8341],[-83.7846,37.8351],[-83.7825,37.8363],[-83.7812,37.8388],[-83.7798,37.8397],[-83.7786,37.8408],[-83.7785,37.8415],[-83.7773,37.8417],[-83.7768,37.8416],[-83.7752,37.8424],[-83.774,37.8424],[-83.7717,37.8415],[-83.7704,37.8401],[-83.7696,37.8368],[-83.77,37.8353],[-83.7698,37.8331],[-83.7703,37.8324],[-83.7696,37.8321],[-83.7684,37.8305],[-83.7684,37.8299],[-83.7689,37.8295],[-83.7677,37.8296],[-83.7671,37.829],[-83.7682,37.8236],[-83.769,37.8216],[-83.7689,37.8198],[-83.7706,37.8186],[-83.7687,37.8188],[-83.7669,37.8179],[-83.7664,37.8174],[-83.7656,37.8153],[-83.7658,37.8168],[-83.7667,37.8185],[-83.768,37.8202],[-83.768,37.8217],[-83.7669,37.8245],[-83.7665,37.8273],[-83.7652,37.8287],[-83.7634,37.8289],[-83.7616,37.8283],[-83.7596,37.8272],[-83.7573,37.8268],[-83.756,37.8254],[-83.7537,37.8243],[-83.7524,37.8223],[-83.7525,37.8196],[-83.754,37.8185],[-83.755,37.8183],[-83.7549,37.8175],[-83.7542,37.8182],[-83.7507,37.8195],[-83.7499,37.8194],[-83.7499,37.8171],[-83.751,37.8166],[-83.7519,37.8166],[-83.7535,37.8158],[-83.7554,37.8145],[-83.7554,37.8134],[-83.7567,37.813],[-83.7575,37.8134],[-83.7583,37.8133],[-83.7618,37.8114],[-83.7616,37.8128],[-83.7611,37.8138],[-83.76,37.8148],[-83.7597,37.8159],[-83.7582,37.8158],[-83.7577,37.8165],[-83.7576,37.8179],[-83.7594,37.8193],[-83.7594,37.8197],[-83.7582,37.8203],[-83.7554,37.8203],[-83.755,37.8218],[-83.7552,37.8222],[-83.7561,37.8227],[-83.7585,37.8232],[-83.7589,37.8246],[-83.7594,37.825],[-83.7619,37.8251],[-83.763,37.8257],[-83.7639,37.8267],[-83.7645,37.8265],[-83.7645,37.826],[-83.7636,37.8255],[-83.7625,37.8232],[-83.763,37.8227],[-83.765,37.8225],[-83.7655,37.8219],[-83.7649,37.8207],[-83.7652,37.8197],[-83.763,37.817],[-83.7652,37.8106],[-83.764,37.8077],[-83.765,37.8066],[-83.7651,37.8059],[-83.7644,37.8042],[-83.7639,37.8039],[-83.7643,37.803],[-83.7651,37.8023],[-83.7658,37.7996],[-83.7673,37.8],[-83.7687,37.7993],[-83.7689,37.7989],[-83.7703,37.7994],[-83.7693,37.8001],[-83.7681,37.8017],[-83.7677,37.8034],[-83.7671,37.8039],[-83.7677,37.8046],[-83.7697,37.8045],[-83.7702,37.8048],[-83.769,37.8063],[-83.7713,37.8083],[-83.7707,37.8085],[-83.7679,37.8082],[-83.7689,37.8112],[-83.768,37.814],[-83.768,37.8157],[-83.7689,37.8169],[-83.7694,37.817],[-83.7702,37.8165],[-83.7716,37.8147],[-83.773,37.8158],[-83.7741,37.8149],[-83.7752,37.8155],[-83.7761,37.8154],[-83.7768,37.8142],[-83.7791,37.8144],[-83.7791,37.815],[-83.7778,37.8171],[-83.7759,37.8181],[-83.7751,37.8192],[-83.7729,37.8193],[-83.7725,37.8197],[-83.7728,37.8204],[-83.7723,37.8211],[-83.7731,37.8223],[-83.7748,37.822],[-83.7755,37.8239],[-83.7783,37.8241],[-83.7784,37.8247],[-83.7775,37.8261],[-83.7778,37.827],[-83.7799,37.8255],[-83.7816,37.8254],[-83.7819,37.825],[-83.7817,37.8245],[-83.7805,37.8237],[-83.7805,37.8222],[-83.7785,37.8221],[-83.7775,37.8211],[-83.7792,37.819],[-83.7801,37.8164],[-83.7815,37.8144],[-83.782,37.813],[-83.7825,37.8125],[-83.7835,37.8126],[-83.7869,37.8098],[-83.7882,37.8095],[-83.7886,37.8096],[-83.7886,37.8101],[-83.7872,37.8129],[-83.7858,37.8138],[-83.785,37.8151],[-83.785,37.8158],[-83.7841,37.8163],[-83.7838,37.8168],[-83.7839,37.8185],[-83.7844,37.8193],[-83.7852,37.8193],[-83.7861,37.8187],[-83.7878,37.819],[-83.7891,37.8189],[-83.7896,37.8194],[-83.7898,37.8203],[-83.7884,37.8221],[-83.7903,37.8227],[-83.7924,37.8155],[-83.794,37.8173],[-83.7947,37.8194],[-83.7954,37.8204],[-83.7953,37.8214],[-83.7957,37.8223],[-83.7967,37.8226],[-83.7979,37.8238],[-83.7977,37.8251],[-83.7987,37.8252],[-83.7994,37.8262],[-83.8,37.8265],[-83.8017,37.8267],[-83.8038,37.8258],[-83.8072,37.8273],[-83.8076,37.8273],[-83.8083,37.8266],[-83.8068,37.8261],[-83.8059,37.8255],[-83.8065,37.8246],[-83.8061,37.824],[-83.8019,37.8253],[-83.801,37.8251],[-83.7999,37.8237],[-83.8,37.8231],[-83.8007,37.8225],[-83.8,37.822],[-83.7998,37.8208],[-83.7976,37.8204],[-83.7971,37.8181],[-83.7954,37.8166],[-83.7947,37.8149],[-83.795,37.8141],[-83.7955,37.8143],[-83.797,37.8152],[-83.7985,37.8156],[-83.8004,37.8173],[-83.8011,37.8173],[-83.8023,37.8165],[-83.8029,37.817],[-83.8035,37.8184],[-83.8044,37.8189],[-83.8055,37.8187],[-83.8065,37.8178],[-83.808,37.8177],[-83.8095,37.8188],[-83.81,37.8196],[-83.8106,37.8196],[-83.8121,37.8188],[-83.8121,37.8181],[-83.8115,37.8175],[-83.8105,37.8177],[-83.8094,37.8176],[-83.8065,37.8158],[-83.8067,37.8152],[-83.8084,37.8139],[-83.8056,37.8141],[-83.8046,37.8138],[-83.8046,37.8128],[-83.8056,37.8112],[-83.8052,37.8109],[-83.804,37.8107],[-83.8018,37.8118],[-83.799,37.8124],[-83.7984,37.8119],[-83.8005,37.8092],[-83.7985,37.808],[-83.7987,37.8076],[-83.8007,37.8067],[-83.8021,37.8064],[-83.8033,37.8069],[-83.8042,37.8068],[-83.8072,37.8072],[-83.8077,37.8069],[-83.8069,37.8057],[-83.8056,37.8054],[-83.8034,37.8036],[-83.8016,37.8033],[-83.7991,37.8033],[-83.799,37.803],[-83.7998,37.8015],[-83.8003,37.801],[-83.8033,37.8005],[-83.8082,37.8008],[-83.8089,37.8],[-83.809,37.7992],[-83.8087,37.7986],[-83.8084,37.7983],[-83.8072,37.7986],[-83.8065,37.7984],[-83.8058,37.797],[-83.8031,37.7969],[-83.802,37.7984],[-83.7998,37.7977],[-83.7993,37.7978],[-83.7979,37.7989],[-83.7972,37.7991],[-83.7956,37.8007],[-83.7947,37.8005],[-83.7919,37.8011],[-83.7908,37.7998],[-83.7911,37.7995],[-83.7923,37.7996],[-83.7941,37.7984],[-83.7947,37.7977],[-83.7945,37.7964],[-83.7963,37.7956],[-83.7965,37.7951],[-83.7945,37.794],[-83.7937,37.7929],[-83.7919,37.7936],[-83.7905,37.7931],[-83.7886,37.793],[-83.7882,37.7932],[-83.7876,37.7955],[-83.7869,37.7957],[-83.786,37.7935],[-83.783,37.7938],[-83.782,37.7933],[-83.7816,37.7924],[-83.7824,37.792],[-83.7831,37.7924],[-83.784,37.7925],[-83.786,37.7916],[-83.7863,37.7898],[-83.788,37.7905],[-83.7888,37.7905],[-83.7909,37.7903],[-83.7923,37.7896],[-83.7927,37.7885],[-83.7915,37.7881],[-83.7918,37.7855],[-83.7897,37.7851],[-83.7892,37.7855],[-83.7867,37.7857],[-83.787,37.7848],[-83.7884,37.7839],[-83.7889,37.7828],[-83.7946,37.7823],[-83.7967,37.7795],[-83.7977,37.7787],[-83.7963,37.7822],[-83.7962,37.7822],[-83.7964,37.7821]],[[-83.7668,37.8056],[-83.7658,37.8036],[-83.7662,37.8087],[-83.7668,37.8071],[-83.7677,37.8069],[-83.767,37.8062],[-83.7678,37.8058],[-83.7668,37.8056]],[[-83.7755,37.8296],[-83.7763,37.8289],[-83.7764,37.8283],[-83.7751,37.8288],[-83.7755,37.8296]],[[-83.7843,37.8324],[-83.7847,37.8318],[-83.7841,37.8312],[-83.7845,37.831],[-83.7842,37.8301],[-83.7846,37.8299],[-83.7854,37.8306],[-83.7858,37.8292],[-83.7862,37.8293],[-83.7865,37.8288],[-83.7864,37.8284],[-83.7852,37.8277],[-83.786,37.8274],[-83.7857,37.8265],[-83.7845,37.8279],[-83.783,37.8285],[-83.7822,37.8285],[-83.7792,37.8303],[-83.7779,37.8313],[-83.7762,37.8335],[-83.7763,37.8377],[-83.7746,37.8409],[-83.7755,37.8416],[-83.7761,37.8414],[-83.7762,37.8406],[-83.7772,37.8399],[-83.7784,37.8376],[-83.7805,37.8368],[-83.7822,37.8354],[-83.7847,37.8342],[-83.7845,37.8338],[-83.7824,37.8346],[-83.7816,37.8341],[-83.7803,37.8342],[-83.78,37.8334],[-83.7805,37.8331],[-83.7806,37.8323],[-83.7819,37.8331],[-83.7831,37.833],[-83.7822,37.8321],[-83.7824,37.8317],[-83.7843,37.8324]],[[-83.8532,37.8163],[-83.8535,37.817],[-83.8545,37.8176],[-83.8566,37.8174],[-83.8553,37.8165],[-83.854,37.8162],[-83.8532,37.8163]],[[-83.8578,37.8203],[-83.8584,37.8206],[-83.8591,37.8204],[-83.8589,37.8199],[-83.8581,37.8193],[-83.8578,37.8203]]],[[[-83.8092,37.785],[-83.8123,37.785],[-83.8126,37.7845],[-83.8135,37.7843],[-83.8142,37.783],[-83.8158,37.7826],[-83.8169,37.7828],[-83.8167,37.7843],[-83.8171,37.785],[-83.8196,37.7858],[-83.8175,37.7862],[-83.8093,37.7884],[-83.8101,37.7876],[-83.8096,37.7864],[-83.809,37.7857],[-83.8092,37.785]]],[[[-83.8066,37.8746],[-83.8073,37.8751],[-83.8022,37.8751],[-83.8027,37.8744],[-83.8028,37.8736],[-83.8016,37.8725],[-83.8015,37.8717],[-83.8018,37.8713],[-83.8027,37.8713],[-83.8033,37.871],[-83.8046,37.8687],[-83.8026,37.8681],[-83.8025,37.8674],[-83.8018,37.8666],[-83.8034,37.8651],[-83.8046,37.8653],[-83.8051,37.8647],[-83.8046,37.8637],[-83.8042,37.8611],[-83.8049,37.8605],[-83.8049,37.86],[-83.8038,37.8584],[-83.8046,37.8573],[-83.8047,37.8563],[-83.8042,37.856],[-83.8018,37.8571],[-83.8017,37.8579],[-83.8013,37.8584],[-83.8019,37.8597],[-83.8006,37.8615],[-83.8018,37.8628],[-83.8005,37.8641],[-83.7985,37.8631],[-83.7965,37.8637],[-83.7955,37.8622],[-83.7958,37.8614],[-83.7966,37.8613],[-83.7971,37.8605],[-83.7969,37.8597],[-83.7959,37.859],[-83.7961,37.8571],[-83.7955,37.8562],[-83.7972,37.8542],[-83.7981,37.8538],[-83.7993,37.8526],[-83.7977,37.8513],[-83.7974,37.8501],[-83.8004,37.8489],[-83.802,37.849],[-83.8033,37.8496],[-83.8043,37.8486],[-83.8038,37.8477],[-83.7992,37.8472],[-83.7985,37.8465],[-83.7988,37.8455],[-83.7986,37.8452],[-83.7975,37.845],[-83.7967,37.8455],[-83.7953,37.8454],[-83.7938,37.8444],[-83.7924,37.8442],[-83.7921,37.8445],[-83.7921,37.8455],[-83.7925,37.846],[-83.7945,37.8471],[-83.7954,37.8473],[-83.7964,37.8472],[-83.7969,37.8475],[-83.7968,37.8484],[-83.7962,37.849],[-83.7939,37.8495],[-83.7916,37.8495],[-83.7911,37.8498],[-83.7913,37.8506],[-83.7918,37.8509],[-83.7947,37.8513],[-83.7952,37.8517],[-83.7946,37.8524],[-83.7949,37.8539],[-83.7908,37.8544],[-83.7908,37.8548],[-83.7915,37.8553],[-83.7918,37.8566],[-83.7923,37.8571],[-83.7925,37.8582],[-83.7922,37.8586],[-83.7896,37.8587],[-83.7889,37.8573],[-83.7875,37.8564],[-83.7859,37.8545],[-83.7863,37.8525],[-83.7857,37.8516],[-83.7851,37.852],[-83.7849,37.8543],[-83.7858,37.8554],[-83.7867,37.8577],[-83.786,37.858],[-83.7839,37.8581],[-83.7839,37.8588],[-83.7847,37.8599],[-83.7842,37.8602],[-83.7819,37.86],[-83.7801,37.8587],[-83.7791,37.8595],[-83.7795,37.8601],[-83.7809,37.8605],[-83.7831,37.8628],[-83.7865,37.8624],[-83.7885,37.8613],[-83.7895,37.8622],[-83.7913,37.8625],[-83.7888,37.8647],[-83.7887,37.8651],[-83.7926,37.8656],[-83.7926,37.8662],[-83.7918,37.8671],[-83.7901,37.8676],[-83.7896,37.8684],[-83.7904,37.8689],[-83.7945,37.8676],[-83.7947,37.8681],[-83.7942,37.8694],[-83.7945,37.8699],[-83.796,37.8698],[-83.7973,37.869],[-83.7981,37.8689],[-83.7987,37.8716],[-83.7979,37.8727],[-83.7997,37.8734],[-83.7997,37.8738],[-83.7986,37.8749],[-83.7981,37.8751],[-83.7877,37.8751],[-83.7881,37.8725],[-83.7893,37.8721],[-83.7943,37.8749],[-83.7938,37.874],[-83.7927,37.8733],[-83.7928,37.8726],[-83.7922,37.8727],[-83.7912,37.8722],[-83.791,37.8714],[-83.7889,37.8717],[-83.7876,37.8713],[-83.7834,37.8656],[-83.7824,37.8653],[-83.777,37.8622],[-83.7762,37.8615],[-83.7759,37.8593],[-83.7763,37.8579],[-83.7776,37.8567],[-83.7813,37.8552],[-83.7823,37.8501],[-83.7844,37.8488],[-83.7871,37.8482],[-83.7875,37.8485],[-83.7877,37.8497],[-83.7878,37.8484],[-83.7885,37.8477],[-83.7889,37.8462],[-83.7886,37.8436],[-83.7901,37.8423],[-83.7928,37.8408],[-83.7957,37.8408],[-83.7978,37.8414],[-83.7999,37.8421],[-83.8014,37.8435],[-83.8027,37.8438],[-83.8039,37.8445],[-83.8059,37.8448],[-83.8049,37.8449],[-83.8063,37.8456],[-83.8062,37.8449],[-83.8073,37.8459],[-83.8085,37.8492],[-83.8096,37.8504],[-83.8097,37.8509],[-83.8092,37.8512],[-83.8062,37.852],[-83.8049,37.8521],[-83.8028,37.8531],[-83.8021,37.8537],[-83.8029,37.8532],[-83.8042,37.8531],[-83.8048,37.8525],[-83.8073,37.8519],[-83.8088,37.8517],[-83.8092,37.8522],[-83.809,37.8535],[-83.8095,37.8543],[-83.8098,37.857],[-83.8089,37.8584],[-83.8078,37.8617],[-83.8077,37.8636],[-83.808,37.865],[-83.8074,37.8665],[-83.8076,37.8671],[-83.8066,37.8699],[-83.8073,37.8691],[-83.8072,37.8686],[-83.8083,37.8676],[-83.8096,37.8689],[-83.8082,37.8659],[-83.8087,37.8648],[-83.8081,37.8633],[-83.8083,37.8618],[-83.8099,37.8576],[-83.8114,37.8569],[-83.8133,37.8568],[-83.8151,37.8576],[-83.8171,37.8579],[-83.8176,37.8586],[-83.8191,37.8587],[-83.82,37.8593],[-83.8217,37.8596],[-83.8218,37.8604],[-83.8244,37.8587],[-83.8265,37.8585],[-83.8273,37.8594],[-83.8305,37.8602],[-83.8331,37.8615],[-83.8334,37.862],[-83.834,37.8632],[-83.8337,37.8639],[-83.834,37.8643],[-83.8333,37.8647],[-83.833,37.8668],[-83.8322,37.8674],[-83.8316,37.8686],[-83.8294,37.8701],[-83.8292,37.8714],[-83.8282,37.8725],[-83.8272,37.8731],[-83.8269,37.8738],[-83.8256,37.874],[-83.8262,37.8743],[-83.8259,37.8751],[-83.8157,37.8751],[-83.8168,37.8745],[-83.818,37.8744],[-83.8183,37.873],[-83.8176,37.8723],[-83.818,37.8716],[-83.8195,37.8711],[-83.8198,37.8706],[-83.822,37.8708],[-83.8227,37.8705],[-83.8226,37.8701],[-83.8216,37.8696],[-83.821,37.8686],[-83.8216,37.8678],[-83.8227,37.8678],[-83.8231,37.8676],[-83.8231,37.866],[-83.8238,37.8652],[-83.8282,37.8649],[-83.8283,37.8644],[-83.8269,37.8639],[-83.827,37.863],[-83.826,37.8627],[-83.8233,37.8634],[-83.8217,37.8648],[-83.8197,37.8656],[-83.8193,37.8652],[-83.8186,37.8634],[-83.8179,37.863],[-83.8175,37.8635],[-83.8177,37.8655],[-83.8174,37.8663],[-83.8176,37.8676],[-83.8163,37.8679],[-83.8146,37.8674],[-83.8146,37.8658],[-83.8131,37.8642],[-83.8122,37.865],[-83.8129,37.8664],[-83.8121,37.8672],[-83.8126,37.8684],[-83.814,37.8698],[-83.8137,37.871],[-83.8142,37.8723],[-83.8137,37.8728],[-83.8128,37.8731],[-83.8117,37.8751],[-83.8101,37.8751],[-83.8095,37.8736],[-83.8095,37.8719],[-83.8088,37.8713],[-83.8066,37.8736],[-83.8066,37.8746]],[[-83.812,37.8624],[-83.8129,37.8631],[-83.813,37.8618],[-83.8127,37.8613],[-83.8123,37.8612],[-83.8119,37.8617],[-83.812,37.8624]]],[[[-83.8328,37.872],[-83.8324,37.8714],[-83.8326,37.8709],[-83.8335,37.87],[-83.8347,37.8697],[-83.8355,37.8682],[-83.8361,37.8679],[-83.8368,37.866],[-83.8383,37.8645],[-83.84,37.8614],[-83.8405,37.8613],[-83.8409,37.8616],[-83.8414,37.8628],[-83.8424,37.8626],[-83.842,37.8618],[-83.8433,37.8622],[-83.8443,37.8614],[-83.8473,37.863],[-83.8495,37.8636],[-83.8491,37.8646],[-83.8502,37.864],[-83.8515,37.8644],[-83.8539,37.8638],[-83.8554,37.8639],[-83.8554,37.8647],[-83.8539,37.8664],[-83.8536,37.8686],[-83.8524,37.8694],[-83.8517,37.8728],[-83.8509,37.8738],[-83.851,37.8744],[-83.8505,37.8751],[-83.8333,37.8751],[-83.833,37.8738],[-83.8317,37.8732],[-83.832,37.8722],[-83.8328,37.872]]],[[[-83.8312,37.8745],[-83.8318,37.8751],[-83.8267,37.8751],[-83.8299,37.8731],[-83.8304,37.8733],[-83.8302,37.8744],[-83.8312,37.8745]]],[[[-83.7638,37.7704],[-83.7639,37.7696],[-83.7632,37.7677],[-83.7617,37.7678],[-83.762,37.767],[-83.7617,37.7657],[-83.7601,37.7646],[-83.759,37.7643],[-83.7583,37.7631],[-83.7571,37.7625],[-83.7559,37.7625],[-83.7552,37.7628],[-83.7551,37.7634],[-83.7547,37.7634],[-83.7533,37.7632],[-83.7508,37.762],[-83.7499,37.7619],[-83.7499,37.7614],[-83.7508,37.7613],[-83.7499,37.7605],[-83.7499,37.7553],[-83.7511,37.753],[-83.7506,37.752],[-83.7513,37.7509],[-83.7523,37.7525],[-83.7538,37.7528],[-83.755,37.7526],[-83.7554,37.7517],[-83.7566,37.7512],[-83.7561,37.7521],[-83.7563,37.7534],[-83.7525,37.7538],[-83.752,37.7543],[-83.7512,37.7564],[-83.7514,37.757],[-83.7512,37.7601],[-83.7536,37.7613],[-83.7555,37.7602],[-83.7567,37.7602],[-83.7587,37.7609],[-83.7593,37.7608],[-83.76,37.7603],[-83.7618,37.7598],[-83.7628,37.7602],[-83.761,37.7612],[-83.7602,37.7621],[-83.7602,37.7625],[-83.7614,37.7636],[-83.7641,37.7645],[-83.7639,37.7659],[-83.7659,37.7672],[-83.7652,37.7679],[-83.7654,37.769],[-83.7675,37.7701],[-83.7673,37.7713],[-83.7681,37.7729],[-83.7693,37.7738],[-83.7694,37.7749],[-83.7681,37.7736],[-83.7671,37.7733],[-83.7671,37.7726],[-83.7656,37.7705],[-83.765,37.7702],[-83.7638,37.7704]],[[-83.7587,37.7625],[-83.7595,37.7636],[-83.7599,37.7638],[-83.7588,37.7619],[-83.756,37.7612],[-83.7545,37.762],[-83.7526,37.7622],[-83.7543,37.7626],[-83.7556,37.7618],[-83.757,37.7617],[-83.7587,37.7625]],[[-83.7647,37.7691],[-83.7644,37.7672],[-83.763,37.7664],[-83.7626,37.765],[-83.761,37.7646],[-83.7624,37.7654],[-83.7627,37.7664],[-83.7636,37.7675],[-83.7644,37.7696],[-83.7656,37.7699],[-83.7664,37.7705],[-83.7663,37.7701],[-83.7647,37.7691]]],[[[-83.7832,37.7748],[-83.7828,37.7746],[-83.7831,37.7733],[-83.7826,37.7723],[-83.7794,37.7706],[-83.7796,37.7698],[-83.7799,37.7696],[-83.7814,37.7707],[-83.7828,37.7706],[-83.7837,37.7696],[-83.7837,37.7677],[-83.7851,37.7667],[-83.7853,37.7669],[-83.7851,37.7681],[-83.7854,37.7686],[-83.7849,37.7699],[-83.7852,37.7706],[-83.7841,37.7712],[-83.7838,37.7717],[-83.7845,37.7735],[-83.7832,37.7748]]],[[[-83.7515,37.7733],[-83.752,37.7734],[-83.7499,37.7749],[-83.7499,37.7736],[-83.7515,37.7733]]],[[[-83.78,37.7855],[-83.7797,37.7831],[-83.778,37.7835],[-83.778,37.7826],[-83.7817,37.7824],[-83.7813,37.7831],[-83.7813,37.7847],[-83.7809,37.7856],[-83.78,37.7855]]],[[[-83.7508,37.7913],[-83.7499,37.7923],[-83.7499,37.7886],[-83.7517,37.7896],[-83.7527,37.7886],[-83.7521,37.7864],[-83.7527,37.7861],[-83.7538,37.7868],[-83.7546,37.7868],[-83.755,37.7863],[-83.7561,37.7861],[-83.757,37.7847],[-83.7589,37.7847],[-83.76,37.7833],[-83.7612,37.7838],[-83.7628,37.783],[-83.7633,37.784],[-83.7644,37.7844],[-83.7651,37.7842],[-83.7654,37.7836],[-83.766,37.7833],[-83.767,37.7837],[-83.7684,37.7835],[-83.7693,37.7846],[-83.7671,37.7853],[-83.7673,37.7859],[-83.7694,37.7869],[-83.7705,37.7869],[-83.7705,37.7876],[-83.7712,37.7882],[-83.7732,37.7885],[-83.7725,37.7891],[-83.7714,37.7891],[-83.7708,37.7894],[-83.769,37.788],[-83.7669,37.7876],[-83.7658,37.7871],[-83.7655,37.787],[-83.7644,37.7878],[-83.7637,37.7864],[-83.7628,37.7865],[-83.7621,37.7874],[-83.7611,37.7866],[-83.7606,37.7867],[-83.7597,37.7871],[-83.7598,37.7882],[-83.7586,37.7885],[-83.7579,37.7894],[-83.7564,37.7895],[-83.756,37.7898],[-83.756,37.7903],[-83.7572,37.7908],[-83.7584,37.7905],[-83.759,37.7909],[-83.7599,37.7909],[-83.7607,37.7913],[-83.7615,37.7913],[-83.7622,37.7907],[-83.7634,37.7906],[-83.7638,37.7902],[-83.7649,37.7904],[-83.7663,37.7901],[-83.7665,37.7904],[-83.7658,37.7917],[-83.7649,37.7918],[-83.7645,37.7926],[-83.7631,37.7925],[-83.7627,37.7932],[-83.7618,37.7933],[-83.7619,37.7942],[-83.7628,37.7952],[-83.7628,37.7956],[-83.7624,37.7958],[-83.7603,37.7947],[-83.7594,37.7933],[-83.7578,37.7936],[-83.7569,37.7933],[-83.755,37.7932],[-83.7542,37.7936],[-83.7516,37.7939],[-83.75,37.7954],[-83.7511,37.7956],[-83.7541,37.7955],[-83.7549,37.7957],[-83.7537,37.7969],[-83.754,37.7979],[-83.7548,37.7985],[-83.7544,37.7989],[-83.7534,37.7989],[-83.7517,37.7977],[-83.7499,37.7982],[-83.7499,37.7929],[-83.753,37.7912],[-83.756,37.7919],[-83.7536,37.7908],[-83.754,37.7896],[-83.753,37.7908],[-83.7508,37.7913]]],[[[-83.7547,37.8022],[-83.7578,37.8016],[-83.7582,37.8019],[-83.7568,37.8036],[-83.7551,37.8039],[-83.7546,37.805],[-83.7536,37.8044],[-83.7526,37.8044],[-83.752,37.8052],[-83.7518,37.8063],[-83.7512,37.8066],[-83.7499,37.8067],[-83.7499,37.8035],[-83.7503,37.8028],[-83.7501,37.8018],[-83.7512,37.801],[-83.7526,37.8021],[-83.7538,37.8016],[-83.7547,37.8022]]],[[[-83.7524,37.8122],[-83.7518,37.8127],[-83.7516,37.8136],[-83.7499,37.8145],[-83.7499,37.8109],[-83.7527,37.8094],[-83.7533,37.8088],[-83.755,37.8096],[-83.7527,37.8115],[-83.7524,37.8122]]],[[[-83.7499,37.8222],[-83.7502,37.8233],[-83.7499,37.8245],[-83.7499,37.8222]]],[[[-83.7555,37.8386],[-83.7549,37.8372],[-83.7534,37.8377],[-83.7523,37.8388],[-83.7512,37.8386],[-83.7519,37.8355],[-83.7508,37.8342],[-83.7499,37.8338],[-83.7499,37.8295],[-83.751,37.8299],[-83.7514,37.8304],[-83.7526,37.8304],[-83.7531,37.8308],[-83.7533,37.8299],[-83.7541,37.8299],[-83.7553,37.8309],[-83.7555,37.8315],[-83.7551,37.8325],[-83.756,37.8321],[-83.7569,37.8334],[-83.7582,37.8343],[-83.7594,37.8347],[-83.762,37.8349],[-83.7632,37.8356],[-83.7633,37.8365],[-83.7625,37.8383],[-83.7615,37.8386],[-83.76,37.8383],[-83.7599,37.839],[-83.7588,37.8406],[-83.757,37.8416],[-83.7516,37.8417],[-83.7499,37.8421],[-83.7499,37.8402],[-83.7524,37.8393],[-83.7551,37.8396],[-83.7568,37.8393],[-83.7573,37.839],[-83.7569,37.8386],[-83.7555,37.8386]],[[-83.7543,37.8316],[-83.7539,37.8315],[-83.7533,37.8321],[-83.7539,37.8325],[-83.7544,37.8321],[-83.7543,37.8316]]],[[[-83.7538,37.8709],[-83.7537,37.8694],[-83.7548,37.8691],[-83.7571,37.87],[-83.7604,37.8699],[-83.7608,37.869],[-83.7584,37.8678],[-83.7585,37.8664],[-83.7589,37.8662],[-83.7608,37.8662],[-83.7614,37.8646],[-83.7619,37.8642],[-83.7631,37.8641],[-83.7645,37.8626],[-83.765,37.863],[-83.766,37.861],[-83.7683,37.8616],[-83.7698,37.8597],[-83.77,37.8566],[-83.7709,37.8556],[-83.7707,37.8545],[-83.7713,37.8539],[-83.7716,37.8526],[-83.7722,37.8522],[-83.7738,37.852],[-83.775,37.8513],[-83.7755,37.8497],[-83.7746,37.8494],[-83.7734,37.8511],[-83.7717,37.8515],[-83.7703,37.8517],[-83.7687,37.8511],[-83.767,37.8512],[-83.7654,37.8503],[-83.7627,37.8504],[-83.7601,37.8499],[-83.756,37.8466],[-83.7557,37.8472],[-83.7569,37.8492],[-83.7568,37.8494],[-83.7552,37.8498],[-83.7555,37.8512],[-83.7557,37.8515],[-83.7578,37.8515],[-83.7609,37.8512],[-83.7639,37.8519],[-83.7642,37.8524],[-83.7634,37.8532],[-83.7607,37.8545],[-83.7615,37.8547],[-83.7624,37.8542],[-83.7636,37.8542],[-83.7645,37.856],[-83.7661,37.8561],[-83.7657,37.8574],[-83.7665,37.8583],[-83.765,37.8591],[-83.763,37.8593],[-83.7622,37.859],[-83.7617,37.8581],[-83.7595,37.8577],[-83.7588,37.8587],[-83.7574,37.8589],[-83.7566,37.8586],[-83.7562,37.857],[-83.7558,37.8569],[-83.7544,37.8581],[-83.7554,37.8602],[-83.7558,37.8619],[-83.7591,37.8606],[-83.7602,37.8612],[-83.7603,37.8628],[-83.7584,37.8639],[-83.7585,37.8651],[-83.7573,37.867],[-83.7568,37.8672],[-83.7556,37.8669],[-83.7547,37.867],[-83.7528,37.8661],[-83.7516,37.8661],[-83.7514,37.8663],[-83.7516,37.8677],[-83.7499,37.8685],[-83.7499,37.864],[-83.7519,37.8637],[-83.7529,37.8632],[-83.7545,37.8644],[-83.7556,37.8639],[-83.7537,37.8636],[-83.7526,37.8616],[-83.7511,37.8564],[-83.7512,37.8549],[-83.7524,37.854],[-83.7535,37.854],[-83.7577,37.8554],[-83.7558,37.854],[-83.7536,37.8533],[-83.7523,37.8515],[-83.752,37.8488],[-83.7533,37.845],[-83.755,37.8441],[-83.7573,37.8439],[-83.7611,37.8453],[-83.7631,37.8464],[-83.7691,37.8479],[-83.7704,37.8474],[-83.7721,37.8475],[-83.7762,37.8472],[-83.7787,37.8481],[-83.7792,37.8487],[-83.7792,37.8506],[-83.7768,37.8534],[-83.7746,37.8549],[-83.7736,37.8567],[-83.7736,37.8577],[-83.7728,37.8588],[-83.7724,37.8612],[-83.7706,37.8631],[-83.7686,37.8638],[-83.7663,37.8663],[-83.7641,37.8675],[-83.7641,37.8689],[-83.7628,37.8713],[-83.7598,37.8729],[-83.7596,37.8739],[-83.7587,37.8751],[-83.7549,37.8751],[-83.7557,37.8745],[-83.7543,37.8741],[-83.7538,37.8735],[-83.7544,37.8719],[-83.7538,37.8709]]],[[[-83.7779,37.8708],[-83.7773,37.8698],[-83.7769,37.8695],[-83.7742,37.8706],[-83.7736,37.8702],[-83.7737,37.8694],[-83.7723,37.868],[-83.7713,37.8681],[-83.77,37.8696],[-83.7703,37.87],[-83.7721,37.87],[-83.7723,37.8707],[-83.7716,37.8722],[-83.7726,37.8726],[-83.7734,37.8725],[-83.7743,37.8733],[-83.7738,37.8738],[-83.7715,37.8746],[-83.7721,37.8751],[-83.7642,37.8751],[-83.7638,37.8748],[-83.7632,37.8751],[-83.7603,37.8751],[-83.7609,37.8738],[-83.7619,37.8731],[-83.7647,37.8722],[-83.768,37.8749],[-83.7658,37.8723],[-83.7657,37.8712],[-83.7663,37.8706],[-83.7676,37.8708],[-83.7671,37.87],[-83.7671,37.8689],[-83.7689,37.8665],[-83.7701,37.8656],[-83.7722,37.8651],[-83.7725,37.8643],[-83.7731,37.8637],[-83.7742,37.8636],[-83.7757,37.8638],[-83.7768,37.8637],[-83.7787,37.8644],[-83.7812,37.8662],[-83.7824,37.8663],[-83.7827,37.867],[-83.7822,37.8675],[-83.7827,37.8685],[-83.7839,37.8689],[-83.7855,37.8705],[-83.7867,37.8732],[-83.7867,37.8751],[-83.778,37.8751],[-83.7787,37.8741],[-83.7772,37.8737],[-83.7769,37.8729],[-83.776,37.8721],[-83.7762,37.8717],[-83.7779,37.8708]],[[-83.7762,37.8666],[-83.7761,37.8675],[-83.7767,37.8683],[-83.7774,37.8676],[-83.7762,37.8666]]],[[[-83.7509,37.8728],[-83.7522,37.8748],[-83.7499,37.8751],[-83.7499,37.8701],[-83.7506,37.87],[-83.7515,37.8708],[-83.7517,37.8722],[-83.7509,37.8728]]]]}},{"type":"Feature","properties":{"quadrangle_name":"Wildie"},"geometry":{"type":"MultiPolygon","coordinates":[[[[-84.3602,37.3751],[-84.358,37.3763],[-84.356,37.3766],[-84.3548,37.3762],[-84.3538,37.3751],[-84.3543,37.3751],[-84.3553,37.3762],[-84.3561,37.3764],[-84.358,37.3761],[-84.3602,37.3751]]],[[[-84.3223,37.3803],[-84.3287,37.3809],[-84.3293,37.3802],[-84.3297,37.3761],[-84.3304,37.3771],[-84.3304,37.3783],[-84.331,37.3796],[-84.3315,37.3797],[-84.3321,37.3792],[-84.3336,37.3794],[-84.3355,37.3789],[-84.3347,37.3799],[-84.3332,37.3805],[-84.3327,37.3811],[-84.3307,37.3821],[-84.3306,37.383],[-84.3312,37.3844],[-84.3353,37.3828],[-84.338,37.3826],[-84.3438,37.3852],[-84.3457,37.3846],[-84.3466,37.3837],[-84.3464,37.3832],[-84.3458,37.383],[-84.3462,37.3824],[-84.3451,37.3806],[-84.3458,37.3806],[-84.3462,37.381],[-84.3471,37.3806],[-84.3468,37.3814],[-84.3471,37.382],[-84.3477,37.3828],[-84.3488,37.3828],[-84.3515,37.3807],[-84.3537,37.3775],[-84.3537,37.3771],[-84.3532,37.3769],[-84.3536,37.3767],[-84.3534,37.3761],[-84.3526,37.3751],[-84.3533,37.3751],[-84.3546,37.3769],[-84.3542,37.3772],[-84.3541,37.379],[-84.353,37.3798],[-84.3523,37.3808],[-84.3494,37.383],[-84.3476,37.3836],[-84.3465,37.3816],[-84.3473,37.3843],[-84.3454,37.3856],[-84.3428,37.3856],[-84.3395,37.3842],[-84.3382,37.3833],[-84.336,37.3832],[-84.334,37.3835],[-84.3306,37.385],[-84.3299,37.3842],[-84.3305,37.3815],[-84.3339,37.3797],[-84.3329,37.3798],[-84.3316,37.3805],[-84.3306,37.3806],[-84.3301,37.3779],[-84.3298,37.3795],[-84.33,37.3812],[-84.3295,37.382],[-84.3287,37.3822],[-84.3227,37.3809],[-84.3188,37.3803],[-84.3177,37.3793],[-84.3176,37.3783],[-84.3188,37.3751],[-84.3199,37.3751],[-84.3194,37.3766],[-84.3183,37.3784],[-84.3184,37.3791],[-84.319,37.3796],[-84.3223,37.3803]]],[[[-84.2855,37.3781],[-84.2862,37.3786],[-84.289,37.3794],[-84.2897,37.3793],[-84.2897,37.3799],[-84.2929,37.383],[-84.2948,37.3832],[-84.2955,37.3825],[-84.296,37.3832],[-84.2967,37.3835],[-84.2983,37.3833],[-84.3006,37.3824],[-84.3025,37.3824],[-84.3034,37.3817],[-84.3041,37.3816],[-84.3044,37.3823],[-84.3059,37.3821],[-84.3062,37.3815],[-84.3054,37.38],[-84.3054,37.3792],[-84.3071,37.3802],[-84.3075,37.3816],[-84.3079,37.3815],[-84.3093,37.3797],[-84.309,37.3822],[-84.3114,37.3826],[-84.3125,37.3825],[-84.3142,37.3813],[-84.3154,37.3789],[-84.3151,37.3781],[-84.3164,37.3771],[-84.3174,37.3751],[-84.3178,37.3751],[-84.3166,37.3777],[-84.3158,37.3783],[-84.3162,37.3788],[-84.3162,37.3793],[-84.3148,37.3816],[-84.3129,37.3831],[-84.3121,37.3834],[-84.3102,37.3832],[-84.3085,37.3825],[-84.3084,37.3817],[-84.3078,37.3821],[-84.3073,37.382],[-84.3069,37.3816],[-84.3069,37.3806],[-84.3062,37.3803],[-84.3067,37.3818],[-84.3063,37.3824],[-84.3055,37.3826],[-84.3036,37.3831],[-84.3029,37.3828],[-84.3019,37.3833],[-84.3005,37.3831],[-84.2979,37.3837],[-84.2961,37.3836],[-84.2956,37.3833],[-84.2932,37.3833],[-84.2906,37.3814],[-84.2892,37.3796],[-84.2859,37.3787],[-84.285,37.3777],[-84.2838,37.377],[-84.2809,37.3768],[-84.2812,37.3765],[-84.2832,37.3767],[-84.2853,37.3775],[-84.2855,37.3781]]],[[[-84.352,37.392],[-84.3484,37.3903],[-84.3474,37.3895],[-84.3472,37.3889],[-84.3475,37.3871],[-84.3489,37.3867],[-84.3492,37.3853],[-84.3507,37.3845],[-84.3515,37.3835],[-84.3521,37.3835],[-84.3538,37.3844],[-84.3524,37.3833],[-84.3522,37.3825],[-84.3535,37.3812],[-84.3538,37.3805],[-84.3545,37.3802],[-84.3559,37.3787],[-84.3575,37.378],[-84.3583,37.3786],[-84.3583,37.3778],[-84.3607,37.3765],[-84.3619,37.3773],[-84.3611,37.3761],[-84.361,37.3751],[-84.3622,37.3751],[-84.3618,37.376],[-84.362,37.3767],[-84.3642,37.3778],[-84.3627,37.3777],[-84.3622,37.3783],[-84.362,37.3776],[-84.3608,37.377],[-84.359,37.3779],[-84.359,37.3796],[-84.3602,37.3815],[-84.3592,37.3809],[-84.3577,37.3785],[-84.3571,37.3785],[-84.3556,37.3795],[-84.3552,37.3805],[-84.3546,37.3809],[-84.3548,37.3822],[-84.3539,37.382],[-84.3532,37.3826],[-84.3532,37.3832],[-84.3548,37.3846],[-84.3558,37.3846],[-84.3562,37.3851],[-84.3577,37.3856],[-84.3551,37.3854],[-84.3548,37.386],[-84.3552,37.3872],[-84.355,37.3873],[-84.3537,37.3854],[-84.3521,37.3841],[-84.3496,37.3863],[-84.3509,37.387],[-84.3512,37.3883],[-84.3508,37.3884],[-84.3501,37.3875],[-84.3497,37.3875],[-84.3493,37.3881],[-84.3484,37.3875],[-84.3481,37.3879],[-84.348,37.3895],[-84.3486,37.3902],[-84.3503,37.3906],[-84.3519,37.3915],[-84.3541,37.3935],[-84.3551,37.3937],[-84.3583,37.3926],[-84.3628,37.3897],[-84.365,37.3876],[-84.3653,37.3876],[-84.3625,37.3903],[-84.3555,37.3944],[-84.3534,37.3939],[-84.353,37.393],[-84.352,37.392]]],[[[-84.3687,37.4398],[-84.3674,37.4395],[-84.3667,37.439],[-84.3665,37.4384],[-84.3657,37.4386],[-84.3646,37.4378],[-84.363,37.4382],[-84.3606,37.4377],[-84.3582,37.4364],[-84.3576,37.4354],[-84.3579,37.4345],[-84.3569,37.4339],[-84.3567,37.4334],[-84.356,37.4304],[-84.3566,37.4297],[-84.3576,37.4302],[-84.3579,37.4296],[-84.3586,37.4297],[-84.3583,37.4294],[-84.3584,37.4291],[-84.3573,37.4292],[-84.3547,37.4284],[-84.3541,37.4275],[-84.353,37.4265],[-84.3506,37.4255],[-84.3495,37.4236],[-84.35,37.4227],[-84.3495,37.4226],[-84.3492,37.4221],[-84.3494,37.4168],[-84.3483,37.4141],[-84.3494,37.411],[-84.3495,37.4091],[-84.3501,37.4084],[-84.3504,37.4059],[-84.3516,37.4046],[-84.353,37.4054],[-84.3535,37.4063],[-84.3544,37.4088],[-84.3544,37.4106],[-84.355,37.4099],[-84.3554,37.4099],[-84.3586,37.4124],[-84.3594,37.4135],[-84.3591,37.4125],[-84.3562,37.4102],[-84.3547,37.4083],[-84.3546,37.4066],[-84.3558,37.4065],[-84.3566,37.4068],[-84.3572,37.4062],[-84.3561,37.4064],[-84.3544,37.406],[-84.3521,37.4035],[-84.3523,37.4017],[-84.3532,37.4005],[-84.3531,37.3988],[-84.354,37.3979],[-84.3549,37.3979],[-84.3578,37.4001],[-84.3584,37.4],[-84.3601,37.401],[-84.361,37.4031],[-84.3605,37.401],[-84.3618,37.4006],[-84.3597,37.4006],[-84.3573,37.3987],[-84.357,37.398],[-84.3552,37.3971],[-84.3545,37.3955],[-84.3572,37.3944],[-84.3581,37.3949],[-84.3578,37.3942],[-84.3588,37.3934],[-84.3607,37.394],[-84.3597,37.3933],[-84.3597,37.3924],[-84.3618,37.391],[-84.3631,37.3908],[-84.3636,37.3901],[-84.3653,37.3907],[-84.3639,37.3897],[-84.3652,37.3881],[-84.3644,37.3897],[-84.3661,37.3911],[-84.3637,37.3905],[-84.3638,37.3913],[-84.3625,37.3913],[-84.3605,37.3928],[-84.3605,37.3932],[-84.3622,37.3951],[-84.3601,37.3945],[-84.3595,37.394],[-84.3586,37.3946],[-84.3592,37.3957],[-84.3583,37.3958],[-84.3575,37.3953],[-84.3568,37.3961],[-84.3559,37.3958],[-84.3555,37.3961],[-84.3556,37.3966],[-84.3564,37.3973],[-84.3579,37.3975],[-84.3578,37.3984],[-84.36,37.4],[-84.3613,37.4],[-84.3622,37.4003],[-84.3636,37.4002],[-84.3629,37.4009],[-84.3627,37.4023],[-84.3619,37.4011],[-84.3611,37.4012],[-84.3615,37.4035],[-84.3612,37.4039],[-84.3601,37.4028],[-84.36,37.4019],[-84.3596,37.4013],[-84.3584,37.4005],[-84.3579,37.4009],[-84.3574,37.4008],[-84.357,37.3999],[-84.3562,37.4007],[-84.3555,37.3992],[-84.3545,37.3986],[-84.3537,37.3997],[-84.3542,37.4004],[-84.3539,37.4013],[-84.3544,37.402],[-84.3536,37.4021],[-84.353,37.4028],[-84.3532,37.4035],[-84.3551,37.4056],[-84.3567,37.4058],[-84.3574,37.405],[-84.3581,37.4054],[-84.3581,37.4067],[-84.3574,37.4072],[-84.3572,37.4079],[-84.3562,37.4074],[-84.3553,37.4078],[-84.3573,37.4106],[-84.3583,37.4114],[-84.3593,37.4115],[-84.3593,37.4122],[-84.3607,37.4124],[-84.3598,37.4127],[-84.36,37.414],[-84.3607,37.4152],[-84.3616,37.4161],[-84.3607,37.4159],[-84.3595,37.4146],[-84.3587,37.4131],[-84.3578,37.4123],[-84.3567,37.4118],[-84.3559,37.412],[-84.3554,37.4107],[-84.3551,37.4108],[-84.3546,37.4119],[-84.3563,37.4141],[-84.3552,37.4133],[-84.3538,37.413],[-84.3534,37.4118],[-84.3538,37.4094],[-84.3529,37.4069],[-84.3519,37.406],[-84.3512,37.4058],[-84.3504,37.4073],[-84.3504,37.4078],[-84.3509,37.4082],[-84.3503,37.4092],[-84.3506,37.41],[-84.3504,37.4122],[-84.3496,37.4137],[-84.35,37.414],[-84.3509,37.4139],[-84.3514,37.4143],[-84.3511,37.4147],[-84.3502,37.4149],[-84.3498,37.4153],[-84.3515,37.4176],[-84.3531,37.4178],[-84.3523,37.4184],[-84.353,37.4192],[-84.3522,37.4194],[-84.3514,37.4191],[-84.3506,37.4193],[-84.3506,37.4187],[-84.3497,37.418],[-84.3498,37.4212],[-84.3504,37.4221],[-84.3515,37.4223],[-84.3505,37.4234],[-84.3508,37.4242],[-84.3527,37.4258],[-84.3539,37.4259],[-84.3541,37.4269],[-84.3556,37.4282],[-84.3563,37.4285],[-84.3572,37.4281],[-84.3571,37.4287],[-84.3575,37.4289],[-84.3593,37.4287],[-84.3591,37.4294],[-84.3595,37.43],[-84.3583,37.43],[-84.3588,37.4307],[-84.3585,37.4317],[-84.3574,37.4306],[-84.3567,37.4305],[-84.3574,37.4334],[-84.358,37.434],[-84.3589,37.4342],[-84.3588,37.4347],[-84.3581,37.4351],[-84.3586,37.4361],[-84.3596,37.4364],[-84.3605,37.4372],[-84.3624,37.4377],[-84.3639,37.4377],[-84.3647,37.4371],[-84.3651,37.4372],[-84.3653,37.4378],[-84.3658,37.4382],[-84.3667,37.4377],[-84.3672,37.4381],[-84.3669,37.4387],[-84.3683,37.4395],[-84.3698,37.4395],[-84.3705,37.439],[-84.3713,37.4396],[-84.3729,37.4394],[-84.3721,37.44],[-84.3701,37.4399],[-84.3692,37.4405],[-84.3709,37.4419],[-84.3737,37.4419],[-84.3749,37.4422],[-84.3749,37.4424],[-84.371,37.4424],[-84.3688,37.4405],[-84.3687,37.4401],[-84.3695,37.4397],[-84.3687,37.4398]]],[[[-84.315,37.4381],[-84.3163,37.4372],[-84.3159,37.4362],[-84.315,37.4356],[-84.3164,37.4359],[-84.3166,37.4373],[-84.3173,37.4377],[-84.3156,37.4378],[-84.3148,37.4393],[-84.315,37.4381]]],[[[-84.3268,37.4974],[-84.3282,37.4976],[-84.3277,37.4971],[-84.3268,37.4971],[-84.3257,37.4964],[-84.3237,37.4962],[-84.3231,37.4955],[-84.3237,37.495],[-84.3252,37.4952],[-84.3263,37.4945],[-84.3275,37.4944],[-84.3266,37.4937],[-84.3249,37.4942],[-84.3243,37.4935],[-84.3251,37.492],[-84.3256,37.4896],[-84.3262,37.4894],[-84.3269,37.4899],[-84.3278,37.4893],[-84.3289,37.4892],[-84.328,37.489],[-84.3272,37.4883],[-84.3274,37.4873],[-84.3283,37.487],[-84.3305,37.4889],[-84.3326,37.4893],[-84.331,37.4888],[-84.3299,37.4874],[-84.3291,37.487],[-84.3291,37.4856],[-84.3298,37.4844],[-84.3305,37.4839],[-84.3319,37.4839],[-84.3328,37.4846],[-84.3332,37.4852],[-84.335,37.4862],[-84.3314,37.4831],[-84.3331,37.4809],[-84.3358,37.481],[-84.3397,37.4845],[-84.3399,37.486],[-84.3394,37.4874],[-84.3398,37.4878],[-84.3398,37.4885],[-84.3387,37.4901],[-84.3384,37.4915],[-84.3384,37.4927],[-84.3388,37.491],[-84.3398,37.4902],[-84.341,37.4914],[-84.3406,37.4932],[-84.3414,37.4919],[-84.3427,37.4926],[-84.3412,37.4912],[-84.3403,37.4894],[-84.3406,37.487],[-84.3415,37.4858],[-84.3424,37.4869],[-84.3431,37.4888],[-84.3438,37.4891],[-84.3444,37.4903],[-84.3452,37.4903],[-84.346,37.4913],[-84.3455,37.49],[-84.3444,37.4894],[-84.3434,37.4881],[-84.3434,37.4874],[-84.3445,37.4874],[-84.343,37.4867],[-84.3426,37.4859],[-84.3429,37.4855],[-84.3454,37.485],[-84.3419,37.4849],[-84.341,37.4841],[-84.3408,37.4834],[-84.3427,37.4825],[-84.3484,37.4832],[-84.3478,37.4827],[-84.3485,37.4824],[-84.3465,37.4828],[-84.344,37.4822],[-84.3439,37.4817],[-84.3429,37.482],[-84.3411,37.4819],[-84.3406,37.4814],[-84.3408,37.4809],[-84.3422,37.4798],[-84.3408,37.4804],[-84.3401,37.4815],[-84.3395,37.4817],[-84.3386,37.4811],[-84.338,37.48],[-84.3369,37.4796],[-84.3365,37.4792],[-84.3357,37.478],[-84.3357,37.4773],[-84.3374,37.4773],[-84.3392,37.4777],[-84.3394,37.4775],[-84.3358,37.4766],[-84.3352,37.4757],[-84.3355,37.4751],[-84.3383,37.4751],[-84.3416,37.4757],[-84.3421,37.4754],[-84.3402,37.4753],[-84.3355,37.4741],[-84.3353,37.471],[-84.3358,37.4705],[-84.3372,37.471],[-84.3358,37.4698],[-84.3355,37.4686],[-84.336,37.4678],[-84.3375,37.468],[-84.3366,37.4674],[-84.3366,37.4668],[-84.3376,37.4664],[-84.3389,37.4667],[-84.3411,37.4686],[-84.3421,37.4689],[-84.3441,37.4702],[-84.3441,37.4711],[-84.3447,37.4704],[-84.3459,37.471],[-84.3462,37.4716],[-84.3464,37.4713],[-84.3475,37.4713],[-84.343,37.4694],[-84.3412,37.4677],[-84.3408,37.4668],[-84.3436,37.4665],[-84.3455,37.4658],[-84.3468,37.4668],[-84.3463,37.4657],[-84.3493,37.4644],[-84.3491,37.464],[-84.3497,37.4634],[-84.3512,37.4627],[-84.3521,37.4627],[-84.3529,37.4634],[-84.3531,37.4631],[-84.3537,37.4629],[-84.3559,37.4633],[-84.3555,37.463],[-84.3535,37.4627],[-84.352,37.462],[-84.3524,37.4605],[-84.3537,37.4596],[-84.3566,37.4586],[-84.3582,37.4588],[-84.3585,37.4592],[-84.3589,37.4588],[-84.3607,37.4585],[-84.3581,37.4585],[-84.3575,37.4578],[-84.357,37.4584],[-84.354,37.4593],[-84.3529,37.4583],[-84.3532,37.4591],[-84.352,37.4604],[-84.3514,37.4616],[-84.3497,37.4626],[-84.3486,37.464],[-84.3477,37.4645],[-84.3465,37.4647],[-84.3436,37.4657],[-84.3423,37.4657],[-84.3415,37.465],[-84.3419,37.4656],[-84.3415,37.4658],[-84.3393,37.4657],[-84.3387,37.4651],[-84.3388,37.4645],[-84.3397,37.4635],[-84.3402,37.4615],[-84.3418,37.4607],[-84.3428,37.4607],[-84.3423,37.4605],[-84.3414,37.4606],[-84.3413,37.4602],[-84.343,37.4595],[-84.3442,37.4583],[-84.3454,37.4578],[-84.3467,37.4578],[-84.3476,37.4573],[-84.3486,37.4579],[-84.3482,37.4571],[-84.3493,37.4559],[-84.3476,37.4569],[-84.3466,37.4569],[-84.3461,37.4573],[-84.345,37.4576],[-84.3444,37.4574],[-84.344,37.4561],[-84.3441,37.4574],[-84.3428,37.4593],[-84.3421,37.4595],[-84.3415,37.4593],[-84.3407,37.4601],[-84.3395,37.4601],[-84.3398,37.4606],[-84.3396,37.4608],[-84.3381,37.461],[-84.3389,37.4611],[-84.3395,37.4616],[-84.3396,37.4627],[-84.3392,37.4635],[-84.3373,37.4647],[-84.3356,37.4642],[-84.3345,37.463],[-84.3328,37.462],[-84.3326,37.4616],[-84.3329,37.4615],[-84.3317,37.4609],[-84.3317,37.4605],[-84.3324,37.4599],[-84.3316,37.4601],[-84.3278,37.4574],[-84.3259,37.4554],[-84.3253,37.4535],[-84.3244,37.4529],[-84.3249,37.4518],[-84.3254,37.4523],[-84.3279,37.4531],[-84.3283,37.454],[-84.3302,37.4548],[-84.3312,37.4562],[-84.3316,37.4556],[-84.3322,37.4556],[-84.3339,37.4559],[-84.3359,37.457],[-84.3347,37.4562],[-84.3344,37.4556],[-84.3334,37.4554],[-84.3336,37.4543],[-84.3329,37.4551],[-84.3308,37.455],[-84.3304,37.4546],[-84.3308,37.4544],[-84.3286,37.4536],[-84.3289,37.4526],[-84.3282,37.453],[-84.3278,37.4529],[-84.3251,37.4509],[-84.3246,37.4497],[-84.3258,37.4488],[-84.3263,37.4488],[-84.3256,37.4466],[-84.3245,37.4457],[-84.3226,37.445],[-84.3233,37.4442],[-84.3242,37.4441],[-84.3238,37.4437],[-84.3243,37.4431],[-84.3249,37.4433],[-84.3271,37.442],[-84.3299,37.4423],[-84.3275,37.4417],[-84.3249,37.4426],[-84.3235,37.4425],[-84.3232,37.4403],[-84.3247,37.4392],[-84.3233,37.4394],[-84.3223,37.438],[-84.3193,37.4371],[-84.3182,37.4358],[-84.3186,37.4344],[-84.3213,37.433],[-84.3179,37.4332],[-84.3166,37.4326],[-84.3136,37.43],[-84.3133,37.4289],[-84.3119,37.427],[-84.3122,37.4252],[-84.3106,37.4254],[-84.3087,37.4247],[-84.3053,37.4209],[-84.3051,37.4192],[-84.3053,37.4176],[-84.3069,37.4152],[-84.3081,37.415],[-84.3085,37.4158],[-84.3094,37.4156],[-84.3112,37.4172],[-84.3123,37.4176],[-84.3134,37.4173],[-84.3119,37.4169],[-84.3109,37.4161],[-84.3106,37.4153],[-84.3117,37.4149],[-84.3099,37.4151],[-84.3089,37.4143],[-84.307,37.4098],[-84.307,37.4087],[-84.3083,37.4092],[-84.3087,37.4097],[-84.3089,37.409],[-84.3109,37.4083],[-84.3085,37.4088],[-84.3068,37.4077],[-84.3054,37.406],[-84.2984,37.4039],[-84.2976,37.4033],[-84.2972,37.4024],[-84.2979,37.4021],[-84.2986,37.4025],[-84.299,37.4012],[-84.2998,37.4006],[-84.299,37.4003],[-84.2996,37.3996],[-84.3006,37.4001],[-84.301,37.4014],[-84.3011,37.4005],[-84.3023,37.4012],[-84.3019,37.402],[-84.3038,37.4019],[-84.306,37.4031],[-84.3058,37.4027],[-84.3064,37.4025],[-84.3044,37.4016],[-84.3026,37.4001],[-84.3025,37.3968],[-84.3011,37.3959],[-84.2992,37.3956],[-84.2978,37.3956],[-84.2945,37.3965],[-84.2943,37.3962],[-84.296,37.3942],[-84.2957,37.3937],[-84.2946,37.3932],[-84.2916,37.3932],[-84.2902,37.3929],[-84.295,37.3903],[-84.2928,37.3854],[-84.2979,37.3847],[-84.3004,37.3857],[-84.3013,37.3864],[-84.3019,37.3856],[-84.3046,37.3853],[-84.3063,37.3855],[-84.3073,37.3859],[-84.3076,37.3865],[-84.3081,37.3866],[-84.3086,37.3871],[-84.3098,37.3901],[-84.3098,37.392],[-84.3102,37.3928],[-84.3103,37.391],[-84.3095,37.3875],[-84.3088,37.3868],[-84.3084,37.3853],[-84.3105,37.3846],[-84.3138,37.3844],[-84.3156,37.387],[-84.3156,37.3865],[-84.3148,37.3853],[-84.3148,37.3844],[-84.3142,37.3837],[-84.3167,37.3824],[-84.3188,37.3829],[-84.3199,37.385],[-84.3198,37.3829],[-84.3221,37.383],[-84.324,37.3835],[-84.3273,37.386],[-84.3279,37.387],[-84.3276,37.3873],[-84.3282,37.3883],[-84.3291,37.3889],[-84.3292,37.3894],[-84.328,37.3923],[-84.3281,37.3944],[-84.3276,37.3956],[-84.3283,37.3947],[-84.3284,37.3921],[-84.3294,37.3902],[-84.3299,37.3898],[-84.3307,37.3899],[-84.3321,37.3908],[-84.3335,37.3924],[-84.3339,37.3946],[-84.3344,37.3952],[-84.3345,37.3978],[-84.3328,37.4003],[-84.3305,37.402],[-84.3315,37.4017],[-84.3332,37.4001],[-84.3337,37.4018],[-84.3336,37.3999],[-84.3342,37.3996],[-84.3345,37.3988],[-84.3356,37.4002],[-84.3349,37.399],[-84.3352,37.3977],[-84.3355,37.3975],[-84.3349,37.3969],[-84.3347,37.394],[-84.3352,37.3935],[-84.3347,37.3934],[-84.334,37.3916],[-84.3315,37.39],[-84.3301,37.3878],[-84.3303,37.3868],[-84.331,37.3865],[-84.3308,37.3854],[-84.3311,37.3851],[-84.3316,37.3851],[-84.3327,37.3864],[-84.3325,37.3853],[-84.3351,37.3847],[-84.3369,37.3849],[-84.3383,37.3857],[-84.3382,37.3851],[-84.3368,37.3844],[-84.3369,37.3841],[-84.3373,37.3841],[-84.3431,37.3877],[-84.3438,37.3885],[-84.3439,37.3906],[-84.3421,37.392],[-84.3438,37.3913],[-84.3444,37.3919],[-84.3448,37.3914],[-84.3455,37.3912],[-84.3462,37.3918],[-84.3468,37.3917],[-84.3482,37.3926],[-84.3484,37.3937],[-84.3478,37.3945],[-84.3474,37.3959],[-84.3489,37.3939],[-84.35,37.3938],[-84.3506,37.3942],[-84.3511,37.3981],[-84.3495,37.4011],[-84.345,37.4021],[-84.3437,37.4017],[-84.3449,37.4023],[-84.345,37.4028],[-84.3443,37.4038],[-84.3462,37.4023],[-84.3483,37.4018],[-84.3492,37.4022],[-84.3483,37.4065],[-84.3482,37.4117],[-84.3476,37.4136],[-84.3462,37.4147],[-84.3423,37.4141],[-84.3449,37.415],[-84.3451,37.4166],[-84.3432,37.4202],[-84.3425,37.4208],[-84.3407,37.4224],[-84.3381,37.4229],[-84.3401,37.4231],[-84.3409,37.4226],[-84.3432,37.4206],[-84.3439,37.4203],[-84.3439,37.4193],[-84.3466,37.4152],[-84.3472,37.415],[-84.3478,37.4154],[-84.3483,37.4165],[-84.3479,37.4185],[-84.3486,37.4192],[-84.3487,37.4205],[-84.3482,37.4213],[-84.347,37.4222],[-84.3478,37.4223],[-84.3471,37.4228],[-84.3486,37.4224],[-84.3488,37.4236],[-84.3486,37.4251],[-84.347,37.4278],[-84.3482,37.4263],[-84.3496,37.4255],[-84.3506,37.4266],[-84.3512,37.4262],[-84.352,37.4268],[-84.3524,37.4284],[-84.3529,37.4277],[-84.3536,37.4283],[-84.3538,37.428],[-84.354,37.4281],[-84.3546,37.4315],[-84.3555,37.4329],[-84.3546,37.4338],[-84.3556,37.4336],[-84.3563,37.4352],[-84.356,37.4356],[-84.3548,37.4359],[-84.3554,37.4362],[-84.3548,37.4367],[-84.3559,37.4363],[-84.3565,37.4364],[-84.3571,37.4374],[-84.357,37.438],[-84.3573,37.4381],[-84.357,37.4395],[-84.3561,37.4402],[-84.3567,37.4405],[-84.3562,37.4414],[-84.3566,37.443],[-84.3563,37.4435],[-84.3571,37.4433],[-84.358,37.4448],[-84.3577,37.4436],[-84.3591,37.4436],[-84.3573,37.4432],[-84.3567,37.4421],[-84.3583,37.4379],[-84.3601,37.4386],[-84.3604,37.4398],[-84.3608,37.4391],[-84.3618,37.4385],[-84.3627,37.4387],[-84.3632,37.4408],[-84.3639,37.4393],[-84.3663,37.4395],[-84.3666,37.44],[-84.3664,37.4412],[-84.3672,37.4403],[-84.369,37.4419],[-84.3695,37.4428],[-84.3692,37.4434],[-84.3678,37.4442],[-84.3663,37.4458],[-84.3684,37.4441],[-84.3695,37.4437],[-84.3704,37.4439],[-84.3711,37.446],[-84.3702,37.4476],[-84.3686,37.4494],[-84.3711,37.4468],[-84.3719,37.4469],[-84.3733,37.4489],[-84.3725,37.4513],[-84.3729,37.449],[-84.3722,37.4477],[-84.3714,37.4472],[-84.3708,37.448],[-84.3709,37.4486],[-84.3695,37.449],[-84.3693,37.4501],[-84.3686,37.4498],[-84.3675,37.4517],[-84.3674,37.4511],[-84.3681,37.45],[-84.3682,37.449],[-84.3687,37.449],[-84.3698,37.4477],[-84.3701,37.4467],[-84.3697,37.4465],[-84.37,37.446],[-84.3695,37.4457],[-84.3694,37.4446],[-84.3688,37.4443],[-84.3679,37.4447],[-84.3673,37.4457],[-84.3663,37.446],[-84.3657,37.4468],[-84.3655,37.4479],[-84.365,37.4465],[-84.3688,37.4431],[-84.3685,37.4424],[-84.3673,37.4415],[-84.3665,37.4417],[-84.3656,37.4426],[-84.366,37.4408],[-84.3644,37.4401],[-84.3633,37.4418],[-84.363,37.4413],[-84.3625,37.4412],[-84.3625,37.4397],[-84.3612,37.44],[-84.3609,37.4416],[-84.3603,37.441],[-84.3602,37.4405],[-84.3596,37.4405],[-84.3596,37.4396],[-84.3592,37.4395],[-84.3587,37.4398],[-84.358,37.4408],[-84.3581,37.4414],[-84.3573,37.4421],[-84.3573,37.4427],[-84.3578,37.4431],[-84.3601,37.4436],[-84.3606,37.4445],[-84.3597,37.4439],[-84.3583,37.444],[-84.3584,37.4455],[-84.3577,37.4469],[-84.3578,37.4476],[-84.3572,37.4473],[-84.3577,37.4452],[-84.3575,37.4444],[-84.3571,37.4439],[-84.3563,37.444],[-84.3557,37.4447],[-84.3551,37.4441],[-84.3558,37.4434],[-84.3558,37.4428],[-84.3554,37.4418],[-84.3548,37.4414],[-84.356,37.4409],[-84.3557,37.4405],[-84.3547,37.4401],[-84.3561,37.4396],[-84.3567,37.4388],[-84.356,37.4386],[-84.3562,37.4378],[-84.3558,37.4371],[-84.3539,37.4372],[-84.3546,37.4365],[-84.354,37.4361],[-84.3545,37.4357],[-84.3547,37.4348],[-84.3544,37.4344],[-84.3533,37.4341],[-84.3544,37.4333],[-84.3539,37.432],[-84.353,37.432],[-84.3534,37.4313],[-84.3534,37.4299],[-84.3529,37.4294],[-84.3521,37.4297],[-84.3518,37.4294],[-84.3517,37.4285],[-84.3508,37.4276],[-84.3499,37.4283],[-84.3488,37.4268],[-84.3484,37.4269],[-84.3484,37.4276],[-84.3476,37.4278],[-84.3479,37.4288],[-84.3473,37.4287],[-84.3463,37.4291],[-84.3463,37.4278],[-84.3473,37.4257],[-84.3474,37.4246],[-84.347,37.4235],[-84.3465,37.4234],[-84.346,37.4238],[-84.3459,37.4235],[-84.3454,37.4235],[-84.3458,37.4224],[-84.3467,37.4217],[-84.3468,37.4206],[-84.3467,37.4196],[-84.3458,37.4181],[-84.3454,37.4182],[-84.3445,37.4198],[-84.3446,37.4206],[-84.3439,37.4211],[-84.3433,37.4209],[-84.3406,37.423],[-84.3401,37.424],[-84.3396,37.4233],[-84.3387,37.4233],[-84.3366,37.4245],[-84.3373,37.4235],[-84.3361,37.423],[-84.3392,37.4225],[-84.3408,37.4216],[-84.3415,37.4203],[-84.3433,37.4184],[-84.3443,37.4161],[-84.3441,37.4155],[-84.3431,37.4157],[-84.3428,37.4149],[-84.3414,37.4142],[-84.3405,37.414],[-84.34,37.4144],[-84.3398,37.4136],[-84.3386,37.4136],[-84.3392,37.4132],[-84.3392,37.4124],[-84.3397,37.413],[-84.3405,37.4132],[-84.345,37.414],[-84.3458,37.4136],[-84.3469,37.4117],[-84.3466,37.41],[-84.3463,37.41],[-84.3457,37.4104],[-84.3454,37.4095],[-84.3446,37.4092],[-84.3459,37.4087],[-84.3465,37.4078],[-84.3474,37.403],[-84.3469,37.4027],[-84.3458,37.403],[-84.3452,37.4041],[-84.3443,37.4044],[-84.3443,37.4051],[-84.3424,37.406],[-84.344,37.4037],[-84.3442,37.4028],[-84.3416,37.4016],[-84.3438,37.4011],[-84.3446,37.4015],[-84.3456,37.4016],[-84.3488,37.4002],[-84.3494,37.3991],[-84.3497,37.3958],[-84.3493,37.395],[-84.3487,37.3948],[-84.3481,37.396],[-84.3458,37.3978],[-84.347,37.3951],[-84.3472,37.3941],[-84.3469,37.3936],[-84.3466,37.3934],[-84.346,37.3936],[-84.3448,37.3926],[-84.3445,37.3929],[-84.3437,37.3926],[-84.3434,37.392],[-84.3416,37.3922],[-84.3418,37.3916],[-84.343,37.3906],[-84.3428,37.3899],[-84.3375,37.386],[-84.3354,37.3859],[-84.3353,37.3862],[-84.3359,37.3868],[-84.3347,37.3868],[-84.3341,37.3871],[-84.3344,37.3878],[-84.3359,37.3883],[-84.3356,37.3886],[-84.3359,37.3891],[-84.3339,37.3885],[-84.3333,37.389],[-84.3334,37.3901],[-84.3345,37.3915],[-84.3347,37.3925],[-84.3372,37.3941],[-84.3367,37.3945],[-84.3359,37.394],[-84.3353,37.3941],[-84.3352,37.3967],[-84.3356,37.3973],[-84.3362,37.3974],[-84.3354,37.3979],[-84.3351,37.399],[-84.3359,37.4004],[-84.3353,37.4007],[-84.3347,37.4002],[-84.3341,37.4006],[-84.334,37.4028],[-84.333,37.4009],[-84.33,37.4024],[-84.3302,37.4014],[-84.3311,37.4013],[-84.3321,37.4005],[-84.3339,37.3986],[-84.3334,37.3967],[-84.3325,37.3958],[-84.3331,37.3953],[-84.3332,37.3946],[-84.3323,37.3917],[-84.3308,37.3906],[-84.3297,37.3908],[-84.3293,37.3924],[-84.3287,37.3931],[-84.3285,37.3949],[-84.3276,37.3959],[-84.3272,37.3959],[-84.3276,37.3942],[-84.3272,37.3928],[-84.3281,37.3906],[-84.3278,37.3895],[-84.3273,37.389],[-84.3274,37.3874],[-84.3268,37.3863],[-84.3254,37.3856],[-84.3244,37.3845],[-84.3202,37.3834],[-84.32,37.3844],[-84.3209,37.3862],[-84.3195,37.3856],[-84.3184,37.3836],[-84.3168,37.3834],[-84.3157,37.384],[-84.3153,37.3848],[-84.3162,37.3865],[-84.3159,37.3885],[-84.3151,37.3866],[-84.3138,37.3853],[-84.3091,37.3855],[-84.3092,37.3865],[-84.31,37.3875],[-84.3098,37.3879],[-84.3103,37.3888],[-84.3106,37.391],[-84.3103,37.3926],[-84.3109,37.3933],[-84.3105,37.3935],[-84.3107,37.3944],[-84.3099,37.3929],[-84.3094,37.3926],[-84.3091,37.3903],[-84.3084,37.3902],[-84.3087,37.3892],[-84.3084,37.3882],[-84.3069,37.386],[-84.3059,37.3857],[-84.3055,37.386],[-84.305,37.3858],[-84.3046,37.3861],[-84.3021,37.3859],[-84.3019,37.3881],[-84.3014,37.3883],[-84.3008,37.3863],[-84.2991,37.3854],[-84.2939,37.3856],[-84.294,37.387],[-84.2949,37.3885],[-84.2954,37.3905],[-84.2933,37.3916],[-84.2935,37.3929],[-84.2949,37.3931],[-84.2963,37.3939],[-84.2964,37.3946],[-84.2959,37.3957],[-84.2996,37.3953],[-84.3008,37.3955],[-84.3029,37.3966],[-84.3026,37.3979],[-84.3029,37.4001],[-84.3048,37.4015],[-84.3068,37.4025],[-84.3062,37.4034],[-84.302,37.403],[-84.3002,37.4022],[-84.2998,37.4015],[-84.2992,37.4021],[-84.2993,37.4038],[-84.306,37.4056],[-84.3062,37.406],[-84.307,37.4062],[-84.3073,37.4075],[-84.3088,37.4084],[-84.3106,37.4081],[-84.3117,37.4074],[-84.3118,37.4081],[-84.3101,37.4095],[-84.3093,37.4095],[-84.3094,37.4103],[-84.3089,37.4105],[-84.3085,37.41],[-84.3077,37.4098],[-84.3077,37.4099],[-84.3099,37.4146],[-84.3116,37.4144],[-84.3129,37.4137],[-84.313,37.4144],[-84.3124,37.4154],[-84.3115,37.4156],[-84.3116,37.416],[-84.314,37.4167],[-84.3155,37.4167],[-84.3191,37.414],[-84.3194,37.4133],[-84.3204,37.4139],[-84.3196,37.4142],[-84.3184,37.4155],[-84.3175,37.4172],[-84.3212,37.4192],[-84.3237,37.4193],[-84.3253,37.4201],[-84.3232,37.4199],[-84.3227,37.4202],[-84.318,37.419],[-84.317,37.4191],[-84.3165,37.4189],[-84.3168,37.4221],[-84.3152,37.4201],[-84.3148,37.4187],[-84.3108,37.4182],[-84.3102,37.4173],[-84.3095,37.4172],[-84.309,37.4166],[-84.3082,37.4167],[-84.3074,37.4159],[-84.3057,37.4187],[-84.3056,37.4199],[-84.3062,37.4212],[-84.3084,37.4236],[-84.3098,37.4246],[-84.3115,37.4246],[-84.3126,37.4239],[-84.3131,37.4244],[-84.3139,37.4245],[-84.3139,37.4254],[-84.3129,37.4266],[-84.3132,37.4275],[-84.3143,37.4282],[-84.3144,37.4298],[-84.3162,37.4315],[-84.3178,37.4323],[-84.3198,37.4325],[-84.3221,37.4319],[-84.3223,37.4315],[-84.3216,37.431],[-84.3223,37.4305],[-84.3221,37.4297],[-84.3224,37.4296],[-84.3233,37.4297],[-84.3235,37.4305],[-84.3241,37.4308],[-84.326,37.4301],[-84.3262,37.4288],[-84.3272,37.4297],[-84.3304,37.4294],[-84.33,37.4302],[-84.3293,37.4303],[-84.3286,37.4312],[-84.3277,37.4312],[-84.3273,37.4318],[-84.3254,37.4323],[-84.3268,37.4322],[-84.3253,37.433],[-84.3275,37.4342],[-84.3286,37.4341],[-84.3287,37.4346],[-84.3296,37.4348],[-84.3312,37.4344],[-84.3319,37.4335],[-84.334,37.4327],[-84.3324,37.4346],[-84.333,37.4355],[-84.3314,37.4359],[-84.3325,37.437],[-84.3342,37.4374],[-84.3326,37.4382],[-84.3326,37.4394],[-84.3315,37.4393],[-84.3311,37.4381],[-84.3301,37.4375],[-84.3295,37.4385],[-84.3287,37.4385],[-84.3282,37.4369],[-84.3266,37.4364],[-84.3261,37.4368],[-84.3253,37.4363],[-84.3247,37.4353],[-84.3233,37.4356],[-84.3229,37.4348],[-84.3225,37.4347],[-84.3224,37.436],[-84.3207,37.4351],[-84.3204,37.4352],[-84.3214,37.4369],[-84.3241,37.4372],[-84.3268,37.4384],[-84.3273,37.4395],[-84.3295,37.44],[-84.3299,37.4405],[-84.3295,37.4411],[-84.3314,37.4411],[-84.3335,37.4401],[-84.3341,37.441],[-84.3352,37.4412],[-84.3358,37.4416],[-84.3385,37.442],[-84.3386,37.4417],[-84.3379,37.4404],[-84.3394,37.4382],[-84.3393,37.4372],[-84.34,37.4373],[-84.3412,37.4368],[-84.3421,37.4368],[-84.3419,37.4372],[-84.341,37.4376],[-84.34,37.4399],[-84.3402,37.4404],[-84.3415,37.4407],[-84.3426,37.4402],[-84.3427,37.4396],[-84.3441,37.4395],[-84.3448,37.439],[-84.3467,37.4368],[-84.3472,37.4371],[-84.3467,37.4377],[-84.3467,37.4385],[-84.3461,37.4396],[-84.3485,37.4398],[-84.3494,37.4395],[-84.3488,37.4407],[-84.3478,37.441],[-84.3493,37.4428],[-84.3488,37.4431],[-84.3479,37.4428],[-84.3486,37.4438],[-84.3473,37.4438],[-84.3471,37.4444],[-84.3465,37.4439],[-84.3462,37.4428],[-84.345,37.442],[-84.3445,37.4421],[-84.3448,37.4436],[-84.3441,37.4442],[-84.3462,37.4454],[-84.3453,37.4463],[-84.3462,37.447],[-84.3465,37.4476],[-84.3471,37.4478],[-84.3482,37.4473],[-84.3488,37.4476],[-84.3519,37.4475],[-84.352,37.4463],[-84.353,37.447],[-84.3537,37.4471],[-84.3532,37.4483],[-84.3551,37.4492],[-84.3538,37.4494],[-84.3536,37.4502],[-84.3528,37.4503],[-84.3523,37.4509],[-84.3519,37.4497],[-84.3512,37.4499],[-84.3505,37.4494],[-84.3499,37.4495],[-84.3497,37.4502],[-84.3505,37.4513],[-84.3503,37.452],[-84.3498,37.4523],[-84.35,37.453],[-84.3494,37.4535],[-84.3482,37.4522],[-84.3479,37.4536],[-84.347,37.4538],[-84.3466,37.4537],[-84.3469,37.453],[-84.3466,37.4524],[-84.3458,37.4524],[-84.3457,37.4521],[-84.3463,37.4514],[-84.3461,37.4508],[-84.345,37.4511],[-84.3448,37.4504],[-84.3436,37.4497],[-84.3436,37.4528],[-84.3432,37.4532],[-84.3423,37.4528],[-84.342,37.452],[-84.341,37.4521],[-84.3417,37.4508],[-84.3415,37.4505],[-84.3411,37.4502],[-84.34,37.4503],[-84.3399,37.4494],[-84.3407,37.4483],[-84.3409,37.4474],[-84.3403,37.4466],[-84.3401,37.448],[-84.3394,37.4482],[-84.3384,37.448],[-84.3385,37.4489],[-84.3375,37.4493],[-84.3381,37.4501],[-84.3385,37.4523],[-84.3376,37.4522],[-84.3374,37.4531],[-84.3385,37.4536],[-84.3389,37.4541],[-84.3386,37.4552],[-84.3378,37.4555],[-84.3379,37.4561],[-84.3411,37.4559],[-84.3423,37.4564],[-84.3417,37.4541],[-84.3423,37.4538],[-84.3436,37.4547],[-84.3452,37.4544],[-84.3455,37.4557],[-84.3463,37.455],[-84.3472,37.4549],[-84.3478,37.4559],[-84.3492,37.4548],[-84.3514,37.4543],[-84.353,37.4536],[-84.354,37.4526],[-84.3546,37.4526],[-84.3552,37.4516],[-84.3556,37.4522],[-84.3583,37.4522],[-84.3577,37.453],[-84.3569,37.4527],[-84.3556,37.4531],[-84.3553,37.4535],[-84.3556,37.4545],[-84.3548,37.4543],[-84.3542,37.4545],[-84.3534,37.4554],[-84.3535,37.4562],[-84.3513,37.4564],[-84.3493,37.4593],[-84.3485,37.4596],[-84.3478,37.4593],[-84.3475,37.4598],[-84.3466,37.4601],[-84.348,37.4608],[-84.3483,37.4617],[-84.3493,37.4612],[-84.3506,37.459],[-84.3516,37.4585],[-84.3519,37.4571],[-84.3538,37.4571],[-84.3541,37.4577],[-84.3545,37.4578],[-84.3564,37.4573],[-84.3571,37.4566],[-84.3572,37.4555],[-84.3581,37.455],[-84.3587,37.455],[-84.3587,37.4555],[-84.3593,37.4557],[-84.3587,37.4577],[-84.3614,37.4576],[-84.3616,37.4573],[-84.3614,37.4561],[-84.3629,37.4568],[-84.3639,37.4554],[-84.3646,37.4561],[-84.3638,37.4577],[-84.3648,37.4578],[-84.3658,37.4572],[-84.3656,37.4583],[-84.3667,37.4591],[-84.3649,37.4588],[-84.3634,37.4596],[-84.3626,37.4593],[-84.3616,37.4594],[-84.3615,37.46],[-84.3621,37.4607],[-84.3613,37.461],[-84.3614,37.4621],[-84.3607,37.4618],[-84.3599,37.46],[-84.3595,37.4602],[-84.3594,37.4613],[-84.3585,37.462],[-84.3575,37.4619],[-84.3574,37.4599],[-84.3562,37.4604],[-84.3554,37.4603],[-84.3538,37.4612],[-84.3537,37.4615],[-84.3541,37.4616],[-84.3562,37.4614],[-84.3569,37.4624],[-84.3578,37.4626],[-84.3583,37.4635],[-84.3594,37.4629],[-84.3606,37.4635],[-84.3618,37.4633],[-84.3622,37.4642],[-84.3618,37.465],[-84.3612,37.4646],[-84.36,37.4651],[-84.3608,37.4659],[-84.361,37.4668],[-84.3599,37.467],[-84.3594,37.4675],[-84.3586,37.4677],[-84.3585,37.4667],[-84.3579,37.466],[-84.3569,37.4673],[-84.3559,37.4672],[-84.3565,37.468],[-84.3553,37.4686],[-84.355,37.4696],[-84.3544,37.4697],[-84.3532,37.4691],[-84.352,37.4695],[-84.3523,37.47],[-84.3531,37.4697],[-84.3538,37.4699],[-84.3544,37.4708],[-84.3557,37.4714],[-84.355,37.4727],[-84.3562,37.4727],[-84.3569,37.4723],[-84.3564,37.4715],[-84.3564,37.4704],[-84.3572,37.4698],[-84.3582,37.47],[-84.3575,37.469],[-84.358,37.4684],[-84.3604,37.469],[-84.3607,37.4707],[-84.3617,37.4713],[-84.3614,37.4722],[-84.3619,37.4723],[-84.3622,37.4729],[-84.3627,37.4729],[-84.3626,37.4719],[-84.3634,37.471],[-84.363,37.4704],[-84.3621,37.4705],[-84.3616,37.47],[-84.3609,37.468],[-84.3614,37.4677],[-84.3623,37.4684],[-84.3651,37.4684],[-84.3649,37.4675],[-84.3629,37.4676],[-84.3625,37.4665],[-84.3643,37.4656],[-84.3647,37.4649],[-84.3641,37.4647],[-84.3638,37.4643],[-84.3642,37.4636],[-84.3634,37.4631],[-84.3649,37.4618],[-84.3643,37.4612],[-84.3646,37.4607],[-84.3661,37.4601],[-84.3668,37.4603],[-84.3669,37.4611],[-84.3689,37.4614],[-84.3684,37.4627],[-84.3678,37.4632],[-84.3684,37.4642],[-84.3699,37.4622],[-84.3713,37.4614],[-84.3713,37.4608],[-84.3706,37.4601],[-84.3708,37.4596],[-84.3724,37.4599],[-84.3733,37.4615],[-84.3741,37.4618],[-84.3749,37.4616],[-84.3749,37.472],[-84.3738,37.4715],[-84.3732,37.472],[-84.3717,37.4721],[-84.3717,37.4724],[-84.3727,37.4727],[-84.3726,37.4733],[-84.3714,37.4744],[-84.371,37.4753],[-84.3695,37.4755],[-84.3695,37.4764],[-84.3668,37.4759],[-84.3661,37.476],[-84.3655,37.4766],[-84.3644,37.4767],[-84.362,37.4762],[-84.3611,37.4758],[-84.3589,37.4755],[-84.3613,37.4762],[-84.361,37.4772],[-84.3622,37.4767],[-84.3627,37.4773],[-84.3635,37.477],[-84.3641,37.4774],[-84.3645,37.4771],[-84.3666,37.4765],[-84.3687,37.4769],[-84.3692,37.4776],[-84.3688,37.4783],[-84.3677,37.4786],[-84.3672,37.48],[-84.3667,37.4806],[-84.3667,37.4813],[-84.3656,37.4821],[-84.3647,37.4834],[-84.3648,37.4851],[-84.364,37.4859],[-84.3621,37.4872],[-84.3608,37.4887],[-84.3576,37.4903],[-84.3553,37.4919],[-84.3533,37.4926],[-84.3541,37.4927],[-84.3557,37.4923],[-84.3582,37.491],[-84.3595,37.4909],[-84.3578,37.4936],[-84.3566,37.4943],[-84.3559,37.4965],[-84.3534,37.4982],[-84.3549,37.4978],[-84.3542,37.4982],[-84.3542,37.5001],[-84.3312,37.5001],[-84.3325,37.4998],[-84.334,37.4989],[-84.3334,37.4983],[-84.3304,37.5001],[-84.3234,37.5001],[-84.3235,37.4989],[-84.3242,37.4979],[-84.3262,37.4976],[-84.328,37.4984],[-84.3268,37.4974]],[[-84.2918,37.3924],[-84.2917,37.3927],[-84.2931,37.3929],[-84.293,37.3918],[-84.2918,37.3924]],[[-84.3428,37.4418],[-84.3429,37.4414],[-84.3444,37.4407],[-84.3454,37.4408],[-84.3446,37.4403],[-84.3411,37.442],[-84.34,37.4419],[-84.3393,37.441],[-84.3397,37.4426],[-84.3381,37.4436],[-84.3346,37.4433],[-84.3386,37.444],[-84.3419,37.4456],[-84.3425,37.4464],[-84.3418,37.4483],[-84.3428,37.4469],[-84.3457,37.4483],[-84.343,37.4465],[-84.3425,37.4455],[-84.3396,37.4441],[-84.3395,37.4435],[-84.3403,37.4424],[-84.3428,37.4418]],[[-84.335,37.496],[-84.3329,37.497],[-84.3332,37.4977],[-84.3338,37.4971],[-84.3355,37.4965],[-84.335,37.496]],[[-84.3349,37.4955],[-84.3348,37.495],[-84.3347,37.4954],[-84.3349,37.4955]],[[-84.337,37.4974],[-84.337,37.4973],[-84.3368,37.4974],[-84.337,37.4974]],[[-84.3383,37.498],[-84.3386,37.4981],[-84.3382,37.4975],[-84.3379,37.4975],[-84.3383,37.498]],[[-84.3491,37.4788],[-84.3515,37.479],[-84.3513,37.4779],[-84.3506,37.4781],[-84.3491,37.4777],[-84.3491,37.4788]],[[-84.3522,37.4771],[-84.3549,37.4749],[-84.3539,37.4745],[-84.3538,37.4752],[-84.3522,37.4771]],[[-84.3527,37.4734],[-84.3527,37.4737],[-84.3536,37.4744],[-84.354,37.4743],[-84.3537,37.4734],[-84.3543,37.4731],[-84.3541,37.4729],[-84.3527,37.4734]],[[-84.3554,37.4662],[-84.3555,37.4657],[-84.3549,37.4654],[-84.3551,37.4648],[-84.3548,37.4643],[-84.3542,37.4658],[-84.353,37.4662],[-84.355,37.4664],[-84.3558,37.4668],[-84.3554,37.4662]],[[-84.355,37.4843],[-84.3547,37.4841],[-84.3538,37.4843],[-84.3547,37.4845],[-84.355,37.4843]]],[[[-84.3711,37.4434],[-84.3709,37.4436],[-84.3719,37.4462],[-84.3725,37.4462],[-84.3726,37.4468],[-84.3741,37.4475],[-84.3731,37.4476],[-84.3733,37.4482],[-84.3743,37.4488],[-84.3736,37.4496],[-84.3739,37.4503],[-84.3733,37.4504],[-84.3728,37.4509],[-84.3736,37.4487],[-84.3727,37.4479],[-84.3728,37.4472],[-84.3715,37.4463],[-84.3707,37.444],[-84.3707,37.4431],[-84.3739,37.4427],[-84.3745,37.4429],[-84.3749,37.4436],[-84.3737,37.443],[-84.3732,37.4435],[-84.3725,37.4432],[-84.3711,37.4434]]],[[[-84.3749,37.4597],[-84.3746,37.4598],[-84.3742,37.459],[-84.3749,37.4585],[-84.3749,37.4597]]],[[[-84.2915,37.4971],[-84.2886,37.4951],[-84.2901,37.494],[-84.2901,37.4931],[-84.2906,37.4935],[-84.2908,37.4946],[-84.2916,37.4951],[-84.292,37.4951],[-84.292,37.4945],[-84.2933,37.4939],[-84.2943,37.4947],[-84.2951,37.4962],[-84.2952,37.4972],[-84.2957,37.4974],[-84.2958,37.4955],[-84.2955,37.4946],[-84.2959,37.4944],[-84.298,37.4938],[-84.2988,37.4955],[-84.3,37.4955],[-84.3008,37.495],[-84.301,37.4947],[-84.3,37.4937],[-84.2998,37.4927],[-84.3001,37.4918],[-84.3008,37.4913],[-84.3014,37.49],[-84.3025,37.4897],[-84.3049,37.4909],[-84.3062,37.4896],[-84.3074,37.4892],[-84.3087,37.4893],[-84.3073,37.4878],[-84.3063,37.4874],[-84.3045,37.4874],[-84.3032,37.4865],[-84.3013,37.4867],[-84.3007,37.4855],[-84.3005,37.4866],[-84.2999,37.4864],[-84.2984,37.4875],[-84.2961,37.4881],[-84.2971,37.4859],[-84.2962,37.4849],[-84.2979,37.4843],[-84.2975,37.4827],[-84.2993,37.4826],[-84.2984,37.4808],[-84.2971,37.4806],[-84.2981,37.4795],[-84.2999,37.4803],[-84.3018,37.4826],[-84.3043,37.4831],[-84.3054,37.4827],[-84.3034,37.4826],[-84.3031,37.4819],[-84.3035,37.481],[-84.3033,37.4804],[-84.3043,37.4793],[-84.3065,37.4792],[-84.3079,37.4785],[-84.3091,37.4786],[-84.3107,37.4781],[-84.3108,37.4774],[-84.3115,37.4766],[-84.3113,37.4764],[-84.3098,37.477],[-84.3078,37.4772],[-84.3063,37.4766],[-84.306,37.476],[-84.307,37.4747],[-84.3081,37.4742],[-84.3087,37.4733],[-84.3115,37.4714],[-84.3128,37.4698],[-84.3125,37.469],[-84.3129,37.4681],[-84.3122,37.4677],[-84.311,37.4677],[-84.3102,37.4673],[-84.3112,37.4657],[-84.3108,37.4648],[-84.31,37.4655],[-84.3075,37.466],[-84.3061,37.466],[-84.3052,37.4657],[-84.3065,37.4638],[-84.3092,37.4619],[-84.309,37.4616],[-84.3078,37.4618],[-84.3076,37.4598],[-84.3066,37.4595],[-84.307,37.4589],[-84.3084,37.458],[-84.3101,37.458],[-84.3106,37.4569],[-84.3117,37.4557],[-84.3103,37.4552],[-84.3104,37.4542],[-84.3113,37.4536],[-84.3136,37.4532],[-84.3149,37.4519],[-84.3161,37.45],[-84.3158,37.4499],[-84.3147,37.4504],[-84.3145,37.4502],[-84.314,37.4487],[-84.3152,37.4469],[-84.3152,37.4465],[-84.3148,37.4463],[-84.314,37.447],[-84.3121,37.4476],[-84.3126,37.4493],[-84.3124,37.4498],[-84.311,37.4496],[-84.3105,37.45],[-84.3095,37.4499],[-84.3087,37.4507],[-84.3079,37.4509],[-84.3091,37.4532],[-84.3081,37.454],[-84.3066,37.4534],[-84.3061,37.4543],[-84.3063,37.4561],[-84.3071,37.4569],[-84.3067,37.4578],[-84.3055,37.4587],[-84.3053,37.4596],[-84.3064,37.4608],[-84.3048,37.4616],[-84.3053,37.4625],[-84.305,37.4634],[-84.3044,37.4638],[-84.3031,37.4639],[-84.3023,37.4649],[-84.3015,37.4651],[-84.3009,37.4668],[-84.301,37.4675],[-84.3021,37.4682],[-84.3034,37.4702],[-84.3029,37.4705],[-84.3021,37.4702],[-84.3025,37.4708],[-84.3017,37.4718],[-84.3025,37.4719],[-84.3019,37.4733],[-84.303,37.4738],[-84.303,37.4743],[-84.3044,37.476],[-84.3036,37.476],[-84.3015,37.475],[-84.3009,37.4743],[-84.2995,37.4746],[-84.2997,37.4732],[-84.2991,37.4719],[-84.2988,37.4699],[-84.2984,37.4696],[-84.2966,37.4697],[-84.297,37.4683],[-84.2978,37.4675],[-84.298,37.4652],[-84.2963,37.4652],[-84.2963,37.4643],[-84.2979,37.4632],[-84.2982,37.4625],[-84.2993,37.4625],[-84.3004,37.4617],[-84.3018,37.4593],[-84.301,37.4582],[-84.3025,37.4576],[-84.3029,37.4565],[-84.3014,37.4557],[-84.2974,37.4553],[-84.2974,37.4544],[-84.2968,37.4534],[-84.2971,37.4531],[-84.2989,37.4535],[-84.303,37.453],[-84.304,37.4516],[-84.3044,37.4502],[-84.3011,37.4494],[-84.3011,37.4491],[-84.3016,37.4487],[-84.3039,37.4481],[-84.3056,37.448],[-84.3057,37.4475],[-84.3069,37.4473],[-84.3072,37.4463],[-84.3081,37.4462],[-84.3084,37.4458],[-84.3089,37.4458],[-84.3094,37.4455],[-84.3104,37.4439],[-84.3105,37.4431],[-84.3116,37.4427],[-84.3122,37.4418],[-84.3107,37.4413],[-84.31,37.4414],[-84.3096,37.4408],[-84.3086,37.4404],[-84.3096,37.44],[-84.3117,37.4396],[-84.3123,37.4389],[-84.3127,37.4375],[-84.3123,37.4362],[-84.311,37.4359],[-84.3103,37.4352],[-84.3107,37.4343],[-84.3105,37.4338],[-84.3096,37.4334],[-84.3093,37.4326],[-84.3081,37.4325],[-84.3076,37.4316],[-84.3079,37.4307],[-84.3071,37.4301],[-84.3067,37.4311],[-84.3045,37.4329],[-84.3036,37.4348],[-84.3044,37.4371],[-84.3032,37.4377],[-84.3031,37.4397],[-84.3023,37.4406],[-84.3018,37.4426],[-84.3015,37.443],[-84.3002,37.443],[-84.3009,37.4422],[-84.3009,37.4408],[-84.3012,37.4402],[-84.3013,37.4391],[-84.3008,37.4384],[-84.3014,37.438],[-84.3018,37.4362],[-84.3014,37.435],[-84.3016,37.4343],[-84.2994,37.4344],[-84.2981,37.4332],[-84.3007,37.4328],[-84.3019,37.4324],[-84.302,37.4313],[-84.303,37.4309],[-84.305,37.4278],[-84.3047,37.4265],[-84.3032,37.4251],[-84.303,37.4259],[-84.3032,37.4279],[-84.3026,37.4289],[-84.3018,37.429],[-84.3021,37.4275],[-84.302,37.4272],[-84.3012,37.4275],[-84.301,37.4274],[-84.3012,37.4259],[-84.3005,37.4257],[-84.3003,37.4253],[-84.2999,37.4259],[-84.2995,37.4259],[-84.299,37.4244],[-84.301,37.4231],[-84.3,37.4212],[-84.3003,37.42],[-84.2999,37.4196],[-84.2988,37.4199],[-84.2988,37.4219],[-84.2967,37.425],[-84.2972,37.4259],[-84.2961,37.4266],[-84.2963,37.4282],[-84.2972,37.4294],[-84.2957,37.4295],[-84.2948,37.4289],[-84.2946,37.4284],[-84.2934,37.4288],[-84.2929,37.4283],[-84.2929,37.4291],[-84.292,37.4291],[-84.2912,37.43],[-84.2922,37.4307],[-84.2925,37.4317],[-84.2919,37.4323],[-84.2908,37.4315],[-84.2899,37.4319],[-84.29,37.4329],[-84.2913,37.4334],[-84.2916,37.4339],[-84.291,37.4347],[-84.29,37.4348],[-84.2906,37.4357],[-84.29,37.4363],[-84.2902,37.4369],[-84.2911,37.4377],[-84.2943,37.4382],[-84.2947,37.4388],[-84.2917,37.4392],[-84.2916,37.4399],[-84.2907,37.4403],[-84.2898,37.4429],[-84.2901,37.4437],[-84.2913,37.4447],[-84.291,37.4451],[-84.2894,37.4439],[-84.2881,37.4439],[-84.2887,37.4429],[-84.2889,37.4397],[-84.2886,37.4389],[-84.2872,37.4393],[-84.2863,37.4389],[-84.2875,37.4367],[-84.287,37.4339],[-84.2863,37.4333],[-84.2867,37.4313],[-84.2863,37.4299],[-84.2858,37.4299],[-84.2854,37.4303],[-84.285,37.4333],[-84.2843,37.434],[-84.2839,37.4352],[-84.2827,37.4369],[-84.2835,37.4378],[-84.2851,37.4383],[-84.2854,37.4392],[-84.2848,37.4393],[-84.2848,37.4397],[-84.2837,37.4407],[-84.2829,37.4393],[-84.2822,37.4396],[-84.2818,37.4391],[-84.2814,37.4391],[-84.2807,37.4399],[-84.2805,37.4419],[-84.2809,37.4427],[-84.2832,37.4437],[-84.2829,37.4442],[-84.2811,37.4446],[-84.2815,37.4459],[-84.2835,37.4464],[-84.2855,37.4462],[-84.2853,37.4476],[-84.2874,37.4485],[-84.2853,37.4489],[-84.2841,37.4497],[-84.2849,37.4503],[-84.2851,37.4513],[-84.2888,37.4524],[-84.2922,37.4512],[-84.291,37.4536],[-84.2918,37.4543],[-84.2936,37.4548],[-84.2935,37.4553],[-84.2927,37.4559],[-84.2931,37.4581],[-84.2934,37.4586],[-84.2955,37.4597],[-84.2955,37.4608],[-84.2935,37.4604],[-84.2925,37.4616],[-84.2914,37.4622],[-84.2907,37.4622],[-84.2906,37.4617],[-84.2917,37.4599],[-84.2905,37.4585],[-84.2907,37.4573],[-84.29,37.4553],[-84.2894,37.4549],[-84.2887,37.4549],[-84.2876,37.4545],[-84.2869,37.4548],[-84.2853,37.4546],[-84.2848,37.4551],[-84.2841,37.4551],[-84.2843,37.458],[-84.2857,37.4606],[-84.2873,37.4608],[-84.2884,37.4615],[-84.2896,37.4628],[-84.2893,37.4634],[-84.2885,37.463],[-84.2865,37.463],[-84.2866,37.4645],[-84.2872,37.4657],[-84.2868,37.4662],[-84.2859,37.4658],[-84.2854,37.4662],[-84.2851,37.4676],[-84.2854,37.4685],[-84.2867,37.4697],[-84.2886,37.4701],[-84.2898,37.4709],[-84.2911,37.4712],[-84.2925,37.4708],[-84.294,37.4715],[-84.294,37.4719],[-84.2933,37.4715],[-84.2923,37.4716],[-84.292,37.4722],[-84.2931,37.4737],[-84.2932,37.4745],[-84.2946,37.4749],[-84.2931,37.4752],[-84.2938,37.476],[-84.2931,37.4759],[-84.2928,37.4763],[-84.2932,37.4778],[-84.2924,37.4772],[-84.2906,37.4798],[-84.2902,37.4798],[-84.2888,37.4808],[-84.2888,37.4817],[-84.2883,37.4815],[-84.2877,37.4816],[-84.2883,37.4803],[-84.289,37.4802],[-84.29,37.4793],[-84.2914,37.4767],[-84.2914,37.4744],[-84.291,37.4734],[-84.2903,37.4735],[-84.2903,37.4727],[-84.2899,37.4724],[-84.2888,37.4723],[-84.2882,37.4718],[-84.2874,37.4719],[-84.287,37.4739],[-84.2874,37.4745],[-84.2868,37.4748],[-84.2868,37.4756],[-84.2862,37.4749],[-84.2862,37.474],[-84.2858,37.4739],[-84.2852,37.475],[-84.2845,37.4753],[-84.2845,37.4771],[-84.2841,37.4775],[-84.2836,37.4752],[-84.2829,37.475],[-84.2833,37.4746],[-84.2842,37.4743],[-84.2854,37.473],[-84.2857,37.4724],[-84.2855,37.4713],[-84.2839,37.4709],[-84.2812,37.4718],[-84.2814,37.4706],[-84.2822,37.4704],[-84.2827,37.4693],[-84.2817,37.4694],[-84.2818,37.4691],[-84.2812,37.469],[-84.2791,37.4689],[-84.2778,37.4684],[-84.2767,37.4692],[-84.2766,37.4689],[-84.2778,37.4674],[-84.2795,37.4682],[-84.2827,37.4675],[-84.2833,37.4654],[-84.2819,37.4647],[-84.2816,37.4642],[-84.2817,37.4632],[-84.2825,37.4624],[-84.2825,37.4609],[-84.281,37.4588],[-84.2799,37.4584],[-84.2801,37.4578],[-84.281,37.4571],[-84.2807,37.4547],[-84.2779,37.4544],[-84.2783,37.4538],[-84.2806,37.4526],[-84.2805,37.4515],[-84.2801,37.4511],[-84.279,37.4509],[-84.2789,37.4504],[-84.2796,37.4495],[-84.2784,37.449],[-84.2784,37.448],[-84.278,37.4474],[-84.2774,37.4471],[-84.2759,37.447],[-84.2772,37.4454],[-84.2769,37.4444],[-84.2765,37.4442],[-84.2751,37.4447],[-84.2739,37.4447],[-84.273,37.4455],[-84.272,37.4481],[-84.2711,37.4488],[-84.2705,37.4488],[-84.2694,37.4509],[-84.2693,37.4517],[-84.2698,37.4525],[-84.2712,37.4532],[-84.2713,37.4542],[-84.2725,37.4559],[-84.2745,37.457],[-84.2734,37.4574],[-84.2733,37.4577],[-84.2743,37.4597],[-84.2758,37.4599],[-84.2747,37.4608],[-84.2758,37.4615],[-84.2744,37.4619],[-84.275,37.4634],[-84.2741,37.4646],[-84.2741,37.4628],[-84.2737,37.4625],[-84.2731,37.4627],[-84.2726,37.4623],[-84.2724,37.4615],[-84.2727,37.461],[-84.2721,37.4602],[-84.2717,37.4586],[-84.2714,37.4584],[-84.2704,37.4587],[-84.2707,37.4568],[-84.2687,37.4556],[-84.2687,37.4548],[-84.2678,37.4538],[-84.2674,37.4538],[-84.2665,37.4551],[-84.2639,37.4576],[-84.2643,37.458],[-84.2657,37.4583],[-84.2669,37.4593],[-84.2667,37.4599],[-84.2646,37.46],[-84.2645,37.4609],[-84.265,37.4615],[-84.2665,37.462],[-84.2669,37.4627],[-84.268,37.4634],[-84.2681,37.4637],[-84.2657,37.464],[-84.2646,37.4638],[-84.2645,37.4644],[-84.2636,37.4649],[-84.2635,37.4658],[-84.2663,37.4684],[-84.2678,37.469],[-84.2662,37.4696],[-84.2658,37.4702],[-84.2635,37.4685],[-84.2622,37.468],[-84.2615,37.468],[-84.2613,37.4683],[-84.2625,37.4694],[-84.2601,37.4696],[-84.2588,37.4704],[-84.26,37.4712],[-84.2584,37.4714],[-84.2593,37.4726],[-84.2624,37.4736],[-84.2643,37.4736],[-84.2653,37.4723],[-84.2657,37.4722],[-84.2671,37.4734],[-84.269,37.4737],[-84.2693,37.4743],[-84.2687,37.4756],[-84.2661,37.4759],[-84.2655,37.4769],[-84.2675,37.477],[-84.2683,37.4763],[-84.2699,37.4759],[-84.2708,37.4765],[-84.2722,37.4764],[-84.2732,37.477],[-84.2725,37.4777],[-84.271,37.4783],[-84.2701,37.4783],[-84.2693,37.4791],[-84.2684,37.4793],[-84.2691,37.4803],[-84.27,37.4805],[-84.2712,37.4802],[-84.2722,37.4807],[-84.2732,37.4804],[-84.2744,37.4795],[-84.2751,37.4794],[-84.2752,37.4803],[-84.2766,37.4811],[-84.2765,37.4818],[-84.2754,37.4815],[-84.2746,37.4817],[-84.2731,37.4829],[-84.2729,37.4844],[-84.2748,37.4855],[-84.2746,37.4863],[-84.274,37.4858],[-84.2718,37.4857],[-84.2712,37.4851],[-84.2705,37.485],[-84.271,37.4858],[-84.2704,37.486],[-84.2704,37.4864],[-84.2712,37.4868],[-84.2719,37.4884],[-84.273,37.4894],[-84.2742,37.4897],[-84.275,37.4889],[-84.2756,37.4894],[-84.2762,37.4884],[-84.2768,37.489],[-84.2775,37.4884],[-84.2783,37.4898],[-84.2773,37.4904],[-84.2777,37.4907],[-84.2815,37.4906],[-84.2824,37.4904],[-84.2829,37.4899],[-84.2831,37.4909],[-84.2821,37.4915],[-84.2824,37.4925],[-84.2833,37.4927],[-84.2848,37.4922],[-84.2842,37.4932],[-84.2829,37.4938],[-84.283,37.4954],[-84.2825,37.4966],[-84.2829,37.4973],[-84.2827,37.4977],[-84.2818,37.4971],[-84.2811,37.4986],[-84.28,37.4999],[-84.2805,37.4986],[-84.2803,37.4982],[-84.2817,37.4957],[-84.2815,37.4934],[-84.2804,37.4921],[-84.2792,37.4925],[-84.2777,37.4925],[-84.2756,37.4921],[-84.277,37.4935],[-84.2769,37.4941],[-84.2762,37.4946],[-84.2763,37.4953],[-84.2773,37.4956],[-84.2776,37.496],[-84.2766,37.4964],[-84.2771,37.4976],[-84.2764,37.498],[-84.2764,37.4992],[-84.2752,37.4999],[-84.2754,37.4989],[-84.2742,37.4991],[-84.2755,37.4975],[-84.2755,37.4964],[-84.2745,37.4943],[-84.2742,37.4943],[-84.2739,37.4951],[-84.2741,37.4968],[-84.2729,37.4955],[-84.272,37.4952],[-84.2725,37.4947],[-84.2727,37.4934],[-84.2709,37.4936],[-84.2715,37.4931],[-84.2718,37.4921],[-84.2702,37.4922],[-84.2706,37.4914],[-84.2703,37.4912],[-84.2686,37.4917],[-84.2684,37.4914],[-84.2691,37.49],[-84.2678,37.4903],[-84.2672,37.4896],[-84.2663,37.4893],[-84.2676,37.4883],[-84.2673,37.488],[-84.2653,37.488],[-84.2661,37.4865],[-84.2652,37.4862],[-84.266,37.4851],[-84.2647,37.4851],[-84.2644,37.4834],[-84.2654,37.483],[-84.2655,37.4827],[-84.2646,37.4822],[-84.2641,37.4815],[-84.2635,37.4813],[-84.2639,37.4827],[-84.2625,37.484],[-84.2636,37.4855],[-84.2629,37.4859],[-84.2613,37.4861],[-84.2616,37.4872],[-84.2603,37.4883],[-84.2624,37.4891],[-84.2625,37.4899],[-84.2637,37.4892],[-84.2646,37.4892],[-84.2644,37.4908],[-84.2653,37.491],[-84.2663,37.4918],[-84.2649,37.4926],[-84.2648,37.493],[-84.2659,37.4936],[-84.2663,37.4945],[-84.2716,37.4957],[-84.2721,37.4962],[-84.2705,37.497],[-84.2706,37.4985],[-84.2691,37.4986],[-84.2686,37.5001],[-84.2664,37.5001],[-84.2667,37.4985],[-84.2665,37.4978],[-84.2643,37.4979],[-84.2633,37.4974],[-84.2611,37.4985],[-84.2629,37.4996],[-84.2632,37.5001],[-84.2574,37.5001],[-84.2576,37.4995],[-84.2583,37.4988],[-84.26,37.4994],[-84.2588,37.4985],[-84.2584,37.4976],[-84.2593,37.4961],[-84.2607,37.4966],[-84.2594,37.4954],[-84.2606,37.4931],[-84.266,37.4957],[-84.2616,37.4931],[-84.2613,37.4923],[-84.2603,37.4922],[-84.2595,37.4901],[-84.2577,37.4874],[-84.2578,37.4866],[-84.2583,37.4864],[-84.2576,37.4858],[-84.2576,37.485],[-84.2588,37.4833],[-84.2598,37.4835],[-84.2592,37.4826],[-84.2602,37.4817],[-84.2619,37.4789],[-84.2649,37.4794],[-84.2666,37.4814],[-84.2674,37.4827],[-84.2671,37.4835],[-84.2681,37.4857],[-84.2678,37.4865],[-84.2684,37.4866],[-84.2692,37.4879],[-84.269,37.4887],[-84.2696,37.4885],[-84.2706,37.4894],[-84.2707,37.4899],[-84.2712,37.4899],[-84.2732,37.491],[-84.2733,37.4919],[-84.2745,37.4927],[-84.2738,37.4918],[-84.2738,37.491],[-84.2772,37.4911],[-84.2759,37.4907],[-84.2759,37.4905],[-84.2734,37.4905],[-84.2702,37.4885],[-84.2687,37.4865],[-84.2684,37.4852],[-84.2679,37.4846],[-84.2676,37.4825],[-84.2672,37.4819],[-84.2679,37.4814],[-84.2666,37.481],[-84.265,37.4791],[-84.2645,37.4789],[-84.2651,37.4784],[-84.2637,37.4786],[-84.2628,37.4783],[-84.2624,37.4765],[-84.2617,37.4756],[-84.262,37.475],[-84.2613,37.475],[-84.2607,37.4744],[-84.2566,37.4728],[-84.2554,37.4716],[-84.2564,37.4694],[-84.2581,37.4678],[-84.2588,37.4678],[-84.2589,37.4671],[-84.2613,37.4663],[-84.2624,37.4668],[-84.2621,37.4661],[-84.2622,37.4647],[-84.263,37.463],[-84.2641,37.4626],[-84.2633,37.4624],[-84.2631,37.4593],[-84.2638,37.4588],[-84.2632,37.4588],[-84.2625,37.4583],[-84.2594,37.4571],[-84.2592,37.4567],[-84.2596,37.4562],[-84.2609,37.4561],[-84.2624,37.4548],[-84.2646,37.4539],[-84.2654,37.4538],[-84.2672,37.4525],[-84.2673,37.4518],[-84.2677,37.4516],[-84.2682,37.4519],[-84.2684,37.4527],[-84.2695,37.4537],[-84.2702,37.455],[-84.2711,37.4556],[-84.2699,37.4537],[-84.2685,37.4526],[-84.2684,37.452],[-84.2689,37.4481],[-84.2723,37.4434],[-84.2738,37.4429],[-84.2747,37.4434],[-84.2741,37.4434],[-84.2736,37.4437],[-84.2748,37.4437],[-84.2768,37.4428],[-84.2777,37.4428],[-84.2791,37.444],[-84.2791,37.4451],[-84.2803,37.4476],[-84.2821,37.4501],[-84.2825,37.4512],[-84.282,37.4526],[-84.2797,37.4539],[-84.2812,37.4536],[-84.282,37.4545],[-84.2824,37.4572],[-84.2812,37.4579],[-84.2828,37.4577],[-84.2839,37.4616],[-84.283,37.4635],[-84.284,37.4627],[-84.2842,37.4641],[-84.2847,37.4645],[-84.2839,37.4676],[-84.2831,37.4681],[-84.2817,37.4683],[-84.2832,37.4683],[-84.2837,37.4686],[-84.284,37.4692],[-84.2835,37.4701],[-84.2845,37.4696],[-84.2854,37.4704],[-84.2864,37.4707],[-84.2865,37.4724],[-84.2867,37.4715],[-84.2874,37.4711],[-84.2893,37.4715],[-84.2907,37.4722],[-84.2921,37.4739],[-84.292,37.4763],[-84.2911,37.478],[-84.292,37.4767],[-84.2924,37.4766],[-84.2923,37.4752],[-84.2928,37.4748],[-84.2923,37.4735],[-84.2913,37.4727],[-84.2908,37.4721],[-84.2909,37.4719],[-84.2904,37.4718],[-84.2885,37.4708],[-84.2855,37.4701],[-84.2844,37.469],[-84.2844,37.4663],[-84.2852,37.4649],[-84.286,37.4651],[-84.2849,37.4639],[-84.2849,37.4617],[-84.2873,37.4619],[-84.2849,37.461],[-84.2838,37.459],[-84.2828,37.4545],[-84.2829,37.4539],[-84.2834,37.4536],[-84.283,37.453],[-84.2833,37.4515],[-84.2836,37.4514],[-84.284,37.4521],[-84.2864,37.4533],[-84.2885,37.4534],[-84.2899,37.4541],[-84.2916,37.4558],[-84.2915,37.4552],[-84.2918,37.4551],[-84.2898,37.4537],[-84.2897,37.4532],[-84.2891,37.4534],[-84.287,37.4531],[-84.2845,37.4518],[-84.282,37.4494],[-84.2813,37.4474],[-84.2821,37.4472],[-84.2835,37.4474],[-84.2813,37.4469],[-84.2805,37.4463],[-84.2793,37.444],[-84.2792,37.4435],[-84.2797,37.4431],[-84.2795,37.4421],[-84.2778,37.4386],[-84.2784,37.4378],[-84.2786,37.4356],[-84.2807,37.4342],[-84.2806,37.4358],[-84.2813,37.4374],[-84.2811,37.4379],[-84.2817,37.4378],[-84.2826,37.4384],[-84.2834,37.4386],[-84.2819,37.4376],[-84.2812,37.4362],[-84.2814,37.4356],[-84.2823,37.4351],[-84.2828,37.4319],[-84.2834,37.432],[-84.2835,37.4314],[-84.2839,37.4314],[-84.2845,37.4302],[-84.2855,37.4267],[-84.2874,37.4274],[-84.2869,37.4259],[-84.2884,37.4258],[-84.288,37.4274],[-84.2886,37.4309],[-84.2885,37.4317],[-84.288,37.4325],[-84.2889,37.4341],[-84.2885,37.4352],[-84.2885,37.4369],[-84.2874,37.4384],[-84.2887,37.4377],[-84.2891,37.4378],[-84.2896,37.4396],[-84.2891,37.4432],[-84.2896,37.4435],[-84.2894,37.442],[-84.2903,37.4392],[-84.2901,37.4388],[-84.2917,37.4385],[-84.2935,37.4385],[-84.2903,37.4381],[-84.2891,37.4372],[-84.289,37.4349],[-84.2895,37.4341],[-84.2902,37.4339],[-84.2892,37.4338],[-84.2885,37.4325],[-84.2888,37.4319],[-84.2887,37.4301],[-84.289,37.4299],[-84.2886,37.4294],[-84.2884,37.4274],[-84.2892,37.4261],[-84.2894,37.4263],[-84.2893,37.4268],[-84.2905,37.4273],[-84.2901,37.4268],[-84.2903,37.4266],[-84.2915,37.4271],[-84.2918,37.4268],[-84.2942,37.4262],[-84.2941,37.4269],[-84.2946,37.4267],[-84.2953,37.4278],[-84.2947,37.4261],[-84.2958,37.4242],[-84.2978,37.4221],[-84.2982,37.4197],[-84.2987,37.419],[-84.3011,37.4194],[-84.3013,37.4214],[-84.3026,37.423],[-84.3024,37.4235],[-84.301,37.4242],[-84.3015,37.4243],[-84.302,37.4249],[-84.3018,37.4266],[-84.3022,37.4264],[-84.3028,37.427],[-84.3024,37.4252],[-84.3033,37.4239],[-84.3057,37.4263],[-84.3061,37.428],[-84.3054,37.429],[-84.306,37.4292],[-84.3037,37.4309],[-84.303,37.4326],[-84.3021,37.4332],[-84.2995,37.4335],[-84.3008,37.4337],[-84.3024,37.4334],[-84.3022,37.4347],[-84.3027,37.4359],[-84.3016,37.4405],[-84.3024,37.4392],[-84.3025,37.4377],[-84.3035,37.4367],[-84.303,37.4346],[-84.3032,37.4333],[-84.3047,37.4312],[-84.3072,37.4288],[-84.3085,37.429],[-84.3095,37.43],[-84.3105,37.4304],[-84.3107,37.4311],[-84.3119,37.4323],[-84.3118,37.4326],[-84.313,37.434],[-84.3145,37.4371],[-84.3141,37.439],[-84.3127,37.4401],[-84.3137,37.4399],[-84.3141,37.4405],[-84.3137,37.4424],[-84.3124,37.4441],[-84.3104,37.4462],[-84.3078,37.4476],[-84.3065,37.4487],[-84.3039,37.4488],[-84.3058,37.4491],[-84.3061,37.45],[-84.3067,37.4492],[-84.3085,37.4482],[-84.3097,37.4478],[-84.3105,37.4479],[-84.3103,37.4473],[-84.3105,37.4469],[-84.3126,37.4456],[-84.3129,37.4449],[-84.3137,37.4447],[-84.3146,37.4434],[-84.3169,37.4454],[-84.3167,37.4469],[-84.3173,37.4469],[-84.3179,37.4486],[-84.3178,37.4495],[-84.317,37.451],[-84.3155,37.4528],[-84.3151,37.4538],[-84.3139,37.4544],[-84.314,37.4546],[-84.312,37.4572],[-84.3116,37.4583],[-84.3109,37.4587],[-84.3119,37.4587],[-84.3108,37.4603],[-84.3107,37.4619],[-84.3086,37.4638],[-84.3111,37.4624],[-84.3123,37.4645],[-84.3125,37.4639],[-84.3115,37.4621],[-84.3137,37.4623],[-84.3118,37.4618],[-84.3113,37.4614],[-84.3116,37.4597],[-84.3124,37.4585],[-84.3121,37.4583],[-84.3123,37.4573],[-84.3142,37.4554],[-84.3147,37.4553],[-84.3154,37.4546],[-84.3159,37.4546],[-84.3156,37.4537],[-84.3171,37.4515],[-84.3175,37.4513],[-84.3181,37.4516],[-84.318,37.4505],[-84.3187,37.4493],[-84.3182,37.4468],[-84.3168,37.444],[-84.3153,37.4429],[-84.3152,37.4409],[-84.3158,37.4381],[-84.3168,37.4391],[-84.3172,37.4385],[-84.3177,37.4387],[-84.3181,37.4393],[-84.3183,37.4404],[-84.319,37.4405],[-84.3189,37.4389],[-84.3182,37.4382],[-84.3186,37.4381],[-84.3198,37.4385],[-84.3208,37.4392],[-84.3206,37.4395],[-84.3223,37.4403],[-84.3217,37.4416],[-84.321,37.4419],[-84.3205,37.443],[-84.3197,37.4432],[-84.3199,37.4447],[-84.3214,37.4467],[-84.3232,37.4475],[-84.3242,37.4485],[-84.3246,37.4493],[-84.3232,37.45],[-84.3233,37.453],[-84.3224,37.4535],[-84.3233,37.4534],[-84.3239,37.4545],[-84.3239,37.4567],[-84.3227,37.4572],[-84.3234,37.4573],[-84.3242,37.4578],[-84.3248,37.4609],[-84.324,37.4611],[-84.3236,37.4616],[-84.3218,37.4617],[-84.3209,37.4621],[-84.3214,37.4624],[-84.3211,37.463],[-84.3223,37.4623],[-84.323,37.4623],[-84.3235,37.4628],[-84.3242,37.4621],[-84.3249,37.4621],[-84.325,37.4616],[-84.3257,37.4611],[-84.3269,37.4612],[-84.3277,37.4625],[-84.3272,37.4634],[-84.3273,37.4642],[-84.3268,37.465],[-84.3258,37.4659],[-84.325,37.4662],[-84.325,37.4667],[-84.3245,37.4671],[-84.3233,37.4673],[-84.3236,37.4676],[-84.3221,37.4687],[-84.3197,37.4696],[-84.3175,37.47],[-84.3167,37.4697],[-84.3157,37.4699],[-84.3163,37.4705],[-84.317,37.4705],[-84.3174,37.4708],[-84.3177,37.4702],[-84.3189,37.4701],[-84.3194,37.4707],[-84.32,37.4698],[-84.3235,37.4684],[-84.3226,37.4704],[-84.3229,37.472],[-84.3221,37.4731],[-84.3229,37.4726],[-84.323,37.47],[-84.3235,37.4689],[-84.3283,37.4644],[-84.3289,37.4644],[-84.3295,37.4652],[-84.3293,37.4663],[-84.3288,37.4669],[-84.3294,37.467],[-84.3297,37.4682],[-84.3282,37.4703],[-84.3282,37.4717],[-84.3277,37.4722],[-84.328,37.4735],[-84.3272,37.4742],[-84.3265,37.4741],[-84.3268,37.4745],[-84.3265,37.4753],[-84.324,37.4774],[-84.3226,37.4779],[-84.3193,37.4777],[-84.3168,37.4766],[-84.3145,37.4735],[-84.3147,37.4724],[-84.3138,37.4728],[-84.314,37.4733],[-84.3128,37.4735],[-84.3101,37.4746],[-84.3125,37.4742],[-84.3143,37.4742],[-84.3166,37.4773],[-84.3159,37.4787],[-84.3138,37.48],[-84.3126,37.4803],[-84.3119,37.4809],[-84.3125,37.4806],[-84.3128,37.481],[-84.3133,37.4804],[-84.314,37.4802],[-84.3145,37.4807],[-84.3145,37.48],[-84.316,37.4791],[-84.317,37.4779],[-84.3181,37.4786],[-84.3192,37.4787],[-84.32,37.4785],[-84.3207,37.4787],[-84.3217,37.4784],[-84.3232,37.4784],[-84.3239,37.4791],[-84.3237,37.4796],[-84.3231,37.4797],[-84.3225,37.4807],[-84.3204,37.4814],[-84.3205,37.4829],[-84.32,37.4846],[-84.319,37.4866],[-84.317,37.4867],[-84.3184,37.487],[-84.3181,37.4885],[-84.3176,37.4887],[-84.316,37.4883],[-84.3171,37.4888],[-84.3177,37.4898],[-84.3167,37.4912],[-84.3157,37.4915],[-84.3162,37.4919],[-84.3162,37.4923],[-84.3148,37.4951],[-84.3127,37.4959],[-84.3117,37.4967],[-84.3106,37.4968],[-84.3095,37.496],[-84.3089,37.4931],[-84.3087,37.4941],[-84.3083,37.4943],[-84.3095,37.4968],[-84.3083,37.4969],[-84.3091,37.4975],[-84.3081,37.4976],[-84.3065,37.4968],[-84.3047,37.4948],[-84.3059,37.4968],[-84.3034,37.4977],[-84.3027,37.4974],[-84.3027,37.4978],[-84.3016,37.4977],[-84.3004,37.4982],[-84.2989,37.4978],[-84.2987,37.4983],[-84.2967,37.4986],[-84.2982,37.4988],[-84.2988,37.4984],[-84.2996,37.4985],[-84.302,37.4979],[-84.3033,37.4979],[-84.3036,37.4983],[-84.304,37.4976],[-84.3052,37.4972],[-84.3053,37.4977],[-84.3067,37.4974],[-84.3101,37.4981],[-84.3106,37.4993],[-84.3104,37.4997],[-84.3098,37.4997],[-84.3097,37.5001],[-84.2933,37.5001],[-84.2921,37.4994],[-84.292,37.4984],[-84.2912,37.4983],[-84.2915,37.4971]],[[-84.3011,37.484],[-84.3006,37.4836],[-84.3004,37.4839],[-84.2999,37.4838],[-84.2997,37.4842],[-84.3011,37.484]],[[-84.3106,37.4817],[-84.3102,37.4824],[-84.3113,37.4814],[-84.3106,37.4817]],[[-84.3174,37.4561],[-84.316,37.4573],[-84.3156,37.4571],[-84.3149,37.4581],[-84.3142,37.4581],[-84.3151,37.4587],[-84.3153,37.4599],[-84.3131,37.4608],[-84.3131,37.4611],[-84.3146,37.4614],[-84.3157,37.4622],[-84.317,37.4609],[-84.3195,37.4604],[-84.3211,37.4597],[-84.3213,37.459],[-84.3199,37.4572],[-84.3219,37.4554],[-84.3204,37.4548],[-84.32,37.4538],[-84.3193,37.4543],[-84.3181,37.4543],[-84.3182,37.4559],[-84.3174,37.4561]],[[-84.3154,37.4679],[-84.3173,37.4678],[-84.3181,37.4672],[-84.3195,37.4671],[-84.3206,37.4665],[-84.321,37.4657],[-84.3196,37.4654],[-84.3183,37.4644],[-84.3157,37.4636],[-84.3142,37.4641],[-84.3145,37.4668],[-84.3143,37.4676],[-84.3154,37.4679]],[[-84.3199,37.4518],[-84.3204,37.4524],[-84.3203,37.4513],[-84.3199,37.4518]]],[[[-84.368,37.4894],[-84.3673,37.4894],[-84.3673,37.4882],[-84.3668,37.4875],[-84.3674,37.4846],[-84.3671,37.4836],[-84.3683,37.4822],[-84.3693,37.4818],[-84.37,37.482],[-84.3709,37.4844],[-84.3724,37.4856],[-84.371,37.4843],[-84.3703,37.4816],[-84.3709,37.4811],[-84.3707,37.4805],[-84.3718,37.4802],[-84.372,37.4797],[-84.3729,37.4789],[-84.3718,37.4786],[-84.3721,37.4774],[-84.3734,37.4767],[-84.374,37.4766],[-84.3747,37.477],[-84.3738,37.4785],[-84.3749,37.4794],[-84.3749,37.4971],[-84.3737,37.4959],[-84.3721,37.4929],[-84.37,37.4914],[-84.3696,37.4908],[-84.3678,37.4902],[-84.3683,37.4899],[-84.368,37.4894]]],[[[-84.3592,37.4967],[-84.3586,37.4964],[-84.3586,37.4956],[-84.3591,37.4955],[-84.3601,37.4962],[-84.3608,37.4962],[-84.36,37.4954],[-84.36,37.4949],[-84.3612,37.4943],[-84.3612,37.4935],[-84.3633,37.491],[-84.3642,37.4912],[-84.3647,37.492],[-84.3654,37.492],[-84.3654,37.4929],[-84.366,37.493],[-84.3656,37.4936],[-84.3658,37.4949],[-84.3654,37.4963],[-84.3659,37.496],[-84.3665,37.4943],[-84.3671,37.4945],[-84.3671,37.4956],[-84.3675,37.4952],[-84.3678,37.4954],[-84.3676,37.496],[-84.368,37.4963],[-84.3678,37.4966],[-84.3685,37.4969],[-84.3686,37.4979],[-84.3674,37.4978],[-84.3688,37.4988],[-84.3684,37.4992],[-84.3672,37.4995],[-84.368,37.4995],[-84.3677,37.5001],[-84.357,37.5001],[-84.3572,37.4987],[-84.3598,37.4983],[-84.3592,37.4974],[-84.3592,37.4967]]],[[[-84.37,37.4981],[-84.37,37.4966],[-84.3703,37.4963],[-84.3721,37.4982],[-84.3725,37.4976],[-84.3701,37.4953],[-84.3701,37.4949],[-84.3708,37.4941],[-84.3714,37.4942],[-84.372,37.4957],[-84.3738,37.4971],[-84.3741,37.4977],[-84.3739,37.4987],[-84.3749,37.5001],[-84.3716,37.5001],[-84.3716,37.4993],[-84.3709,37.4991],[-84.3707,37.4984],[-84.37,37.4981]]],[[[-84.3745,37.4987],[-84.3749,37.4981],[-84.3749,37.4995],[-84.3745,37.4987]]],[[[-84.3167,37.4957],[-84.3173,37.4958],[-84.3175,37.4954],[-84.3187,37.4952],[-84.3188,37.4957],[-84.318,37.4965],[-84.318,37.4972],[-84.3164,37.499],[-84.3164,37.5001],[-84.3118,37.5001],[-84.3142,37.4974],[-84.3155,37.4969],[-84.3167,37.4957]]],[[[-84.2801,37.3791],[-84.2803,37.3795],[-84.2796,37.3791],[-84.2797,37.3789],[-84.2801,37.3791]]],[[[-84.2683,37.384],[-84.2677,37.3846],[-84.2684,37.3853],[-84.2677,37.385],[-84.2672,37.3843],[-84.2676,37.3837],[-84.2678,37.3809],[-84.2693,37.3785],[-84.2693,37.3773],[-84.2696,37.3785],[-84.2684,37.3805],[-84.2679,37.3821],[-84.2679,37.3832],[-84.2683,37.384]]],[[[-84.2636,37.3873],[-84.2641,37.3897],[-84.262,37.3918],[-84.2599,37.3925],[-84.2591,37.3925],[-84.2587,37.3922],[-84.2598,37.3923],[-84.2618,37.3916],[-84.2633,37.3901],[-84.2632,37.3875],[-84.2625,37.3871],[-84.2608,37.3869],[-84.2629,37.3863],[-84.266,37.3836],[-84.2659,37.3826],[-84.2685,37.3787],[-84.2692,37.3761],[-84.2692,37.3783],[-84.2678,37.3801],[-84.2663,37.3838],[-84.263,37.3868],[-84.2636,37.3873]]],[[[-84.2903,37.3942],[-84.2889,37.3947],[-84.2878,37.3946],[-84.2874,37.3963],[-84.2872,37.395],[-84.2867,37.3948],[-84.2849,37.3955],[-84.2839,37.3955],[-84.2832,37.396],[-84.2825,37.3959],[-84.2815,37.3966],[-84.2805,37.3968],[-84.2817,37.3958],[-84.2816,37.3953],[-84.2825,37.3954],[-84.2882,37.393],[-84.292,37.3899],[-84.2924,37.3893],[-84.2916,37.389],[-84.2913,37.3887],[-84.2913,37.3883],[-84.2921,37.3878],[-84.2907,37.3854],[-84.2901,37.3855],[-84.2892,37.3867],[-84.2897,37.385],[-84.2896,37.3839],[-84.2882,37.3808],[-84.2872,37.3801],[-84.286,37.3799],[-84.2823,37.3779],[-84.2809,37.3773],[-84.2806,37.3774],[-84.2804,37.3771],[-84.2807,37.3769],[-84.2869,37.3795],[-84.2886,37.3806],[-84.2937,37.3891],[-84.2935,37.3897],[-84.2896,37.3921],[-84.288,37.3936],[-84.2824,37.3956],[-84.2817,37.3954],[-84.2817,37.3961],[-84.2809,37.3966],[-84.2814,37.3966],[-84.2825,37.3957],[-84.2869,37.3945],[-84.2896,37.394],[-84.2925,37.3939],[-84.2932,37.3934],[-84.2941,37.3933],[-84.2943,37.394],[-84.2927,37.397],[-84.2927,37.4012],[-84.2916,37.4021],[-84.2918,37.4027],[-84.291,37.4034],[-84.2895,37.4042],[-84.2913,37.4029],[-84.2911,37.4018],[-84.2916,37.402],[-84.292,37.4016],[-84.2924,37.4004],[-84.2921,37.3979],[-84.2934,37.3946],[-84.2927,37.3945],[-84.2921,37.3948],[-84.2914,37.3944],[-84.2903,37.3942]]],[[[-84.2589,37.3926],[-84.2587,37.3929],[-84.2587,37.3926],[-84.2583,37.3921],[-84.2589,37.3926]]],[[[-84.2514,37.3993],[-84.2531,37.3982],[-84.254,37.3965],[-84.2536,37.3958],[-84.253,37.3955],[-84.2536,37.3957],[-84.2544,37.396],[-84.2544,37.3964],[-84.2531,37.3984],[-84.2513,37.3995],[-84.2505,37.3996],[-84.2511,37.4],[-84.2513,37.4009],[-84.2509,37.4016],[-84.2499,37.4022],[-84.2511,37.4011],[-84.251,37.4001],[-84.2499,37.3996],[-84.2499,37.3993],[-84.2514,37.3993]]],[[[-84.2523,37.3992],[-84.2516,37.3999],[-84.2518,37.401],[-84.2513,37.4017],[-84.2516,37.3998],[-84.2523,37.3992]]],[[[-84.2503,37.4039],[-84.2499,37.4033],[-84.2501,37.4034],[-84.2502,37.4029],[-84.2505,37.4026],[-84.2503,37.4039]]],[[[-84.2502,37.4213],[-84.2499,37.4213],[-84.2499,37.4207],[-84.2508,37.4206],[-84.2554,37.4191],[-84.2561,37.4186],[-84.256,37.4175],[-84.2572,37.4167],[-84.258,37.4147],[-84.257,37.4137],[-84.2584,37.4139],[-84.2621,37.4126],[-84.2636,37.4111],[-84.2641,37.4096],[-84.2639,37.4086],[-84.263,37.4081],[-84.2612,37.408],[-84.2606,37.4077],[-84.2643,37.4074],[-84.265,37.4064],[-84.2651,37.4045],[-84.2646,37.4031],[-84.2629,37.4028],[-84.264,37.4021],[-84.2642,37.4015],[-84.2638,37.4009],[-84.263,37.4007],[-84.2636,37.4],[-84.2628,37.3966],[-84.2636,37.3946],[-84.2651,37.3926],[-84.2651,37.3914],[-84.2648,37.3912],[-84.2636,37.3919],[-84.2603,37.3929],[-84.2549,37.3963],[-84.2562,37.395],[-84.2596,37.3928],[-84.2629,37.3917],[-84.2647,37.3907],[-84.2654,37.3908],[-84.2657,37.3918],[-84.2632,37.3961],[-84.2635,37.3984],[-84.2646,37.4015],[-84.2644,37.4022],[-84.2634,37.4026],[-84.2649,37.4028],[-84.2654,37.4054],[-84.2648,37.4075],[-84.263,37.4078],[-84.2647,37.4085],[-84.2641,37.4112],[-84.2624,37.413],[-84.2581,37.4143],[-84.2587,37.4147],[-84.2587,37.4152],[-84.2575,37.4172],[-84.2566,37.4178],[-84.257,37.4181],[-84.2567,37.4187],[-84.2553,37.4198],[-84.2535,37.4201],[-84.2523,37.4206],[-84.2554,37.4198],[-84.2566,37.4188],[-84.2576,37.4184],[-84.2594,37.419],[-84.2586,37.4181],[-84.2584,37.4171],[-84.2596,37.4151],[-84.2609,37.4141],[-84.2622,37.414],[-84.263,37.4143],[-84.2652,37.4175],[-84.2636,37.4139],[-84.2639,37.4129],[-84.2647,37.4123],[-84.2655,37.4122],[-84.2652,37.4111],[-84.2659,37.4092],[-84.2667,37.4084],[-84.2676,37.4083],[-84.2702,37.4102],[-84.2693,37.4089],[-84.2698,37.4084],[-84.268,37.4079],[-84.2667,37.4063],[-84.2662,37.4039],[-84.2666,37.403],[-84.2692,37.4026],[-84.2673,37.4026],[-84.2665,37.4023],[-84.2661,37.401],[-84.2645,37.398],[-84.2642,37.3966],[-84.2648,37.3957],[-84.2657,37.3954],[-84.2651,37.3942],[-84.2667,37.392],[-84.2667,37.3902],[-84.2676,37.3898],[-84.2688,37.3901],[-84.2663,37.3889],[-84.2654,37.3876],[-84.2652,37.3858],[-84.2658,37.385],[-84.2667,37.3847],[-84.2683,37.3854],[-84.2667,37.3851],[-84.2662,37.3853],[-84.2656,37.3867],[-84.2659,37.3879],[-84.2668,37.3891],[-84.2684,37.3896],[-84.269,37.3902],[-84.2675,37.3899],[-84.2671,37.3901],[-84.2672,37.3923],[-84.2654,37.3941],[-84.2654,37.3948],[-84.2662,37.3956],[-84.2651,37.3957],[-84.265,37.3979],[-84.2666,37.401],[-84.2665,37.4015],[-84.2669,37.4021],[-84.2708,37.4026],[-84.2681,37.4029],[-84.2669,37.4034],[-84.2668,37.4037],[-84.2671,37.4059],[-84.2677,37.4071],[-84.2689,37.4082],[-84.2704,37.4082],[-84.2695,37.4089],[-84.2704,37.4103],[-84.2701,37.4104],[-84.2687,37.4095],[-84.2678,37.4094],[-84.2673,37.4089],[-84.2666,37.4091],[-84.2661,37.4098],[-84.2656,37.4116],[-84.2663,37.4126],[-84.265,37.4127],[-84.264,37.4141],[-84.2643,37.4154],[-84.2662,37.4186],[-84.2647,37.4175],[-84.2645,37.4166],[-84.2632,37.415],[-84.2617,37.4146],[-84.2602,37.4152],[-84.2592,37.4165],[-84.2589,37.418],[-84.2598,37.4195],[-84.2585,37.4188],[-84.2579,37.4189],[-84.2552,37.4209],[-84.2552,37.4213],[-84.2561,37.4219],[-84.2549,37.4219],[-84.2536,37.4213],[-84.253,37.4219],[-84.2508,37.4225],[-84.2499,37.4226],[-84.2499,37.4221],[-84.2535,37.4206],[-84.2551,37.4216],[-84.2547,37.4206],[-84.2554,37.4201],[-84.2502,37.4213]]],[[[-84.2534,37.4684],[-84.2543,37.4675],[-84.2528,37.4673],[-84.2535,37.466],[-84.2522,37.4648],[-84.2529,37.4643],[-84.2574,37.4642],[-84.2589,37.4629],[-84.2594,37.4621],[-84.2589,37.4603],[-84.2575,37.4625],[-84.257,37.4622],[-84.2571,37.4602],[-84.2561,37.4599],[-84.256,37.4595],[-84.2568,37.4585],[-84.2564,37.4581],[-84.2546,37.4582],[-84.2532,37.4599],[-84.2523,37.4596],[-84.251,37.4606],[-84.2499,37.4609],[-84.2499,37.46],[-84.2518,37.4581],[-84.2499,37.4568],[-84.2499,37.4559],[-84.2508,37.4554],[-84.2517,37.4563],[-84.253,37.4565],[-84.2534,37.4561],[-84.2554,37.4558],[-84.2554,37.4545],[-84.2575,37.4557],[-84.2579,37.4556],[-84.2584,37.455],[-84.2586,37.4533],[-84.2603,37.4538],[-84.2618,37.4534],[-84.2629,37.4524],[-84.2621,37.4512],[-84.2633,37.4508],[-84.2628,37.4499],[-84.265,37.45],[-84.2657,37.4482],[-84.2656,37.447],[-84.2644,37.4466],[-84.2613,37.4473],[-84.2601,37.4472],[-84.2578,37.448],[-84.2565,37.4477],[-84.2556,37.448],[-84.2566,37.4474],[-84.2577,37.4474],[-84.2609,37.4463],[-84.2629,37.4452],[-84.2633,37.4444],[-84.262,37.4434],[-84.2585,37.4428],[-84.2569,37.4431],[-84.2545,37.443],[-84.254,37.4428],[-84.257,37.4421],[-84.2583,37.4413],[-84.2591,37.4417],[-84.2616,37.4417],[-84.2625,37.4406],[-84.2632,37.442],[-84.2646,37.4422],[-84.2656,37.4435],[-84.2673,37.4441],[-84.2686,37.4435],[-84.2692,37.4429],[-84.2686,37.4416],[-84.2687,37.4409],[-84.272,37.4415],[-84.2743,37.4408],[-84.2748,37.4403],[-84.2748,37.4397],[-84.2736,37.4388],[-84.2745,37.438],[-84.2751,37.4363],[-84.2745,37.4355],[-84.2724,37.4352],[-84.2705,37.4359],[-84.2696,37.4359],[-84.2688,37.4364],[-84.2687,37.4356],[-84.2668,37.4352],[-84.266,37.436],[-84.2654,37.4356],[-84.2658,37.4348],[-84.2624,37.4342],[-84.2657,37.4339],[-84.2662,37.4332],[-84.2667,37.434],[-84.2675,37.4344],[-84.2703,37.4342],[-84.2721,37.4332],[-84.2715,37.4324],[-84.2718,37.4318],[-84.2718,37.4305],[-84.2732,37.4322],[-84.2757,37.4339],[-84.2771,37.4344],[-84.2783,37.4342],[-84.2793,37.4333],[-84.2794,37.4325],[-84.2789,37.4318],[-84.2797,37.431],[-84.2787,37.4301],[-84.2798,37.4293],[-84.2805,37.4265],[-84.2797,37.4263],[-84.2755,37.4267],[-84.2747,37.4264],[-84.2767,37.4259],[-84.279,37.4249],[-84.279,37.4239],[-84.2782,37.4231],[-84.2786,37.4222],[-84.2795,37.4225],[-84.2812,37.4248],[-84.2847,37.4249],[-84.2902,37.4238],[-84.2919,37.4223],[-84.2911,37.4202],[-84.2901,37.4206],[-84.2891,37.4199],[-84.2868,37.4201],[-84.2871,37.4192],[-84.2852,37.4176],[-84.2878,37.4185],[-84.29,37.4185],[-84.2907,37.4183],[-84.2915,37.4163],[-84.2904,37.4139],[-84.2889,37.4127],[-84.2907,37.4134],[-84.2928,37.4158],[-84.2936,37.4153],[-84.2939,37.4148],[-84.2945,37.4149],[-84.2954,37.4146],[-84.2968,37.415],[-84.2979,37.4148],[-84.3006,37.4139],[-84.3011,37.4133],[-84.3026,37.4134],[-84.3037,37.4128],[-84.3037,37.4118],[-84.3025,37.4119],[-84.3037,37.411],[-84.3032,37.41],[-84.3024,37.4095],[-84.3017,37.4099],[-84.3017,37.4093],[-84.3006,37.4084],[-84.2996,37.4086],[-84.2993,37.4092],[-84.2995,37.4099],[-84.2985,37.4102],[-84.298,37.4111],[-84.2958,37.4107],[-84.297,37.41],[-84.2977,37.4086],[-84.2955,37.404],[-84.2956,37.4033],[-84.2968,37.4013],[-84.2988,37.3993],[-84.2989,37.3985],[-84.2979,37.398],[-84.297,37.3986],[-84.296,37.3988],[-84.2951,37.3995],[-84.2947,37.4011],[-84.2943,37.4008],[-84.2933,37.4022],[-84.2932,37.4019],[-84.2941,37.3994],[-84.2962,37.3982],[-84.2978,37.3966],[-84.2994,37.3963],[-84.3,37.3971],[-84.2996,37.3989],[-84.2963,37.4023],[-84.296,37.403],[-84.2963,37.4044],[-84.2983,37.4082],[-84.2975,37.4099],[-84.2967,37.4105],[-84.2976,37.4103],[-84.298,37.4106],[-84.2982,37.4094],[-84.2988,37.4096],[-84.2986,37.4088],[-84.2989,37.4083],[-84.2994,37.4079],[-84.3006,37.4078],[-84.3028,37.4085],[-84.3039,37.4085],[-84.3038,37.4094],[-84.3053,37.4119],[-84.3043,37.4133],[-84.3037,37.4136],[-84.3018,37.4139],[-84.2979,37.4153],[-84.2951,37.4151],[-84.2932,37.4162],[-84.2924,37.416],[-84.2912,37.4145],[-84.2923,37.4164],[-84.2922,37.4171],[-84.2914,37.4185],[-84.2905,37.4189],[-84.2881,37.4189],[-84.2866,37.4183],[-84.2878,37.4191],[-84.2878,37.4195],[-84.2896,37.4191],[-84.2901,37.4197],[-84.2905,37.4193],[-84.2918,37.4193],[-84.2929,37.4187],[-84.2938,37.4229],[-84.2927,37.4242],[-84.2923,37.4253],[-84.2907,37.4253],[-84.2899,37.4258],[-84.2872,37.4255],[-84.2819,37.4256],[-84.2805,37.4249],[-84.2793,37.4229],[-84.2791,37.4233],[-84.2788,37.4231],[-84.2801,37.425],[-84.2778,37.4259],[-84.2805,37.4254],[-84.2815,37.426],[-84.2827,37.4263],[-84.2828,37.4273],[-84.2834,37.4275],[-84.2836,37.428],[-84.2841,37.4272],[-84.2848,37.4275],[-84.2842,37.4292],[-84.283,37.4306],[-84.2829,37.4312],[-84.2816,37.4328],[-84.2801,37.4334],[-84.2793,37.4344],[-84.2771,37.4354],[-84.2742,37.4344],[-84.2731,37.433],[-84.2732,37.4338],[-84.2701,37.4348],[-84.2735,37.434],[-84.2764,37.4355],[-84.2771,37.4363],[-84.2773,37.4374],[-84.2763,37.4382],[-84.2772,37.4381],[-84.2774,37.4408],[-84.279,37.4419],[-84.2788,37.4426],[-84.2772,37.4424],[-84.2752,37.4429],[-84.273,37.4424],[-84.2729,37.4428],[-84.2713,37.4434],[-84.2702,37.4453],[-84.2694,37.4455],[-84.266,37.4447],[-84.2638,37.443],[-84.2628,37.4426],[-84.2624,37.442],[-84.2614,37.4424],[-84.2581,37.4422],[-84.2561,37.4427],[-84.2573,37.4428],[-84.2586,37.4424],[-84.263,37.4431],[-84.2639,37.4436],[-84.2649,37.4447],[-84.2632,37.4458],[-84.2656,37.445],[-84.2675,37.4452],[-84.2683,37.4456],[-84.2687,37.4463],[-84.2684,37.4471],[-84.2684,37.4484],[-84.2678,37.4494],[-84.2678,37.4501],[-84.267,37.4512],[-84.2657,37.4522],[-84.2646,37.452],[-84.2653,37.4524],[-84.265,37.4529],[-84.2612,37.4546],[-84.2609,37.4551],[-84.2605,37.4552],[-84.26,37.4549],[-84.2591,37.4564],[-84.2579,37.4571],[-84.2568,37.4571],[-84.2574,37.4573],[-84.2589,37.4569],[-84.2614,37.4584],[-84.2618,37.459],[-84.2623,37.4611],[-84.2614,37.4633],[-84.2611,37.4654],[-84.2603,37.466],[-84.2586,37.4661],[-84.2562,37.4677],[-84.2542,37.4692],[-84.2523,37.4722],[-84.251,37.4731],[-84.2499,37.4734],[-84.2499,37.4722],[-84.2507,37.4708],[-84.2521,37.4698],[-84.2524,37.4688],[-84.2534,37.4684]]],[[[-84.2517,37.4856],[-84.2506,37.4846],[-84.2499,37.4846],[-84.2499,37.4828],[-84.251,37.4831],[-84.252,37.4825],[-84.2533,37.4823],[-84.2539,37.4813],[-84.2548,37.481],[-84.2553,37.4802],[-84.2562,37.48],[-84.2582,37.4779],[-84.2573,37.4776],[-84.2549,37.4793],[-84.2532,37.4794],[-84.2522,37.4792],[-84.252,37.4789],[-84.2537,37.4777],[-84.2541,37.4768],[-84.2519,37.4754],[-84.2512,37.4767],[-84.2502,37.4771],[-84.2499,37.4769],[-84.2499,37.4741],[-84.2519,37.4736],[-84.2543,37.4739],[-84.255,37.4744],[-84.2558,37.476],[-84.2558,37.4746],[-84.2571,37.4751],[-84.259,37.4752],[-84.2602,37.4765],[-84.2601,37.4786],[-84.2565,37.483],[-84.2554,37.4828],[-84.2539,37.4833],[-84.2557,37.4831],[-84.2561,37.4837],[-84.2548,37.4861],[-84.2532,37.4873],[-84.2499,37.4876],[-84.2499,37.4862],[-84.2523,37.4864],[-84.2529,37.4854],[-84.2526,37.4852],[-84.2517,37.4856]]],[[[-84.2501,37.4941],[-84.2499,37.4944],[-84.2499,37.4937],[-84.2501,37.4941]]],[[[-84.2562,37.4962],[-84.2572,37.4946],[-84.2569,37.4941],[-84.2555,37.4937],[-84.256,37.4919],[-84.2549,37.4926],[-84.2539,37.4927],[-84.2536,37.494],[-84.2523,37.4937],[-84.2516,37.4943],[-84.251,37.4944],[-84.2502,37.494],[-84.2499,37.4928],[-84.2499,37.4888],[-84.2525,37.4891],[-84.2521,37.491],[-84.2528,37.4907],[-84.2526,37.49],[-84.2534,37.4889],[-84.2566,37.4887],[-84.2578,37.4895],[-84.2587,37.4915],[-84.2592,37.4919],[-84.2589,37.4922],[-84.2588,37.4938],[-84.2575,37.4972],[-84.2567,37.4979],[-84.2558,37.4977],[-84.2564,37.4982],[-84.2572,37.4984],[-84.2569,37.5001],[-84.2535,37.5001],[-84.2542,37.4998],[-84.2543,37.4985],[-84.2523,37.4971],[-84.2562,37.4962]],[[-84.2557,37.4914],[-84.2559,37.4916],[-84.2563,37.4913],[-84.2559,37.4911],[-84.2557,37.4914]]],[[[-84.2499,37.4998],[-84.2502,37.5],[-84.2499,37.5001],[-84.2499,37.4998]]]]}},{"type":"Feature","properties":{"quadrangle_name":"Zachariah"},"geometry":{"type":"MultiPolygon","coordinates":[[[[-83.7119,37.7501],[-83.7118,37.7497],[-83.7106,37.7486],[-83.709,37.7482],[-83.7089,37.7456],[-83.7077,37.7443],[-83.7089,37.7451],[-83.7097,37.7477],[-83.712,37.7484],[-83.7133,37.7495],[-83.7131,37.7501],[-83.7119,37.7501]]],[[[-83.7207,37.7501],[-83.7197,37.7485],[-83.7206,37.7453],[-83.7209,37.7466],[-83.7203,37.7478],[-83.7205,37.7488],[-83.7214,37.7501],[-83.7207,37.7501]]]]}}]}