{"type":"FeatureCollection","features":[{"type":"Feature","geometry":{"type":"LineString","coordinates":[[-84.2321,37.4972],[-84.23231,37.4972],[-84.23254,37.49721],[-84.23277,37.49722],[-84.23298,37.4974],[-84.23321,37.49741]]},"properties":{"rank":1,"priority":"TOP PRIORITY","kind":"source"}},{"type":"Feature","geometry":{"type":"LineString","coordinates":[[-84.2321,37.4972],[-84.23231,37.4972],[-84.23254,37.49721],[-84.23277,37.49722],[-84.23298,37.4974],[-84.23321,37.49741],[-84.23344,37.49741],[-84.23366,37.49742],[-84.23389,37.49742],[-84.23411,37.49743],[-84.23434,37.49743],[-84.23457,37.49744],[-84.23479,37.49744],[-84.23502,37.49745],[-84.23524,37.49745],[-84.23546,37.49764],[-84.23569,37.49764],[-84.23592,37.49765],[-84.23614,37.49783],[-84.23636,37.49784],[-84.23659,37.49785],[-84.23681,37.49785],[-84.23704,37.49786],[-84.23727,37.49786],[-84.23727,37.49768],[-84.23728,37.4975],[-84.23751,37.49733],[-84.23752,37.49715],[-84.23752,37.49697],[-84.23753,37.49679],[-84.23754,37.49661],[-84.23754,37.49643],[-84.23755,37.49625],[-84.23778,37.49607],[-84.23779,37.49589],[-84.23802,37.49572],[-84.23803,37.49554],[-84.23781,37.49535],[-84.23804,37.49518],[-84.23805,37.495],[-84.23806,37.49482],[-84.23829,37.49464],[-84.2383,37.49446],[-84.2383,37.49428],[-84.23853,37.49411],[-84.23854,37.49393],[-84.23877,37.49375],[-84.23878,37.49357],[-84.23879,37.49339],[-84.23879,37.49321],[-84.2388,37.49303],[-84.23903,37.49286],[-84.23904,37.49268],[-84.23927,37.4925],[-84.23928,37.49232],[-84.23929,37.49214],[-84.23952,37.49197]]},"properties":{"rank":1,"priority":"TOP PRIORITY","kind":"primary"}},{"type":"Feature","geometry":{"type":"LineString","coordinates":[[-84.23952,37.49197],[-84.23953,37.49179],[-84.23953,37.49161],[-84.23954,37.49143],[-84.23977,37.49125],[-84.23978,37.49107],[-84.24001,37.4909],[-84.24024,37.49072],[-84.24025,37.49054],[-84.24026,37.49036],[-84.24049,37.49019],[-84.2405,37.49001],[-84.2405,37.48983],[-84.24051,37.48965],[-84.24074,37.48947],[-84.24097,37.4893],[-84.2412,37.4893],[-84.24143,37.48931],[-84.24166,37.48913],[-84.24188,37.48914],[-84.2421,37.48932],[-84.24233,37.48933],[-84.24256,37.48933],[-84.24279,37.48916],[-84.24302,37.48898],[-84.24325,37.48899],[-84.24347,37.489],[-84.2437,37.489],[-84.24392,37.48901],[-84.24415,37.48901],[-84.24438,37.48902],[-84.2446,37.48902],[-84.24483,37.48903],[-84.24505,37.48903],[-84.24529,37.48886],[-84.24551,37.48886],[-84.24574,37.48887],[-84.24597,37.48887],[-84.24619,37.48888],[-84.24642,37.4887],[-84.24665,37.48871],[-84.24688,37.48853],[-84.24711,37.48854],[-84.24734,37.48836],[-84.24757,37.48837],[-84.24779,37.48838],[-84.24803,37.4882],[-84.24826,37.48803],[-84.24848,37.48803],[-84.24872,37.48786],[-84.24894,37.48786],[-84.24917,37.48787],[-84.2494,37.48769],[-84.24963,37.4877],[-84.24985,37.4877],[-84.25008,37.48771],[-84.2503,37.48771],[-84.25053,37.48772],[-84.25076,37.48754],[-84.25099,37.48755],[-84.25122,37.48755],[-84.25144,37.48756],[-84.25167,37.48756],[-84.25189,37.48757],[-84.25212,37.48757],[-84.25235,37.48758],[-84.25257,37.48759],[-84.2528,37.48741],[-84.25303,37.48742],[-84.25326,37.48742],[-84.25349,37.48725],[-84.25372,37.48707],[-84.25395,37.4869],[-84.25419,37.48672],[-84.25441,37.48673],[-84.25464,37.48655],[-84.25465,37.48637],[-84.25488,37.4862],[-84.25512,37.48602],[-84.25535,37.48585],[-84.25536,37.48567],[-84.25536,37.48549],[-84.25559,37.48531],[-84.25583,37.48514],[-84.25606,37.48496],[-84.25629,37.48479],[-84.25652,37.48461],[-84.25653,37.48443],[-84.25676,37.48426],[-84.257,37.48408],[-84.25723,37.48391],[-84.25746,37.48373],[-84.25769,37.48356],[-84.2577,37.48338],[-84.25793,37.4832],[-84.25794,37.48302],[-84.25795,37.48284],[-84.25795,37.48266],[-84.25796,37.48248],[-84.25797,37.4823],[-84.25797,37.48212],[-84.25798,37.48194],[-84.25821,37.48177],[-84.25822,37.48159],[-84.25822,37.48141],[-84.25823,37.48123],[-84.25824,37.48105],[-84.25824,37.48087],[-84.25825,37.48069],[-84.25826,37.48051],[-84.25849,37.48033],[-84.25872,37.48016],[-84.25873,37.47998],[-84.25896,37.4798],[-84.25919,37.47981],[-84.25942,37.47963],[-84.2592,37.47945],[-84.25943,37.47927],[-84.25967,37.4791],[-84.2599,37.47893],[-84.25991,37.47874]]},"properties":{"rank":1,"priority":"TOP PRIORITY","kind":"extended"}},{"type":"Feature","geometry":{"type":"LineString","coordinates":[[-84.2458,37.5077],[-84.24595,37.50762],[-84.24619,37.50744],[-84.24641,37.50745],[-84.24664,37.50745],[-84.24687,37.50728],[-84.2471,37.5071]]},"properties":{"rank":2,"priority":"TOP PRIORITY","kind":"source"}},{"type":"Feature","geometry":{"type":"LineString","coordinates":[[-84.2458,37.5077],[-84.24595,37.50762],[-84.24619,37.50744],[-84.24641,37.50745],[-84.24664,37.50745],[-84.24687,37.50728],[-84.2471,37.5071],[-84.24734,37.50693],[-84.24757,37.50675],[-84.2478,37.50658],[-84.24804,37.5064],[-84.24804,37.50622],[-84.24827,37.50605],[-84.24851,37.50587],[-84.24874,37.5057],[-84.24897,37.50552],[-84.24921,37.50535],[-84.24944,37.50517],[-84.24944,37.50499],[-84.24945,37.50481],[-84.24968,37.50464],[-84.24969,37.50446],[-84.24992,37.50428],[-84.24993,37.5041],[-84.25016,37.50393],[-84.25039,37.50375],[-84.25062,37.50376],[-84.25085,37.50359],[-84.25109,37.50341],[-84.25131,37.50342],[-84.25153,37.5036],[-84.25176,37.50361],[-84.25198,37.50361],[-84.25221,37.50362],[-84.25244,37.50362],[-84.25266,37.50363],[-84.25288,37.50381],[-84.25311,37.50382],[-84.25333,37.50382],[-84.25356,37.50383],[-84.25379,37.50365],[-84.25402,37.50348],[-84.25425,37.50348],[-84.25448,37.50331],[-84.25471,37.50331],[-84.25494,37.50314],[-84.25495,37.50296],[-84.25495,37.50278],[-84.25496,37.5026],[-84.25497,37.50242],[-84.25497,37.50224],[-84.25521,37.50206]]},"properties":{"rank":2,"priority":"TOP PRIORITY","kind":"primary"}},{"type":"Feature","geometry":{"type":"LineString","coordinates":[[-84.25521,37.50206],[-84.25543,37.50207],[-84.25567,37.50189],[-84.25545,37.50171],[-84.25568,37.50153],[-84.2559,37.50154],[-84.25613,37.50155],[-84.25636,37.50137],[-84.25659,37.50138],[-84.25682,37.5012],[-84.25705,37.50103],[-84.25729,37.50085],[-84.25729,37.50067],[-84.25753,37.5005],[-84.25753,37.50032],[-84.25731,37.50013],[-84.25709,37.49995],[-84.2571,37.49977],[-84.25733,37.49959],[-84.25734,37.49941],[-84.25735,37.49923],[-84.25735,37.49905],[-84.25736,37.49887],[-84.25737,37.49869],[-84.25737,37.49851],[-84.25738,37.49833],[-84.25761,37.49816],[-84.25784,37.49798],[-84.25785,37.4978],[-84.25786,37.49762],[-84.25786,37.49744],[-84.25787,37.49726],[-84.25765,37.49708],[-84.25766,37.49689],[-84.25767,37.49671],[-84.2579,37.49654],[-84.25813,37.49637],[-84.25814,37.49619],[-84.25814,37.49601],[-84.25838,37.49583],[-84.25838,37.49565],[-84.25839,37.49547],[-84.25862,37.4953],[-84.25863,37.49512],[-84.25863,37.49494],[-84.25864,37.49476],[-84.25865,37.49458],[-84.25865,37.4944],[-84.25889,37.49422],[-84.25912,37.49405],[-84.25913,37.49387],[-84.25913,37.49369],[-84.25914,37.49351],[-84.25915,37.49333],[-84.25915,37.49315],[-84.25916,37.49296],[-84.25939,37.49279],[-84.2594,37.49261],[-84.25941,37.49243],[-84.25941,37.49225],[-84.25942,37.49207],[-84.25965,37.4919],[-84.25966,37.49172],[-84.25966,37.49153],[-84.25967,37.49135],[-84.25968,37.49117],[-84.25946,37.49099],[-84.25946,37.49081],[-84.25924,37.49062],[-84.25925,37.49044],[-84.25903,37.49026],[-84.25881,37.49007],[-84.25859,37.48989],[-84.2586,37.48971],[-84.25838,37.48952],[-84.25839,37.48934],[-84.25817,37.48916],[-84.25817,37.48898],[-84.25795,37.48879],[-84.25774,37.48861],[-84.25752,37.48842],[-84.25752,37.48824],[-84.2573,37.48806],[-84.25731,37.48788],[-84.25709,37.48769],[-84.25687,37.48751],[-84.25688,37.48733],[-84.25666,37.48714],[-84.25644,37.48695],[-84.25622,37.48677],[-84.25599,37.48676],[-84.25577,37.48658],[-84.25555,37.48639],[-84.25534,37.48621],[-84.25534,37.48603],[-84.25535,37.48585],[-84.25536,37.48567],[-84.25536,37.48549],[-84.25559,37.48531],[-84.25583,37.48514],[-84.25606,37.48496],[-84.25629,37.48479],[-84.25652,37.48461],[-84.25653,37.48443],[-84.25676,37.48426],[-84.257,37.48408],[-84.25723,37.48391],[-84.25746,37.48373],[-84.25769,37.48356],[-84.2577,37.48338],[-84.25793,37.4832],[-84.25794,37.48302],[-84.25795,37.48284],[-84.25795,37.48266],[-84.25796,37.48248],[-84.25797,37.4823],[-84.25797,37.48212],[-84.25798,37.48194],[-84.25821,37.48177]]},"properties":{"rank":2,"priority":"TOP PRIORITY","kind":"extended"}},{"type":"Feature","geometry":{"type":"LineString","coordinates":[[-83.8883,37.6333],[-83.88827,37.63352],[-83.88826,37.6337],[-83.88826,37.63388],[-83.88802,37.63405]]},"properties":{"rank":3,"priority":"TOP PRIORITY","kind":"source"}},{"type":"Feature","geometry":{"type":"LineString","coordinates":[[-83.8883,37.6333],[-83.88827,37.63352],[-83.88826,37.6337],[-83.88826,37.63388],[-83.88802,37.63405],[-83.88802,37.63423],[-83.88801,37.63441],[-83.888,37.63459],[-83.88799,37.63477],[-83.88799,37.63495],[-83.88798,37.63513],[-83.88797,37.63531],[-83.88796,37.63549],[-83.88796,37.63567],[-83.88795,37.63585],[-83.88794,37.63603],[-83.88771,37.63621],[-83.8877,37.63639],[-83.88769,37.63657],[-83.88746,37.63674],[-83.88722,37.63692],[-83.88722,37.6371],[-83.88698,37.63727],[-83.88675,37.63744],[-83.88674,37.63762],[-83.88651,37.6378],[-83.88628,37.63779],[-83.88605,37.63797],[-83.88581,37.63814],[-83.88559,37.63813],[-83.88536,37.63813],[-83.88513,37.6383],[-83.88489,37.63848],[-83.88466,37.63865],[-83.88443,37.63882],[-83.8842,37.63882],[-83.88397,37.63881],[-83.88375,37.63881],[-83.88352,37.6388],[-83.88329,37.63897],[-83.88328,37.63915],[-83.88305,37.63915],[-83.88283,37.63914],[-83.88261,37.63896],[-83.88239,37.63877],[-83.88217,37.63858],[-83.88194,37.63858],[-83.88172,37.63839],[-83.8815,37.63839],[-83.88127,37.63838],[-83.88105,37.63819],[-83.88083,37.63801],[-83.88061,37.638],[-83.88039,37.63782]]},"properties":{"rank":3,"priority":"TOP PRIORITY","kind":"primary"}},{"type":"Feature","geometry":{"type":"LineString","coordinates":[[-83.88039,37.63782],[-83.88017,37.63763],[-83.87994,37.63762],[-83.87972,37.63762],[-83.87949,37.63761],[-83.87926,37.63761],[-83.87904,37.6376],[-83.8788,37.63777],[-83.87858,37.63777],[-83.87834,37.63794],[-83.87811,37.63812],[-83.87788,37.63829],[-83.87764,37.63846],[-83.87763,37.63864],[-83.8774,37.63882],[-83.87717,37.63899],[-83.87716,37.63917],[-83.87693,37.63935],[-83.8767,37.63934],[-83.87647,37.63951],[-83.87624,37.63951],[-83.876,37.63968],[-83.876,37.63986],[-83.87599,37.64004],[-83.87576,37.64022],[-83.87575,37.6404],[-83.87551,37.64057],[-83.87551,37.64075],[-83.8755,37.64093],[-83.87572,37.64112],[-83.87594,37.6413],[-83.87616,37.64149],[-83.87637,37.64167],[-83.87637,37.64185],[-83.87613,37.64203],[-83.87591,37.64202],[-83.87569,37.64184],[-83.87545,37.64201],[-83.87523,37.642],[-83.87499,37.64218],[-83.87477,37.64217],[-83.87453,37.64235],[-83.87431,37.64234],[-83.87407,37.64251],[-83.87385,37.64251],[-83.87362,37.6425],[-83.8734,37.64232],[-83.87317,37.64249],[-83.87293,37.64266],[-83.87271,37.64266],[-83.87248,37.64265],[-83.87225,37.64283],[-83.87224,37.64301],[-83.87246,37.64319],[-83.87245,37.64337],[-83.87244,37.64355],[-83.87244,37.64373],[-83.87243,37.64391],[-83.87242,37.64409],[-83.87241,37.64427]]},"properties":{"rank":3,"priority":"TOP PRIORITY","kind":"extended"}},{"type":"Feature","geometry":{"type":"LineString","coordinates":[[-84.2226,37.539],[-84.22285,37.53897],[-84.22307,37.53916],[-84.22329,37.53934]]},"properties":{"rank":4,"priority":"TOP PRIORITY","kind":"source"}},{"type":"Feature","geometry":{"type":"LineString","coordinates":[[-84.2226,37.539],[-84.22285,37.53897],[-84.22307,37.53916],[-84.22329,37.53934],[-84.22351,37.53953],[-84.22373,37.53971],[-84.22395,37.5399],[-84.22394,37.54008],[-84.22416,37.54027],[-84.22438,37.54045],[-84.2246,37.54064],[-84.22482,37.54082],[-84.22504,37.54101],[-84.22526,37.54101],[-84.22548,37.5412],[-84.22571,37.5412],[-84.22593,37.54121],[-84.22616,37.54121],[-84.22639,37.54122],[-84.22661,37.54122],[-84.22684,37.54123],[-84.22706,37.54141],[-84.22728,37.5416],[-84.22727,37.54178],[-84.22749,37.54197],[-84.22771,37.54215],[-84.2277,37.54233],[-84.2277,37.54251],[-84.22769,37.54269],[-84.22768,37.54287],[-84.22768,37.54305],[-84.22767,37.54323],[-84.22789,37.54342],[-84.22788,37.5436],[-84.22788,37.54378],[-84.22809,37.54396],[-84.22809,37.54414],[-84.22808,37.54432],[-84.22807,37.5445],[-84.22807,37.54468],[-84.22806,37.54486],[-84.22805,37.54504],[-84.22782,37.54522],[-84.22782,37.5454],[-84.22781,37.54558],[-84.22758,37.54575],[-84.22757,37.54593],[-84.22756,37.54611],[-84.22756,37.54629],[-84.22755,37.54647],[-84.22754,37.54665],[-84.22731,37.54683],[-84.22708,37.547],[-84.22707,37.54718]]},"properties":{"rank":4,"priority":"TOP PRIORITY","kind":"primary"}},{"type":"Feature","geometry":{"type":"LineString","coordinates":[[-84.22707,37.54718],[-84.22706,37.54736],[-84.22683,37.54754],[-84.22682,37.54772],[-84.22682,37.5479],[-84.22681,37.54808],[-84.2268,37.54826],[-84.22657,37.54843],[-84.22634,37.54861],[-84.22611,37.54878],[-84.2261,37.54896],[-84.22609,37.54914],[-84.22609,37.54932],[-84.22585,37.5495],[-84.22562,37.54967],[-84.22539,37.54985],[-84.22515,37.55002],[-84.22493,37.55002],[-84.2247,37.55019],[-84.22447,37.55018],[-84.22446,37.55036],[-84.22423,37.55054],[-84.224,37.55053],[-84.22378,37.55053],[-84.22354,37.5507],[-84.22331,37.55088],[-84.22308,37.55105],[-84.22285,37.55123],[-84.22262,37.55122],[-84.22239,37.55122],[-84.22216,37.55139],[-84.22193,37.55139],[-84.2217,37.55156],[-84.22148,37.55156],[-84.22125,37.55155],[-84.22102,37.55155],[-84.2208,37.55136],[-84.22058,37.55135],[-84.22034,37.55153],[-84.22011,37.5517],[-84.22011,37.55188],[-84.21987,37.55206],[-84.21965,37.55205],[-84.21941,37.55223],[-84.21919,37.55222],[-84.21896,37.55222],[-84.21873,37.55239],[-84.2185,37.55239],[-84.21828,37.55238],[-84.21806,37.5522],[-84.21783,37.55219],[-84.2176,37.55237],[-84.21737,37.55236],[-84.21714,37.55235],[-84.21692,37.55235],[-84.21669,37.55252],[-84.21668,37.5527],[-84.21667,37.55288],[-84.21667,37.55306],[-84.21689,37.55325],[-84.21688,37.55343],[-84.21687,37.55361],[-84.21687,37.55379],[-84.21686,37.55397],[-84.21685,37.55415],[-84.21662,37.55432],[-84.21639,37.55432],[-84.21616,37.55449],[-84.21593,37.55449],[-84.21571,37.55448],[-84.21548,37.55448],[-84.21526,37.55429],[-84.21504,37.55411],[-84.21482,37.55392],[-84.2146,37.55374],[-84.21438,37.55355],[-84.21416,37.55337],[-84.21393,37.55354],[-84.21393,37.55372],[-84.21392,37.5539],[-84.21369,37.55408],[-84.21345,37.55425],[-84.21323,37.55424],[-84.21299,37.55442],[-84.21277,37.55441],[-84.21254,37.55441],[-84.21232,37.5544],[-84.21209,37.5544],[-84.21186,37.55457],[-84.21163,37.55457],[-84.2114,37.55474],[-84.21139,37.55492],[-84.21116,37.5551],[-84.21092,37.55527],[-84.2107,37.55527],[-84.21048,37.55508],[-84.21025,37.55508],[-84.21003,37.55507],[-84.2098,37.55506],[-84.20957,37.55506],[-84.20935,37.55505],[-84.20912,37.55505],[-84.2089,37.55504],[-84.20867,37.55504],[-84.20844,37.55503],[-84.20822,37.55503],[-84.208,37.55484],[-84.20778,37.55466],[-84.20755,37.55465],[-84.20733,37.55465],[-84.2071,37.55464],[-84.20687,37.55482],[-84.20663,37.55499],[-84.20641,37.55498],[-84.20617,37.55516],[-84.20617,37.55534],[-84.20616,37.55552],[-84.20615,37.5557],[-84.20615,37.55588],[-84.20614,37.55606],[-84.20636,37.55624]]},"properties":{"rank":4,"priority":"TOP PRIORITY","kind":"extended"}},{"type":"Feature","geometry":{"type":"LineString","coordinates":[[-84.1609,37.5439],[-84.16111,37.54381],[-84.16134,37.54364],[-84.16135,37.54346],[-84.16158,37.54328],[-84.16181,37.54311]]},"properties":{"rank":5,"priority":"TOP PRIORITY","kind":"source"}},{"type":"Feature","geometry":{"type":"LineString","coordinates":[[-84.1609,37.5439],[-84.16111,37.54381],[-84.16134,37.54364],[-84.16135,37.54346],[-84.16158,37.54328],[-84.16181,37.54311],[-84.16204,37.54293],[-84.16228,37.54276],[-84.16228,37.54258],[-84.16252,37.5424],[-84.16252,37.54222],[-84.16276,37.54205],[-84.16276,37.54187],[-84.163,37.54169],[-84.163,37.54151],[-84.16324,37.54134],[-84.16324,37.54116],[-84.16348,37.54098],[-84.16371,37.54081],[-84.16372,37.54063],[-84.16395,37.54046],[-84.16396,37.54028],[-84.16419,37.5401],[-84.16442,37.53993],[-84.16443,37.53975],[-84.16466,37.53957],[-84.16489,37.5394],[-84.1649,37.53922],[-84.16491,37.53904],[-84.16492,37.53886],[-84.16515,37.53868],[-84.16538,37.53851],[-84.16561,37.53833],[-84.16584,37.53834],[-84.16607,37.53834],[-84.1663,37.53817],[-84.16653,37.53799],[-84.16677,37.53782],[-84.16655,37.53763],[-84.16655,37.53745],[-84.16679,37.53728],[-84.16701,37.53729],[-84.16723,37.53747],[-84.16745,37.53766],[-84.16767,37.53784],[-84.16789,37.53803],[-84.16811,37.53821],[-84.16833,37.5384],[-84.16855,37.5384],[-84.16878,37.53841]]},"properties":{"rank":5,"priority":"TOP PRIORITY","kind":"primary"}},{"type":"Feature","geometry":{"type":"LineString","coordinates":[[-84.16878,37.53841],[-84.169,37.53859],[-84.16923,37.5386],[-84.16945,37.53861],[-84.16968,37.53861],[-84.1699,37.53862],[-84.17013,37.53862],[-84.17036,37.53863],[-84.17057,37.53881],[-84.1708,37.53882],[-84.17102,37.539],[-84.17125,37.53901],[-84.17147,37.53919],[-84.17169,37.5392],[-84.17192,37.5392],[-84.17214,37.53921],[-84.17236,37.5394],[-84.17259,37.5394],[-84.17282,37.53941],[-84.17303,37.53959],[-84.17326,37.5396],[-84.17348,37.53978],[-84.17371,37.53979],[-84.17393,37.53979],[-84.17416,37.5398],[-84.17438,37.5398],[-84.17461,37.53981],[-84.17484,37.53982],[-84.17506,37.53982],[-84.17529,37.53983],[-84.17552,37.53983],[-84.17574,37.53984],[-84.17597,37.53966],[-84.1762,37.53967],[-84.17643,37.53967],[-84.17665,37.53968],[-84.17688,37.53968],[-84.1771,37.53987],[-84.17732,37.53988],[-84.17755,37.53988],[-84.17778,37.53989],[-84.178,37.54007],[-84.17822,37.54026],[-84.17844,37.54026],[-84.17867,37.54027],[-84.17889,37.54027],[-84.17911,37.54046],[-84.17934,37.54046],[-84.17957,37.54047],[-84.17979,37.54047],[-84.18001,37.54066],[-84.18,37.54084],[-84.18022,37.54103],[-84.18044,37.54121],[-84.18066,37.5414],[-84.18088,37.54158],[-84.1811,37.54177],[-84.18132,37.54195],[-84.18154,37.54214],[-84.18177,37.54214],[-84.18198,37.54233],[-84.1822,37.54251],[-84.18242,37.5427],[-84.18242,37.54288],[-84.18264,37.54307],[-84.18286,37.54325],[-84.18285,37.54343],[-84.18284,37.54361],[-84.18283,37.54379],[-84.18283,37.54397],[-84.18282,37.54415],[-84.18304,37.54434],[-84.18303,37.54452],[-84.18325,37.5447],[-84.18325,37.54488],[-84.18347,37.54507],[-84.18346,37.54525],[-84.18368,37.54543],[-84.1839,37.54562],[-84.18389,37.5458],[-84.18388,37.54598],[-84.18388,37.54616],[-84.18387,37.54634],[-84.18386,37.54652],[-84.18408,37.5467],[-84.18408,37.54688],[-84.1843,37.54707],[-84.18429,37.54725],[-84.18428,37.54743],[-84.18428,37.54761],[-84.18449,37.5478],[-84.18449,37.54798],[-84.18448,37.54816],[-84.18447,37.54834],[-84.18469,37.54852],[-84.18491,37.54871],[-84.18513,37.54889],[-84.18513,37.54907],[-84.18535,37.54926],[-84.18534,37.54944],[-84.18533,37.54962],[-84.18555,37.5498],[-84.18554,37.54998],[-84.18554,37.55016],[-84.18553,37.55034],[-84.18552,37.55052],[-84.18552,37.5507],[-84.18574,37.55089],[-84.18596,37.55089],[-84.18618,37.55108],[-84.18618,37.55126],[-84.18639,37.55145],[-84.18661,37.55163],[-84.18661,37.55181],[-84.1866,37.55199],[-84.18682,37.55218],[-84.18704,37.55236],[-84.18703,37.55254],[-84.18725,37.55273],[-84.18747,37.55291],[-84.18769,37.5531],[-84.18791,37.55328]]},"properties":{"rank":5,"priority":"TOP PRIORITY","kind":"extended"}},{"type":"Feature","geometry":{"type":"LineString","coordinates":[[-84.041,37.6144],[-84.04086,37.6142],[-84.04064,37.61402],[-84.04064,37.61384],[-84.04042,37.61365]]},"properties":{"rank":6,"priority":"TOP PRIORITY","kind":"source"}},{"type":"Feature","geometry":{"type":"LineString","coordinates":[[-84.041,37.6144],[-84.04086,37.6142],[-84.04064,37.61402],[-84.04064,37.61384],[-84.04042,37.61365],[-84.04021,37.61346],[-84.04021,37.61328],[-84.03999,37.6131],[-84.04,37.61292],[-84.03978,37.61273],[-84.03979,37.61255],[-84.0398,37.61237],[-84.03958,37.61219],[-84.03958,37.61201],[-84.03959,37.61183],[-84.03937,37.61164],[-84.03938,37.61146],[-84.03961,37.61129],[-84.03962,37.61111],[-84.03985,37.61093],[-84.03986,37.61075],[-84.03987,37.61057],[-84.03987,37.61039],[-84.03988,37.61021],[-84.03989,37.61003],[-84.0399,37.60985],[-84.0399,37.60967],[-84.03991,37.60949],[-84.03992,37.60931],[-84.03992,37.60913],[-84.0397,37.60895],[-84.03971,37.60877],[-84.03949,37.60858],[-84.0395,37.6084],[-84.03951,37.60822],[-84.03929,37.60804],[-84.0393,37.60786],[-84.0393,37.60767],[-84.03931,37.60749],[-84.03932,37.60731],[-84.03932,37.60713],[-84.03933,37.60695],[-84.03934,37.60677],[-84.03912,37.60659],[-84.03913,37.60641],[-84.03913,37.60623],[-84.03914,37.60605],[-84.03892,37.60586],[-84.03915,37.60569],[-84.03939,37.60551],[-84.0394,37.60533],[-84.03918,37.60515],[-84.03896,37.60496],[-84.03896,37.60478],[-84.03874,37.6046]]},"properties":{"rank":6,"priority":"TOP PRIORITY","kind":"primary"}},{"type":"Feature","geometry":{"type":"LineString","coordinates":[[-84.03874,37.6046],[-84.03853,37.60441],[-84.03831,37.60423],[-84.03808,37.60422],[-84.03786,37.60403],[-84.03787,37.60385],[-84.03764,37.60385],[-84.03742,37.60366],[-84.0372,37.60348],[-84.03698,37.60347],[-84.03675,37.60347],[-84.03652,37.60346],[-84.0363,37.60345],[-84.03607,37.60345],[-84.03585,37.60344],[-84.03562,37.60344],[-84.03539,37.60361],[-84.03516,37.60361],[-84.03493,37.6036],[-84.03471,37.60359],[-84.03449,37.60341],[-84.03426,37.6034],[-84.03404,37.60322],[-84.03382,37.60303],[-84.03383,37.60285],[-84.03361,37.60267],[-84.03339,37.60248],[-84.03317,37.60247],[-84.03294,37.60247]]},"properties":{"rank":6,"priority":"TOP PRIORITY","kind":"extended"}},{"type":"Feature","geometry":{"type":"LineString","coordinates":[[-84.0106,37.5841],[-84.01034,37.58424],[-84.01011,37.58423],[-84.00989,37.58423],[-84.00967,37.58404],[-84.00945,37.58386],[-84.00946,37.58368],[-84.00924,37.58349]]},"properties":{"rank":7,"priority":"TOP PRIORITY","kind":"source"}},{"type":"Feature","geometry":{"type":"LineString","coordinates":[[-84.0106,37.5841],[-84.01034,37.58424],[-84.01011,37.58423],[-84.00989,37.58423],[-84.00967,37.58404],[-84.00945,37.58386],[-84.00946,37.58368],[-84.00924,37.58349],[-84.00902,37.5833],[-84.00903,37.58312],[-84.00881,37.58294],[-84.00881,37.58276],[-84.0086,37.58257],[-84.00837,37.58257],[-84.00815,37.58238],[-84.00793,37.58219],[-84.00771,37.58201],[-84.00749,37.582],[-84.00727,37.58182],[-84.00705,37.58163],[-84.00683,37.58145],[-84.00661,37.58126],[-84.00639,37.58107],[-84.00617,37.58089],[-84.00595,37.5807],[-84.00596,37.58052],[-84.00574,37.58034],[-84.00552,37.58015],[-84.0053,37.57997],[-84.00508,37.57978],[-84.00487,37.57959],[-84.00464,37.57959],[-84.00442,37.5794],[-84.00419,37.57958],[-84.00395,37.57975],[-84.00373,37.57957],[-84.00351,37.57956],[-84.00328,37.57955],[-84.00306,37.57955],[-84.00283,37.57954],[-84.00261,37.57936],[-84.00238,37.57935],[-84.00217,37.57916],[-84.00194,37.57916],[-84.00171,37.57915],[-84.00149,37.57915],[-84.00126,37.57914],[-84.00103,37.57914],[-84.00081,37.57913],[-84.00058,37.57912],[-84.00036,37.57912]]},"properties":{"rank":7,"priority":"TOP PRIORITY","kind":"primary"}},{"type":"Feature","geometry":{"type":"LineString","coordinates":[[-84.00036,37.57912],[-84.00012,37.57929],[-83.9999,37.57929],[-83.99967,37.57928],[-83.99944,37.57928],[-83.99921,37.57945],[-83.99898,37.57944],[-83.99877,37.57926],[-83.99853,37.57943],[-83.99831,37.57943],[-83.99808,37.57942],[-83.99785,37.57942],[-83.99763,37.57941],[-83.9974,37.5794],[-83.99718,37.5794],[-83.99694,37.57957],[-83.99672,37.57957],[-83.99649,37.57956],[-83.99626,37.57956],[-83.99604,37.57937],[-83.99581,37.57954],[-83.99558,37.57954],[-83.99535,37.57971],[-83.99512,37.57971],[-83.99512,37.57989],[-83.99488,37.58006],[-83.99466,37.58006],[-83.99465,37.58024],[-83.99442,37.58041],[-83.99419,37.5804],[-83.99396,37.58058],[-83.99373,37.58057],[-83.99351,37.58057],[-83.99328,37.58056],[-83.99305,37.58055],[-83.99283,37.58055],[-83.9926,37.58054],[-83.99237,37.58054],[-83.99214,37.58071],[-83.99191,37.58071],[-83.99169,37.5807],[-83.99146,37.58069],[-83.99124,37.58069],[-83.99101,37.58068],[-83.99078,37.58068],[-83.99056,37.58067],[-83.99032,37.58085],[-83.9901,37.58084],[-83.98987,37.58083],[-83.98965,37.58065],[-83.98943,37.58046],[-83.98921,37.58046],[-83.98898,37.58045],[-83.98876,37.58045],[-83.98853,37.58044],[-83.9883,37.58043],[-83.98808,37.58043],[-83.98784,37.5806],[-83.98762,37.5806],[-83.98739,37.58059],[-83.98717,37.5804],[-83.98695,37.5804],[-83.98671,37.58057],[-83.98649,37.58057],[-83.98625,37.58074],[-83.98625,37.58092],[-83.98601,37.5811],[-83.98578,37.58127],[-83.98554,37.58144],[-83.98532,37.58144],[-83.98508,37.58161],[-83.98485,37.58179],[-83.98463,37.58178],[-83.98439,37.58196],[-83.98416,37.58213],[-83.98393,37.58212],[-83.9837,37.5823],[-83.98347,37.58247],[-83.98324,37.58247],[-83.98301,37.58264],[-83.983,37.58282],[-83.98276,37.583],[-83.98253,37.58317],[-83.98252,37.58335],[-83.98229,37.58352],[-83.98228,37.5837],[-83.98205,37.58388],[-83.98182,37.58405],[-83.98158,37.58423],[-83.98158,37.58441],[-83.98157,37.58459],[-83.98133,37.58476],[-83.9811,37.58493],[-83.98109,37.58511],[-83.98086,37.58529],[-83.98085,37.58547],[-83.98085,37.58565],[-83.98061,37.58582],[-83.98061,37.586],[-83.9806,37.58618],[-83.98059,37.58636],[-83.98081,37.58655],[-83.9808,37.58673],[-83.9808,37.58691],[-83.98079,37.58709],[-83.98055,37.58726],[-83.98032,37.58744],[-83.98031,37.58762],[-83.98031,37.5878],[-83.9803,37.58798],[-83.98029,37.58816],[-83.98028,37.58834],[-83.98028,37.58852],[-83.98004,37.58869],[-83.97982,37.58869],[-83.97959,37.58868],[-83.97936,37.58885],[-83.97935,37.58903],[-83.97912,37.58921],[-83.97911,37.58939],[-83.9791,37.58957],[-83.97909,37.58975],[-83.97886,37.58992]]},"properties":{"rank":7,"priority":"TOP PRIORITY","kind":"extended"}},{"type":"Feature","geometry":{"type":"LineString","coordinates":[[-84.0131,37.6333],[-84.01336,37.63333],[-84.01358,37.63334],[-84.01382,37.63316],[-84.01404,37.63317]]},"properties":{"rank":8,"priority":"TOP PRIORITY","kind":"source"}},{"type":"Feature","geometry":{"type":"LineString","coordinates":[[-84.0131,37.6333],[-84.01336,37.63333],[-84.01358,37.63334],[-84.01382,37.63316],[-84.01404,37.63317],[-84.01427,37.63317],[-84.0145,37.63318],[-84.01473,37.63301],[-84.01496,37.63301],[-84.01519,37.63284],[-84.01542,37.63284],[-84.01565,37.63267],[-84.01588,37.63267],[-84.01611,37.6325],[-84.01634,37.63251],[-84.01657,37.63233],[-84.0168,37.63216],[-84.01704,37.63198],[-84.01726,37.63199],[-84.0175,37.63181],[-84.0175,37.63163],[-84.01774,37.63146],[-84.01797,37.63129],[-84.01821,37.63111],[-84.01844,37.63094],[-84.01867,37.63076],[-84.01868,37.63058],[-84.01891,37.63041],[-84.01914,37.63041],[-84.01915,37.63023],[-84.01915,37.63005],[-84.01894,37.62987],[-84.01894,37.62969],[-84.01895,37.62951],[-84.01873,37.62932],[-84.01874,37.62914],[-84.01874,37.62896],[-84.01853,37.62878],[-84.01853,37.6286],[-84.01831,37.62841],[-84.01832,37.62823],[-84.0181,37.62804],[-84.01811,37.62786],[-84.01789,37.62768],[-84.01767,37.62749],[-84.01745,37.62731],[-84.01723,37.62712],[-84.01701,37.62694],[-84.01679,37.62675],[-84.01657,37.62674],[-84.01635,37.62656]]},"properties":{"rank":8,"priority":"TOP PRIORITY","kind":"primary"}},{"type":"Feature","geometry":{"type":"LineString","coordinates":[[-84.01635,37.62656],[-84.01613,37.62637],[-84.0159,37.62637],[-84.01568,37.62618],[-84.01546,37.626],[-84.01524,37.62599],[-84.01502,37.6258],[-84.0148,37.62562],[-84.01481,37.62544],[-84.01459,37.62525],[-84.01436,37.62525],[-84.01437,37.62507],[-84.01415,37.62488],[-84.01393,37.6247],[-84.01371,37.62451],[-84.01349,37.6245],[-84.01326,37.6245],[-84.01303,37.62449],[-84.01281,37.62431],[-84.01259,37.62412],[-84.0126,37.62394],[-84.01261,37.62376],[-84.01238,37.62376],[-84.01216,37.62357],[-84.01194,37.62338],[-84.01172,37.62338],[-84.0115,37.62319],[-84.01127,37.62319],[-84.01105,37.623],[-84.01083,37.62281],[-84.01062,37.62263],[-84.0104,37.62244],[-84.01018,37.62226],[-84.00995,37.62225],[-84.00973,37.62207],[-84.00974,37.62189],[-84.00975,37.62171],[-84.00953,37.62152],[-84.00931,37.62133],[-84.00931,37.62115],[-84.00909,37.62115],[-84.00887,37.62096],[-84.00865,37.62078],[-84.00843,37.62059],[-84.00844,37.62041],[-84.00821,37.62041],[-84.00799,37.62022],[-84.008,37.62004],[-84.00777,37.62003],[-84.00755,37.62003],[-84.00732,37.62002],[-84.00709,37.62002],[-84.00687,37.62001],[-84.00664,37.62001],[-84.00642,37.62],[-84.0062,37.61981],[-84.00597,37.61981],[-84.00574,37.6198],[-84.00553,37.61962],[-84.00553,37.61944],[-84.00531,37.61925],[-84.00509,37.61907],[-84.00487,37.61906],[-84.00465,37.61887],[-84.00442,37.61887],[-84.0042,37.61868],[-84.00398,37.61868],[-84.00375,37.61867],[-84.00353,37.61848],[-84.00331,37.6183],[-84.00309,37.61811],[-84.0031,37.61793],[-84.00288,37.61775],[-84.00266,37.61756],[-84.00244,37.61738]]},"properties":{"rank":8,"priority":"TOP PRIORITY","kind":"extended"}},{"type":"Feature","geometry":{"type":"LineString","coordinates":[[-83.8586,37.7654],[-83.85868,37.76554],[-83.85867,37.76572],[-83.85867,37.7659],[-83.85889,37.76609],[-83.85888,37.76627]]},"properties":{"rank":9,"priority":"TOP PRIORITY","kind":"source"}},{"type":"Feature","geometry":{"type":"LineString","coordinates":[[-83.8586,37.7654],[-83.85868,37.76554],[-83.85867,37.76572],[-83.85867,37.7659],[-83.85889,37.76609],[-83.85888,37.76627],[-83.85887,37.76645],[-83.85886,37.76663],[-83.85886,37.76681],[-83.85885,37.76699],[-83.85884,37.76717],[-83.85883,37.76735],[-83.85905,37.76753],[-83.85904,37.76771],[-83.85904,37.76789],[-83.85903,37.76807],[-83.85902,37.76825],[-83.85901,37.76843],[-83.85878,37.76861],[-83.85877,37.76879],[-83.85876,37.76897],[-83.85876,37.76915],[-83.85875,37.76933],[-83.85874,37.76951],[-83.85873,37.76969],[-83.85873,37.76987],[-83.85872,37.77005],[-83.85894,37.77023],[-83.85916,37.77024],[-83.85939,37.77024],[-83.85961,37.77043],[-83.85983,37.77062],[-83.85982,37.7708],[-83.85981,37.77098],[-83.85981,37.77116],[-83.86003,37.77134],[-83.86025,37.77135],[-83.86047,37.77153],[-83.8607,37.77154],[-83.86092,37.77173],[-83.86091,37.77191],[-83.86113,37.77209],[-83.86136,37.7721],[-83.86159,37.77192],[-83.86182,37.77193],[-83.86204,37.77212],[-83.86226,37.77212],[-83.86248,37.77231],[-83.86271,37.77232],[-83.86294,37.77232],[-83.86316,37.77233],[-83.86339,37.77233],[-83.86361,37.77252],[-83.86383,37.77253],[-83.86405,37.77271],[-83.86382,37.77289]]},"properties":{"rank":9,"priority":"TOP PRIORITY","kind":"primary"}},{"type":"Feature","geometry":{"type":"LineString","coordinates":[[-83.86382,37.77289],[-83.86359,37.77306],[-83.86358,37.77324],[-83.86334,37.77341],[-83.86334,37.77359],[-83.86333,37.77377],[-83.86355,37.77396],[-83.86377,37.77415],[-83.86399,37.77433],[-83.86398,37.77451],[-83.86397,37.77469],[-83.86419,37.77488],[-83.86418,37.77506],[-83.8644,37.77524],[-83.86462,37.77543],[-83.86485,37.77544],[-83.86507,37.77562],[-83.86529,37.77581],[-83.8655,37.77599],[-83.86572,37.77618],[-83.86594,37.77637],[-83.86616,37.77655],[-83.86638,37.77674],[-83.86637,37.77692],[-83.86637,37.7771],[-83.86659,37.77728],[-83.8668,37.77747],[-83.86702,37.77766],[-83.86724,37.77784],[-83.86746,37.77803],[-83.86768,37.77821],[-83.8679,37.7784],[-83.86812,37.77859],[-83.86834,37.77877],[-83.86833,37.77895],[-83.86856,37.77896],[-83.86878,37.77914],[-83.869,37.77933],[-83.86922,37.77952],[-83.86943,37.7797],[-83.86965,37.77989],[-83.86965,37.78007],[-83.86987,37.78025],[-83.87008,37.78044],[-83.8703,37.78063],[-83.87052,37.78081],[-83.87074,37.781],[-83.87096,37.78118],[-83.87118,37.78137],[-83.87141,37.78138],[-83.87163,37.78138],[-83.87186,37.78139],[-83.87208,37.78157],[-83.87231,37.78158],[-83.87253,37.78177],[-83.87274,37.78195],[-83.87297,37.78196],[-83.8732,37.78196],[-83.87343,37.78197],[-83.87365,37.78198],[-83.87388,37.78198],[-83.87411,37.78199],[-83.87434,37.78181],[-83.87456,37.782],[-83.87479,37.78201],[-83.87501,37.78201],[-83.87525,37.78184],[-83.87547,37.78184],[-83.8757,37.78185],[-83.87593,37.78186],[-83.87615,37.78186],[-83.87637,37.78205],[-83.8766,37.78205],[-83.87682,37.78224],[-83.87704,37.78243],[-83.87727,37.78243],[-83.87749,37.78244],[-83.87771,37.78262],[-83.87794,37.78263],[-83.87816,37.78282],[-83.87838,37.78282],[-83.87861,37.78283],[-83.87883,37.78301],[-83.87906,37.78302],[-83.87928,37.78321],[-83.8795,37.78339],[-83.87972,37.7834],[-83.87994,37.78358],[-83.87993,37.78376],[-83.88015,37.78395],[-83.88015,37.78413],[-83.88014,37.78431],[-83.88013,37.78449],[-83.88035,37.78468],[-83.88034,37.78486],[-83.88033,37.78504],[-83.88033,37.78522],[-83.88032,37.7854],[-83.88031,37.78558],[-83.88053,37.78576],[-83.88076,37.78577],[-83.88098,37.78577],[-83.8812,37.78596],[-83.88143,37.78597],[-83.88167,37.78579],[-83.8819,37.78562],[-83.88213,37.78544],[-83.88236,37.78545],[-83.8826,37.78528],[-83.88281,37.78546],[-83.88303,37.78565],[-83.88325,37.78583],[-83.88348,37.78584],[-83.8837,37.78603],[-83.88392,37.78621]]},"properties":{"rank":9,"priority":"TOP PRIORITY","kind":"extended"}},{"type":"Feature","geometry":{"type":"LineString","coordinates":[[-84.1621,37.5699],[-84.16193,37.56978],[-84.16171,37.56978],[-84.16148,37.56977],[-84.16125,37.56977]]},"properties":{"rank":10,"priority":"TOP PRIORITY","kind":"source"}},{"type":"Feature","geometry":{"type":"LineString","coordinates":[[-84.1621,37.5699],[-84.16193,37.56978],[-84.16171,37.56978],[-84.16148,37.56977],[-84.16125,37.56977],[-84.16103,37.56976],[-84.1608,37.56975],[-84.16057,37.56975],[-84.16035,37.56974],[-84.16012,37.56974],[-84.1599,37.56973],[-84.15967,37.56973],[-84.15944,37.56972],[-84.15922,37.56972],[-84.15899,37.56971],[-84.15876,37.56989],[-84.15853,37.56988],[-84.15831,37.56969],[-84.15809,37.56969],[-84.15787,37.5695],[-84.15764,37.5695],[-84.15742,37.56931],[-84.15719,37.56931],[-84.15698,37.56912],[-84.15675,37.56912],[-84.15652,37.56911],[-84.1563,37.56911],[-84.15607,37.5691],[-84.15585,37.56891],[-84.15563,37.56891],[-84.15539,37.56908],[-84.15539,37.56926],[-84.15538,37.56944],[-84.15537,37.56962],[-84.15514,37.5698],[-84.15513,37.56998],[-84.1549,37.57015],[-84.15489,37.57033],[-84.15466,37.57051],[-84.15443,37.57068],[-84.1542,37.57068],[-84.15397,37.57085],[-84.15374,37.57085],[-84.15373,37.57103],[-84.1535,37.5712],[-84.15327,37.57138],[-84.15303,37.57155],[-84.15303,37.57173],[-84.15302,37.57191],[-84.15279,37.57208],[-84.15278,37.57226],[-84.15277,37.57244],[-84.15277,37.57262],[-84.15253,37.5728],[-84.15253,37.57298]]},"properties":{"rank":10,"priority":"TOP PRIORITY","kind":"primary"}},{"type":"Feature","geometry":{"type":"LineString","coordinates":[[-84.15253,37.57298],[-84.15229,37.57315],[-84.15229,37.57333],[-84.15205,37.57351],[-84.15183,37.5735],[-84.15159,37.57368],[-84.15136,37.57385],[-84.15114,37.57385],[-84.15091,37.57384],[-84.15068,37.57402],[-84.15044,37.57419],[-84.15044,37.57437],[-84.15043,37.57455],[-84.15042,37.57473],[-84.15064,37.57492],[-84.15063,37.5751],[-84.15063,37.57528],[-84.15062,37.57546],[-84.15061,37.57564],[-84.15061,37.57582],[-84.1506,37.576],[-84.15059,37.57618],[-84.15059,37.57636],[-84.15035,37.57653],[-84.15035,37.57671],[-84.15034,37.57689],[-84.15033,37.57707],[-84.15033,37.57725],[-84.15032,37.57743],[-84.15031,37.57761],[-84.15031,37.57779],[-84.1503,37.57797],[-84.15052,37.57816],[-84.15051,37.57834],[-84.1505,37.57852],[-84.1505,37.5787],[-84.15049,37.57888],[-84.15071,37.57906],[-84.1507,37.57924],[-84.1507,37.57942],[-84.15046,37.5796],[-84.15046,37.57978],[-84.15068,37.57996],[-84.15089,37.58015],[-84.15089,37.58033],[-84.15111,37.58051],[-84.1511,37.58069],[-84.15109,37.58087],[-84.15131,37.58106],[-84.15131,37.58124],[-84.1513,37.58142],[-84.15129,37.5816],[-84.15129,37.58178],[-84.15128,37.58196],[-84.1515,37.58215],[-84.15149,37.58233],[-84.15148,37.58251],[-84.15148,37.58269],[-84.1517,37.58287],[-84.15169,37.58305],[-84.15168,37.58323],[-84.15168,37.58341],[-84.15167,37.58359],[-84.15166,37.58377],[-84.15166,37.58395],[-84.15165,37.58413],[-84.15142,37.58431],[-84.15141,37.58449],[-84.1514,37.58467],[-84.1514,37.58485]]},"properties":{"rank":10,"priority":"TOP PRIORITY","kind":"extended"}},{"type":"Feature","geometry":{"type":"LineString","coordinates":[[-84.239,37.5385],[-84.23916,37.53845],[-84.23939,37.53846],[-84.23961,37.53847],[-84.23984,37.53847]]},"properties":{"rank":11,"priority":"STRONG TARGET","kind":"source"}},{"type":"Feature","geometry":{"type":"LineString","coordinates":[[-84.239,37.5385],[-84.23916,37.53845],[-84.23939,37.53846],[-84.23961,37.53847],[-84.23984,37.53847],[-84.24007,37.53848],[-84.24029,37.53848],[-84.24052,37.53849],[-84.24074,37.53849],[-84.24097,37.5385],[-84.24119,37.53868],[-84.24141,37.53887],[-84.24164,37.53887],[-84.24186,37.53906],[-84.24208,37.53906],[-84.2423,37.53925],[-84.24252,37.53943],[-84.24275,37.53944],[-84.24297,37.53944],[-84.2432,37.53945],[-84.24319,37.53963],[-84.24319,37.53981],[-84.24318,37.53999],[-84.24295,37.54017],[-84.24294,37.54035],[-84.24293,37.54053],[-84.24293,37.54071],[-84.24292,37.54089],[-84.24291,37.54107],[-84.24268,37.54124],[-84.24267,37.54142],[-84.24267,37.5416],[-84.24266,37.54178],[-84.24265,37.54196],[-84.24242,37.54214],[-84.24241,37.54232],[-84.24241,37.5425],[-84.24218,37.54267],[-84.24194,37.54284],[-84.24194,37.54303],[-84.24193,37.54321],[-84.24192,37.54339],[-84.24214,37.54357],[-84.24236,37.54376],[-84.24235,37.54394],[-84.24257,37.54412],[-84.24257,37.5443],[-84.24256,37.54448],[-84.24278,37.54467],[-84.24277,37.54485],[-84.24299,37.54503],[-84.24299,37.54521],[-84.24298,37.54539],[-84.2432,37.54558],[-84.24319,37.54576],[-84.24319,37.54594]]},"properties":{"rank":11,"priority":"STRONG TARGET","kind":"primary"}},{"type":"Feature","geometry":{"type":"LineString","coordinates":[[-84.24319,37.54594],[-84.24295,37.54611],[-84.24295,37.54629],[-84.24294,37.54647],[-84.24293,37.54665],[-84.24293,37.54683],[-84.24292,37.54701],[-84.24269,37.54719],[-84.24268,37.54737],[-84.24267,37.54755],[-84.24267,37.54773],[-84.24266,37.54791],[-84.24265,37.54809],[-84.24242,37.54826],[-84.24242,37.54844],[-84.24241,37.54862],[-84.2424,37.5488],[-84.24217,37.54898],[-84.24216,37.54916],[-84.24216,37.54934],[-84.24192,37.54951],[-84.24192,37.54969],[-84.24191,37.54987],[-84.2419,37.55005],[-84.2419,37.55023],[-84.24189,37.55041],[-84.24166,37.55059],[-84.24165,37.55077],[-84.24142,37.55094],[-84.24141,37.55112],[-84.24163,37.55131],[-84.24162,37.55149],[-84.24184,37.55167],[-84.24184,37.55185],[-84.24206,37.55186],[-84.24229,37.55186],[-84.24251,37.55205],[-84.24273,37.55223],[-84.24295,37.55224],[-84.24317,37.55243],[-84.24317,37.55261],[-84.24339,37.55279],[-84.24338,37.55297],[-84.2436,37.55316],[-84.24359,37.55334],[-84.24359,37.55352],[-84.24381,37.5537],[-84.24403,37.55389],[-84.24402,37.55407],[-84.24401,37.55425],[-84.24423,37.55443],[-84.24445,37.55462],[-84.24467,37.5548],[-84.24466,37.55498],[-84.24488,37.55517],[-84.24488,37.55535],[-84.24487,37.55553],[-84.24509,37.55571],[-84.24532,37.55572],[-84.24554,37.5559],[-84.24576,37.55591],[-84.24598,37.5561],[-84.24621,37.5561],[-84.24643,37.55611],[-84.24666,37.55611],[-84.24688,37.5563],[-84.24711,37.5563],[-84.24732,37.55649],[-84.24754,37.55667],[-84.24776,37.55686],[-84.24776,37.55704],[-84.24798,37.55722],[-84.2482,37.55723],[-84.24843,37.55723],[-84.24866,37.55724],[-84.24888,37.55724],[-84.24911,37.55725],[-84.24933,37.55725],[-84.24956,37.55726],[-84.24978,37.55745],[-84.24977,37.55763],[-84.24999,37.55781],[-84.24999,37.55799],[-84.25021,37.55818],[-84.25043,37.55818],[-84.25066,37.55819],[-84.25088,37.55837],[-84.2511,37.55838],[-84.25132,37.55856],[-84.25154,37.55875],[-84.25176,37.55893],[-84.25198,37.55912],[-84.25198,37.5593],[-84.2522,37.55948],[-84.25219,37.55966],[-84.25218,37.55984],[-84.2524,37.56003],[-84.25262,37.56021],[-84.25284,37.5604],[-84.25306,37.56059],[-84.25305,37.56077],[-84.25327,37.56095],[-84.25327,37.56113],[-84.25303,37.56131],[-84.25303,37.56149],[-84.25302,37.56167],[-84.25301,37.56185],[-84.25301,37.56203],[-84.25323,37.56221],[-84.25345,37.56222],[-84.25368,37.56222],[-84.25391,37.56223],[-84.25412,37.56241],[-84.25435,37.56242],[-84.25458,37.56242],[-84.2548,37.56261],[-84.25479,37.56279],[-84.25501,37.56297],[-84.25523,37.56316],[-84.25546,37.56316],[-84.25569,37.56299]]},"properties":{"rank":11,"priority":"STRONG TARGET","kind":"extended"}},{"type":"Feature","geometry":{"type":"LineString","coordinates":[[-84.2332,37.5176],[-84.23314,37.51759],[-84.23292,37.51758],[-84.2327,37.5174],[-84.23271,37.51722],[-84.23249,37.51703]]},"properties":{"rank":12,"priority":"STRONG TARGET","kind":"source"}},{"type":"Feature","geometry":{"type":"LineString","coordinates":[[-84.2332,37.5176],[-84.23314,37.51759],[-84.23292,37.51758],[-84.2327,37.5174],[-84.23271,37.51722],[-84.23249,37.51703],[-84.23227,37.51685],[-84.23227,37.51667],[-84.23228,37.51649],[-84.23206,37.5163],[-84.23207,37.51612],[-84.23207,37.51594],[-84.23208,37.51576],[-84.23186,37.51558],[-84.23187,37.5154],[-84.23165,37.51521],[-84.23143,37.51503],[-84.2312,37.51502],[-84.23098,37.51483],[-84.23076,37.51483],[-84.23076,37.51465],[-84.23054,37.51446],[-84.23033,37.51428],[-84.23011,37.51409],[-84.22988,37.51409],[-84.22989,37.51391],[-84.22989,37.51373],[-84.22967,37.51354],[-84.22968,37.51336],[-84.22946,37.51318],[-84.22924,37.51299],[-84.22925,37.51281],[-84.22903,37.51263],[-84.22904,37.51245],[-84.22882,37.51226],[-84.22882,37.51208],[-84.22883,37.5119],[-84.22884,37.51172],[-84.22884,37.51154],[-84.22885,37.51136],[-84.22886,37.51118],[-84.22886,37.511],[-84.22909,37.51101],[-84.22932,37.51083],[-84.22955,37.51084],[-84.22978,37.51066],[-84.23001,37.51049],[-84.23025,37.51031],[-84.23048,37.51014],[-84.23048,37.50996],[-84.23072,37.50978],[-84.23072,37.5096],[-84.23073,37.50942]]},"properties":{"rank":12,"priority":"STRONG TARGET","kind":"primary"}},{"type":"Feature","geometry":{"type":"LineString","coordinates":[[-84.23073,37.50942],[-84.23074,37.50924],[-84.23097,37.50907],[-84.23098,37.50889],[-84.23121,37.50871],[-84.23122,37.50853],[-84.23145,37.50836],[-84.23146,37.50818],[-84.23169,37.508],[-84.23192,37.50783],[-84.23215,37.50765],[-84.23216,37.50747],[-84.23239,37.5073],[-84.23263,37.50712],[-84.23285,37.50713],[-84.23308,37.50695],[-84.23332,37.50678],[-84.23355,37.5066],[-84.23378,37.50643],[-84.23402,37.50626],[-84.23402,37.50608],[-84.23403,37.5059],[-84.23404,37.50572],[-84.23404,37.50554],[-84.23405,37.50536],[-84.23405,37.50517],[-84.23406,37.50499],[-84.23407,37.50481],[-84.23385,37.50463],[-84.23386,37.50445],[-84.23386,37.50427],[-84.23387,37.50409],[-84.2341,37.50391],[-84.23411,37.50373],[-84.23389,37.50355],[-84.2339,37.50337],[-84.2339,37.50319],[-84.23391,37.50301],[-84.23414,37.50283],[-84.23415,37.50265],[-84.23415,37.50247],[-84.23416,37.50229],[-84.23439,37.50212],[-84.23463,37.50194],[-84.23463,37.50176],[-84.23487,37.50159],[-84.2351,37.50141],[-84.23511,37.50123],[-84.23511,37.50105],[-84.23534,37.50088],[-84.23558,37.50071],[-84.23558,37.50053],[-84.23559,37.50035],[-84.23582,37.50017],[-84.23606,37.5],[-84.23606,37.49982],[-84.2363,37.49964],[-84.2363,37.49946],[-84.23653,37.49929],[-84.23654,37.49911],[-84.23655,37.49893],[-84.23678,37.49875],[-84.23679,37.49857],[-84.23702,37.4984],[-84.23725,37.49822],[-84.23726,37.49804],[-84.23727,37.49786],[-84.23727,37.49768],[-84.23728,37.4975],[-84.23751,37.49733],[-84.23752,37.49715],[-84.23752,37.49697],[-84.23753,37.49679],[-84.23754,37.49661],[-84.23754,37.49643],[-84.23755,37.49625],[-84.23778,37.49607],[-84.23779,37.49589],[-84.23802,37.49572],[-84.23803,37.49554],[-84.23781,37.49535],[-84.23804,37.49518],[-84.23805,37.495],[-84.23806,37.49482],[-84.23829,37.49464],[-84.2383,37.49446],[-84.2383,37.49428],[-84.23853,37.49411],[-84.23854,37.49393],[-84.23877,37.49375],[-84.23878,37.49357],[-84.23879,37.49339],[-84.23879,37.49321],[-84.2388,37.49303],[-84.23903,37.49286],[-84.23904,37.49268],[-84.23927,37.4925],[-84.23928,37.49232],[-84.23929,37.49214],[-84.23952,37.49197],[-84.23953,37.49179],[-84.23953,37.49161],[-84.23954,37.49143],[-84.23977,37.49125],[-84.23978,37.49107],[-84.24001,37.4909],[-84.24024,37.49072],[-84.24025,37.49054],[-84.24026,37.49036],[-84.24049,37.49019],[-84.2405,37.49001],[-84.2405,37.48983],[-84.24051,37.48965],[-84.24074,37.48947],[-84.24097,37.4893],[-84.2412,37.4893],[-84.24143,37.48931],[-84.24166,37.48913],[-84.24188,37.48914],[-84.2421,37.48932],[-84.24233,37.48933]]},"properties":{"rank":12,"priority":"STRONG TARGET","kind":"extended"}},{"type":"Feature","geometry":{"type":"LineString","coordinates":[[-84.0446,37.6276],[-84.04441,37.62745],[-84.04419,37.62726],[-84.0442,37.62708]]},"properties":{"rank":13,"priority":"STRONG TARGET","kind":"source"}},{"type":"Feature","geometry":{"type":"LineString","coordinates":[[-84.0446,37.6276],[-84.04441,37.62745],[-84.04419,37.62726],[-84.0442,37.62708],[-84.0442,37.6269],[-84.04421,37.62672],[-84.04422,37.62654],[-84.04423,37.62636],[-84.04423,37.62618],[-84.04424,37.626],[-84.04425,37.62582],[-84.04425,37.62564],[-84.04426,37.62546],[-84.04427,37.62528],[-84.04427,37.6251],[-84.04428,37.62492],[-84.04429,37.62474],[-84.0443,37.62456],[-84.0443,37.62438],[-84.04431,37.6242],[-84.04432,37.62402],[-84.04432,37.62384],[-84.04433,37.62366],[-84.04434,37.62348],[-84.04435,37.6233],[-84.04413,37.62311],[-84.04413,37.62293],[-84.04414,37.62275],[-84.04415,37.62257],[-84.04416,37.62239],[-84.04416,37.62221],[-84.04417,37.62203],[-84.04418,37.62185],[-84.04396,37.62167],[-84.04396,37.62149],[-84.04397,37.62131],[-84.04398,37.62113],[-84.04399,37.62095],[-84.04399,37.62077],[-84.04377,37.62058],[-84.04355,37.62058],[-84.04333,37.62039],[-84.0431,37.62038],[-84.04288,37.62038],[-84.04266,37.62019],[-84.04244,37.62001],[-84.04221,37.62],[-84.04199,37.61982],[-84.04177,37.61963],[-84.04155,37.61963],[-84.04133,37.61944],[-84.04111,37.61925],[-84.04088,37.61925],[-84.04066,37.61906],[-84.04044,37.61906],[-84.04022,37.61887],[-84.04,37.61869]]},"properties":{"rank":13,"priority":"STRONG TARGET","kind":"primary"}},{"type":"Feature","geometry":{"type":"LineString","coordinates":[[-84.04,37.61869],[-84.03978,37.6185],[-84.03955,37.61849],[-84.03933,37.61849],[-84.03911,37.6183],[-84.03889,37.61812],[-84.03867,37.61793],[-84.03844,37.61793],[-84.03822,37.61792],[-84.038,37.61773],[-84.03778,37.61755],[-84.03756,37.61736],[-84.03733,37.61736],[-84.03711,37.61735],[-84.03688,37.61735],[-84.03665,37.61734],[-84.03643,37.61733],[-84.03621,37.61715],[-84.03598,37.61714],[-84.03576,37.61714],[-84.03552,37.61731],[-84.0353,37.61731],[-84.03508,37.61712],[-84.03485,37.61711],[-84.03462,37.61711],[-84.0344,37.61692],[-84.03418,37.61692],[-84.03396,37.61673],[-84.03373,37.61673],[-84.03351,37.61654],[-84.03329,37.61653],[-84.03306,37.61653],[-84.03283,37.61652],[-84.03261,37.61652],[-84.03238,37.61651],[-84.03216,37.61633],[-84.03194,37.61632],[-84.03171,37.61631],[-84.03148,37.61631],[-84.03126,37.6163],[-84.03103,37.6163],[-84.0308,37.61629],[-84.03058,37.61629],[-84.03035,37.61646],[-84.03013,37.61627],[-84.02991,37.61609],[-84.02968,37.61608],[-84.02946,37.6159],[-84.02923,37.61589],[-84.02902,37.61571],[-84.02879,37.6157],[-84.02857,37.61551],[-84.02835,37.61533],[-84.02812,37.61532],[-84.02791,37.61514],[-84.02791,37.61496],[-84.02769,37.61477],[-84.02746,37.61495],[-84.02723,37.61494],[-84.02701,37.61475],[-84.02678,37.61493],[-84.02656,37.61474],[-84.02634,37.61456],[-84.02612,37.61437],[-84.0259,37.61419],[-84.02568,37.61418],[-84.02546,37.61399],[-84.02547,37.61381],[-84.0257,37.61364],[-84.02571,37.61346],[-84.02571,37.61328],[-84.02572,37.6131],[-84.02573,37.61292],[-84.02551,37.61273],[-84.02552,37.61255],[-84.0253,37.61237],[-84.0253,37.61219],[-84.02509,37.612],[-84.02509,37.61182],[-84.02487,37.61164],[-84.02465,37.61163],[-84.02443,37.61145],[-84.0242,37.61144],[-84.02398,37.61125],[-84.02376,37.61125],[-84.02353,37.61124],[-84.0233,37.61124]]},"properties":{"rank":13,"priority":"STRONG TARGET","kind":"extended"}},{"type":"Feature","geometry":{"type":"LineString","coordinates":[[-83.9683,37.5914],[-83.96839,37.59128],[-83.96862,37.5911],[-83.96885,37.59111],[-83.96908,37.59111],[-83.96929,37.5913]]},"properties":{"rank":14,"priority":"STRONG TARGET","kind":"source"}},{"type":"Feature","geometry":{"type":"LineString","coordinates":[[-83.9683,37.5914],[-83.96839,37.59128],[-83.96862,37.5911],[-83.96885,37.59111],[-83.96908,37.59111],[-83.96929,37.5913],[-83.96952,37.59131],[-83.96975,37.59131],[-83.96997,37.5915],[-83.97019,37.5915],[-83.97042,37.59151],[-83.97064,37.59151],[-83.97087,37.59152],[-83.97109,37.59171],[-83.97132,37.59171],[-83.97154,37.59172],[-83.97177,37.59172],[-83.97199,37.59173],[-83.97222,37.59174],[-83.97245,37.59174],[-83.97267,37.59175],[-83.9729,37.59175],[-83.97313,37.59176],[-83.97335,37.59176],[-83.97358,37.59177],[-83.9738,37.59178],[-83.97403,37.59178],[-83.97426,37.59179],[-83.97448,37.59179],[-83.97471,37.5918],[-83.97493,37.59198],[-83.97515,37.59199],[-83.97538,37.592],[-83.97561,37.592],[-83.97583,37.59201],[-83.97606,37.59201],[-83.97629,37.59202],[-83.9765,37.59221],[-83.97673,37.59221],[-83.97696,37.59222],[-83.97718,37.59222],[-83.9774,37.59241],[-83.97762,37.59259],[-83.97761,37.59277],[-83.97761,37.59295],[-83.97783,37.59314],[-83.97782,37.59332],[-83.97781,37.5935],[-83.9778,37.59368],[-83.97757,37.59385],[-83.97756,37.59403],[-83.97756,37.59421],[-83.97755,37.59439],[-83.97777,37.59458],[-83.97776,37.59476],[-83.97753,37.59493],[-83.9773,37.59493],[-83.97707,37.59492]]},"properties":{"rank":14,"priority":"STRONG TARGET","kind":"primary"}},{"type":"Feature","geometry":{"type":"LineString","coordinates":[[-83.97707,37.59492],[-83.97684,37.5951],[-83.97661,37.59527],[-83.97683,37.59546],[-83.97659,37.59563],[-83.97658,37.59581],[-83.9768,37.596],[-83.9768,37.59618],[-83.97702,37.59636],[-83.97701,37.59654],[-83.97677,37.59672],[-83.97677,37.5969],[-83.97653,37.59707],[-83.9763,37.59725],[-83.97629,37.59743],[-83.97629,37.59761],[-83.97605,37.59778],[-83.97627,37.59797],[-83.97604,37.59814],[-83.97603,37.59832],[-83.9758,37.59849],[-83.97579,37.59867],[-83.97578,37.59885],[-83.97577,37.59903],[-83.97577,37.59921],[-83.97576,37.59939],[-83.97575,37.59957],[-83.97575,37.59975],[-83.97574,37.59993],[-83.97573,37.60011],[-83.9755,37.60029],[-83.97526,37.60046],[-83.97526,37.60064],[-83.97502,37.60082],[-83.97479,37.60099],[-83.97456,37.60117],[-83.97455,37.60135],[-83.97454,37.60153],[-83.97453,37.60171],[-83.97453,37.60189],[-83.97452,37.60207],[-83.97451,37.60225],[-83.97451,37.60243],[-83.9745,37.60261],[-83.97449,37.60279],[-83.97426,37.60296],[-83.97402,37.60313],[-83.97402,37.60331],[-83.97378,37.60349],[-83.97378,37.60367],[-83.97377,37.60385],[-83.97353,37.60402],[-83.9733,37.6042],[-83.97307,37.60419],[-83.97285,37.60419],[-83.97261,37.60436],[-83.97238,37.60453],[-83.97215,37.60471],[-83.97214,37.60489],[-83.97213,37.60507],[-83.9719,37.60524],[-83.97189,37.60542],[-83.97166,37.6056],[-83.97165,37.60578],[-83.97142,37.60595],[-83.97118,37.60613],[-83.97118,37.60631],[-83.97117,37.60649],[-83.97116,37.60667],[-83.97093,37.60684],[-83.97092,37.60702],[-83.97091,37.6072],[-83.97091,37.60738],[-83.97067,37.60755],[-83.97044,37.60773],[-83.97021,37.60772],[-83.96998,37.6079],[-83.96975,37.60789],[-83.96952,37.60806],[-83.96929,37.60806],[-83.96906,37.60823],[-83.96883,37.60823],[-83.96861,37.60822],[-83.96838,37.60822],[-83.96815,37.60821],[-83.96792,37.60838],[-83.96769,37.60838],[-83.96746,37.60855],[-83.96723,37.60873],[-83.96722,37.60891],[-83.96699,37.60908],[-83.96676,37.60907],[-83.96653,37.60907],[-83.9663,37.60924],[-83.96607,37.60942],[-83.96583,37.60959],[-83.9656,37.60977],[-83.96538,37.60958],[-83.96515,37.60957],[-83.96494,37.60939],[-83.96471,37.60938],[-83.96448,37.60956],[-83.96447,37.60974],[-83.96423,37.60991],[-83.964,37.61009],[-83.96377,37.61008],[-83.96355,37.61007],[-83.96332,37.61007],[-83.9631,37.61006],[-83.96286,37.61024],[-83.96285,37.61042],[-83.96262,37.61059],[-83.96239,37.61076],[-83.96215,37.61094],[-83.96193,37.61093],[-83.96169,37.61111],[-83.96169,37.61129],[-83.96145,37.61146]]},"properties":{"rank":14,"priority":"STRONG TARGET","kind":"extended"}},{"type":"Feature","geometry":{"type":"LineString","coordinates":[[-83.8496,37.6927],[-83.84974,37.69268],[-83.84997,37.69269],[-83.8502,37.69269],[-83.85043,37.69252],[-83.85066,37.69253],[-83.85089,37.69235],[-83.85112,37.69218]]},"properties":{"rank":15,"priority":"STRONG TARGET","kind":"source"}},{"type":"Feature","geometry":{"type":"LineString","coordinates":[[-83.8496,37.6927],[-83.84974,37.69268],[-83.84997,37.69269],[-83.8502,37.69269],[-83.85043,37.69252],[-83.85066,37.69253],[-83.85089,37.69235],[-83.85112,37.69218],[-83.85136,37.692],[-83.85159,37.69183],[-83.85183,37.69166],[-83.85206,37.69148],[-83.85229,37.69149],[-83.85252,37.69131],[-83.85276,37.69114],[-83.85298,37.69115],[-83.85321,37.69115],[-83.85344,37.69116],[-83.85366,37.69116],[-83.8539,37.69099],[-83.85412,37.691],[-83.85435,37.691],[-83.85458,37.69101],[-83.85481,37.69084],[-83.85504,37.69084],[-83.85526,37.69085],[-83.85549,37.69085],[-83.85572,37.69068],[-83.85596,37.69051],[-83.85618,37.69051],[-83.85641,37.69052],[-83.85664,37.69052],[-83.85686,37.69071],[-83.85708,37.6909],[-83.8573,37.6909],[-83.85753,37.69091],[-83.85775,37.69091],[-83.85776,37.69073],[-83.85777,37.69055],[-83.85778,37.69037],[-83.85756,37.69019],[-83.85734,37.69],[-83.85735,37.68982],[-83.85735,37.68964],[-83.85736,37.68946],[-83.85737,37.68928],[-83.85738,37.6891],[-83.85739,37.68892],[-83.85739,37.68874],[-83.8574,37.68856],[-83.85741,37.68838],[-83.85764,37.68821],[-83.85742,37.68802],[-83.85743,37.68784],[-83.85744,37.68766]]},"properties":{"rank":15,"priority":"STRONG TARGET","kind":"primary"}},{"type":"Feature","geometry":{"type":"LineString","coordinates":[[-83.85744,37.68766],[-83.85745,37.68748],[-83.85745,37.6873],[-83.85723,37.68712],[-83.85724,37.68694],[-83.85725,37.68676],[-83.85703,37.68657],[-83.85704,37.68639],[-83.85705,37.68621],[-83.85705,37.68603],[-83.85706,37.68585],[-83.85684,37.68566],[-83.85685,37.68548],[-83.85686,37.6853],[-83.85687,37.68512],[-83.85687,37.68494],[-83.85711,37.68477],[-83.85734,37.6846],[-83.85735,37.68442],[-83.85736,37.68424],[-83.85736,37.68406],[-83.8576,37.68388],[-83.85783,37.68371],[-83.85784,37.68353],[-83.85785,37.68335],[-83.85785,37.68317],[-83.85786,37.68299],[-83.8581,37.68281],[-83.85833,37.68264],[-83.85856,37.68265],[-83.85879,37.68247],[-83.85902,37.68248],[-83.85924,37.68248],[-83.85948,37.68231],[-83.85926,37.68212],[-83.85949,37.68195],[-83.8595,37.68177],[-83.85951,37.68159],[-83.85929,37.6814],[-83.8593,37.68122],[-83.8593,37.68104],[-83.85954,37.68087],[-83.85977,37.68088],[-83.86,37.6807],[-83.86023,37.68071],[-83.86045,37.68071],[-83.86069,37.68054],[-83.86069,37.68036],[-83.86093,37.68019],[-83.86115,37.68037],[-83.86137,37.68038],[-83.86161,37.6802],[-83.86183,37.68021],[-83.86207,37.68004],[-83.86229,37.68004],[-83.86252,37.68005],[-83.86276,37.67987],[-83.86276,37.67969],[-83.863,37.67952],[-83.863,37.67934],[-83.86301,37.67916],[-83.86325,37.67899],[-83.86347,37.67899],[-83.86348,37.67881],[-83.86371,37.67864],[-83.86372,37.67846],[-83.86373,37.67828],[-83.86396,37.6781],[-83.8642,37.67793],[-83.86443,37.67776],[-83.86466,37.67776],[-83.86488,37.67777],[-83.86512,37.6776],[-83.86535,37.6776],[-83.86557,37.67761],[-83.8658,37.67761],[-83.86602,37.67762],[-83.86625,37.67763],[-83.86647,37.67781],[-83.8667,37.67782],[-83.86692,37.67782],[-83.86715,37.67783],[-83.86737,37.67802],[-83.86759,37.6782],[-83.86781,37.67839],[-83.86803,37.67839],[-83.86826,37.6784],[-83.86849,37.67841],[-83.86872,37.67823],[-83.86895,37.67824],[-83.86916,37.67842],[-83.86938,37.67861],[-83.86962,37.67844],[-83.86985,37.67826],[-83.87009,37.67809],[-83.87009,37.67791],[-83.87033,37.67773],[-83.87056,37.67756],[-83.8708,37.67739],[-83.87103,37.67721],[-83.87104,37.67703],[-83.87127,37.67686],[-83.87128,37.67668],[-83.87151,37.6765],[-83.87175,37.67633],[-83.87153,37.67614],[-83.87131,37.67596],[-83.87108,37.67595],[-83.87086,37.67577],[-83.87064,37.67558],[-83.87043,37.67539],[-83.87043,37.67521],[-83.87044,37.67503]]},"properties":{"rank":15,"priority":"STRONG TARGET","kind":"extended"}},{"type":"Feature","geometry":{"type":"LineString","coordinates":[[-83.9849,37.5741],[-83.98493,37.57422],[-83.98492,37.5744],[-83.98492,37.57458],[-83.98491,37.57476]]},"properties":{"rank":16,"priority":"STRONG TARGET","kind":"source"}},{"type":"Feature","geometry":{"type":"LineString","coordinates":[[-83.9849,37.5741],[-83.98493,37.57422],[-83.98492,37.5744],[-83.98492,37.57458],[-83.98491,37.57476],[-83.9849,37.57494],[-83.98489,37.57512],[-83.98489,37.5753],[-83.98465,37.57547],[-83.98487,37.57566],[-83.98509,37.57585],[-83.98508,37.57603],[-83.9853,37.57621],[-83.98552,37.5764],[-83.98575,37.5764],[-83.98597,37.57659],[-83.98619,37.57678],[-83.98641,37.57678],[-83.98663,37.57697],[-83.98662,37.57715],[-83.98662,37.57733],[-83.98684,37.57751],[-83.98683,37.57769],[-83.98682,37.57787],[-83.98681,37.57805],[-83.98703,37.57824],[-83.98703,37.57842],[-83.98724,37.5786],[-83.98724,37.57878],[-83.98723,37.57896],[-83.98722,37.57914],[-83.98722,37.57932],[-83.98721,37.5795],[-83.9872,37.57968],[-83.98719,37.57986],[-83.98719,37.58004],[-83.98718,37.58022],[-83.98717,37.5804],[-83.98695,37.5804],[-83.98671,37.58057],[-83.98649,37.58057],[-83.98625,37.58074],[-83.98625,37.58092],[-83.98601,37.5811],[-83.98578,37.58127],[-83.98554,37.58144],[-83.98532,37.58144],[-83.98508,37.58161],[-83.98485,37.58179],[-83.98463,37.58178],[-83.98439,37.58196],[-83.98416,37.58213],[-83.98393,37.58212],[-83.9837,37.5823]]},"properties":{"rank":16,"priority":"STRONG TARGET","kind":"primary"}},{"type":"Feature","geometry":{"type":"LineString","coordinates":[[-83.9837,37.5823],[-83.98347,37.58247],[-83.98324,37.58247],[-83.98301,37.58264],[-83.983,37.58282],[-83.98276,37.583],[-83.98253,37.58317],[-83.98252,37.58335],[-83.98229,37.58352],[-83.98228,37.5837],[-83.98205,37.58388],[-83.98182,37.58405],[-83.98158,37.58423],[-83.98158,37.58441],[-83.98157,37.58459],[-83.98133,37.58476],[-83.9811,37.58493],[-83.98109,37.58511],[-83.98086,37.58529],[-83.98085,37.58547],[-83.98085,37.58565],[-83.98061,37.58582],[-83.98061,37.586],[-83.9806,37.58618],[-83.98059,37.58636],[-83.98081,37.58655],[-83.9808,37.58673],[-83.9808,37.58691],[-83.98079,37.58709],[-83.98055,37.58726],[-83.98032,37.58744],[-83.98031,37.58762],[-83.98031,37.5878],[-83.9803,37.58798],[-83.98029,37.58816],[-83.98028,37.58834],[-83.98028,37.58852],[-83.98004,37.58869],[-83.97982,37.58869],[-83.97959,37.58868],[-83.97936,37.58885],[-83.97935,37.58903],[-83.97912,37.58921],[-83.97911,37.58939],[-83.9791,37.58957],[-83.97909,37.58975],[-83.97886,37.58992],[-83.97885,37.5901],[-83.97885,37.59028],[-83.97884,37.59046],[-83.97861,37.59064],[-83.97837,37.59081],[-83.97837,37.59099],[-83.97813,37.59117],[-83.97812,37.59135],[-83.97789,37.59152],[-83.97766,37.59169],[-83.97765,37.59187],[-83.97764,37.59205],[-83.97764,37.59223],[-83.97763,37.59241],[-83.97762,37.59259],[-83.97761,37.59277],[-83.97761,37.59295],[-83.97783,37.59314],[-83.97782,37.59332],[-83.97781,37.5935],[-83.9778,37.59368],[-83.97757,37.59385],[-83.97756,37.59403],[-83.97756,37.59421],[-83.97755,37.59439],[-83.97777,37.59458],[-83.97776,37.59476],[-83.97753,37.59493],[-83.9773,37.59493],[-83.97707,37.59492],[-83.97684,37.5951],[-83.97661,37.59527],[-83.97683,37.59546],[-83.97659,37.59563],[-83.97658,37.59581],[-83.9768,37.596],[-83.9768,37.59618],[-83.97702,37.59636],[-83.97701,37.59654],[-83.97677,37.59672],[-83.97677,37.5969],[-83.97653,37.59707],[-83.9763,37.59725],[-83.97629,37.59743],[-83.97629,37.59761],[-83.97605,37.59778],[-83.97627,37.59797],[-83.97604,37.59814],[-83.97603,37.59832],[-83.9758,37.59849],[-83.97579,37.59867],[-83.97578,37.59885],[-83.97577,37.59903],[-83.97577,37.59921],[-83.97576,37.59939],[-83.97575,37.59957],[-83.97575,37.59975],[-83.97574,37.59993],[-83.97573,37.60011],[-83.9755,37.60029],[-83.97526,37.60046],[-83.97526,37.60064],[-83.97502,37.60082],[-83.97479,37.60099],[-83.97456,37.60117],[-83.97455,37.60135],[-83.97454,37.60153],[-83.97453,37.60171],[-83.97453,37.60189],[-83.97452,37.60207],[-83.97451,37.60225],[-83.97451,37.60243],[-83.9745,37.60261],[-83.97449,37.60279],[-83.97426,37.60296]]},"properties":{"rank":16,"priority":"STRONG TARGET","kind":"extended"}},{"type":"Feature","geometry":{"type":"LineString","coordinates":[[-84.0551,37.5742],[-84.05489,37.57437],[-84.05465,37.57454],[-84.05465,37.57472],[-84.05441,37.57489]]},"properties":{"rank":17,"priority":"STRONG TARGET","kind":"source"}},{"type":"Feature","geometry":{"type":"LineString","coordinates":[[-84.0551,37.5742],[-84.05489,37.57437],[-84.05465,37.57454],[-84.05465,37.57472],[-84.05441,37.57489],[-84.05441,37.57508],[-84.0544,37.57526],[-84.05439,37.57544],[-84.05438,37.57562],[-84.05415,37.57579],[-84.05414,37.57597],[-84.05414,37.57615],[-84.05413,37.57633],[-84.0539,37.5765],[-84.05389,37.57668],[-84.05366,37.57686],[-84.05342,37.57703],[-84.05319,37.57721],[-84.05296,37.57738],[-84.05272,37.57756],[-84.05272,37.57774],[-84.05248,37.57791],[-84.05225,37.57808],[-84.05202,37.57808],[-84.0518,37.57807],[-84.05156,37.57825],[-84.05156,37.57843],[-84.05155,37.57861],[-84.05177,37.57879],[-84.05176,37.57897],[-84.05175,37.57915],[-84.05197,37.57934],[-84.05197,37.57952],[-84.05196,37.5797],[-84.05195,37.57988],[-84.05195,37.58006],[-84.05194,37.58024],[-84.05193,37.58042],[-84.05192,37.5806],[-84.05192,37.58078],[-84.05191,37.58096],[-84.05213,37.58115],[-84.05212,37.58133],[-84.05234,37.58151],[-84.05233,37.58169],[-84.05233,37.58187],[-84.05255,37.58206],[-84.05254,37.58224],[-84.05253,37.58242],[-84.05275,37.5826],[-84.05274,37.58278],[-84.05296,37.58297],[-84.05296,37.58315],[-84.05317,37.58333]]},"properties":{"rank":17,"priority":"STRONG TARGET","kind":"primary"}},{"type":"Feature","geometry":{"type":"LineString","coordinates":[[-84.05317,37.58333],[-84.05317,37.58351],[-84.05316,37.58369],[-84.05315,37.58387],[-84.05315,37.58405],[-84.05314,37.58423],[-84.05313,37.58441],[-84.05335,37.5846],[-84.05358,37.58461],[-84.05381,37.58443],[-84.05403,37.58462],[-84.05425,37.5848],[-84.05447,37.58499],[-84.05469,37.58499],[-84.05491,37.58518],[-84.05491,37.58536],[-84.0549,37.58554],[-84.05489,37.58572],[-84.05466,37.58589],[-84.05488,37.58608],[-84.0551,37.58627],[-84.05509,37.58645],[-84.05508,37.58663],[-84.05508,37.58681],[-84.05507,37.58699],[-84.05529,37.58717],[-84.05551,37.58736],[-84.0555,37.58754],[-84.05572,37.58772],[-84.05594,37.58791],[-84.05593,37.58809],[-84.05592,37.58827],[-84.05592,37.58845],[-84.05591,37.58863],[-84.0559,37.58881],[-84.0559,37.58899],[-84.05566,37.58916],[-84.05588,37.58935],[-84.0561,37.58953],[-84.05609,37.58971],[-84.05609,37.58989],[-84.05585,37.59007],[-84.05563,37.59006],[-84.05539,37.59024],[-84.05517,37.59023],[-84.05493,37.59041],[-84.0547,37.59058]]},"properties":{"rank":17,"priority":"STRONG TARGET","kind":"extended"}},{"type":"Feature","geometry":{"type":"LineString","coordinates":[[-84.1929,37.5291],[-84.19289,37.52925],[-84.19288,37.52943],[-84.19287,37.52961],[-84.19287,37.52979]]},"properties":{"rank":18,"priority":"STRONG TARGET","kind":"source"}},{"type":"Feature","geometry":{"type":"LineString","coordinates":[[-84.1929,37.5291],[-84.19289,37.52925],[-84.19288,37.52943],[-84.19287,37.52961],[-84.19287,37.52979],[-84.19286,37.52997],[-84.19285,37.53015],[-84.19285,37.53033],[-84.19284,37.53051],[-84.19283,37.53069],[-84.19283,37.53087],[-84.19282,37.53105],[-84.19281,37.53123],[-84.19281,37.53141],[-84.1928,37.53159],[-84.19279,37.53177],[-84.19256,37.53195],[-84.19255,37.53213],[-84.19255,37.53231],[-84.19254,37.53249],[-84.19253,37.53267],[-84.19252,37.53285],[-84.19229,37.53302],[-84.19206,37.5332],[-84.19183,37.53319],[-84.19161,37.53319],[-84.19138,37.53318],[-84.19115,37.53336],[-84.19092,37.53335],[-84.1907,37.53335],[-84.19046,37.53352],[-84.19024,37.53352],[-84.19,37.53369],[-84.18978,37.53368],[-84.18955,37.53386],[-84.18931,37.53403],[-84.18908,37.53421],[-84.18907,37.53439],[-84.18884,37.53456],[-84.18883,37.53474],[-84.18883,37.53492],[-84.18882,37.5351],[-84.18881,37.53528],[-84.18858,37.53546],[-84.18835,37.53563],[-84.18834,37.53581],[-84.18833,37.53599],[-84.1881,37.53617],[-84.18787,37.53634],[-84.18786,37.53652],[-84.18763,37.5367],[-84.1874,37.53687],[-84.18739,37.53705],[-84.18738,37.53723],[-84.18737,37.53741],[-84.18737,37.53759]]},"properties":{"rank":18,"priority":"STRONG TARGET","kind":"primary"}},{"type":"Feature","geometry":{"type":"LineString","coordinates":[[-84.18737,37.53759],[-84.18736,37.53777],[-84.18713,37.53795],[-84.18712,37.53813],[-84.18689,37.5383],[-84.18666,37.5383],[-84.18643,37.53847],[-84.1862,37.53865],[-84.18619,37.53883],[-84.18596,37.539],[-84.18595,37.53918],[-84.18572,37.53935],[-84.18571,37.53953],[-84.1857,37.53971],[-84.1857,37.53989],[-84.18569,37.54007],[-84.18568,37.54025],[-84.18568,37.54044],[-84.18567,37.54062],[-84.18544,37.54079],[-84.18543,37.54097],[-84.18542,37.54115],[-84.18542,37.54133],[-84.18541,37.54151],[-84.18518,37.54168],[-84.18494,37.54186],[-84.18471,37.54203],[-84.18449,37.54203],[-84.18425,37.5422],[-84.18402,37.54238],[-84.18379,37.54255],[-84.18355,37.54273],[-84.18332,37.5429],[-84.18309,37.54308],[-84.18308,37.54326],[-84.18285,37.54343],[-84.18284,37.54361],[-84.18283,37.54379],[-84.18283,37.54397],[-84.18282,37.54415],[-84.18304,37.54434],[-84.18303,37.54452],[-84.18325,37.5447],[-84.18325,37.54488],[-84.18347,37.54507],[-84.18346,37.54525],[-84.18368,37.54543],[-84.1839,37.54562],[-84.18389,37.5458],[-84.18388,37.54598],[-84.18388,37.54616],[-84.18387,37.54634],[-84.18386,37.54652],[-84.18408,37.5467],[-84.18408,37.54688],[-84.1843,37.54707],[-84.18429,37.54725],[-84.18428,37.54743],[-84.18428,37.54761],[-84.18449,37.5478],[-84.18449,37.54798],[-84.18448,37.54816],[-84.18447,37.54834],[-84.18469,37.54852],[-84.18491,37.54871],[-84.18513,37.54889],[-84.18513,37.54907],[-84.18535,37.54926],[-84.18534,37.54944],[-84.18533,37.54962],[-84.18555,37.5498],[-84.18554,37.54998],[-84.18554,37.55016],[-84.18553,37.55034],[-84.18552,37.55052],[-84.18552,37.5507],[-84.18574,37.55089],[-84.18596,37.55089],[-84.18618,37.55108],[-84.18618,37.55126],[-84.18639,37.55145],[-84.18661,37.55163],[-84.18661,37.55181],[-84.1866,37.55199],[-84.18682,37.55218],[-84.18704,37.55236],[-84.18703,37.55254],[-84.18725,37.55273],[-84.18747,37.55291],[-84.18769,37.5531],[-84.18791,37.55328],[-84.18768,37.55346],[-84.18767,37.55364],[-84.18789,37.55382],[-84.18788,37.554],[-84.1881,37.55419],[-84.1881,37.55437],[-84.18809,37.55455],[-84.18808,37.55473],[-84.18808,37.55491],[-84.18807,37.55509],[-84.18784,37.55526],[-84.18783,37.55544],[-84.1876,37.55562],[-84.18736,37.55579],[-84.18736,37.55597],[-84.18735,37.55615],[-84.18712,37.55633],[-84.18711,37.55651],[-84.1871,37.55669],[-84.1871,37.55687],[-84.18709,37.55705],[-84.18708,37.55723],[-84.1873,37.55741],[-84.18729,37.55759],[-84.18729,37.55777],[-84.18728,37.55795],[-84.18705,37.55813],[-84.18704,37.55831],[-84.18726,37.55849]]},"properties":{"rank":18,"priority":"STRONG TARGET","kind":"extended"}},{"type":"Feature","geometry":{"type":"LineString","coordinates":[[-83.8854,37.6945],[-83.88528,37.69435],[-83.88506,37.69416],[-83.88484,37.69398],[-83.88461,37.69397],[-83.88439,37.69378],[-83.88417,37.6936]]},"properties":{"rank":19,"priority":"STRONG TARGET","kind":"source"}},{"type":"Feature","geometry":{"type":"LineString","coordinates":[[-83.8854,37.6945],[-83.88528,37.69435],[-83.88506,37.69416],[-83.88484,37.69398],[-83.88461,37.69397],[-83.88439,37.69378],[-83.88417,37.6936],[-83.88395,37.69359],[-83.88373,37.69341],[-83.88351,37.69322],[-83.88329,37.69303],[-83.88306,37.69303],[-83.88284,37.69284],[-83.88262,37.69284],[-83.8824,37.69265],[-83.88218,37.69246],[-83.88196,37.69228],[-83.88174,37.69209],[-83.88152,37.69191],[-83.8813,37.6919],[-83.88108,37.69171],[-83.88109,37.69153],[-83.88087,37.69135],[-83.88065,37.69116],[-83.88043,37.69098],[-83.88021,37.69079],[-83.87999,37.6906],[-83.88,37.69042],[-83.88001,37.69024],[-83.88001,37.69006],[-83.87979,37.68988],[-83.87958,37.68969],[-83.87958,37.68951],[-83.87936,37.68933],[-83.87937,37.68915],[-83.87915,37.68896],[-83.87916,37.68878],[-83.87894,37.68859],[-83.87895,37.68841],[-83.87873,37.68823],[-83.87851,37.68804],[-83.87874,37.68787],[-83.87853,37.68768],[-83.8783,37.68768],[-83.87807,37.68767],[-83.87784,37.68784],[-83.8776,37.68802],[-83.87739,37.68783],[-83.87716,37.68783],[-83.87693,37.68782]]},"properties":{"rank":19,"priority":"STRONG TARGET","kind":"primary"}},{"type":"Feature","geometry":{"type":"LineString","coordinates":[[-83.87693,37.68782],[-83.8767,37.68799],[-83.87647,37.68799],[-83.87624,37.68816],[-83.87601,37.68816],[-83.87578,37.68815],[-83.87556,37.68814],[-83.87532,37.68832],[-83.8751,37.68831],[-83.87487,37.68831],[-83.87464,37.6883],[-83.87442,37.68829],[-83.87419,37.68829],[-83.87396,37.68846],[-83.87373,37.68846],[-83.8735,37.68845],[-83.87328,37.68844],[-83.87304,37.68862],[-83.87283,37.68843],[-83.8726,37.68843],[-83.87238,37.68824],[-83.87215,37.68823],[-83.87193,37.68823],[-83.8717,37.68822],[-83.87147,37.6884],[-83.87123,37.68857],[-83.871,37.68874],[-83.87077,37.68874],[-83.87055,37.68873],[-83.87033,37.68855],[-83.8701,37.68854],[-83.87011,37.68836],[-83.86989,37.68817],[-83.86966,37.68817],[-83.86944,37.68798],[-83.86922,37.6878],[-83.869,37.68761],[-83.86901,37.68743],[-83.86902,37.68725],[-83.86903,37.68707],[-83.86904,37.68689],[-83.86904,37.68671],[-83.86882,37.68652],[-83.86883,37.68634],[-83.86884,37.68616],[-83.86907,37.68599],[-83.86908,37.68581],[-83.86886,37.68562],[-83.8691,37.68545],[-83.8691,37.68527],[-83.86911,37.68509],[-83.86889,37.6849],[-83.8689,37.68472],[-83.86913,37.68455],[-83.86914,37.68437],[-83.86915,37.68419],[-83.86938,37.68402],[-83.86939,37.68384],[-83.8694,37.68366],[-83.86941,37.68348],[-83.86941,37.6833],[-83.86942,37.68312],[-83.86943,37.68294],[-83.86944,37.68276],[-83.86944,37.68258],[-83.86922,37.68239],[-83.869,37.68238],[-83.86878,37.6822],[-83.86856,37.68201],[-83.86857,37.68183],[-83.8688,37.68166],[-83.86881,37.68148],[-83.86904,37.6813],[-83.86905,37.68112],[-83.86906,37.68094],[-83.86929,37.68077],[-83.86953,37.6806],[-83.86953,37.68042],[-83.86977,37.68024],[-83.87,37.68007],[-83.87001,37.67989],[-83.87002,37.67971],[-83.87003,37.67953],[-83.87003,37.67935],[-83.86981,37.67916],[-83.86982,37.67898],[-83.8696,37.6788],[-83.86961,37.67862],[-83.86962,37.67844],[-83.86985,37.67826],[-83.87009,37.67809],[-83.87009,37.67791],[-83.87033,37.67773],[-83.87056,37.67756],[-83.8708,37.67739],[-83.87103,37.67721],[-83.87104,37.67703],[-83.87127,37.67686],[-83.87128,37.67668],[-83.87151,37.6765],[-83.87175,37.67633],[-83.87153,37.67614],[-83.87131,37.67596],[-83.87108,37.67595],[-83.87086,37.67577],[-83.87064,37.67558],[-83.87043,37.67539],[-83.87043,37.67521],[-83.87044,37.67503]]},"properties":{"rank":19,"priority":"STRONG TARGET","kind":"extended"}},{"type":"Feature","geometry":{"type":"LineString","coordinates":[[-83.9565,37.6621],[-83.95644,37.66215],[-83.95621,37.66232],[-83.95597,37.6625],[-83.95575,37.66249],[-83.95551,37.66267],[-83.95529,37.66266],[-83.95506,37.66265]]},"properties":{"rank":20,"priority":"STRONG TARGET","kind":"source"}},{"type":"Feature","geometry":{"type":"LineString","coordinates":[[-83.9565,37.6621],[-83.95644,37.66215],[-83.95621,37.66232],[-83.95597,37.6625],[-83.95575,37.66249],[-83.95551,37.66267],[-83.95529,37.66266],[-83.95506,37.66265],[-83.95483,37.66265],[-83.95461,37.66264],[-83.95438,37.66264],[-83.95415,37.66263],[-83.95392,37.6628],[-83.95369,37.6628],[-83.95347,37.66279],[-83.95324,37.66279],[-83.95302,37.6626],[-83.95279,37.6626],[-83.95257,37.66259],[-83.95234,37.66258],[-83.95212,37.6624],[-83.9519,37.66239],[-83.95167,37.66239],[-83.95144,37.66238],[-83.95122,37.66219],[-83.951,37.66219],[-83.95077,37.66218],[-83.95054,37.66218],[-83.95032,37.66217],[-83.95009,37.66217],[-83.94987,37.66216],[-83.94964,37.66215],[-83.94941,37.66215],[-83.94919,37.66196],[-83.94896,37.66214],[-83.94873,37.66213],[-83.94851,37.66194],[-83.94828,37.66212],[-83.94827,37.6623],[-83.94827,37.66248],[-83.94803,37.66265],[-83.94802,37.66283],[-83.94779,37.66301],[-83.94778,37.66319],[-83.94778,37.66337],[-83.94777,37.66355],[-83.94776,37.66373],[-83.94775,37.66391],[-83.94775,37.66409],[-83.94751,37.66426],[-83.94751,37.66444],[-83.9475,37.66462],[-83.94749,37.6648],[-83.94748,37.66498],[-83.94748,37.66516],[-83.94747,37.66534],[-83.94723,37.66552]]},"properties":{"rank":20,"priority":"STRONG TARGET","kind":"primary"}},{"type":"Feature","geometry":{"type":"LineString","coordinates":[[-83.94723,37.66552],[-83.947,37.66569],[-83.94699,37.66587],[-83.94721,37.66606],[-83.94743,37.66624],[-83.94742,37.66642],[-83.94742,37.6666],[-83.94741,37.66678],[-83.9474,37.66696],[-83.94739,37.66714],[-83.94739,37.66732],[-83.94761,37.66751],[-83.9476,37.66769],[-83.94759,37.66787],[-83.94758,37.66805],[-83.94758,37.66823],[-83.94757,37.66841],[-83.94734,37.66858],[-83.9471,37.66876],[-83.94687,37.66893],[-83.94686,37.66911],[-83.94685,37.66929],[-83.94685,37.66947],[-83.94684,37.66965],[-83.94683,37.66983],[-83.94682,37.67001],[-83.94682,37.67019],[-83.94681,37.67037],[-83.9468,37.67055],[-83.94657,37.67072],[-83.94656,37.6709],[-83.94655,37.67108],[-83.94655,37.67126],[-83.94654,37.67144],[-83.94653,37.67162],[-83.94652,37.6718],[-83.94629,37.67198],[-83.94606,37.67215],[-83.94582,37.67233],[-83.94604,37.67251],[-83.94626,37.6727],[-83.94625,37.67288],[-83.94625,37.67306],[-83.94624,37.67324],[-83.94623,37.67342],[-83.94622,37.6736],[-83.94622,37.67378],[-83.94621,37.67396],[-83.94643,37.67414],[-83.94665,37.67433],[-83.94687,37.67452],[-83.94709,37.67452],[-83.94732,37.67453],[-83.94754,37.67453],[-83.94777,37.67454],[-83.948,37.67455],[-83.94822,37.67473],[-83.94844,37.67474],[-83.94866,37.67492],[-83.94866,37.6751],[-83.94888,37.67511],[-83.9491,37.67529]]},"properties":{"rank":20,"priority":"STRONG TARGET","kind":"extended"}},{"type":"Feature","geometry":{"type":"LineString","coordinates":[[-83.9238,37.6521],[-83.92376,37.65211],[-83.92353,37.65228],[-83.92329,37.65246]]},"properties":{"rank":21,"priority":"STRONG TARGET","kind":"source"}},{"type":"Feature","geometry":{"type":"LineString","coordinates":[[-83.9238,37.6521],[-83.92376,37.65211],[-83.92353,37.65228],[-83.92329,37.65246],[-83.92306,37.65263],[-83.92282,37.65281],[-83.92259,37.65298],[-83.92258,37.65316],[-83.92258,37.65334],[-83.92257,37.65352],[-83.92256,37.6537],[-83.92233,37.65387],[-83.92232,37.65405],[-83.92231,37.65424],[-83.9223,37.65442],[-83.9223,37.6546],[-83.92229,37.65478],[-83.92228,37.65496],[-83.92205,37.65513],[-83.92204,37.65531],[-83.92181,37.65548],[-83.9218,37.65566],[-83.92179,37.65584],[-83.92178,37.65602],[-83.92155,37.6562],[-83.92132,37.65637],[-83.92131,37.65655],[-83.92108,37.65673],[-83.92084,37.6569],[-83.92106,37.65709],[-83.92129,37.65709],[-83.92151,37.65728],[-83.92173,37.65728],[-83.92195,37.65747],[-83.92194,37.65765],[-83.92217,37.65766],[-83.92239,37.65784],[-83.92261,37.65803],[-83.92283,37.65821],[-83.92305,37.6584],[-83.92327,37.65858],[-83.92349,37.65859],[-83.92372,37.6586],[-83.92394,37.6586],[-83.92416,37.65879],[-83.92438,37.65897],[-83.9246,37.65916],[-83.92482,37.65935],[-83.92504,37.65953],[-83.92526,37.65972],[-83.92548,37.6599]]},"properties":{"rank":21,"priority":"STRONG TARGET","kind":"primary"}},{"type":"Feature","geometry":{"type":"LineString","coordinates":[[-83.92548,37.6599],[-83.9257,37.66009],[-83.92569,37.66027],[-83.92568,37.66045],[-83.92567,37.66063],[-83.92589,37.66082],[-83.92611,37.661],[-83.92633,37.66119],[-83.92632,37.66137],[-83.92632,37.66155],[-83.92654,37.66173],[-83.92675,37.66192],[-83.92697,37.66211],[-83.92719,37.66229],[-83.92741,37.66248],[-83.92764,37.66248],[-83.92786,37.66267],[-83.92785,37.66285],[-83.92784,37.66303],[-83.92806,37.66321],[-83.92805,37.66339],[-83.92805,37.66357],[-83.92804,37.66375],[-83.92826,37.66394],[-83.92825,37.66412],[-83.92824,37.6643],[-83.92846,37.66449],[-83.92845,37.66467],[-83.92845,37.66485],[-83.92867,37.66503],[-83.92888,37.66522],[-83.92888,37.6654],[-83.92887,37.66558],[-83.92909,37.66576],[-83.92931,37.66595],[-83.9293,37.66613],[-83.92929,37.66631],[-83.92951,37.6665],[-83.92973,37.66668],[-83.92972,37.66686],[-83.92994,37.66705],[-83.92994,37.66723],[-83.93015,37.66741],[-83.93015,37.66759],[-83.93037,37.66778],[-83.93059,37.66779],[-83.93081,37.66797],[-83.93103,37.66816],[-83.93102,37.66834],[-83.93124,37.66852],[-83.93146,37.66871],[-83.93168,37.6689],[-83.9319,37.66908],[-83.93213,37.66909],[-83.93235,37.66909],[-83.93257,37.66928],[-83.93279,37.66946],[-83.93278,37.66964],[-83.93255,37.66982],[-83.93254,37.67],[-83.93276,37.67019],[-83.93298,37.67037],[-83.93321,37.67038],[-83.93343,37.67038],[-83.93365,37.67057],[-83.93388,37.67057],[-83.9341,37.67058],[-83.93433,37.67059],[-83.93455,37.67077],[-83.93477,37.67096],[-83.93499,37.67114],[-83.93521,37.67115],[-83.93543,37.67134],[-83.93565,37.67152],[-83.93587,37.67171],[-83.9361,37.67171],[-83.93632,37.6719],[-83.93631,37.67208],[-83.93653,37.67227],[-83.93676,37.67227],[-83.93697,37.67246],[-83.9372,37.67246],[-83.93743,37.67247],[-83.93765,37.67265],[-83.93787,37.67266],[-83.9381,37.67267],[-83.93832,37.67285],[-83.93855,37.67286],[-83.93876,37.67304],[-83.93898,37.67323],[-83.93921,37.67324],[-83.93943,37.67342],[-83.93965,37.67361],[-83.93987,37.67379],[-83.93986,37.67397],[-83.93985,37.67415],[-83.93962,37.67433],[-83.93961,37.67451],[-83.93983,37.67469],[-83.94006,37.6747],[-83.94028,37.67489],[-83.94049,37.67507],[-83.94071,37.67526],[-83.94094,37.67526],[-83.94117,37.67527],[-83.94139,37.67527],[-83.94161,37.67546],[-83.9416,37.67564],[-83.9416,37.67582],[-83.94136,37.67599],[-83.94136,37.67617],[-83.94135,37.67635],[-83.94157,37.67654],[-83.94156,37.67672],[-83.94178,37.67691],[-83.94177,37.67709],[-83.94199,37.67727]]},"properties":{"rank":21,"priority":"STRONG TARGET","kind":"extended"}},{"type":"Feature","geometry":{"type":"LineString","coordinates":[[-83.7545,37.7989],[-83.7544,37.79875],[-83.75418,37.79856],[-83.75396,37.79856],[-83.75374,37.79837]]},"properties":{"rank":22,"priority":"STRONG TARGET","kind":"source"}},{"type":"Feature","geometry":{"type":"LineString","coordinates":[[-83.7545,37.7989],[-83.7544,37.79875],[-83.75418,37.79856],[-83.75396,37.79856],[-83.75374,37.79837],[-83.75352,37.79819],[-83.7533,37.798],[-83.75331,37.79782],[-83.75309,37.79763],[-83.75287,37.79745],[-83.75265,37.79726],[-83.75243,37.79707],[-83.75221,37.79689],[-83.75199,37.79688],[-83.75176,37.79688],[-83.75153,37.79687],[-83.75131,37.79686],[-83.75108,37.79686],[-83.75085,37.79685],[-83.75063,37.79684],[-83.7504,37.79684],[-83.75017,37.79683],[-83.74995,37.79683],[-83.74972,37.79682],[-83.74949,37.79681],[-83.74927,37.79681],[-83.74904,37.7968],[-83.74881,37.79679],[-83.74859,37.79661],[-83.74837,37.7966],[-83.74815,37.79642],[-83.74792,37.79641],[-83.7477,37.79622],[-83.74748,37.79622],[-83.74726,37.79603],[-83.74704,37.79584],[-83.74705,37.79566],[-83.74705,37.79548],[-83.74683,37.7953],[-83.74662,37.79511],[-83.7464,37.79493],[-83.74617,37.79492],[-83.74594,37.79491],[-83.74572,37.79491],[-83.74549,37.7949],[-83.74527,37.79471],[-83.74504,37.79471],[-83.74482,37.7947],[-83.74459,37.7947],[-83.74436,37.79469],[-83.74414,37.79468],[-83.7439,37.79486],[-83.74389,37.79504],[-83.74389,37.79522],[-83.74388,37.7954]]},"properties":{"rank":22,"priority":"STRONG TARGET","kind":"primary"}},{"type":"Feature","geometry":{"type":"LineString","coordinates":[[-83.74388,37.7954],[-83.74387,37.79558],[-83.74364,37.79575],[-83.7434,37.79592],[-83.74317,37.7961],[-83.74294,37.79609],[-83.7427,37.79626],[-83.74247,37.79644],[-83.74224,37.79643],[-83.74201,37.79661],[-83.74177,37.79678],[-83.74177,37.79696],[-83.74176,37.79714],[-83.74198,37.79733],[-83.7422,37.79751],[-83.74219,37.79769],[-83.74241,37.79788],[-83.7424,37.79806],[-83.74262,37.79824],[-83.74238,37.79842],[-83.74237,37.7986],[-83.74237,37.79878],[-83.74236,37.79896],[-83.74212,37.79913],[-83.74212,37.79931],[-83.74188,37.79949],[-83.74187,37.79967],[-83.74164,37.79984],[-83.74163,37.80002],[-83.74162,37.8002],[-83.74162,37.80038],[-83.74161,37.80056],[-83.74183,37.80075],[-83.74205,37.80093],[-83.74204,37.80111],[-83.74203,37.80129],[-83.74202,37.80147],[-83.74201,37.80165],[-83.74201,37.80183],[-83.74177,37.802],[-83.74199,37.80219],[-83.74198,37.80237],[-83.74197,37.80255],[-83.74197,37.80273],[-83.74196,37.80291],[-83.74172,37.80308],[-83.74149,37.80326],[-83.74125,37.80343],[-83.74102,37.80361],[-83.7408,37.80342],[-83.74057,37.80341],[-83.74034,37.80359],[-83.74033,37.80377],[-83.7401,37.80394],[-83.74009,37.80412],[-83.73985,37.80429],[-83.73985,37.80447],[-83.73961,37.80465],[-83.7396,37.80483],[-83.73959,37.80501],[-83.73981,37.80519],[-83.73981,37.80537],[-83.7398,37.80555],[-83.73979,37.80573],[-83.73978,37.80591],[-83.73977,37.80609],[-83.73977,37.80627],[-83.73999,37.80646],[-83.73998,37.80664],[-83.73997,37.80682],[-83.74019,37.80701],[-83.74042,37.80701],[-83.74065,37.80684],[-83.74087,37.80703],[-83.74109,37.80721],[-83.74108,37.80739],[-83.74107,37.80757],[-83.74129,37.80776],[-83.74128,37.80794],[-83.74127,37.80812],[-83.74127,37.8083],[-83.74126,37.80848],[-83.74125,37.80866],[-83.74124,37.80884],[-83.74124,37.80902],[-83.74123,37.8092],[-83.74122,37.80938],[-83.74144,37.80956],[-83.74167,37.80957],[-83.74189,37.80958],[-83.74212,37.80958],[-83.74235,37.80959],[-83.74256,37.80978],[-83.74279,37.80978],[-83.74302,37.80979],[-83.74324,37.80997],[-83.74323,37.81015],[-83.74345,37.81034],[-83.74367,37.81053],[-83.74389,37.81071],[-83.74388,37.81089],[-83.7441,37.81108],[-83.74409,37.81126],[-83.74431,37.81145],[-83.7443,37.81163],[-83.74407,37.8118],[-83.74406,37.81198],[-83.74428,37.81216],[-83.74404,37.81234],[-83.74403,37.81252],[-83.74403,37.8127],[-83.74402,37.81288],[-83.74401,37.81306],[-83.744,37.81324],[-83.74399,37.81342],[-83.74399,37.8136],[-83.74398,37.81378],[-83.74397,37.81396],[-83.74374,37.81413],[-83.7435,37.81431],[-83.74349,37.81449]]},"properties":{"rank":22,"priority":"STRONG TARGET","kind":"extended"}},{"type":"Feature","geometry":{"type":"LineString","coordinates":[[-83.8931,37.7847],[-83.89306,37.78483],[-83.89305,37.78501],[-83.89282,37.78519],[-83.89281,37.78537]]},"properties":{"rank":23,"priority":"STRONG TARGET","kind":"source"}},{"type":"Feature","geometry":{"type":"LineString","coordinates":[[-83.8931,37.7847],[-83.89306,37.78483],[-83.89305,37.78501],[-83.89282,37.78519],[-83.89281,37.78537],[-83.8928,37.78555],[-83.89279,37.78573],[-83.89256,37.7859],[-83.89255,37.78608],[-83.89254,37.78626],[-83.89231,37.78643],[-83.89208,37.78661],[-83.89184,37.78678],[-83.89183,37.78696],[-83.8916,37.78714],[-83.89159,37.78732],[-83.89136,37.78749],[-83.89112,37.78766],[-83.89089,37.78784],[-83.89065,37.78801],[-83.89042,37.78819],[-83.89019,37.78836],[-83.88995,37.78853],[-83.88972,37.78871],[-83.88948,37.78888],[-83.88926,37.78888],[-83.88903,37.78887],[-83.88879,37.78904],[-83.88857,37.78904],[-83.88834,37.78903],[-83.88811,37.78921],[-83.88787,37.78938],[-83.88764,37.78955],[-83.8874,37.78973],[-83.88718,37.78972],[-83.88694,37.7899],[-83.88693,37.79008],[-83.88693,37.79026],[-83.88715,37.79044],[-83.88714,37.79062],[-83.88713,37.7908],[-83.88712,37.79098],[-83.88712,37.79116],[-83.88688,37.79134],[-83.88687,37.79152],[-83.88687,37.7917],[-83.88686,37.79188],[-83.88685,37.79206],[-83.88684,37.79224],[-83.88684,37.79242],[-83.88683,37.7926],[-83.88705,37.79278],[-83.88727,37.79297]]},"properties":{"rank":23,"priority":"STRONG TARGET","kind":"primary"}},{"type":"Feature","geometry":{"type":"LineString","coordinates":[[-83.88727,37.79297],[-83.88749,37.79297],[-83.88772,37.79298],[-83.88794,37.79317],[-83.88817,37.79317],[-83.88839,37.79318],[-83.88862,37.79318],[-83.88885,37.79319],[-83.88907,37.7932],[-83.8893,37.7932],[-83.88952,37.79339],[-83.88951,37.79357],[-83.88951,37.79375],[-83.8895,37.79393],[-83.88926,37.7941],[-83.88926,37.79428],[-83.88925,37.79446],[-83.88924,37.79464],[-83.88946,37.79483],[-83.88968,37.79501],[-83.8899,37.7952],[-83.89012,37.79539],[-83.89034,37.79557],[-83.89056,37.79576],[-83.89078,37.79576],[-83.89101,37.79577],[-83.89124,37.79578],[-83.89147,37.7956],[-83.8917,37.79561],[-83.89192,37.79561],[-83.89216,37.79544],[-83.89239,37.79545],[-83.89261,37.79545],[-83.89284,37.79546],[-83.89307,37.79528],[-83.89331,37.79511],[-83.89354,37.79512],[-83.89376,37.79512],[-83.89399,37.79513],[-83.89422,37.79513],[-83.89445,37.79496],[-83.89468,37.79497],[-83.89491,37.79479],[-83.89515,37.79462],[-83.89537,37.79462],[-83.8956,37.79463],[-83.89582,37.79482],[-83.89604,37.795],[-83.89603,37.79518],[-83.89625,37.79537],[-83.89647,37.79555],[-83.8967,37.79556],[-83.89692,37.79557],[-83.89715,37.79557],[-83.89738,37.79558],[-83.8976,37.79558],[-83.89783,37.79559],[-83.89806,37.7956],[-83.89828,37.7956],[-83.89852,37.79543],[-83.89874,37.79543],[-83.89898,37.79526],[-83.89899,37.79508],[-83.89922,37.79491],[-83.89945,37.79491],[-83.89967,37.79492],[-83.8999,37.79492],[-83.90013,37.79493],[-83.90036,37.79494],[-83.90058,37.79494],[-83.9008,37.79513],[-83.90102,37.79531],[-83.90124,37.7955],[-83.90146,37.79569],[-83.90168,37.79587],[-83.90191,37.79588],[-83.90213,37.79588],[-83.90236,37.79589],[-83.90258,37.79608],[-83.9028,37.79626],[-83.90302,37.79627],[-83.90324,37.79645],[-83.90346,37.79664],[-83.90346,37.79682],[-83.90368,37.79701],[-83.90389,37.79719],[-83.90389,37.79737],[-83.90411,37.79756],[-83.90433,37.79774],[-83.90432,37.79792],[-83.90454,37.79811],[-83.90453,37.79829],[-83.90475,37.79848],[-83.90474,37.79866],[-83.90496,37.79884],[-83.90495,37.79902],[-83.90517,37.79921],[-83.90517,37.79939],[-83.90516,37.79957],[-83.90515,37.79975],[-83.90514,37.79993],[-83.90514,37.80011],[-83.90513,37.80029],[-83.90512,37.80047],[-83.90511,37.80065],[-83.90488,37.80082],[-83.90487,37.801],[-83.90486,37.80118],[-83.90508,37.80137],[-83.90508,37.80155],[-83.90529,37.80173],[-83.90552,37.80174],[-83.90574,37.80193],[-83.90597,37.80193],[-83.90619,37.80194],[-83.90642,37.80194],[-83.90665,37.80195],[-83.90687,37.80196],[-83.9071,37.80196],[-83.90733,37.80197],[-83.90756,37.80179],[-83.90779,37.8018]]},"properties":{"rank":23,"priority":"STRONG TARGET","kind":"extended"}},{"type":"Feature","geometry":{"type":"LineString","coordinates":[[-83.8446,37.7242],[-83.84478,37.72408],[-83.84502,37.72391],[-83.84524,37.72392],[-83.84548,37.72374]]},"properties":{"rank":24,"priority":"STRONG TARGET","kind":"source"}},{"type":"Feature","geometry":{"type":"LineString","coordinates":[[-83.8446,37.7242],[-83.84478,37.72408],[-83.84502,37.72391],[-83.84524,37.72392],[-83.84548,37.72374],[-83.8457,37.72375],[-83.84593,37.72375],[-83.84616,37.72376],[-83.84639,37.72359],[-83.84662,37.72359],[-83.84684,37.7236],[-83.84708,37.72342],[-83.84731,37.72343],[-83.84753,37.72344],[-83.84776,37.72344],[-83.84799,37.72345],[-83.84821,37.72345],[-83.84845,37.72328],[-83.84867,37.72329],[-83.8489,37.72329],[-83.84913,37.7233],[-83.84936,37.72313],[-83.84959,37.72313],[-83.84981,37.72314],[-83.85004,37.72314],[-83.85026,37.72333],[-83.85048,37.72352],[-83.8507,37.72352],[-83.85094,37.72335],[-83.85095,37.72317],[-83.85095,37.72299],[-83.85096,37.72281],[-83.85074,37.72262],[-83.85052,37.72244],[-83.85053,37.72226],[-83.85077,37.72208],[-83.851,37.72191],[-83.85101,37.72173],[-83.85124,37.72155],[-83.85125,37.72137],[-83.85126,37.72119],[-83.85149,37.72102],[-83.85173,37.72085],[-83.85173,37.72067],[-83.85174,37.72049],[-83.85197,37.72031],[-83.85198,37.72013],[-83.85199,37.71995],[-83.85222,37.71978],[-83.85246,37.7196],[-83.85247,37.71942],[-83.8527,37.71925],[-83.85293,37.71908],[-83.85316,37.71908]]},"properties":{"rank":24,"priority":"STRONG TARGET","kind":"primary"}},{"type":"Feature","geometry":{"type":"LineString","coordinates":[[-83.85316,37.71908],[-83.8534,37.71891],[-83.8534,37.71873],[-83.85364,37.71855],[-83.85387,37.71838],[-83.85388,37.7182],[-83.85389,37.71802],[-83.85412,37.71785],[-83.85436,37.71767],[-83.85436,37.71749],[-83.8546,37.71732],[-83.8546,37.71714],[-83.85484,37.71696],[-83.85485,37.71678],[-83.85508,37.71661],[-83.85509,37.71643],[-83.8551,37.71625],[-83.85533,37.71608],[-83.85534,37.7159],[-83.85535,37.71572],[-83.85535,37.71554],[-83.85559,37.71536],[-83.85559,37.71518],[-83.85583,37.71501],[-83.85584,37.71483],[-83.85607,37.71466],[-83.85608,37.71448],[-83.85609,37.7143],[-83.85632,37.71412],[-83.85655,37.71395],[-83.85656,37.71377],[-83.85657,37.71359],[-83.8568,37.71341],[-83.85681,37.71323],[-83.85682,37.71305],[-83.85683,37.71287],[-83.85706,37.7127],[-83.85729,37.71253],[-83.85753,37.71235],[-83.85754,37.71217],[-83.85777,37.712],[-83.85778,37.71182],[-83.85779,37.71164],[-83.85802,37.71146],[-83.85825,37.71129],[-83.85849,37.71112],[-83.8585,37.71094],[-83.85828,37.71075],[-83.85828,37.71057],[-83.85829,37.71039],[-83.8583,37.71021],[-83.85853,37.71004],[-83.85854,37.70986],[-83.85855,37.70968],[-83.85856,37.7095],[-83.85834,37.70931],[-83.85812,37.70912],[-83.8579,37.70894],[-83.85767,37.70893],[-83.85745,37.70875],[-83.85724,37.70856],[-83.85702,37.70837],[-83.85702,37.70819],[-83.85703,37.70801],[-83.85727,37.70784],[-83.8575,37.70767],[-83.85773,37.70767],[-83.85796,37.7075],[-83.8582,37.70732],[-83.8582,37.70714],[-83.85844,37.70697],[-83.85844,37.70679],[-83.85845,37.70661],[-83.85846,37.70643],[-83.85847,37.70625],[-83.85825,37.70606],[-83.85826,37.70588],[-83.85804,37.7057],[-83.85782,37.70551],[-83.8576,37.70533],[-83.85761,37.70515],[-83.85761,37.70497],[-83.8574,37.70478],[-83.85718,37.70459],[-83.85718,37.70441],[-83.85719,37.70423],[-83.8572,37.70405],[-83.85743,37.70388],[-83.85744,37.7037],[-83.85768,37.70353],[-83.85791,37.70335],[-83.85814,37.70318],[-83.85838,37.703],[-83.85839,37.70282],[-83.85839,37.70264],[-83.8584,37.70246],[-83.85863,37.70229],[-83.85887,37.70212],[-83.85888,37.70194],[-83.85888,37.70176],[-83.85889,37.70158],[-83.8589,37.7014],[-83.85868,37.70121],[-83.85869,37.70103],[-83.85847,37.70084],[-83.85825,37.70066],[-83.85826,37.70048],[-83.85804,37.70029],[-83.85805,37.70011],[-83.85783,37.69993],[-83.85761,37.69974],[-83.85762,37.69956],[-83.85762,37.69938],[-83.85786,37.69921],[-83.85809,37.69903],[-83.8581,37.69885],[-83.85811,37.69867],[-83.85811,37.69849]]},"properties":{"rank":24,"priority":"STRONG TARGET","kind":"extended"}},{"type":"Feature","geometry":{"type":"LineString","coordinates":[[-83.9699,37.6147],[-83.97016,37.61457],[-83.9704,37.61439],[-83.97063,37.61422]]},"properties":{"rank":25,"priority":"STRONG TARGET","kind":"source"}},{"type":"Feature","geometry":{"type":"LineString","coordinates":[[-83.9699,37.6147],[-83.97016,37.61457],[-83.9704,37.61439],[-83.97063,37.61422],[-83.97064,37.61404],[-83.97064,37.61386],[-83.97065,37.61368],[-83.97066,37.6135],[-83.97067,37.61332],[-83.97045,37.61313],[-83.97045,37.61295],[-83.97023,37.61277],[-83.97002,37.61258],[-83.9698,37.6124],[-83.96958,37.61221],[-83.96936,37.61202],[-83.96914,37.61184],[-83.96892,37.61165],[-83.9687,37.61147],[-83.96848,37.61128],[-83.96826,37.6111],[-83.96827,37.61092],[-83.96805,37.61073],[-83.96806,37.61055],[-83.96784,37.61036],[-83.96762,37.61018],[-83.9674,37.60999],[-83.96718,37.60981],[-83.96696,37.60962],[-83.96675,37.60943],[-83.96675,37.60925],[-83.96676,37.60907],[-83.96653,37.60907],[-83.9663,37.60924],[-83.96607,37.60942],[-83.96583,37.60959],[-83.9656,37.60977],[-83.96538,37.60958],[-83.96515,37.60957],[-83.96494,37.60939],[-83.96471,37.60938],[-83.96448,37.60956],[-83.96447,37.60974],[-83.96423,37.60991],[-83.964,37.61009],[-83.96377,37.61008],[-83.96355,37.61007],[-83.96332,37.61007],[-83.9631,37.61006],[-83.96286,37.61024]]},"properties":{"rank":25,"priority":"STRONG TARGET","kind":"primary"}},{"type":"Feature","geometry":{"type":"LineString","coordinates":[[-83.96286,37.61024],[-83.96285,37.61042],[-83.96262,37.61059],[-83.96239,37.61076],[-83.96215,37.61094],[-83.96193,37.61093],[-83.96169,37.61111],[-83.96169,37.61129],[-83.96145,37.61146],[-83.96122,37.61164],[-83.96121,37.61182],[-83.96098,37.61199],[-83.96097,37.61217],[-83.96074,37.61234],[-83.96073,37.61252],[-83.96072,37.6127],[-83.96072,37.61288],[-83.96048,37.61306],[-83.96047,37.61324],[-83.96047,37.61342],[-83.96023,37.61359],[-83.96023,37.61377],[-83.95999,37.61395],[-83.95977,37.61394],[-83.95953,37.61411],[-83.95953,37.61429],[-83.95974,37.61448],[-83.95974,37.61466],[-83.9595,37.61483],[-83.9595,37.61501],[-83.95926,37.61519],[-83.95926,37.61537],[-83.95947,37.61555],[-83.95947,37.61573],[-83.95946,37.61591],[-83.95945,37.61609],[-83.95944,37.61627],[-83.95944,37.61645],[-83.9592,37.61663],[-83.95897,37.6168],[-83.95874,37.61698],[-83.9585,37.61715],[-83.95827,37.61733],[-83.95826,37.61751],[-83.95803,37.61768],[-83.95802,37.61786],[-83.95801,37.61804],[-83.95778,37.61821]]},"properties":{"rank":25,"priority":"STRONG TARGET","kind":"extended"}},{"type":"Feature","geometry":{"type":"LineString","coordinates":[[-83.9247,37.7223],[-83.92472,37.72223],[-83.92472,37.72205],[-83.9245,37.72187]]},"properties":{"rank":26,"priority":"STRONG TARGET","kind":"source"}},{"type":"Feature","geometry":{"type":"LineString","coordinates":[[-83.9247,37.7223],[-83.92472,37.72223],[-83.92472,37.72205],[-83.9245,37.72187],[-83.92428,37.72168],[-83.92429,37.7215],[-83.92407,37.72132],[-83.92385,37.72113],[-83.92363,37.72094],[-83.92342,37.72076],[-83.92342,37.72058],[-83.9232,37.72039],[-83.92321,37.72021],[-83.92299,37.72003],[-83.923,37.71985],[-83.92301,37.71967],[-83.92279,37.71948],[-83.9228,37.7193],[-83.92258,37.71911],[-83.92258,37.71893],[-83.92236,37.71875],[-83.92215,37.71856],[-83.92193,37.71838],[-83.92193,37.7182],[-83.92171,37.71801],[-83.9215,37.71782],[-83.92128,37.71764],[-83.92106,37.71745],[-83.92084,37.71727],[-83.92061,37.71726],[-83.92038,37.71726],[-83.92017,37.71707],[-83.91994,37.71706],[-83.91972,37.71688],[-83.91949,37.71687],[-83.91927,37.71669],[-83.91905,37.71668],[-83.91883,37.71649],[-83.9186,37.71649],[-83.91838,37.7163],[-83.91816,37.71612],[-83.91794,37.71611],[-83.91771,37.7161],[-83.91748,37.7161],[-83.91726,37.71609],[-83.91703,37.71609],[-83.9168,37.71608],[-83.91658,37.71607],[-83.91635,37.71607],[-83.91612,37.71606],[-83.9159,37.71606],[-83.9159,37.71588],[-83.91591,37.7157]]},"properties":{"rank":26,"priority":"STRONG TARGET","kind":"primary"}},{"type":"Feature","geometry":{"type":"LineString","coordinates":[[-83.91591,37.7157],[-83.91569,37.71551],[-83.9157,37.71533],[-83.91548,37.71514],[-83.91549,37.71496],[-83.9155,37.71478],[-83.9155,37.7146],[-83.91551,37.71442],[-83.91575,37.71425],[-83.91575,37.71407],[-83.91599,37.7139],[-83.91622,37.71372],[-83.91623,37.71354],[-83.91624,37.71336],[-83.91624,37.71318],[-83.91625,37.713],[-83.91626,37.71282],[-83.91649,37.71265],[-83.91673,37.71247],[-83.91673,37.71229],[-83.91697,37.71212],[-83.91698,37.71194],[-83.91698,37.71176],[-83.91722,37.71159],[-83.91744,37.71159],[-83.91767,37.7116],[-83.9179,37.71142],[-83.91791,37.71124],[-83.91769,37.71106],[-83.91747,37.71087],[-83.91748,37.71069],[-83.91749,37.71051],[-83.9175,37.71033],[-83.9175,37.71015],[-83.91751,37.70997],[-83.91752,37.70979],[-83.91753,37.70961],[-83.91731,37.70943],[-83.91709,37.70924],[-83.91709,37.70906],[-83.91688,37.70887],[-83.91711,37.7087],[-83.91734,37.70853],[-83.91757,37.70853],[-83.9178,37.70854],[-83.91802,37.70854],[-83.91826,37.70837],[-83.91826,37.70819],[-83.91827,37.70801],[-83.91828,37.70783],[-83.91829,37.70765],[-83.91852,37.70748],[-83.91853,37.7073],[-83.91854,37.70712],[-83.91854,37.70694],[-83.91855,37.70676],[-83.91833,37.70657],[-83.91834,37.70639],[-83.91835,37.70621],[-83.91813,37.70602],[-83.91814,37.70584],[-83.91792,37.70566],[-83.9177,37.70547],[-83.91793,37.7053],[-83.91817,37.70512],[-83.91817,37.70494],[-83.91818,37.70476],[-83.91841,37.70459],[-83.91842,37.70441],[-83.91843,37.70423],[-83.91844,37.70405],[-83.91844,37.70387],[-83.91845,37.70369],[-83.91846,37.70351],[-83.91847,37.70333],[-83.91847,37.70315],[-83.91848,37.70297],[-83.91872,37.7028],[-83.91895,37.70262],[-83.91918,37.70245],[-83.91919,37.70227],[-83.91942,37.70209],[-83.91966,37.70192],[-83.91989,37.70175],[-83.92013,37.70157],[-83.92036,37.7014],[-83.92059,37.70122],[-83.92083,37.70105],[-83.92106,37.70087],[-83.92107,37.70069],[-83.9213,37.70052],[-83.92154,37.70035],[-83.92155,37.70017],[-83.92155,37.69999],[-83.92179,37.69981],[-83.92202,37.69964],[-83.92203,37.69946],[-83.92226,37.69928],[-83.92227,37.6991],[-83.9225,37.69893],[-83.92251,37.69875],[-83.92252,37.69857],[-83.92275,37.6984],[-83.92299,37.69822],[-83.92322,37.69805],[-83.92345,37.69805],[-83.92368,37.69788],[-83.92369,37.6977],[-83.92392,37.69753],[-83.92393,37.69735],[-83.92416,37.69735],[-83.92439,37.69718],[-83.92462,37.697],[-83.92486,37.69683],[-83.92509,37.69684],[-83.92532,37.69666],[-83.92533,37.69648],[-83.92556,37.69631],[-83.92579,37.69613]]},"properties":{"rank":26,"priority":"STRONG TARGET","kind":"extended"}},{"type":"Feature","geometry":{"type":"LineString","coordinates":[[-83.8849,37.7149],[-83.8851,37.71489],[-83.88531,37.71507],[-83.88554,37.71508],[-83.88577,37.71508]]},"properties":{"rank":27,"priority":"STRONG TARGET","kind":"source"}},{"type":"Feature","geometry":{"type":"LineString","coordinates":[[-83.8849,37.7149],[-83.8851,37.71489],[-83.88531,37.71507],[-83.88554,37.71508],[-83.88577,37.71508],[-83.88599,37.71527],[-83.88621,37.71546],[-83.88643,37.71546],[-83.88665,37.71565],[-83.88687,37.71583],[-83.88709,37.71602],[-83.88731,37.71621],[-83.88754,37.71621],[-83.88775,37.7164],[-83.88798,37.7164],[-83.8882,37.71659],[-83.88842,37.71678],[-83.88841,37.71696],[-83.88863,37.71714],[-83.88885,37.71733],[-83.88908,37.71733],[-83.8893,37.71752],[-83.88952,37.71753],[-83.88975,37.71753],[-83.88998,37.71754],[-83.89019,37.71772],[-83.89042,37.71773],[-83.89064,37.71792],[-83.89086,37.7181],[-83.89085,37.71828],[-83.89084,37.71846],[-83.89106,37.71865],[-83.89129,37.71865],[-83.89152,37.71866],[-83.89175,37.71849],[-83.89198,37.71831],[-83.89222,37.71814],[-83.89223,37.71796],[-83.89246,37.71778],[-83.89247,37.7176],[-83.8927,37.71743],[-83.89294,37.71726],[-83.89317,37.71708],[-83.89318,37.7169],[-83.89341,37.71673],[-83.89364,37.71673],[-83.89387,37.71674],[-83.89409,37.71674],[-83.89432,37.71675],[-83.89455,37.71658],[-83.89478,37.71658],[-83.89501,37.71641]]},"properties":{"rank":27,"priority":"STRONG TARGET","kind":"primary"}},{"type":"Feature","geometry":{"type":"LineString","coordinates":[[-83.89501,37.71641],[-83.89524,37.71641],[-83.89547,37.71624],[-83.89548,37.71606],[-83.89572,37.71589],[-83.89572,37.71571],[-83.89573,37.71553],[-83.89574,37.71535],[-83.89597,37.71517],[-83.8962,37.71518],[-83.89643,37.71518],[-83.89665,37.71519],[-83.89689,37.71502],[-83.89711,37.71502],[-83.89735,37.71485],[-83.89735,37.71467],[-83.89713,37.71466],[-83.89691,37.71448],[-83.89714,37.7143],[-83.89737,37.71431],[-83.8976,37.71413],[-83.89784,37.71396],[-83.89807,37.71379],[-83.8983,37.71379],[-83.89853,37.71362],[-83.89854,37.71344],[-83.89832,37.71325],[-83.8981,37.71307],[-83.89834,37.71289],[-83.89857,37.71272],[-83.89858,37.71254],[-83.89881,37.71236],[-83.89882,37.71218],[-83.89905,37.71201],[-83.89929,37.71184],[-83.89951,37.71184],[-83.89974,37.71185],[-83.89997,37.71185],[-83.9002,37.71168],[-83.90043,37.71151],[-83.90067,37.71133],[-83.9009,37.71116],[-83.90114,37.71098],[-83.90137,37.71081],[-83.9016,37.71082],[-83.90183,37.71064],[-83.90207,37.71047],[-83.90229,37.71047],[-83.90253,37.7103],[-83.90275,37.71031],[-83.90299,37.71013],[-83.90322,37.70996],[-83.90323,37.70978],[-83.90346,37.70978],[-83.90369,37.70961],[-83.9037,37.70943],[-83.90393,37.70926],[-83.90416,37.70926],[-83.90439,37.70909],[-83.90462,37.70909],[-83.90484,37.7091],[-83.90508,37.70893],[-83.90531,37.70875],[-83.90555,37.70858],[-83.90577,37.70858],[-83.90601,37.70841],[-83.90602,37.70823],[-83.90625,37.70805],[-83.90648,37.70788],[-83.90672,37.70771],[-83.90694,37.70771],[-83.90695,37.70753],[-83.90719,37.70736],[-83.90742,37.70718],[-83.90765,37.70701],[-83.90788,37.70702],[-83.90811,37.70684],[-83.90835,37.70667],[-83.90858,37.70649],[-83.90882,37.70632],[-83.90904,37.70633],[-83.90928,37.70615],[-83.90951,37.70598],[-83.90974,37.70598],[-83.90997,37.70581],[-83.91021,37.70564],[-83.91044,37.70546],[-83.91067,37.70547],[-83.9109,37.70529],[-83.91113,37.7053],[-83.91113,37.70512],[-83.91137,37.70495],[-83.91159,37.70495],[-83.91182,37.70496],[-83.91183,37.70478],[-83.91184,37.7046],[-83.91184,37.70442],[-83.91185,37.70424],[-83.91209,37.70406],[-83.91232,37.70389],[-83.91255,37.7039],[-83.91277,37.7039],[-83.913,37.70391],[-83.91323,37.70373],[-83.91347,37.70356],[-83.9137,37.70338],[-83.91393,37.70339],[-83.91415,37.7034],[-83.91438,37.7034],[-83.91461,37.70341],[-83.91483,37.70359],[-83.91505,37.70378],[-83.91527,37.70379],[-83.91549,37.70397],[-83.91572,37.70398]]},"properties":{"rank":27,"priority":"STRONG TARGET","kind":"extended"}},{"type":"Feature","geometry":{"type":"LineString","coordinates":[[-83.868,37.7079],[-83.86792,37.70794],[-83.8677,37.70794],[-83.86746,37.70811],[-83.86723,37.70828]]},"properties":{"rank":28,"priority":"STRONG TARGET","kind":"source"}},{"type":"Feature","geometry":{"type":"LineString","coordinates":[[-83.868,37.7079],[-83.86792,37.70794],[-83.8677,37.70794],[-83.86746,37.70811],[-83.86723,37.70828],[-83.86699,37.70846],[-83.86676,37.70863],[-83.86675,37.70881],[-83.86652,37.70899],[-83.86651,37.70917],[-83.8665,37.70935],[-83.86649,37.70953],[-83.86626,37.7097],[-83.86603,37.70987],[-83.86579,37.71005],[-83.86557,37.71004],[-83.86534,37.71004],[-83.86511,37.71003],[-83.86489,37.71002],[-83.86467,37.70984],[-83.86444,37.70983],[-83.86421,37.70983],[-83.86399,37.70982],[-83.86376,37.70981],[-83.86353,37.70981],[-83.86331,37.7098],[-83.86309,37.70962],[-83.86286,37.70961],[-83.86264,37.7096],[-83.86242,37.70942],[-83.8622,37.70923],[-83.86198,37.70905],[-83.86175,37.70904],[-83.86153,37.70903],[-83.86131,37.70885],[-83.86108,37.70884],[-83.86085,37.70884],[-83.86063,37.70865],[-83.86064,37.70847],[-83.86042,37.70846],[-83.8602,37.70828],[-83.85997,37.70827],[-83.85975,37.70809],[-83.85952,37.70808],[-83.8593,37.70807],[-83.85907,37.70807],[-83.85885,37.70788],[-83.85863,37.70788],[-83.8584,37.70787],[-83.85818,37.70768],[-83.85796,37.7075],[-83.8582,37.70732],[-83.8582,37.70714],[-83.85844,37.70697]]},"properties":{"rank":28,"priority":"STRONG TARGET","kind":"primary"}},{"type":"Feature","geometry":{"type":"LineString","coordinates":[[-83.85844,37.70697],[-83.85844,37.70679],[-83.85845,37.70661],[-83.85846,37.70643],[-83.85847,37.70625],[-83.85825,37.70606],[-83.85826,37.70588],[-83.85804,37.7057],[-83.85782,37.70551],[-83.8576,37.70533],[-83.85761,37.70515],[-83.85761,37.70497],[-83.8574,37.70478],[-83.85718,37.70459],[-83.85718,37.70441],[-83.85719,37.70423],[-83.8572,37.70405],[-83.85743,37.70388],[-83.85744,37.7037],[-83.85768,37.70353],[-83.85791,37.70335],[-83.85814,37.70318],[-83.85838,37.703],[-83.85839,37.70282],[-83.85839,37.70264],[-83.8584,37.70246],[-83.85863,37.70229],[-83.85887,37.70212],[-83.85888,37.70194],[-83.85888,37.70176],[-83.85889,37.70158],[-83.8589,37.7014],[-83.85868,37.70121],[-83.85869,37.70103],[-83.85847,37.70084],[-83.85825,37.70066],[-83.85826,37.70048],[-83.85804,37.70029],[-83.85805,37.70011],[-83.85783,37.69993],[-83.85761,37.69974],[-83.85762,37.69956],[-83.85762,37.69938],[-83.85786,37.69921],[-83.85809,37.69903],[-83.8581,37.69885],[-83.85811,37.69867],[-83.85811,37.69849],[-83.8579,37.69831],[-83.8579,37.69813],[-83.85791,37.69795],[-83.85792,37.69777],[-83.85793,37.69759],[-83.85816,37.69741],[-83.85817,37.69723],[-83.85818,37.69705],[-83.85818,37.69687],[-83.85819,37.69669],[-83.8582,37.69651],[-83.85821,37.69633],[-83.85844,37.69616],[-83.85845,37.69598],[-83.85846,37.6958],[-83.85846,37.69562],[-83.8587,37.69544],[-83.8587,37.69526],[-83.85894,37.69509],[-83.85917,37.6951],[-83.85939,37.6951],[-83.85961,37.69529],[-83.85984,37.69529],[-83.86007,37.69512],[-83.86031,37.69495],[-83.86054,37.69477],[-83.86055,37.69459],[-83.86055,37.69441],[-83.86056,37.69423],[-83.86057,37.69405],[-83.86058,37.69387],[-83.86036,37.69369],[-83.86037,37.69351],[-83.86015,37.69332],[-83.85993,37.69313],[-83.8597,37.69313],[-83.85948,37.69294],[-83.85926,37.69276],[-83.85905,37.69257],[-83.85883,37.69238],[-83.85883,37.6922],[-83.85861,37.69202],[-83.8584,37.69183],[-83.85818,37.69165],[-83.85796,37.69146],[-83.85797,37.69128],[-83.85797,37.6911],[-83.85798,37.69092],[-83.85776,37.69073],[-83.85777,37.69055],[-83.85778,37.69037],[-83.85756,37.69019],[-83.85734,37.69],[-83.85735,37.68982],[-83.85735,37.68964],[-83.85736,37.68946],[-83.85737,37.68928],[-83.85738,37.6891],[-83.85739,37.68892],[-83.85739,37.68874],[-83.8574,37.68856],[-83.85741,37.68838],[-83.85764,37.68821],[-83.85742,37.68802],[-83.85743,37.68784],[-83.85744,37.68766],[-83.85745,37.68748],[-83.85745,37.6873],[-83.85723,37.68712],[-83.85724,37.68694],[-83.85725,37.68676],[-83.85703,37.68657],[-83.85704,37.68639]]},"properties":{"rank":28,"priority":"STRONG TARGET","kind":"extended"}},{"type":"Feature","geometry":{"type":"LineString","coordinates":[[-84.099,37.5672],[-84.09908,37.56735],[-84.09908,37.56753],[-84.09907,37.56771],[-84.09906,37.56789],[-84.09906,37.56807]]},"properties":{"rank":29,"priority":"STRONG TARGET","kind":"source"}},{"type":"Feature","geometry":{"type":"LineString","coordinates":[[-84.099,37.5672],[-84.09908,37.56735],[-84.09908,37.56753],[-84.09907,37.56771],[-84.09906,37.56789],[-84.09906,37.56807],[-84.09905,37.56825],[-84.09904,37.56843],[-84.09926,37.56862],[-84.09925,37.5688],[-84.09925,37.56898],[-84.09924,37.56916],[-84.09923,37.56934],[-84.09923,37.56952],[-84.09922,37.5697],[-84.09921,37.56988],[-84.09921,37.57006],[-84.0992,37.57024],[-84.09919,37.57042],[-84.09918,37.5706],[-84.09918,37.57078],[-84.09917,37.57096],[-84.09916,37.57114],[-84.09916,37.57132],[-84.09938,37.5715],[-84.0996,37.57169],[-84.09959,37.57187],[-84.09958,37.57205],[-84.09935,37.57222],[-84.09911,37.5724],[-84.09888,37.57257],[-84.09865,37.57275],[-84.09842,37.57292],[-84.09863,37.57311],[-84.09863,37.57329],[-84.09885,37.57347],[-84.09907,37.57366],[-84.09929,37.57384],[-84.09928,37.57402],[-84.09905,37.5742],[-84.09904,37.57438],[-84.09926,37.57456],[-84.09925,37.57474],[-84.09924,37.57492],[-84.09901,37.5751],[-84.099,37.57528],[-84.09877,37.57545],[-84.09876,37.57563],[-84.09898,37.57582],[-84.09898,37.576],[-84.09897,37.57618],[-84.09873,37.57635],[-84.09873,37.57653],[-84.09872,37.57671],[-84.09849,37.57689]]},"properties":{"rank":29,"priority":"STRONG TARGET","kind":"primary"}},{"type":"Feature","geometry":{"type":"LineString","coordinates":[[-84.09849,37.57689],[-84.09825,37.57706],[-84.09802,37.57724],[-84.09801,37.57742],[-84.09778,37.57759],[-84.09755,37.57777],[-84.09731,37.57794],[-84.09708,37.57812],[-84.09685,37.57829],[-84.09662,37.57828],[-84.09639,37.57846],[-84.09616,37.57845],[-84.09593,37.57863],[-84.0957,37.57862],[-84.09547,37.5788],[-84.09524,37.57879],[-84.09501,37.57897],[-84.095,37.57915],[-84.09477,37.57932],[-84.09454,37.57931],[-84.09431,37.57949],[-84.09408,37.57966],[-84.09384,37.57984],[-84.09361,37.58001],[-84.09339,37.58001],[-84.09315,37.58018],[-84.09292,37.58036],[-84.09269,37.58053],[-84.09268,37.58071],[-84.09245,37.58088],[-84.09221,37.58106],[-84.09199,37.58105]]},"properties":{"rank":29,"priority":"STRONG TARGET","kind":"extended"}},{"type":"Feature","geometry":{"type":"LineString","coordinates":[[-84.2579,37.5149],[-84.25812,37.51511],[-84.25835,37.51511],[-84.25857,37.51512],[-84.2588,37.51512],[-84.25902,37.51531],[-84.25925,37.51531]]},"properties":{"rank":30,"priority":"STRONG TARGET","kind":"source"}},{"type":"Feature","geometry":{"type":"LineString","coordinates":[[-84.2579,37.5149],[-84.25812,37.51511],[-84.25835,37.51511],[-84.25857,37.51512],[-84.2588,37.51512],[-84.25902,37.51531],[-84.25925,37.51531],[-84.25948,37.51514],[-84.25949,37.51496],[-84.25972,37.51478],[-84.25995,37.51461],[-84.26018,37.51461],[-84.26041,37.51444],[-84.26064,37.51445],[-84.26087,37.51427],[-84.26088,37.51409],[-84.26111,37.51392],[-84.26111,37.51374],[-84.26112,37.51356],[-84.26113,37.51338],[-84.26113,37.5132],[-84.26114,37.51302],[-84.26115,37.51284],[-84.26115,37.51266],[-84.26093,37.51247],[-84.26094,37.51229],[-84.26072,37.5121],[-84.26073,37.51192],[-84.26096,37.51175],[-84.26097,37.51157],[-84.26097,37.51139],[-84.26121,37.51121],[-84.26121,37.51103],[-84.26145,37.51086],[-84.26168,37.51068],[-84.26191,37.51051],[-84.26192,37.51033],[-84.26215,37.51016],[-84.26238,37.50998],[-84.26239,37.5098],[-84.2624,37.50962],[-84.2624,37.50944],[-84.26264,37.50927],[-84.26264,37.50909],[-84.26265,37.50891],[-84.26265,37.50873],[-84.26289,37.50855],[-84.26289,37.50837],[-84.2629,37.50819],[-84.26313,37.50802],[-84.26314,37.50784],[-84.26315,37.50766],[-84.26293,37.50747],[-84.26271,37.50728]]},"properties":{"rank":30,"priority":"STRONG TARGET","kind":"primary"}},{"type":"Feature","geometry":{"type":"LineString","coordinates":[[-84.26271,37.50728],[-84.26249,37.5071],[-84.26249,37.50692],[-84.2625,37.50674],[-84.26251,37.50656],[-84.26229,37.50637],[-84.26206,37.50655],[-84.26184,37.50636],[-84.26184,37.50618],[-84.26185,37.506],[-84.26186,37.50582],[-84.26163,37.50582],[-84.26141,37.50563],[-84.26119,37.50545],[-84.26097,37.50526],[-84.26075,37.50526],[-84.26053,37.50507],[-84.26053,37.50489],[-84.26031,37.50489],[-84.26009,37.5047],[-84.25987,37.50452],[-84.25987,37.50434],[-84.25988,37.50416],[-84.25966,37.50397],[-84.25944,37.50378],[-84.25922,37.5036],[-84.25923,37.50342],[-84.25901,37.50323],[-84.25878,37.50323],[-84.25879,37.50305],[-84.25857,37.50286],[-84.25835,37.50268],[-84.25813,37.50249],[-84.25791,37.50231],[-84.25792,37.50213],[-84.2577,37.50194],[-84.25748,37.50176],[-84.25726,37.50157],[-84.25704,37.50139],[-84.25705,37.50121],[-84.25705,37.50103],[-84.25729,37.50085],[-84.25729,37.50067],[-84.25753,37.5005],[-84.25753,37.50032],[-84.25731,37.50013],[-84.25709,37.49995],[-84.2571,37.49977],[-84.25733,37.49959],[-84.25734,37.49941],[-84.25735,37.49923],[-84.25735,37.49905],[-84.25736,37.49887],[-84.25737,37.49869],[-84.25737,37.49851],[-84.25738,37.49833],[-84.25761,37.49816],[-84.25784,37.49798],[-84.25785,37.4978],[-84.25786,37.49762],[-84.25786,37.49744],[-84.25787,37.49726],[-84.25765,37.49708],[-84.25766,37.49689],[-84.25767,37.49671],[-84.2579,37.49654],[-84.25813,37.49637],[-84.25814,37.49619],[-84.25814,37.49601],[-84.25838,37.49583],[-84.25838,37.49565],[-84.25839,37.49547],[-84.25862,37.4953],[-84.25863,37.49512],[-84.25863,37.49494],[-84.25864,37.49476],[-84.25865,37.49458],[-84.25865,37.4944],[-84.25889,37.49422],[-84.25912,37.49405],[-84.25913,37.49387],[-84.25913,37.49369],[-84.25914,37.49351],[-84.25915,37.49333],[-84.25915,37.49315],[-84.25916,37.49296],[-84.25939,37.49279],[-84.2594,37.49261],[-84.25941,37.49243],[-84.25941,37.49225],[-84.25942,37.49207],[-84.25965,37.4919],[-84.25966,37.49172],[-84.25966,37.49153],[-84.25967,37.49135],[-84.25968,37.49117],[-84.25946,37.49099],[-84.25946,37.49081],[-84.25924,37.49062],[-84.25925,37.49044],[-84.25903,37.49026],[-84.25881,37.49007],[-84.25859,37.48989],[-84.2586,37.48971],[-84.25838,37.48952],[-84.25839,37.48934],[-84.25817,37.48916],[-84.25817,37.48898],[-84.25795,37.48879],[-84.25774,37.48861],[-84.25752,37.48842],[-84.25752,37.48824],[-84.2573,37.48806],[-84.25731,37.48788],[-84.25709,37.48769],[-84.25687,37.48751],[-84.25688,37.48733],[-84.25666,37.48714],[-84.25644,37.48695]]},"properties":{"rank":30,"priority":"STRONG TARGET","kind":"extended"}},{"type":"Feature","geometry":{"type":"LineString","coordinates":[[-84.0314,37.6306],[-84.03137,37.63054],[-84.03115,37.63036],[-84.03093,37.63017]]},"properties":{"rank":31,"priority":"STRONG TARGET","kind":"source"}},{"type":"Feature","geometry":{"type":"LineString","coordinates":[[-84.0314,37.6306],[-84.03137,37.63054],[-84.03115,37.63036],[-84.03093,37.63017],[-84.03094,37.62999],[-84.03095,37.62981],[-84.03095,37.62963],[-84.03073,37.62944],[-84.03074,37.62926],[-84.03075,37.62908],[-84.03076,37.6289],[-84.03054,37.62872],[-84.03054,37.62854],[-84.03055,37.62836],[-84.03056,37.62818],[-84.03034,37.62799],[-84.03035,37.62781],[-84.03058,37.62764],[-84.03059,37.62746],[-84.03059,37.62728],[-84.03083,37.6271],[-84.03083,37.62692],[-84.03107,37.62675],[-84.03108,37.62657],[-84.03108,37.62639],[-84.03132,37.62622],[-84.03155,37.62604],[-84.03178,37.62605],[-84.03178,37.62587],[-84.03202,37.62569],[-84.03202,37.62551],[-84.03226,37.62534],[-84.03249,37.62516],[-84.0325,37.62498],[-84.03251,37.6248],[-84.03251,37.62462],[-84.03252,37.62444],[-84.03253,37.62426],[-84.03253,37.62408],[-84.03254,37.6239],[-84.03232,37.62372],[-84.03233,37.62354],[-84.03256,37.62336],[-84.03257,37.62318],[-84.03234,37.62318],[-84.03235,37.623],[-84.03236,37.62282],[-84.03214,37.62263],[-84.03191,37.62263],[-84.03169,37.62244],[-84.0317,37.62226],[-84.03171,37.62208],[-84.03149,37.6219],[-84.0315,37.62172],[-84.03128,37.62153]]},"properties":{"rank":31,"priority":"STRONG TARGET","kind":"primary"}},{"type":"Feature","geometry":{"type":"LineString","coordinates":[[-84.03128,37.62153],[-84.03106,37.62134],[-84.03084,37.62116],[-84.03062,37.62097],[-84.0304,37.62079],[-84.03018,37.6206],[-84.02996,37.62042],[-84.02974,37.62023],[-84.02952,37.62004],[-84.0293,37.62004],[-84.02908,37.61985],[-84.02886,37.61967],[-84.02864,37.61948],[-84.02842,37.61929],[-84.0282,37.61911],[-84.02821,37.61893],[-84.02799,37.61874],[-84.028,37.61856],[-84.028,37.61838],[-84.02824,37.61821],[-84.02824,37.61803],[-84.02825,37.61785],[-84.02803,37.61766],[-84.02804,37.61748],[-84.02782,37.6173],[-84.02783,37.61712],[-84.02761,37.61693],[-84.02761,37.61675],[-84.0274,37.61657],[-84.0274,37.61639],[-84.02718,37.6162],[-84.02696,37.61601],[-84.02697,37.61583],[-84.02698,37.61565],[-84.02699,37.61547],[-84.02699,37.61529],[-84.02677,37.61511],[-84.02678,37.61493],[-84.02656,37.61474],[-84.02634,37.61456],[-84.02612,37.61437],[-84.0259,37.61419],[-84.02568,37.61418],[-84.02546,37.61399],[-84.02547,37.61381],[-84.0257,37.61364],[-84.02571,37.61346],[-84.02571,37.61328],[-84.02572,37.6131],[-84.02573,37.61292],[-84.02551,37.61273],[-84.02552,37.61255],[-84.0253,37.61237],[-84.0253,37.61219],[-84.02509,37.612],[-84.02509,37.61182],[-84.02487,37.61164],[-84.02465,37.61163],[-84.02443,37.61145],[-84.0242,37.61144],[-84.02398,37.61125],[-84.02376,37.61125],[-84.02353,37.61124],[-84.0233,37.61124]]},"properties":{"rank":31,"priority":"STRONG TARGET","kind":"extended"}},{"type":"Feature","geometry":{"type":"LineString","coordinates":[[-84.1802,37.5551],[-84.18037,37.55509],[-84.18059,37.55527],[-84.18082,37.55528]]},"properties":{"rank":32,"priority":"STRONG TARGET","kind":"source"}},{"type":"Feature","geometry":{"type":"LineString","coordinates":[[-84.1802,37.5551],[-84.18037,37.55509],[-84.18059,37.55527],[-84.18082,37.55528],[-84.18104,37.55528],[-84.18127,37.55529],[-84.1815,37.55529],[-84.18172,37.5553],[-84.18195,37.5553],[-84.18217,37.55531],[-84.1824,37.55531],[-84.18263,37.55532],[-84.18285,37.55533],[-84.18308,37.55533],[-84.18331,37.55534],[-84.18353,37.55534],[-84.18376,37.55535],[-84.18398,37.55535],[-84.18421,37.55536],[-84.18443,37.55554],[-84.18465,37.55573],[-84.18487,37.55573],[-84.18509,37.55592],[-84.18533,37.55575],[-84.18555,37.55575],[-84.18578,37.55576],[-84.18601,37.55576],[-84.18623,37.55577],[-84.18646,37.55577],[-84.18668,37.55578],[-84.18691,37.55578],[-84.18713,37.55597],[-84.18712,37.55615],[-84.18712,37.55633],[-84.18711,37.55651],[-84.1871,37.55669],[-84.1871,37.55687],[-84.18709,37.55705],[-84.18708,37.55723],[-84.1873,37.55741],[-84.18729,37.55759],[-84.18729,37.55777],[-84.18728,37.55795],[-84.18705,37.55813],[-84.18704,37.55831],[-84.18726,37.55849],[-84.18725,37.55867],[-84.18702,37.55885],[-84.18701,37.55903],[-84.18678,37.5592],[-84.18677,37.55938],[-84.18654,37.55956],[-84.18631,37.55973],[-84.18608,37.55991],[-84.18607,37.56009],[-84.18606,37.56027],[-84.18628,37.56045]]},"properties":{"rank":32,"priority":"STRONG TARGET","kind":"primary"}},{"type":"Feature","geometry":{"type":"LineString","coordinates":[[-84.18628,37.56045],[-84.18605,37.56063],[-84.18582,37.56062],[-84.1856,37.56044],[-84.18538,37.56043],[-84.18514,37.56061],[-84.18514,37.56079],[-84.18536,37.56097],[-84.18535,37.56115],[-84.18534,37.56133],[-84.18556,37.56152],[-84.18579,37.56152],[-84.18601,37.56171],[-84.18623,37.56189],[-84.18645,37.5619],[-84.18669,37.56172],[-84.18691,37.56173],[-84.18714,37.56174],[-84.18736,37.56192],[-84.18758,37.56211],[-84.18757,37.56229],[-84.18734,37.56246],[-84.18733,37.56264],[-84.18732,37.56282],[-84.18709,37.563],[-84.18686,37.56317],[-84.18663,37.56335],[-84.18662,37.56353],[-84.18684,37.56371],[-84.18683,37.56389],[-84.18682,37.56407],[-84.18682,37.56425],[-84.18681,37.56443],[-84.1868,37.56461],[-84.1868,37.56479],[-84.18656,37.56497],[-84.18656,37.56515],[-84.18633,37.56532],[-84.1861,37.56531],[-84.18587,37.56531],[-84.18565,37.56512],[-84.18543,37.56512],[-84.18519,37.56529],[-84.18496,37.56547],[-84.18473,37.56564],[-84.1845,37.56582],[-84.18426,37.56599],[-84.18426,37.56617],[-84.18425,37.56635],[-84.18424,37.56653],[-84.18401,37.56671],[-84.184,37.56689],[-84.184,37.56707],[-84.18399,37.56725],[-84.18398,37.56743],[-84.18397,37.56761],[-84.18397,37.56779],[-84.18396,37.56797],[-84.18395,37.56815],[-84.18395,37.56833],[-84.18394,37.56851],[-84.18393,37.56869],[-84.18393,37.56887],[-84.18369,37.56904],[-84.18369,37.56922],[-84.18346,37.56922],[-84.18323,37.56939],[-84.183,37.56939],[-84.18277,37.56956],[-84.18254,37.56956],[-84.18231,37.56973],[-84.18253,37.56992],[-84.18252,37.5701],[-84.18252,37.57028],[-84.18251,37.57046],[-84.18273,37.57064],[-84.18272,37.57082],[-84.18271,37.571],[-84.18271,37.57118],[-84.18293,37.57137],[-84.18315,37.57155],[-84.18314,37.57173],[-84.18313,37.57191],[-84.18313,37.57209],[-84.18312,37.57227],[-84.18334,37.57246],[-84.18356,37.57264],[-84.18355,37.57282],[-84.18377,37.57301],[-84.18399,37.57319],[-84.18422,37.5732],[-84.18444,37.57338],[-84.18466,37.57357],[-84.18465,37.57375],[-84.18442,37.57392],[-84.18418,37.5741],[-84.18418,37.57428],[-84.18394,37.57445],[-84.18394,37.57463],[-84.18393,37.57481],[-84.1837,37.57499],[-84.18369,37.57517],[-84.18346,37.57534],[-84.18323,37.57534],[-84.183,37.57551],[-84.18276,37.57569],[-84.18254,37.57568],[-84.18231,37.57568],[-84.18208,37.57585],[-84.18185,37.57603],[-84.18161,37.5762],[-84.18138,37.57638],[-84.18115,37.57637],[-84.18093,37.57636],[-84.18069,37.57654],[-84.18047,37.57653],[-84.18024,37.57671],[-84.18001,37.5767],[-84.17978,37.57688]]},"properties":{"rank":32,"priority":"STRONG TARGET","kind":"extended"}},{"type":"Feature","geometry":{"type":"LineString","coordinates":[[-84.037,37.5362],[-84.03693,37.53607],[-84.03671,37.53607],[-84.03647,37.53624],[-84.03624,37.53642],[-84.03601,37.53659],[-84.03577,37.53676]]},"properties":{"rank":33,"priority":"STRONG TARGET","kind":"source"}},{"type":"Feature","geometry":{"type":"LineString","coordinates":[[-84.037,37.5362],[-84.03693,37.53607],[-84.03671,37.53607],[-84.03647,37.53624],[-84.03624,37.53642],[-84.03601,37.53659],[-84.03577,37.53676],[-84.03577,37.53694],[-84.03553,37.53712],[-84.03553,37.5373],[-84.03529,37.53747],[-84.03529,37.53765],[-84.03505,37.53783],[-84.03482,37.538],[-84.03459,37.53818],[-84.03458,37.53836],[-84.03435,37.53853],[-84.03434,37.53871],[-84.03433,37.53889],[-84.0341,37.53906],[-84.03387,37.53924],[-84.03364,37.53923],[-84.03341,37.53941],[-84.03317,37.53958],[-84.03295,37.53958],[-84.03273,37.53939],[-84.0325,37.53939],[-84.03228,37.53938],[-84.03205,37.53937],[-84.03182,37.53955],[-84.03159,37.53954],[-84.03136,37.53972],[-84.03113,37.53971],[-84.03091,37.53971],[-84.03067,37.53988],[-84.03045,37.53987],[-84.03023,37.53969],[-84.03001,37.5395],[-84.02978,37.5395],[-84.02956,37.53949],[-84.02933,37.53949],[-84.02934,37.53931],[-84.02912,37.53912],[-84.02889,37.53911],[-84.02866,37.53929],[-84.02844,37.5391],[-84.02821,37.5391],[-84.02799,37.53891],[-84.02777,37.53891],[-84.02754,37.5389],[-84.02732,37.53889],[-84.02709,37.53889],[-84.02686,37.53888]]},"properties":{"rank":33,"priority":"STRONG TARGET","kind":"primary"}},{"type":"Feature","geometry":{"type":"LineString","coordinates":[[-84.02686,37.53888],[-84.02663,37.53906],[-84.0264,37.53905],[-84.02618,37.53905],[-84.02595,37.53904],[-84.02572,37.53921],[-84.02549,37.53921],[-84.02527,37.53902],[-84.02505,37.53902],[-84.02482,37.53901],[-84.0246,37.53883],[-84.02438,37.53882],[-84.02416,37.53863],[-84.02394,37.53845],[-84.02372,37.53826],[-84.02373,37.53808],[-84.02351,37.5379],[-84.02329,37.53771],[-84.0233,37.53753],[-84.02308,37.53735],[-84.02286,37.53716],[-84.02264,37.53697],[-84.02241,37.53697],[-84.0222,37.53678],[-84.02196,37.53696],[-84.02174,37.53695],[-84.0215,37.53713],[-84.02127,37.5373],[-84.02104,37.53747],[-84.0208,37.53765],[-84.02058,37.53764],[-84.02034,37.53782],[-84.02011,37.53799],[-84.0201,37.53817],[-84.01987,37.53835],[-84.01964,37.53852],[-84.01941,37.53851],[-84.01918,37.53869],[-84.01894,37.53886],[-84.01872,37.53886],[-84.01848,37.53903],[-84.01826,37.53903],[-84.01803,37.5392],[-84.0178,37.53919],[-84.01757,37.53919],[-84.01734,37.53936],[-84.01711,37.53936],[-84.01689,37.53935],[-84.01666,37.53935],[-84.01643,37.53952],[-84.0162,37.53969],[-84.01597,37.53969],[-84.01596,37.53987],[-84.01573,37.54004],[-84.0155,37.54022],[-84.01526,37.54039],[-84.01504,37.54039],[-84.01481,37.54038],[-84.01458,37.54037],[-84.01436,37.54037],[-84.01413,37.54036],[-84.01391,37.54036],[-84.01368,37.54035],[-84.01345,37.54035],[-84.01323,37.54034],[-84.013,37.54033],[-84.01278,37.54033],[-84.01255,37.54032],[-84.01233,37.54014],[-84.01211,37.53995],[-84.01189,37.53995],[-84.01166,37.53994],[-84.01144,37.53975],[-84.01121,37.53975],[-84.01099,37.53974],[-84.01077,37.53956],[-84.01054,37.53955],[-84.01032,37.53937]]},"properties":{"rank":33,"priority":"STRONG TARGET","kind":"extended"}},{"type":"Feature","geometry":{"type":"LineString","coordinates":[[-83.9876,37.6019],[-83.98744,37.60186],[-83.98721,37.60185],[-83.98699,37.60184],[-83.98676,37.60184]]},"properties":{"rank":34,"priority":"STRONG TARGET","kind":"source"}},{"type":"Feature","geometry":{"type":"LineString","coordinates":[[-83.9876,37.6019],[-83.98744,37.60186],[-83.98721,37.60185],[-83.98699,37.60184],[-83.98676,37.60184],[-83.98653,37.60183],[-83.98631,37.60183],[-83.98608,37.60182],[-83.98585,37.60182],[-83.98563,37.60181],[-83.98539,37.60198],[-83.98517,37.60198],[-83.98494,37.60197],[-83.98472,37.60197],[-83.98449,37.60196],[-83.98427,37.60178],[-83.98404,37.60177],[-83.98382,37.60176],[-83.98359,37.60176],[-83.98337,37.60157],[-83.98315,37.60157],[-83.98292,37.60156],[-83.98269,37.60155],[-83.98247,37.60155],[-83.98224,37.60154],[-83.98202,37.60154],[-83.98179,37.60153],[-83.98156,37.60153],[-83.98134,37.60134],[-83.98112,37.60133],[-83.98089,37.60133],[-83.98067,37.60132],[-83.98044,37.60132],[-83.98022,37.60113],[-83.97999,37.60113],[-83.97977,37.60112],[-83.97954,37.60111],[-83.97931,37.60111],[-83.9791,37.60092],[-83.97887,37.60092],[-83.97864,37.60091],[-83.97842,37.60072],[-83.9782,37.60072],[-83.97797,37.60071],[-83.97775,37.60071],[-83.97752,37.6007],[-83.97729,37.6007],[-83.97707,37.60069],[-83.97684,37.60068],[-83.97662,37.6005],[-83.9764,37.60049],[-83.97618,37.60031],[-83.97595,37.6003],[-83.97573,37.60011],[-83.9755,37.60029],[-83.97526,37.60046],[-83.97526,37.60064],[-83.97502,37.60082]]},"properties":{"rank":34,"priority":"STRONG TARGET","kind":"primary"}},{"type":"Feature","geometry":{"type":"LineString","coordinates":[[-83.97502,37.60082],[-83.97479,37.60099],[-83.97456,37.60117],[-83.97455,37.60135],[-83.97454,37.60153],[-83.97453,37.60171],[-83.97453,37.60189],[-83.97452,37.60207],[-83.97451,37.60225],[-83.97451,37.60243],[-83.9745,37.60261],[-83.97449,37.60279],[-83.97426,37.60296],[-83.97402,37.60313],[-83.97402,37.60331],[-83.97378,37.60349],[-83.97378,37.60367],[-83.97377,37.60385],[-83.97353,37.60402],[-83.9733,37.6042],[-83.97307,37.60419],[-83.97285,37.60419],[-83.97261,37.60436],[-83.97238,37.60453],[-83.97215,37.60471],[-83.97214,37.60489],[-83.97213,37.60507],[-83.9719,37.60524],[-83.97189,37.60542],[-83.97166,37.6056],[-83.97165,37.60578],[-83.97142,37.60595],[-83.97118,37.60613],[-83.97118,37.60631],[-83.97117,37.60649],[-83.97116,37.60667],[-83.97093,37.60684],[-83.97092,37.60702],[-83.97091,37.6072],[-83.97091,37.60738],[-83.97067,37.60755],[-83.97044,37.60773],[-83.97021,37.60772],[-83.96998,37.6079],[-83.96975,37.60789],[-83.96952,37.60806],[-83.96929,37.60806],[-83.96906,37.60823],[-83.96883,37.60823],[-83.96861,37.60822],[-83.96838,37.60822],[-83.96815,37.60821],[-83.96792,37.60838],[-83.96769,37.60838],[-83.96746,37.60855],[-83.96723,37.60873],[-83.96722,37.60891],[-83.96699,37.60908],[-83.96676,37.60907],[-83.96653,37.60907],[-83.9663,37.60924],[-83.96607,37.60942],[-83.96583,37.60959],[-83.9656,37.60977],[-83.96538,37.60958],[-83.96515,37.60957],[-83.96494,37.60939],[-83.96471,37.60938],[-83.96448,37.60956],[-83.96447,37.60974],[-83.96423,37.60991],[-83.964,37.61009],[-83.96377,37.61008],[-83.96355,37.61007],[-83.96332,37.61007],[-83.9631,37.61006],[-83.96286,37.61024],[-83.96285,37.61042],[-83.96262,37.61059],[-83.96239,37.61076],[-83.96215,37.61094],[-83.96193,37.61093],[-83.96169,37.61111],[-83.96169,37.61129],[-83.96145,37.61146],[-83.96122,37.61164],[-83.96121,37.61182],[-83.96098,37.61199],[-83.96097,37.61217],[-83.96074,37.61234],[-83.96073,37.61252],[-83.96072,37.6127],[-83.96072,37.61288],[-83.96048,37.61306],[-83.96047,37.61324],[-83.96047,37.61342],[-83.96023,37.61359],[-83.96023,37.61377],[-83.95999,37.61395],[-83.95977,37.61394],[-83.95953,37.61411],[-83.95953,37.61429],[-83.95974,37.61448],[-83.95974,37.61466],[-83.9595,37.61483],[-83.9595,37.61501],[-83.95926,37.61519],[-83.95926,37.61537],[-83.95947,37.61555],[-83.95947,37.61573],[-83.95946,37.61591],[-83.95945,37.61609],[-83.95944,37.61627],[-83.95944,37.61645],[-83.9592,37.61663],[-83.95897,37.6168],[-83.95874,37.61698],[-83.9585,37.61715]]},"properties":{"rank":34,"priority":"STRONG TARGET","kind":"extended"}},{"type":"Feature","geometry":{"type":"LineString","coordinates":[[-84.1631,37.5511],[-84.16309,37.55125],[-84.16331,37.55143],[-84.1633,37.55161],[-84.16329,37.55179],[-84.16351,37.55198]]},"properties":{"rank":35,"priority":"STRONG TARGET","kind":"source"}},{"type":"Feature","geometry":{"type":"LineString","coordinates":[[-84.1631,37.5511],[-84.16309,37.55125],[-84.16331,37.55143],[-84.1633,37.55161],[-84.16329,37.55179],[-84.16351,37.55198],[-84.16351,37.55216],[-84.1635,37.55234],[-84.16349,37.55252],[-84.16349,37.5527],[-84.16348,37.55288],[-84.1637,37.55306],[-84.16369,37.55324],[-84.16368,37.55342],[-84.16345,37.5536],[-84.16344,37.55378],[-84.16366,37.55396],[-84.16388,37.55415],[-84.1641,37.55434],[-84.16432,37.55452],[-84.16454,37.55471],[-84.16476,37.55489],[-84.16475,37.55507],[-84.16475,37.55525],[-84.16474,37.55543],[-84.16451,37.55543],[-84.16428,37.5556],[-84.16405,37.55578],[-84.16381,37.55595],[-84.16358,37.55613],[-84.16357,37.55631],[-84.16334,37.55648],[-84.16333,37.55666],[-84.16333,37.55684],[-84.1631,37.55701],[-84.16309,37.55719],[-84.16286,37.55737],[-84.16285,37.55755],[-84.16262,37.55772],[-84.16261,37.5579],[-84.16238,37.55808],[-84.16237,37.55826],[-84.16236,37.55844],[-84.16236,37.55862],[-84.16235,37.5588],[-84.16234,37.55898],[-84.16233,37.55916],[-84.16233,37.55934],[-84.16232,37.55952],[-84.16209,37.55969],[-84.16208,37.55987],[-84.16207,37.56005],[-84.16184,37.56023],[-84.16183,37.56041]]},"properties":{"rank":35,"priority":"STRONG TARGET","kind":"primary"}},{"type":"Feature","geometry":{"type":"LineString","coordinates":[[-84.16183,37.56041],[-84.16183,37.56059],[-84.16159,37.56076],[-84.16159,37.56094],[-84.16158,37.56112],[-84.16135,37.5613],[-84.16111,37.56147],[-84.16088,37.56165],[-84.16088,37.56183],[-84.16064,37.562],[-84.16041,37.56218],[-84.16018,37.56235],[-84.15994,37.56253],[-84.15971,37.5627],[-84.15948,37.56287],[-84.15924,37.56305],[-84.15924,37.56323],[-84.15923,37.56341],[-84.159,37.56358],[-84.15876,37.56376],[-84.15876,37.56394],[-84.15875,37.56412],[-84.15852,37.56429],[-84.15851,37.56447],[-84.1585,37.56465],[-84.1585,37.56483],[-84.15849,37.56501],[-84.15848,37.56519],[-84.15848,37.56537],[-84.15847,37.56555],[-84.15846,37.56573],[-84.15823,37.56591],[-84.158,37.56608],[-84.15799,37.56626],[-84.15776,37.56644],[-84.15753,37.56643],[-84.1573,37.56643],[-84.15708,37.56642],[-84.15685,37.56642],[-84.15663,37.56641],[-84.15639,37.56658],[-84.15639,37.56676],[-84.15638,37.56694],[-84.15637,37.56712],[-84.15637,37.56731],[-84.15658,37.56749],[-84.15658,37.56767],[-84.15634,37.56785],[-84.15611,37.56802],[-84.1561,37.5682],[-84.1561,37.56838],[-84.15609,37.56856],[-84.15586,37.56873],[-84.15563,37.56891],[-84.15539,37.56908],[-84.15539,37.56926],[-84.15538,37.56944],[-84.15537,37.56962],[-84.15514,37.5698],[-84.15513,37.56998],[-84.1549,37.57015],[-84.15489,37.57033],[-84.15466,37.57051],[-84.15443,37.57068],[-84.1542,37.57068],[-84.15397,37.57085],[-84.15374,37.57085],[-84.15373,37.57103],[-84.1535,37.5712],[-84.15327,37.57138],[-84.15303,37.57155],[-84.15303,37.57173],[-84.15302,37.57191],[-84.15279,37.57208],[-84.15278,37.57226],[-84.15277,37.57244],[-84.15277,37.57262],[-84.15253,37.5728],[-84.15253,37.57298],[-84.15229,37.57315],[-84.15229,37.57333],[-84.15205,37.57351],[-84.15183,37.5735],[-84.15159,37.57368],[-84.15136,37.57385],[-84.15114,37.57385],[-84.15091,37.57384],[-84.15068,37.57402],[-84.15044,37.57419],[-84.15044,37.57437],[-84.15043,37.57455],[-84.15042,37.57473],[-84.15064,37.57492],[-84.15063,37.5751],[-84.15063,37.57528],[-84.15062,37.57546],[-84.15061,37.57564],[-84.15061,37.57582],[-84.1506,37.576],[-84.15059,37.57618],[-84.15059,37.57636],[-84.15035,37.57653],[-84.15035,37.57671],[-84.15034,37.57689],[-84.15033,37.57707],[-84.15033,37.57725],[-84.15032,37.57743],[-84.15031,37.57761],[-84.15031,37.57779],[-84.1503,37.57797],[-84.15052,37.57816],[-84.15051,37.57834],[-84.1505,37.57852],[-84.1505,37.5787],[-84.15049,37.57888],[-84.15071,37.57906],[-84.1507,37.57924],[-84.1507,37.57942],[-84.15046,37.5796],[-84.15046,37.57978],[-84.15068,37.57996],[-84.15089,37.58015]]},"properties":{"rank":35,"priority":"STRONG TARGET","kind":"extended"}},{"type":"Feature","geometry":{"type":"LineString","coordinates":[[-84.2263,37.4861],[-84.22617,37.48607],[-84.22593,37.48624],[-84.2257,37.48642],[-84.22547,37.48641]]},"properties":{"rank":36,"priority":"STRONG TARGET","kind":"source"}},{"type":"Feature","geometry":{"type":"LineString","coordinates":[[-84.2263,37.4861],[-84.22617,37.48607],[-84.22593,37.48624],[-84.2257,37.48642],[-84.22547,37.48641],[-84.22524,37.48659],[-84.22524,37.48677],[-84.225,37.48694],[-84.225,37.48712],[-84.22476,37.4873],[-84.22476,37.48748],[-84.22475,37.48766],[-84.22452,37.48783],[-84.22429,37.48783],[-84.22429,37.48801],[-84.22428,37.48819],[-84.2245,37.48837],[-84.22449,37.48855],[-84.22448,37.48873],[-84.22448,37.48891],[-84.22447,37.48909],[-84.22446,37.48927],[-84.22446,37.48945],[-84.22468,37.48964],[-84.2249,37.48964],[-84.22513,37.48965],[-84.22535,37.48965],[-84.22558,37.48966],[-84.22581,37.48966],[-84.22603,37.48985],[-84.22625,37.48985],[-84.22648,37.48986],[-84.2267,37.48986],[-84.22692,37.49005],[-84.22714,37.49023],[-84.22736,37.49042],[-84.22759,37.49043],[-84.22781,37.49043],[-84.22804,37.49044],[-84.22827,37.49044],[-84.2285,37.49027],[-84.22872,37.49027],[-84.22895,37.49028],[-84.22918,37.49028],[-84.2294,37.49029],[-84.22962,37.49047],[-84.22985,37.4903],[-84.23008,37.4903],[-84.23031,37.49031],[-84.23053,37.49031],[-84.23077,37.49014],[-84.231,37.48996],[-84.23122,37.48997],[-84.23146,37.4898],[-84.23146,37.48962]]},"properties":{"rank":36,"priority":"STRONG TARGET","kind":"primary"}},{"type":"Feature","geometry":{"type":"LineString","coordinates":[[-84.23146,37.48962],[-84.2317,37.48944],[-84.23192,37.48945],[-84.23215,37.48927],[-84.23238,37.48928],[-84.23261,37.48928],[-84.23283,37.48929],[-84.23306,37.48911],[-84.23328,37.4893],[-84.23351,37.4893],[-84.23374,37.48931],[-84.23396,37.48931],[-84.23419,37.48932],[-84.23441,37.48932],[-84.23464,37.48933],[-84.23487,37.48933],[-84.23509,37.48934],[-84.23532,37.48935],[-84.23554,37.48935],[-84.23577,37.48936],[-84.236,37.48936],[-84.23622,37.48937],[-84.23645,37.48937],[-84.23667,37.48938],[-84.2369,37.48938],[-84.23713,37.48939],[-84.23735,37.48939],[-84.23758,37.4894],[-84.2378,37.4894],[-84.23802,37.48959],[-84.23825,37.48959],[-84.23847,37.4896],[-84.2387,37.4896],[-84.23893,37.48961],[-84.23915,37.48962],[-84.23938,37.48962],[-84.2396,37.48963],[-84.23983,37.48963],[-84.24006,37.48964],[-84.24028,37.48964],[-84.24051,37.48965],[-84.24074,37.48947],[-84.24097,37.4893],[-84.2412,37.4893],[-84.24143,37.48931],[-84.24166,37.48913],[-84.24188,37.48914],[-84.2421,37.48932],[-84.24233,37.48933],[-84.24256,37.48933],[-84.24279,37.48916],[-84.24302,37.48898],[-84.24325,37.48899],[-84.24347,37.489],[-84.2437,37.489],[-84.24392,37.48901],[-84.24415,37.48901],[-84.24438,37.48902],[-84.2446,37.48902],[-84.24483,37.48903],[-84.24505,37.48903],[-84.24529,37.48886],[-84.24551,37.48886],[-84.24574,37.48887],[-84.24597,37.48887],[-84.24619,37.48888],[-84.24642,37.4887],[-84.24665,37.48871],[-84.24688,37.48853],[-84.24711,37.48854],[-84.24734,37.48836],[-84.24757,37.48837],[-84.24779,37.48838],[-84.24803,37.4882],[-84.24826,37.48803],[-84.24848,37.48803],[-84.24872,37.48786],[-84.24894,37.48786],[-84.24917,37.48787],[-84.2494,37.48769],[-84.24963,37.4877],[-84.24985,37.4877],[-84.25008,37.48771],[-84.2503,37.48771],[-84.25053,37.48772],[-84.25076,37.48754],[-84.25099,37.48755],[-84.25122,37.48755],[-84.25144,37.48756],[-84.25167,37.48756],[-84.25189,37.48757],[-84.25212,37.48757],[-84.25235,37.48758],[-84.25257,37.48759],[-84.2528,37.48741],[-84.25303,37.48742],[-84.25326,37.48742],[-84.25349,37.48725],[-84.25372,37.48707],[-84.25395,37.4869],[-84.25419,37.48672],[-84.25441,37.48673],[-84.25464,37.48655],[-84.25465,37.48637],[-84.25488,37.4862],[-84.25512,37.48602],[-84.25535,37.48585],[-84.25536,37.48567],[-84.25536,37.48549],[-84.25559,37.48531],[-84.25583,37.48514],[-84.25606,37.48496],[-84.25629,37.48479],[-84.25652,37.48461],[-84.25653,37.48443],[-84.25676,37.48426],[-84.257,37.48408],[-84.25723,37.48391],[-84.25746,37.48373],[-84.25769,37.48356],[-84.2577,37.48338],[-84.25793,37.4832],[-84.25794,37.48302],[-84.25795,37.48284]]},"properties":{"rank":36,"priority":"STRONG TARGET","kind":"extended"}},{"type":"Feature","geometry":{"type":"LineString","coordinates":[[-84.0682,37.6083],[-84.06804,37.60839],[-84.06803,37.60857],[-84.0678,37.60875]]},"properties":{"rank":37,"priority":"STRONG TARGET","kind":"source"}},{"type":"Feature","geometry":{"type":"LineString","coordinates":[[-84.0682,37.6083],[-84.06804,37.60839],[-84.06803,37.60857],[-84.0678,37.60875],[-84.06779,37.60893],[-84.06779,37.60911],[-84.06778,37.60929],[-84.06777,37.60947],[-84.06777,37.60965],[-84.06776,37.60983],[-84.06775,37.61001],[-84.06752,37.61018],[-84.06729,37.61036],[-84.06728,37.61054],[-84.06727,37.61072],[-84.06726,37.6109],[-84.06726,37.61108],[-84.06702,37.61125],[-84.06702,37.61143],[-84.06678,37.61161],[-84.06678,37.61179],[-84.06677,37.61197],[-84.06654,37.61214],[-84.0663,37.61231],[-84.06608,37.61231],[-84.06585,37.6123],[-84.06562,37.6123],[-84.0654,37.61229],[-84.06517,37.61229],[-84.06494,37.61246],[-84.06472,37.61228],[-84.06449,37.61227],[-84.06427,37.61208],[-84.06405,37.61208],[-84.06382,37.61207],[-84.0636,37.61189],[-84.06361,37.61171],[-84.06338,37.6117],[-84.06316,37.61152],[-84.06294,37.61133],[-84.06272,37.61132],[-84.0625,37.61114],[-84.06227,37.61113],[-84.06204,37.61113],[-84.06183,37.61094],[-84.06161,37.61076],[-84.06139,37.61057],[-84.06117,37.61038],[-84.06094,37.61038],[-84.06072,37.61037],[-84.06049,37.61037],[-84.06026,37.61036],[-84.06004,37.61018],[-84.05982,37.61017],[-84.05959,37.61016]]},"properties":{"rank":37,"priority":"STRONG TARGET","kind":"primary"}},{"type":"Feature","geometry":{"type":"LineString","coordinates":[[-84.05959,37.61016],[-84.05936,37.61016],[-84.05914,37.61015],[-84.05891,37.61015],[-84.05869,37.60996],[-84.05847,37.60996],[-84.05824,37.60995],[-84.05801,37.60995],[-84.05779,37.60994],[-84.05756,37.60993],[-84.05733,37.60993],[-84.05711,37.60992],[-84.05688,37.60992],[-84.05666,37.60991],[-84.05643,37.60991],[-84.0562,37.6099],[-84.05598,37.60989],[-84.05575,37.60989],[-84.05552,37.60988],[-84.0553,37.60988],[-84.05508,37.60969],[-84.05485,37.60969],[-84.05463,37.60968],[-84.0544,37.60967],[-84.05417,37.60967],[-84.05395,37.60966],[-84.05372,37.60966],[-84.0535,37.60947],[-84.05328,37.60947],[-84.05305,37.60946],[-84.05282,37.60946],[-84.0526,37.60927],[-84.05238,37.60926],[-84.05215,37.60926],[-84.05192,37.60925],[-84.0517,37.60925],[-84.05147,37.60924],[-84.05125,37.60924],[-84.05102,37.60923],[-84.05079,37.60922],[-84.05057,37.60922],[-84.05034,37.60921],[-84.05011,37.60921],[-84.04989,37.6092],[-84.04966,37.6092],[-84.04944,37.60901],[-84.04922,37.609],[-84.04899,37.609],[-84.04876,37.60899],[-84.04854,37.60881],[-84.04832,37.6088],[-84.04809,37.6088],[-84.04787,37.60861],[-84.04765,37.60861],[-84.04742,37.6086],[-84.0472,37.60841],[-84.04697,37.60841],[-84.04675,37.6084],[-84.04653,37.60822],[-84.0463,37.60821],[-84.04608,37.60821],[-84.04585,37.6082],[-84.04563,37.60801],[-84.04541,37.60801],[-84.04519,37.60782],[-84.04496,37.60782],[-84.04473,37.60781],[-84.04451,37.60781],[-84.04428,37.6078],[-84.04405,37.60779],[-84.04384,37.60761],[-84.04361,37.6076],[-84.04338,37.6076],[-84.04316,37.60759],[-84.04294,37.60741],[-84.04272,37.60722],[-84.04249,37.60721],[-84.04227,37.60703],[-84.04205,37.60702],[-84.04182,37.60702],[-84.04159,37.60701],[-84.04137,37.60683],[-84.04116,37.60664],[-84.04094,37.60645],[-84.04072,37.60627],[-84.0405,37.60608],[-84.04027,37.60608],[-84.04005,37.60589],[-84.03983,37.60571],[-84.03961,37.60552],[-84.0394,37.60533],[-84.03918,37.60515],[-84.03896,37.60496],[-84.03896,37.60478],[-84.03874,37.6046],[-84.03853,37.60441],[-84.03831,37.60423],[-84.03808,37.60422],[-84.03786,37.60403],[-84.03787,37.60385],[-84.03764,37.60385],[-84.03742,37.60366],[-84.0372,37.60348],[-84.03698,37.60347],[-84.03675,37.60347],[-84.03652,37.60346],[-84.0363,37.60345],[-84.03607,37.60345],[-84.03585,37.60344],[-84.03562,37.60344],[-84.03539,37.60361],[-84.03516,37.60361],[-84.03493,37.6036],[-84.03471,37.60359],[-84.03449,37.60341],[-84.03426,37.6034],[-84.03404,37.60322],[-84.03382,37.60303],[-84.03383,37.60285],[-84.03361,37.60267],[-84.03339,37.60248],[-84.03317,37.60247],[-84.03294,37.60247]]},"properties":{"rank":37,"priority":"STRONG TARGET","kind":"extended"}},{"type":"Feature","geometry":{"type":"LineString","coordinates":[[-84.1539,37.5265],[-84.15407,37.52652],[-84.15429,37.52653],[-84.15451,37.52671]]},"properties":{"rank":38,"priority":"STRONG TARGET","kind":"source"}},{"type":"Feature","geometry":{"type":"LineString","coordinates":[[-84.1539,37.5265],[-84.15407,37.52652],[-84.15429,37.52653],[-84.15451,37.52671],[-84.15473,37.5269],[-84.15495,37.52708],[-84.15495,37.52726],[-84.15494,37.52744],[-84.15493,37.52762],[-84.1547,37.5278],[-84.15469,37.52798],[-84.15446,37.52815],[-84.15445,37.52833],[-84.15422,37.52851],[-84.15421,37.52869],[-84.15421,37.52887],[-84.15397,37.52904],[-84.15397,37.52922],[-84.15373,37.5294],[-84.15373,37.52958],[-84.15372,37.52976],[-84.15349,37.52993],[-84.15325,37.53011],[-84.15325,37.53029],[-84.15301,37.53046],[-84.15301,37.53064],[-84.153,37.53082],[-84.15277,37.531],[-84.15276,37.53118],[-84.15253,37.53135],[-84.15275,37.53154],[-84.15297,37.53172],[-84.15319,37.53191],[-84.15341,37.53191],[-84.15364,37.53192],[-84.15386,37.53192],[-84.15409,37.53193],[-84.15408,37.53211],[-84.1543,37.53229],[-84.15453,37.5323],[-84.15475,37.53248],[-84.15497,37.53267],[-84.15519,37.53286],[-84.15541,37.53286],[-84.1554,37.53304],[-84.15562,37.53323],[-84.15584,37.53341],[-84.15607,37.53342],[-84.1563,37.53324],[-84.15653,37.53325],[-84.15675,37.53325],[-84.15697,37.53344],[-84.15719,37.53362]]},"properties":{"rank":38,"priority":"STRONG TARGET","kind":"primary"}},{"type":"Feature","geometry":{"type":"LineString","coordinates":[[-84.15719,37.53362],[-84.15742,37.53363],[-84.15765,37.53364],[-84.15787,37.53364],[-84.1581,37.53365],[-84.15832,37.53383],[-84.15854,37.53384],[-84.15876,37.53402],[-84.15876,37.5342],[-84.15898,37.53421],[-84.15921,37.53421],[-84.15943,37.5344],[-84.15965,37.53441],[-84.15987,37.53459],[-84.16009,37.53478],[-84.16032,37.53478],[-84.16054,37.53479],[-84.16076,37.53497],[-84.16099,37.53498],[-84.16121,37.53498],[-84.16143,37.53517],[-84.16166,37.53517],[-84.16188,37.53536],[-84.16211,37.53537],[-84.16233,37.53537],[-84.16256,37.53538],[-84.16278,37.53538],[-84.16301,37.53539],[-84.16324,37.53539],[-84.16346,37.5354],[-84.16368,37.53558],[-84.16391,37.53559],[-84.16413,37.53559],[-84.16435,37.53578],[-84.16458,37.53578],[-84.1648,37.53597],[-84.16502,37.53598],[-84.16524,37.53616],[-84.16547,37.53617],[-84.1657,37.53617],[-84.16592,37.53636],[-84.16591,37.53654],[-84.16613,37.53672],[-84.16612,37.5369],[-84.16634,37.53709],[-84.16657,37.53709],[-84.16679,37.5371],[-84.16701,37.53729],[-84.16723,37.53747],[-84.16745,37.53766],[-84.16767,37.53784],[-84.16789,37.53803],[-84.16811,37.53821],[-84.16833,37.5384],[-84.16855,37.5384],[-84.16878,37.53841],[-84.169,37.53859],[-84.16923,37.5386],[-84.16945,37.53861],[-84.16968,37.53861],[-84.1699,37.53862],[-84.17013,37.53862],[-84.17036,37.53863],[-84.17057,37.53881],[-84.1708,37.53882],[-84.17102,37.539],[-84.17125,37.53901],[-84.17147,37.53919],[-84.17169,37.5392],[-84.17192,37.5392],[-84.17214,37.53921],[-84.17236,37.5394],[-84.17259,37.5394],[-84.17282,37.53941],[-84.17303,37.53959],[-84.17326,37.5396],[-84.17348,37.53978],[-84.17371,37.53979],[-84.17393,37.53979],[-84.17416,37.5398],[-84.17438,37.5398],[-84.17461,37.53981],[-84.17484,37.53982],[-84.17506,37.53982],[-84.17529,37.53983],[-84.17552,37.53983],[-84.17574,37.53984],[-84.17597,37.53966],[-84.1762,37.53967],[-84.17643,37.53967],[-84.17665,37.53968],[-84.17688,37.53968],[-84.1771,37.53987],[-84.17732,37.53988],[-84.17755,37.53988],[-84.17778,37.53989],[-84.178,37.54007],[-84.17822,37.54026],[-84.17844,37.54026],[-84.17867,37.54027],[-84.17889,37.54027],[-84.17911,37.54046],[-84.17934,37.54046],[-84.17957,37.54047],[-84.17979,37.54047],[-84.18001,37.54066],[-84.18,37.54084],[-84.18022,37.54103],[-84.18044,37.54121],[-84.18066,37.5414],[-84.18088,37.54158],[-84.1811,37.54177],[-84.18132,37.54195],[-84.18154,37.54214],[-84.18177,37.54214],[-84.18198,37.54233],[-84.1822,37.54251],[-84.18242,37.5427],[-84.18242,37.54288],[-84.18264,37.54307],[-84.18286,37.54325]]},"properties":{"rank":38,"priority":"STRONG TARGET","kind":"extended"}},{"type":"Feature","geometry":{"type":"LineString","coordinates":[[-83.7067,37.8532],[-83.70679,37.85329],[-83.70678,37.85347],[-83.707,37.85365],[-83.70722,37.85384],[-83.70745,37.85384],[-83.70767,37.85385]]},"properties":{"rank":39,"priority":"STRONG TARGET","kind":"source"}},{"type":"Feature","geometry":{"type":"LineString","coordinates":[[-83.7067,37.8532],[-83.70679,37.85329],[-83.70678,37.85347],[-83.707,37.85365],[-83.70722,37.85384],[-83.70745,37.85384],[-83.70767,37.85385],[-83.7079,37.85386],[-83.70813,37.85386],[-83.70835,37.85405],[-83.70857,37.85406],[-83.7088,37.85406],[-83.70902,37.85425],[-83.70925,37.85426],[-83.70947,37.85426],[-83.70969,37.85445],[-83.70992,37.85445],[-83.71014,37.85446],[-83.71037,37.85447],[-83.71061,37.85429],[-83.71083,37.8543],[-83.71106,37.85431],[-83.71129,37.85431],[-83.71151,37.85432],[-83.71174,37.85433],[-83.71198,37.85415],[-83.7122,37.85416],[-83.71244,37.85398],[-83.71267,37.85399],[-83.71289,37.854],[-83.71312,37.854],[-83.71335,37.85401],[-83.71357,37.85402],[-83.71381,37.85384],[-83.71404,37.85367],[-83.71428,37.8535],[-83.71451,37.85332],[-83.71452,37.85314],[-83.71476,37.85297],[-83.71499,37.85279],[-83.71523,37.85262],[-83.71523,37.85244],[-83.71547,37.85227],[-83.71548,37.85209],[-83.71571,37.85191],[-83.71595,37.85174],[-83.71618,37.85157],[-83.71642,37.85139],[-83.71643,37.85121],[-83.71666,37.85104],[-83.71689,37.85087],[-83.7169,37.85069],[-83.71691,37.85051]]},"properties":{"rank":39,"priority":"STRONG TARGET","kind":"primary"}},{"type":"Feature","geometry":{"type":"LineString","coordinates":[[-83.71691,37.85051],[-83.71692,37.85033],[-83.71715,37.85015],[-83.71716,37.84997],[-83.71717,37.84979],[-83.7174,37.84962],[-83.71741,37.84944],[-83.71765,37.84926],[-83.71788,37.84909],[-83.71812,37.84892],[-83.71813,37.84874],[-83.71813,37.84856],[-83.71814,37.84838],[-83.71815,37.8482],[-83.71838,37.84802],[-83.71861,37.84803],[-83.71885,37.84786],[-83.71907,37.84786],[-83.7193,37.84787],[-83.71953,37.84788],[-83.71975,37.84788],[-83.71998,37.84789],[-83.72022,37.84771],[-83.72045,37.84754],[-83.72068,37.84755],[-83.7209,37.84755],[-83.72114,37.84738],[-83.72137,37.84739],[-83.7216,37.84721],[-83.72161,37.84703],[-83.72184,37.84686]]},"properties":{"rank":39,"priority":"STRONG TARGET","kind":"extended"}},{"type":"Feature","geometry":{"type":"LineString","coordinates":[[-84.0604,37.6256],[-84.06035,37.6255],[-84.06012,37.6255],[-84.05989,37.62549],[-84.05967,37.62548]]},"properties":{"rank":40,"priority":"STRONG TARGET","kind":"source"}},{"type":"Feature","geometry":{"type":"LineString","coordinates":[[-84.0604,37.6256],[-84.06035,37.6255],[-84.06012,37.6255],[-84.05989,37.62549],[-84.05967,37.62548],[-84.05944,37.62548],[-84.05921,37.62547],[-84.05899,37.62547],[-84.05877,37.62528],[-84.05854,37.62528],[-84.05832,37.62509],[-84.0581,37.62509],[-84.05788,37.6249],[-84.05766,37.62471],[-84.05767,37.62453],[-84.05767,37.62435],[-84.05745,37.62417],[-84.05746,37.62399],[-84.05724,37.6238],[-84.05725,37.62362],[-84.05725,37.62344],[-84.05726,37.62326],[-84.05727,37.62308],[-84.05728,37.6229],[-84.05728,37.62272],[-84.05729,37.62254],[-84.0573,37.62236],[-84.05708,37.62218],[-84.05709,37.622],[-84.05709,37.62182],[-84.05687,37.62163],[-84.05688,37.62145],[-84.05689,37.62127],[-84.05667,37.62108],[-84.05645,37.6209],[-84.05623,37.62071],[-84.05601,37.62053],[-84.05579,37.62034],[-84.05557,37.62016],[-84.05535,37.61997],[-84.05513,37.61979],[-84.05491,37.6196],[-84.05492,37.61942],[-84.0547,37.61923],[-84.05471,37.61905],[-84.05449,37.61887],[-84.05427,37.61868],[-84.05405,37.6185],[-84.05383,37.61831],[-84.05361,37.61813],[-84.05362,37.61795],[-84.05339,37.61794],[-84.05317,37.61775]]},"properties":{"rank":40,"priority":"STRONG TARGET","kind":"primary"}},{"type":"Feature","geometry":{"type":"LineString","coordinates":[[-84.05317,37.61775],[-84.05318,37.61757],[-84.05296,37.61739],[-84.05274,37.6172],[-84.05275,37.61702],[-84.05253,37.61684],[-84.05254,37.61666],[-84.05232,37.61647],[-84.05233,37.61629],[-84.05211,37.61611],[-84.05211,37.61593],[-84.0519,37.61574],[-84.0519,37.61556],[-84.05214,37.61539],[-84.05214,37.61521],[-84.05215,37.61503],[-84.05216,37.61484],[-84.05216,37.61466],[-84.05217,37.61448],[-84.05218,37.6143],[-84.05241,37.61413],[-84.05242,37.61395],[-84.05243,37.61377],[-84.05266,37.6136],[-84.05267,37.61342],[-84.05267,37.61324],[-84.05291,37.61306],[-84.05269,37.61288],[-84.0527,37.6127],[-84.0527,37.61252],[-84.05271,37.61234],[-84.05272,37.61216],[-84.0525,37.61197],[-84.0525,37.61179],[-84.05251,37.61161],[-84.05252,37.61143],[-84.05253,37.61125],[-84.05253,37.61107],[-84.05231,37.61088],[-84.05232,37.6107],[-84.05233,37.61052],[-84.05233,37.61034],[-84.05234,37.61016],[-84.05235,37.60998],[-84.05236,37.6098],[-84.05236,37.60962],[-84.05237,37.60944],[-84.05215,37.60926],[-84.05192,37.60925],[-84.0517,37.60925],[-84.05147,37.60924],[-84.05125,37.60924],[-84.05102,37.60923],[-84.05079,37.60922],[-84.05057,37.60922],[-84.05034,37.60921],[-84.05011,37.60921],[-84.04989,37.6092],[-84.04966,37.6092],[-84.04944,37.60901],[-84.04922,37.609],[-84.04899,37.609],[-84.04876,37.60899],[-84.04854,37.60881],[-84.04832,37.6088],[-84.04809,37.6088],[-84.04787,37.60861],[-84.04765,37.60861],[-84.04742,37.6086],[-84.0472,37.60841],[-84.04697,37.60841],[-84.04675,37.6084],[-84.04653,37.60822],[-84.0463,37.60821],[-84.04608,37.60821],[-84.04585,37.6082],[-84.04563,37.60801],[-84.04541,37.60801],[-84.04519,37.60782],[-84.04496,37.60782],[-84.04473,37.60781],[-84.04451,37.60781],[-84.04428,37.6078],[-84.04405,37.60779],[-84.04384,37.60761],[-84.04361,37.6076],[-84.04338,37.6076],[-84.04316,37.60759],[-84.04294,37.60741],[-84.04272,37.60722],[-84.04249,37.60721],[-84.04227,37.60703],[-84.04205,37.60702],[-84.04182,37.60702],[-84.04159,37.60701],[-84.04137,37.60683],[-84.04116,37.60664],[-84.04094,37.60645],[-84.04072,37.60627],[-84.0405,37.60608],[-84.04027,37.60608],[-84.04005,37.60589],[-84.03983,37.60571],[-84.03961,37.60552],[-84.0394,37.60533],[-84.03918,37.60515],[-84.03896,37.60496],[-84.03896,37.60478],[-84.03874,37.6046],[-84.03853,37.60441],[-84.03831,37.60423],[-84.03808,37.60422],[-84.03786,37.60403],[-84.03787,37.60385],[-84.03764,37.60385],[-84.03742,37.60366],[-84.0372,37.60348],[-84.03698,37.60347],[-84.03675,37.60347],[-84.03652,37.60346],[-84.0363,37.60345],[-84.03607,37.60345],[-84.03585,37.60344]]},"properties":{"rank":40,"priority":"STRONG TARGET","kind":"extended"}},{"type":"Feature","geometry":{"type":"LineString","coordinates":[[-83.9411,37.6296],[-83.941,37.62967],[-83.94077,37.62985],[-83.94053,37.63002]]},"properties":{"rank":41,"priority":"MODERATE TARGET","kind":"source"}},{"type":"Feature","geometry":{"type":"LineString","coordinates":[[-83.9411,37.6296],[-83.941,37.62967],[-83.94077,37.62985],[-83.94053,37.63002],[-83.9403,37.6302],[-83.94006,37.63037],[-83.94006,37.63055],[-83.94005,37.63073],[-83.94004,37.63091],[-83.94003,37.63109],[-83.94003,37.63127],[-83.94002,37.63145],[-83.94001,37.63163],[-83.94023,37.63182],[-83.94022,37.632],[-83.94044,37.63218],[-83.94044,37.63236],[-83.94043,37.63254],[-83.94042,37.63272],[-83.94065,37.63273],[-83.94087,37.63273],[-83.9411,37.63274],[-83.94133,37.63275],[-83.94154,37.63293],[-83.94177,37.63294],[-83.942,37.63294],[-83.94222,37.63295],[-83.94245,37.63295],[-83.94268,37.63296],[-83.9429,37.63297],[-83.94313,37.63297],[-83.94336,37.63298],[-83.94359,37.6328],[-83.94382,37.63281],[-83.94404,37.63282],[-83.94427,37.63282],[-83.9445,37.63265],[-83.94473,37.63265],[-83.94495,37.63266],[-83.94518,37.63267],[-83.94519,37.63248],[-83.94542,37.63231],[-83.94543,37.63213],[-83.94566,37.63196],[-83.94589,37.63196],[-83.94612,37.63179],[-83.94636,37.63161],[-83.94659,37.63144],[-83.94682,37.63127],[-83.94706,37.63109],[-83.94729,37.63092],[-83.94753,37.63074],[-83.94753,37.63056],[-83.94777,37.63039],[-83.948,37.63022]]},"properties":{"rank":41,"priority":"MODERATE TARGET","kind":"primary"}},{"type":"Feature","geometry":{"type":"LineString","coordinates":[[-83.948,37.63022],[-83.94823,37.63022],[-83.94846,37.63005],[-83.94869,37.62987],[-83.94893,37.6297],[-83.94916,37.62952],[-83.94917,37.62934],[-83.9494,37.62917],[-83.94964,37.629],[-83.94987,37.62882],[-83.94988,37.62864],[-83.95011,37.62847],[-83.95034,37.62847],[-83.95057,37.6283],[-83.95081,37.62813],[-83.95104,37.62795],[-83.95127,37.62778],[-83.9515,37.62778],[-83.95173,37.62761],[-83.95196,37.62761],[-83.95219,37.62744],[-83.95243,37.62727],[-83.95266,37.62709],[-83.95267,37.62691],[-83.9529,37.62674],[-83.95291,37.62656],[-83.95292,37.62638],[-83.95315,37.6262],[-83.95316,37.62602],[-83.95339,37.62585],[-83.95362,37.62568],[-83.95363,37.6255],[-83.95387,37.62532],[-83.95387,37.62514],[-83.95388,37.62496],[-83.95411,37.62479],[-83.95435,37.62461],[-83.95458,37.62444],[-83.95459,37.62426],[-83.9546,37.62408],[-83.95483,37.6239],[-83.95484,37.62372],[-83.95484,37.62354],[-83.95508,37.62337],[-83.9553,37.62338],[-83.95553,37.62338],[-83.95576,37.62339],[-83.95598,37.62339],[-83.95622,37.62322],[-83.95645,37.62305],[-83.95668,37.62305],[-83.9569,37.62306],[-83.95714,37.62288],[-83.95736,37.62289],[-83.95759,37.62289],[-83.95782,37.6229],[-83.95803,37.62309],[-83.95826,37.62309],[-83.95849,37.6231],[-83.95871,37.6231],[-83.95894,37.62311],[-83.95917,37.62312],[-83.95939,37.62312]]},"properties":{"rank":41,"priority":"MODERATE TARGET","kind":"extended"}},{"type":"Feature","geometry":{"type":"LineString","coordinates":[[-84.254,37.5287],[-84.254,37.52871],[-84.25422,37.52889],[-84.25444,37.52908]]},"properties":{"rank":42,"priority":"MODERATE TARGET","kind":"source"}},{"type":"Feature","geometry":{"type":"LineString","coordinates":[[-84.254,37.5287],[-84.254,37.52871],[-84.25422,37.52889],[-84.25444,37.52908],[-84.25444,37.52926],[-84.25466,37.52944],[-84.25488,37.52963],[-84.25509,37.52982],[-84.25531,37.53],[-84.25554,37.53001],[-84.25576,37.53019],[-84.25598,37.53038],[-84.25621,37.5302],[-84.25644,37.53003],[-84.25667,37.53003],[-84.2569,37.52986],[-84.25713,37.52986],[-84.25736,37.52969],[-84.25759,37.52969],[-84.25781,37.5297],[-84.25804,37.5297],[-84.25826,37.52989],[-84.25849,37.52989],[-84.25871,37.5299],[-84.25894,37.5299],[-84.25916,37.52991],[-84.25938,37.5301],[-84.25961,37.5301],[-84.25984,37.53011],[-84.26006,37.53011],[-84.26029,37.53012],[-84.26051,37.53012],[-84.26074,37.53013],[-84.26097,37.53013],[-84.26119,37.53014],[-84.26142,37.53014],[-84.26164,37.53033],[-84.26186,37.53051],[-84.26208,37.53052],[-84.26231,37.53052],[-84.26253,37.53071],[-84.26276,37.53071],[-84.26298,37.53072],[-84.2632,37.5309],[-84.26343,37.53091],[-84.26365,37.53092],[-84.26387,37.5311],[-84.2641,37.53111],[-84.26433,37.53111],[-84.26456,37.53094],[-84.26479,37.53076],[-84.26502,37.53077],[-84.26525,37.53059]]},"properties":{"rank":42,"priority":"MODERATE TARGET","kind":"primary"}},{"type":"Feature","geometry":{"type":"LineString","coordinates":[[-84.26525,37.53059],[-84.26548,37.5306],[-84.2657,37.5306],[-84.26593,37.53061],[-84.26615,37.53061],[-84.26638,37.53062],[-84.26661,37.53062],[-84.26683,37.53063],[-84.26706,37.53063],[-84.26728,37.53064],[-84.26751,37.53064],[-84.26773,37.53083],[-84.26796,37.53083],[-84.26818,37.53102],[-84.2684,37.53121],[-84.26862,37.53121],[-84.26884,37.5314],[-84.26883,37.53158],[-84.26883,37.53176],[-84.26905,37.53194],[-84.26904,37.53212],[-84.26926,37.53231],[-84.26948,37.53249],[-84.2697,37.53268],[-84.26993,37.53268],[-84.27015,37.53287],[-84.27014,37.53305],[-84.27013,37.53323],[-84.27013,37.53341],[-84.27012,37.53359],[-84.27034,37.53377],[-84.27056,37.53396],[-84.27055,37.53414],[-84.27077,37.53432],[-84.27076,37.5345],[-84.27098,37.53469],[-84.27098,37.53487],[-84.27097,37.53505],[-84.27096,37.53523],[-84.27096,37.53541],[-84.27095,37.53559],[-84.27094,37.53577],[-84.27094,37.53595],[-84.27093,37.53613],[-84.27092,37.53631],[-84.27092,37.53649],[-84.27069,37.53666],[-84.27068,37.53685],[-84.27067,37.53703],[-84.27067,37.53721],[-84.27043,37.53738],[-84.27065,37.53757],[-84.27065,37.53775],[-84.27041,37.53792],[-84.27041,37.5381],[-84.2704,37.53828],[-84.27039,37.53846],[-84.27039,37.53864],[-84.27038,37.53882],[-84.27037,37.539],[-84.27037,37.53918],[-84.27036,37.53936],[-84.27035,37.53954],[-84.27035,37.53972],[-84.27034,37.5399],[-84.27056,37.54009],[-84.27055,37.54027],[-84.27055,37.54045],[-84.27054,37.54063],[-84.27053,37.54081],[-84.27075,37.54099],[-84.27075,37.54117],[-84.27074,37.54135],[-84.27051,37.54153],[-84.27028,37.5417],[-84.27027,37.54188],[-84.27026,37.54206],[-84.27026,37.54224],[-84.27025,37.54242],[-84.27024,37.5426],[-84.27024,37.54278],[-84.27046,37.54297],[-84.27068,37.54297],[-84.27068,37.54315],[-84.27067,37.54333],[-84.27089,37.54352],[-84.27088,37.5437],[-84.27088,37.54388],[-84.27087,37.54406],[-84.27086,37.54424],[-84.27086,37.54442],[-84.27085,37.5446],[-84.27084,37.54478],[-84.27084,37.54496],[-84.2706,37.54513],[-84.2706,37.54531],[-84.27059,37.54549],[-84.27036,37.54567],[-84.27012,37.54584],[-84.27012,37.54602],[-84.26989,37.5462],[-84.2701,37.54638],[-84.2701,37.54656],[-84.27009,37.54674],[-84.27009,37.54692],[-84.27008,37.5471],[-84.27007,37.54728],[-84.27007,37.54746],[-84.27006,37.54764],[-84.26983,37.54782],[-84.26982,37.548],[-84.27004,37.54818],[-84.27027,37.54819],[-84.27049,37.54819],[-84.27072,37.54802],[-84.27095,37.54802],[-84.27117,37.54821],[-84.27139,37.5484],[-84.27161,37.54858],[-84.27183,37.54877],[-84.27182,37.54895],[-84.27182,37.54913],[-84.27181,37.54931],[-84.2718,37.54949],[-84.27203,37.54949],[-84.27225,37.54968]]},"properties":{"rank":42,"priority":"MODERATE TARGET","kind":"extended"}},{"type":"Feature","geometry":{"type":"LineString","coordinates":[[-84.121,37.5641],[-84.12116,37.56429],[-84.12138,37.56447],[-84.1216,37.56466]]},"properties":{"rank":43,"priority":"MODERATE TARGET","kind":"source"}},{"type":"Feature","geometry":{"type":"LineString","coordinates":[[-84.121,37.5641],[-84.12116,37.56429],[-84.12138,37.56447],[-84.1216,37.56466],[-84.12182,37.56485],[-84.12204,37.56503],[-84.12226,37.56522],[-84.12249,37.56522],[-84.1227,37.56541],[-84.12293,37.56541],[-84.12316,37.56542],[-84.12338,37.5656],[-84.1236,37.56561],[-84.12382,37.5658],[-84.12405,37.5658],[-84.12427,37.56581],[-84.1245,37.56581],[-84.12473,37.56582],[-84.12495,37.56582],[-84.12518,37.56583],[-84.1254,37.56601],[-84.12539,37.56619],[-84.12538,37.56637],[-84.12538,37.56655],[-84.12537,37.56673],[-84.12536,37.56691],[-84.12536,37.56709],[-84.12512,37.56727],[-84.12512,37.56745],[-84.12511,37.56763],[-84.12533,37.56781],[-84.12532,37.56799],[-84.12532,37.56817],[-84.12508,37.56835],[-84.12508,37.56853],[-84.12507,37.56871],[-84.12483,37.56888],[-84.12483,37.56906],[-84.12482,37.56924],[-84.12459,37.56942],[-84.12458,37.5696],[-84.12457,37.56978],[-84.12434,37.56995],[-84.12433,37.57013],[-84.1241,37.57031],[-84.12387,37.57048],[-84.12386,37.57066],[-84.12363,37.57084],[-84.12339,37.57101],[-84.12339,37.57119],[-84.12338,37.57137],[-84.12337,37.57155],[-84.12314,37.57173],[-84.12291,37.5719]]},"properties":{"rank":43,"priority":"MODERATE TARGET","kind":"primary"}},{"type":"Feature","geometry":{"type":"LineString","coordinates":[[-84.12291,37.5719],[-84.12267,37.57207],[-84.12244,37.57225],[-84.12221,37.57242],[-84.1222,37.5726],[-84.12219,37.57278],[-84.12196,37.57296],[-84.12195,37.57314],[-84.12172,37.57331],[-84.12149,37.57349],[-84.12125,37.57366],[-84.12102,37.57384],[-84.12101,37.57402],[-84.12078,37.57419],[-84.12056,37.57419],[-84.12055,37.57437],[-84.12032,37.57454],[-84.12031,37.57472],[-84.12008,37.57489],[-84.12007,37.57507],[-84.11984,37.57525],[-84.1196,37.57542],[-84.1196,37.5756],[-84.11936,37.57578],[-84.11913,37.57595],[-84.11912,37.57613],[-84.11889,37.57631],[-84.11866,37.5763],[-84.11843,37.57648],[-84.1182,37.57665],[-84.11796,37.57683],[-84.11773,37.577],[-84.11772,37.57718],[-84.11749,37.57735],[-84.11748,37.57753],[-84.11725,37.57771],[-84.11702,37.57788],[-84.11678,37.57806],[-84.11678,37.57824],[-84.11677,37.57842],[-84.11654,37.57859],[-84.1163,37.57877],[-84.1163,37.57895],[-84.11606,37.57912],[-84.11606,37.5793],[-84.11605,37.57948],[-84.11582,37.57966],[-84.11581,37.57984],[-84.11558,37.58001],[-84.11557,37.58019],[-84.11534,37.58037],[-84.1151,37.58054],[-84.1151,37.58072],[-84.11486,37.58089],[-84.11486,37.58107],[-84.11462,37.58125],[-84.11439,37.58142],[-84.11438,37.5816],[-84.11415,37.58178],[-84.11414,37.58196],[-84.11413,37.58214],[-84.1139,37.58231],[-84.11389,37.58249],[-84.11389,37.58267],[-84.11365,37.58285],[-84.11365,37.58303],[-84.11364,37.58321],[-84.11341,37.58338],[-84.1134,37.58356],[-84.11317,37.58374],[-84.11316,37.58392],[-84.11315,37.5841],[-84.11315,37.58428],[-84.11314,37.58446],[-84.11291,37.58463],[-84.1129,37.58481],[-84.11289,37.58499],[-84.11289,37.58517],[-84.11265,37.58535],[-84.11243,37.58534],[-84.11219,37.58551],[-84.11219,37.58569],[-84.11195,37.58587],[-84.11173,37.58586],[-84.11149,37.58604],[-84.11149,37.58622],[-84.11125,37.58639],[-84.11103,37.58639],[-84.11079,37.58656],[-84.11057,37.58656],[-84.11034,37.58655],[-84.11011,37.58654],[-84.10988,37.58672],[-84.10966,37.58671],[-84.10942,37.58689],[-84.10919,37.58706],[-84.10896,37.58724],[-84.10872,37.58741],[-84.1085,37.58741],[-84.10826,37.58758],[-84.10826,37.58776],[-84.10803,37.58776]]},"properties":{"rank":43,"priority":"MODERATE TARGET","kind":"extended"}},{"type":"Feature","geometry":{"type":"LineString","coordinates":[[-83.9294,37.628],[-83.92951,37.62793],[-83.92975,37.62776],[-83.92998,37.62758]]},"properties":{"rank":44,"priority":"MODERATE TARGET","kind":"source"}},{"type":"Feature","geometry":{"type":"LineString","coordinates":[[-83.9294,37.628],[-83.92951,37.62793],[-83.92975,37.62776],[-83.92998,37.62758],[-83.92999,37.6274],[-83.93,37.62722],[-83.93,37.62704],[-83.93001,37.62686],[-83.93002,37.62668],[-83.93003,37.6265],[-83.93003,37.62632],[-83.93004,37.62614],[-83.93005,37.62596],[-83.93006,37.62578],[-83.93006,37.6256],[-83.93007,37.62542],[-83.93008,37.62524],[-83.93009,37.62506],[-83.93009,37.62488],[-83.9301,37.6247],[-83.93011,37.62452],[-83.93012,37.62434],[-83.93035,37.62417],[-83.93057,37.62436],[-83.9308,37.62418],[-83.93081,37.624],[-83.93104,37.62383],[-83.93127,37.62383],[-83.9315,37.62384],[-83.93172,37.62385],[-83.93195,37.62385],[-83.93218,37.62368],[-83.93241,37.62368],[-83.93263,37.62369],[-83.93286,37.6237],[-83.93309,37.6237],[-83.93331,37.62371],[-83.93354,37.62371],[-83.93377,37.62372],[-83.93399,37.62372],[-83.93422,37.62373],[-83.93445,37.62374],[-83.93468,37.62356],[-83.93491,37.62357],[-83.93513,37.62357],[-83.93536,37.62358],[-83.93559,37.62341],[-83.93582,37.62341],[-83.93604,37.62342],[-83.93627,37.62342],[-83.9365,37.62343],[-83.93673,37.62326],[-83.93696,37.62308],[-83.9372,37.62291],[-83.93742,37.62291],[-83.93766,37.62274],[-83.93789,37.62256]]},"properties":{"rank":44,"priority":"MODERATE TARGET","kind":"primary"}},{"type":"Feature","geometry":{"type":"LineString","coordinates":[[-83.93789,37.62256],[-83.93812,37.62257],[-83.93834,37.62276],[-83.93856,37.62276],[-83.9388,37.62259],[-83.93902,37.62259],[-83.93926,37.62242],[-83.93926,37.62224],[-83.93927,37.62206],[-83.93928,37.62188],[-83.93951,37.62171],[-83.93975,37.62153],[-83.93975,37.62135],[-83.93999,37.62118],[-83.94021,37.62118],[-83.94045,37.62101],[-83.94068,37.62084],[-83.94092,37.62066],[-83.94115,37.62049],[-83.94138,37.62049],[-83.94161,37.62032],[-83.94184,37.62032],[-83.94205,37.62051],[-83.94227,37.6207],[-83.94249,37.62088],[-83.94271,37.62107],[-83.94293,37.62125],[-83.94316,37.62108],[-83.94339,37.62109],[-83.94362,37.62091],[-83.94386,37.62074],[-83.94409,37.62056],[-83.94432,37.62057],[-83.94455,37.62039],[-83.94478,37.62022],[-83.94502,37.62005],[-83.94524,37.62005]]},"properties":{"rank":44,"priority":"MODERATE TARGET","kind":"extended"}},{"type":"Feature","geometry":{"type":"LineString","coordinates":[[-83.8483,37.7471],[-83.84834,37.74706],[-83.84813,37.74688],[-83.84813,37.7467],[-83.84814,37.74652],[-83.84815,37.74634],[-83.84816,37.74616],[-83.84816,37.74598],[-83.84817,37.7458],[-83.84795,37.74561],[-83.84796,37.74543]]},"properties":{"rank":45,"priority":"MODERATE TARGET","kind":"source"}},{"type":"Feature","geometry":{"type":"LineString","coordinates":[[-83.8483,37.7471],[-83.84834,37.74706],[-83.84813,37.74688],[-83.84813,37.7467],[-83.84814,37.74652],[-83.84815,37.74634],[-83.84816,37.74616],[-83.84816,37.74598],[-83.84817,37.7458],[-83.84795,37.74561],[-83.84796,37.74543],[-83.84797,37.74525],[-83.84798,37.74507],[-83.84798,37.74489],[-83.84799,37.74471],[-83.84777,37.74453],[-83.84778,37.74435],[-83.84756,37.74416],[-83.84757,37.74398],[-83.84735,37.74379],[-83.84736,37.74361],[-83.84714,37.74343],[-83.84692,37.74324],[-83.8467,37.74306],[-83.84671,37.74288],[-83.84649,37.74269],[-83.84627,37.7425],[-83.84604,37.7425],[-83.84582,37.74231],[-83.8456,37.74231],[-83.84537,37.7423],[-83.84515,37.74211],[-83.84516,37.74193],[-83.84517,37.74175],[-83.8454,37.74158],[-83.84563,37.74141],[-83.84587,37.74123],[-83.84588,37.74105],[-83.84611,37.74088],[-83.84612,37.7407],[-83.84613,37.74052],[-83.84613,37.74034],[-83.84637,37.74016],[-83.8466,37.73999],[-83.84661,37.73981],[-83.84662,37.73963],[-83.84685,37.73946],[-83.84686,37.73928],[-83.84709,37.7391],[-83.8471,37.73892],[-83.84711,37.73874],[-83.84734,37.73857],[-83.84735,37.73839],[-83.84736,37.73821]]},"properties":{"rank":45,"priority":"MODERATE TARGET","kind":"primary"}},{"type":"Feature","geometry":{"type":"LineString","coordinates":[[-83.84736,37.73821],[-83.84759,37.73803],[-83.84783,37.73786],[-83.84806,37.73769],[-83.84829,37.73769],[-83.84852,37.73752],[-83.84876,37.73734],[-83.84899,37.73717],[-83.849,37.73699],[-83.84901,37.73681],[-83.84924,37.73664],[-83.84947,37.73664],[-83.8497,37.73647],[-83.84994,37.73629],[-83.84994,37.73612],[-83.84995,37.73594],[-83.84996,37.73576],[-83.85019,37.73558],[-83.8502,37.7354],[-83.85044,37.73523],[-83.85044,37.73505],[-83.85045,37.73487],[-83.85046,37.73469],[-83.85047,37.73451],[-83.8507,37.73433],[-83.85071,37.73415],[-83.85072,37.73397],[-83.85072,37.73379],[-83.85073,37.73361],[-83.85074,37.73343],[-83.85075,37.73325],[-83.85075,37.73307],[-83.85076,37.73289],[-83.85077,37.73271],[-83.85055,37.73253],[-83.85056,37.73235],[-83.85057,37.73217],[-83.85057,37.73199],[-83.85058,37.73181],[-83.85059,37.73163],[-83.8506,37.73145],[-83.85083,37.73127],[-83.85084,37.73109],[-83.85107,37.73092],[-83.85108,37.73074],[-83.85109,37.73056],[-83.85109,37.73038],[-83.85133,37.73021],[-83.85134,37.73003],[-83.85157,37.72985],[-83.85158,37.72967],[-83.85159,37.72949],[-83.85159,37.72931],[-83.8516,37.72913],[-83.85184,37.72896],[-83.85184,37.72878],[-83.85208,37.7286],[-83.85208,37.72842],[-83.85209,37.72824],[-83.85187,37.72824],[-83.85165,37.72805],[-83.85143,37.72787],[-83.85144,37.72769],[-83.85144,37.72751],[-83.85145,37.72733],[-83.85146,37.72715],[-83.85147,37.72697],[-83.85147,37.72679],[-83.85148,37.72661],[-83.85126,37.72642],[-83.85127,37.72624],[-83.85128,37.72606],[-83.85106,37.72587],[-83.85107,37.72569],[-83.85085,37.72551],[-83.85085,37.72533],[-83.85086,37.72515],[-83.85087,37.72497],[-83.85088,37.72479],[-83.85089,37.72461],[-83.85089,37.72443],[-83.8509,37.72425],[-83.85091,37.72407],[-83.85092,37.72389],[-83.85115,37.72371],[-83.85116,37.72353],[-83.85117,37.72335],[-83.85117,37.72317],[-83.85095,37.72299],[-83.85096,37.72281],[-83.85074,37.72262],[-83.85052,37.72244],[-83.85053,37.72226],[-83.85077,37.72208],[-83.851,37.72191],[-83.85101,37.72173],[-83.85124,37.72155],[-83.85125,37.72137],[-83.85126,37.72119],[-83.85149,37.72102],[-83.85173,37.72085],[-83.85173,37.72067],[-83.85174,37.72049],[-83.85197,37.72031],[-83.85198,37.72013],[-83.85199,37.71995],[-83.85222,37.71978],[-83.85246,37.7196],[-83.85247,37.71942],[-83.8527,37.71925],[-83.85293,37.71908],[-83.85316,37.71908],[-83.8534,37.71891],[-83.8534,37.71873],[-83.85364,37.71855],[-83.85387,37.71838],[-83.85388,37.7182],[-83.85389,37.71802],[-83.85412,37.71785],[-83.85436,37.71767],[-83.85436,37.71749],[-83.8546,37.71732],[-83.8546,37.71714]]},"properties":{"rank":45,"priority":"MODERATE TARGET","kind":"extended"}},{"type":"Feature","geometry":{"type":"LineString","coordinates":[[-83.8705,37.6287],[-83.87057,37.62873],[-83.8708,37.62873],[-83.87103,37.62874],[-83.87125,37.62874],[-83.87148,37.62875],[-83.8717,37.62876]]},"properties":{"rank":46,"priority":"MODERATE TARGET","kind":"source"}},{"type":"Feature","geometry":{"type":"LineString","coordinates":[[-83.8705,37.6287],[-83.87057,37.62873],[-83.8708,37.62873],[-83.87103,37.62874],[-83.87125,37.62874],[-83.87148,37.62875],[-83.8717,37.62876],[-83.87193,37.62876],[-83.87216,37.62877],[-83.87238,37.62877],[-83.87261,37.62878],[-83.87284,37.62879],[-83.87306,37.62879],[-83.87329,37.6288],[-83.87352,37.6288],[-83.87374,37.62881],[-83.87397,37.62882],[-83.87419,37.62882],[-83.87442,37.62883],[-83.87465,37.62883],[-83.87487,37.62884],[-83.87511,37.62867],[-83.87533,37.62867],[-83.87533,37.62885],[-83.87554,37.62904],[-83.87554,37.62922],[-83.87576,37.6294],[-83.87575,37.62958],[-83.87574,37.62976],[-83.87596,37.62995],[-83.87618,37.63014],[-83.87617,37.63032],[-83.87639,37.6305],[-83.87638,37.63068],[-83.87637,37.63086],[-83.87659,37.63105],[-83.87659,37.63123],[-83.87658,37.63141],[-83.87657,37.63159],[-83.87679,37.63177],[-83.87678,37.63195],[-83.87677,37.63213],[-83.87699,37.63232],[-83.87699,37.6325],[-83.87698,37.63268],[-83.8772,37.63287],[-83.87719,37.63305],[-83.87718,37.63323],[-83.87717,37.63341],[-83.87739,37.63359],[-83.87761,37.63378],[-83.8776,37.63396],[-83.87782,37.63414],[-83.87782,37.63432],[-83.87781,37.6345],[-83.8778,37.63468],[-83.87779,37.63486]]},"properties":{"rank":46,"priority":"MODERATE TARGET","kind":"primary"}},{"type":"Feature","geometry":{"type":"LineString","coordinates":[[-83.87779,37.63486],[-83.87779,37.63504],[-83.878,37.63523],[-83.878,37.63541],[-83.87799,37.63559],[-83.87798,37.63577],[-83.8782,37.63596],[-83.87819,37.63614],[-83.87819,37.63632],[-83.87818,37.6365],[-83.87817,37.63668],[-83.87816,37.63686],[-83.87793,37.63703],[-83.87815,37.63722],[-83.87814,37.6374],[-83.87813,37.63758],[-83.87812,37.63776],[-83.87834,37.63794],[-83.87811,37.63812],[-83.87788,37.63829],[-83.87764,37.63846],[-83.87763,37.63864],[-83.8774,37.63882],[-83.87717,37.63899],[-83.87716,37.63917],[-83.87693,37.63935],[-83.8767,37.63934],[-83.87647,37.63951],[-83.87624,37.63951],[-83.876,37.63968],[-83.876,37.63986],[-83.87599,37.64004],[-83.87576,37.64022],[-83.87575,37.6404],[-83.87551,37.64057],[-83.87551,37.64075],[-83.8755,37.64093],[-83.87572,37.64112],[-83.87594,37.6413],[-83.87616,37.64149],[-83.87637,37.64167],[-83.87637,37.64185],[-83.87613,37.64203],[-83.87591,37.64202],[-83.87569,37.64184],[-83.87545,37.64201],[-83.87523,37.642],[-83.87499,37.64218],[-83.87477,37.64217],[-83.87453,37.64235],[-83.87431,37.64234],[-83.87407,37.64251],[-83.87385,37.64251],[-83.87362,37.6425],[-83.8734,37.64232],[-83.87317,37.64249],[-83.87293,37.64266],[-83.87271,37.64266],[-83.87248,37.64265],[-83.87225,37.64283],[-83.87224,37.64301],[-83.87246,37.64319],[-83.87245,37.64337],[-83.87244,37.64355],[-83.87244,37.64373],[-83.87243,37.64391],[-83.87242,37.64409],[-83.87241,37.64427]]},"properties":{"rank":46,"priority":"MODERATE TARGET","kind":"extended"}},{"type":"Feature","geometry":{"type":"LineString","coordinates":[[-83.9452,37.5919],[-83.94504,37.59176],[-83.94482,37.59175],[-83.94459,37.59174],[-83.94437,37.59156],[-83.94415,37.59155]]},"properties":{"rank":47,"priority":"MODERATE TARGET","kind":"source"}},{"type":"Feature","geometry":{"type":"LineString","coordinates":[[-83.9452,37.5919],[-83.94504,37.59176],[-83.94482,37.59175],[-83.94459,37.59174],[-83.94437,37.59156],[-83.94415,37.59155],[-83.94392,37.59155],[-83.94369,37.59154],[-83.94348,37.59135],[-83.94325,37.59135],[-83.94303,37.59116],[-83.9428,37.59116],[-83.94259,37.59097],[-83.94236,37.59096],[-83.94214,37.59078],[-83.94191,37.59077],[-83.94169,37.59077],[-83.94146,37.59076],[-83.94124,37.59076],[-83.94102,37.59057],[-83.9408,37.59038],[-83.94058,37.5902],[-83.94035,37.59019],[-83.94012,37.59037],[-83.93989,37.59054],[-83.93988,37.59072],[-83.93987,37.5909],[-83.93986,37.59108],[-83.93963,37.59125],[-83.9394,37.59143],[-83.93916,37.5916],[-83.93893,37.59178],[-83.9387,37.59195],[-83.93846,37.59213],[-83.93823,37.5923],[-83.938,37.59229],[-83.93777,37.59247],[-83.93776,37.59265],[-83.93753,37.59282],[-83.93729,37.593],[-83.93706,37.59317],[-83.93683,37.59316],[-83.9366,37.59334],[-83.93637,37.59351],[-83.93614,37.59351],[-83.93591,37.59368],[-83.93568,37.59367],[-83.93545,37.59385],[-83.93522,37.59384],[-83.93499,37.59384],[-83.93477,37.59383],[-83.93454,37.59383]]},"properties":{"rank":47,"priority":"MODERATE TARGET","kind":"primary"}},{"type":"Feature","geometry":{"type":"LineString","coordinates":[[-83.93454,37.59383],[-83.93432,37.59382],[-83.93409,37.59381],[-83.93387,37.59363],[-83.93364,37.59362],[-83.93342,37.59362],[-83.93319,37.59361],[-83.93297,37.5936],[-83.93274,37.5936],[-83.93251,37.59359],[-83.93229,37.59359],[-83.93206,37.59358],[-83.93183,37.59357],[-83.9316,37.59375],[-83.93137,37.59374],[-83.93114,37.59392],[-83.93091,37.59391]]},"properties":{"rank":47,"priority":"MODERATE TARGET","kind":"extended"}},{"type":"Feature","geometry":{"type":"LineString","coordinates":[[-83.7221,37.8745],[-83.72221,37.87444],[-83.72245,37.87426],[-83.72267,37.87427],[-83.72291,37.8741],[-83.72314,37.8741],[-83.72337,37.87393],[-83.7236,37.87394],[-83.72383,37.87376]]},"properties":{"rank":48,"priority":"MODERATE TARGET","kind":"source"}},{"type":"Feature","geometry":{"type":"LineString","coordinates":[[-83.7221,37.8745],[-83.72221,37.87444],[-83.72245,37.87426],[-83.72267,37.87427],[-83.72291,37.8741],[-83.72314,37.8741],[-83.72337,37.87393],[-83.7236,37.87394],[-83.72383,37.87376],[-83.72407,37.87359],[-83.7243,37.87342],[-83.72453,37.87342],[-83.72477,37.87325],[-83.72499,37.87325],[-83.72523,37.87308],[-83.72546,37.87309],[-83.72569,37.87291],[-83.72592,37.87292],[-83.72615,37.87275],[-83.72638,37.87275],[-83.72661,37.87258],[-83.72684,37.87259],[-83.72706,37.87277],[-83.72729,37.87278],[-83.72751,37.87278],[-83.72773,37.87297],[-83.72797,37.8728],[-83.72798,37.87262],[-83.72798,37.87244],[-83.72799,37.87226],[-83.72823,37.87208],[-83.72824,37.8719],[-83.72824,37.87172],[-83.72825,37.87154],[-83.72826,37.87136],[-83.72804,37.87118],[-83.72782,37.87099],[-83.72759,37.87098],[-83.72738,37.8708],[-83.72738,37.87062],[-83.72739,37.87044],[-83.7274,37.87026],[-83.72741,37.87008],[-83.72764,37.8699],[-83.72765,37.86972],[-83.72788,37.86955],[-83.72789,37.86937],[-83.7279,37.86919],[-83.72791,37.86901],[-83.72769,37.86882],[-83.7277,37.86865],[-83.72748,37.86846],[-83.72749,37.86828]]},"properties":{"rank":48,"priority":"MODERATE TARGET","kind":"primary"}},{"type":"Feature","geometry":{"type":"LineString","coordinates":[[-83.72749,37.86828],[-83.72749,37.8681],[-83.7275,37.86792],[-83.72751,37.86774],[-83.72752,37.86756],[-83.72775,37.86739],[-83.72776,37.86721],[-83.72777,37.86703],[-83.72778,37.86685],[-83.72756,37.86666],[-83.72734,37.86647],[-83.72712,37.86629],[-83.72736,37.86611],[-83.72759,37.86594],[-83.7276,37.86576],[-83.72761,37.86558],[-83.72761,37.8654],[-83.72762,37.86522],[-83.72763,37.86504],[-83.72764,37.86486],[-83.72765,37.86468],[-83.72765,37.8645],[-83.72766,37.86432],[-83.72767,37.86414],[-83.72745,37.86395],[-83.72746,37.86377],[-83.72747,37.86359],[-83.72747,37.86341],[-83.72771,37.86324],[-83.72794,37.86307],[-83.72818,37.86289],[-83.72841,37.8629],[-83.72863,37.8629],[-83.72886,37.86291],[-83.7291,37.86274],[-83.72933,37.86256],[-83.72957,37.86239],[-83.7298,37.86222],[-83.72981,37.86204],[-83.73004,37.86186],[-83.73028,37.86169],[-83.73051,37.86152],[-83.73075,37.86134],[-83.73098,37.86135],[-83.73121,37.86117],[-83.73145,37.861],[-83.73168,37.86083],[-83.73192,37.86065],[-83.73192,37.86047],[-83.73216,37.8603],[-83.73217,37.86012],[-83.7324,37.85995],[-83.73264,37.85977],[-83.73264,37.85959],[-83.73265,37.85941],[-83.73289,37.85924],[-83.73311,37.85925],[-83.73335,37.85907],[-83.73358,37.8589],[-83.73359,37.85872],[-83.73383,37.85854],[-83.73406,37.85837],[-83.7343,37.8582],[-83.7343,37.85802],[-83.73454,37.85784],[-83.73455,37.85766],[-83.73478,37.85749],[-83.73479,37.85731],[-83.7348,37.85713],[-83.73503,37.85696],[-83.73504,37.85678],[-83.73505,37.8566],[-83.73506,37.85642],[-83.73529,37.85624],[-83.7353,37.85606],[-83.73553,37.85589],[-83.73576,37.8559],[-83.736,37.85572],[-83.73623,37.85555],[-83.73647,37.85537]]},"properties":{"rank":48,"priority":"MODERATE TARGET","kind":"extended"}},{"type":"Feature","geometry":{"type":"LineString","coordinates":[[-84.2557,37.5374],[-84.25572,37.5374],[-84.25572,37.53758],[-84.25571,37.53776],[-84.2557,37.53794]]},"properties":{"rank":49,"priority":"MODERATE TARGET","kind":"source"}},{"type":"Feature","geometry":{"type":"LineString","coordinates":[[-84.2557,37.5374],[-84.25572,37.5374],[-84.25572,37.53758],[-84.25571,37.53776],[-84.2557,37.53794],[-84.2557,37.53812],[-84.25569,37.5383],[-84.25591,37.53848],[-84.2559,37.53866],[-84.2559,37.53885],[-84.25589,37.53903],[-84.25588,37.53921],[-84.25588,37.53939],[-84.25587,37.53957],[-84.25586,37.53975],[-84.25586,37.53993],[-84.25585,37.54011],[-84.25607,37.54029],[-84.25606,37.54047],[-84.25628,37.54066],[-84.25627,37.54084],[-84.25627,37.54102],[-84.25626,37.5412],[-84.25626,37.54138],[-84.25625,37.54156],[-84.25602,37.54173],[-84.25624,37.54192],[-84.256,37.54209],[-84.256,37.54227],[-84.25599,37.54245],[-84.25598,37.54263],[-84.25575,37.54281],[-84.25574,37.54299],[-84.25574,37.54317],[-84.25573,37.54335],[-84.25572,37.54353],[-84.25572,37.54371],[-84.25548,37.54388],[-84.25548,37.54406],[-84.25547,37.54424],[-84.25546,37.54442],[-84.25546,37.5446],[-84.25545,37.54478],[-84.25522,37.54496],[-84.25521,37.54514],[-84.25521,37.54532],[-84.2552,37.5455],[-84.25519,37.54568],[-84.25519,37.54586],[-84.25518,37.54604],[-84.25517,37.54622],[-84.25517,37.5464],[-84.25516,37.54658],[-84.25515,37.54676],[-84.25515,37.54694],[-84.25514,37.54712],[-84.25513,37.5473],[-84.25513,37.54748],[-84.25512,37.54766]]},"properties":{"rank":49,"priority":"MODERATE TARGET","kind":"primary"}},{"type":"Feature","geometry":{"type":"LineString","coordinates":[[-84.25512,37.54766],[-84.25489,37.54783],[-84.25465,37.54801],[-84.25465,37.54819],[-84.25441,37.54836],[-84.25441,37.54854],[-84.25418,37.54872],[-84.25417,37.5489],[-84.25439,37.54908],[-84.25438,37.54926],[-84.25415,37.54944],[-84.25392,37.54961],[-84.25391,37.54979],[-84.25368,37.54997],[-84.25344,37.55014],[-84.25344,37.55032],[-84.2532,37.5505],[-84.2532,37.55068],[-84.25296,37.55085],[-84.25296,37.55103],[-84.25295,37.55121],[-84.25295,37.55139],[-84.25271,37.55157],[-84.25271,37.55175],[-84.25247,37.55192],[-84.25247,37.5521],[-84.25246,37.55228],[-84.25245,37.55246],[-84.25222,37.55264],[-84.25199,37.55281],[-84.25198,37.55299],[-84.25175,37.55317],[-84.25174,37.55335],[-84.25173,37.55353],[-84.25173,37.55371],[-84.25172,37.55389],[-84.25149,37.55406],[-84.25148,37.55424],[-84.25148,37.55442],[-84.25124,37.5546],[-84.25102,37.55459],[-84.25078,37.55477],[-84.25078,37.55495],[-84.25054,37.55512],[-84.25031,37.5553],[-84.25031,37.55548],[-84.2503,37.55566],[-84.25007,37.55583],[-84.24984,37.55582],[-84.24961,37.55582],[-84.24938,37.55599],[-84.24937,37.55617],[-84.24914,37.55635],[-84.24913,37.55653],[-84.24913,37.55671],[-84.24912,37.55689],[-84.24889,37.55706],[-84.24888,37.55724],[-84.24911,37.55725],[-84.24933,37.55725],[-84.24956,37.55726],[-84.24978,37.55745],[-84.24977,37.55763],[-84.24999,37.55781],[-84.24999,37.55799],[-84.25021,37.55818],[-84.25043,37.55818],[-84.25066,37.55819],[-84.25088,37.55837],[-84.2511,37.55838],[-84.25132,37.55856],[-84.25154,37.55875],[-84.25176,37.55893],[-84.25198,37.55912],[-84.25198,37.5593],[-84.2522,37.55948],[-84.25219,37.55966],[-84.25218,37.55984],[-84.2524,37.56003],[-84.25262,37.56021],[-84.25284,37.5604],[-84.25306,37.56059],[-84.25305,37.56077],[-84.25327,37.56095],[-84.25327,37.56113],[-84.25303,37.56131],[-84.25303,37.56149],[-84.25302,37.56167],[-84.25301,37.56185],[-84.25301,37.56203],[-84.25323,37.56221],[-84.25345,37.56222],[-84.25368,37.56222],[-84.25391,37.56223],[-84.25412,37.56241],[-84.25435,37.56242],[-84.25458,37.56242],[-84.2548,37.56261],[-84.25479,37.56279],[-84.25501,37.56297],[-84.25523,37.56316],[-84.25546,37.56316],[-84.25569,37.56299],[-84.25592,37.56281],[-84.25615,37.56264],[-84.25638,37.56265],[-84.25661,37.56265],[-84.25683,37.56284],[-84.25705,37.56284],[-84.25728,37.56285],[-84.2575,37.56285],[-84.25773,37.56286],[-84.25795,37.56304],[-84.25818,37.56305],[-84.2584,37.56305],[-84.25862,37.56324],[-84.25884,37.56342],[-84.25906,37.56361],[-84.25906,37.56379]]},"properties":{"rank":49,"priority":"MODERATE TARGET","kind":"extended"}},{"type":"Feature","geometry":{"type":"LineString","coordinates":[[-84.1531,37.5532],[-84.15305,37.55335],[-84.15282,37.55352],[-84.15281,37.5537],[-84.1528,37.55388],[-84.15279,37.55406],[-84.15256,37.55424],[-84.15255,37.55442]]},"properties":{"rank":50,"priority":"MODERATE TARGET","kind":"source"}},{"type":"Feature","geometry":{"type":"LineString","coordinates":[[-84.1531,37.5532],[-84.15305,37.55335],[-84.15282,37.55352],[-84.15281,37.5537],[-84.1528,37.55388],[-84.15279,37.55406],[-84.15256,37.55424],[-84.15255,37.55442],[-84.15255,37.5546],[-84.15231,37.55477],[-84.15231,37.55495],[-84.1523,37.55513],[-84.15229,37.55531],[-84.15206,37.55549],[-84.15183,37.55566],[-84.15182,37.55584],[-84.15159,37.55602],[-84.15158,37.5562],[-84.15157,37.55638],[-84.15157,37.55656],[-84.15156,37.55674],[-84.15155,37.55692],[-84.15155,37.5571],[-84.15177,37.55728],[-84.15176,37.55746],[-84.15175,37.55764],[-84.15197,37.55783],[-84.15197,37.55801],[-84.15218,37.55819],[-84.15218,37.55837],[-84.15217,37.55855],[-84.15216,37.55873],[-84.15216,37.55891],[-84.15238,37.5591],[-84.15237,37.55928],[-84.15236,37.55946],[-84.15236,37.55964],[-84.15258,37.55964],[-84.1528,37.55983],[-84.15279,37.56001],[-84.15301,37.5602],[-84.15323,37.56038],[-84.15345,37.56057],[-84.15367,37.56075],[-84.15366,37.56093],[-84.15388,37.56112],[-84.1541,37.5613],[-84.15432,37.56149],[-84.15454,37.56167],[-84.15476,37.56186],[-84.15498,37.56205],[-84.1552,37.56223],[-84.15519,37.56241]]},"properties":{"rank":50,"priority":"MODERATE TARGET","kind":"primary"}},{"type":"Feature","geometry":{"type":"LineString","coordinates":[[-84.15519,37.56241],[-84.15541,37.5626],[-84.15564,37.5626],[-84.15586,37.56279],[-84.15585,37.56297],[-84.15607,37.56315],[-84.15629,37.56334],[-84.15652,37.56334],[-84.15674,37.56353],[-84.15696,37.56353],[-84.15718,37.56372],[-84.15741,37.56373],[-84.15763,37.56391],[-84.15785,37.56392],[-84.15808,37.56392],[-84.1583,37.56393],[-84.15852,37.56411],[-84.15852,37.56429],[-84.15851,37.56447],[-84.1585,37.56465],[-84.1585,37.56483],[-84.15849,37.56501],[-84.15848,37.56519],[-84.15848,37.56537],[-84.15847,37.56555],[-84.15846,37.56573],[-84.15823,37.56591],[-84.158,37.56608],[-84.15799,37.56626],[-84.15776,37.56644],[-84.15753,37.56643],[-84.1573,37.56643],[-84.15708,37.56642],[-84.15685,37.56642],[-84.15663,37.56641],[-84.15639,37.56658],[-84.15639,37.56676],[-84.15638,37.56694],[-84.15637,37.56712],[-84.15637,37.56731],[-84.15658,37.56749],[-84.15658,37.56767],[-84.15634,37.56785],[-84.15611,37.56802],[-84.1561,37.5682],[-84.1561,37.56838],[-84.15609,37.56856],[-84.15586,37.56873],[-84.15563,37.56891],[-84.15539,37.56908],[-84.15539,37.56926],[-84.15538,37.56944],[-84.15537,37.56962],[-84.15514,37.5698],[-84.15513,37.56998],[-84.1549,37.57015],[-84.15489,37.57033],[-84.15466,37.57051],[-84.15443,37.57068],[-84.1542,37.57068],[-84.15397,37.57085],[-84.15374,37.57085],[-84.15373,37.57103],[-84.1535,37.5712],[-84.15327,37.57138],[-84.15303,37.57155],[-84.15303,37.57173],[-84.15302,37.57191],[-84.15279,37.57208],[-84.15278,37.57226],[-84.15277,37.57244],[-84.15277,37.57262],[-84.15253,37.5728],[-84.15253,37.57298],[-84.15229,37.57315],[-84.15229,37.57333],[-84.15205,37.57351],[-84.15183,37.5735],[-84.15159,37.57368],[-84.15136,37.57385],[-84.15114,37.57385],[-84.15091,37.57384],[-84.15068,37.57402],[-84.15044,37.57419],[-84.15044,37.57437],[-84.15043,37.57455],[-84.15042,37.57473],[-84.15064,37.57492],[-84.15063,37.5751],[-84.15063,37.57528],[-84.15062,37.57546],[-84.15061,37.57564],[-84.15061,37.57582],[-84.1506,37.576],[-84.15059,37.57618],[-84.15059,37.57636],[-84.15035,37.57653],[-84.15035,37.57671],[-84.15034,37.57689],[-84.15033,37.57707],[-84.15033,37.57725],[-84.15032,37.57743],[-84.15031,37.57761],[-84.15031,37.57779],[-84.1503,37.57797],[-84.15052,37.57816],[-84.15051,37.57834],[-84.1505,37.57852],[-84.1505,37.5787],[-84.15049,37.57888],[-84.15071,37.57906],[-84.1507,37.57924],[-84.1507,37.57942],[-84.15046,37.5796],[-84.15046,37.57978],[-84.15068,37.57996],[-84.15089,37.58015],[-84.15089,37.58033],[-84.15111,37.58051],[-84.1511,37.58069],[-84.15109,37.58087],[-84.15131,37.58106],[-84.15131,37.58124],[-84.1513,37.58142]]},"properties":{"rank":50,"priority":"MODERATE TARGET","kind":"extended"}},{"type":"Feature","geometry":{"type":"LineString","coordinates":[[-83.8344,37.6768],[-83.83454,37.67696],[-83.83476,37.67714],[-83.83498,37.67733],[-83.83519,37.67752],[-83.83519,37.6777],[-83.83541,37.67788]]},"properties":{"rank":51,"priority":"MODERATE TARGET","kind":"source"}},{"type":"Feature","geometry":{"type":"LineString","coordinates":[[-83.8344,37.6768],[-83.83454,37.67696],[-83.83476,37.67714],[-83.83498,37.67733],[-83.83519,37.67752],[-83.83519,37.6777],[-83.83541,37.67788],[-83.83562,37.67807],[-83.83562,37.67825],[-83.83584,37.67843],[-83.83583,37.67861],[-83.83605,37.6788],[-83.83604,37.67898],[-83.83626,37.67917],[-83.83648,37.67935],[-83.8367,37.67936],[-83.83694,37.67918],[-83.83716,37.67919],[-83.83738,37.67938],[-83.8376,37.67956],[-83.83784,37.67939],[-83.83806,37.67939],[-83.83829,37.6794],[-83.83852,37.67923],[-83.83875,37.67923],[-83.83898,37.67924],[-83.8392,37.67925],[-83.83943,37.67925],[-83.83966,37.67926],[-83.83988,37.67926],[-83.8401,37.67945],[-83.84033,37.67946],[-83.84055,37.67946],[-83.84078,37.67947],[-83.84101,37.67947],[-83.84123,37.67948],[-83.84146,37.67949],[-83.84169,37.67949],[-83.84191,37.6795],[-83.84214,37.6795],[-83.84237,37.67951],[-83.84259,37.67952],[-83.84282,37.67952],[-83.84304,37.67953],[-83.84327,37.67953],[-83.8435,37.67954],[-83.84372,37.67955],[-83.84395,37.67955],[-83.84418,37.67938],[-83.84442,37.6792],[-83.8442,37.67902],[-83.84421,37.67884],[-83.84444,37.67866],[-83.84467,37.67867],[-83.8449,37.6785]]},"properties":{"rank":51,"priority":"MODERATE TARGET","kind":"primary"}},{"type":"Feature","geometry":{"type":"LineString","coordinates":[[-83.8449,37.6785],[-83.84514,37.67832],[-83.84514,37.67814],[-83.84537,37.67815],[-83.8456,37.67798],[-83.84583,37.67798],[-83.84606,37.67799],[-83.84629,37.67781],[-83.84652,37.67782],[-83.84674,37.67783],[-83.84698,37.67765],[-83.8472,37.67784],[-83.84742,37.67802],[-83.84764,37.67803],[-83.84788,37.67786],[-83.84811,37.67768],[-83.84834,37.67769],[-83.84856,37.67769],[-83.8488,37.67752],[-83.84881,37.67734],[-83.84904,37.67717],[-83.84927,37.67717],[-83.84949,37.67718],[-83.84972,37.67718],[-83.84995,37.67719],[-83.85017,37.6772],[-83.8504,37.6772],[-83.85062,37.67721],[-83.85086,37.67703],[-83.85109,37.67704],[-83.85132,37.67687],[-83.85155,37.67687],[-83.85178,37.6767],[-83.85201,37.67652],[-83.85224,37.67653],[-83.85247,37.67654],[-83.8527,37.67636],[-83.85293,37.67637],[-83.85316,37.6762],[-83.8534,37.67602],[-83.85363,37.67585],[-83.85386,37.67585],[-83.85408,37.67586],[-83.85431,37.67587],[-83.85454,37.67587],[-83.85477,37.6757],[-83.855,37.6757],[-83.85522,37.67571],[-83.85546,37.67554],[-83.85568,37.67554],[-83.85591,37.67555],[-83.85614,37.67537],[-83.85637,37.67538],[-83.8566,37.67539],[-83.85683,37.67521],[-83.85684,37.67503],[-83.85706,37.67504],[-83.85728,37.67522],[-83.85751,37.67523],[-83.85773,37.67542],[-83.85796,37.67542],[-83.85818,37.67543],[-83.85841,37.67543],[-83.85863,37.67544],[-83.85886,37.67545],[-83.85909,37.67545],[-83.85931,37.67546],[-83.85954,37.67546],[-83.85977,37.67547],[-83.86,37.6753],[-83.86023,37.6753],[-83.86046,37.67513],[-83.86069,37.67513],[-83.86092,37.67496],[-83.86116,37.67479],[-83.86138,37.67479],[-83.86162,37.67462],[-83.86184,37.6748]]},"properties":{"rank":51,"priority":"MODERATE TARGET","kind":"extended"}},{"type":"Feature","geometry":{"type":"LineString","coordinates":[[-84.1709,37.5259],[-84.17106,37.52603],[-84.17128,37.52621],[-84.1715,37.5264]]},"properties":{"rank":52,"priority":"MODERATE TARGET","kind":"source"}},{"type":"Feature","geometry":{"type":"LineString","coordinates":[[-84.1709,37.5259],[-84.17106,37.52603],[-84.17128,37.52621],[-84.1715,37.5264],[-84.17172,37.52659],[-84.17171,37.52677],[-84.1717,37.52695],[-84.1717,37.52713],[-84.17146,37.5273],[-84.17123,37.52747],[-84.171,37.52765],[-84.17076,37.52782],[-84.17076,37.528],[-84.17075,37.52818],[-84.17052,37.52836],[-84.17051,37.52854],[-84.1705,37.52872],[-84.17027,37.52889],[-84.17004,37.52907],[-84.16981,37.52924],[-84.1698,37.52942],[-84.16957,37.5296],[-84.16933,37.52977],[-84.16933,37.52995],[-84.16932,37.53013],[-84.16954,37.53032],[-84.16931,37.53049],[-84.16907,37.53067],[-84.16907,37.53085],[-84.16906,37.53103],[-84.16883,37.5312],[-84.16905,37.53139],[-84.16904,37.53157],[-84.16881,37.53174],[-84.16857,37.53192],[-84.16857,37.5321],[-84.16856,37.53228],[-84.16833,37.53245],[-84.16832,37.53263],[-84.16809,37.53281],[-84.16786,37.5328],[-84.16763,37.53279],[-84.1674,37.53297],[-84.16717,37.53314],[-84.16694,37.53332],[-84.16671,37.53331],[-84.16648,37.53331],[-84.16625,37.53348],[-84.16602,37.53366],[-84.16579,37.53365],[-84.16556,37.53383]]},"properties":{"rank":52,"priority":"MODERATE TARGET","kind":"primary"}},{"type":"Feature","geometry":{"type":"LineString","coordinates":[[-84.16556,37.53383],[-84.16555,37.53401],[-84.16533,37.534],[-84.16509,37.53418],[-84.16509,37.53436],[-84.16485,37.53453],[-84.16485,37.53471],[-84.16484,37.53489],[-84.16483,37.53507],[-84.16483,37.53525],[-84.16482,37.53543],[-84.16481,37.53561],[-84.16458,37.53578],[-84.1648,37.53597],[-84.16502,37.53598],[-84.16524,37.53616],[-84.16547,37.53617],[-84.1657,37.53617],[-84.16592,37.53636],[-84.16591,37.53654],[-84.16613,37.53672],[-84.16612,37.5369],[-84.16634,37.53709],[-84.16657,37.53709],[-84.16679,37.5371],[-84.16701,37.53729],[-84.16723,37.53747],[-84.16745,37.53766],[-84.16767,37.53784],[-84.16789,37.53803],[-84.16811,37.53821],[-84.16833,37.5384],[-84.16855,37.5384],[-84.16878,37.53841],[-84.169,37.53859],[-84.16923,37.5386],[-84.16945,37.53861],[-84.16968,37.53861],[-84.1699,37.53862],[-84.17013,37.53862],[-84.17036,37.53863],[-84.17057,37.53881],[-84.1708,37.53882],[-84.17102,37.539],[-84.17125,37.53901],[-84.17147,37.53919],[-84.17169,37.5392],[-84.17192,37.5392],[-84.17214,37.53921],[-84.17236,37.5394],[-84.17259,37.5394],[-84.17282,37.53941],[-84.17303,37.53959],[-84.17326,37.5396],[-84.17348,37.53978],[-84.17371,37.53979],[-84.17393,37.53979],[-84.17416,37.5398],[-84.17438,37.5398],[-84.17461,37.53981],[-84.17484,37.53982],[-84.17506,37.53982],[-84.17529,37.53983],[-84.17552,37.53983],[-84.17574,37.53984],[-84.17597,37.53966],[-84.1762,37.53967],[-84.17643,37.53967],[-84.17665,37.53968],[-84.17688,37.53968],[-84.1771,37.53987],[-84.17732,37.53988],[-84.17755,37.53988],[-84.17778,37.53989],[-84.178,37.54007],[-84.17822,37.54026],[-84.17844,37.54026],[-84.17867,37.54027],[-84.17889,37.54027],[-84.17911,37.54046],[-84.17934,37.54046],[-84.17957,37.54047],[-84.17979,37.54047],[-84.18001,37.54066],[-84.18,37.54084],[-84.18022,37.54103],[-84.18044,37.54121],[-84.18066,37.5414],[-84.18088,37.54158],[-84.1811,37.54177],[-84.18132,37.54195],[-84.18154,37.54214],[-84.18177,37.54214],[-84.18198,37.54233],[-84.1822,37.54251],[-84.18242,37.5427],[-84.18242,37.54288],[-84.18264,37.54307],[-84.18286,37.54325],[-84.18285,37.54343],[-84.18284,37.54361],[-84.18283,37.54379],[-84.18283,37.54397],[-84.18282,37.54415],[-84.18304,37.54434],[-84.18303,37.54452],[-84.18325,37.5447],[-84.18325,37.54488],[-84.18347,37.54507],[-84.18346,37.54525],[-84.18368,37.54543],[-84.1839,37.54562],[-84.18389,37.5458],[-84.18388,37.54598],[-84.18388,37.54616],[-84.18387,37.54634],[-84.18386,37.54652],[-84.18408,37.5467],[-84.18408,37.54688],[-84.1843,37.54707],[-84.18429,37.54725]]},"properties":{"rank":52,"priority":"MODERATE TARGET","kind":"extended"}},{"type":"Feature","geometry":{"type":"LineString","coordinates":[[-84.0335,37.5837],[-84.03368,37.58375],[-84.03391,37.58375],[-84.03413,37.58394],[-84.03436,37.58394],[-84.03457,37.58413],[-84.0348,37.58413]]},"properties":{"rank":53,"priority":"MODERATE TARGET","kind":"source"}},{"type":"Feature","geometry":{"type":"LineString","coordinates":[[-84.0335,37.5837],[-84.03368,37.58375],[-84.03391,37.58375],[-84.03413,37.58394],[-84.03436,37.58394],[-84.03457,37.58413],[-84.0348,37.58413],[-84.03502,37.58432],[-84.03524,37.58451],[-84.03547,37.58451],[-84.03568,37.5847],[-84.03591,37.5847],[-84.03614,37.58471],[-84.03636,37.58489],[-84.03658,37.5849],[-84.03681,37.58491],[-84.0368,37.58509],[-84.03702,37.58527],[-84.03724,37.58546],[-84.03723,37.58564],[-84.03723,37.58582],[-84.03744,37.586],[-84.03744,37.58618],[-84.03743,37.58636],[-84.03742,37.58654],[-84.03742,37.58672],[-84.03763,37.58691],[-84.03763,37.58709],[-84.03762,37.58727],[-84.03761,37.58745],[-84.03783,37.58763],[-84.03805,37.58782],[-84.03827,37.58801],[-84.0385,37.58801],[-84.03872,37.5882],[-84.03894,37.5882],[-84.03916,37.58839],[-84.03915,37.58857],[-84.03937,37.58875],[-84.03959,37.58894],[-84.03982,37.58895],[-84.04004,37.58913],[-84.04026,37.58932],[-84.04048,37.5895],[-84.04069,37.58969],[-84.04069,37.58987],[-84.04091,37.59005],[-84.04113,37.59006],[-84.04135,37.59025],[-84.04157,37.59043],[-84.04179,37.59062],[-84.04202,37.59062]]},"properties":{"rank":53,"priority":"MODERATE TARGET","kind":"primary"}},{"type":"Feature","geometry":{"type":"LineString","coordinates":[[-84.04202,37.59062],[-84.04224,37.59081],[-84.04246,37.59081],[-84.04268,37.591],[-84.0429,37.59119],[-84.04312,37.59137],[-84.04334,37.59156],[-84.04356,37.59174],[-84.04378,37.59193],[-84.044,37.59211],[-84.04422,37.59212],[-84.04421,37.5923],[-84.04443,37.59249],[-84.04466,37.59249],[-84.04488,37.59268],[-84.04487,37.59286]]},"properties":{"rank":53,"priority":"MODERATE TARGET","kind":"extended"}},{"type":"Feature","geometry":{"type":"LineString","coordinates":[[-83.8079,37.7157],[-83.80794,37.7157],[-83.80794,37.71552],[-83.80795,37.71534],[-83.80796,37.71516],[-83.80774,37.71498],[-83.80775,37.7148],[-83.80776,37.71462],[-83.80754,37.71443],[-83.80755,37.71425],[-83.80755,37.71407],[-83.80733,37.71388]]},"properties":{"rank":54,"priority":"MODERATE TARGET","kind":"source"}},{"type":"Feature","geometry":{"type":"LineString","coordinates":[[-83.8079,37.7157],[-83.80794,37.7157],[-83.80794,37.71552],[-83.80795,37.71534],[-83.80796,37.71516],[-83.80774,37.71498],[-83.80775,37.7148],[-83.80776,37.71462],[-83.80754,37.71443],[-83.80755,37.71425],[-83.80755,37.71407],[-83.80733,37.71388],[-83.80734,37.7137],[-83.80735,37.71352],[-83.80736,37.71334],[-83.80737,37.71316],[-83.80737,37.71298],[-83.80715,37.7128],[-83.80694,37.71261],[-83.80672,37.71243],[-83.8065,37.71224],[-83.80651,37.71206],[-83.80651,37.71188],[-83.80629,37.71169],[-83.8063,37.71151],[-83.80608,37.71133],[-83.80586,37.71114],[-83.8061,37.71097],[-83.80633,37.71079],[-83.80657,37.71062],[-83.80658,37.71044],[-83.80658,37.71026],[-83.80682,37.71009],[-83.80683,37.70991],[-83.80683,37.70973],[-83.80684,37.70955],[-83.80685,37.70937],[-83.80708,37.70919],[-83.80709,37.70901],[-83.80732,37.70884],[-83.80733,37.70866],[-83.80734,37.70848],[-83.80757,37.70831],[-83.80781,37.70813],[-83.80782,37.70795],[-83.80805,37.70778],[-83.80828,37.7076],[-83.80829,37.70742],[-83.8083,37.70724],[-83.80853,37.70707],[-83.80854,37.70689],[-83.80855,37.70671],[-83.80878,37.70654]]},"properties":{"rank":54,"priority":"MODERATE TARGET","kind":"primary"}},{"type":"Feature","geometry":{"type":"LineString","coordinates":[[-83.80878,37.70654],[-83.80902,37.70636],[-83.80903,37.70618],[-83.80926,37.70601],[-83.80927,37.70583],[-83.8095,37.70565],[-83.80974,37.70548],[-83.80997,37.70531],[-83.81021,37.70513],[-83.81044,37.70496],[-83.81067,37.70479],[-83.81091,37.70461],[-83.81114,37.70444],[-83.81138,37.70426],[-83.8116,37.70427],[-83.81183,37.70428],[-83.81206,37.7041],[-83.8123,37.70393],[-83.81252,37.70393],[-83.81276,37.70376],[-83.81299,37.70377],[-83.81322,37.70359],[-83.81345,37.70342],[-83.81369,37.70324],[-83.8137,37.70306],[-83.8137,37.70288],[-83.81371,37.7027],[-83.81395,37.70253],[-83.81395,37.70235],[-83.81373,37.70216],[-83.81397,37.70199],[-83.81398,37.70181],[-83.81398,37.70163],[-83.81399,37.70145],[-83.814,37.70127],[-83.81401,37.70109],[-83.81402,37.70091],[-83.81402,37.70073],[-83.81403,37.70055],[-83.81404,37.70037],[-83.81382,37.70019],[-83.81383,37.70001],[-83.81361,37.69982],[-83.81362,37.69964],[-83.81362,37.69946],[-83.81363,37.69928],[-83.81341,37.69909],[-83.81342,37.69891],[-83.81343,37.69873],[-83.81344,37.69855],[-83.81322,37.69837],[-83.81322,37.69819],[-83.81301,37.698],[-83.81301,37.69782],[-83.81302,37.69764],[-83.81303,37.69746],[-83.81304,37.69728],[-83.81304,37.6971],[-83.81283,37.69691],[-83.81283,37.69673],[-83.81307,37.69656],[-83.81308,37.69638],[-83.81308,37.6962],[-83.81332,37.69603],[-83.81355,37.69585],[-83.81379,37.69568],[-83.81401,37.69569],[-83.81425,37.69551],[-83.81448,37.69534],[-83.81471,37.69534],[-83.81471,37.69516],[-83.81495,37.69499],[-83.81496,37.69481],[-83.81496,37.69463],[-83.8152,37.69446],[-83.81543,37.69428],[-83.81544,37.6941],[-83.81545,37.69392],[-83.81523,37.69374],[-83.81524,37.69356],[-83.81524,37.69338],[-83.81525,37.6932],[-83.81526,37.69302],[-83.81527,37.69284],[-83.81528,37.69266],[-83.81528,37.69248],[-83.81529,37.6923],[-83.8153,37.69212],[-83.81553,37.69194],[-83.81554,37.69176],[-83.81555,37.69158],[-83.81556,37.6914],[-83.81534,37.69122],[-83.81535,37.69104],[-83.81535,37.69086],[-83.81559,37.69068],[-83.81559,37.6905],[-83.8156,37.69032],[-83.81561,37.69014],[-83.81539,37.68996],[-83.81516,37.68995],[-83.81495,37.68976],[-83.81473,37.68958],[-83.81451,37.68939],[-83.81429,37.68921],[-83.81406,37.6892],[-83.81384,37.68901],[-83.81363,37.68883],[-83.8134,37.68882],[-83.81318,37.68864],[-83.81319,37.68846],[-83.81297,37.68827],[-83.81274,37.68826],[-83.81252,37.68808],[-83.81231,37.68789],[-83.81208,37.68788],[-83.81186,37.6877],[-83.81187,37.68752],[-83.81188,37.68734],[-83.81211,37.68716]]},"properties":{"rank":54,"priority":"MODERATE TARGET","kind":"extended"}},{"type":"Feature","geometry":{"type":"LineString","coordinates":[[-83.838,37.7086],[-83.83819,37.70841],[-83.83842,37.70842],[-83.83864,37.70842],[-83.83888,37.70825]]},"properties":{"rank":55,"priority":"MODERATE TARGET","kind":"source"}},{"type":"Feature","geometry":{"type":"LineString","coordinates":[[-83.838,37.7086],[-83.83819,37.70841],[-83.83842,37.70842],[-83.83864,37.70842],[-83.83888,37.70825],[-83.83911,37.70807],[-83.83934,37.70808],[-83.83956,37.70827],[-83.83978,37.70827],[-83.84,37.70846],[-83.84022,37.70864],[-83.84045,37.70865],[-83.84067,37.70884],[-83.84089,37.70902],[-83.84088,37.7092],[-83.8411,37.70939],[-83.84132,37.70958],[-83.84153,37.70976],[-83.84176,37.70977],[-83.84199,37.70977],[-83.84222,37.7096],[-83.84245,37.70961],[-83.84268,37.70943],[-83.84291,37.70944],[-83.84313,37.70962],[-83.84336,37.70945],[-83.84359,37.70946],[-83.84382,37.70928],[-83.84405,37.70929],[-83.84428,37.70929],[-83.8445,37.7093],[-83.84474,37.70913],[-83.84474,37.70895],[-83.84498,37.70877],[-83.84521,37.70878],[-83.84543,37.70878],[-83.84566,37.70879],[-83.84588,37.70898],[-83.8461,37.70898],[-83.84634,37.70881],[-83.84656,37.70881],[-83.8468,37.70864],[-83.84703,37.70847],[-83.84726,37.70847],[-83.84749,37.7083],[-83.84772,37.70831],[-83.84795,37.70813],[-83.84819,37.70796],[-83.84842,37.70778],[-83.84865,37.70779],[-83.84888,37.70762],[-83.84912,37.70744]]},"properties":{"rank":55,"priority":"MODERATE TARGET","kind":"primary"}},{"type":"Feature","geometry":{"type":"LineString","coordinates":[[-83.84912,37.70744],[-83.84934,37.70745],[-83.84958,37.70727],[-83.84981,37.70728],[-83.85004,37.70711],[-83.85005,37.70693],[-83.85028,37.70675],[-83.85051,37.70676],[-83.85073,37.70676],[-83.85096,37.70677],[-83.85119,37.70678],[-83.85141,37.70678],[-83.85165,37.70661],[-83.85187,37.70661],[-83.8521,37.70662],[-83.85233,37.70663],[-83.85256,37.70645],[-83.85279,37.70646],[-83.85301,37.70646],[-83.85324,37.70647],[-83.85347,37.70648],[-83.8537,37.7063],[-83.85393,37.70631],[-83.85415,37.70649],[-83.85437,37.7065],[-83.8546,37.70651],[-83.85483,37.70633],[-83.85506,37.70634],[-83.8553,37.70617],[-83.85552,37.70617],[-83.85575,37.70618],[-83.85598,37.70618],[-83.8562,37.70619],[-83.85621,37.70601],[-83.85644,37.70584],[-83.85668,37.70566],[-83.8569,37.70567],[-83.85714,37.70549],[-83.85737,37.70532],[-83.85738,37.70514],[-83.85716,37.70495],[-83.85717,37.70477],[-83.85718,37.70459],[-83.85718,37.70441],[-83.85719,37.70423],[-83.8572,37.70405],[-83.85743,37.70388],[-83.85744,37.7037],[-83.85768,37.70353],[-83.85791,37.70335],[-83.85814,37.70318],[-83.85838,37.703],[-83.85839,37.70282],[-83.85839,37.70264],[-83.8584,37.70246],[-83.85863,37.70229],[-83.85887,37.70212],[-83.85888,37.70194],[-83.85888,37.70176],[-83.85889,37.70158],[-83.8589,37.7014],[-83.85868,37.70121],[-83.85869,37.70103],[-83.85847,37.70084],[-83.85825,37.70066],[-83.85826,37.70048],[-83.85804,37.70029],[-83.85805,37.70011],[-83.85783,37.69993],[-83.85761,37.69974],[-83.85762,37.69956],[-83.85762,37.69938],[-83.85786,37.69921],[-83.85809,37.69903],[-83.8581,37.69885],[-83.85811,37.69867],[-83.85811,37.69849],[-83.8579,37.69831],[-83.8579,37.69813],[-83.85791,37.69795],[-83.85792,37.69777],[-83.85793,37.69759],[-83.85816,37.69741],[-83.85817,37.69723],[-83.85818,37.69705],[-83.85818,37.69687],[-83.85819,37.69669],[-83.8582,37.69651],[-83.85821,37.69633],[-83.85844,37.69616],[-83.85845,37.69598],[-83.85846,37.6958],[-83.85846,37.69562],[-83.8587,37.69544],[-83.8587,37.69526],[-83.85894,37.69509],[-83.85917,37.6951],[-83.85939,37.6951],[-83.85961,37.69529],[-83.85984,37.69529],[-83.86007,37.69512],[-83.86031,37.69495],[-83.86054,37.69477],[-83.86055,37.69459],[-83.86055,37.69441],[-83.86056,37.69423],[-83.86057,37.69405],[-83.86058,37.69387],[-83.86036,37.69369],[-83.86037,37.69351],[-83.86015,37.69332],[-83.85993,37.69313],[-83.8597,37.69313],[-83.85948,37.69294],[-83.85926,37.69276],[-83.85905,37.69257],[-83.85883,37.69238],[-83.85883,37.6922],[-83.85861,37.69202],[-83.8584,37.69183],[-83.85818,37.69165]]},"properties":{"rank":55,"priority":"MODERATE TARGET","kind":"extended"}},{"type":"Feature","geometry":{"type":"LineString","coordinates":[[-84.0584,37.5669],[-84.05858,37.56689],[-84.0588,37.5669],[-84.05902,37.56708],[-84.05924,37.56727]]},"properties":{"rank":56,"priority":"MODERATE TARGET","kind":"source"}},{"type":"Feature","geometry":{"type":"LineString","coordinates":[[-84.0584,37.5669],[-84.05858,37.56689],[-84.0588,37.5669],[-84.05902,37.56708],[-84.05924,37.56727],[-84.05946,37.56745],[-84.05968,37.56764],[-84.0599,37.56782],[-84.06012,37.56801],[-84.06034,37.56819],[-84.06056,37.5682],[-84.06078,37.56839],[-84.061,37.56857],[-84.06122,37.56876],[-84.06145,37.56876],[-84.06167,37.56895],[-84.06189,37.56895],[-84.06211,37.56914],[-84.06233,37.56933],[-84.06255,37.56951],[-84.06277,37.5697],[-84.06299,37.5697],[-84.06321,37.56989],[-84.06321,37.57007],[-84.0632,37.57025],[-84.06319,37.57043],[-84.06319,37.57061],[-84.06318,37.57079],[-84.0634,37.57097],[-84.06362,37.57116],[-84.06361,37.57134],[-84.06383,37.57153],[-84.0636,37.5717],[-84.06359,37.57188],[-84.06336,37.57205],[-84.06335,37.57223],[-84.06334,37.57241],[-84.06333,37.57259],[-84.06333,37.57277],[-84.06355,37.57296],[-84.06354,37.57314],[-84.06353,37.57332],[-84.06352,37.5735],[-84.06329,37.57367],[-84.06328,37.57385],[-84.06328,37.57403],[-84.06327,37.57421],[-84.06304,37.57439],[-84.06303,37.57457],[-84.06302,37.57475],[-84.06302,37.57493],[-84.06301,37.57511],[-84.063,37.57529]]},"properties":{"rank":56,"priority":"MODERATE TARGET","kind":"primary"}},{"type":"Feature","geometry":{"type":"LineString","coordinates":[[-84.063,37.57529],[-84.06299,37.57547],[-84.06299,37.57565],[-84.06298,37.57583],[-84.06297,37.57601],[-84.06297,37.57619],[-84.06296,37.57637],[-84.06295,37.57655],[-84.06295,37.57673],[-84.06294,37.57691],[-84.06293,37.57709],[-84.06292,37.57727],[-84.06292,37.57745],[-84.06291,37.57763],[-84.0629,37.57781],[-84.0629,37.57799],[-84.06289,37.57817],[-84.06288,37.57835],[-84.06287,37.57853],[-84.06264,37.5787],[-84.06263,37.57888],[-84.0624,37.57906],[-84.06239,37.57924],[-84.06239,37.57942],[-84.06238,37.5796],[-84.06237,37.57978],[-84.06237,37.57996],[-84.06236,37.58014],[-84.06212,37.58031],[-84.06212,37.58049],[-84.06188,37.58067],[-84.06188,37.58085],[-84.06164,37.58102],[-84.06164,37.5812],[-84.06163,37.58138],[-84.06162,37.58156],[-84.06139,37.58174],[-84.06138,37.58192],[-84.0616,37.5821],[-84.06159,37.58228],[-84.06182,37.58229],[-84.06205,37.58211],[-84.06227,37.5823],[-84.06249,37.58249],[-84.06249,37.58267],[-84.06248,37.58285],[-84.06247,37.58303],[-84.06246,37.58321],[-84.06268,37.58339],[-84.0629,37.58358],[-84.06312,37.58376],[-84.06311,37.58394],[-84.06333,37.58413],[-84.06355,37.58431],[-84.06355,37.58449],[-84.06376,37.58468],[-84.06399,37.58468],[-84.06421,37.58487],[-84.06443,37.58506],[-84.06466,37.58506],[-84.06487,37.58525],[-84.06487,37.58543],[-84.06486,37.58561],[-84.06485,37.58579],[-84.06485,37.58597],[-84.06484,37.58615],[-84.06483,37.58633],[-84.06483,37.58651],[-84.06482,37.58669],[-84.06481,37.58687],[-84.0648,37.58705],[-84.06457,37.58722],[-84.06456,37.5874],[-84.06433,37.58758],[-84.0641,37.58775],[-84.06409,37.58793],[-84.06408,37.58811],[-84.0643,37.5883],[-84.06429,37.58848],[-84.06429,37.58866],[-84.06451,37.58884],[-84.0645,37.58902],[-84.06472,37.58921],[-84.06471,37.58939],[-84.06493,37.58957],[-84.06492,37.58975],[-84.06492,37.58993],[-84.06514,37.59012]]},"properties":{"rank":56,"priority":"MODERATE TARGET","kind":"extended"}},{"type":"Feature","geometry":{"type":"LineString","coordinates":[[-83.8634,37.5916],[-83.86352,37.5916],[-83.86374,37.59178],[-83.86397,37.59179],[-83.8642,37.5918],[-83.86442,37.5918],[-83.86465,37.59181],[-83.86487,37.59181],[-83.8651,37.59182],[-83.86533,37.59183],[-83.86555,37.59183],[-83.86578,37.59184]]},"properties":{"rank":57,"priority":"MODERATE TARGET","kind":"source"}},{"type":"Feature","geometry":{"type":"LineString","coordinates":[[-83.8634,37.5916],[-83.86352,37.5916],[-83.86374,37.59178],[-83.86397,37.59179],[-83.8642,37.5918],[-83.86442,37.5918],[-83.86465,37.59181],[-83.86487,37.59181],[-83.8651,37.59182],[-83.86533,37.59183],[-83.86555,37.59183],[-83.86578,37.59184],[-83.86601,37.59184],[-83.86622,37.59203],[-83.86645,37.59204],[-83.86668,37.59204],[-83.8669,37.59205],[-83.86713,37.59205],[-83.86735,37.59224],[-83.86757,37.59225],[-83.8678,37.59225],[-83.86803,37.59226],[-83.86825,37.59226],[-83.86848,37.59227],[-83.8687,37.59228],[-83.8687,37.59246],[-83.86869,37.59264],[-83.86868,37.59282],[-83.86867,37.593],[-83.86867,37.59318],[-83.86866,37.59336],[-83.86865,37.59354],[-83.86864,37.59372],[-83.86864,37.5939],[-83.86886,37.59408],[-83.86907,37.59427],[-83.86907,37.59445],[-83.86928,37.59463],[-83.86928,37.59481],[-83.86927,37.59499],[-83.86904,37.59517],[-83.8688,37.59534],[-83.86857,37.59552],[-83.86856,37.5957],[-83.86855,37.59588],[-83.86855,37.59606],[-83.86831,37.59623],[-83.8683,37.59641],[-83.8683,37.59659],[-83.86806,37.59676],[-83.86784,37.59676],[-83.8676,37.59693],[-83.86737,37.59711],[-83.86714,37.59728],[-83.86691,37.59727],[-83.86668,37.59727],[-83.86645,37.59744]]},"properties":{"rank":57,"priority":"MODERATE TARGET","kind":"primary"}},{"type":"Feature","geometry":{"type":"LineString","coordinates":[[-83.86645,37.59744],[-83.86622,37.59744],[-83.86599,37.59761],[-83.86576,37.5976],[-83.86553,37.59778],[-83.8653,37.59777],[-83.86508,37.59777],[-83.86485,37.59776],[-83.86462,37.59793],[-83.86439,37.59793],[-83.86416,37.5981],[-83.86393,37.5981],[-83.8637,37.59827],[-83.86347,37.59826],[-83.86324,37.59844],[-83.86301,37.59843],[-83.86278,37.59861],[-83.86254,37.59878],[-83.86231,37.59895],[-83.86253,37.59914],[-83.86252,37.59932],[-83.86274,37.59951],[-83.86251,37.59968],[-83.8625,37.59986],[-83.86226,37.60003],[-83.86226,37.60021],[-83.86202,37.60039],[-83.86202,37.60057],[-83.86201,37.60075],[-83.86177,37.60092],[-83.86177,37.6011],[-83.86176,37.60128],[-83.86175,37.60146],[-83.86152,37.60164],[-83.86129,37.60163],[-83.86106,37.6018],[-83.86084,37.60162],[-83.86085,37.60144],[-83.86085,37.60126],[-83.86063,37.60107],[-83.86042,37.60088],[-83.86018,37.60106],[-83.85995,37.60123],[-83.85971,37.60141],[-83.85948,37.60158],[-83.85925,37.60157],[-83.85903,37.60157],[-83.85879,37.60174],[-83.85857,37.60174],[-83.85834,37.60173],[-83.85812,37.60172],[-83.85788,37.6019],[-83.85766,37.60189],[-83.85742,37.60207],[-83.8572,37.60206],[-83.85697,37.60205],[-83.85674,37.60205],[-83.85651,37.60222],[-83.85628,37.60222],[-83.85606,37.60221],[-83.85582,37.60238],[-83.85559,37.60256],[-83.85536,37.60273],[-83.85535,37.60291],[-83.85511,37.60309],[-83.85511,37.60327],[-83.8551,37.60345],[-83.85487,37.60362],[-83.85463,37.60379],[-83.85441,37.60379],[-83.85417,37.60396],[-83.85416,37.60414],[-83.85393,37.60432],[-83.8537,37.60431],[-83.85347,37.60448],[-83.85346,37.60466],[-83.85323,37.60484],[-83.85322,37.60502],[-83.85321,37.6052],[-83.85321,37.60538],[-83.85342,37.60556],[-83.85364,37.60575],[-83.85386,37.60594],[-83.85408,37.60612],[-83.8543,37.60631],[-83.85452,37.60649],[-83.85474,37.60668],[-83.85473,37.60686],[-83.85495,37.60705],[-83.85494,37.60723],[-83.85493,37.60741],[-83.85492,37.60759],[-83.85492,37.60777],[-83.85514,37.60795],[-83.85513,37.60813],[-83.85512,37.60831],[-83.85511,37.60849],[-83.85488,37.60867],[-83.85465,37.60884],[-83.85441,37.60901],[-83.85418,37.60919],[-83.85417,37.60937],[-83.85439,37.60955],[-83.85461,37.60956],[-83.85484,37.60957],[-83.85508,37.60939],[-83.8553,37.6094],[-83.85554,37.60922],[-83.85576,37.60923],[-83.85599,37.60924],[-83.85622,37.60906],[-83.85623,37.60888],[-83.85624,37.6087],[-83.85647,37.60853],[-83.8567,37.60853],[-83.85692,37.60872],[-83.85714,37.60873]]},"properties":{"rank":57,"priority":"MODERATE TARGET","kind":"extended"}},{"type":"Feature","geometry":{"type":"LineString","coordinates":[[-84.2664,37.5003],[-84.26659,37.50017],[-84.26682,37.49999],[-84.26705,37.5],[-84.26728,37.49982]]},"properties":{"rank":58,"priority":"MODERATE TARGET","kind":"source"}},{"type":"Feature","geometry":{"type":"LineString","coordinates":[[-84.2664,37.5003],[-84.26659,37.50017],[-84.26682,37.49999],[-84.26705,37.5],[-84.26728,37.49982],[-84.26751,37.49965],[-84.26752,37.49947],[-84.26775,37.49929],[-84.26776,37.49911],[-84.26776,37.49893],[-84.26777,37.49875],[-84.26778,37.49857],[-84.26778,37.49839],[-84.26779,37.49821],[-84.26802,37.49804],[-84.26803,37.49786],[-84.26803,37.49768],[-84.26804,37.4975],[-84.26805,37.49732],[-84.26783,37.49713],[-84.26784,37.49695],[-84.26784,37.49677],[-84.26762,37.49659],[-84.26763,37.49641],[-84.26764,37.49623],[-84.26741,37.49622],[-84.26719,37.49603],[-84.26696,37.49603],[-84.26674,37.49602],[-84.26651,37.49602],[-84.26629,37.49583],[-84.26607,37.49583],[-84.26585,37.49564],[-84.26563,37.49546],[-84.2654,37.49545],[-84.26518,37.49545],[-84.26496,37.49526],[-84.26474,37.49508],[-84.26451,37.49507],[-84.26429,37.49489],[-84.26407,37.49488],[-84.26385,37.4947],[-84.26362,37.49469],[-84.2634,37.49451],[-84.26318,37.49432],[-84.26296,37.49413],[-84.26274,37.49395],[-84.26252,37.49394],[-84.2623,37.49376],[-84.26208,37.49357],[-84.26186,37.49339],[-84.26163,37.49338],[-84.26141,37.4932]]},"properties":{"rank":58,"priority":"MODERATE TARGET","kind":"primary"}},{"type":"Feature","geometry":{"type":"LineString","coordinates":[[-84.26141,37.4932],[-84.26119,37.49301],[-84.26097,37.49301],[-84.26074,37.493],[-84.26052,37.493],[-84.26029,37.49299],[-84.26007,37.49281],[-84.25984,37.4928],[-84.25962,37.4928],[-84.2594,37.49261],[-84.25941,37.49243],[-84.25941,37.49225],[-84.25942,37.49207],[-84.25965,37.4919],[-84.25966,37.49172],[-84.25966,37.49153],[-84.25967,37.49135],[-84.25968,37.49117],[-84.25946,37.49099],[-84.25946,37.49081],[-84.25924,37.49062],[-84.25925,37.49044],[-84.25903,37.49026],[-84.25881,37.49007],[-84.25859,37.48989],[-84.2586,37.48971],[-84.25838,37.48952],[-84.25839,37.48934],[-84.25817,37.48916],[-84.25817,37.48898],[-84.25795,37.48879],[-84.25774,37.48861],[-84.25752,37.48842],[-84.25752,37.48824],[-84.2573,37.48806],[-84.25731,37.48788],[-84.25709,37.48769],[-84.25687,37.48751],[-84.25688,37.48733],[-84.25666,37.48714],[-84.25644,37.48695],[-84.25622,37.48677],[-84.25599,37.48676],[-84.25577,37.48658],[-84.25555,37.48639],[-84.25534,37.48621],[-84.25534,37.48603],[-84.25535,37.48585],[-84.25536,37.48567],[-84.25536,37.48549],[-84.25559,37.48531],[-84.25583,37.48514],[-84.25606,37.48496],[-84.25629,37.48479],[-84.25652,37.48461],[-84.25653,37.48443],[-84.25676,37.48426],[-84.257,37.48408],[-84.25723,37.48391],[-84.25746,37.48373],[-84.25769,37.48356],[-84.2577,37.48338],[-84.25793,37.4832],[-84.25794,37.48302],[-84.25795,37.48284],[-84.25795,37.48266],[-84.25796,37.48248],[-84.25797,37.4823],[-84.25797,37.48212],[-84.25798,37.48194],[-84.25821,37.48177],[-84.25822,37.48159],[-84.25822,37.48141],[-84.25823,37.48123],[-84.25824,37.48105],[-84.25824,37.48087],[-84.25825,37.48069],[-84.25826,37.48051],[-84.25849,37.48033],[-84.25872,37.48016],[-84.25873,37.47998],[-84.25896,37.4798],[-84.25919,37.47981],[-84.25942,37.47963],[-84.2592,37.47945],[-84.25943,37.47927],[-84.25967,37.4791],[-84.2599,37.47893],[-84.25991,37.47874],[-84.26014,37.47857],[-84.26014,37.47839],[-84.26015,37.47821],[-84.26016,37.47803],[-84.26016,37.47785],[-84.2604,37.47768],[-84.26063,37.4775],[-84.26041,37.47731],[-84.26042,37.47713],[-84.2602,37.47695],[-84.26043,37.47677],[-84.26044,37.47659],[-84.26044,37.47641],[-84.26045,37.47623],[-84.26046,37.47605],[-84.26046,37.47587],[-84.26047,37.47569],[-84.26048,37.47551],[-84.26048,37.47533],[-84.26071,37.47516],[-84.26072,37.47498],[-84.26073,37.4748],[-84.26073,37.47462],[-84.26074,37.47444],[-84.26052,37.47425],[-84.2603,37.47425],[-84.26008,37.47406],[-84.25985,37.47406],[-84.25963,37.47387],[-84.25941,37.47387]]},"properties":{"rank":58,"priority":"MODERATE TARGET","kind":"extended"}},{"type":"Feature","geometry":{"type":"LineString","coordinates":[[-83.8078,37.6914],[-83.80807,37.69138],[-83.8083,37.69139],[-83.80853,37.69139],[-83.80875,37.6914],[-83.80898,37.6914],[-83.80921,37.69123],[-83.80945,37.69106],[-83.80968,37.69088]]},"properties":{"rank":59,"priority":"MODERATE TARGET","kind":"source"}},{"type":"Feature","geometry":{"type":"LineString","coordinates":[[-83.8078,37.6914],[-83.80807,37.69138],[-83.8083,37.69139],[-83.80853,37.69139],[-83.80875,37.6914],[-83.80898,37.6914],[-83.80921,37.69123],[-83.80945,37.69106],[-83.80968,37.69088],[-83.80992,37.69071],[-83.80992,37.69053],[-83.81016,37.69036],[-83.81039,37.69018],[-83.81062,37.69019],[-83.81063,37.69001],[-83.81086,37.68983],[-83.8111,37.68966],[-83.81133,37.68949],[-83.81156,37.68931],[-83.8118,37.68914],[-83.81203,37.68896],[-83.81227,37.68879],[-83.8125,37.68862],[-83.81274,37.68844],[-83.81274,37.68826],[-83.81252,37.68808],[-83.81231,37.68789],[-83.81208,37.68788],[-83.81186,37.6877],[-83.81187,37.68752],[-83.81188,37.68734],[-83.81211,37.68716],[-83.81212,37.68698],[-83.81213,37.6868],[-83.81213,37.68662],[-83.81214,37.68644],[-83.81191,37.68644],[-83.8117,37.68625],[-83.81193,37.68608],[-83.81171,37.68589],[-83.81148,37.68589],[-83.81127,37.6857],[-83.81104,37.68569],[-83.81082,37.68551],[-83.8106,37.68532],[-83.81038,37.68514],[-83.81016,37.68495],[-83.80995,37.68476],[-83.80973,37.68458],[-83.80951,37.68439]]},"properties":{"rank":59,"priority":"MODERATE TARGET","kind":"primary"}},{"type":"Feature","geometry":{"type":"LineString","coordinates":[[-83.80951,37.68439],[-83.80952,37.68421],[-83.80952,37.68403],[-83.8093,37.68385],[-83.80931,37.68367],[-83.80932,37.68349],[-83.80933,37.68331],[-83.80934,37.68313],[-83.80912,37.68294],[-83.80912,37.68276],[-83.80913,37.68258],[-83.80914,37.6824],[-83.80915,37.68222],[-83.80938,37.68205],[-83.80939,37.68187],[-83.8094,37.68169],[-83.8094,37.68151],[-83.80941,37.68133],[-83.80965,37.68115],[-83.80988,37.68098],[-83.80989,37.6808],[-83.8099,37.68062],[-83.8099,37.68044],[-83.81014,37.68026],[-83.81015,37.68008],[-83.81015,37.6799],[-83.81016,37.67972],[-83.8104,37.67955],[-83.8104,37.67937],[-83.81041,37.67919],[-83.81064,37.67902],[-83.81088,37.67884],[-83.81089,37.67866],[-83.81089,37.67848],[-83.8109,37.6783],[-83.81091,37.67812],[-83.81092,37.67794],[-83.81093,37.67776],[-83.81093,37.67758],[-83.81094,37.6774],[-83.81117,37.67723],[-83.81118,37.67705],[-83.81119,37.67687],[-83.81142,37.67669],[-83.81143,37.67651],[-83.81144,37.67633],[-83.81167,37.67616],[-83.81168,37.67598],[-83.81169,37.6758],[-83.8117,37.67562],[-83.8117,37.67544],[-83.81171,37.67526],[-83.81172,37.67508],[-83.8115,37.67489],[-83.81151,37.67471],[-83.81129,37.67453],[-83.81107,37.67434],[-83.81085,37.67434],[-83.81063,37.67415],[-83.8104,37.67414],[-83.81018,37.67396],[-83.80996,37.67395],[-83.80974,37.67377],[-83.8095,37.67394],[-83.80928,37.67375],[-83.80906,37.67357],[-83.80885,37.67338],[-83.80863,37.6732],[-83.8084,37.67319],[-83.80818,37.673],[-83.80796,37.67282],[-83.80774,37.67263],[-83.80775,37.67245],[-83.80776,37.67227],[-83.80754,37.67208],[-83.80755,37.6719],[-83.80733,37.67172],[-83.80734,37.67154],[-83.80735,37.67136],[-83.80758,37.67118],[-83.80759,37.671],[-83.8076,37.67082],[-83.8076,37.67064],[-83.80761,37.67046]]},"properties":{"rank":59,"priority":"MODERATE TARGET","kind":"extended"}},{"type":"Feature","geometry":{"type":"LineString","coordinates":[[-84.0103,37.6345],[-84.01013,37.63469],[-84.0099,37.63486],[-84.00966,37.63504]]},"properties":{"rank":60,"priority":"MODERATE TARGET","kind":"source"}},{"type":"Feature","geometry":{"type":"LineString","coordinates":[[-84.0103,37.6345],[-84.01013,37.63469],[-84.0099,37.63486],[-84.00966,37.63504],[-84.00943,37.63521],[-84.0092,37.63539],[-84.00896,37.63556],[-84.00874,37.63556],[-84.0085,37.63573],[-84.00828,37.63572],[-84.00805,37.63572],[-84.00782,37.63571],[-84.00759,37.63589],[-84.00736,37.63588],[-84.00715,37.6357],[-84.00692,37.63569],[-84.00669,37.63568],[-84.00647,37.6355],[-84.00625,37.63549],[-84.00603,37.63531],[-84.00581,37.63512],[-84.00559,37.63494],[-84.00537,37.63475],[-84.00515,37.63456],[-84.00516,37.63438],[-84.00494,37.6342],[-84.00472,37.63401],[-84.0045,37.63383],[-84.00428,37.63364],[-84.00406,37.63346],[-84.00384,37.63327],[-84.00385,37.63309],[-84.00363,37.6329],[-84.00341,37.63272],[-84.00342,37.63254],[-84.0032,37.63235],[-84.00298,37.63217],[-84.00276,37.63198],[-84.00254,37.63179],[-84.00255,37.63161],[-84.00233,37.63143],[-84.00234,37.63125],[-84.00212,37.63106],[-84.00213,37.63088],[-84.00191,37.6307],[-84.00192,37.63052],[-84.00192,37.63034],[-84.0017,37.63033],[-84.00148,37.63015],[-84.00148,37.62997]]},"properties":{"rank":60,"priority":"MODERATE TARGET","kind":"primary"}},{"type":"Feature","geometry":{"type":"LineString","coordinates":[[-84.00148,37.62997],[-84.00127,37.62978],[-84.00105,37.62959],[-84.00083,37.62941],[-84.00061,37.62922],[-84.00038,37.62922],[-84.00016,37.62903],[-83.99994,37.62903],[-83.99972,37.62884],[-83.99949,37.62883],[-83.99927,37.62865],[-83.99905,37.62846],[-83.99883,37.62828],[-83.99861,37.62827],[-83.99839,37.62809],[-83.99817,37.6279],[-83.99795,37.62771],[-83.99773,37.62753],[-83.99751,37.62734],[-83.99728,37.62734],[-83.99707,37.62715],[-83.99685,37.62696],[-83.99663,37.62678],[-83.99641,37.62659],[-83.99619,37.62641],[-83.99596,37.6264],[-83.99574,37.6264],[-83.99552,37.62621],[-83.99553,37.62603],[-83.99553,37.62585],[-83.99554,37.62567],[-83.99555,37.62549],[-83.99533,37.6253],[-83.99533,37.62512],[-83.99512,37.62494],[-83.99512,37.62476],[-83.99513,37.62458],[-83.99536,37.6244],[-83.99537,37.62422],[-83.99538,37.62404],[-83.99539,37.62386],[-83.99539,37.62368],[-83.9954,37.6235],[-83.99541,37.62332],[-83.99519,37.62314],[-83.9952,37.62296],[-83.9952,37.62278],[-83.99498,37.62259]]},"properties":{"rank":60,"priority":"MODERATE TARGET","kind":"extended"}},{"type":"Feature","geometry":{"type":"LineString","coordinates":[[-84.1166,37.5694],[-84.11643,37.56958],[-84.1162,37.56975],[-84.11596,37.56993],[-84.11573,37.5701]]},"properties":{"rank":61,"priority":"MODERATE TARGET","kind":"source"}},{"type":"Feature","geometry":{"type":"LineString","coordinates":[[-84.1166,37.5694],[-84.11643,37.56958],[-84.1162,37.56975],[-84.11596,37.56993],[-84.11573,37.5701],[-84.1155,37.57028],[-84.11527,37.57045],[-84.11503,37.57063],[-84.1148,37.5708],[-84.11479,37.57098],[-84.11479,37.57116],[-84.11478,37.57134],[-84.11477,37.57152],[-84.11476,37.5717],[-84.11476,37.57188],[-84.11475,37.57206],[-84.11452,37.57224],[-84.11451,37.57242],[-84.1145,37.5726],[-84.1145,37.57278],[-84.11449,37.57296],[-84.11426,37.57313],[-84.11425,37.57331],[-84.11424,37.57349],[-84.11401,37.57367],[-84.114,37.57385],[-84.11377,37.57402],[-84.11354,37.57419],[-84.1133,37.57437],[-84.11307,37.57454],[-84.11284,37.57454],[-84.11261,37.57471],[-84.11238,37.57489],[-84.11215,37.57488],[-84.11192,37.57506],[-84.11168,37.57523],[-84.11146,37.57522],[-84.11123,37.57522],[-84.11101,37.57521],[-84.11077,37.57539],[-84.11055,37.57538],[-84.11032,37.57538],[-84.11009,37.57537],[-84.10986,37.57555],[-84.10963,37.57572],[-84.1094,37.57571],[-84.10917,37.57589],[-84.10894,37.57606],[-84.1087,37.57624],[-84.10848,37.57623],[-84.10824,37.57641],[-84.10824,37.57659]]},"properties":{"rank":61,"priority":"MODERATE TARGET","kind":"primary"}},{"type":"Feature","geometry":{"type":"LineString","coordinates":[[-84.10824,37.57659],[-84.108,37.57676],[-84.108,37.57694],[-84.10799,37.57712],[-84.10798,37.5773],[-84.10797,37.57748],[-84.1082,37.57749],[-84.10842,37.57767],[-84.10864,37.57786],[-84.10886,37.57804],[-84.10885,37.57822],[-84.10907,37.57841],[-84.10929,37.5786],[-84.10928,37.57878],[-84.1095,37.57896],[-84.10972,37.57915],[-84.10994,37.57933],[-84.10993,37.57951],[-84.10993,37.57969],[-84.10992,37.57987],[-84.10991,37.58005],[-84.11013,37.58024],[-84.11013,37.58042],[-84.11012,37.5806],[-84.11011,37.58078],[-84.1101,37.58096],[-84.1101,37.58114],[-84.11009,37.58132],[-84.11008,37.5815],[-84.1103,37.58168],[-84.1103,37.58186],[-84.11052,37.58205],[-84.11051,37.58223],[-84.1105,37.58241],[-84.11072,37.5826],[-84.11094,37.58278],[-84.11116,37.58297],[-84.11138,37.58315],[-84.11137,37.58333],[-84.11159,37.58352],[-84.11181,37.5837],[-84.1118,37.58388],[-84.11202,37.58407],[-84.11224,37.58425],[-84.11246,37.58444],[-84.11245,37.58462],[-84.11245,37.5848],[-84.11244,37.58498],[-84.11221,37.58515],[-84.11243,37.58534],[-84.11219,37.58551],[-84.11219,37.58569],[-84.11195,37.58587],[-84.11173,37.58586],[-84.11149,37.58604],[-84.11149,37.58622],[-84.11125,37.58639],[-84.11103,37.58639],[-84.11079,37.58656],[-84.11057,37.58656],[-84.11034,37.58655],[-84.11011,37.58654],[-84.10988,37.58672],[-84.10966,37.58671],[-84.10942,37.58689],[-84.10919,37.58706],[-84.10896,37.58724],[-84.10872,37.58741],[-84.1085,37.58741],[-84.10826,37.58758],[-84.10826,37.58776],[-84.10803,37.58776]]},"properties":{"rank":61,"priority":"MODERATE TARGET","kind":"extended"}},{"type":"Feature","geometry":{"type":"LineString","coordinates":[[-84.0052,37.5618],[-84.00513,37.56176],[-84.00489,37.56193],[-84.00467,37.56193],[-84.00444,37.56192],[-84.00422,37.56192],[-84.00398,37.56209]]},"properties":{"rank":62,"priority":"MODERATE TARGET","kind":"source"}},{"type":"Feature","geometry":{"type":"LineString","coordinates":[[-84.0052,37.5618],[-84.00513,37.56176],[-84.00489,37.56193],[-84.00467,37.56193],[-84.00444,37.56192],[-84.00422,37.56192],[-84.00398,37.56209],[-84.00376,37.56209],[-84.00352,37.56226],[-84.0033,37.56225],[-84.00306,37.56243],[-84.00283,37.5626],[-84.00261,37.56242],[-84.00239,37.56241],[-84.00216,37.56241],[-84.00193,37.5624],[-84.00171,37.56221],[-84.0015,37.56203],[-84.00128,37.56184],[-84.00105,37.56184],[-84.00083,37.56165],[-84.0006,37.56165],[-84.00038,37.56164],[-84.00015,37.56163],[-83.99993,37.56163],[-83.9997,37.56162],[-83.99947,37.56162],[-83.99926,37.56143],[-83.99903,37.56142],[-83.9988,37.56142],[-83.99857,37.56159],[-83.99834,37.56159],[-83.99812,37.56158],[-83.99788,37.56176],[-83.99766,37.56175],[-83.99743,37.56174],[-83.99721,37.56174],[-83.99698,37.56173],[-83.99675,37.56173]]},"properties":{"rank":62,"priority":"MODERATE TARGET","kind":"primary"}},{"type":"Feature","geometry":{"type":"LineString","coordinates":[[-84.1289,37.5797],[-84.12895,37.57962],[-84.12896,37.57944],[-84.12919,37.57926],[-84.1292,37.57908]]},"properties":{"rank":63,"priority":"MODERATE TARGET","kind":"source"}},{"type":"Feature","geometry":{"type":"LineString","coordinates":[[-84.1289,37.5797],[-84.12895,37.57962],[-84.12896,37.57944],[-84.12919,37.57926],[-84.1292,37.57908],[-84.12943,37.57891],[-84.12944,37.57873],[-84.12967,37.57855],[-84.12968,37.57837],[-84.12968,37.57819],[-84.12992,37.57802],[-84.13015,37.57784],[-84.13038,37.57767],[-84.13062,37.57749],[-84.13084,37.5775],[-84.13107,37.57751],[-84.1313,37.57751],[-84.13152,37.57752],[-84.13175,37.57752],[-84.13197,37.57753],[-84.1322,37.57753],[-84.13242,37.57772],[-84.13265,37.57772],[-84.13287,37.57791],[-84.13309,37.57791],[-84.13331,37.5781],[-84.13353,37.57829],[-84.13376,37.57829],[-84.13398,37.5783],[-84.1342,37.57848],[-84.13443,37.57849],[-84.13465,37.57867],[-84.13487,37.57868],[-84.1351,37.57868],[-84.13533,37.57869],[-84.13555,37.57888],[-84.13577,37.57888],[-84.136,37.57889],[-84.13622,37.57907],[-84.13644,37.57908],[-84.13667,37.57908],[-84.13689,37.57927],[-84.13711,37.57945],[-84.1371,37.57963],[-84.13732,37.57982],[-84.13731,37.58],[-84.13753,37.58019],[-84.13753,37.58037],[-84.13775,37.58055],[-84.13774,37.58073],[-84.13796,37.58092],[-84.13795,37.5811],[-84.13817,37.58128]]},"properties":{"rank":63,"priority":"MODERATE TARGET","kind":"primary"}},{"type":"Feature","geometry":{"type":"LineString","coordinates":[[-84.13817,37.58128],[-84.1384,37.58111],[-84.13862,37.58129],[-84.13884,37.58148],[-84.13907,37.58148],[-84.13906,37.58166],[-84.13928,37.58185],[-84.1395,37.58204],[-84.13972,37.58222],[-84.13995,37.58223],[-84.14017,37.58223],[-84.14039,37.58242],[-84.14061,37.5826],[-84.14038,37.58278],[-84.14037,37.58296],[-84.14036,37.58314],[-84.14058,37.58332],[-84.14058,37.5835],[-84.14057,37.58368],[-84.14034,37.58386],[-84.14033,37.58404],[-84.14032,37.58422],[-84.14032,37.5844],[-84.14008,37.58457],[-84.14008,37.58475],[-84.14007,37.58493],[-84.13984,37.58493],[-84.13984,37.58511],[-84.1396,37.58528],[-84.13937,37.58546],[-84.13914,37.58545],[-84.13892,37.58545],[-84.13868,37.58562],[-84.13846,37.58561],[-84.13822,37.58579],[-84.138,37.58578],[-84.13777,37.58596],[-84.13754,37.58595],[-84.13731,37.58613],[-84.13708,37.58612],[-84.13685,37.58612],[-84.13663,37.58611],[-84.13639,37.58628],[-84.13617,37.58628],[-84.13594,37.58627],[-84.13572,37.58627],[-84.13549,37.58626]]},"properties":{"rank":63,"priority":"MODERATE TARGET","kind":"extended"}},{"type":"Feature","geometry":{"type":"LineString","coordinates":[[-83.8949,37.7788],[-83.8949,37.77875],[-83.89512,37.77894],[-83.89534,37.77913]]},"properties":{"rank":64,"priority":"MODERATE TARGET","kind":"source"}},{"type":"Feature","geometry":{"type":"LineString","coordinates":[[-83.8949,37.7788],[-83.8949,37.77875],[-83.89512,37.77894],[-83.89534,37.77913],[-83.89556,37.77931],[-83.89578,37.7795],[-83.896,37.77968],[-83.89622,37.77969],[-83.89622,37.77987],[-83.89621,37.78005],[-83.8962,37.78023],[-83.89642,37.78042],[-83.89641,37.7806],[-83.89663,37.78078],[-83.89685,37.78097],[-83.89685,37.78115],[-83.89706,37.78133],[-83.89728,37.78152],[-83.89751,37.78153],[-83.89773,37.78171],[-83.89796,37.78172],[-83.89818,37.78172],[-83.89841,37.78173],[-83.89864,37.78174],[-83.89886,37.78192],[-83.89908,37.78193],[-83.89931,37.78193],[-83.89954,37.78194],[-83.89976,37.78213],[-83.89998,37.78231],[-83.9002,37.78232],[-83.90042,37.7825],[-83.90041,37.78268],[-83.90063,37.78287],[-83.90085,37.78306],[-83.90107,37.78324],[-83.90129,37.78343],[-83.90152,37.78343],[-83.90174,37.78362],[-83.90196,37.78381],[-83.90218,37.78399],[-83.9024,37.784],[-83.90262,37.78418],[-83.90284,37.78437],[-83.90307,37.78438],[-83.90329,37.78438],[-83.90352,37.78439],[-83.90351,37.78457],[-83.90373,37.78475],[-83.90396,37.78476],[-83.90419,37.78477],[-83.90418,37.78495]]},"properties":{"rank":64,"priority":"MODERATE TARGET","kind":"primary"}},{"type":"Feature","geometry":{"type":"LineString","coordinates":[[-83.90418,37.78495],[-83.90417,37.78513],[-83.90439,37.78531],[-83.90438,37.78549],[-83.90438,37.78567],[-83.90437,37.78585],[-83.90459,37.78604],[-83.90458,37.78622],[-83.90457,37.7864],[-83.90456,37.78658],[-83.90433,37.78675],[-83.90432,37.78693],[-83.90454,37.78712],[-83.90453,37.7873],[-83.90475,37.78748],[-83.90475,37.78766],[-83.90451,37.78784],[-83.9045,37.78802],[-83.90427,37.78819],[-83.90404,37.78837],[-83.90381,37.78836],[-83.90357,37.78853],[-83.90336,37.78835],[-83.90313,37.78834],[-83.9029,37.78834],[-83.90267,37.78851],[-83.90266,37.78869],[-83.90243,37.78886],[-83.90219,37.78904],[-83.90196,37.78921],[-83.90172,37.78939],[-83.90172,37.78957],[-83.90171,37.78975],[-83.90147,37.78992],[-83.90124,37.79009],[-83.901,37.79027],[-83.901,37.79045],[-83.90076,37.79062],[-83.90076,37.7908],[-83.90052,37.79098],[-83.90029,37.79115],[-83.90005,37.79132],[-83.89982,37.7915],[-83.89958,37.79167],[-83.89935,37.79185],[-83.89934,37.79203],[-83.89911,37.7922],[-83.89887,37.79237],[-83.89887,37.79255],[-83.89863,37.79273],[-83.89862,37.79291],[-83.89862,37.79309],[-83.89884,37.79327],[-83.89883,37.79345],[-83.89905,37.79364],[-83.89927,37.79383],[-83.89949,37.79383],[-83.89971,37.79402],[-83.89994,37.79402],[-83.90016,37.79421],[-83.90015,37.79439],[-83.90037,37.79458],[-83.90036,37.79476],[-83.90036,37.79494],[-83.90058,37.79494],[-83.9008,37.79513],[-83.90102,37.79531],[-83.90124,37.7955],[-83.90146,37.79569],[-83.90168,37.79587],[-83.90191,37.79588],[-83.90213,37.79588],[-83.90236,37.79589],[-83.90258,37.79608],[-83.9028,37.79626],[-83.90302,37.79627],[-83.90324,37.79645],[-83.90346,37.79664],[-83.90346,37.79682],[-83.90368,37.79701],[-83.90389,37.79719],[-83.90389,37.79737],[-83.90411,37.79756],[-83.90433,37.79774],[-83.90432,37.79792],[-83.90454,37.79811],[-83.90453,37.79829],[-83.90475,37.79848],[-83.90474,37.79866],[-83.90496,37.79884],[-83.90495,37.79902],[-83.90517,37.79921],[-83.90517,37.79939],[-83.90516,37.79957],[-83.90515,37.79975],[-83.90514,37.79993],[-83.90514,37.80011],[-83.90513,37.80029],[-83.90512,37.80047],[-83.90511,37.80065],[-83.90488,37.80082],[-83.90487,37.801],[-83.90486,37.80118],[-83.90508,37.80137],[-83.90508,37.80155],[-83.90529,37.80173],[-83.90552,37.80174],[-83.90574,37.80193],[-83.90597,37.80193],[-83.90619,37.80194],[-83.90642,37.80194],[-83.90665,37.80195],[-83.90687,37.80196],[-83.9071,37.80196],[-83.90733,37.80197],[-83.90756,37.80179],[-83.90779,37.8018],[-83.90801,37.80198]]},"properties":{"rank":64,"priority":"MODERATE TARGET","kind":"extended"}},{"type":"Feature","geometry":{"type":"LineString","coordinates":[[-83.9293,37.7167],[-83.92926,37.71659],[-83.92927,37.71641],[-83.92927,37.71623],[-83.92928,37.71605]]},"properties":{"rank":65,"priority":"MODERATE TARGET","kind":"source"}},{"type":"Feature","geometry":{"type":"LineString","coordinates":[[-83.9293,37.7167],[-83.92926,37.71659],[-83.92927,37.71641],[-83.92927,37.71623],[-83.92928,37.71605],[-83.92929,37.71587],[-83.92952,37.71569],[-83.92953,37.71551],[-83.92976,37.71534],[-83.93,37.71516],[-83.93023,37.71499],[-83.93024,37.71481],[-83.93047,37.71464],[-83.93048,37.71446],[-83.93072,37.71428],[-83.93095,37.71411],[-83.93096,37.71393],[-83.93119,37.71375],[-83.93142,37.71358],[-83.93143,37.7134],[-83.93144,37.71322],[-83.93167,37.71304],[-83.93191,37.71287],[-83.93214,37.7127],[-83.93238,37.71252],[-83.93238,37.71234],[-83.93239,37.71216],[-83.9324,37.71198],[-83.93263,37.71181],[-83.93264,37.71163],[-83.93287,37.71145],[-83.93288,37.71127],[-83.93289,37.71109],[-83.9329,37.71091],[-83.9329,37.71073],[-83.93291,37.71055],[-83.93292,37.71037],[-83.93293,37.71019],[-83.93293,37.71001],[-83.93317,37.70984],[-83.93317,37.70966],[-83.93318,37.70948],[-83.93342,37.70931],[-83.93342,37.70913],[-83.93343,37.70895],[-83.93366,37.70877],[-83.93367,37.70859],[-83.93368,37.70841],[-83.93391,37.70824],[-83.93415,37.70806],[-83.93415,37.70788],[-83.93416,37.7077],[-83.93417,37.70752],[-83.93418,37.70734]]},"properties":{"rank":65,"priority":"MODERATE TARGET","kind":"primary"}},{"type":"Feature","geometry":{"type":"LineString","coordinates":[[-83.93418,37.70734],[-83.93418,37.70716],[-83.93419,37.70698],[-83.9342,37.7068],[-83.93398,37.70662],[-83.93399,37.70644],[-83.93377,37.70625],[-83.93378,37.70607],[-83.93356,37.70589],[-83.93356,37.70571],[-83.93357,37.70553],[-83.93358,37.70535],[-83.93359,37.70517],[-83.93359,37.70499],[-83.9336,37.70481],[-83.93338,37.70462],[-83.93316,37.70443],[-83.93294,37.70425],[-83.93295,37.70407],[-83.93296,37.70389],[-83.93297,37.70371],[-83.93297,37.70353],[-83.93275,37.70334],[-83.93276,37.70316],[-83.93277,37.70298],[-83.93255,37.7028],[-83.93232,37.70279],[-83.9321,37.7026],[-83.93188,37.7026],[-83.93166,37.70241],[-83.93144,37.70223],[-83.93145,37.70205],[-83.93123,37.70186],[-83.931,37.70185],[-83.93078,37.70167],[-83.93056,37.70166],[-83.93032,37.70184],[-83.9301,37.70165],[-83.93011,37.70147],[-83.92989,37.70129],[-83.9299,37.70111],[-83.92968,37.70092],[-83.92945,37.70109],[-83.92923,37.70091],[-83.92901,37.70072],[-83.92901,37.70054],[-83.92902,37.70036],[-83.92903,37.70018],[-83.92881,37.7],[-83.92858,37.69999],[-83.92836,37.6998],[-83.92837,37.69962],[-83.92815,37.69944],[-83.92793,37.69943],[-83.92771,37.69925],[-83.92749,37.69906],[-83.9275,37.69888],[-83.9275,37.6987],[-83.92728,37.69851],[-83.92729,37.69833],[-83.9273,37.69815],[-83.92731,37.69797],[-83.92709,37.69779],[-83.92709,37.69761],[-83.92687,37.6976],[-83.92665,37.69742],[-83.92643,37.69723],[-83.92621,37.69704],[-83.92599,37.69686],[-83.92576,37.69685],[-83.92555,37.69667],[-83.92533,37.69648],[-83.92556,37.69631],[-83.92579,37.69613],[-83.92603,37.69596],[-83.92626,37.69578],[-83.9265,37.69561],[-83.92673,37.69544],[-83.92696,37.69526],[-83.92719,37.69527],[-83.92743,37.69509],[-83.92743,37.69491],[-83.92744,37.69473],[-83.92767,37.69456],[-83.92768,37.69438],[-83.92769,37.6942],[-83.9277,37.69402],[-83.92793,37.69385],[-83.92794,37.69367],[-83.92795,37.69349],[-83.92795,37.69331],[-83.92773,37.69312],[-83.92774,37.69294],[-83.92752,37.69275],[-83.92753,37.69257],[-83.92731,37.69239],[-83.92732,37.69221],[-83.92732,37.69203],[-83.92733,37.69185],[-83.92757,37.69167],[-83.9278,37.6915],[-83.92803,37.69133],[-83.92827,37.69115],[-83.92849,37.69116],[-83.92873,37.69098],[-83.92896,37.69099],[-83.92919,37.69082],[-83.92942,37.69064],[-83.92965,37.69065],[-83.92988,37.69065],[-83.9301,37.69066],[-83.93034,37.69048],[-83.93057,37.69031],[-83.93058,37.69013],[-83.93081,37.68996],[-83.93105,37.68978],[-83.93127,37.68979],[-83.9315,37.68979]]},"properties":{"rank":65,"priority":"MODERATE TARGET","kind":"extended"}},{"type":"Feature","geometry":{"type":"LineString","coordinates":[[-84.2577,37.5196],[-84.25795,37.51979],[-84.25818,37.51979],[-84.2584,37.5198],[-84.25863,37.51981],[-84.25886,37.51981],[-84.25908,37.51982],[-84.25931,37.51982]]},"properties":{"rank":66,"priority":"MODERATE TARGET","kind":"source"}},{"type":"Feature","geometry":{"type":"LineString","coordinates":[[-84.2577,37.5196],[-84.25795,37.51979],[-84.25818,37.51979],[-84.2584,37.5198],[-84.25863,37.51981],[-84.25886,37.51981],[-84.25908,37.51982],[-84.25931,37.51982],[-84.25953,37.51983],[-84.25976,37.51983],[-84.25999,37.51984],[-84.26021,37.51984],[-84.26044,37.51985],[-84.26066,37.51985],[-84.26088,37.52004],[-84.2611,37.52022],[-84.26133,37.52023],[-84.26156,37.52023],[-84.26178,37.52024],[-84.26201,37.52006],[-84.26224,37.52007],[-84.26247,37.52007],[-84.26269,37.52008],[-84.26292,37.52009],[-84.26315,37.51991],[-84.26338,37.51992],[-84.26361,37.51974],[-84.26384,37.51975],[-84.26407,37.51957],[-84.2643,37.5194],[-84.26453,37.51922],[-84.26476,37.51923],[-84.26499,37.51923],[-84.26522,37.51906],[-84.26544,37.51906],[-84.26567,37.51907],[-84.2659,37.51907],[-84.26612,37.51926],[-84.26634,37.51926],[-84.26656,37.51945],[-84.26656,37.51963],[-84.26677,37.51981],[-84.267,37.51982],[-84.26722,37.52],[-84.26721,37.52018],[-84.26743,37.52037],[-84.26765,37.52056],[-84.26765,37.52074],[-84.26764,37.52092],[-84.26786,37.5211],[-84.26785,37.52128],[-84.26785,37.52146],[-84.26807,37.52165],[-84.26806,37.52183],[-84.26828,37.52201]]},"properties":{"rank":66,"priority":"MODERATE TARGET","kind":"primary"}},{"type":"Feature","geometry":{"type":"LineString","coordinates":[[-84.26828,37.52201],[-84.2685,37.5222],[-84.26872,37.52238],[-84.26894,37.52257],[-84.26893,37.52275],[-84.26915,37.52293],[-84.26937,37.52312],[-84.26936,37.5233],[-84.26958,37.52348],[-84.26958,37.52366],[-84.2698,37.52385],[-84.27001,37.52403],[-84.27024,37.52404],[-84.27046,37.52422],[-84.27045,37.5244],[-84.27067,37.52459],[-84.27067,37.52477],[-84.27089,37.52496],[-84.27088,37.52514],[-84.27087,37.52532],[-84.27087,37.5255],[-84.27086,37.52568],[-84.27085,37.52586],[-84.27085,37.52604],[-84.27084,37.52622],[-84.27083,37.5264],[-84.27083,37.52658],[-84.27082,37.52676],[-84.27081,37.52694],[-84.27081,37.52712],[-84.2708,37.5273],[-84.27079,37.52748],[-84.27079,37.52766],[-84.27078,37.52784],[-84.27077,37.52802],[-84.27054,37.52819],[-84.27054,37.52837],[-84.27053,37.52855],[-84.27052,37.52873],[-84.27074,37.52892],[-84.27074,37.5291],[-84.27095,37.52928],[-84.27117,37.52947],[-84.27117,37.52965],[-84.27116,37.52983],[-84.27115,37.53001],[-84.27115,37.53019],[-84.27092,37.53036],[-84.27091,37.53054],[-84.2709,37.53072],[-84.2709,37.5309],[-84.27089,37.53108],[-84.27111,37.53127],[-84.27088,37.53144],[-84.27087,37.53162],[-84.27064,37.5318],[-84.27063,37.53198],[-84.27062,37.53216],[-84.27062,37.53234],[-84.27038,37.53251],[-84.27038,37.53269],[-84.27015,37.53287],[-84.27014,37.53305],[-84.27013,37.53323],[-84.27013,37.53341],[-84.27012,37.53359],[-84.27034,37.53377],[-84.27056,37.53396],[-84.27055,37.53414],[-84.27077,37.53432],[-84.27076,37.5345],[-84.27098,37.53469],[-84.27098,37.53487],[-84.27097,37.53505],[-84.27096,37.53523],[-84.27096,37.53541],[-84.27095,37.53559],[-84.27094,37.53577],[-84.27094,37.53595],[-84.27093,37.53613],[-84.27092,37.53631],[-84.27092,37.53649],[-84.27069,37.53666],[-84.27068,37.53685],[-84.27067,37.53703],[-84.27067,37.53721],[-84.27043,37.53738],[-84.27065,37.53757],[-84.27065,37.53775],[-84.27041,37.53792],[-84.27041,37.5381],[-84.2704,37.53828],[-84.27039,37.53846],[-84.27039,37.53864],[-84.27038,37.53882],[-84.27037,37.539],[-84.27037,37.53918],[-84.27036,37.53936],[-84.27035,37.53954],[-84.27035,37.53972],[-84.27034,37.5399],[-84.27056,37.54009],[-84.27055,37.54027],[-84.27055,37.54045],[-84.27054,37.54063],[-84.27053,37.54081],[-84.27075,37.54099],[-84.27075,37.54117],[-84.27074,37.54135],[-84.27051,37.54153],[-84.27028,37.5417],[-84.27027,37.54188],[-84.27026,37.54206],[-84.27026,37.54224],[-84.27025,37.54242],[-84.27024,37.5426],[-84.27024,37.54278],[-84.27046,37.54297],[-84.27068,37.54297],[-84.27068,37.54315],[-84.27067,37.54333],[-84.27089,37.54352],[-84.27088,37.5437],[-84.27088,37.54388],[-84.27087,37.54406],[-84.27086,37.54424],[-84.27086,37.54442]]},"properties":{"rank":66,"priority":"MODERATE TARGET","kind":"extended"}},{"type":"Feature","geometry":{"type":"LineString","coordinates":[[-84.1402,37.5633],[-84.14021,37.56349],[-84.13998,37.56367],[-84.13997,37.56385],[-84.13996,37.56403],[-84.13973,37.5642]]},"properties":{"rank":67,"priority":"MODERATE TARGET","kind":"source"}},{"type":"Feature","geometry":{"type":"LineString","coordinates":[[-84.1402,37.5633],[-84.14021,37.56349],[-84.13998,37.56367],[-84.13997,37.56385],[-84.13996,37.56403],[-84.13973,37.5642],[-84.13972,37.56438],[-84.13972,37.56456],[-84.13971,37.56474],[-84.13948,37.56491],[-84.13947,37.56509],[-84.13946,37.56527],[-84.13923,37.56545],[-84.13922,37.56563],[-84.13922,37.56581],[-84.13921,37.56599],[-84.13898,37.56616],[-84.13897,37.56634],[-84.13874,37.56652],[-84.13873,37.5667],[-84.1385,37.56687],[-84.13849,37.56705],[-84.13848,37.56723],[-84.13825,37.56741],[-84.13824,37.56759],[-84.13824,37.56777],[-84.13823,37.56795],[-84.13822,37.56813],[-84.13821,37.56831],[-84.13821,37.56849],[-84.1382,37.56867],[-84.13819,37.56885],[-84.13841,37.56903],[-84.13841,37.56921],[-84.13863,37.5694],[-84.13885,37.56958],[-84.13884,37.56976],[-84.13906,37.56995],[-84.13928,37.57014],[-84.13927,37.57032],[-84.13949,37.5705],[-84.13971,37.57069],[-84.13993,37.57087],[-84.13992,37.57105],[-84.13991,37.57123],[-84.14013,37.57142],[-84.14013,37.5716],[-84.14035,37.57178],[-84.14057,37.57197],[-84.14056,37.57215],[-84.14078,37.57233],[-84.14077,37.57251],[-84.14099,37.5727],[-84.14121,37.57289]]},"properties":{"rank":67,"priority":"MODERATE TARGET","kind":"primary"}},{"type":"Feature","geometry":{"type":"LineString","coordinates":[[-84.14121,37.57289],[-84.1412,37.57307],[-84.1412,37.57325],[-84.14119,37.57343],[-84.14118,37.57361],[-84.1414,37.57379],[-84.14139,37.57397],[-84.14161,37.57416],[-84.14183,37.57434],[-84.14183,37.57452],[-84.14182,37.5747],[-84.14204,37.57489],[-84.14226,37.57507],[-84.14248,37.57526],[-84.14247,37.57544],[-84.14269,37.57562],[-84.14268,37.5758],[-84.1429,37.57599],[-84.1429,37.57617],[-84.14289,37.57635],[-84.14311,37.57654],[-84.14333,37.57672],[-84.14332,37.5769],[-84.14331,37.57708],[-84.14331,37.57726],[-84.1433,37.57744],[-84.14329,37.57762],[-84.14329,37.5778],[-84.14328,37.57798],[-84.14327,37.57816],[-84.14326,37.57834],[-84.14326,37.57852],[-84.14325,37.5787],[-84.14324,37.57888],[-84.14324,37.57906],[-84.14323,37.57924],[-84.14322,37.57942],[-84.14322,37.5796],[-84.14321,37.57978],[-84.1432,37.57996],[-84.14297,37.58014],[-84.14296,37.58032],[-84.14273,37.58049],[-84.14272,37.58067],[-84.14249,37.58085],[-84.14226,37.58102],[-84.14225,37.5812],[-84.14224,37.58138],[-84.14201,37.58156],[-84.14178,37.58173],[-84.14155,37.58172],[-84.14132,37.5819],[-84.14108,37.58207],[-84.14086,37.58207],[-84.14063,37.58206],[-84.1404,37.58224],[-84.14039,37.58242],[-84.14061,37.5826],[-84.14038,37.58278],[-84.14037,37.58296],[-84.14036,37.58314],[-84.14058,37.58332],[-84.14058,37.5835],[-84.14057,37.58368],[-84.14034,37.58386],[-84.14033,37.58404],[-84.14032,37.58422],[-84.14032,37.5844],[-84.14008,37.58457],[-84.14008,37.58475],[-84.14007,37.58493],[-84.13984,37.58493],[-84.13984,37.58511],[-84.1396,37.58528],[-84.13937,37.58546],[-84.13914,37.58545],[-84.13892,37.58545],[-84.13868,37.58562],[-84.13846,37.58561],[-84.13822,37.58579],[-84.138,37.58578],[-84.13777,37.58596],[-84.13754,37.58595],[-84.13731,37.58613],[-84.13708,37.58612],[-84.13685,37.58612],[-84.13663,37.58611],[-84.13639,37.58628],[-84.13617,37.58628],[-84.13594,37.58627],[-84.13572,37.58627],[-84.13549,37.58626]]},"properties":{"rank":67,"priority":"MODERATE TARGET","kind":"extended"}},{"type":"Feature","geometry":{"type":"LineString","coordinates":[[-83.91,37.6064],[-83.91002,37.60634],[-83.91003,37.60616],[-83.91003,37.60598],[-83.90981,37.60579],[-83.90982,37.60561]]},"properties":{"rank":68,"priority":"MODERATE TARGET","kind":"source"}},{"type":"Feature","geometry":{"type":"LineString","coordinates":[[-83.91,37.6064],[-83.91002,37.60634],[-83.91003,37.60616],[-83.91003,37.60598],[-83.90981,37.60579],[-83.90982,37.60561],[-83.90983,37.60543],[-83.90984,37.60525],[-83.90984,37.60507],[-83.90963,37.60489],[-83.90963,37.60471],[-83.90964,37.60453],[-83.90965,37.60435],[-83.90965,37.60417],[-83.90944,37.60398],[-83.90967,37.60381],[-83.9099,37.60381],[-83.91013,37.60364],[-83.91036,37.60365],[-83.91059,37.60347],[-83.91082,37.6033],[-83.91106,37.60312],[-83.91128,37.60313],[-83.91152,37.60296],[-83.91175,37.60278],[-83.91198,37.60279],[-83.9122,37.60279],[-83.91244,37.60262],[-83.91266,37.60262],[-83.9129,37.60245],[-83.91312,37.60246],[-83.91336,37.60228],[-83.91359,37.60211],[-83.9136,37.60193],[-83.91383,37.60175],[-83.91407,37.60158],[-83.91407,37.6014],[-83.9143,37.60141],[-83.91453,37.60141],[-83.91475,37.60142],[-83.91497,37.6016],[-83.9152,37.60161],[-83.91542,37.60162],[-83.91565,37.60162],[-83.91588,37.60163],[-83.91609,37.60181],[-83.91632,37.60182],[-83.91654,37.60201],[-83.91677,37.60201],[-83.91699,37.60202],[-83.91722,37.60202],[-83.91744,37.60203],[-83.91767,37.60204],[-83.9179,37.60204],[-83.91812,37.60205]]},"properties":{"rank":68,"priority":"MODERATE TARGET","kind":"primary"}},{"type":"Feature","geometry":{"type":"LineString","coordinates":[[-83.91812,37.60205],[-83.91835,37.60205],[-83.91858,37.60206],[-83.91881,37.60188],[-83.91904,37.60189],[-83.91926,37.6019],[-83.9195,37.60172],[-83.91972,37.60173],[-83.91995,37.60173],[-83.92017,37.60174],[-83.9204,37.60175],[-83.92063,37.60175],[-83.92085,37.60176],[-83.92108,37.60176],[-83.92131,37.60177],[-83.92153,37.60178],[-83.92175,37.60196],[-83.92198,37.60197],[-83.9222,37.60197],[-83.92244,37.6018],[-83.92266,37.60181]]},"properties":{"rank":68,"priority":"MODERATE TARGET","kind":"extended"}},{"type":"Feature","geometry":{"type":"LineString","coordinates":[[-84.0283,37.5874],[-84.02832,37.58758],[-84.02832,37.58776],[-84.02831,37.58794],[-84.0283,37.58812]]},"properties":{"rank":69,"priority":"MODERATE TARGET","kind":"source"}},{"type":"Feature","geometry":{"type":"LineString","coordinates":[[-84.0283,37.5874],[-84.02832,37.58758],[-84.02832,37.58776],[-84.02831,37.58794],[-84.0283,37.58812],[-84.02829,37.5883],[-84.02829,37.58848],[-84.02828,37.58866],[-84.02827,37.58884],[-84.02827,37.58902],[-84.02826,37.5892],[-84.02825,37.58938],[-84.02802,37.58955],[-84.02801,37.58973],[-84.028,37.58991],[-84.028,37.59009],[-84.02799,37.59027],[-84.02798,37.59045],[-84.02798,37.59063],[-84.02774,37.59081],[-84.02773,37.59099],[-84.02795,37.59117],[-84.02795,37.59135],[-84.02794,37.59153],[-84.02771,37.59171],[-84.0277,37.59189],[-84.02792,37.59207],[-84.02791,37.59225],[-84.02768,37.59243],[-84.0279,37.59261],[-84.02789,37.59279],[-84.02811,37.59298],[-84.02833,37.59316],[-84.02855,37.59335],[-84.02877,37.59353],[-84.02898,37.59372],[-84.02898,37.5939],[-84.0292,37.59409],[-84.02942,37.59427],[-84.02964,37.59446],[-84.02986,37.59446],[-84.03008,37.59465],[-84.03007,37.59483],[-84.03029,37.59501],[-84.03029,37.59519],[-84.0305,37.59538],[-84.0305,37.59556],[-84.03049,37.59574],[-84.03048,37.59592],[-84.03048,37.5961],[-84.03047,37.59628],[-84.03069,37.59647],[-84.03068,37.59665],[-84.03067,37.59683],[-84.03067,37.59701]]},"properties":{"rank":69,"priority":"MODERATE TARGET","kind":"primary"}},{"type":"Feature","geometry":{"type":"LineString","coordinates":[[-84.03067,37.59701],[-84.03066,37.59719],[-84.03065,37.59737],[-84.03087,37.59755],[-84.03086,37.59773],[-84.03086,37.59791],[-84.03108,37.5981],[-84.03107,37.59828],[-84.03084,37.59845],[-84.0306,37.59863],[-84.03059,37.59881],[-84.03059,37.59899],[-84.03058,37.59917],[-84.03057,37.59935],[-84.03057,37.59953],[-84.03056,37.59971],[-84.03078,37.59989],[-84.03077,37.60007],[-84.03076,37.60025],[-84.03076,37.60043],[-84.03075,37.60061],[-84.03074,37.60079],[-84.03073,37.60097],[-84.0305,37.60115],[-84.03049,37.60133],[-84.03071,37.60151],[-84.03071,37.60169],[-84.0307,37.60187],[-84.03069,37.60205],[-84.03091,37.60224],[-84.0309,37.60242],[-84.0309,37.6026],[-84.03089,37.60278]]},"properties":{"rank":69,"priority":"MODERATE TARGET","kind":"extended"}},{"type":"Feature","geometry":{"type":"LineString","coordinates":[[-84.0747,37.5732],[-84.07463,37.57324],[-84.07462,37.57342],[-84.07462,37.5736],[-84.07438,37.57377]]},"properties":{"rank":70,"priority":"MODERATE TARGET","kind":"source"}},{"type":"Feature","geometry":{"type":"LineString","coordinates":[[-84.0747,37.5732],[-84.07463,37.57324],[-84.07462,37.57342],[-84.07462,37.5736],[-84.07438,37.57377],[-84.07438,37.57395],[-84.07437,37.57413],[-84.07436,37.57431],[-84.07435,37.57449],[-84.07435,37.57467],[-84.07457,37.57486],[-84.07456,37.57504],[-84.07478,37.57522],[-84.075,37.57541],[-84.07499,37.57559],[-84.07521,37.57577],[-84.0752,37.57595],[-84.07542,37.57614],[-84.07541,37.57632],[-84.07563,37.5765],[-84.07585,37.57669],[-84.07607,37.57688],[-84.07606,37.57706],[-84.07628,37.57724],[-84.07628,37.57742],[-84.0765,37.57761],[-84.07649,37.57779],[-84.07648,37.57797],[-84.07648,37.57815],[-84.07647,37.57833],[-84.07646,37.57851],[-84.07645,37.57869],[-84.07645,37.57887],[-84.07644,37.57905],[-84.07643,37.57923],[-84.0762,37.5794],[-84.07619,37.57958],[-84.07619,37.57976],[-84.07595,37.57994],[-84.07595,37.58012],[-84.07571,37.58029],[-84.07548,37.58047],[-84.07525,37.58064],[-84.07501,37.58081],[-84.07478,37.58099],[-84.07455,37.58098],[-84.07432,37.58116],[-84.07409,37.58115],[-84.07386,37.58133],[-84.07363,37.5815],[-84.0734,37.58149],[-84.07317,37.58167],[-84.07294,37.58166]]},"properties":{"rank":70,"priority":"MODERATE TARGET","kind":"primary"}},{"type":"Feature","geometry":{"type":"LineString","coordinates":[[-84.07294,37.58166],[-84.07271,37.58184],[-84.07247,37.58201],[-84.07225,37.58201],[-84.07201,37.58218],[-84.07179,37.58218],[-84.07156,37.58235],[-84.07132,37.58252],[-84.07131,37.5827],[-84.07108,37.58288],[-84.07085,37.58305],[-84.07062,37.58305],[-84.07039,37.58322],[-84.07016,37.5834],[-84.07015,37.58358],[-84.07014,37.58376],[-84.06991,37.58393],[-84.06967,37.58411],[-84.06967,37.58429],[-84.06989,37.58447],[-84.06988,37.58465],[-84.06987,37.58483],[-84.06987,37.58501],[-84.07008,37.5852],[-84.07008,37.58538],[-84.07007,37.58556],[-84.07029,37.58574],[-84.07051,37.58593],[-84.07074,37.58593],[-84.07095,37.58612],[-84.07117,37.58631],[-84.07117,37.58649],[-84.07139,37.58667],[-84.07138,37.58685],[-84.0716,37.58704],[-84.07159,37.58722],[-84.07158,37.5874],[-84.07158,37.58758],[-84.07157,37.58776],[-84.07156,37.58794],[-84.07156,37.58812],[-84.07155,37.5883],[-84.07154,37.58848],[-84.07153,37.58866],[-84.07175,37.58884],[-84.07175,37.58902],[-84.07174,37.5892],[-84.07151,37.58938]]},"properties":{"rank":70,"priority":"MODERATE TARGET","kind":"extended"}},{"type":"Feature","geometry":{"type":"LineString","coordinates":[[-84.0617,37.5451],[-84.0617,37.54498],[-84.06171,37.5448],[-84.06148,37.5448],[-84.06126,37.54479],[-84.06103,37.54478],[-84.06081,37.54478],[-84.06058,37.54477],[-84.06035,37.54477],[-84.06013,37.54476],[-84.05991,37.54458],[-84.05968,37.54457],[-84.05946,37.54457],[-84.05924,37.54438]]},"properties":{"rank":71,"priority":"MODERATE TARGET","kind":"source"}},{"type":"Feature","geometry":{"type":"LineString","coordinates":[[-84.0617,37.5451],[-84.0617,37.54498],[-84.06171,37.5448],[-84.06148,37.5448],[-84.06126,37.54479],[-84.06103,37.54478],[-84.06081,37.54478],[-84.06058,37.54477],[-84.06035,37.54477],[-84.06013,37.54476],[-84.05991,37.54458],[-84.05968,37.54457],[-84.05946,37.54457],[-84.05924,37.54438],[-84.05901,37.54437],[-84.05879,37.54419],[-84.05857,37.54418],[-84.05834,37.54418],[-84.05812,37.54399],[-84.05789,37.54399],[-84.05767,37.54398],[-84.05745,37.54379],[-84.05723,37.54361],[-84.057,37.5436],[-84.05678,37.5436],[-84.05656,37.54341],[-84.05634,37.54323],[-84.05612,37.54304],[-84.0559,37.54285],[-84.05568,37.54285],[-84.05546,37.54266],[-84.05546,37.54248],[-84.05524,37.5423],[-84.05525,37.54212],[-84.05503,37.54193],[-84.05481,37.54175],[-84.05459,37.54156],[-84.05438,37.54137],[-84.05414,37.54155],[-84.05392,37.54154],[-84.05368,37.54172],[-84.05345,37.54189],[-84.05322,37.54189],[-84.05299,37.54206],[-84.05276,37.54224],[-84.05253,37.54223],[-84.05231,37.54222],[-84.05208,37.54222],[-84.05185,37.54239],[-84.05161,37.54257],[-84.05139,37.54256],[-84.05116,37.54256],[-84.05093,37.54273]]},"properties":{"rank":71,"priority":"MODERATE TARGET","kind":"primary"}},{"type":"Feature","geometry":{"type":"LineString","coordinates":[[-84.05093,37.54273],[-84.0507,37.54272],[-84.05048,37.54272],[-84.05025,37.54271],[-84.05002,37.54271],[-84.0498,37.5427],[-84.04957,37.5427],[-84.04934,37.54269],[-84.04912,37.54269],[-84.04889,37.54268],[-84.04867,37.54249],[-84.04845,37.54249],[-84.04823,37.5423],[-84.04824,37.54212],[-84.04824,37.54194],[-84.04802,37.54176],[-84.0478,37.54175],[-84.04758,37.54157],[-84.04735,37.54156],[-84.04713,37.54137],[-84.04691,37.54137],[-84.04669,37.54118],[-84.04646,37.54118],[-84.04624,37.54099],[-84.04602,37.54099],[-84.04579,37.54098],[-84.04557,37.54097],[-84.04534,37.54097],[-84.04511,37.54096],[-84.04489,37.54096],[-84.04467,37.54077],[-84.04444,37.54077],[-84.04422,37.54076],[-84.04399,37.54075],[-84.04376,37.54075],[-84.04354,37.54074],[-84.04331,37.54074],[-84.04308,37.54091],[-84.04285,37.54091],[-84.04263,37.5409],[-84.0424,37.5409],[-84.04217,37.54107],[-84.04194,37.54106],[-84.04171,37.54106],[-84.04149,37.54105],[-84.04126,37.54105],[-84.04104,37.54086],[-84.04082,37.54068],[-84.0406,37.54067],[-84.04037,37.54066],[-84.04015,37.54048],[-84.03993,37.54047],[-84.03971,37.54029],[-84.03948,37.54028],[-84.03926,37.54028],[-84.03903,37.54027],[-84.03881,37.54008],[-84.03858,37.54026],[-84.03835,37.54025],[-84.03813,37.54025],[-84.0379,37.54024],[-84.03767,37.54024],[-84.03745,37.54023],[-84.03723,37.54004],[-84.037,37.54004],[-84.03678,37.54003],[-84.03655,37.54003],[-84.03632,37.5402],[-84.03609,37.5402],[-84.03586,37.54019],[-84.03563,37.54036],[-84.03541,37.54036],[-84.03517,37.54053],[-84.03494,37.54071],[-84.03471,37.5407],[-84.03448,37.54088],[-84.03425,37.54087],[-84.03403,37.54069],[-84.03404,37.54051],[-84.03382,37.54032],[-84.0336,37.54013],[-84.03338,37.53995],[-84.03317,37.53976],[-84.03295,37.53958],[-84.03273,37.53939],[-84.0325,37.53939],[-84.03228,37.53938],[-84.03205,37.53937],[-84.03182,37.53955],[-84.03159,37.53954],[-84.03136,37.53972],[-84.03113,37.53971],[-84.03091,37.53971],[-84.03067,37.53988],[-84.03045,37.53987],[-84.03023,37.53969],[-84.03001,37.5395],[-84.02978,37.5395],[-84.02956,37.53949],[-84.02933,37.53949],[-84.02934,37.53931],[-84.02912,37.53912],[-84.02889,37.53911],[-84.02866,37.53929],[-84.02844,37.5391],[-84.02821,37.5391],[-84.02799,37.53891],[-84.02777,37.53891],[-84.02754,37.5389],[-84.02732,37.53889],[-84.02709,37.53889],[-84.02686,37.53888],[-84.02663,37.53906],[-84.0264,37.53905],[-84.02618,37.53905],[-84.02595,37.53904],[-84.02572,37.53921],[-84.02549,37.53921],[-84.02527,37.53902],[-84.02505,37.53902],[-84.02482,37.53901],[-84.0246,37.53883],[-84.02438,37.53882]]},"properties":{"rank":71,"priority":"MODERATE TARGET","kind":"extended"}},{"type":"Feature","geometry":{"type":"LineString","coordinates":[[-83.7525,37.8782],[-83.75274,37.87817],[-83.75296,37.87835],[-83.75318,37.87836],[-83.75341,37.87837]]},"properties":{"rank":72,"priority":"MODERATE TARGET","kind":"source"}},{"type":"Feature","geometry":{"type":"LineString","coordinates":[[-83.7525,37.8782],[-83.75274,37.87817],[-83.75296,37.87835],[-83.75318,37.87836],[-83.75341,37.87837],[-83.75363,37.87855],[-83.75386,37.87856],[-83.75408,37.87875],[-83.7543,37.87875],[-83.75452,37.87894],[-83.75474,37.87912],[-83.75497,37.87913],[-83.75519,37.87932],[-83.75541,37.8795],[-83.75564,37.87933],[-83.75587,37.87934],[-83.7561,37.87934],[-83.75632,37.87935],[-83.75655,37.87935],[-83.75678,37.87936],[-83.757,37.87937],[-83.75723,37.87937],[-83.75747,37.8792],[-83.7577,37.87903],[-83.75794,37.87885],[-83.75817,37.87868],[-83.7584,37.87868],[-83.75862,37.87869],[-83.75885,37.8787],[-83.75886,37.87852],[-83.75887,37.87834],[-83.75888,37.87816],[-83.75911,37.87798],[-83.75912,37.8778],[-83.75913,37.87762],[-83.75936,37.87745],[-83.75937,37.87727],[-83.75938,37.87709],[-83.75938,37.87691],[-83.75962,37.87674],[-83.75963,37.87656],[-83.75986,37.87638],[-83.75987,37.8762],[-83.75988,37.87602],[-83.75989,37.87584],[-83.75989,37.87566],[-83.7599,37.87548],[-83.75991,37.8753],[-83.75992,37.87512],[-83.75993,37.87494],[-83.76016,37.87477],[-83.76017,37.87459],[-83.76018,37.87441],[-83.76018,37.87423],[-83.76042,37.87406]]},"properties":{"rank":72,"priority":"MODERATE TARGET","kind":"primary"}},{"type":"Feature","geometry":{"type":"LineString","coordinates":[[-83.76042,37.87406],[-83.76065,37.87388],[-83.76089,37.87371],[-83.7609,37.87353],[-83.76113,37.87335],[-83.76137,37.87318],[-83.76137,37.873],[-83.76161,37.87283],[-83.76162,37.87265],[-83.76185,37.87247],[-83.76186,37.87229],[-83.7621,37.87212],[-83.76233,37.87195],[-83.76257,37.87177],[-83.7628,37.8716],[-83.76281,37.87142],[-83.76304,37.87124],[-83.76305,37.87106],[-83.76329,37.87089],[-83.76329,37.87071],[-83.76353,37.87054],[-83.76354,37.87036],[-83.76377,37.87018],[-83.76401,37.87001],[-83.76424,37.86984],[-83.76447,37.86984],[-83.7647,37.86967],[-83.76494,37.8695],[-83.76516,37.8695],[-83.7654,37.86933],[-83.76541,37.86915],[-83.76542,37.86897],[-83.76542,37.86879],[-83.76543,37.86861],[-83.76544,37.86843],[-83.76545,37.86825],[-83.76545,37.86807],[-83.76546,37.86789],[-83.76547,37.86771],[-83.76548,37.86753],[-83.76549,37.86735],[-83.76549,37.86717],[-83.76573,37.86699],[-83.76596,37.86682],[-83.7662,37.86665],[-83.76643,37.86647],[-83.76644,37.86629],[-83.76668,37.86612],[-83.76691,37.86595],[-83.76715,37.86577],[-83.76737,37.86596],[-83.7676,37.86578],[-83.76784,37.86561],[-83.76807,37.86544],[-83.76831,37.86526],[-83.76853,37.86527],[-83.76876,37.86528],[-83.76899,37.86528],[-83.76921,37.86547],[-83.76944,37.86529],[-83.76968,37.86512],[-83.7699,37.86513],[-83.77013,37.86513],[-83.77036,37.86514],[-83.77059,37.86497],[-83.77082,37.86497],[-83.77083,37.86479],[-83.77083,37.86461],[-83.77084,37.86443],[-83.77108,37.86426],[-83.77131,37.86408],[-83.77132,37.8639],[-83.77155,37.86373],[-83.77156,37.86355],[-83.7718,37.86338],[-83.7718,37.8632],[-83.77181,37.86302],[-83.77182,37.86284],[-83.77206,37.86266],[-83.77229,37.86249],[-83.77252,37.8625],[-83.77275,37.86232],[-83.77298,37.86233],[-83.77321,37.86233],[-83.77343,37.86234],[-83.77367,37.86217],[-83.7739,37.86199],[-83.77414,37.86182],[-83.77392,37.86163],[-83.7737,37.86145],[-83.77371,37.86127],[-83.77394,37.86109],[-83.77395,37.86091],[-83.77396,37.86073],[-83.77397,37.86055],[-83.77397,37.86037],[-83.77398,37.86019],[-83.77376,37.86001],[-83.77377,37.85983],[-83.77355,37.85964],[-83.77356,37.85946],[-83.77357,37.85928],[-83.77357,37.8591],[-83.77336,37.85891],[-83.77336,37.85873],[-83.7736,37.85856],[-83.77361,37.85838],[-83.77339,37.85819],[-83.77362,37.85802],[-83.77386,37.85785],[-83.77409,37.85767],[-83.7741,37.85749],[-83.77388,37.85731],[-83.77389,37.85713],[-83.77367,37.85694],[-83.77345,37.85676],[-83.77368,37.85658]]},"properties":{"rank":72,"priority":"MODERATE TARGET","kind":"extended"}},{"type":"Feature","geometry":{"type":"LineString","coordinates":[[-83.8554,37.7992],[-83.85567,37.79916],[-83.8559,37.79916],[-83.85611,37.79935],[-83.85633,37.79953]]},"properties":{"rank":73,"priority":"MODERATE TARGET","kind":"source"}},{"type":"Feature","geometry":{"type":"LineString","coordinates":[[-83.8554,37.7992],[-83.85567,37.79916],[-83.8559,37.79916],[-83.85611,37.79935],[-83.85633,37.79953],[-83.85656,37.79954],[-83.85678,37.79973],[-83.85701,37.79973],[-83.85723,37.79974],[-83.85745,37.79993],[-83.85767,37.80011],[-83.8579,37.80012],[-83.85813,37.80012],[-83.85834,37.80031],[-83.85857,37.80032],[-83.85879,37.8005],[-83.85902,37.80051],[-83.85924,37.80051],[-83.85946,37.8007],[-83.85969,37.80071],[-83.85992,37.80071],[-83.86014,37.80072],[-83.86036,37.8009],[-83.86058,37.80109],[-83.8608,37.80128],[-83.86103,37.80128],[-83.86125,37.80147],[-83.86147,37.80165],[-83.86146,37.80183],[-83.86145,37.80201],[-83.86167,37.8022],[-83.86166,37.80238],[-83.86188,37.80257],[-83.86187,37.80275],[-83.86187,37.80293],[-83.86186,37.80311],[-83.86208,37.80329],[-83.86207,37.80347],[-83.86184,37.80365],[-83.86183,37.80383],[-83.86182,37.80401],[-83.86204,37.80419],[-83.86203,37.80437],[-83.86203,37.80455],[-83.86179,37.80473],[-83.86201,37.80491],[-83.86223,37.8051],[-83.86245,37.80528],[-83.86267,37.80547],[-83.86289,37.80566],[-83.86288,37.80584],[-83.86287,37.80602],[-83.86286,37.8062]]},"properties":{"rank":73,"priority":"MODERATE TARGET","kind":"primary"}},{"type":"Feature","geometry":{"type":"LineString","coordinates":[[-83.86286,37.8062],[-83.86308,37.80638],[-83.8633,37.80657],[-83.86352,37.80675],[-83.86351,37.80693],[-83.86351,37.80711],[-83.8635,37.80729],[-83.86372,37.80748],[-83.86371,37.80766],[-83.8637,37.80784],[-83.8637,37.80802],[-83.86369,37.8082],[-83.86368,37.80838],[-83.8639,37.80857],[-83.86389,37.80875],[-83.86388,37.80893],[-83.86388,37.80911],[-83.8641,37.80929],[-83.86432,37.80948],[-83.86431,37.80966],[-83.86407,37.80983],[-83.86407,37.81001],[-83.86406,37.81019],[-83.86428,37.81038],[-83.86427,37.81056],[-83.86426,37.81074],[-83.86425,37.81092],[-83.86425,37.8111],[-83.86401,37.81127],[-83.86378,37.81145],[-83.86377,37.81163],[-83.86376,37.81181],[-83.86375,37.81199],[-83.86375,37.81217],[-83.86397,37.81235],[-83.86419,37.81254],[-83.8644,37.81272],[-83.86462,37.81291],[-83.86462,37.81309],[-83.86484,37.81328],[-83.86483,37.81346],[-83.86505,37.81364],[-83.86504,37.81382],[-83.86503,37.814],[-83.86502,37.81418],[-83.86502,37.81436],[-83.86524,37.81455],[-83.86523,37.81473],[-83.86522,37.81491],[-83.86521,37.81509],[-83.86521,37.81527],[-83.8652,37.81545],[-83.86519,37.81563],[-83.86518,37.81581],[-83.86518,37.81599],[-83.86517,37.81617],[-83.86516,37.81635],[-83.86515,37.81653],[-83.86537,37.81671],[-83.86536,37.81689],[-83.86536,37.81707],[-83.86535,37.81725],[-83.86534,37.81743],[-83.86533,37.81761],[-83.86555,37.8178],[-83.86555,37.81798],[-83.86554,37.81816],[-83.86553,37.81834],[-83.86552,37.81852],[-83.86551,37.8187],[-83.86551,37.81888],[-83.8655,37.81906],[-83.86527,37.81923],[-83.86526,37.81941],[-83.86525,37.81959],[-83.86524,37.81977],[-83.86523,37.81995],[-83.86523,37.82013],[-83.86545,37.82032],[-83.86544,37.8205],[-83.86543,37.82068],[-83.86542,37.82086],[-83.86542,37.82104],[-83.86541,37.82122],[-83.86563,37.82141],[-83.86562,37.82159],[-83.86561,37.82177],[-83.8656,37.82195],[-83.8656,37.82213],[-83.86582,37.82231],[-83.86581,37.82249],[-83.8658,37.82267],[-83.86579,37.82285],[-83.86579,37.82303],[-83.86578,37.82321],[-83.86577,37.82339],[-83.86554,37.82357],[-83.86553,37.82375],[-83.86552,37.82393],[-83.86551,37.82411],[-83.86551,37.82429],[-83.8655,37.82447],[-83.86549,37.82465],[-83.86548,37.82483],[-83.86525,37.825],[-83.86524,37.82518],[-83.86523,37.82536],[-83.86523,37.82554],[-83.86522,37.82572],[-83.86521,37.8259],[-83.8652,37.82608],[-83.86519,37.82626],[-83.86519,37.82644],[-83.86495,37.82661],[-83.86495,37.82679],[-83.86494,37.82697],[-83.86493,37.82715],[-83.86492,37.82733],[-83.86491,37.82751],[-83.86491,37.82769],[-83.86513,37.82788],[-83.86535,37.82807],[-83.86556,37.82825],[-83.86579,37.82826],[-83.86601,37.82844],[-83.86623,37.82863],[-83.86645,37.82882]]},"properties":{"rank":73,"priority":"MODERATE TARGET","kind":"extended"}},{"type":"Feature","geometry":{"type":"LineString","coordinates":[[-84.2103,37.516],[-84.21035,37.51597],[-84.21036,37.51579],[-84.21059,37.51562],[-84.2106,37.51544],[-84.21061,37.51526]]},"properties":{"rank":74,"priority":"MODERATE TARGET","kind":"source"}},{"type":"Feature","geometry":{"type":"LineString","coordinates":[[-84.2103,37.516],[-84.21035,37.51597],[-84.21036,37.51579],[-84.21059,37.51562],[-84.2106,37.51544],[-84.21061,37.51526],[-84.21061,37.51508],[-84.21084,37.51508],[-84.21106,37.51509],[-84.21128,37.51527],[-84.21151,37.51528],[-84.21173,37.51546],[-84.21195,37.51565],[-84.21217,37.51565],[-84.2124,37.51566],[-84.21263,37.51548],[-84.21285,37.51567],[-84.21308,37.51567],[-84.2133,37.51568],[-84.21353,37.51569],[-84.21376,37.51551],[-84.21399,37.51552],[-84.21422,37.51552],[-84.21444,37.51553],[-84.21467,37.51553],[-84.21489,37.51554],[-84.21512,37.51554],[-84.21535,37.51555],[-84.21557,37.51555],[-84.2158,37.51538],[-84.21603,37.51538],[-84.21626,37.51539],[-84.21648,37.51539],[-84.21672,37.51522],[-84.21695,37.51505],[-84.21717,37.51505],[-84.2174,37.51506],[-84.21763,37.51506],[-84.21785,37.51507],[-84.21807,37.51525],[-84.2183,37.51526],[-84.21852,37.51544],[-84.21874,37.51545],[-84.21898,37.51527],[-84.2192,37.51528],[-84.21943,37.51528],[-84.21965,37.51529],[-84.21989,37.51511],[-84.22012,37.51494],[-84.22035,37.51495],[-84.22058,37.51477],[-84.2208,37.51478],[-84.22104,37.5146],[-84.22126,37.51461],[-84.2215,37.51443]]},"properties":{"rank":74,"priority":"MODERATE TARGET","kind":"primary"}},{"type":"Feature","geometry":{"type":"LineString","coordinates":[[-84.2215,37.51443],[-84.22172,37.51444],[-84.22195,37.51444],[-84.22217,37.51445],[-84.2224,37.51445],[-84.22263,37.51446],[-84.22285,37.51446],[-84.22308,37.51447],[-84.2233,37.51447],[-84.22353,37.51448],[-84.22376,37.51448],[-84.22399,37.51431],[-84.22421,37.5145],[-84.22444,37.51432],[-84.22467,37.51415],[-84.22491,37.51397],[-84.22513,37.51398],[-84.22537,37.5138],[-84.22559,37.51381],[-84.22582,37.51363],[-84.22583,37.51345],[-84.22606,37.51328],[-84.22629,37.51328],[-84.2263,37.5131],[-84.22653,37.51293],[-84.22654,37.51275],[-84.22677,37.51257],[-84.22678,37.51239],[-84.22678,37.51221],[-84.22701,37.51204],[-84.22725,37.51186],[-84.22748,37.51169],[-84.22749,37.51151],[-84.22772,37.51133],[-84.22795,37.51134],[-84.22818,37.51116],[-84.2284,37.51117],[-84.22864,37.511],[-84.22886,37.511],[-84.22909,37.51101],[-84.22932,37.51083],[-84.22955,37.51084],[-84.22978,37.51066],[-84.23001,37.51049],[-84.23025,37.51031],[-84.23048,37.51014],[-84.23048,37.50996],[-84.23072,37.50978],[-84.23072,37.5096],[-84.23073,37.50942],[-84.23074,37.50924],[-84.23097,37.50907],[-84.23098,37.50889],[-84.23121,37.50871],[-84.23122,37.50853],[-84.23145,37.50836],[-84.23146,37.50818],[-84.23169,37.508],[-84.23192,37.50783],[-84.23215,37.50765],[-84.23216,37.50747],[-84.23239,37.5073],[-84.23263,37.50712],[-84.23285,37.50713],[-84.23308,37.50695],[-84.23332,37.50678],[-84.23355,37.5066],[-84.23378,37.50643],[-84.23402,37.50626],[-84.23402,37.50608],[-84.23403,37.5059],[-84.23404,37.50572],[-84.23404,37.50554],[-84.23405,37.50536],[-84.23405,37.50517],[-84.23406,37.50499],[-84.23407,37.50481],[-84.23385,37.50463],[-84.23386,37.50445],[-84.23386,37.50427],[-84.23387,37.50409],[-84.2341,37.50391],[-84.23411,37.50373],[-84.23389,37.50355],[-84.2339,37.50337],[-84.2339,37.50319],[-84.23391,37.50301],[-84.23414,37.50283],[-84.23415,37.50265],[-84.23415,37.50247],[-84.23416,37.50229],[-84.23439,37.50212],[-84.23463,37.50194],[-84.23463,37.50176],[-84.23487,37.50159],[-84.2351,37.50141],[-84.23511,37.50123],[-84.23511,37.50105],[-84.23534,37.50088],[-84.23558,37.50071],[-84.23558,37.50053],[-84.23559,37.50035],[-84.23582,37.50017],[-84.23606,37.5],[-84.23606,37.49982],[-84.2363,37.49964],[-84.2363,37.49946],[-84.23653,37.49929],[-84.23654,37.49911],[-84.23655,37.49893],[-84.23678,37.49875],[-84.23679,37.49857],[-84.23702,37.4984],[-84.23725,37.49822],[-84.23726,37.49804],[-84.23727,37.49786],[-84.23727,37.49768],[-84.23728,37.4975],[-84.23751,37.49733]]},"properties":{"rank":74,"priority":"MODERATE TARGET","kind":"extended"}},{"type":"Feature","geometry":{"type":"LineString","coordinates":[[-83.9167,37.6198],[-83.91649,37.61966],[-83.9165,37.61948],[-83.9165,37.6193],[-83.91651,37.61912],[-83.91652,37.61894]]},"properties":{"rank":75,"priority":"MODERATE TARGET","kind":"source"}},{"type":"Feature","geometry":{"type":"LineString","coordinates":[[-83.9167,37.6198],[-83.91649,37.61966],[-83.9165,37.61948],[-83.9165,37.6193],[-83.91651,37.61912],[-83.91652,37.61894],[-83.91653,37.61876],[-83.91653,37.61858],[-83.91654,37.6184],[-83.91655,37.61822],[-83.91656,37.61804],[-83.91656,37.61786],[-83.91657,37.61768],[-83.9168,37.61751],[-83.91681,37.61733],[-83.91705,37.61716],[-83.91728,37.61698],[-83.91729,37.6168],[-83.91729,37.61662],[-83.9173,37.61644],[-83.91754,37.61627],[-83.91754,37.61609],[-83.91777,37.61609],[-83.918,37.6161],[-83.91821,37.61629],[-83.91844,37.61629],[-83.91867,37.6163],[-83.91889,37.6163],[-83.91912,37.61631],[-83.91934,37.6165],[-83.91956,37.6165],[-83.91979,37.61651],[-83.92002,37.61651],[-83.92025,37.61634],[-83.92048,37.61634],[-83.9207,37.61635],[-83.92094,37.61618],[-83.92116,37.61618],[-83.92139,37.61619],[-83.92162,37.61619],[-83.92185,37.61602],[-83.92208,37.61603],[-83.92231,37.61585],[-83.92254,37.61568],[-83.92278,37.6155],[-83.92301,37.61533],[-83.92324,37.61516],[-83.92347,37.61516],[-83.9237,37.61517],[-83.92392,37.61517],[-83.92416,37.615],[-83.92439,37.61482],[-83.92462,37.61465],[-83.92485,37.61466],[-83.92508,37.61448]]},"properties":{"rank":75,"priority":"MODERATE TARGET","kind":"primary"}},{"type":"Feature","geometry":{"type":"LineString","coordinates":[[-83.92508,37.61448],[-83.92532,37.61431],[-83.92533,37.61413],[-83.92556,37.61395],[-83.92579,37.61378],[-83.92602,37.61379],[-83.92625,37.61361],[-83.92648,37.61362],[-83.92671,37.61344],[-83.92694,37.61345],[-83.92717,37.61328],[-83.92741,37.6131],[-83.92763,37.61311],[-83.92786,37.61311],[-83.92809,37.61312],[-83.92831,37.61313],[-83.92854,37.61313]]},"properties":{"rank":75,"priority":"MODERATE TARGET","kind":"extended"}},{"type":"Feature","geometry":{"type":"LineString","coordinates":[[-83.9682,37.6673],[-83.96824,37.66732],[-83.96847,37.66732],[-83.9687,37.66733],[-83.96892,37.66734],[-83.96915,37.66734]]},"properties":{"rank":76,"priority":"MODERATE TARGET","kind":"source"}},{"type":"Feature","geometry":{"type":"LineString","coordinates":[[-83.9682,37.6673],[-83.96824,37.66732],[-83.96847,37.66732],[-83.9687,37.66733],[-83.96892,37.66734],[-83.96915,37.66734],[-83.96938,37.66735],[-83.9696,37.66735],[-83.96983,37.66736],[-83.97005,37.66737],[-83.97028,37.66737],[-83.9705,37.66756],[-83.97073,37.66756],[-83.97095,37.66775],[-83.97117,37.66775],[-83.97139,37.66794],[-83.97138,37.66812],[-83.97138,37.6683],[-83.9716,37.66831],[-83.97182,37.66849],[-83.97182,37.66867],[-83.97181,37.66885],[-83.9718,37.66903],[-83.97179,37.66921],[-83.97179,37.66939],[-83.97155,37.66957],[-83.97154,37.66975],[-83.97131,37.66992],[-83.97108,37.67009],[-83.97107,37.67027],[-83.97106,37.67045],[-83.97083,37.67063],[-83.9706,37.6708],[-83.97036,37.67098],[-83.97035,37.67116],[-83.97035,37.67134],[-83.97011,37.67151],[-83.97011,37.67169],[-83.9701,37.67187],[-83.97009,37.67205],[-83.97008,37.67223],[-83.97008,37.67241],[-83.9703,37.6726],[-83.97029,37.67278],[-83.97028,37.67296],[-83.97027,37.67314],[-83.97049,37.67332],[-83.97071,37.67351],[-83.9707,37.67369],[-83.97093,37.6737],[-83.97115,37.67388],[-83.97114,37.67406],[-83.97114,37.67424],[-83.97135,37.67443],[-83.97157,37.67461]]},"properties":{"rank":76,"priority":"MODERATE TARGET","kind":"primary"}},{"type":"Feature","geometry":{"type":"LineString","coordinates":[[-83.97157,37.67461],[-83.97157,37.67479],[-83.97156,37.67497],[-83.97155,37.67515],[-83.97177,37.67534],[-83.97176,37.67552],[-83.97176,37.6757],[-83.97198,37.67588],[-83.9722,37.67589],[-83.97242,37.67608],[-83.97264,37.67626],[-83.97263,37.67644],[-83.97263,37.67662],[-83.97284,37.67681],[-83.97284,37.67699],[-83.97283,37.67717],[-83.97282,37.67735],[-83.97259,37.67752],[-83.97258,37.6777],[-83.97257,37.67788],[-83.97234,37.67806],[-83.97233,37.67824],[-83.97233,37.67842],[-83.97232,37.6786],[-83.97231,37.67878],[-83.97208,37.67895],[-83.97184,37.67912],[-83.97162,37.67912],[-83.97138,37.67929],[-83.97115,37.67947],[-83.97092,37.67964],[-83.97068,37.67982],[-83.97045,37.67999],[-83.97021,37.68016],[-83.96998,37.68034],[-83.96975,37.68033],[-83.96952,37.68051],[-83.96929,37.68068],[-83.96928,37.68086],[-83.96904,37.68104],[-83.96926,37.68122],[-83.96926,37.6814],[-83.96925,37.68158],[-83.96924,37.68176],[-83.96946,37.68195]]},"properties":{"rank":76,"priority":"MODERATE TARGET","kind":"extended"}},{"type":"Feature","geometry":{"type":"LineString","coordinates":[[-84.0099,37.5282],[-84.00986,37.52836],[-84.00985,37.52854],[-84.01007,37.52873],[-84.01029,37.52891],[-84.01028,37.52909],[-84.0105,37.52928]]},"properties":{"rank":77,"priority":"MODERATE TARGET","kind":"source"}},{"type":"Feature","geometry":{"type":"LineString","coordinates":[[-84.0099,37.5282],[-84.00986,37.52836],[-84.00985,37.52854],[-84.01007,37.52873],[-84.01029,37.52891],[-84.01028,37.52909],[-84.0105,37.52928],[-84.01072,37.52946],[-84.01071,37.52964],[-84.01071,37.52982],[-84.0107,37.53],[-84.01092,37.53019],[-84.01068,37.53036],[-84.01045,37.53054],[-84.01022,37.53071],[-84.00998,37.53089],[-84.00975,37.53106],[-84.00974,37.53124],[-84.00974,37.53142],[-84.00973,37.5316],[-84.00972,37.53178],[-84.00972,37.53196],[-84.00993,37.53215],[-84.01015,37.53233],[-84.01037,37.53252],[-84.01059,37.5327],[-84.01082,37.53271],[-84.01104,37.5329],[-84.01125,37.53308],[-84.01147,37.53327],[-84.01147,37.53345],[-84.01168,37.53363],[-84.01168,37.53381],[-84.01167,37.53399],[-84.01189,37.53418],[-84.01188,37.53436],[-84.01188,37.53454],[-84.01187,37.53472],[-84.01209,37.53491],[-84.01208,37.53509],[-84.01207,37.53527],[-84.01207,37.53545],[-84.01228,37.53563],[-84.0125,37.53582],[-84.01272,37.536],[-84.01294,37.53619],[-84.01316,37.53637],[-84.01315,37.53655],[-84.01315,37.53673],[-84.01314,37.53691],[-84.01313,37.53709],[-84.01312,37.53727]]},"properties":{"rank":77,"priority":"MODERATE TARGET","kind":"primary"}},{"type":"Feature","geometry":{"type":"LineString","coordinates":[[-84.01312,37.53727],[-84.01289,37.53745],[-84.01266,37.53762],[-84.01265,37.5378],[-84.01264,37.53798],[-84.01241,37.53816],[-84.0124,37.53834],[-84.01217,37.53851],[-84.01194,37.53869],[-84.0117,37.53886],[-84.01147,37.53903],[-84.01124,37.53921],[-84.01101,37.5392],[-84.01078,37.53938],[-84.01055,37.53937],[-84.01032,37.53937]]},"properties":{"rank":77,"priority":"MODERATE TARGET","kind":"extended"}},{"type":"Feature","geometry":{"type":"LineString","coordinates":[[-84.0244,37.6291],[-84.02441,37.62892],[-84.02442,37.62874],[-84.02443,37.62856],[-84.02443,37.62838],[-84.02444,37.6282],[-84.02445,37.62802],[-84.02445,37.62784]]},"properties":{"rank":78,"priority":"MODERATE TARGET","kind":"source"}},{"type":"Feature","geometry":{"type":"LineString","coordinates":[[-84.0244,37.6291],[-84.02441,37.62892],[-84.02442,37.62874],[-84.02443,37.62856],[-84.02443,37.62838],[-84.02444,37.6282],[-84.02445,37.62802],[-84.02445,37.62784],[-84.02446,37.62766],[-84.02424,37.62748],[-84.02425,37.6273],[-84.02426,37.62712],[-84.02426,37.62694],[-84.02427,37.62676],[-84.02428,37.62658],[-84.02428,37.6264],[-84.02429,37.62622],[-84.0243,37.62604],[-84.02431,37.62586],[-84.02431,37.62568],[-84.02432,37.6255],[-84.02455,37.62532],[-84.02456,37.62514],[-84.02457,37.62496],[-84.02458,37.62478],[-84.02481,37.62461],[-84.02482,37.62443],[-84.02505,37.62426],[-84.02506,37.62408],[-84.02506,37.6239],[-84.02507,37.62372],[-84.02508,37.62354],[-84.02509,37.62336],[-84.02509,37.62318],[-84.0251,37.623],[-84.02511,37.62282],[-84.02489,37.62263],[-84.0249,37.62245],[-84.0249,37.62227],[-84.02491,37.62209],[-84.02492,37.62191],[-84.02515,37.62174],[-84.02516,37.62156],[-84.02517,37.62138],[-84.02517,37.6212],[-84.02541,37.62102],[-84.02541,37.62084],[-84.02542,37.62066],[-84.02565,37.62049],[-84.02566,37.62031],[-84.02589,37.62013],[-84.0259,37.61995],[-84.02591,37.61977],[-84.02569,37.61959],[-84.0257,37.61941],[-84.0257,37.61923],[-84.02571,37.61905],[-84.02572,37.61887]]},"properties":{"rank":78,"priority":"MODERATE TARGET","kind":"primary"}},{"type":"Feature","geometry":{"type":"LineString","coordinates":[[-84.02572,37.61887],[-84.02573,37.61869],[-84.02573,37.61851],[-84.02574,37.61833],[-84.02597,37.61815],[-84.02598,37.61797],[-84.02621,37.6178],[-84.02622,37.61762],[-84.02623,37.61744],[-84.02624,37.61726],[-84.02624,37.61708],[-84.02647,37.61708],[-84.0267,37.61691],[-84.02671,37.61673],[-84.02672,37.61655],[-84.02672,37.61637],[-84.02673,37.61619],[-84.02696,37.61601],[-84.02697,37.61583],[-84.02698,37.61565],[-84.02699,37.61547],[-84.02699,37.61529],[-84.02677,37.61511],[-84.02678,37.61493],[-84.02656,37.61474],[-84.02634,37.61456],[-84.02612,37.61437],[-84.0259,37.61419],[-84.02568,37.61418],[-84.02546,37.61399],[-84.02547,37.61381],[-84.0257,37.61364],[-84.02571,37.61346],[-84.02571,37.61328],[-84.02572,37.6131],[-84.02573,37.61292],[-84.02551,37.61273],[-84.02552,37.61255],[-84.0253,37.61237],[-84.0253,37.61219],[-84.02509,37.612],[-84.02509,37.61182],[-84.02487,37.61164],[-84.02465,37.61163],[-84.02443,37.61145],[-84.0242,37.61144],[-84.02398,37.61125],[-84.02376,37.61125],[-84.02353,37.61124],[-84.0233,37.61124]]},"properties":{"rank":78,"priority":"MODERATE TARGET","kind":"extended"}},{"type":"Feature","geometry":{"type":"LineString","coordinates":[[-83.9045,37.5312],[-83.90475,37.53124],[-83.90497,37.53142],[-83.90519,37.53143],[-83.90542,37.53144],[-83.90565,37.53144]]},"properties":{"rank":79,"priority":"MODERATE TARGET","kind":"source"}},{"type":"Feature","geometry":{"type":"LineString","coordinates":[[-83.9045,37.5312],[-83.90475,37.53124],[-83.90497,37.53142],[-83.90519,37.53143],[-83.90542,37.53144],[-83.90565,37.53144],[-83.90586,37.53163],[-83.90609,37.53163],[-83.90631,37.53182],[-83.90654,37.53182],[-83.90676,37.53183],[-83.90698,37.53202],[-83.90721,37.53202],[-83.90743,37.53203],[-83.90765,37.53221],[-83.90788,37.53222],[-83.9081,37.53223],[-83.9081,37.53241],[-83.90809,37.53259],[-83.90785,37.53276],[-83.90785,37.53294],[-83.90761,37.53311],[-83.90738,37.53329],[-83.90715,37.53346],[-83.90714,37.53364],[-83.90691,37.53382],[-83.9069,37.534],[-83.90712,37.53418],[-83.90734,37.53437],[-83.90733,37.53455],[-83.90755,37.53473],[-83.90777,37.53474],[-83.90799,37.53493]]},"properties":{"rank":79,"priority":"MODERATE TARGET","kind":"primary"}},{"type":"Feature","geometry":{"type":"LineString","coordinates":[[-83.8819,37.6781],[-83.88187,37.67822],[-83.88164,37.67839],[-83.8814,37.67857]]},"properties":{"rank":80,"priority":"MODERATE TARGET","kind":"source"}},{"type":"Feature","geometry":{"type":"LineString","coordinates":[[-83.8819,37.6781],[-83.88187,37.67822],[-83.88164,37.67839],[-83.8814,37.67857],[-83.88139,37.67875],[-83.88139,37.67893],[-83.88138,37.67911],[-83.88115,37.67928],[-83.88114,37.67946],[-83.8809,37.67964],[-83.8809,37.67982],[-83.88089,37.68],[-83.88088,37.68018],[-83.8811,37.68036],[-83.88109,37.68054],[-83.88108,37.68072],[-83.88086,37.68072],[-83.88063,37.68071],[-83.88041,37.6807],[-83.88017,37.68088],[-83.87994,37.68105],[-83.87971,37.68105],[-83.87948,37.68122],[-83.87924,37.68139],[-83.87902,37.68139],[-83.87879,37.68138],[-83.87856,37.68138],[-83.87834,37.68137],[-83.8781,37.68154],[-83.87788,37.68154],[-83.87764,37.68171],[-83.87742,37.68171],[-83.87718,37.68188],[-83.87696,37.68187],[-83.87673,37.68187],[-83.8765,37.68186],[-83.87628,37.68186],[-83.87605,37.68185],[-83.87582,37.68184],[-83.8756,37.68184],[-83.87536,37.68201],[-83.87514,37.68201],[-83.87492,37.68182],[-83.87469,37.68181],[-83.87446,37.68181],[-83.87424,37.6818],[-83.87401,37.6818],[-83.87378,37.68179],[-83.87357,37.6816],[-83.87335,37.68142],[-83.87313,37.68123],[-83.8729,37.68123],[-83.87267,37.68122],[-83.87245,37.68121],[-83.87223,37.68103]]},"properties":{"rank":80,"priority":"MODERATE TARGET","kind":"primary"}},{"type":"Feature","geometry":{"type":"LineString","coordinates":[[-83.87223,37.68103],[-83.87201,37.68084],[-83.87179,37.68066],[-83.87157,37.68047],[-83.87135,37.68046],[-83.87112,37.68046],[-83.8709,37.68027],[-83.87068,37.68009],[-83.87046,37.68008],[-83.87024,37.67989],[-83.87001,37.67989],[-83.87002,37.67971],[-83.87003,37.67953],[-83.87003,37.67935],[-83.86981,37.67916],[-83.86982,37.67898],[-83.8696,37.6788],[-83.86961,37.67862],[-83.86962,37.67844],[-83.86985,37.67826],[-83.87009,37.67809],[-83.87009,37.67791],[-83.87033,37.67773],[-83.87056,37.67756],[-83.8708,37.67739],[-83.87103,37.67721],[-83.87104,37.67703],[-83.87127,37.67686],[-83.87128,37.67668],[-83.87151,37.6765],[-83.87175,37.67633],[-83.87153,37.67614],[-83.87131,37.67596],[-83.87108,37.67595],[-83.87086,37.67577],[-83.87064,37.67558],[-83.87043,37.67539],[-83.87043,37.67521],[-83.87044,37.67503]]},"properties":{"rank":80,"priority":"MODERATE TARGET","kind":"extended"}},{"type":"Feature","geometry":{"type":"LineString","coordinates":[[-83.8451,37.6136],[-83.84516,37.61363],[-83.84538,37.61364],[-83.84561,37.61364],[-83.84583,37.61365],[-83.84606,37.61366],[-83.84629,37.61366],[-83.84651,37.61385],[-83.84673,37.61385],[-83.84696,37.61386]]},"properties":{"rank":81,"priority":"MODERATE TARGET","kind":"source"}},{"type":"Feature","geometry":{"type":"LineString","coordinates":[[-83.8451,37.6136],[-83.84516,37.61363],[-83.84538,37.61364],[-83.84561,37.61364],[-83.84583,37.61365],[-83.84606,37.61366],[-83.84629,37.61366],[-83.84651,37.61385],[-83.84673,37.61385],[-83.84696,37.61386],[-83.84718,37.61387],[-83.84741,37.61387],[-83.84764,37.61388],[-83.84786,37.61406],[-83.84808,37.61407],[-83.8483,37.61426],[-83.84853,37.61426],[-83.84875,37.61445],[-83.84897,37.61446],[-83.8492,37.61446],[-83.84942,37.61447],[-83.84965,37.61447],[-83.84988,37.61448],[-83.8501,37.61467],[-83.85032,37.61467],[-83.85055,37.61468],[-83.85077,37.61468],[-83.851,37.61469],[-83.85123,37.61452],[-83.85146,37.61452],[-83.85169,37.61435],[-83.85192,37.61435],[-83.85215,37.61436],[-83.85238,37.61419],[-83.85261,37.61419],[-83.85284,37.61402],[-83.85307,37.61402],[-83.85329,37.61403],[-83.85352,37.61404],[-83.85375,37.61404],[-83.85398,37.61387],[-83.85421,37.61369],[-83.85422,37.61351],[-83.85446,37.61334],[-83.85469,37.61317],[-83.8547,37.61299],[-83.85493,37.61281],[-83.85516,37.61264],[-83.85517,37.61246],[-83.85541,37.61228],[-83.85564,37.61211],[-83.85565,37.61193],[-83.85588,37.61176],[-83.85589,37.61158],[-83.85612,37.6114]]},"properties":{"rank":81,"priority":"MODERATE TARGET","kind":"primary"}},{"type":"Feature","geometry":{"type":"LineString","coordinates":[[-83.85612,37.6114],[-83.85636,37.61123],[-83.85636,37.61105],[-83.8566,37.61087],[-83.85683,37.6107],[-83.85684,37.61052],[-83.85707,37.61035],[-83.85731,37.61017],[-83.85754,37.61],[-83.85755,37.60982],[-83.85778,37.60964],[-83.85802,37.60947],[-83.85825,37.6093]]},"properties":{"rank":81,"priority":"MODERATE TARGET","kind":"extended"}},{"type":"Feature","geometry":{"type":"LineString","coordinates":[[-83.9351,37.7629],[-83.93528,37.76305],[-83.9355,37.76324],[-83.93573,37.76325],[-83.93595,37.76325]]},"properties":{"rank":82,"priority":"MODERATE TARGET","kind":"source"}},{"type":"Feature","geometry":{"type":"LineString","coordinates":[[-83.9351,37.7629],[-83.93528,37.76305],[-83.9355,37.76324],[-83.93573,37.76325],[-83.93595,37.76325],[-83.93618,37.76326],[-83.93641,37.76326],[-83.93663,37.76327],[-83.93686,37.76328],[-83.93709,37.76328],[-83.93731,37.76329],[-83.93754,37.76329],[-83.93778,37.76312],[-83.938,37.76313],[-83.93824,37.76295],[-83.93846,37.76296],[-83.9387,37.76278],[-83.93893,37.76261],[-83.93916,37.76261],[-83.93939,37.76244],[-83.93963,37.76227],[-83.93986,37.76209],[-83.9401,37.76192],[-83.94033,37.76174],[-83.94056,37.76175],[-83.94079,37.76158],[-83.94102,37.7614],[-83.94126,37.76123],[-83.94149,37.76105],[-83.94173,37.76088],[-83.94196,37.76071],[-83.9422,37.76053],[-83.94242,37.76054],[-83.94266,37.76036],[-83.94266,37.76018],[-83.9429,37.76001],[-83.94312,37.76001],[-83.94336,37.75984],[-83.94359,37.75967],[-83.94383,37.75949],[-83.94406,37.75932],[-83.9443,37.75914],[-83.94453,37.75897],[-83.94476,37.75898],[-83.94498,37.75916],[-83.94521,37.75899],[-83.94522,37.75881],[-83.94545,37.75863],[-83.94569,37.75846],[-83.94592,37.75829]]},"properties":{"rank":82,"priority":"MODERATE TARGET","kind":"primary"}},{"type":"Feature","geometry":{"type":"LineString","coordinates":[[-83.94592,37.75829],[-83.94593,37.75811],[-83.94616,37.75793],[-83.94639,37.75794],[-83.94662,37.75776],[-83.94663,37.75758],[-83.94686,37.75741],[-83.94687,37.75723],[-83.9471,37.75705],[-83.94734,37.75688],[-83.94757,37.75671],[-83.94781,37.75653],[-83.94804,37.75636],[-83.94828,37.75618],[-83.94851,37.75601],[-83.94852,37.75583],[-83.94875,37.75566],[-83.94898,37.75566],[-83.9492,37.75567],[-83.94944,37.75549],[-83.94967,37.7555],[-83.9499,37.75532],[-83.95013,37.75533],[-83.95036,37.75516],[-83.95037,37.75498],[-83.9506,37.7548],[-83.95061,37.75462],[-83.95062,37.75444],[-83.95085,37.75427],[-83.95086,37.75409],[-83.95109,37.75391],[-83.95133,37.75374],[-83.95156,37.75357],[-83.95179,37.75357],[-83.95201,37.75376],[-83.95223,37.75376],[-83.95247,37.75359],[-83.95269,37.7536],[-83.95293,37.75342],[-83.95316,37.75325],[-83.9534,37.75307],[-83.95363,37.7529],[-83.95364,37.75272],[-83.95387,37.75254],[-83.95411,37.75237],[-83.95434,37.7522],[-83.95435,37.75202],[-83.95435,37.75184],[-83.95459,37.75166],[-83.9546,37.75148],[-83.95483,37.75131],[-83.95484,37.75113],[-83.95485,37.75095],[-83.95485,37.75077],[-83.95509,37.75059],[-83.95532,37.75042],[-83.95533,37.75024],[-83.95556,37.75007],[-83.9558,37.74989],[-83.95558,37.74971],[-83.95558,37.74953],[-83.95559,37.74935],[-83.9556,37.74917],[-83.95561,37.74899],[-83.95561,37.74881],[-83.95562,37.74863],[-83.95563,37.74845],[-83.95586,37.74827],[-83.9561,37.7481],[-83.95633,37.74792],[-83.95657,37.74775],[-83.9568,37.74757],[-83.95703,37.7474],[-83.95704,37.74722],[-83.95705,37.74704],[-83.95706,37.74686],[-83.95706,37.74668],[-83.95707,37.7465],[-83.95708,37.74632],[-83.95708,37.74614],[-83.95732,37.74597],[-83.9571,37.74578],[-83.95688,37.74559],[-83.95689,37.74541],[-83.9569,37.74523],[-83.9569,37.74505],[-83.95691,37.74487],[-83.95692,37.74469],[-83.95692,37.74451],[-83.95671,37.74433],[-83.95671,37.74415],[-83.95672,37.74397],[-83.95695,37.74379],[-83.95696,37.74361],[-83.9572,37.74344],[-83.95698,37.74325],[-83.95698,37.74307],[-83.95722,37.7429],[-83.95723,37.74272],[-83.95723,37.74254],[-83.95724,37.74236],[-83.95747,37.74219],[-83.95771,37.74201],[-83.95772,37.74183],[-83.95772,37.74165],[-83.95796,37.74148],[-83.95796,37.7413],[-83.9582,37.74112],[-83.95843,37.74095],[-83.95844,37.74077],[-83.95867,37.7406],[-83.95868,37.74042],[-83.95892,37.74024],[-83.95892,37.74006],[-83.95916,37.73989],[-83.95916,37.73971],[-83.95917,37.73953]]},"properties":{"rank":82,"priority":"MODERATE TARGET","kind":"extended"}},{"type":"Feature","geometry":{"type":"LineString","coordinates":[[-83.9109,37.5624],[-83.91116,37.5624],[-83.91138,37.56241],[-83.91161,37.56241],[-83.91184,37.56224],[-83.91207,37.56224]]},"properties":{"rank":83,"priority":"MODERATE TARGET","kind":"source"}},{"type":"Feature","geometry":{"type":"LineString","coordinates":[[-83.9109,37.5624],[-83.91116,37.5624],[-83.91138,37.56241],[-83.91161,37.56241],[-83.91184,37.56224],[-83.91207,37.56224],[-83.91229,37.56225],[-83.91252,37.56226],[-83.91275,37.56226],[-83.91297,37.56227],[-83.9132,37.56227],[-83.91342,37.56228],[-83.91364,37.56247],[-83.91387,37.56247],[-83.9141,37.56248],[-83.91433,37.5623],[-83.91456,37.56213],[-83.91479,37.56213],[-83.91502,37.56196],[-83.91525,37.56197],[-83.91547,37.56197],[-83.9157,37.56198],[-83.91592,37.56216],[-83.91614,37.56235],[-83.91636,37.56236],[-83.91659,37.56236],[-83.91682,37.56237],[-83.91704,37.56237],[-83.91726,37.56256],[-83.91749,37.56257],[-83.91771,37.56257],[-83.91794,37.56258],[-83.91817,37.56258],[-83.91838,37.56277],[-83.9186,37.56296],[-83.9186,37.56314],[-83.91881,37.56332],[-83.91904,37.56333],[-83.91926,37.56351],[-83.91925,37.56369],[-83.91947,37.56388],[-83.9197,37.56389],[-83.91992,37.56407],[-83.92013,37.56426],[-83.92036,37.56426],[-83.92059,37.56409],[-83.92083,37.56391]]},"properties":{"rank":83,"priority":"MODERATE TARGET","kind":"primary"}},{"type":"Feature","geometry":{"type":"LineString","coordinates":[[-83.9476,37.601],[-83.94738,37.60119],[-83.94714,37.60136],[-83.94692,37.60135],[-83.94668,37.60153],[-83.94668,37.60171]]},"properties":{"rank":84,"priority":"MODERATE TARGET","kind":"source"}},{"type":"Feature","geometry":{"type":"LineString","coordinates":[[-83.9476,37.601],[-83.94738,37.60119],[-83.94714,37.60136],[-83.94692,37.60135],[-83.94668,37.60153],[-83.94668,37.60171],[-83.94644,37.60188],[-83.94621,37.60206],[-83.94597,37.60223],[-83.94574,37.60241],[-83.94573,37.60259],[-83.94573,37.60277],[-83.94549,37.60294],[-83.94548,37.60312],[-83.9457,37.60331],[-83.9457,37.60349],[-83.94569,37.60367],[-83.94568,37.60385],[-83.94567,37.60403],[-83.94567,37.60421],[-83.94566,37.60439],[-83.94565,37.60457],[-83.94542,37.60474],[-83.94541,37.60492],[-83.94518,37.60509],[-83.94494,37.60527],[-83.94471,37.60544],[-83.9447,37.60562],[-83.9447,37.6058],[-83.94446,37.60598],[-83.94445,37.60616],[-83.94422,37.60633],[-83.94399,37.6065],[-83.94375,37.60668],[-83.94352,37.60685],[-83.94351,37.60703],[-83.94328,37.60721],[-83.94305,37.60738],[-83.94281,37.60756],[-83.94258,37.60773],[-83.94257,37.60791],[-83.94256,37.60809],[-83.94233,37.60826],[-83.9421,37.60844],[-83.94209,37.60862],[-83.94186,37.60879],[-83.94185,37.60897],[-83.94184,37.60915],[-83.94183,37.60933],[-83.9416,37.60951],[-83.94159,37.60969],[-83.94158,37.60987]]},"properties":{"rank":84,"priority":"MODERATE TARGET","kind":"primary"}},{"type":"Feature","geometry":{"type":"LineString","coordinates":[[-83.94158,37.60987],[-83.94158,37.61005],[-83.94157,37.61023],[-83.94134,37.6104],[-83.94133,37.61058],[-83.94132,37.61076],[-83.94131,37.61094],[-83.94108,37.61111],[-83.94085,37.61129],[-83.94061,37.61146],[-83.94061,37.61164],[-83.9406,37.61182],[-83.94059,37.612],[-83.94036,37.61218],[-83.94012,37.61235],[-83.9399,37.61235],[-83.93967,37.61234],[-83.93944,37.61233],[-83.93921,37.61251]]},"properties":{"rank":84,"priority":"MODERATE TARGET","kind":"extended"}},{"type":"Feature","geometry":{"type":"LineString","coordinates":[[-83.9836,37.5528],[-83.98353,37.55292],[-83.98329,37.55309],[-83.98306,37.55327],[-83.98283,37.55344],[-83.98282,37.55362]]},"properties":{"rank":85,"priority":"MODERATE TARGET","kind":"source"}},{"type":"Feature","geometry":{"type":"LineString","coordinates":[[-83.9836,37.5528],[-83.98353,37.55292],[-83.98329,37.55309],[-83.98306,37.55327],[-83.98283,37.55344],[-83.98282,37.55362],[-83.98281,37.5538],[-83.9828,37.55398],[-83.9828,37.55416],[-83.98256,37.55434],[-83.98256,37.55452],[-83.98255,37.5547],[-83.98254,37.55488],[-83.98253,37.55506],[-83.98253,37.55524],[-83.98252,37.55542],[-83.98251,37.5556],[-83.98251,37.55578],[-83.9825,37.55596],[-83.98249,37.55614],[-83.98248,37.55632],[-83.98248,37.5565],[-83.98247,37.55668],[-83.98246,37.55686],[-83.98268,37.55704],[-83.9829,37.55723],[-83.98313,37.55723],[-83.98334,37.55742],[-83.98357,37.55743],[-83.9838,37.55743],[-83.98402,37.55762],[-83.98423,37.5578],[-83.98423,37.55798],[-83.98422,37.55816],[-83.98399,37.55834],[-83.98376,37.55833],[-83.98353,37.55851],[-83.9833,37.5585],[-83.98307,37.55868]]},"properties":{"rank":85,"priority":"MODERATE TARGET","kind":"primary"}},{"type":"Feature","geometry":{"type":"LineString","coordinates":[[-84.0105,37.5551],[-84.01038,37.55505],[-84.01038,37.55487],[-84.01016,37.55468],[-84.01017,37.5545],[-84.01018,37.55432],[-84.01019,37.55414],[-84.00997,37.55395],[-84.00997,37.55377]]},"properties":{"rank":86,"priority":"MODERATE TARGET","kind":"source"}},{"type":"Feature","geometry":{"type":"LineString","coordinates":[[-84.0105,37.5551],[-84.01038,37.55505],[-84.01038,37.55487],[-84.01016,37.55468],[-84.01017,37.5545],[-84.01018,37.55432],[-84.01019,37.55414],[-84.00997,37.55395],[-84.00997,37.55377],[-84.00976,37.55359],[-84.00954,37.5534],[-84.00932,37.55322],[-84.00909,37.55321],[-84.00887,37.5532],[-84.00865,37.55302],[-84.00843,37.55283],[-84.0082,37.55283],[-84.00798,37.55264],[-84.00776,37.55246],[-84.00754,37.55245],[-84.00731,37.55244],[-84.00709,37.55226],[-84.00687,37.55225],[-84.00664,37.55225],[-84.00641,37.55224],[-84.00619,37.55224],[-84.00596,37.55223],[-84.00573,37.5524],[-84.0055,37.5524],[-84.00528,37.55239],[-84.00505,37.55239]]},"properties":{"rank":86,"priority":"MODERATE TARGET","kind":"primary"}},{"type":"Feature","geometry":{"type":"LineString","coordinates":[[-83.9187,37.7421],[-83.91867,37.74208],[-83.9189,37.74208],[-83.91913,37.74209],[-83.91936,37.74192]]},"properties":{"rank":87,"priority":"MODERATE TARGET","kind":"source"}},{"type":"Feature","geometry":{"type":"LineString","coordinates":[[-83.9187,37.7421],[-83.91867,37.74208],[-83.9189,37.74208],[-83.91913,37.74209],[-83.91936,37.74192],[-83.91959,37.74192],[-83.91982,37.74193],[-83.92004,37.74193],[-83.92028,37.74176],[-83.9205,37.74177],[-83.92074,37.74159],[-83.92096,37.7416],[-83.9212,37.74142],[-83.92142,37.74143],[-83.92166,37.74126],[-83.92189,37.74126],[-83.92212,37.74109],[-83.92235,37.74091],[-83.92259,37.74074],[-83.92281,37.74074],[-83.92282,37.74056],[-83.9226,37.74038],[-83.92261,37.7402],[-83.92262,37.74002],[-83.92262,37.73984],[-83.92241,37.73965],[-83.92241,37.73947],[-83.92242,37.73929],[-83.92243,37.73911],[-83.92244,37.73893],[-83.92244,37.73875],[-83.92245,37.73857],[-83.92246,37.73839],[-83.92247,37.73821],[-83.92247,37.73803],[-83.92225,37.73785],[-83.92226,37.73767],[-83.92204,37.73748],[-83.92205,37.7373],[-83.92183,37.73711],[-83.92184,37.73693],[-83.92185,37.73675],[-83.92185,37.73657],[-83.92186,37.73639],[-83.92187,37.73621],[-83.92187,37.73603],[-83.92211,37.73586],[-83.92212,37.73568],[-83.92212,37.7355],[-83.92213,37.73532],[-83.92214,37.73514],[-83.92215,37.73496],[-83.92238,37.73479],[-83.92239,37.73461],[-83.9224,37.73443],[-83.9224,37.73425]]},"properties":{"rank":87,"priority":"MODERATE TARGET","kind":"primary"}},{"type":"Feature","geometry":{"type":"LineString","coordinates":[[-83.9224,37.73425],[-83.92241,37.73407],[-83.92242,37.73389],[-83.92243,37.73371],[-83.92243,37.73353],[-83.92244,37.73335],[-83.92245,37.73317],[-83.92246,37.73299],[-83.92246,37.73281],[-83.92224,37.73262],[-83.92225,37.73244],[-83.92226,37.73226],[-83.92227,37.73208],[-83.92205,37.73189],[-83.92205,37.73171],[-83.92206,37.73153],[-83.92184,37.73135],[-83.92185,37.73117],[-83.92186,37.73099],[-83.92186,37.73081],[-83.92187,37.73063],[-83.92188,37.73045],[-83.92211,37.73027],[-83.92212,37.73009],[-83.92213,37.72991],[-83.92191,37.72973],[-83.92214,37.72955],[-83.92215,37.72937],[-83.92193,37.72919],[-83.92171,37.729],[-83.92149,37.72882],[-83.9215,37.72864],[-83.92128,37.72845],[-83.92129,37.72827],[-83.92107,37.72809],[-83.92085,37.7279],[-83.92063,37.72771],[-83.9204,37.72771],[-83.92019,37.72752],[-83.91997,37.72734],[-83.91975,37.72715],[-83.91953,37.72696],[-83.9193,37.72696],[-83.91908,37.72677],[-83.91886,37.72659],[-83.91864,37.72658],[-83.91842,37.72639],[-83.9182,37.72621],[-83.91798,37.72602],[-83.91775,37.72602],[-83.91753,37.72583],[-83.91731,37.72582],[-83.91709,37.72564],[-83.9171,37.72546],[-83.91688,37.72527],[-83.91666,37.72509],[-83.91644,37.7249],[-83.91622,37.72471],[-83.916,37.72453],[-83.91578,37.72434],[-83.91555,37.72434],[-83.91533,37.72415],[-83.91534,37.72397],[-83.91535,37.72379],[-83.91536,37.72361],[-83.91559,37.72344],[-83.91582,37.72344],[-83.91604,37.72345],[-83.91628,37.72327],[-83.91651,37.7231],[-83.91629,37.72291],[-83.9163,37.72273],[-83.91608,37.72255],[-83.91586,37.72236],[-83.91564,37.72218],[-83.91542,37.72199],[-83.91543,37.72181],[-83.91567,37.72164],[-83.9159,37.72146],[-83.91613,37.72129],[-83.91637,37.72111],[-83.91615,37.72093],[-83.91593,37.72074],[-83.9157,37.72074],[-83.91548,37.72055],[-83.91549,37.72037],[-83.91573,37.7202],[-83.91596,37.72002],[-83.91574,37.71984],[-83.91552,37.71965],[-83.91553,37.71947],[-83.91554,37.71929],[-83.91532,37.7191],[-83.91532,37.71892],[-83.91533,37.71874],[-83.91557,37.71857],[-83.91557,37.71839],[-83.91558,37.71821],[-83.91536,37.71802],[-83.9156,37.71785],[-83.9156,37.71767],[-83.91561,37.71749],[-83.91562,37.71731],[-83.91585,37.71714],[-83.91586,37.71696],[-83.91609,37.71678],[-83.9161,37.7166],[-83.91611,37.71642],[-83.91589,37.71624],[-83.9159,37.71606],[-83.9159,37.71588],[-83.91591,37.7157],[-83.91569,37.71551],[-83.9157,37.71533],[-83.91548,37.71514],[-83.91549,37.71496],[-83.9155,37.71478]]},"properties":{"rank":87,"priority":"MODERATE TARGET","kind":"extended"}},{"type":"Feature","geometry":{"type":"LineString","coordinates":[[-83.9424,37.6553],[-83.94221,37.65529],[-83.94199,37.65529],[-83.94176,37.65528],[-83.94153,37.65528]]},"properties":{"rank":88,"priority":"MODERATE TARGET","kind":"source"}},{"type":"Feature","geometry":{"type":"LineString","coordinates":[[-83.9424,37.6553],[-83.94221,37.65529],[-83.94199,37.65529],[-83.94176,37.65528],[-83.94153,37.65528],[-83.9413,37.65545],[-83.94107,37.65562],[-83.94084,37.65562],[-83.94083,37.6558],[-83.94083,37.65598],[-83.94082,37.65616],[-83.94058,37.65633],[-83.94058,37.65651],[-83.94057,37.65669],[-83.94056,37.65687],[-83.94055,37.65705],[-83.94055,37.65723],[-83.94054,37.65741],[-83.94053,37.65759],[-83.94053,37.65777],[-83.94052,37.65795],[-83.94028,37.65813],[-83.94028,37.65831],[-83.94027,37.65849],[-83.94026,37.65867],[-83.94025,37.65885],[-83.94025,37.65903],[-83.94001,37.6592],[-83.94001,37.65938],[-83.94,37.65956],[-83.93999,37.65974],[-83.93976,37.65992],[-83.93975,37.6601],[-83.93952,37.66027],[-83.93951,37.66045],[-83.9395,37.66063],[-83.93949,37.66081],[-83.93949,37.66099],[-83.93948,37.66117],[-83.93947,37.66135],[-83.93946,37.66153],[-83.93946,37.66171],[-83.93945,37.66189],[-83.93944,37.66207],[-83.93921,37.66224],[-83.9392,37.66242],[-83.93897,37.6626],[-83.93896,37.66278],[-83.93873,37.66295],[-83.93872,37.66313],[-83.93848,37.66331],[-83.93825,37.66348],[-83.93802,37.66365],[-83.93778,37.66383],[-83.93755,37.664],[-83.93732,37.66418]]},"properties":{"rank":88,"priority":"MODERATE TARGET","kind":"primary"}},{"type":"Feature","geometry":{"type":"LineString","coordinates":[[-83.93732,37.66418],[-83.93708,37.66435],[-83.93685,37.66452],[-83.93684,37.6647],[-83.93661,37.6647],[-83.93638,37.66487],[-83.93615,37.66487],[-83.93592,37.66504],[-83.93569,37.66504],[-83.93547,37.66503],[-83.93525,37.66484],[-83.93502,37.66484],[-83.93479,37.66483],[-83.93457,37.66483],[-83.93434,37.66482],[-83.93412,37.66481],[-83.93389,37.66481],[-83.93366,37.6648],[-83.93343,37.66498],[-83.9332,37.66497],[-83.93297,37.66514],[-83.93274,37.66514],[-83.93251,37.66531],[-83.93227,37.66549],[-83.93205,37.66548],[-83.93181,37.66566],[-83.93158,37.66583],[-83.93157,37.66601],[-83.93134,37.66618],[-83.93133,37.66636],[-83.9311,37.66654],[-83.93109,37.66672],[-83.93086,37.66689],[-83.93062,37.66707],[-83.93039,37.66724],[-83.93015,37.66741],[-83.93015,37.66759],[-83.93037,37.66778],[-83.93059,37.66779],[-83.93081,37.66797],[-83.93103,37.66816],[-83.93102,37.66834],[-83.93124,37.66852],[-83.93146,37.66871],[-83.93168,37.6689],[-83.9319,37.66908],[-83.93213,37.66909],[-83.93235,37.66909],[-83.93257,37.66928],[-83.93279,37.66946],[-83.93278,37.66964],[-83.93255,37.66982],[-83.93254,37.67],[-83.93276,37.67019],[-83.93298,37.67037],[-83.93321,37.67038],[-83.93343,37.67038],[-83.93365,37.67057],[-83.93388,37.67057],[-83.9341,37.67058],[-83.93433,37.67059],[-83.93455,37.67077],[-83.93477,37.67096],[-83.93499,37.67114],[-83.93521,37.67115],[-83.93543,37.67134],[-83.93565,37.67152],[-83.93587,37.67171],[-83.9361,37.67171],[-83.93632,37.6719],[-83.93631,37.67208],[-83.93653,37.67227],[-83.93676,37.67227],[-83.93697,37.67246],[-83.9372,37.67246],[-83.93743,37.67247],[-83.93765,37.67265],[-83.93787,37.67266],[-83.9381,37.67267],[-83.93832,37.67285],[-83.93855,37.67286],[-83.93876,37.67304],[-83.93898,37.67323],[-83.93921,37.67324],[-83.93943,37.67342],[-83.93965,37.67361],[-83.93987,37.67379],[-83.93986,37.67397],[-83.93985,37.67415],[-83.93962,37.67433],[-83.93961,37.67451],[-83.93983,37.67469],[-83.94006,37.6747],[-83.94028,37.67489],[-83.94049,37.67507],[-83.94071,37.67526],[-83.94094,37.67526],[-83.94117,37.67527],[-83.94139,37.67527],[-83.94161,37.67546],[-83.9416,37.67564],[-83.9416,37.67582],[-83.94136,37.67599],[-83.94136,37.67617],[-83.94135,37.67635],[-83.94157,37.67654],[-83.94156,37.67672],[-83.94178,37.67691],[-83.94177,37.67709],[-83.94199,37.67727],[-83.94222,37.67728],[-83.94244,37.67728],[-83.94267,37.67729],[-83.9429,37.6773],[-83.94312,37.67748],[-83.94334,37.67749],[-83.94357,37.67749]]},"properties":{"rank":88,"priority":"MODERATE TARGET","kind":"extended"}},{"type":"Feature","geometry":{"type":"LineString","coordinates":[[-83.9519,37.5457],[-83.9519,37.5458],[-83.95189,37.54598],[-83.95189,37.54616],[-83.95165,37.54633],[-83.95142,37.54651]]},"properties":{"rank":89,"priority":"MODERATE TARGET","kind":"source"}},{"type":"Feature","geometry":{"type":"LineString","coordinates":[[-83.9519,37.5457],[-83.9519,37.5458],[-83.95189,37.54598],[-83.95189,37.54616],[-83.95165,37.54633],[-83.95142,37.54651],[-83.95141,37.54669],[-83.95141,37.54687],[-83.95162,37.54705],[-83.95139,37.54723],[-83.95138,37.54741],[-83.95138,37.54759],[-83.95159,37.54777],[-83.95181,37.54796],[-83.95181,37.54814],[-83.95202,37.54833],[-83.95224,37.54851],[-83.95246,37.5487],[-83.95268,37.54888],[-83.95267,37.54906],[-83.95267,37.54924],[-83.95243,37.54942],[-83.9522,37.54959],[-83.95219,37.54977],[-83.95241,37.54996],[-83.95218,37.55013],[-83.95217,37.55031],[-83.95194,37.55049],[-83.95193,37.55067],[-83.95192,37.55085],[-83.95191,37.55103],[-83.95213,37.55121],[-83.95213,37.55139],[-83.95234,37.55158],[-83.95234,37.55176],[-83.95256,37.55194],[-83.95255,37.55212],[-83.95254,37.5523],[-83.95253,37.55248],[-83.9523,37.55266],[-83.95207,37.55283],[-83.95184,37.55283],[-83.95161,37.553],[-83.95137,37.55317],[-83.95114,37.55335],[-83.95091,37.55352],[-83.9509,37.5537],[-83.95067,37.55388],[-83.95043,37.55405],[-83.95021,37.55405],[-83.94997,37.55422]]},"properties":{"rank":89,"priority":"MODERATE TARGET","kind":"primary"}},{"type":"Feature","geometry":{"type":"LineString","coordinates":[[-83.94997,37.55422],[-83.94974,37.55439],[-83.94951,37.55439],[-83.94929,37.55438],[-83.94906,37.55438],[-83.94884,37.55419],[-83.94862,37.55418],[-83.94839,37.55418],[-83.94816,37.55417],[-83.94794,37.55417],[-83.94771,37.55416],[-83.94749,37.55416],[-83.94726,37.55415],[-83.94703,37.55414],[-83.94681,37.55414],[-83.94658,37.55413],[-83.94636,37.55413],[-83.94613,37.55412],[-83.9459,37.55411],[-83.94568,37.55411],[-83.94545,37.5541],[-83.94523,37.5541],[-83.945,37.55409],[-83.94477,37.55409],[-83.94455,37.55408],[-83.94432,37.55407],[-83.94409,37.55407],[-83.94388,37.55388],[-83.94365,37.55388],[-83.94342,37.55387],[-83.94321,37.55368],[-83.94298,37.55368],[-83.94275,37.55367],[-83.94253,37.55367],[-83.9423,37.55366]]},"properties":{"rank":89,"priority":"MODERATE TARGET","kind":"extended"}},{"type":"Feature","geometry":{"type":"LineString","coordinates":[[-84.002,37.5372],[-84.00203,37.53735],[-84.00225,37.53754],[-84.00224,37.53772],[-84.00246,37.5379],[-84.00268,37.53809],[-84.00267,37.53827],[-84.00267,37.53845],[-84.00266,37.53863]]},"properties":{"rank":90,"priority":"MODERATE TARGET","kind":"source"}},{"type":"Feature","geometry":{"type":"LineString","coordinates":[[-84.002,37.5372],[-84.00203,37.53735],[-84.00225,37.53754],[-84.00224,37.53772],[-84.00246,37.5379],[-84.00268,37.53809],[-84.00267,37.53827],[-84.00267,37.53845],[-84.00266,37.53863],[-84.00288,37.53882],[-84.0031,37.539],[-84.00332,37.53919],[-84.00331,37.53937],[-84.00308,37.53954],[-84.00329,37.53973],[-84.00329,37.53991],[-84.00328,37.54009],[-84.00327,37.54027],[-84.00327,37.54045],[-84.00326,37.54063],[-84.00325,37.54081],[-84.00347,37.54099],[-84.0037,37.541],[-84.00391,37.54119],[-84.00413,37.54137],[-84.00435,37.54156]]},"properties":{"rank":90,"priority":"MODERATE TARGET","kind":"primary"}},{"type":"Feature","geometry":{"type":"LineString","coordinates":[[-84.2882,37.5088],[-84.28821,37.50895],[-84.28843,37.50914],[-84.28865,37.50933]]},"properties":{"rank":91,"priority":"MODERATE TARGET","kind":"source"}},{"type":"Feature","geometry":{"type":"LineString","coordinates":[[-84.2882,37.5088],[-84.28821,37.50895],[-84.28843,37.50914],[-84.28865,37.50933],[-84.28864,37.50951],[-84.28886,37.50969],[-84.28886,37.50987],[-84.28885,37.51005],[-84.28907,37.51024],[-84.28906,37.51042],[-84.28906,37.5106],[-84.28905,37.51078],[-84.28904,37.51096],[-84.28904,37.51114],[-84.28903,37.51132],[-84.28902,37.5115],[-84.28925,37.5115],[-84.28947,37.51169],[-84.2897,37.51169],[-84.28992,37.5117],[-84.29015,37.5117],[-84.29037,37.51171],[-84.29061,37.51153],[-84.29083,37.51154],[-84.29105,37.51172],[-84.29128,37.51173],[-84.2915,37.51173],[-84.29173,37.51174],[-84.29196,37.51174],[-84.29218,37.51175],[-84.29241,37.51175],[-84.29263,37.51176],[-84.29286,37.51176],[-84.29309,37.51177],[-84.29331,37.51178],[-84.29354,37.51178],[-84.29376,37.51179],[-84.29399,37.51179],[-84.29422,37.5118],[-84.29444,37.5118],[-84.29467,37.51181],[-84.29489,37.51181],[-84.29512,37.51182],[-84.29534,37.512],[-84.29557,37.51201],[-84.2958,37.51183],[-84.29602,37.51184],[-84.29624,37.51202],[-84.29646,37.51221],[-84.2967,37.51203],[-84.29692,37.51204],[-84.29715,37.51204],[-84.29738,37.51187],[-84.29761,37.51169],[-84.29785,37.51152],[-84.29785,37.51134]]},"properties":{"rank":91,"priority":"MODERATE TARGET","kind":"primary"}},{"type":"Feature","geometry":{"type":"LineString","coordinates":[[-84.29785,37.51134],[-84.29786,37.51116],[-84.29809,37.51098],[-84.29832,37.51081],[-84.29833,37.51063],[-84.29834,37.51045],[-84.29857,37.51027],[-84.29858,37.51009],[-84.29881,37.50992],[-84.29903,37.50992],[-84.29904,37.50974],[-84.29927,37.50957],[-84.29951,37.50939],[-84.29951,37.50921],[-84.29975,37.50904],[-84.29953,37.50885],[-84.29976,37.50868],[-84.29999,37.5085],[-84.30022,37.50851],[-84.30022,37.50833],[-84.30046,37.50815],[-84.30068,37.50816],[-84.30091,37.50798],[-84.30115,37.50781],[-84.30138,37.50763],[-84.30161,37.50764],[-84.30161,37.50746],[-84.30184,37.50728],[-84.30208,37.50711],[-84.3023,37.50711],[-84.30253,37.50712],[-84.30276,37.50695],[-84.30299,37.50695],[-84.30321,37.50696],[-84.30345,37.50678],[-84.30368,37.50661],[-84.30369,37.50643],[-84.30392,37.50625],[-84.30414,37.50626],[-84.30438,37.50608],[-84.30438,37.5059],[-84.30462,37.50573],[-84.30484,37.50573],[-84.30507,37.50574],[-84.3053,37.50556],[-84.30553,37.50557],[-84.30576,37.50539],[-84.30576,37.50521],[-84.30577,37.50503],[-84.306,37.50486],[-84.30624,37.50468],[-84.30624,37.5045],[-84.30648,37.50433],[-84.30671,37.50415],[-84.30671,37.50397],[-84.30695,37.5038],[-84.30718,37.50362],[-84.30741,37.50345],[-84.30742,37.50327],[-84.30742,37.50309],[-84.30766,37.50291],[-84.30789,37.50274],[-84.30812,37.50256],[-84.30813,37.50238],[-84.30836,37.50221],[-84.30837,37.50203],[-84.3086,37.50185],[-84.30883,37.50168],[-84.30884,37.5015],[-84.30907,37.50132],[-84.3093,37.50115],[-84.30954,37.50097],[-84.30954,37.50079],[-84.30978,37.50062],[-84.30978,37.50044],[-84.31001,37.50026],[-84.31025,37.50009],[-84.31048,37.49991],[-84.31071,37.49974],[-84.31072,37.49956],[-84.31072,37.49938],[-84.31096,37.4992],[-84.31119,37.49903],[-84.31142,37.49885],[-84.31165,37.49868],[-84.31188,37.49868],[-84.31211,37.49851],[-84.31212,37.49833],[-84.31235,37.49815],[-84.31236,37.49797],[-84.31259,37.4978],[-84.31282,37.4978],[-84.31282,37.49762],[-84.31306,37.49745],[-84.31329,37.49727],[-84.31352,37.4971],[-84.31375,37.49692],[-84.31398,37.49693],[-84.31421,37.49675],[-84.31444,37.49658],[-84.31468,37.4964],[-84.3149,37.49641],[-84.31514,37.49623],[-84.31537,37.49606],[-84.31537,37.49588],[-84.31561,37.4957],[-84.31561,37.49552],[-84.31585,37.49535],[-84.31608,37.49517],[-84.31608,37.49499],[-84.31632,37.49482],[-84.31655,37.49464],[-84.31678,37.49447],[-84.31679,37.49429]]},"properties":{"rank":91,"priority":"MODERATE TARGET","kind":"extended"}},{"type":"Feature","geometry":{"type":"LineString","coordinates":[[-83.8203,37.7941],[-83.82045,37.79425],[-83.82044,37.79443],[-83.82044,37.79461],[-83.82043,37.79479],[-83.82042,37.79497],[-83.82041,37.79515],[-83.82041,37.79533],[-83.8204,37.79551]]},"properties":{"rank":92,"priority":"MODERATE TARGET","kind":"source"}},{"type":"Feature","geometry":{"type":"LineString","coordinates":[[-83.8203,37.7941],[-83.82045,37.79425],[-83.82044,37.79443],[-83.82044,37.79461],[-83.82043,37.79479],[-83.82042,37.79497],[-83.82041,37.79515],[-83.82041,37.79533],[-83.8204,37.79551],[-83.82039,37.79569],[-83.82038,37.79587],[-83.82038,37.79605],[-83.82037,37.79623],[-83.82036,37.79641],[-83.82013,37.79658],[-83.82012,37.79676],[-83.82011,37.79694],[-83.8201,37.79712],[-83.82009,37.7973],[-83.81986,37.79747],[-83.81963,37.79765],[-83.81939,37.79782],[-83.81916,37.798],[-83.81892,37.79817],[-83.81869,37.79834],[-83.81846,37.79834],[-83.81823,37.79851],[-83.818,37.7985],[-83.81776,37.79868],[-83.81754,37.79867],[-83.8173,37.79885],[-83.81708,37.79884],[-83.81684,37.79901],[-83.81661,37.79901],[-83.81639,37.799],[-83.81616,37.799],[-83.81593,37.79899],[-83.81571,37.79898],[-83.81548,37.79898],[-83.81525,37.79897],[-83.81503,37.79896],[-83.81481,37.79878],[-83.81458,37.79877],[-83.81435,37.79895],[-83.81412,37.79894],[-83.81389,37.79893],[-83.81366,37.79911],[-83.81343,37.7991],[-83.8132,37.79928],[-83.81297,37.79927],[-83.81274,37.79944],[-83.8125,37.79962],[-83.81228,37.79943],[-83.81205,37.7996],[-83.81204,37.79978]]},"properties":{"rank":92,"priority":"MODERATE TARGET","kind":"primary"}},{"type":"Feature","geometry":{"type":"LineString","coordinates":[[-83.81204,37.79978],[-83.81203,37.79996],[-83.81202,37.80014],[-83.81202,37.80032],[-83.81178,37.8005],[-83.81177,37.80068],[-83.81177,37.80086],[-83.81176,37.80104],[-83.81152,37.80121],[-83.81152,37.80139],[-83.81151,37.80157],[-83.81127,37.80175],[-83.81104,37.80192],[-83.81103,37.8021],[-83.8108,37.80227],[-83.81056,37.80245],[-83.81055,37.80263],[-83.81032,37.8028],[-83.81054,37.80299],[-83.81077,37.80299],[-83.81099,37.803],[-83.81121,37.80319],[-83.8112,37.80337],[-83.8112,37.80355],[-83.81142,37.80373],[-83.81141,37.80391],[-83.8114,37.80409],[-83.81117,37.80427],[-83.81116,37.80445],[-83.81115,37.80463],[-83.81114,37.80481],[-83.81113,37.80499],[-83.81135,37.80517],[-83.81135,37.80535],[-83.81134,37.80553],[-83.81156,37.80572],[-83.81155,37.8059],[-83.81154,37.80608],[-83.81153,37.80626],[-83.81175,37.80644],[-83.81197,37.80663],[-83.81219,37.80682],[-83.81218,37.807],[-83.81218,37.80718],[-83.81217,37.80736],[-83.81216,37.80754],[-83.81215,37.80772],[-83.81237,37.8079],[-83.81259,37.80809],[-83.81282,37.80809],[-83.81304,37.8081],[-83.81326,37.80829],[-83.81326,37.80847],[-83.81347,37.80865],[-83.81347,37.80883],[-83.81346,37.80901],[-83.81345,37.80919],[-83.81344,37.80937],[-83.81344,37.80955],[-83.8132,37.80973],[-83.81319,37.80991],[-83.81319,37.81009],[-83.81318,37.81027],[-83.81317,37.81045],[-83.81316,37.81063],[-83.81338,37.81081],[-83.8136,37.811],[-83.81359,37.81118],[-83.81359,37.81136],[-83.81358,37.81154],[-83.81357,37.81172],[-83.81379,37.81191],[-83.81378,37.81209],[-83.81377,37.81227],[-83.81377,37.81245],[-83.81399,37.81263],[-83.81398,37.81281],[-83.8142,37.813],[-83.81419,37.81318],[-83.81441,37.81336],[-83.8144,37.81354],[-83.81462,37.81373],[-83.81461,37.81391],[-83.81483,37.8141],[-83.81482,37.81428],[-83.81504,37.81446],[-83.81503,37.81464],[-83.81525,37.81483],[-83.81525,37.81501],[-83.81546,37.81519],[-83.81546,37.81537],[-83.81568,37.81556],[-83.81567,37.81574],[-83.81566,37.81592],[-83.81565,37.8161],[-83.81565,37.81628],[-83.81586,37.81647],[-83.81586,37.81665],[-83.81585,37.81683],[-83.81584,37.81701],[-83.81583,37.81719],[-83.81583,37.81737],[-83.81582,37.81755],[-83.81581,37.81773],[-83.8158,37.81791],[-83.81579,37.81809],[-83.81556,37.81826],[-83.81555,37.81844],[-83.81554,37.81862],[-83.81554,37.8188],[-83.81553,37.81898],[-83.81552,37.81916],[-83.81529,37.81933],[-83.81528,37.81951],[-83.81527,37.81969],[-83.81526,37.81987],[-83.81526,37.82005],[-83.81502,37.82023],[-83.81501,37.82041],[-83.81501,37.82059],[-83.815,37.82077],[-83.81476,37.82094],[-83.81476,37.82112],[-83.81452,37.8213]]},"properties":{"rank":92,"priority":"MODERATE TARGET","kind":"extended"}},{"type":"Feature","geometry":{"type":"LineString","coordinates":[[-83.8417,37.6092],[-83.84194,37.6094],[-83.84216,37.60941],[-83.84238,37.60959],[-83.84261,37.6096],[-83.84283,37.60961],[-83.84306,37.60961],[-83.84329,37.60962]]},"properties":{"rank":93,"priority":"MODERATE TARGET","kind":"source"}},{"type":"Feature","geometry":{"type":"LineString","coordinates":[[-83.8417,37.6092],[-83.84194,37.6094],[-83.84216,37.60941],[-83.84238,37.60959],[-83.84261,37.6096],[-83.84283,37.60961],[-83.84306,37.60961],[-83.84329,37.60962],[-83.84351,37.60962],[-83.84374,37.60963],[-83.84397,37.60964],[-83.84419,37.60964],[-83.84442,37.60965],[-83.84465,37.60947],[-83.84487,37.60966],[-83.8451,37.60967],[-83.84532,37.60967],[-83.84555,37.60968],[-83.84578,37.60968],[-83.846,37.60969],[-83.84623,37.6097],[-83.84645,37.6097],[-83.84668,37.60971],[-83.84691,37.60971],[-83.84713,37.60972],[-83.84736,37.60973],[-83.84759,37.60973],[-83.84781,37.60974],[-83.84804,37.60974],[-83.84826,37.60975],[-83.84849,37.60976],[-83.84872,37.60958],[-83.84895,37.60959],[-83.84918,37.6096],[-83.8494,37.6096],[-83.84963,37.60961],[-83.84986,37.60961],[-83.85008,37.60962],[-83.85032,37.60945],[-83.85054,37.60945],[-83.85077,37.60946],[-83.85099,37.60946],[-83.85122,37.60947],[-83.85145,37.60948],[-83.85167,37.60948],[-83.8519,37.60949],[-83.85213,37.60949],[-83.85235,37.6095],[-83.85259,37.60933],[-83.85282,37.60915],[-83.85305,37.60916],[-83.85327,37.60916],[-83.85351,37.60899],[-83.85373,37.609],[-83.85395,37.60918],[-83.85417,37.60937],[-83.85439,37.60955],[-83.85461,37.60956]]},"properties":{"rank":93,"priority":"MODERATE TARGET","kind":"primary"}},{"type":"Feature","geometry":{"type":"LineString","coordinates":[[-83.85461,37.60956],[-83.85484,37.60957],[-83.85508,37.60939],[-83.8553,37.6094],[-83.85554,37.60922],[-83.85576,37.60923],[-83.85599,37.60924],[-83.85622,37.60906],[-83.85623,37.60888],[-83.85624,37.6087],[-83.85647,37.60853],[-83.8567,37.60853],[-83.85692,37.60872],[-83.85714,37.60873],[-83.85736,37.60891],[-83.85759,37.60892],[-83.85781,37.6091],[-83.85802,37.60929],[-83.85825,37.6093]]},"properties":{"rank":93,"priority":"MODERATE TARGET","kind":"extended"}},{"type":"Feature","geometry":{"type":"LineString","coordinates":[[-84.2527,37.4643],[-84.25296,37.46453],[-84.25318,37.46471],[-84.25341,37.46472],[-84.25363,37.4649],[-84.25385,37.46491],[-84.25407,37.46509]]},"properties":{"rank":94,"priority":"MODERATE TARGET","kind":"source"}},{"type":"Feature","geometry":{"type":"LineString","coordinates":[[-84.2527,37.4643],[-84.25296,37.46453],[-84.25318,37.46471],[-84.25341,37.46472],[-84.25363,37.4649],[-84.25385,37.46491],[-84.25407,37.46509],[-84.2543,37.4651],[-84.25453,37.4651],[-84.25474,37.46529],[-84.25497,37.46529],[-84.2552,37.4653],[-84.25542,37.4653],[-84.25565,37.46531],[-84.25587,37.46532],[-84.2561,37.46532],[-84.25633,37.46533],[-84.25655,37.46533],[-84.25678,37.46534],[-84.257,37.46534],[-84.25723,37.46535],[-84.25746,37.46535],[-84.25767,37.46554],[-84.2579,37.46554],[-84.25812,37.46573],[-84.25834,37.46591],[-84.25833,37.46609],[-84.25856,37.4661],[-84.25879,37.46592],[-84.25902,37.46593],[-84.25924,37.46593],[-84.25947,37.46594],[-84.25969,37.46594],[-84.25991,37.46613],[-84.26014,37.46613],[-84.26037,37.46614],[-84.26059,37.46615],[-84.26082,37.46597],[-84.26106,37.4658],[-84.26129,37.46562],[-84.26152,37.46545],[-84.26153,37.46527],[-84.26176,37.46509],[-84.26177,37.46491],[-84.262,37.46474],[-84.26201,37.46456],[-84.26224,37.46438],[-84.26225,37.4642],[-84.26248,37.46403],[-84.26248,37.46385],[-84.26272,37.46367],[-84.26272,37.46349],[-84.26273,37.46331],[-84.26274,37.46313],[-84.26274,37.46295]]},"properties":{"rank":94,"priority":"MODERATE TARGET","kind":"primary"}},{"type":"Feature","geometry":{"type":"LineString","coordinates":[[-84.26274,37.46295],[-84.26275,37.46277],[-84.26276,37.46259],[-84.26276,37.46241],[-84.26277,37.46223],[-84.26278,37.46205],[-84.26278,37.46187],[-84.26279,37.46169],[-84.26302,37.46152],[-84.26303,37.46134],[-84.26326,37.46116],[-84.26327,37.46098],[-84.26327,37.4608],[-84.26328,37.46062],[-84.26329,37.46044],[-84.26307,37.46026],[-84.26307,37.46008],[-84.26308,37.4599],[-84.26309,37.45972],[-84.26287,37.45953],[-84.26287,37.45935],[-84.26288,37.45917],[-84.26266,37.45898],[-84.26267,37.4588],[-84.26267,37.45862],[-84.26246,37.45844],[-84.26246,37.45826],[-84.26224,37.45807],[-84.26202,37.45807],[-84.2618,37.45788],[-84.26157,37.45788],[-84.26135,37.45787],[-84.26113,37.45769],[-84.2609,37.45768],[-84.26068,37.4575],[-84.26046,37.45749],[-84.26024,37.45731],[-84.26001,37.4573],[-84.25979,37.45712],[-84.25957,37.45693],[-84.25935,37.45675],[-84.25936,37.45657],[-84.25959,37.45639],[-84.25982,37.45622],[-84.26006,37.45604],[-84.26029,37.45587],[-84.26052,37.45569],[-84.26075,37.45552],[-84.26098,37.45552],[-84.26121,37.45535],[-84.26122,37.45517],[-84.26145,37.45499],[-84.26168,37.45482],[-84.26169,37.45464],[-84.26192,37.45446],[-84.26215,37.45429],[-84.26239,37.45411],[-84.26261,37.45412],[-84.26285,37.45394],[-84.26307,37.45395],[-84.2633,37.45395],[-84.26353,37.45378],[-84.26376,37.45378],[-84.26399,37.45361],[-84.26422,37.45343],[-84.26445,37.45326],[-84.26469,37.45308],[-84.26491,37.45309],[-84.26514,37.45291],[-84.26538,37.45274],[-84.26561,37.45256],[-84.26584,37.45239],[-84.26607,37.4524],[-84.2663,37.45222],[-84.26653,37.45205],[-84.26676,37.45187],[-84.267,37.4517],[-84.26723,37.45152],[-84.26746,37.45135],[-84.26769,37.45117],[-84.26792,37.45118],[-84.26815,37.45118],[-84.26838,37.45101],[-84.26838,37.45083],[-84.26839,37.45065],[-84.2684,37.45047],[-84.2684,37.45029],[-84.26841,37.45011],[-84.26842,37.44993],[-84.26842,37.44975],[-84.26843,37.44957],[-84.26844,37.44939],[-84.26844,37.44921],[-84.26868,37.44903],[-84.26868,37.44885],[-84.26869,37.44867],[-84.26847,37.44849],[-84.2687,37.44831],[-84.26871,37.44813],[-84.26872,37.44795],[-84.26872,37.44777],[-84.26895,37.4476],[-84.26896,37.44742],[-84.26919,37.44724],[-84.26943,37.44707],[-84.26943,37.44689],[-84.26966,37.44671],[-84.2699,37.44654],[-84.2699,37.44636],[-84.26991,37.44618],[-84.26992,37.446],[-84.27015,37.44582],[-84.27016,37.44564],[-84.27039,37.44547],[-84.27062,37.44529],[-84.27085,37.44512],[-84.27109,37.44494]]},"properties":{"rank":94,"priority":"MODERATE TARGET","kind":"extended"}},{"type":"Feature","geometry":{"type":"LineString","coordinates":[[-84.2783,37.4538],[-84.27844,37.45394],[-84.27867,37.45395],[-84.2789,37.45395],[-84.27912,37.45396],[-84.27935,37.45396],[-84.27958,37.45379]]},"properties":{"rank":95,"priority":"MODERATE TARGET","kind":"source"}},{"type":"Feature","geometry":{"type":"LineString","coordinates":[[-84.2783,37.4538],[-84.27844,37.45394],[-84.27867,37.45395],[-84.2789,37.45395],[-84.27912,37.45396],[-84.27935,37.45396],[-84.27958,37.45379],[-84.27981,37.45379],[-84.28003,37.4538],[-84.28026,37.4538],[-84.28049,37.45363],[-84.28072,37.45345],[-84.28095,37.45328],[-84.28118,37.45328],[-84.28141,37.45329],[-84.28163,37.4533],[-84.28186,37.4533],[-84.28208,37.45331],[-84.28231,37.45331],[-84.28254,37.45332],[-84.28254,37.45314],[-84.28277,37.45296],[-84.28278,37.45278],[-84.28279,37.4526],[-84.28279,37.45242],[-84.28303,37.45225],[-84.28303,37.45207],[-84.28304,37.45189],[-84.28305,37.45171],[-84.28328,37.45153],[-84.28329,37.45135],[-84.28329,37.45117],[-84.2833,37.45099],[-84.28308,37.45081],[-84.28309,37.45063],[-84.28287,37.45044],[-84.28287,37.45026],[-84.28265,37.45007],[-84.28266,37.44989],[-84.28244,37.44971],[-84.28245,37.44953],[-84.28223,37.44934],[-84.28201,37.44916],[-84.28178,37.44915],[-84.28156,37.44897],[-84.28157,37.44879],[-84.28135,37.4486],[-84.28136,37.44842],[-84.28114,37.44824],[-84.28114,37.44806],[-84.28092,37.44787],[-84.28093,37.44769],[-84.28094,37.44751],[-84.28094,37.44733],[-84.28072,37.44715]]},"properties":{"rank":95,"priority":"MODERATE TARGET","kind":"primary"}},{"type":"Feature","geometry":{"type":"LineString","coordinates":[[-84.28072,37.44715],[-84.28051,37.44696],[-84.28051,37.44678],[-84.28029,37.4466],[-84.28007,37.44641],[-84.28008,37.44623],[-84.27986,37.44605],[-84.27987,37.44587],[-84.27987,37.44569],[-84.27965,37.4455],[-84.27943,37.44531],[-84.27944,37.44513],[-84.27922,37.44495],[-84.27923,37.44477],[-84.27924,37.44459],[-84.27924,37.44441],[-84.27925,37.44423],[-84.27925,37.44405],[-84.27904,37.44386],[-84.27904,37.44368],[-84.27882,37.4435],[-84.2786,37.44331],[-84.27861,37.44313],[-84.27862,37.44295],[-84.27862,37.44277],[-84.27863,37.44259],[-84.27886,37.44242],[-84.27908,37.4426],[-84.27931,37.44261],[-84.27954,37.44243],[-84.27977,37.44226],[-84.27978,37.44208],[-84.27956,37.44189],[-84.27934,37.44171],[-84.27935,37.44153],[-84.27913,37.44134],[-84.27891,37.44116],[-84.27891,37.44098],[-84.27869,37.44079],[-84.2787,37.44061],[-84.27848,37.44043],[-84.27826,37.44024],[-84.27827,37.44006],[-84.27805,37.43988],[-84.27783,37.43969],[-84.27761,37.43951],[-84.27739,37.43932],[-84.27717,37.43932],[-84.27717,37.43914],[-84.27718,37.43896],[-84.27719,37.43878],[-84.27719,37.4386],[-84.27742,37.43842],[-84.27743,37.43824],[-84.27744,37.43806],[-84.27767,37.43789],[-84.2779,37.43771],[-84.27791,37.43753],[-84.27792,37.43735],[-84.27792,37.43717],[-84.27793,37.43699],[-84.27793,37.43681],[-84.27794,37.43663],[-84.27795,37.43645],[-84.27795,37.43627],[-84.27796,37.43609],[-84.27797,37.43591],[-84.2782,37.43573],[-84.27843,37.43556],[-84.27844,37.43538],[-84.27845,37.4352],[-84.27845,37.43502],[-84.27868,37.43484],[-84.27892,37.43467],[-84.27915,37.4345],[-84.27937,37.4345],[-84.27961,37.43433],[-84.27984,37.43415],[-84.28007,37.43398],[-84.2803,37.4338],[-84.28054,37.43363],[-84.28077,37.43345],[-84.28078,37.43327],[-84.28101,37.4331],[-84.28123,37.4331],[-84.28147,37.43293],[-84.28169,37.43293],[-84.28192,37.43276],[-84.28215,37.43276],[-84.28238,37.43259],[-84.28261,37.43241],[-84.28262,37.43223],[-84.28263,37.43205],[-84.28263,37.43187],[-84.28264,37.43169],[-84.28265,37.43151],[-84.28288,37.43134],[-84.28289,37.43116],[-84.28312,37.43098],[-84.28335,37.43081],[-84.28358,37.43063],[-84.28381,37.43046],[-84.28405,37.43028],[-84.28428,37.43011],[-84.28429,37.42993],[-84.28452,37.42975],[-84.28475,37.42958],[-84.28476,37.4294],[-84.28499,37.42922],[-84.285,37.42904],[-84.285,37.42886],[-84.28501,37.42868],[-84.28502,37.4285],[-84.28502,37.42832],[-84.28525,37.42815],[-84.28526,37.42797],[-84.28527,37.42779],[-84.28527,37.42761]]},"properties":{"rank":95,"priority":"MODERATE TARGET","kind":"extended"}},{"type":"Feature","geometry":{"type":"LineString","coordinates":[[-83.7643,37.8627],[-83.76432,37.86281],[-83.76431,37.86299],[-83.76431,37.86317],[-83.7643,37.86335],[-83.76429,37.86353]]},"properties":{"rank":96,"priority":"MODERATE TARGET","kind":"source"}},{"type":"Feature","geometry":{"type":"LineString","coordinates":[[-83.7643,37.8627],[-83.76432,37.86281],[-83.76431,37.86299],[-83.76431,37.86317],[-83.7643,37.86335],[-83.76429,37.86353],[-83.76428,37.86371],[-83.76427,37.86389],[-83.76427,37.86407],[-83.76426,37.86425],[-83.76425,37.86443],[-83.76424,37.86461],[-83.76423,37.86479],[-83.76423,37.86497],[-83.76399,37.86514],[-83.76398,37.86532],[-83.76375,37.8655],[-83.76374,37.86568],[-83.76351,37.86585],[-83.76327,37.86603],[-83.76326,37.86621],[-83.76326,37.86639],[-83.76325,37.86657],[-83.76324,37.86675],[-83.76323,37.86693],[-83.76345,37.86711],[-83.76367,37.8673],[-83.76389,37.86748],[-83.76412,37.86749],[-83.76434,37.8675],[-83.76457,37.8675],[-83.7648,37.86751],[-83.76502,37.86752],[-83.76525,37.86752],[-83.76548,37.86753],[-83.76549,37.86735],[-83.76549,37.86717],[-83.76573,37.86699],[-83.76596,37.86682],[-83.7662,37.86665],[-83.76643,37.86647],[-83.76644,37.86629],[-83.76668,37.86612],[-83.76691,37.86595],[-83.76715,37.86577],[-83.76737,37.86596],[-83.7676,37.86578],[-83.76784,37.86561],[-83.76807,37.86544],[-83.76831,37.86526],[-83.76853,37.86527],[-83.76876,37.86528],[-83.76899,37.86528],[-83.76921,37.86547]]},"properties":{"rank":96,"priority":"MODERATE TARGET","kind":"primary"}},{"type":"Feature","geometry":{"type":"LineString","coordinates":[[-83.76921,37.86547],[-83.76944,37.86529],[-83.76968,37.86512],[-83.7699,37.86513],[-83.77013,37.86513],[-83.77036,37.86514],[-83.77059,37.86497],[-83.77082,37.86497],[-83.77083,37.86479],[-83.77083,37.86461],[-83.77084,37.86443],[-83.77108,37.86426],[-83.77131,37.86408],[-83.77132,37.8639],[-83.77155,37.86373],[-83.77156,37.86355],[-83.7718,37.86338],[-83.7718,37.8632],[-83.77181,37.86302],[-83.77182,37.86284],[-83.77206,37.86266],[-83.77229,37.86249],[-83.77252,37.8625],[-83.77275,37.86232],[-83.77298,37.86233],[-83.77321,37.86233],[-83.77343,37.86234],[-83.77367,37.86217],[-83.7739,37.86199],[-83.77414,37.86182],[-83.77392,37.86163],[-83.7737,37.86145],[-83.77371,37.86127],[-83.77394,37.86109],[-83.77395,37.86091],[-83.77396,37.86073],[-83.77397,37.86055],[-83.77397,37.86037],[-83.77398,37.86019],[-83.77376,37.86001],[-83.77377,37.85983],[-83.77355,37.85964],[-83.77356,37.85946],[-83.77357,37.85928],[-83.77357,37.8591],[-83.77336,37.85891],[-83.77336,37.85873],[-83.7736,37.85856],[-83.77361,37.85838],[-83.77339,37.85819],[-83.77362,37.85802],[-83.77386,37.85785],[-83.77409,37.85767],[-83.7741,37.85749],[-83.77388,37.85731],[-83.77389,37.85713],[-83.77367,37.85694],[-83.77345,37.85676],[-83.77368,37.85658],[-83.77369,37.8564],[-83.77393,37.85623],[-83.77394,37.85605],[-83.77394,37.85587],[-83.77395,37.85569],[-83.77419,37.85551],[-83.77442,37.85534],[-83.77466,37.85517],[-83.77489,37.85499],[-83.77512,37.855],[-83.77535,37.85483],[-83.77559,37.85465],[-83.77559,37.85447],[-83.77538,37.85429],[-83.77538,37.85411],[-83.77562,37.85393],[-83.77585,37.85376],[-83.77608,37.85376],[-83.77631,37.85359],[-83.77654,37.8536],[-83.77678,37.85342],[-83.777,37.85343],[-83.77724,37.85326],[-83.77747,37.85326],[-83.77769,37.85327],[-83.77793,37.85309],[-83.77816,37.85292],[-83.77794,37.85273],[-83.77772,37.85255],[-83.77773,37.85237],[-83.77774,37.85219],[-83.77797,37.85201],[-83.7782,37.85202],[-83.77843,37.85203],[-83.77866,37.85203],[-83.77887,37.85222],[-83.7791,37.85222],[-83.77933,37.85223],[-83.77956,37.85224],[-83.77979,37.85206],[-83.78001,37.85225],[-83.78023,37.85244],[-83.78045,37.85262],[-83.78067,37.85263],[-83.78089,37.85281],[-83.78111,37.853],[-83.78134,37.85301],[-83.78157,37.85283],[-83.78158,37.85265],[-83.78159,37.85247],[-83.7816,37.85229],[-83.78161,37.85211],[-83.78184,37.85194],[-83.78185,37.85176],[-83.78186,37.85158],[-83.78186,37.8514],[-83.78187,37.85122],[-83.78188,37.85104],[-83.78189,37.85086]]},"properties":{"rank":96,"priority":"MODERATE TARGET","kind":"extended"}},{"type":"Feature","geometry":{"type":"LineString","coordinates":[[-84.1653,37.5708],[-84.16528,37.57094],[-84.16528,37.57112],[-84.1655,37.57131]]},"properties":{"rank":97,"priority":"MODERATE TARGET","kind":"source"}},{"type":"Feature","geometry":{"type":"LineString","coordinates":[[-84.1653,37.5708],[-84.16528,37.57094],[-84.16528,37.57112],[-84.1655,37.57131],[-84.16549,37.57149],[-84.16548,37.57167],[-84.1657,37.57185],[-84.16569,37.57203],[-84.16591,37.57222],[-84.16591,37.5724],[-84.16613,37.57259],[-84.16612,37.57277],[-84.16634,37.57295],[-84.16633,37.57313],[-84.16655,37.57332],[-84.16677,37.5735],[-84.16676,37.57368],[-84.16676,37.57386],[-84.16675,37.57404],[-84.16674,37.57422],[-84.16674,37.5744],[-84.16696,37.57459],[-84.16695,37.57477],[-84.16694,37.57495],[-84.16694,37.57513],[-84.16716,37.57531],[-84.16715,37.57549],[-84.16714,37.57567],[-84.16713,37.57585],[-84.16713,37.57603],[-84.1669,37.57621],[-84.16689,37.57639],[-84.16688,37.57657],[-84.16665,37.57674],[-84.16664,37.57692],[-84.16641,37.5771],[-84.16663,37.57728],[-84.16639,37.57746],[-84.16639,37.57764],[-84.16638,37.57782],[-84.16637,37.578],[-84.16637,37.57818],[-84.16636,37.57836],[-84.16635,37.57854],[-84.16657,37.57872],[-84.16657,37.5789],[-84.16679,37.57909],[-84.16678,37.57927],[-84.167,37.57946],[-84.16722,37.57946],[-84.16744,37.57965],[-84.16767,37.57965],[-84.16789,37.57984],[-84.16811,37.58002]]},"properties":{"rank":97,"priority":"MODERATE TARGET","kind":"primary"}},{"type":"Feature","geometry":{"type":"LineString","coordinates":[[-84.16811,37.58002],[-84.16834,37.58003],[-84.16855,37.58021],[-84.16877,37.5804],[-84.16899,37.58058],[-84.16921,37.58077],[-84.16921,37.58095],[-84.16943,37.58114],[-84.16942,37.58132],[-84.16964,37.5815],[-84.16963,37.58168],[-84.16985,37.58187],[-84.16984,37.58205],[-84.16984,37.58223],[-84.16983,37.58241],[-84.17005,37.58259],[-84.17027,37.58278],[-84.17026,37.58296],[-84.17026,37.58314],[-84.17025,37.58332],[-84.17024,37.5835],[-84.17046,37.58368],[-84.17045,37.58386],[-84.17045,37.58404],[-84.17067,37.58423],[-84.17043,37.5844],[-84.1702,37.58458],[-84.17019,37.58476],[-84.17041,37.58494],[-84.17041,37.58512]]},"properties":{"rank":97,"priority":"MODERATE TARGET","kind":"extended"}},{"type":"Feature","geometry":{"type":"LineString","coordinates":[[-83.9465,37.6472],[-83.9464,37.64711],[-83.94618,37.64693],[-83.94596,37.64674]]},"properties":{"rank":98,"priority":"MODERATE TARGET","kind":"source"}},{"type":"Feature","geometry":{"type":"LineString","coordinates":[[-83.9465,37.6472],[-83.9464,37.64711],[-83.94618,37.64693],[-83.94596,37.64674],[-83.94575,37.64656],[-83.94553,37.64637],[-83.94531,37.64618],[-83.94509,37.646],[-83.94487,37.64581],[-83.9451,37.64564],[-83.94534,37.64546],[-83.94534,37.64528],[-83.94558,37.64511],[-83.94559,37.64493],[-83.94559,37.64475],[-83.9456,37.64457],[-83.94561,37.64439],[-83.94561,37.64421],[-83.94562,37.64403],[-83.94563,37.64385],[-83.94564,37.64367],[-83.94564,37.64349],[-83.94565,37.64331],[-83.94566,37.64313],[-83.94567,37.64295],[-83.9459,37.64278],[-83.94591,37.6426],[-83.94591,37.64242],[-83.94615,37.64224],[-83.94616,37.64206],[-83.94594,37.64187],[-83.94594,37.64169],[-83.94572,37.64169],[-83.9455,37.6415],[-83.94551,37.64132],[-83.94529,37.64114],[-83.94529,37.64096],[-83.9453,37.64078],[-83.94508,37.64059],[-83.94509,37.64041],[-83.94487,37.64023],[-83.94488,37.64005],[-83.94489,37.63987],[-83.94489,37.63969],[-83.9449,37.63951],[-83.94468,37.63932],[-83.94469,37.63914],[-83.9447,37.63896],[-83.94448,37.63877],[-83.94449,37.63859],[-83.94449,37.63841],[-83.94427,37.63823],[-83.94451,37.63805],[-83.94451,37.63787]]},"properties":{"rank":98,"priority":"MODERATE TARGET","kind":"primary"}},{"type":"Feature","geometry":{"type":"LineString","coordinates":[[-83.94451,37.63787],[-83.94452,37.63769],[-83.94453,37.63751],[-83.94476,37.63734],[-83.94477,37.63716],[-83.94478,37.63698],[-83.94479,37.6368],[-83.94479,37.63662],[-83.94457,37.63643],[-83.94458,37.63625],[-83.94459,37.63607],[-83.94482,37.6359],[-83.94506,37.63573],[-83.94506,37.63555],[-83.94507,37.63537],[-83.94485,37.63518],[-83.94486,37.635],[-83.94464,37.63481],[-83.94465,37.63463],[-83.94465,37.63445],[-83.94466,37.63427],[-83.94467,37.63409],[-83.94468,37.63391],[-83.94491,37.63374],[-83.94492,37.63356],[-83.94493,37.63338],[-83.94493,37.6332],[-83.94517,37.63303],[-83.94517,37.63285],[-83.94518,37.63267],[-83.94519,37.63248],[-83.94542,37.63231],[-83.94543,37.63213],[-83.94566,37.63196],[-83.94589,37.63196],[-83.94612,37.63179],[-83.94636,37.63161],[-83.94659,37.63144],[-83.94682,37.63127],[-83.94706,37.63109],[-83.94729,37.63092],[-83.94753,37.63074],[-83.94753,37.63056],[-83.94777,37.63039],[-83.948,37.63022],[-83.94823,37.63022],[-83.94846,37.63005],[-83.94869,37.62987],[-83.94893,37.6297],[-83.94916,37.62952],[-83.94917,37.62934],[-83.9494,37.62917],[-83.94964,37.629],[-83.94987,37.62882],[-83.94988,37.62864],[-83.95011,37.62847],[-83.95034,37.62847],[-83.95057,37.6283],[-83.95081,37.62813],[-83.95104,37.62795],[-83.95127,37.62778],[-83.9515,37.62778],[-83.95173,37.62761],[-83.95196,37.62761],[-83.95219,37.62744],[-83.95243,37.62727],[-83.95266,37.62709],[-83.95267,37.62691],[-83.9529,37.62674],[-83.95291,37.62656],[-83.95292,37.62638],[-83.95315,37.6262],[-83.95316,37.62602],[-83.95339,37.62585],[-83.95362,37.62568],[-83.95363,37.6255],[-83.95387,37.62532],[-83.95387,37.62514],[-83.95388,37.62496],[-83.95411,37.62479],[-83.95435,37.62461],[-83.95458,37.62444],[-83.95459,37.62426],[-83.9546,37.62408],[-83.95483,37.6239],[-83.95484,37.62372],[-83.95484,37.62354],[-83.95508,37.62337],[-83.9553,37.62338],[-83.95553,37.62338],[-83.95576,37.62339],[-83.95598,37.62339],[-83.95622,37.62322],[-83.95645,37.62305],[-83.95668,37.62305],[-83.9569,37.62306],[-83.95714,37.62288],[-83.95736,37.62289],[-83.95759,37.62289],[-83.95782,37.6229],[-83.95803,37.62309],[-83.95826,37.62309],[-83.95849,37.6231],[-83.95871,37.6231],[-83.95894,37.62311],[-83.95917,37.62312],[-83.95939,37.62312]]},"properties":{"rank":98,"priority":"MODERATE TARGET","kind":"extended"}},{"type":"Feature","geometry":{"type":"LineString","coordinates":[[-83.9144,37.642],[-83.9142,37.64213],[-83.91419,37.64231],[-83.91419,37.64249],[-83.91418,37.64267]]},"properties":{"rank":99,"priority":"MODERATE TARGET","kind":"source"}},{"type":"Feature","geometry":{"type":"LineString","coordinates":[[-83.9144,37.642],[-83.9142,37.64213],[-83.91419,37.64231],[-83.91419,37.64249],[-83.91418,37.64267],[-83.91417,37.64285],[-83.91416,37.64303],[-83.91416,37.64321],[-83.91392,37.64338],[-83.9137,37.64338],[-83.91346,37.64355],[-83.91323,37.64373],[-83.913,37.64372],[-83.91277,37.64389],[-83.91253,37.64407],[-83.91231,37.64388],[-83.91209,37.64388],[-83.91186,37.64387],[-83.91164,37.64368],[-83.91142,37.64368],[-83.91119,37.64367],[-83.91097,37.64349],[-83.91075,37.6433],[-83.91053,37.64311],[-83.91031,37.64293],[-83.9101,37.64274],[-83.90988,37.64256],[-83.90988,37.64238],[-83.90967,37.64219],[-83.90945,37.64201],[-83.90945,37.64183],[-83.90923,37.64164],[-83.90924,37.64146],[-83.90925,37.64128],[-83.90903,37.64109],[-83.90904,37.64091],[-83.90905,37.64073],[-83.90905,37.64055],[-83.90906,37.64037],[-83.90907,37.64019],[-83.90885,37.64001],[-83.90863,37.63982],[-83.90841,37.63964],[-83.90842,37.63946],[-83.9082,37.63927],[-83.90798,37.63908],[-83.90775,37.63908],[-83.90754,37.63889],[-83.90731,37.63889],[-83.90708,37.63888],[-83.90686,37.63869],[-83.90665,37.63851]]},"properties":{"rank":99,"priority":"MODERATE TARGET","kind":"primary"}},{"type":"Feature","geometry":{"type":"LineString","coordinates":[[-83.90665,37.63851],[-83.90643,37.63832],[-83.90621,37.63814],[-83.90598,37.63813],[-83.90576,37.63794],[-83.90554,37.63776],[-83.90532,37.63757],[-83.9051,37.63757],[-83.90488,37.63738],[-83.90466,37.63719],[-83.90443,37.63719],[-83.90421,37.63718],[-83.90399,37.637],[-83.90377,37.63681],[-83.90354,37.6368],[-83.90332,37.6368],[-83.9031,37.63661],[-83.90287,37.63661],[-83.90265,37.63642],[-83.90243,37.63641],[-83.90221,37.63623],[-83.90198,37.63622],[-83.90176,37.63604],[-83.90154,37.63585],[-83.90132,37.63584],[-83.9011,37.63566],[-83.90087,37.63565],[-83.90065,37.63565],[-83.90042,37.63564],[-83.90019,37.63564],[-83.89996,37.63581],[-83.89973,37.6358],[-83.8995,37.63598],[-83.89927,37.63615],[-83.89903,37.63633],[-83.8988,37.6365],[-83.89857,37.63649],[-83.89835,37.63649],[-83.89811,37.63666],[-83.89788,37.63684],[-83.89764,37.63701],[-83.89764,37.63719],[-83.8974,37.63736],[-83.89739,37.63754],[-83.89739,37.63772],[-83.89715,37.6379],[-83.89715,37.63808],[-83.89691,37.63825],[-83.89669,37.63825],[-83.89645,37.63842],[-83.89623,37.63841],[-83.896,37.63841],[-83.89577,37.63858],[-83.89553,37.63876],[-83.89531,37.63875],[-83.89508,37.63874],[-83.89484,37.63892],[-83.89461,37.63909],[-83.89438,37.63927],[-83.89414,37.63944],[-83.89391,37.63961],[-83.89368,37.63979],[-83.89344,37.63996],[-83.89321,37.64014],[-83.8932,37.64032],[-83.89297,37.64049],[-83.89296,37.64067],[-83.89273,37.64084],[-83.89249,37.64102],[-83.89226,37.64101],[-83.89226,37.64119],[-83.89202,37.64137],[-83.89179,37.64154],[-83.89156,37.64171],[-83.89133,37.64171],[-83.8911,37.64188],[-83.89087,37.64188],[-83.89064,37.64187],[-83.89042,37.64186],[-83.89019,37.64186],[-83.88996,37.64185],[-83.88973,37.64203],[-83.8895,37.64202],[-83.88928,37.64202],[-83.88905,37.64201],[-83.88882,37.642],[-83.88861,37.64182],[-83.88838,37.64181],[-83.88816,37.64163],[-83.88793,37.64162],[-83.8877,37.64179],[-83.88747,37.64179],[-83.88725,37.6416],[-83.88704,37.64142],[-83.88704,37.64124],[-83.88682,37.64105],[-83.88661,37.64086],[-83.88638,37.64086],[-83.88615,37.64103],[-83.88592,37.64103],[-83.8857,37.64084],[-83.88547,37.64083],[-83.88526,37.64065],[-83.88504,37.64046],[-83.88482,37.64028],[-83.88459,37.64027],[-83.88437,37.64008],[-83.88438,37.6399],[-83.88416,37.63972],[-83.88394,37.63953],[-83.88372,37.63953],[-83.8835,37.63934],[-83.88328,37.63915],[-83.88305,37.63915],[-83.88283,37.63914]]},"properties":{"rank":99,"priority":"MODERATE TARGET","kind":"extended"}},{"type":"Feature","geometry":{"type":"LineString","coordinates":[[-84.2731,37.4771],[-84.27308,37.47707],[-84.27286,37.47706],[-84.27263,37.47706],[-84.2724,37.47705],[-84.27218,37.47705]]},"properties":{"rank":100,"priority":"MODERATE TARGET","kind":"source"}},{"type":"Feature","geometry":{"type":"LineString","coordinates":[[-84.2731,37.4771],[-84.27308,37.47707],[-84.27286,37.47706],[-84.27263,37.47706],[-84.2724,37.47705],[-84.27218,37.47705],[-84.27195,37.47704],[-84.27173,37.47704],[-84.2715,37.47703],[-84.27127,37.47703],[-84.27104,37.4772],[-84.27082,37.4772],[-84.27059,37.47719],[-84.27037,37.477],[-84.27015,37.477],[-84.26991,37.47717],[-84.26969,37.47717],[-84.26946,37.47716],[-84.26923,37.47716],[-84.269,37.47733],[-84.26877,37.47751],[-84.26854,37.4775],[-84.26831,37.47768],[-84.26808,37.47785],[-84.26785,37.47785],[-84.26762,37.47802],[-84.26739,37.47802],[-84.26717,37.47801],[-84.26694,37.47801],[-84.26672,37.478],[-84.26648,37.47818],[-84.26626,37.47817],[-84.26603,37.47817],[-84.2658,37.47834],[-84.26557,37.47834],[-84.26534,37.47851],[-84.26512,37.47851],[-84.26488,37.47868],[-84.26466,37.47867],[-84.26443,37.47867],[-84.2642,37.47866],[-84.26398,37.47866],[-84.26375,37.47883],[-84.26352,37.47883],[-84.26329,37.47882],[-84.26307,37.47882],[-84.26284,37.47881],[-84.26262,37.47881],[-84.26239,37.4788],[-84.26216,37.4788],[-84.26195,37.47861],[-84.26173,37.47843],[-84.26173,37.47825],[-84.26151,37.47806],[-84.26129,37.47788]]},"properties":{"rank":100,"priority":"MODERATE TARGET","kind":"primary"}},{"type":"Feature","geometry":{"type":"LineString","coordinates":[[-84.26129,37.47788],[-84.26107,37.47769],[-84.26085,37.47769],[-84.26063,37.4775],[-84.26041,37.47731],[-84.26042,37.47713],[-84.2602,37.47695],[-84.26043,37.47677],[-84.26044,37.47659],[-84.26044,37.47641],[-84.26045,37.47623],[-84.26046,37.47605],[-84.26046,37.47587],[-84.26047,37.47569],[-84.26048,37.47551],[-84.26048,37.47533],[-84.26071,37.47516],[-84.26072,37.47498],[-84.26073,37.4748],[-84.26073,37.47462],[-84.26074,37.47444],[-84.26052,37.47425],[-84.2603,37.47425],[-84.26008,37.47406],[-84.25985,37.47406],[-84.25963,37.47387],[-84.25941,37.47387],[-84.25919,37.47368],[-84.25896,37.47368],[-84.25874,37.47349],[-84.25851,37.47349],[-84.25829,37.47348],[-84.25806,37.47348],[-84.25784,37.47329],[-84.25762,37.47311],[-84.2574,37.4731],[-84.25718,37.47291],[-84.25695,37.47291],[-84.25673,37.4729],[-84.25651,37.47272],[-84.25629,37.47253],[-84.25606,37.47253],[-84.25584,37.47234],[-84.25562,37.47234],[-84.2554,37.47215],[-84.25518,37.47197],[-84.25495,37.47196],[-84.25473,37.47178],[-84.25451,37.47177],[-84.25429,37.47159],[-84.25429,37.47141],[-84.25408,37.47122],[-84.25408,37.47104],[-84.25386,37.47086],[-84.25387,37.47068],[-84.25388,37.47049],[-84.25388,37.47031],[-84.25389,37.47013],[-84.25367,37.46995],[-84.25368,37.46977],[-84.25391,37.46959],[-84.25414,37.46942],[-84.25415,37.46924],[-84.25438,37.46906],[-84.25461,37.46889],[-84.25462,37.46871],[-84.25485,37.46854],[-84.25508,37.46836],[-84.25532,37.46819],[-84.25555,37.46801],[-84.25578,37.46784],[-84.25601,37.46784],[-84.25624,37.46767],[-84.25647,37.46749],[-84.25671,37.46732],[-84.25694,37.46714],[-84.25717,37.46697],[-84.2574,37.46697],[-84.25763,37.4668],[-84.25786,37.46662],[-84.25809,37.46645],[-84.2581,37.46627],[-84.25833,37.46609],[-84.25856,37.4661],[-84.25879,37.46592],[-84.25902,37.46593],[-84.25924,37.46593],[-84.25947,37.46594],[-84.25969,37.46594],[-84.25991,37.46613],[-84.26014,37.46613],[-84.26037,37.46614],[-84.26059,37.46615],[-84.26082,37.46597],[-84.26106,37.4658],[-84.26129,37.46562],[-84.26152,37.46545],[-84.26153,37.46527],[-84.26176,37.46509],[-84.26177,37.46491],[-84.262,37.46474],[-84.26201,37.46456],[-84.26224,37.46438],[-84.26225,37.4642],[-84.26248,37.46403],[-84.26248,37.46385],[-84.26272,37.46367],[-84.26272,37.46349],[-84.26273,37.46331],[-84.26274,37.46313],[-84.26274,37.46295],[-84.26275,37.46277],[-84.26276,37.46259],[-84.26276,37.46241],[-84.26277,37.46223],[-84.26278,37.46205],[-84.26278,37.46187],[-84.26279,37.46169],[-84.26302,37.46152]]},"properties":{"rank":100,"priority":"MODERATE TARGET","kind":"extended"}},{"type":"Feature","geometry":{"type":"LineString","coordinates":[[-83.8628,37.7267],[-83.86283,37.72655],[-83.86283,37.72637],[-83.86284,37.72619],[-83.86285,37.72601],[-83.86286,37.72583]]},"properties":{"rank":101,"priority":"MODERATE TARGET","kind":"source"}},{"type":"Feature","geometry":{"type":"LineString","coordinates":[[-83.8628,37.7267],[-83.86283,37.72655],[-83.86283,37.72637],[-83.86284,37.72619],[-83.86285,37.72601],[-83.86286,37.72583],[-83.86309,37.72565],[-83.86333,37.72548],[-83.86333,37.7253],[-83.86357,37.72513],[-83.8638,37.72495],[-83.86404,37.72478],[-83.86427,37.7246],[-83.86428,37.72442],[-83.86451,37.72425],[-83.86475,37.72408],[-83.86475,37.7239],[-83.86499,37.72372],[-83.86522,37.72355],[-83.86546,37.72337],[-83.86569,37.7232],[-83.86593,37.72303],[-83.86615,37.72303],[-83.86616,37.72285],[-83.86617,37.72267],[-83.86617,37.72249],[-83.86618,37.72231],[-83.86619,37.72213],[-83.86597,37.72195],[-83.86598,37.72177],[-83.86599,37.72159],[-83.86577,37.7214],[-83.86577,37.72122],[-83.86556,37.72103],[-83.86556,37.72085],[-83.86534,37.72067],[-83.86535,37.72049],[-83.86536,37.72031],[-83.86537,37.72013],[-83.86515,37.71994],[-83.86516,37.71976],[-83.86494,37.71958],[-83.86472,37.71939],[-83.8645,37.7192],[-83.86428,37.71902],[-83.86405,37.71901],[-83.86383,37.71883],[-83.86361,37.71882],[-83.86339,37.71863],[-83.86316,37.71863],[-83.86294,37.71862],[-83.86272,37.71844]]},"properties":{"rank":101,"priority":"MODERATE TARGET","kind":"primary"}},{"type":"Feature","geometry":{"type":"LineString","coordinates":[[-83.86272,37.71844],[-83.8625,37.71825],[-83.86227,37.71824],[-83.86205,37.71806],[-83.86182,37.71805],[-83.86161,37.71787],[-83.86138,37.71786],[-83.86116,37.71767],[-83.86117,37.71749],[-83.86095,37.71731],[-83.86073,37.71712],[-83.86074,37.71694],[-83.86052,37.71676],[-83.86029,37.71675],[-83.86007,37.71656],[-83.86008,37.71638],[-83.86009,37.7162],[-83.8601,37.71602],[-83.85988,37.71584],[-83.85966,37.71565],[-83.85944,37.71547],[-83.85922,37.71528],[-83.859,37.71509],[-83.85901,37.71491],[-83.85879,37.71473],[-83.85857,37.71454],[-83.85834,37.71454],[-83.85812,37.71453],[-83.85789,37.71452],[-83.85766,37.7147],[-83.85744,37.71451],[-83.85721,37.71451],[-83.85698,37.7145],[-83.85677,37.71431],[-83.85654,37.71431],[-83.85632,37.71412],[-83.85655,37.71395],[-83.85656,37.71377],[-83.85657,37.71359],[-83.8568,37.71341],[-83.85681,37.71323],[-83.85682,37.71305],[-83.85683,37.71287],[-83.85706,37.7127],[-83.85729,37.71253],[-83.85753,37.71235],[-83.85754,37.71217],[-83.85777,37.712],[-83.85778,37.71182],[-83.85779,37.71164],[-83.85802,37.71146],[-83.85825,37.71129],[-83.85849,37.71112],[-83.8585,37.71094],[-83.85828,37.71075],[-83.85828,37.71057],[-83.85829,37.71039],[-83.8583,37.71021],[-83.85853,37.71004],[-83.85854,37.70986],[-83.85855,37.70968],[-83.85856,37.7095],[-83.85834,37.70931],[-83.85812,37.70912],[-83.8579,37.70894],[-83.85767,37.70893],[-83.85745,37.70875],[-83.85724,37.70856],[-83.85702,37.70837],[-83.85702,37.70819],[-83.85703,37.70801],[-83.85727,37.70784],[-83.8575,37.70767],[-83.85773,37.70767],[-83.85796,37.7075],[-83.8582,37.70732],[-83.8582,37.70714],[-83.85844,37.70697],[-83.85844,37.70679],[-83.85845,37.70661],[-83.85846,37.70643],[-83.85847,37.70625],[-83.85825,37.70606],[-83.85826,37.70588],[-83.85804,37.7057],[-83.85782,37.70551],[-83.8576,37.70533],[-83.85761,37.70515],[-83.85761,37.70497],[-83.8574,37.70478],[-83.85718,37.70459],[-83.85718,37.70441],[-83.85719,37.70423],[-83.8572,37.70405],[-83.85743,37.70388],[-83.85744,37.7037],[-83.85768,37.70353],[-83.85791,37.70335],[-83.85814,37.70318],[-83.85838,37.703],[-83.85839,37.70282],[-83.85839,37.70264],[-83.8584,37.70246],[-83.85863,37.70229],[-83.85887,37.70212],[-83.85888,37.70194],[-83.85888,37.70176],[-83.85889,37.70158],[-83.8589,37.7014],[-83.85868,37.70121],[-83.85869,37.70103],[-83.85847,37.70084],[-83.85825,37.70066],[-83.85826,37.70048],[-83.85804,37.70029],[-83.85805,37.70011],[-83.85783,37.69993]]},"properties":{"rank":101,"priority":"MODERATE TARGET","kind":"extended"}},{"type":"Feature","geometry":{"type":"LineString","coordinates":[[-84.0161,37.6037],[-84.01635,37.60385],[-84.01634,37.60403],[-84.01656,37.60422],[-84.01678,37.6044]]},"properties":{"rank":102,"priority":"MODERATE TARGET","kind":"source"}},{"type":"Feature","geometry":{"type":"LineString","coordinates":[[-84.0161,37.6037],[-84.01635,37.60385],[-84.01634,37.60403],[-84.01656,37.60422],[-84.01678,37.6044],[-84.01701,37.60441],[-84.01723,37.6046],[-84.01745,37.6046],[-84.01768,37.60461],[-84.01791,37.60461],[-84.01813,37.60462],[-84.01836,37.60462],[-84.01858,37.60481],[-84.0188,37.60482],[-84.01903,37.60482],[-84.01926,37.60483],[-84.01948,37.60483],[-84.01971,37.60484],[-84.01993,37.60484],[-84.02017,37.60467],[-84.02039,37.60468],[-84.02062,37.60468],[-84.02085,37.60469],[-84.02107,37.60469],[-84.0213,37.6047],[-84.02153,37.6047],[-84.02175,37.60471],[-84.02197,37.6049],[-84.0222,37.6049],[-84.02242,37.60491],[-84.02264,37.60509],[-84.02264,37.60527],[-84.02285,37.60546],[-84.02308,37.60546],[-84.0233,37.60565],[-84.02352,37.60584],[-84.02375,37.60584],[-84.02397,37.60585],[-84.0242,37.60585],[-84.02442,37.60604],[-84.02464,37.60604],[-84.02486,37.60623],[-84.02508,37.60642],[-84.02531,37.60642],[-84.02553,37.60643],[-84.02576,37.60643],[-84.02598,37.60662],[-84.02597,37.6068],[-84.02597,37.60698],[-84.02596,37.60716],[-84.02618,37.60734],[-84.02617,37.60752],[-84.02616,37.6077]]},"properties":{"rank":102,"priority":"MODERATE TARGET","kind":"primary"}},{"type":"Feature","geometry":{"type":"LineString","coordinates":[[-84.1813,37.5296],[-84.18133,37.5297],[-84.18132,37.52988],[-84.18109,37.53005],[-84.18108,37.53023]]},"properties":{"rank":103,"priority":"MODERATE TARGET","kind":"source"}},{"type":"Feature","geometry":{"type":"LineString","coordinates":[[-84.1813,37.5296],[-84.18133,37.5297],[-84.18132,37.52988],[-84.18109,37.53005],[-84.18108,37.53023],[-84.18108,37.53041],[-84.18107,37.53059],[-84.18084,37.53077],[-84.18083,37.53095],[-84.18082,37.53113],[-84.18082,37.53131],[-84.18081,37.53149],[-84.1808,37.53167],[-84.18102,37.53185],[-84.18101,37.53203],[-84.18101,37.53221],[-84.181,37.53239],[-84.18077,37.53257],[-84.18076,37.53275],[-84.18075,37.53293],[-84.18052,37.5331],[-84.18051,37.53328],[-84.18073,37.53347],[-84.18073,37.53365],[-84.18072,37.53383],[-84.18049,37.534],[-84.18048,37.53418],[-84.18047,37.53436],[-84.18047,37.53454],[-84.18046,37.53472],[-84.18023,37.5349],[-84.18022,37.53508],[-84.18044,37.53526],[-84.18043,37.53544],[-84.18043,37.53562],[-84.18042,37.5358],[-84.18041,37.53598],[-84.18041,37.53616],[-84.1804,37.53634],[-84.18039,37.53652],[-84.18061,37.53671],[-84.18061,37.53689],[-84.18082,37.53708],[-84.18082,37.53726],[-84.18081,37.53744],[-84.18103,37.53762],[-84.18102,37.5378],[-84.18124,37.53799],[-84.18124,37.53817],[-84.18146,37.53835],[-84.18145,37.53853],[-84.18167,37.53872],[-84.18166,37.5389],[-84.18165,37.53908],[-84.18142,37.53925],[-84.18141,37.53943]]},"properties":{"rank":103,"priority":"MODERATE TARGET","kind":"primary"}},{"type":"Feature","geometry":{"type":"LineString","coordinates":[[-84.18141,37.53943],[-84.18141,37.53961],[-84.18117,37.53979],[-84.18094,37.53996],[-84.18072,37.53996],[-84.18048,37.54013],[-84.18048,37.54031],[-84.18047,37.54049],[-84.18024,37.54067],[-84.18023,37.54085],[-84.18022,37.54103],[-84.18044,37.54121],[-84.18066,37.5414],[-84.18088,37.54158],[-84.1811,37.54177],[-84.18132,37.54195],[-84.18154,37.54214],[-84.18177,37.54214],[-84.18198,37.54233],[-84.1822,37.54251],[-84.18242,37.5427],[-84.18242,37.54288],[-84.18264,37.54307],[-84.18286,37.54325],[-84.18285,37.54343],[-84.18284,37.54361],[-84.18283,37.54379],[-84.18283,37.54397],[-84.18282,37.54415],[-84.18304,37.54434],[-84.18303,37.54452],[-84.18325,37.5447],[-84.18325,37.54488],[-84.18347,37.54507],[-84.18346,37.54525],[-84.18368,37.54543],[-84.1839,37.54562],[-84.18389,37.5458],[-84.18388,37.54598],[-84.18388,37.54616],[-84.18387,37.54634],[-84.18386,37.54652],[-84.18408,37.5467],[-84.18408,37.54688],[-84.1843,37.54707],[-84.18429,37.54725],[-84.18428,37.54743],[-84.18428,37.54761],[-84.18449,37.5478],[-84.18449,37.54798],[-84.18448,37.54816],[-84.18447,37.54834],[-84.18469,37.54852],[-84.18491,37.54871],[-84.18513,37.54889],[-84.18513,37.54907],[-84.18535,37.54926],[-84.18534,37.54944],[-84.18533,37.54962],[-84.18555,37.5498],[-84.18554,37.54998],[-84.18554,37.55016],[-84.18553,37.55034],[-84.18552,37.55052],[-84.18552,37.5507],[-84.18574,37.55089],[-84.18596,37.55089],[-84.18618,37.55108],[-84.18618,37.55126],[-84.18639,37.55145],[-84.18661,37.55163],[-84.18661,37.55181],[-84.1866,37.55199],[-84.18682,37.55218],[-84.18704,37.55236],[-84.18703,37.55254],[-84.18725,37.55273],[-84.18747,37.55291],[-84.18769,37.5531],[-84.18791,37.55328],[-84.18768,37.55346],[-84.18767,37.55364],[-84.18789,37.55382],[-84.18788,37.554],[-84.1881,37.55419],[-84.1881,37.55437],[-84.18809,37.55455],[-84.18808,37.55473],[-84.18808,37.55491],[-84.18807,37.55509],[-84.18784,37.55526],[-84.18783,37.55544],[-84.1876,37.55562],[-84.18736,37.55579],[-84.18736,37.55597],[-84.18735,37.55615],[-84.18712,37.55633],[-84.18711,37.55651],[-84.1871,37.55669],[-84.1871,37.55687],[-84.18709,37.55705],[-84.18708,37.55723],[-84.1873,37.55741],[-84.18729,37.55759],[-84.18729,37.55777],[-84.18728,37.55795],[-84.18705,37.55813],[-84.18704,37.55831],[-84.18726,37.55849],[-84.18725,37.55867],[-84.18702,37.55885],[-84.18701,37.55903],[-84.18678,37.5592],[-84.18677,37.55938],[-84.18654,37.55956],[-84.18631,37.55973],[-84.18608,37.55991],[-84.18607,37.56009],[-84.18606,37.56027]]},"properties":{"rank":103,"priority":"MODERATE TARGET","kind":"extended"}},{"type":"Feature","geometry":{"type":"LineString","coordinates":[[-83.9557,37.596],[-83.95574,37.596],[-83.95573,37.59618],[-83.95573,37.59636],[-83.95572,37.59654],[-83.95549,37.59671]]},"properties":{"rank":104,"priority":"MODERATE TARGET","kind":"source"}},{"type":"Feature","geometry":{"type":"LineString","coordinates":[[-83.9557,37.596],[-83.95574,37.596],[-83.95573,37.59618],[-83.95573,37.59636],[-83.95572,37.59654],[-83.95549,37.59671],[-83.95548,37.59689],[-83.95547,37.59707],[-83.95524,37.59724],[-83.95523,37.59742],[-83.955,37.5976],[-83.95522,37.59778],[-83.95521,37.59796],[-83.9552,37.59814],[-83.95519,37.59832],[-83.95519,37.5985],[-83.95518,37.59868],[-83.95517,37.59886],[-83.95516,37.59904],[-83.95516,37.59922],[-83.95515,37.5994],[-83.95514,37.59958],[-83.95513,37.59976],[-83.95513,37.59994],[-83.95512,37.60012],[-83.95511,37.6003],[-83.95511,37.60048],[-83.95532,37.60067],[-83.95532,37.60085],[-83.95554,37.60104],[-83.95553,37.60122],[-83.95552,37.6014],[-83.95529,37.60157],[-83.95528,37.60175],[-83.95527,37.60193],[-83.95527,37.60211],[-83.95526,37.60229],[-83.95525,37.60247],[-83.95524,37.60265],[-83.95524,37.60283],[-83.95523,37.60301],[-83.955,37.60319],[-83.95499,37.60337],[-83.95498,37.60355],[-83.95475,37.60372],[-83.95474,37.6039],[-83.95451,37.60407],[-83.9545,37.60425],[-83.95427,37.60443],[-83.95426,37.60461],[-83.95402,37.60478],[-83.95402,37.60496],[-83.95378,37.60514],[-83.95378,37.60532],[-83.95377,37.6055],[-83.95376,37.60568],[-83.95375,37.60586]]},"properties":{"rank":104,"priority":"MODERATE TARGET","kind":"primary"}},{"type":"Feature","geometry":{"type":"LineString","coordinates":[[-83.95375,37.60586],[-83.95375,37.60604],[-83.95374,37.60622],[-83.95396,37.6064],[-83.95395,37.60658],[-83.95417,37.60677],[-83.95416,37.60695],[-83.95438,37.60713],[-83.95437,37.60731],[-83.95459,37.6075],[-83.95481,37.60769],[-83.9548,37.60787],[-83.9548,37.60805],[-83.95502,37.60823],[-83.95523,37.60842],[-83.95546,37.60842],[-83.95568,37.60861],[-83.95567,37.60879],[-83.95589,37.60897],[-83.95611,37.60916],[-83.95633,37.60935],[-83.95655,37.60953],[-83.95677,37.60972],[-83.95676,37.6099],[-83.95698,37.61008],[-83.9572,37.61027],[-83.95742,37.61028],[-83.95764,37.61046],[-83.95786,37.61065],[-83.95809,37.61065],[-83.95831,37.61084],[-83.9583,37.61102],[-83.95829,37.6112],[-83.95851,37.61139],[-83.95873,37.61157],[-83.95896,37.61158],[-83.95918,37.61158],[-83.95941,37.61159],[-83.95964,37.61159],[-83.95985,37.61178],[-83.96008,37.61179],[-83.9603,37.61197],[-83.96053,37.61198],[-83.96075,37.61216],[-83.96074,37.61234],[-83.96073,37.61252],[-83.96072,37.6127],[-83.96072,37.61288],[-83.96048,37.61306],[-83.96047,37.61324],[-83.96047,37.61342],[-83.96023,37.61359],[-83.96023,37.61377],[-83.95999,37.61395],[-83.95977,37.61394],[-83.95953,37.61411],[-83.95953,37.61429],[-83.95974,37.61448],[-83.95974,37.61466],[-83.9595,37.61483],[-83.9595,37.61501],[-83.95926,37.61519],[-83.95926,37.61537],[-83.95947,37.61555],[-83.95947,37.61573],[-83.95946,37.61591],[-83.95945,37.61609],[-83.95944,37.61627],[-83.95944,37.61645],[-83.9592,37.61663],[-83.95897,37.6168],[-83.95874,37.61698],[-83.9585,37.61715],[-83.95827,37.61733],[-83.95826,37.61751],[-83.95803,37.61768],[-83.95802,37.61786],[-83.95801,37.61804],[-83.95778,37.61821]]},"properties":{"rank":104,"priority":"MODERATE TARGET","kind":"extended"}},{"type":"Feature","geometry":{"type":"LineString","coordinates":[[-84.1691,37.5686],[-84.16922,37.5687],[-84.16944,37.5687],[-84.16967,37.56871],[-84.1699,37.56871]]},"properties":{"rank":105,"priority":"MODERATE TARGET","kind":"source"}},{"type":"Feature","geometry":{"type":"LineString","coordinates":[[-84.1691,37.5686],[-84.16922,37.5687],[-84.16944,37.5687],[-84.16967,37.56871],[-84.1699,37.56871],[-84.17012,37.56872],[-84.17035,37.56872],[-84.17057,37.56891],[-84.1708,37.56873],[-84.17103,37.56874],[-84.17125,37.56874],[-84.17149,37.56857],[-84.17171,37.56858],[-84.17194,37.56858],[-84.17217,37.56841],[-84.1724,37.56841],[-84.17262,37.56842],[-84.17286,37.56824],[-84.17308,37.56825],[-84.17332,37.56807],[-84.17354,37.56808],[-84.17376,37.56826],[-84.17399,37.56827],[-84.17421,37.56827],[-84.17444,37.56828],[-84.17467,37.56829],[-84.17489,37.56847],[-84.17511,37.56848],[-84.17534,37.56848],[-84.17557,37.56831],[-84.1758,37.56831],[-84.17602,37.5685],[-84.17624,37.56868],[-84.17646,37.56869],[-84.17669,37.56869],[-84.17692,37.5687],[-84.17714,37.56871],[-84.17737,37.56871],[-84.17759,37.56872],[-84.17782,37.56872],[-84.17804,37.56891],[-84.17827,37.56891],[-84.17848,37.5691],[-84.17871,37.5691],[-84.17893,37.56929],[-84.17916,37.56929],[-84.17938,37.56948],[-84.1796,37.56948],[-84.17983,37.56949],[-84.18005,37.56968],[-84.18027,37.56986],[-84.18049,37.56987],[-84.18071,37.57005],[-84.18094,37.57006],[-84.18116,37.57024]]},"properties":{"rank":105,"priority":"MODERATE TARGET","kind":"primary"}},{"type":"Feature","geometry":{"type":"LineString","coordinates":[[-84.18116,37.57024],[-84.18138,37.57025],[-84.18161,37.57025],[-84.18184,37.57026],[-84.18206,37.57026],[-84.18229,37.57027],[-84.18251,37.57046],[-84.18273,37.57064],[-84.18272,37.57082],[-84.18271,37.571],[-84.18271,37.57118],[-84.18293,37.57137],[-84.18315,37.57155],[-84.18314,37.57173],[-84.18313,37.57191],[-84.18313,37.57209],[-84.18312,37.57227],[-84.18334,37.57246],[-84.18356,37.57264],[-84.18355,37.57282],[-84.18377,37.57301],[-84.18399,37.57319],[-84.18422,37.5732],[-84.18444,37.57338],[-84.18466,37.57357],[-84.18465,37.57375],[-84.18442,37.57392],[-84.18418,37.5741],[-84.18418,37.57428],[-84.18394,37.57445],[-84.18394,37.57463],[-84.18393,37.57481],[-84.1837,37.57499],[-84.18369,37.57517],[-84.18346,37.57534],[-84.18323,37.57534],[-84.183,37.57551],[-84.18276,37.57569],[-84.18254,37.57568],[-84.18231,37.57568],[-84.18208,37.57585],[-84.18185,37.57603],[-84.18161,37.5762],[-84.18138,37.57638],[-84.18115,37.57637],[-84.18093,37.57636],[-84.18069,37.57654],[-84.18047,37.57653],[-84.18024,37.57671],[-84.18001,37.5767],[-84.17978,37.57688],[-84.17955,37.57687],[-84.17932,37.57687],[-84.17909,37.57704],[-84.17908,37.57722],[-84.17885,37.5774],[-84.17862,37.57757],[-84.17838,37.57775],[-84.17815,37.57792],[-84.17815,37.5781],[-84.17814,37.57828],[-84.17791,37.57845],[-84.1779,37.57864],[-84.17767,37.57881],[-84.17766,37.57899],[-84.17765,37.57917],[-84.17742,37.57934],[-84.17741,37.57952],[-84.17741,37.5797],[-84.17717,37.57988],[-84.17694,37.58005],[-84.17671,37.58023],[-84.17647,37.5804],[-84.17647,37.58058],[-84.17623,37.58076],[-84.17623,37.58094],[-84.17599,37.58111],[-84.17576,37.58129],[-84.17553,37.58146],[-84.17529,37.58164],[-84.17507,37.58163],[-84.17483,37.58181],[-84.1746,37.58198],[-84.17438,37.58197],[-84.17415,37.58197],[-84.17392,37.58196],[-84.1737,37.58178],[-84.17348,37.58177],[-84.17325,37.58177],[-84.17302,37.58194],[-84.17301,37.58212],[-84.173,37.5823],[-84.17277,37.58248],[-84.17276,37.58266],[-84.17276,37.58284],[-84.17252,37.58301],[-84.17252,37.58319],[-84.17228,37.58337],[-84.17206,37.58336],[-84.17183,37.58354],[-84.1716,37.58353],[-84.17137,37.5837],[-84.17136,37.58388],[-84.17113,37.58406],[-84.17089,37.58423],[-84.17067,37.58423],[-84.17043,37.5844],[-84.1702,37.58458],[-84.17019,37.58476],[-84.17041,37.58494],[-84.17041,37.58512]]},"properties":{"rank":105,"priority":"MODERATE TARGET","kind":"extended"}},{"type":"Feature","geometry":{"type":"LineString","coordinates":[[-84.2027,37.528],[-84.20289,37.52805],[-84.20311,37.52823],[-84.20333,37.52824],[-84.20355,37.52843],[-84.20378,37.52843]]},"properties":{"rank":106,"priority":"MODERATE TARGET","kind":"source"}},{"type":"Feature","geometry":{"type":"LineString","coordinates":[[-84.2027,37.528],[-84.20289,37.52805],[-84.20311,37.52823],[-84.20333,37.52824],[-84.20355,37.52843],[-84.20378,37.52843],[-84.204,37.52862],[-84.20422,37.52862],[-84.20444,37.52881],[-84.20467,37.52881],[-84.20489,37.529],[-84.20511,37.52918],[-84.20533,37.52919],[-84.20556,37.52919],[-84.20578,37.52938],[-84.20601,37.52938],[-84.20623,37.52957],[-84.20644,37.52976],[-84.20667,37.52976],[-84.20666,37.52994],[-84.20688,37.53013],[-84.20711,37.53013],[-84.2071,37.53031],[-84.20732,37.5305],[-84.20732,37.53068],[-84.20731,37.53086],[-84.2073,37.53104],[-84.20752,37.53122],[-84.20729,37.5314],[-84.20728,37.53158],[-84.20728,37.53176],[-84.20749,37.53194],[-84.20772,37.53195],[-84.20795,37.53195],[-84.20794,37.53213],[-84.20793,37.53231],[-84.20815,37.5325],[-84.20838,37.5325],[-84.20837,37.53268],[-84.20859,37.53287],[-84.20881,37.53306],[-84.20903,37.53324],[-84.20902,37.53342],[-84.20924,37.53361],[-84.20946,37.53379],[-84.20968,37.53398],[-84.20945,37.53415],[-84.20967,37.53434],[-84.20966,37.53452],[-84.20988,37.5347],[-84.21011,37.53471],[-84.2101,37.53489],[-84.21032,37.53507]]},"properties":{"rank":106,"priority":"MODERATE TARGET","kind":"primary"}},{"type":"Feature","geometry":{"type":"LineString","coordinates":[[-84.21032,37.53507],[-84.21031,37.53525],[-84.21031,37.53543],[-84.2103,37.53561],[-84.21052,37.5358],[-84.21051,37.53598],[-84.21051,37.53616],[-84.2105,37.53634],[-84.21049,37.53652],[-84.21049,37.5367],[-84.21048,37.53688],[-84.21047,37.53706],[-84.21047,37.53724],[-84.21068,37.53742],[-84.21068,37.5376],[-84.21067,37.53778],[-84.21066,37.53796],[-84.21066,37.53814],[-84.21065,37.53832],[-84.21064,37.5385],[-84.21064,37.53868],[-84.21063,37.53886],[-84.2104,37.53904],[-84.21017,37.53921],[-84.21016,37.53939],[-84.20993,37.53957],[-84.20992,37.53975],[-84.20991,37.53993],[-84.20991,37.54011],[-84.2099,37.54029],[-84.20967,37.54046],[-84.20943,37.54064],[-84.20943,37.54082],[-84.20942,37.541],[-84.20941,37.54118],[-84.20963,37.54136],[-84.20963,37.54154],[-84.20962,37.54172],[-84.20984,37.54191],[-84.20983,37.54209],[-84.20982,37.54227],[-84.20959,37.54244],[-84.20959,37.54262],[-84.20958,37.5428],[-84.20957,37.54298],[-84.20934,37.54316],[-84.20933,37.54334],[-84.20933,37.54352],[-84.20955,37.54371],[-84.20954,37.54389],[-84.20976,37.54407],[-84.20975,37.54425],[-84.20974,37.54443],[-84.20974,37.54461],[-84.20973,37.54479],[-84.20972,37.54497],[-84.20949,37.54515],[-84.20948,37.54533],[-84.2097,37.54551],[-84.2097,37.54569],[-84.20992,37.54588],[-84.20991,37.54606],[-84.2099,37.54624],[-84.2099,37.54642],[-84.20989,37.5466],[-84.20988,37.54678],[-84.2101,37.54696],[-84.20987,37.54714],[-84.20986,37.54732],[-84.20986,37.5475],[-84.20985,37.54768],[-84.20962,37.54785],[-84.20961,37.54803],[-84.2096,37.54821],[-84.2096,37.54839],[-84.20959,37.54857],[-84.20958,37.54875],[-84.20958,37.54893],[-84.20957,37.54911],[-84.20956,37.54929],[-84.20978,37.54948],[-84.20978,37.54966],[-84.20954,37.54983],[-84.20954,37.55001],[-84.2093,37.55019],[-84.20907,37.55036],[-84.20884,37.55036],[-84.20861,37.55053],[-84.2086,37.55071],[-84.2086,37.55089],[-84.20859,37.55107],[-84.20858,37.55125],[-84.20858,37.55143],[-84.20857,37.55161],[-84.20879,37.5518],[-84.20901,37.55198],[-84.209,37.55216],[-84.20922,37.55235],[-84.20922,37.55253],[-84.20921,37.55271],[-84.20898,37.55288],[-84.20875,37.55288],[-84.20852,37.55287],[-84.20829,37.55305],[-84.20806,37.55322],[-84.20805,37.5534],[-84.20804,37.55358],[-84.20781,37.55376],[-84.20758,37.55393],[-84.20757,37.55411],[-84.20757,37.55429],[-84.20733,37.55447],[-84.2071,37.55464],[-84.20687,37.55482],[-84.20663,37.55499],[-84.20641,37.55498],[-84.20617,37.55516],[-84.20617,37.55534],[-84.20616,37.55552],[-84.20615,37.5557],[-84.20615,37.55588],[-84.20614,37.55606],[-84.20636,37.55624],[-84.20635,37.55643]]},"properties":{"rank":106,"priority":"MODERATE TARGET","kind":"extended"}},{"type":"Feature","geometry":{"type":"LineString","coordinates":[[-84.0047,37.6076],[-84.00487,37.60771],[-84.00509,37.60789],[-84.00531,37.60808]]},"properties":{"rank":107,"priority":"MODERATE TARGET","kind":"source"}},{"type":"Feature","geometry":{"type":"LineString","coordinates":[[-84.0047,37.6076],[-84.00487,37.60771],[-84.00509,37.60789],[-84.00531,37.60808],[-84.00553,37.60826],[-84.00552,37.60844],[-84.00574,37.60863],[-84.00596,37.60882],[-84.00618,37.609],[-84.0064,37.60919],[-84.00662,37.60937],[-84.00683,37.60956],[-84.00705,37.60974],[-84.00705,37.60992],[-84.00704,37.6101],[-84.00703,37.61028],[-84.00703,37.61046],[-84.00702,37.61064],[-84.00701,37.61082],[-84.007,37.611],[-84.00722,37.61119],[-84.00744,37.61138],[-84.00766,37.61156],[-84.00765,37.61174],[-84.00765,37.61192],[-84.00764,37.6121],[-84.00763,37.61228],[-84.00762,37.61246],[-84.00784,37.61265],[-84.00806,37.61283],[-84.00828,37.61302],[-84.0085,37.6132],[-84.00849,37.61338],[-84.00826,37.61356],[-84.00803,37.61373],[-84.00779,37.61391],[-84.00757,37.6139],[-84.00734,37.6139],[-84.00711,37.61407],[-84.00688,37.61406],[-84.00665,37.61406],[-84.00642,37.61423],[-84.00641,37.61441],[-84.00641,37.61459],[-84.00617,37.61477],[-84.00594,37.61494],[-84.00571,37.61494],[-84.00548,37.61511],[-84.00525,37.61528],[-84.00501,37.61546]]},"properties":{"rank":107,"priority":"MODERATE TARGET","kind":"primary"}},{"type":"Feature","geometry":{"type":"LineString","coordinates":[[-83.8711,37.8005],[-83.87106,37.80029],[-83.87107,37.80011],[-83.87108,37.79993],[-83.87109,37.79975]]},"properties":{"rank":108,"priority":"MODERATE TARGET","kind":"source"}},{"type":"Feature","geometry":{"type":"LineString","coordinates":[[-83.8711,37.8005],[-83.87106,37.80029],[-83.87107,37.80011],[-83.87108,37.79993],[-83.87109,37.79975],[-83.87109,37.79957],[-83.8711,37.79939],[-83.87088,37.7992],[-83.87089,37.79902],[-83.8709,37.79884],[-83.87068,37.79866],[-83.87069,37.79848],[-83.87047,37.79829],[-83.87047,37.79811],[-83.87048,37.79793],[-83.87026,37.79774],[-83.87004,37.79756],[-83.86982,37.79737],[-83.8696,37.79719],[-83.86961,37.79701],[-83.86962,37.79683],[-83.86963,37.79665],[-83.86986,37.79647],[-83.86987,37.79629],[-83.8701,37.79612],[-83.87011,37.79594],[-83.87012,37.79576],[-83.87035,37.79558],[-83.87036,37.7954],[-83.8706,37.79523],[-83.8706,37.79505],[-83.87084,37.79488],[-83.87084,37.7947],[-83.87085,37.79452],[-83.87086,37.79434],[-83.87087,37.79416],[-83.87088,37.79398],[-83.87088,37.7938],[-83.87112,37.79362],[-83.87135,37.79345],[-83.87136,37.79327],[-83.87159,37.79309],[-83.87183,37.79292],[-83.87184,37.79274],[-83.87184,37.79256],[-83.87208,37.79239],[-83.87231,37.79221],[-83.87255,37.79204],[-83.87278,37.79186],[-83.87279,37.79168],[-83.87302,37.79151],[-83.87303,37.79133],[-83.87304,37.79115],[-83.87305,37.79097]]},"properties":{"rank":108,"priority":"MODERATE TARGET","kind":"primary"}},{"type":"Feature","geometry":{"type":"LineString","coordinates":[[-83.87305,37.79097],[-83.87305,37.79079],[-83.87306,37.79061],[-83.8733,37.79044],[-83.87353,37.79026],[-83.87354,37.79008],[-83.87354,37.7899],[-83.87378,37.78973],[-83.87379,37.78955],[-83.87401,37.78955],[-83.87425,37.78938],[-83.87426,37.7892],[-83.87426,37.78902],[-83.87427,37.78884],[-83.87451,37.78867],[-83.87451,37.78849],[-83.87475,37.78831],[-83.87475,37.78813],[-83.87476,37.78795],[-83.875,37.78778],[-83.875,37.7876],[-83.87524,37.78742],[-83.87547,37.78743],[-83.87569,37.78744],[-83.87593,37.78726],[-83.87593,37.78708],[-83.87594,37.7869],[-83.87618,37.78673],[-83.87618,37.78655],[-83.87596,37.78636],[-83.87597,37.78618],[-83.87598,37.786],[-83.87599,37.78582],[-83.87622,37.78565],[-83.87623,37.78547],[-83.87624,37.78529],[-83.87624,37.78511],[-83.87648,37.78493],[-83.87626,37.78475],[-83.87627,37.78457],[-83.8765,37.78439],[-83.87651,37.78421],[-83.87674,37.78404],[-83.87675,37.78386],[-83.87676,37.78368],[-83.87699,37.78351],[-83.877,37.78333],[-83.87701,37.78315],[-83.87724,37.78297],[-83.87725,37.78279],[-83.87748,37.78262],[-83.87771,37.78262],[-83.87794,37.78263],[-83.87816,37.78282],[-83.87838,37.78282],[-83.87861,37.78283],[-83.87883,37.78301],[-83.87906,37.78302],[-83.87928,37.78321],[-83.8795,37.78339],[-83.87972,37.7834],[-83.87994,37.78358],[-83.87993,37.78376],[-83.88015,37.78395],[-83.88015,37.78413],[-83.88014,37.78431],[-83.88013,37.78449],[-83.88035,37.78468],[-83.88034,37.78486],[-83.88033,37.78504],[-83.88033,37.78522],[-83.88032,37.7854],[-83.88031,37.78558],[-83.88053,37.78576],[-83.88076,37.78577],[-83.88098,37.78577],[-83.8812,37.78596],[-83.88143,37.78597],[-83.88167,37.78579],[-83.8819,37.78562],[-83.88213,37.78544],[-83.88236,37.78545],[-83.8826,37.78528],[-83.88281,37.78546],[-83.88303,37.78565],[-83.88325,37.78583],[-83.88348,37.78584],[-83.8837,37.78603],[-83.88392,37.78621],[-83.88391,37.78639],[-83.8839,37.78657],[-83.8839,37.78675],[-83.88389,37.78693],[-83.88388,37.78711],[-83.88365,37.78729],[-83.88364,37.78747],[-83.88363,37.78765],[-83.8834,37.78782],[-83.88339,37.788],[-83.88361,37.78819],[-83.8836,37.78837],[-83.88359,37.78855],[-83.88381,37.78873],[-83.88403,37.78892],[-83.88426,37.78892],[-83.88448,37.78893],[-83.88471,37.78894],[-83.88494,37.78894],[-83.88517,37.78895],[-83.88539,37.78895],[-83.88562,37.78896],[-83.88584,37.78915],[-83.88583,37.78933],[-83.88605,37.78951],[-83.88604,37.78969],[-83.88626,37.78988],[-83.88648,37.79006],[-83.8867,37.79025],[-83.88693,37.79026],[-83.88715,37.79044],[-83.88714,37.79062]]},"properties":{"rank":108,"priority":"MODERATE TARGET","kind":"extended"}},{"type":"Feature","geometry":{"type":"LineString","coordinates":[[-83.9917,37.6088],[-83.99147,37.60863],[-83.99125,37.60844]]},"properties":{"rank":109,"priority":"MODERATE TARGET","kind":"source"}},{"type":"Feature","geometry":{"type":"LineString","coordinates":[[-83.9917,37.6088],[-83.99147,37.60863],[-83.99125,37.60844],[-83.99103,37.60826],[-83.9908,37.60825],[-83.99059,37.60806],[-83.99037,37.60788],[-83.99014,37.60787],[-83.98991,37.60787],[-83.98968,37.60804],[-83.98967,37.60822],[-83.98944,37.60839],[-83.98921,37.60857],[-83.9892,37.60875],[-83.98919,37.60893],[-83.98918,37.60911],[-83.98895,37.60928],[-83.98872,37.60928],[-83.98849,37.60945],[-83.98826,37.60963],[-83.98803,37.60962],[-83.9878,37.60979],[-83.98757,37.60979],[-83.98734,37.60996],[-83.9871,37.61014],[-83.98687,37.61031],[-83.98664,37.61031],[-83.98641,37.61048],[-83.98618,37.61065],[-83.98595,37.61065],[-83.98572,37.61064],[-83.98549,37.61082],[-83.98526,37.61081],[-83.98504,37.61081],[-83.9848,37.61098],[-83.98458,37.61097],[-83.98435,37.61097],[-83.98413,37.61096],[-83.9839,37.61096],[-83.98367,37.61113],[-83.98344,37.61112],[-83.98321,37.61112],[-83.98299,37.61093],[-83.98277,37.61093],[-83.98254,37.61092],[-83.98232,37.61092],[-83.9821,37.61073],[-83.98187,37.61072],[-83.98164,37.61072],[-83.98142,37.61071],[-83.98119,37.61071],[-83.98097,37.6107],[-83.98075,37.61052]]},"properties":{"rank":109,"priority":"MODERATE TARGET","kind":"primary"}},{"type":"Feature","geometry":{"type":"LineString","coordinates":[[-83.98075,37.61052],[-83.98053,37.61033],[-83.98031,37.61014],[-83.98032,37.60996],[-83.98009,37.60996],[-83.97987,37.60977],[-83.97964,37.60977],[-83.97942,37.60958],[-83.9792,37.60957],[-83.97898,37.60939],[-83.97876,37.6092],[-83.97853,37.6092],[-83.97831,37.60919],[-83.97809,37.60901],[-83.97786,37.609],[-83.97764,37.60899],[-83.97741,37.60899],[-83.97718,37.60898],[-83.97696,37.60898],[-83.97673,37.60897],[-83.97651,37.60896],[-83.97629,37.60878],[-83.97606,37.60877],[-83.97584,37.60859],[-83.97561,37.60858],[-83.9754,37.6084],[-83.97517,37.60839],[-83.97494,37.60838],[-83.97472,37.6082],[-83.97451,37.60801],[-83.97429,37.60783],[-83.97407,37.60764],[-83.97384,37.60763],[-83.97361,37.60763],[-83.9734,37.60744],[-83.97317,37.60744],[-83.97295,37.60725],[-83.97273,37.60707],[-83.97251,37.60706],[-83.97229,37.60687],[-83.97205,37.60705],[-83.97183,37.60704],[-83.97159,37.60722],[-83.97137,37.60703],[-83.97115,37.60703],[-83.97091,37.6072],[-83.97091,37.60738],[-83.97067,37.60755],[-83.97044,37.60773],[-83.97021,37.60772],[-83.96998,37.6079],[-83.96975,37.60789],[-83.96952,37.60806],[-83.96929,37.60806],[-83.96906,37.60823],[-83.96883,37.60823],[-83.96861,37.60822],[-83.96838,37.60822],[-83.96815,37.60821],[-83.96792,37.60838],[-83.96769,37.60838],[-83.96746,37.60855],[-83.96723,37.60873],[-83.96722,37.60891],[-83.96699,37.60908],[-83.96676,37.60907],[-83.96653,37.60907],[-83.9663,37.60924],[-83.96607,37.60942],[-83.96583,37.60959],[-83.9656,37.60977],[-83.96538,37.60958],[-83.96515,37.60957],[-83.96494,37.60939],[-83.96471,37.60938],[-83.96448,37.60956],[-83.96447,37.60974],[-83.96423,37.60991],[-83.964,37.61009],[-83.96377,37.61008],[-83.96355,37.61007],[-83.96332,37.61007],[-83.9631,37.61006],[-83.96286,37.61024],[-83.96285,37.61042],[-83.96262,37.61059],[-83.96239,37.61076],[-83.96215,37.61094],[-83.96193,37.61093],[-83.96169,37.61111],[-83.96169,37.61129],[-83.96145,37.61146],[-83.96122,37.61164],[-83.96121,37.61182],[-83.96098,37.61199],[-83.96097,37.61217],[-83.96074,37.61234],[-83.96073,37.61252],[-83.96072,37.6127],[-83.96072,37.61288],[-83.96048,37.61306],[-83.96047,37.61324],[-83.96047,37.61342],[-83.96023,37.61359],[-83.96023,37.61377],[-83.95999,37.61395],[-83.95977,37.61394],[-83.95953,37.61411],[-83.95953,37.61429],[-83.95974,37.61448],[-83.95974,37.61466],[-83.9595,37.61483],[-83.9595,37.61501],[-83.95926,37.61519],[-83.95926,37.61537],[-83.95947,37.61555],[-83.95947,37.61573],[-83.95946,37.61591]]},"properties":{"rank":109,"priority":"MODERATE TARGET","kind":"extended"}},{"type":"Feature","geometry":{"type":"LineString","coordinates":[[-83.9341,37.5407],[-83.93401,37.54065],[-83.93379,37.54047],[-83.93357,37.54028],[-83.93334,37.54027],[-83.93312,37.54027],[-83.93289,37.54026],[-83.93266,37.54026]]},"properties":{"rank":110,"priority":"MODERATE TARGET","kind":"source"}},{"type":"Feature","geometry":{"type":"LineString","coordinates":[[-83.9341,37.5407],[-83.93401,37.54065],[-83.93379,37.54047],[-83.93357,37.54028],[-83.93334,37.54027],[-83.93312,37.54027],[-83.93289,37.54026],[-83.93266,37.54026],[-83.93244,37.54025],[-83.93221,37.54024],[-83.93199,37.54024],[-83.93176,37.54023],[-83.93153,37.54023],[-83.9313,37.5404],[-83.93107,37.54039],[-83.93085,37.54039],[-83.93062,37.54038],[-83.9304,37.54038],[-83.93017,37.54037],[-83.92994,37.54037],[-83.92972,37.54036],[-83.92949,37.54053],[-83.92926,37.54053],[-83.92903,37.54052],[-83.92881,37.54034],[-83.92859,37.54033],[-83.92837,37.54014],[-83.92814,37.54014]]},"properties":{"rank":110,"priority":"MODERATE TARGET","kind":"primary"}},{"type":"Feature","geometry":{"type":"LineString","coordinates":[[-83.7265,37.7853],[-83.72662,37.78519],[-83.72663,37.78501],[-83.72663,37.78483],[-83.72664,37.78465],[-83.72688,37.78447],[-83.72711,37.7843],[-83.72735,37.78413],[-83.72757,37.78413]]},"properties":{"rank":111,"priority":"MODERATE TARGET","kind":"source"}},{"type":"Feature","geometry":{"type":"LineString","coordinates":[[-83.7265,37.7853],[-83.72662,37.78519],[-83.72663,37.78501],[-83.72663,37.78483],[-83.72664,37.78465],[-83.72688,37.78447],[-83.72711,37.7843],[-83.72735,37.78413],[-83.72757,37.78413],[-83.72781,37.78396],[-83.72803,37.78397],[-83.72826,37.78397],[-83.72849,37.7838],[-83.72872,37.7838],[-83.72896,37.78363],[-83.72918,37.78364],[-83.72941,37.78364],[-83.72964,37.78365],[-83.72986,37.78366],[-83.73009,37.78366],[-83.73032,37.78367],[-83.73054,37.78367],[-83.73077,37.78368],[-83.731,37.78351],[-83.73123,37.78351],[-83.73147,37.78334],[-83.7317,37.78317],[-83.73194,37.78299],[-83.73216,37.783],[-83.7324,37.78282],[-83.73262,37.78283],[-83.73286,37.78266],[-83.73309,37.78266],[-83.73331,37.78267],[-83.73353,37.78286],[-83.73352,37.78304],[-83.73352,37.78322],[-83.73373,37.7834],[-83.73373,37.78358],[-83.73372,37.78376],[-83.73394,37.78395],[-83.73416,37.78414],[-83.73415,37.78432],[-83.73437,37.7845],[-83.73436,37.78468],[-83.73458,37.78487],[-83.73457,37.78505],[-83.73479,37.78523],[-83.73501,37.78542],[-83.73523,37.78561],[-83.73545,37.78579],[-83.73566,37.78598],[-83.73588,37.78617]]},"properties":{"rank":111,"priority":"MODERATE TARGET","kind":"primary"}},{"type":"Feature","geometry":{"type":"LineString","coordinates":[[-83.73588,37.78617],[-83.73587,37.78635],[-83.73609,37.78653],[-83.73631,37.78672],[-83.7363,37.7869],[-83.7363,37.78708],[-83.73629,37.78726],[-83.73628,37.78744],[-83.7365,37.78762],[-83.73673,37.78763],[-83.73695,37.78764],[-83.73718,37.78764],[-83.7374,37.78783],[-83.73739,37.78801],[-83.73738,37.78819],[-83.7376,37.78838],[-83.73759,37.78856],[-83.73759,37.78874],[-83.7378,37.78892],[-83.7378,37.7891],[-83.73779,37.78928],[-83.73801,37.78947],[-83.73823,37.78947],[-83.73846,37.78948],[-83.73869,37.78949],[-83.73892,37.78949],[-83.73913,37.78968],[-83.73935,37.78987],[-83.73957,37.79005],[-83.73979,37.79024],[-83.74001,37.79042],[-83.74024,37.79043],[-83.74046,37.79062],[-83.74068,37.79062],[-83.7409,37.79081],[-83.74113,37.79082],[-83.74135,37.791],[-83.74134,37.79118],[-83.74156,37.79137],[-83.74178,37.79155],[-83.742,37.79156],[-83.74222,37.79175],[-83.74244,37.79193],[-83.74243,37.79211],[-83.7422,37.79229],[-83.74219,37.79247],[-83.74218,37.79265],[-83.74217,37.79283],[-83.74217,37.79301],[-83.74193,37.79318],[-83.74192,37.79336],[-83.74214,37.79355],[-83.74213,37.79373],[-83.74213,37.79391],[-83.74189,37.79408],[-83.74166,37.79425],[-83.74165,37.79443],[-83.74164,37.79461],[-83.74141,37.79479],[-83.7414,37.79497],[-83.74116,37.79514],[-83.74116,37.79532],[-83.74138,37.79551],[-83.74137,37.79569],[-83.74159,37.79587],[-83.74158,37.79605],[-83.74157,37.79623],[-83.74179,37.79642],[-83.74201,37.79661],[-83.74177,37.79678],[-83.74177,37.79696],[-83.74176,37.79714],[-83.74198,37.79733],[-83.7422,37.79751],[-83.74219,37.79769],[-83.74241,37.79788],[-83.7424,37.79806],[-83.74262,37.79824],[-83.74238,37.79842],[-83.74237,37.7986],[-83.74237,37.79878],[-83.74236,37.79896],[-83.74212,37.79913],[-83.74212,37.79931],[-83.74188,37.79949],[-83.74187,37.79967],[-83.74164,37.79984],[-83.74163,37.80002],[-83.74162,37.8002],[-83.74162,37.80038],[-83.74161,37.80056],[-83.74183,37.80075],[-83.74205,37.80093],[-83.74204,37.80111],[-83.74203,37.80129],[-83.74202,37.80147],[-83.74201,37.80165],[-83.74201,37.80183],[-83.74177,37.802],[-83.74199,37.80219],[-83.74198,37.80237],[-83.74197,37.80255],[-83.74197,37.80273],[-83.74196,37.80291],[-83.74172,37.80308],[-83.74149,37.80326],[-83.74125,37.80343],[-83.74102,37.80361],[-83.7408,37.80342],[-83.74057,37.80341],[-83.74034,37.80359],[-83.74033,37.80377],[-83.7401,37.80394],[-83.74009,37.80412],[-83.73985,37.80429],[-83.73985,37.80447],[-83.73961,37.80465],[-83.7396,37.80483],[-83.73959,37.80501]]},"properties":{"rank":111,"priority":"MODERATE TARGET","kind":"extended"}},{"type":"Feature","geometry":{"type":"LineString","coordinates":[[-83.8995,37.7359],[-83.89942,37.73581],[-83.8992,37.73562],[-83.89898,37.73543],[-83.89876,37.73525]]},"properties":{"rank":112,"priority":"MODERATE TARGET","kind":"source"}},{"type":"Feature","geometry":{"type":"LineString","coordinates":[[-83.8995,37.7359],[-83.89942,37.73581],[-83.8992,37.73562],[-83.89898,37.73543],[-83.89876,37.73525],[-83.89854,37.73506],[-83.89833,37.73488],[-83.8981,37.73487],[-83.89788,37.73468],[-83.89765,37.73468],[-83.89743,37.73467],[-83.89721,37.73449],[-83.89698,37.73448],[-83.89676,37.73429],[-83.89653,37.73429],[-83.89631,37.73428],[-83.89608,37.73428],[-83.89585,37.73427],[-83.89563,37.73426],[-83.89541,37.73408],[-83.89518,37.73407],[-83.89496,37.73407],[-83.89472,37.73424],[-83.89449,37.73423],[-83.89427,37.73423],[-83.89404,37.73422],[-83.89382,37.73422],[-83.89359,37.73421],[-83.89337,37.73403],[-83.89315,37.73384],[-83.89292,37.73383],[-83.8927,37.73383],[-83.89246,37.734],[-83.89224,37.734],[-83.89224,37.73382],[-83.89202,37.73363],[-83.89203,37.73345],[-83.89181,37.73326],[-83.89182,37.73308],[-83.89183,37.7329],[-83.89161,37.73272],[-83.89162,37.73254],[-83.8914,37.73235],[-83.8914,37.73217],[-83.89141,37.73199],[-83.89142,37.73181],[-83.89143,37.73163],[-83.89121,37.73145],[-83.89122,37.73127],[-83.89122,37.73109],[-83.89123,37.73091],[-83.89124,37.73073],[-83.89125,37.73055],[-83.89103,37.73036],[-83.89103,37.73018]]},"properties":{"rank":112,"priority":"MODERATE TARGET","kind":"primary"}},{"type":"Feature","geometry":{"type":"LineString","coordinates":[[-83.89103,37.73018],[-83.89104,37.73],[-83.89128,37.72983],[-83.89151,37.72965],[-83.89174,37.72948],[-83.89175,37.7293],[-83.89153,37.72911],[-83.89154,37.72893],[-83.89155,37.72875],[-83.89156,37.72857],[-83.89156,37.72839],[-83.89157,37.72821],[-83.8918,37.72804],[-83.89204,37.72786],[-83.89227,37.72769],[-83.89205,37.7275],[-83.89183,37.72732],[-83.89162,37.72713],[-83.89162,37.72695],[-83.89163,37.72677],[-83.89164,37.72659],[-83.89142,37.72641],[-83.89143,37.72623],[-83.89121,37.72604],[-83.89122,37.72586],[-83.89122,37.72568],[-83.89146,37.72551],[-83.89146,37.72533],[-83.8917,37.72515],[-83.89193,37.72498],[-83.89194,37.7248],[-83.89217,37.72462],[-83.89218,37.72444],[-83.89196,37.72426],[-83.89197,37.72408],[-83.89175,37.72389],[-83.89153,37.72371],[-83.89131,37.72352],[-83.89155,37.72335],[-83.89155,37.72317],[-83.89156,37.72299],[-83.89134,37.7228],[-83.89112,37.72261],[-83.89113,37.72243],[-83.89137,37.72226],[-83.89137,37.72208],[-83.89138,37.7219],[-83.89139,37.72172],[-83.89117,37.72153],[-83.89118,37.72135],[-83.89118,37.72117],[-83.89119,37.72099],[-83.8912,37.72081],[-83.89143,37.72064],[-83.89144,37.72046],[-83.89122,37.72027],[-83.89123,37.72009],[-83.89101,37.71991],[-83.89124,37.71973],[-83.89125,37.71955],[-83.89149,37.71938],[-83.89149,37.7192],[-83.8915,37.71902],[-83.89151,37.71884],[-83.89152,37.71866],[-83.89175,37.71849],[-83.89198,37.71831],[-83.89222,37.71814],[-83.89223,37.71796],[-83.89246,37.71778],[-83.89247,37.7176],[-83.8927,37.71743],[-83.89294,37.71726],[-83.89317,37.71708],[-83.89318,37.7169],[-83.89341,37.71673],[-83.89364,37.71673],[-83.89387,37.71674],[-83.89409,37.71674],[-83.89432,37.71675],[-83.89455,37.71658],[-83.89478,37.71658],[-83.89501,37.71641],[-83.89524,37.71641],[-83.89547,37.71624],[-83.89548,37.71606],[-83.89572,37.71589],[-83.89572,37.71571],[-83.89573,37.71553],[-83.89574,37.71535],[-83.89597,37.71517],[-83.8962,37.71518],[-83.89643,37.71518],[-83.89665,37.71519],[-83.89689,37.71502],[-83.89711,37.71502],[-83.89735,37.71485],[-83.89735,37.71467],[-83.89713,37.71466],[-83.89691,37.71448],[-83.89714,37.7143],[-83.89737,37.71431],[-83.8976,37.71413],[-83.89784,37.71396],[-83.89807,37.71379],[-83.8983,37.71379],[-83.89853,37.71362],[-83.89854,37.71344],[-83.89832,37.71325],[-83.8981,37.71307],[-83.89834,37.71289],[-83.89857,37.71272],[-83.89858,37.71254],[-83.89881,37.71236],[-83.89882,37.71218],[-83.89905,37.71201],[-83.89929,37.71184]]},"properties":{"rank":112,"priority":"MODERATE TARGET","kind":"extended"}},{"type":"Feature","geometry":{"type":"LineString","coordinates":[[-83.9785,37.6701],[-83.97856,37.67011],[-83.97879,37.66993],[-83.97902,37.66994],[-83.97925,37.66976]]},"properties":{"rank":113,"priority":"MODERATE TARGET","kind":"source"}},{"type":"Feature","geometry":{"type":"LineString","coordinates":[[-83.9785,37.6701],[-83.97856,37.67011],[-83.97879,37.66993],[-83.97902,37.66994],[-83.97925,37.66976],[-83.97949,37.66959],[-83.97949,37.66941],[-83.9795,37.66923],[-83.97973,37.66906],[-83.97974,37.66888],[-83.97975,37.6687],[-83.97976,37.66852],[-83.97976,37.66834],[-83.97977,37.66816],[-83.97978,37.66798],[-83.97979,37.6678],[-83.97979,37.66762],[-83.9798,37.66744],[-83.97958,37.66725],[-83.97959,37.66707],[-83.9796,37.66689],[-83.97938,37.6667],[-83.97938,37.66652],[-83.97939,37.66634],[-83.9794,37.66616],[-83.97941,37.66598],[-83.97941,37.6658],[-83.97942,37.66562],[-83.97943,37.66544],[-83.97943,37.66526],[-83.97944,37.66508],[-83.97968,37.66491],[-83.97968,37.66473],[-83.97969,37.66455],[-83.9797,37.66437],[-83.9797,37.66419],[-83.97971,37.66401],[-83.97972,37.66383],[-83.97973,37.66365],[-83.97973,37.66347],[-83.97974,37.66329],[-83.97975,37.66311],[-83.97976,37.66293],[-83.97976,37.66275],[-83.97977,37.66257],[-83.97978,37.66239],[-83.98,37.6624],[-83.98023,37.6624],[-83.98046,37.66241],[-83.98069,37.66223],[-83.98092,37.66224],[-83.98115,37.66206],[-83.98138,37.66207],[-83.9816,37.66208],[-83.98183,37.66208],[-83.98206,37.66209],[-83.98229,37.66191],[-83.98252,37.66192]]},"properties":{"rank":113,"priority":"MODERATE TARGET","kind":"primary"}},{"type":"Feature","geometry":{"type":"LineString","coordinates":[[-83.98252,37.66192],[-83.98275,37.66174],[-83.98298,37.66175],[-83.98321,37.66158],[-83.98344,37.6614],[-83.98367,37.66141],[-83.9839,37.66123],[-83.98391,37.66105],[-83.98415,37.66088],[-83.98438,37.66071],[-83.98461,37.66071],[-83.98483,37.66072],[-83.98506,37.66072],[-83.98529,37.66073],[-83.9855,37.66091]]},"properties":{"rank":113,"priority":"MODERATE TARGET","kind":"extended"}},{"type":"Feature","geometry":{"type":"LineString","coordinates":[[-83.6976,37.8838],[-83.6977,37.88384],[-83.69792,37.88385],[-83.69816,37.88368],[-83.69839,37.88368],[-83.69861,37.88369],[-83.69885,37.88352],[-83.69907,37.8837],[-83.69929,37.88371],[-83.69952,37.88371]]},"properties":{"rank":114,"priority":"MODERATE TARGET","kind":"source"}},{"type":"Feature","geometry":{"type":"LineString","coordinates":[[-83.6976,37.8838],[-83.6977,37.88384],[-83.69792,37.88385],[-83.69816,37.88368],[-83.69839,37.88368],[-83.69861,37.88369],[-83.69885,37.88352],[-83.69907,37.8837],[-83.69929,37.88371],[-83.69952,37.88371],[-83.69974,37.8839],[-83.69997,37.88391],[-83.70019,37.88391],[-83.70042,37.88392],[-83.70065,37.88393],[-83.70088,37.88375],[-83.70111,37.88376],[-83.70135,37.88359],[-83.70158,37.88341],[-83.70159,37.88323],[-83.70182,37.88306],[-83.70183,37.88288],[-83.70184,37.8827],[-83.70208,37.88252],[-83.70208,37.88234],[-83.70209,37.88216],[-83.70233,37.88199],[-83.70256,37.88182],[-83.7028,37.88164],[-83.70302,37.88165],[-83.70325,37.88166],[-83.70348,37.88166],[-83.70371,37.88149],[-83.70394,37.8815],[-83.70418,37.88132],[-83.7044,37.88133],[-83.70464,37.88115],[-83.70487,37.88098],[-83.7051,37.88099],[-83.70533,37.88099],[-83.70556,37.88082],[-83.7058,37.88065],[-83.7058,37.88047],[-83.70581,37.88029],[-83.70582,37.88011],[-83.7056,37.87992],[-83.70561,37.87974],[-83.70539,37.87955],[-83.7054,37.87937],[-83.70541,37.87919],[-83.70519,37.87901],[-83.7052,37.87883],[-83.7052,37.87865],[-83.70498,37.87846]]},"properties":{"rank":114,"priority":"MODERATE TARGET","kind":"primary"}},{"type":"Feature","geometry":{"type":"LineString","coordinates":[[-83.70498,37.87846],[-83.70522,37.87829],[-83.705,37.8781],[-83.70501,37.87792],[-83.70502,37.87774],[-83.70502,37.87756],[-83.70503,37.87738],[-83.70504,37.8772],[-83.70505,37.87702],[-83.70506,37.87684],[-83.70506,37.87666],[-83.70507,37.87648],[-83.70485,37.8763],[-83.70509,37.87612],[-83.7051,37.87594],[-83.7051,37.87576],[-83.70489,37.87558],[-83.70489,37.8754],[-83.7049,37.87522],[-83.70514,37.87504],[-83.70536,37.87505],[-83.7056,37.87488],[-83.70583,37.87488],[-83.70605,37.87489],[-83.70629,37.87471],[-83.7063,37.87453],[-83.7063,37.87435],[-83.70654,37.87418],[-83.70677,37.87401],[-83.70678,37.87383],[-83.70679,37.87365],[-83.70703,37.87347],[-83.70703,37.87329],[-83.70727,37.87312],[-83.7075,37.87313],[-83.70773,37.87295],[-83.70797,37.87278],[-83.70797,37.8726],[-83.70798,37.87242],[-83.70799,37.87224],[-83.708,37.87206],[-83.70801,37.87188],[-83.70801,37.8717],[-83.70802,37.87152],[-83.70803,37.87134],[-83.70804,37.87116],[-83.70805,37.87098],[-83.70805,37.8708],[-83.70806,37.87062],[-83.70807,37.87044],[-83.70808,37.87026],[-83.70809,37.87008],[-83.70809,37.8699],[-83.70787,37.86971],[-83.70788,37.86953],[-83.70766,37.86935],[-83.70767,37.86917],[-83.70768,37.86899],[-83.70746,37.8688],[-83.70724,37.86861],[-83.70725,37.86843],[-83.70726,37.86825],[-83.70704,37.86807],[-83.70682,37.86788],[-83.70683,37.8677],[-83.70684,37.86752],[-83.70684,37.86734],[-83.70663,37.86716],[-83.70663,37.86698],[-83.70664,37.8668],[-83.70665,37.86662],[-83.70666,37.86644],[-83.70667,37.86626],[-83.70667,37.86608],[-83.70691,37.8659],[-83.70692,37.86572],[-83.70692,37.86554],[-83.70693,37.86536],[-83.70717,37.86519],[-83.70718,37.86501],[-83.70718,37.86483],[-83.70742,37.86466],[-83.70743,37.86448],[-83.70743,37.8643],[-83.70767,37.86412],[-83.70768,37.86394],[-83.70769,37.86376],[-83.70769,37.86358],[-83.70793,37.86341],[-83.70794,37.86323],[-83.70816,37.86323],[-83.7084,37.86306],[-83.70863,37.86289],[-83.70887,37.86271],[-83.7091,37.86254],[-83.70934,37.86237],[-83.70957,37.86219],[-83.7098,37.8622],[-83.71004,37.86203],[-83.71004,37.86185],[-83.71028,37.86167],[-83.71051,37.8615],[-83.71075,37.86133],[-83.71098,37.86115],[-83.71122,37.86098],[-83.71145,37.86098],[-83.71168,37.86081],[-83.71191,37.86082],[-83.71214,37.86064],[-83.71237,37.86065],[-83.7126,37.86048],[-83.71261,37.8603],[-83.71262,37.86012],[-83.71263,37.85994],[-83.71264,37.85976],[-83.71264,37.85958],[-83.71265,37.8594],[-83.71266,37.85922],[-83.71267,37.85904],[-83.7129,37.85886],[-83.71291,37.85868],[-83.71292,37.8585],[-83.7127,37.85832]]},"properties":{"rank":114,"priority":"MODERATE TARGET","kind":"extended"}},{"type":"Feature","geometry":{"type":"LineString","coordinates":[[-83.7376,37.7637],[-83.73778,37.76369],[-83.73801,37.7637],[-83.738,37.76388],[-83.73799,37.76406],[-83.73821,37.76425],[-83.7382,37.76443],[-83.73842,37.76461],[-83.73841,37.76479],[-83.7384,37.76497],[-83.7384,37.76515],[-83.73839,37.76533],[-83.73815,37.76551],[-83.73815,37.76569],[-83.73814,37.76587],[-83.73813,37.76605],[-83.73812,37.76623],[-83.73834,37.76641],[-83.73857,37.76642],[-83.73879,37.7666],[-83.73901,37.76679],[-83.73922,37.76698],[-83.73922,37.76716],[-83.73921,37.76734],[-83.73943,37.76752],[-83.73942,37.7677],[-83.73941,37.76788],[-83.7394,37.76806],[-83.7394,37.76824]]},"properties":{"rank":115,"priority":"MODERATE TARGET","kind":"source"}},{"type":"Feature","geometry":{"type":"LineString","coordinates":[[-83.7376,37.7637],[-83.73778,37.76369],[-83.73801,37.7637],[-83.738,37.76388],[-83.73799,37.76406],[-83.73821,37.76425],[-83.7382,37.76443],[-83.73842,37.76461],[-83.73841,37.76479],[-83.7384,37.76497],[-83.7384,37.76515],[-83.73839,37.76533],[-83.73815,37.76551],[-83.73815,37.76569],[-83.73814,37.76587],[-83.73813,37.76605],[-83.73812,37.76623],[-83.73834,37.76641],[-83.73857,37.76642],[-83.73879,37.7666],[-83.73901,37.76679],[-83.73922,37.76698],[-83.73922,37.76716],[-83.73921,37.76734],[-83.73943,37.76752],[-83.73942,37.7677],[-83.73941,37.76788],[-83.7394,37.76806],[-83.7394,37.76824],[-83.73939,37.76842],[-83.73961,37.76843],[-83.73983,37.76862],[-83.74005,37.7688],[-83.74028,37.76881],[-83.74051,37.76881],[-83.74072,37.769],[-83.74094,37.76919],[-83.74116,37.76937],[-83.74115,37.76955],[-83.74115,37.76973],[-83.74091,37.76991],[-83.74068,37.77008],[-83.74067,37.77026],[-83.74043,37.77043],[-83.74021,37.77043],[-83.73997,37.7706],[-83.73996,37.77078],[-83.73973,37.77096],[-83.7395,37.77113],[-83.73927,37.77112],[-83.73926,37.7713],[-83.73925,37.77148],[-83.73925,37.77166],[-83.73924,37.77184],[-83.73923,37.77202]]},"properties":{"rank":115,"priority":"MODERATE TARGET","kind":"primary"}},{"type":"Feature","geometry":{"type":"LineString","coordinates":[[-83.73923,37.77202],[-83.73945,37.77221],[-83.73944,37.77239],[-83.73921,37.77256],[-83.7392,37.77274],[-83.73919,37.77292],[-83.73896,37.7731],[-83.73895,37.77328],[-83.73871,37.77345],[-83.7387,37.77363],[-83.73847,37.7738],[-83.73846,37.77398],[-83.73823,37.77416],[-83.73822,37.77434],[-83.73798,37.77451],[-83.73798,37.77469],[-83.73774,37.77486],[-83.73752,37.77486],[-83.73728,37.77503],[-83.73727,37.77521],[-83.73704,37.77539],[-83.7368,37.77556],[-83.73657,37.77573],[-83.73633,37.77591],[-83.73633,37.77609],[-83.73609,37.77626],[-83.73586,37.77643],[-83.73562,37.77661],[-83.73561,37.77679],[-83.73561,37.77697],[-83.7356,37.77715],[-83.73559,37.77733],[-83.73558,37.77751],[-83.73557,37.77769],[-83.73534,37.77786],[-83.73556,37.77805],[-83.73555,37.77823],[-83.73554,37.77841],[-83.73554,37.77859],[-83.73553,37.77877],[-83.73575,37.77895],[-83.73574,37.77913],[-83.7355,37.77931],[-83.73527,37.77948],[-83.73526,37.77966],[-83.73525,37.77984],[-83.73525,37.78002],[-83.73501,37.78019],[-83.73478,37.78019],[-83.73455,37.78036],[-83.73432,37.78036],[-83.7341,37.78035],[-83.73387,37.78034],[-83.73363,37.78052],[-83.7334,37.78069],[-83.73316,37.78086],[-83.73294,37.78086],[-83.73271,37.78085],[-83.73248,37.78103],[-83.73224,37.7812],[-83.73246,37.78139],[-83.73245,37.78157],[-83.73267,37.78175],[-83.73289,37.78194],[-83.73311,37.78212],[-83.73333,37.78231],[-83.73332,37.78249],[-83.73331,37.78267],[-83.73353,37.78286],[-83.73352,37.78304],[-83.73352,37.78322],[-83.73373,37.7834],[-83.73373,37.78358],[-83.73372,37.78376],[-83.73394,37.78395],[-83.73416,37.78414],[-83.73415,37.78432],[-83.73437,37.7845],[-83.73436,37.78468],[-83.73458,37.78487],[-83.73457,37.78505],[-83.73479,37.78523],[-83.73501,37.78542],[-83.73523,37.78561],[-83.73545,37.78579],[-83.73566,37.78598],[-83.73588,37.78617],[-83.73587,37.78635],[-83.73609,37.78653],[-83.73631,37.78672],[-83.7363,37.7869],[-83.7363,37.78708],[-83.73629,37.78726],[-83.73628,37.78744],[-83.7365,37.78762],[-83.73673,37.78763],[-83.73695,37.78764],[-83.73718,37.78764],[-83.7374,37.78783],[-83.73739,37.78801],[-83.73738,37.78819],[-83.7376,37.78838],[-83.73759,37.78856],[-83.73759,37.78874],[-83.7378,37.78892],[-83.7378,37.7891],[-83.73779,37.78928],[-83.73801,37.78947],[-83.73823,37.78947],[-83.73846,37.78948],[-83.73869,37.78949],[-83.73892,37.78949],[-83.73913,37.78968],[-83.73935,37.78987],[-83.73957,37.79005],[-83.73979,37.79024],[-83.74001,37.79042]]},"properties":{"rank":115,"priority":"MODERATE TARGET","kind":"extended"}},{"type":"Feature","geometry":{"type":"LineString","coordinates":[[-83.9633,37.5538],[-83.96312,37.55384],[-83.96288,37.55401],[-83.96266,37.55401],[-83.96242,37.55418]]},"properties":{"rank":116,"priority":"MODERATE TARGET","kind":"source"}},{"type":"Feature","geometry":{"type":"LineString","coordinates":[[-83.9633,37.5538],[-83.96312,37.55384],[-83.96288,37.55401],[-83.96266,37.55401],[-83.96242,37.55418],[-83.9622,37.55417],[-83.96196,37.55435],[-83.96174,37.55434],[-83.96151,37.55452],[-83.96128,37.55451],[-83.96105,37.55451],[-83.96083,37.5545],[-83.9606,37.55449],[-83.96037,37.55449],[-83.96015,37.55448],[-83.95992,37.55466],[-83.95969,37.55465],[-83.95946,37.55465],[-83.95923,37.55482],[-83.959,37.55481],[-83.95877,37.55499],[-83.95854,37.55498],[-83.95831,37.55516],[-83.95808,37.55533],[-83.95807,37.55551],[-83.95784,37.55568],[-83.95783,37.55586],[-83.95782,37.55604],[-83.95781,37.55622],[-83.95781,37.5564],[-83.9578,37.55658],[-83.95779,37.55676],[-83.95779,37.55694],[-83.95778,37.55712]]},"properties":{"rank":116,"priority":"MODERATE TARGET","kind":"primary"}},{"type":"Feature","geometry":{"type":"LineString","coordinates":[[-84.2596,37.4466],[-84.25972,37.44666],[-84.25971,37.44684],[-84.25994,37.44685],[-84.26017,37.44685],[-84.2604,37.44668],[-84.26062,37.44668],[-84.26085,37.44669],[-84.26108,37.44669]]},"properties":{"rank":117,"priority":"MODERATE TARGET","kind":"source"}},{"type":"Feature","geometry":{"type":"LineString","coordinates":[[-84.2596,37.4466],[-84.25972,37.44666],[-84.25971,37.44684],[-84.25994,37.44685],[-84.26017,37.44685],[-84.2604,37.44668],[-84.26062,37.44668],[-84.26085,37.44669],[-84.26108,37.44669],[-84.26131,37.44652],[-84.26153,37.44652],[-84.26177,37.44635],[-84.262,37.44617],[-84.26222,37.44618],[-84.26245,37.44618],[-84.26268,37.44601],[-84.26292,37.44583],[-84.26315,37.44566],[-84.26337,37.44566],[-84.26361,37.44549],[-84.26383,37.4455],[-84.26406,37.44532],[-84.26429,37.44533],[-84.26452,37.44515],[-84.26475,37.44498],[-84.26498,37.44498],[-84.26521,37.44481],[-84.26544,37.44481],[-84.26567,37.44464],[-84.2659,37.44464],[-84.26612,37.44483],[-84.26634,37.44483],[-84.26657,37.44484],[-84.26679,37.44502],[-84.26701,37.44503],[-84.26724,37.44503],[-84.26746,37.44504],[-84.26768,37.44522],[-84.26791,37.44523],[-84.26813,37.44541],[-84.26836,37.44542],[-84.26857,37.4456],[-84.2688,37.44561],[-84.26902,37.4458],[-84.26924,37.44598],[-84.26946,37.44617],[-84.26968,37.44617],[-84.26992,37.446],[-84.27015,37.44582],[-84.27016,37.44564],[-84.27039,37.44547],[-84.27062,37.44529]]},"properties":{"rank":117,"priority":"MODERATE TARGET","kind":"primary"}},{"type":"Feature","geometry":{"type":"LineString","coordinates":[[-84.27062,37.44529],[-84.27085,37.44512],[-84.27109,37.44494],[-84.27109,37.44476],[-84.2711,37.44458],[-84.2711,37.4444],[-84.27134,37.44423],[-84.27134,37.44405],[-84.27158,37.44387],[-84.27158,37.44369],[-84.27159,37.44351],[-84.27182,37.44334],[-84.27205,37.44316],[-84.27229,37.44299],[-84.27251,37.44299],[-84.27274,37.443],[-84.27297,37.44282],[-84.2732,37.44283],[-84.27343,37.44265],[-84.27365,37.44266],[-84.27389,37.44248],[-84.27411,37.44249],[-84.27434,37.44249],[-84.27456,37.44268],[-84.27478,37.44268],[-84.27501,37.44269],[-84.27523,37.44288],[-84.27545,37.44288],[-84.27567,37.44307],[-84.2759,37.44307],[-84.27613,37.4429],[-84.27636,37.44272],[-84.27659,37.44273],[-84.27682,37.44255],[-84.27706,37.44238],[-84.27728,37.44238],[-84.27751,37.44239],[-84.27773,37.44239],[-84.27796,37.4424],[-84.27818,37.4424],[-84.27841,37.44241],[-84.27864,37.44241],[-84.27886,37.44242],[-84.27908,37.4426],[-84.27931,37.44261],[-84.27954,37.44243],[-84.27977,37.44226],[-84.27978,37.44208],[-84.27956,37.44189],[-84.27934,37.44171],[-84.27935,37.44153],[-84.27913,37.44134],[-84.27891,37.44116],[-84.27891,37.44098],[-84.27869,37.44079],[-84.2787,37.44061],[-84.27848,37.44043],[-84.27826,37.44024],[-84.27827,37.44006],[-84.27805,37.43988],[-84.27783,37.43969],[-84.27761,37.43951],[-84.27739,37.43932],[-84.27717,37.43932],[-84.27717,37.43914],[-84.27718,37.43896],[-84.27719,37.43878],[-84.27719,37.4386],[-84.27742,37.43842],[-84.27743,37.43824],[-84.27744,37.43806],[-84.27767,37.43789],[-84.2779,37.43771],[-84.27791,37.43753],[-84.27792,37.43735],[-84.27792,37.43717],[-84.27793,37.43699],[-84.27793,37.43681],[-84.27794,37.43663],[-84.27795,37.43645],[-84.27795,37.43627],[-84.27796,37.43609],[-84.27797,37.43591],[-84.2782,37.43573],[-84.27843,37.43556],[-84.27844,37.43538],[-84.27845,37.4352],[-84.27845,37.43502],[-84.27868,37.43484],[-84.27892,37.43467],[-84.27915,37.4345],[-84.27937,37.4345],[-84.27961,37.43433],[-84.27984,37.43415],[-84.28007,37.43398],[-84.2803,37.4338],[-84.28054,37.43363],[-84.28077,37.43345],[-84.28078,37.43327],[-84.28101,37.4331],[-84.28123,37.4331],[-84.28147,37.43293],[-84.28169,37.43293],[-84.28192,37.43276],[-84.28215,37.43276],[-84.28238,37.43259],[-84.28261,37.43241],[-84.28262,37.43223],[-84.28263,37.43205],[-84.28263,37.43187],[-84.28264,37.43169],[-84.28265,37.43151],[-84.28288,37.43134],[-84.28289,37.43116],[-84.28312,37.43098],[-84.28335,37.43081],[-84.28358,37.43063],[-84.28381,37.43046]]},"properties":{"rank":117,"priority":"MODERATE TARGET","kind":"extended"}},{"type":"Feature","geometry":{"type":"LineString","coordinates":[[-83.9696,37.6557],[-83.96963,37.65564],[-83.96986,37.65547],[-83.97009,37.65529],[-83.97033,37.65512],[-83.97033,37.65494]]},"properties":{"rank":118,"priority":"MODERATE TARGET","kind":"source"}},{"type":"Feature","geometry":{"type":"LineString","coordinates":[[-83.9696,37.6557],[-83.96963,37.65564],[-83.96986,37.65547],[-83.97009,37.65529],[-83.97033,37.65512],[-83.97033,37.65494],[-83.97057,37.65476],[-83.97057,37.65458],[-83.97081,37.65441],[-83.97082,37.65423],[-83.97082,37.65405],[-83.97106,37.65388],[-83.97129,37.6537],[-83.9713,37.65352],[-83.97131,37.65334],[-83.97154,37.65317],[-83.97155,37.65299],[-83.97178,37.65281],[-83.97179,37.65263],[-83.97179,37.65245],[-83.97203,37.65228],[-83.97204,37.6521],[-83.97204,37.65192],[-83.97205,37.65174],[-83.97206,37.65156],[-83.97206,37.65138],[-83.97207,37.6512],[-83.97208,37.65102],[-83.97209,37.65084],[-83.97209,37.65066],[-83.9721,37.65048],[-83.97211,37.6503],[-83.97212,37.65012],[-83.97212,37.64994],[-83.97235,37.64994],[-83.97258,37.64977],[-83.97281,37.64978],[-83.97304,37.6496],[-83.97328,37.64943],[-83.9735,37.64943],[-83.97374,37.64926],[-83.97396,37.64927],[-83.9742,37.64909],[-83.97442,37.6491],[-83.97466,37.64892],[-83.97489,37.64875],[-83.97512,37.64875],[-83.97535,37.64858],[-83.97559,37.64841],[-83.97582,37.64823],[-83.97605,37.64806],[-83.97629,37.64788],[-83.97629,37.6477]]},"properties":{"rank":118,"priority":"MODERATE TARGET","kind":"primary"}},{"type":"Feature","geometry":{"type":"LineString","coordinates":[[-83.97629,37.6477],[-83.97653,37.64753],[-83.97653,37.64735],[-83.97677,37.64717],[-83.977,37.647],[-83.97701,37.64682],[-83.97724,37.64665],[-83.97725,37.64647],[-83.97748,37.64629],[-83.97772,37.64612],[-83.97795,37.64594],[-83.97796,37.64576],[-83.97819,37.64559],[-83.97843,37.64542],[-83.97865,37.64542],[-83.97889,37.64525],[-83.97912,37.64507],[-83.97935,37.6449],[-83.97959,37.64472],[-83.97982,37.64455],[-83.98005,37.64456],[-83.98028,37.64438],[-83.98051,37.64421],[-83.98075,37.64403],[-83.98097,37.64404],[-83.98121,37.64386],[-83.98144,37.64369],[-83.98167,37.6437],[-83.9819,37.64352],[-83.98191,37.64334],[-83.98214,37.64335]]},"properties":{"rank":118,"priority":"MODERATE TARGET","kind":"extended"}},{"type":"Feature","geometry":{"type":"LineString","coordinates":[[-83.9532,37.5708],[-83.95315,37.5707],[-83.95316,37.57052],[-83.95294,37.57033],[-83.95271,37.57033],[-83.95249,37.57014],[-83.95227,37.57014],[-83.95205,37.56995],[-83.95182,37.56995]]},"properties":{"rank":119,"priority":"MODERATE TARGET","kind":"source"}},{"type":"Feature","geometry":{"type":"LineString","coordinates":[[-83.9532,37.5708],[-83.95315,37.5707],[-83.95316,37.57052],[-83.95294,37.57033],[-83.95271,37.57033],[-83.95249,37.57014],[-83.95227,37.57014],[-83.95205,37.56995],[-83.95182,37.56995],[-83.9516,37.56994],[-83.95138,37.56975],[-83.95116,37.56957],[-83.95094,37.56938],[-83.95072,37.5692],[-83.95073,37.56902],[-83.95051,37.56883],[-83.95052,37.56865],[-83.95052,37.56847],[-83.95053,37.56829],[-83.95054,37.56811],[-83.95055,37.56793],[-83.95055,37.56775],[-83.95056,37.56757],[-83.95057,37.56739],[-83.95058,37.56721],[-83.95058,37.56703],[-83.95059,37.56685],[-83.9506,37.56667],[-83.9506,37.56649],[-83.95061,37.56631],[-83.95062,37.56613],[-83.95063,37.56595],[-83.95063,37.56577],[-83.95064,37.56559],[-83.95065,37.56541],[-83.95066,37.56523],[-83.95066,37.56505],[-83.95067,37.56487],[-83.95068,37.56469],[-83.95069,37.56451],[-83.95069,37.56433],[-83.9507,37.56415],[-83.95071,37.56397]]},"properties":{"rank":119,"priority":"MODERATE TARGET","kind":"primary"}},{"type":"Feature","geometry":{"type":"LineString","coordinates":[[-83.9673,37.5694],[-83.96747,37.56927],[-83.96748,37.56909],[-83.96749,37.56891],[-83.96749,37.56873],[-83.9675,37.56855],[-83.96751,37.56837],[-83.96752,37.56819],[-83.96752,37.56801],[-83.96753,37.56783],[-83.96754,37.56765],[-83.96732,37.56746],[-83.96733,37.56728],[-83.96711,37.5671],[-83.96711,37.56692]]},"properties":{"rank":120,"priority":"MODERATE TARGET","kind":"source"}},{"type":"Feature","geometry":{"type":"LineString","coordinates":[[-83.9673,37.5694],[-83.96747,37.56927],[-83.96748,37.56909],[-83.96749,37.56891],[-83.96749,37.56873],[-83.9675,37.56855],[-83.96751,37.56837],[-83.96752,37.56819],[-83.96752,37.56801],[-83.96753,37.56783],[-83.96754,37.56765],[-83.96732,37.56746],[-83.96733,37.56728],[-83.96711,37.5671],[-83.96711,37.56692],[-83.9669,37.56673],[-83.96668,37.56654],[-83.96646,37.56636],[-83.96624,37.56617],[-83.96602,37.56599],[-83.9658,37.5658],[-83.96558,37.56561],[-83.96536,37.56543],[-83.96537,37.56525],[-83.96515,37.56506],[-83.96493,37.56488],[-83.96494,37.5647],[-83.96495,37.56452],[-83.96495,37.56434],[-83.96496,37.56416],[-83.96497,37.56398],[-83.96498,37.5638],[-83.96498,37.56362],[-83.96499,37.56344],[-83.965,37.56326],[-83.96501,37.56308],[-83.96501,37.5629],[-83.96525,37.56272],[-83.96525,37.56254],[-83.96526,37.56236],[-83.96527,37.56218],[-83.96528,37.562],[-83.96551,37.56183],[-83.96574,37.56165],[-83.96597,37.56166],[-83.9662,37.56149],[-83.96644,37.56131],[-83.96667,37.56114]]},"properties":{"rank":120,"priority":"MODERATE TARGET","kind":"primary"}}]}