{"type":"FeatureCollection","features":[{"type":"Feature","geometry":{"type":"Point","coordinates":[-84.2321,37.4972]},"properties":{"id":1604,"rank":1,"priority":"TOP PRIORITY","score":86.8,"lat":37.4972,"lon":-84.2321,"county":"Rockcastle","quad":"Johnetta","gq":"GQ-685","stream":"Unnamed hollow head, tributary to Clear Creek","channel":"hollow head","nhd":"not in NHD \u2014 DEM-derived channel (likely ephemeral hollow)","contact_class":"VERIFIED TARGET CONTACT","geo_conf":"High","line_symbol":"Mbna","polygon_pair":"Mb|Mbr","contact_style":"CONTACT","unit_below":"Nada Member (Mbna), Borden Fm","unit_above":"Renfro Member (Mbr)","interpretation":"Base of Renfro Member (Mbr) on Nada Member (Mbna), GQ-685.","facies":"West of the projected Locust Branch Fault trend: thick Renfro (16.7\u201317.5 m) with a cherty, geodiferous basal dolomite 1.5\u20135 m thick (Dever 1999, sections 83, 87); silica (chalcedony+quartz) geodes replacing upper Nada dolostone at KSPG Stop 6B.","elev_m":377.0,"da_cross_km2":0.016,"L_prim_km":45.2,"DA_prim_km2":9.05,"density":5.0,"pen_pct":25.0,"contact_slope_deg":22.6,"relief_1km_m":165.0,"incision_m":40.0,"slope200_deg":23.9,"grad300_pct":16.5,"grad_prim_pct":5.0,"prim_len_m":1216.0,"ext_len_m":4013.0,"S":1.0,"D":0.76,"E":0.532,"I":0.803,"Tt":0.923,"Rg":1.0,"G":1.0,"dist_outline_km":0.0,"doc_nearest":"KSPG 2013 Stop 6B - Bighill roadcut, US-421","doc_nearest_km":4.0,"doc_on_reach":"","report_on_reach":"","fault_dist_m":10712.0,"shares_reach_with_rank":null,"reasons":["Mapped Nada/Renfro contact on Johnetta GQ (verified from the map legend)","Large source supply: 45.2 km of mapped target contact drains into the primary search reach","Concentrated source: 5.0 km of contact per km\u00b2 of drainage (little dilution)","Deeply incised channel at the contact (40 m below the \u00b1200 m mean surface)","Inside the KGS general Kentucky-agate area outline"],"negatives":["Source channel is not in NHD \u2014 likely dry except after rain"],"evidence_quality":"A \u2014 verified contact, documented technical locality within 5 km in the same facies belt","citation":"Geologic map of the Johnetta quadrangle, Rockcastle and Jackson Counties, Kentucky | James Louis Gualtieri | 1968 (GQ-685)","walk_start":[37.49197,-84.23952],"source_zone_end":[37.49741,-84.23321]}},{"type":"Feature","geometry":{"type":"Point","coordinates":[-84.2458,37.5077]},"properties":{"id":3506,"rank":2,"priority":"TOP PRIORITY","score":86.4,"lat":37.5077,"lon":-84.2458,"county":"Rockcastle","quad":"Bighill","gq":"GQ-900","stream":"Unnamed hollow head, tributary to Davis Branch","channel":"hollow head","nhd":"not in NHD \u2014 DEM-derived channel (likely ephemeral hollow)","contact_class":"VERIFIED TARGET CONTACT","geo_conf":"High","line_symbol":"Mbna","polygon_pair":"Mb|Msla","contact_style":"CONTACT","unit_below":"Nada Member (Mbna), Borden Fm","unit_above":"Renfro Member (mapped Mbr on the GQ; merged into Slade Fm polygon Msla in KGS digital data)","interpretation":"Base of Renfro Member (Mbr) on top of Nada Member (Mbna), GQ-900.","facies":"West of the projected Locust Branch Fault trend: thick Renfro (16.7\u201317.5 m) with a cherty, geodiferous basal dolomite 1.5\u20135 m thick (Dever 1999, sections 83, 87); silica (chalcedony+quartz) geodes replacing upper Nada dolostone at KSPG Stop 6B.","elev_m":390.0,"da_cross_km2":0.031,"L_prim_km":22.8,"DA_prim_km2":3.5,"density":6.51,"pen_pct":18.0,"contact_slope_deg":23.1,"relief_1km_m":159.0,"incision_m":41.0,"slope200_deg":22.3,"grad300_pct":10.6,"grad_prim_pct":5.2,"prim_len_m":1215.0,"ext_len_m":4014.0,"S":0.853,"D":0.935,"E":0.555,"I":0.784,"Tt":0.908,"Rg":1.0,"G":1.0,"dist_outline_km":0.0,"doc_nearest":"KSPG 2013 Stop 6B - Bighill roadcut, US-421","doc_nearest_km":3.8,"doc_on_reach":"","report_on_reach":"","fault_dist_m":9396.0,"shares_reach_with_rank":null,"reasons":["Mapped Nada/Renfro contact on Bighill GQ (verified from the map legend)","Large source supply: 22.8 km of mapped target contact drains into the primary search reach","Concentrated source: 6.5 km of contact per km\u00b2 of drainage (little dilution)","Little Pennsylvanian sandstone upstream (18% of drainage) \u2014 fewer look-alike clasts","Deeply incised channel at the contact (41 m below the \u00b1200 m mean surface)","Inside the KGS general Kentucky-agate area outline"],"negatives":["Source channel is not in NHD \u2014 likely dry except after rain"],"evidence_quality":"A \u2014 verified contact, documented technical locality within 5 km in the same facies belt","citation":"Geologic map of the Bighill quadrangle, east-central Kentucky | Gordon Whitney Weir, K. Y. Lee, and P.E. Cassity | 1971 (GQ-900)","walk_start":[37.50206,-84.25521],"source_zone_end":[37.5071,-84.2471]}},{"type":"Feature","geometry":{"type":"Point","coordinates":[-83.8883,37.6333]},"properties":{"id":1302,"rank":3,"priority":"TOP PRIORITY","score":83.8,"lat":37.6333,"lon":-83.8883,"county":"Estill","quad":"Irvine","gq":"GQ-1285","stream":"Unnamed hollow head, tributary to Buck Creek","channel":"hollow head","nhd":"not in NHD \u2014 DEM-derived channel (likely ephemeral hollow)","contact_class":"VERIFIED TARGET CONTACT (combined-unit top)","geo_conf":"Moderate-high","line_symbol":"Mbna","polygon_pair":"Mb|Msla","contact_style":"SECONDARY","unit_below":"Renfro and Nada Members, undivided (Mbrn) \u2014 digital polygon Mb","unit_above":"St. Louis Limestone Member of Newman/Slade (Msla) above the combined Renfro+Nada unit (Mbrn)","interpretation":"Top of mapped Renfro+Nada unit (Mbrn), GQ-1285. The Nada/Renfro contact itself is not drawn; it lies one Renfro thickness below this line (Renfro thickest NE, thinnest near Wagersville).","facies":"Northeast part of the belt: Renfro thin (GQ legends: ~5\u201310 ft in Powell County) and mapped with the Nada; the Nada/Renfro contact lies only a few feet to ~10 m below the mapped line. Historic collecting centre (Irvine\u2013Estill\u2013Powell).","elev_m":309.0,"da_cross_km2":0.015,"L_prim_km":41.4,"DA_prim_km2":7.41,"density":5.58,"pen_pct":27.0,"contact_slope_deg":31.4,"relief_1km_m":199.0,"incision_m":23.0,"slope200_deg":20.1,"grad300_pct":28.7,"grad_prim_pct":9.6,"prim_len_m":1214.0,"ext_len_m":2626.0,"S":1.0,"D":0.843,"E":0.971,"I":0.718,"Tt":0.583,"Rg":1.0,"G":0.95,"dist_outline_km":0.0,"doc_nearest":"Section 95 - Drip Rock (KY-89 roadcut)","doc_nearest_km":7.8,"doc_on_reach":"","report_on_reach":"","fault_dist_m":8701.0,"shares_reach_with_rank":null,"reasons":["Mapped top of the Renfro+Nada unit; target contact lies a few feet to ~10 m lower in the same channel","Large source supply: 41.4 km of mapped target contact drains into the primary search reach","Concentrated source: 5.6 km of contact per km\u00b2 of drainage (little dilution)","Steep slopes along the upstream contact (mean 31\u00b0) \u2014 active erosion/replenishment","Inside the KGS general Kentucky-agate area outline"],"negatives":["Nada/Renfro contact not drawn separately on this quadrangle","Steep reach (9.6%) \u2014 few bars; search pools, boulder lags and bank toes","Source channel is not in NHD \u2014 likely dry except after rain"],"evidence_quality":"B \u2014 verified contact inside KGS agate area; no measured section on this drainage","citation":"Geologic map of the Irvine quadrangle, Estill County, Kentucky | Harry P. Hoge, Perry Braswell Wigley, and Fred R. Shawe | 1976 (GQ-1285)","walk_start":[37.63782,-83.88039],"source_zone_end":[37.63405,-83.88802]}},{"type":"Feature","geometry":{"type":"Point","coordinates":[-84.2226,37.539]},"properties":{"id":2230,"rank":4,"priority":"TOP PRIORITY","score":83.4,"lat":37.539,"lon":-84.2226,"county":"Madison","quad":"Bighill","gq":"GQ-900","stream":"Unnamed hollow head, tributary to Cowbell Creek","channel":"hollow head","nhd":"not in NHD \u2014 DEM-derived channel (likely ephemeral hollow)","contact_class":"VERIFIED TARGET CONTACT","geo_conf":"High","line_symbol":"Mbna","polygon_pair":"Mb|Msla","contact_style":"CONTACT","unit_below":"Nada Member (Mbna), Borden Fm","unit_above":"Renfro Member (mapped Mbr on the GQ; merged into Slade Fm polygon Msla in KGS digital data)","interpretation":"Base of Renfro Member (Mbr) on top of Nada Member (Mbna), GQ-900.","facies":"West of the projected Locust Branch Fault trend: thick Renfro (16.7\u201317.5 m) with a cherty, geodiferous basal dolomite 1.5\u20135 m thick (Dever 1999, sections 83, 87); silica (chalcedony+quartz) geodes replacing upper Nada dolostone at KSPG Stop 6B.","elev_m":378.0,"da_cross_km2":0.02,"L_prim_km":19.4,"DA_prim_km2":3.82,"density":5.1,"pen_pct":24.0,"contact_slope_deg":29.0,"relief_1km_m":204.0,"incision_m":33.0,"slope200_deg":24.6,"grad300_pct":26.9,"grad_prim_pct":9.1,"prim_len_m":1214.0,"ext_len_m":4020.0,"S":0.813,"D":0.779,"E":0.848,"I":0.859,"Tt":0.619,"Rg":1.0,"G":1.0,"dist_outline_km":0.0,"doc_nearest":"KSPG 2013 Stop 6B - Bighill roadcut, US-421","doc_nearest_km":1.5,"doc_on_reach":"","report_on_reach":"","fault_dist_m":6512.0,"shares_reach_with_rank":null,"reasons":["Mapped Nada/Renfro contact on Bighill GQ (verified from the map legend)","Concentrated source: 5.1 km of contact per km\u00b2 of drainage (little dilution)","Steep slopes along the upstream contact (mean 29\u00b0) \u2014 active erosion/replenishment","Deeply incised channel at the contact (33 m below the \u00b1200 m mean surface)","Inside the KGS general Kentucky-agate area outline","1.5 km from documented locality: KSPG 2013 Stop 6B - Bighill roadcut, US-421"],"negatives":["Steep reach (9.1%) \u2014 few bars; search pools, boulder lags and bank toes","Source channel is not in NHD \u2014 likely dry except after rain"],"evidence_quality":"A \u2014 verified contact, documented technical locality within 5 km in the same facies belt","citation":"Geologic map of the Bighill quadrangle, east-central Kentucky | Gordon Whitney Weir, K. Y. Lee, and P.E. Cassity | 1971 (GQ-900)","walk_start":[37.54718,-84.22707],"source_zone_end":[37.53934,-84.22329]}},{"type":"Feature","geometry":{"type":"Point","coordinates":[-84.1609,37.5439]},"properties":{"id":6519,"rank":5,"priority":"TOP PRIORITY","score":82.9,"lat":37.5439,"lon":-84.1609,"county":"Jackson","quad":"Bighill","gq":"GQ-900","stream":"Unnamed ravine / small hollow, tributary to Owsley Fork","channel":"ravine / small hollow","nhd":"intermittent (NHD)","contact_class":"VERIFIED TARGET CONTACT","geo_conf":"High","line_symbol":"Mbna","polygon_pair":"Mb|Msla","contact_style":"CONTACT","unit_below":"Nada Member (Mbna), Borden Fm","unit_above":"Renfro Member (mapped Mbr on the GQ; merged into Slade Fm polygon Msla in KGS digital data)","interpretation":"Base of Renfro Member (Mbr) on top of Nada Member (Mbna), GQ-900.","facies":"West of the projected Locust Branch Fault trend: thick Renfro (16.7\u201317.5 m) with a cherty, geodiferous basal dolomite 1.5\u20135 m thick (Dever 1999, sections 83, 87); silica (chalcedony+quartz) geodes replacing upper Nada dolostone at KSPG Stop 6B.","elev_m":345.0,"da_cross_km2":0.252,"L_prim_km":31.6,"DA_prim_km2":10.58,"density":2.98,"pen_pct":23.0,"contact_slope_deg":30.1,"relief_1km_m":227.0,"incision_m":36.0,"slope200_deg":20.4,"grad300_pct":19.4,"grad_prim_pct":8.0,"prim_len_m":1208.0,"ext_len_m":4026.0,"S":0.938,"D":0.458,"E":0.906,"I":0.953,"Tt":0.699,"Rg":1.0,"G":1.0,"dist_outline_km":0.0,"doc_nearest":"Section 87 - Owsley Fork","doc_nearest_km":3.3,"doc_on_reach":"","report_on_reach":"","fault_dist_m":7081.0,"shares_reach_with_rank":null,"reasons":["Mapped Nada/Renfro contact on Bighill GQ (verified from the map legend)","Large source supply: 31.6 km of mapped target contact drains into the primary search reach","Steep slopes along the upstream contact (mean 30\u00b0) \u2014 active erosion/replenishment","Deeply incised channel at the contact (36 m below the \u00b1200 m mean surface)","Inside the KGS general Kentucky-agate area outline"],"negatives":["Steep reach (8.0%) \u2014 few bars; search pools, boulder lags and bank toes"],"evidence_quality":"A \u2014 verified contact, documented technical locality within 5 km in the same facies belt","citation":"Geologic map of the Bighill quadrangle, east-central Kentucky | Gordon Whitney Weir, K. Y. Lee, and P.E. Cassity | 1971 (GQ-900)","walk_start":[37.53841,-84.16878],"source_zone_end":[37.54311,-84.16181]}},{"type":"Feature","geometry":{"type":"Point","coordinates":[-84.041,37.6144]},"properties":{"id":1924,"rank":6,"priority":"TOP PRIORITY","score":82.3,"lat":37.6144,"lon":-84.041,"county":"Estill","quad":"Alcorn","gq":"GQ-963","stream":"Unnamed hollow head, tributary to Horns River","channel":"hollow head","nhd":"not in NHD \u2014 DEM-derived channel (likely ephemeral hollow)","contact_class":"VERIFIED TARGET CONTACT","geo_conf":"High","line_symbol":"Mbna","polygon_pair":"Mb|Msla","contact_style":"CONTACT","unit_below":"Nada Member (Mbna), Borden Fm","unit_above":"Renfro Member (mapped Mbr on the GQ; merged into Slade Fm polygon Msla in KGS digital data)","interpretation":"Base of Renfro Member (Mbr) on top of Nada Member (Mbna). GQ-963 maps Renfro separately; KGS digital compilation merged Renfro into the Slade Formation polygon (Msla), so this line is the mapped Nada/Renfro contact.","facies":"Along/east of the projected Locust Branch Fault trend: Renfro 6.3\u20139.7 m resting on Nada shale (Dever 1999, sections 88\u201395); brecciated dolomite with quartz bodies as far NE as Drip Rock; epigenetic Zn-Pb at Rock Lick Creek shows fluid flow on this trend.","elev_m":341.0,"da_cross_km2":0.018,"L_prim_km":34.5,"DA_prim_km2":7.44,"density":4.64,"pen_pct":4.0,"contact_slope_deg":28.4,"relief_1km_m":223.0,"incision_m":17.0,"slope200_deg":22.5,"grad300_pct":27.1,"grad_prim_pct":11.8,"prim_len_m":1217.0,"ext_len_m":1868.0,"S":0.961,"D":0.763,"E":0.819,"I":0.711,"Tt":0.413,"Rg":1.0,"G":1.0,"dist_outline_km":0.0,"doc_nearest":"Section 95 - Drip Rock (KY-89 roadcut)","doc_nearest_km":7.0,"doc_on_reach":"","report_on_reach":"","fault_dist_m":1254.0,"shares_reach_with_rank":null,"reasons":["Mapped Nada/Renfro contact on Alcorn GQ (verified from the map legend)","Large source supply: 34.5 km of mapped target contact drains into the primary search reach","Little Pennsylvanian sandstone upstream (4% of drainage) \u2014 fewer look-alike clasts","Steep slopes along the upstream contact (mean 28\u00b0) \u2014 active erosion/replenishment","Inside the KGS general Kentucky-agate area outline"],"negatives":["Steep reach (11.8%) \u2014 few bars; search pools, boulder lags and bank toes","Source channel is not in NHD \u2014 likely dry except after rain"],"evidence_quality":"B \u2014 verified contact inside KGS agate area; no measured section on this drainage","citation":"Geologic map of the Alcorn quadrangle, east-central Kentucky | Charles L. Rice | 1972 (GQ-963)","walk_start":[37.6046,-84.03874],"source_zone_end":[37.61365,-84.04042]}},{"type":"Feature","geometry":{"type":"Point","coordinates":[-84.0106,37.5841]},"properties":{"id":3254,"rank":7,"priority":"TOP PRIORITY","score":82.0,"lat":37.5841,"lon":-84.0106,"county":"Estill","quad":"Alcorn","gq":"GQ-963","stream":"Unnamed hollow head, tributary to Middle Fork Station Camp Creek","channel":"hollow head","nhd":"not in NHD \u2014 DEM-derived channel (likely ephemeral hollow)","contact_class":"VERIFIED TARGET CONTACT","geo_conf":"High","line_symbol":"Mbna","polygon_pair":"Mb|Msla","contact_style":"CONTACT","unit_below":"Nada Member (Mbna), Borden Fm","unit_above":"Renfro Member (mapped Mbr on the GQ; merged into Slade Fm polygon Msla in KGS digital data)","interpretation":"Base of Renfro Member (Mbr) on top of Nada Member (Mbna). GQ-963 maps Renfro separately; KGS digital compilation merged Renfro into the Slade Formation polygon (Msla), so this line is the mapped Nada/Renfro contact.","facies":"Along/east of the projected Locust Branch Fault trend: Renfro 6.3\u20139.7 m resting on Nada shale (Dever 1999, sections 88\u201395); brecciated dolomite with quartz bodies as far NE as Drip Rock; epigenetic Zn-Pb at Rock Lick Creek shows fluid flow on this trend.","elev_m":301.0,"da_cross_km2":0.028,"L_prim_km":25.2,"DA_prim_km2":8.85,"density":2.84,"pen_pct":55.0,"contact_slope_deg":30.1,"relief_1km_m":199.0,"incision_m":40.0,"slope200_deg":24.3,"grad300_pct":9.8,"grad_prim_pct":4.7,"prim_len_m":1204.0,"ext_len_m":4024.0,"S":0.879,"D":0.383,"E":0.903,"I":0.922,"Tt":0.949,"Rg":1.0,"G":1.0,"dist_outline_km":0.0,"doc_nearest":"Section 95 - Drip Rock (KY-89 roadcut)","doc_nearest_km":4.4,"doc_on_reach":"","report_on_reach":"Middle Fork Station Camp Creek","fault_dist_m":4776.0,"shares_reach_with_rank":null,"reasons":["Mapped Nada/Renfro contact on Alcorn GQ (verified from the map legend)","Large source supply: 25.2 km of mapped target contact drains into the primary search reach","Steep slopes along the upstream contact (mean 30\u00b0) \u2014 active erosion/replenishment","Deeply incised channel at the contact (40 m below the \u00b1200 m mean surface)","Inside the KGS general Kentucky-agate area outline"],"negatives":["Source channel is not in NHD \u2014 likely dry except after rain"],"evidence_quality":"A \u2014 verified contact, documented technical locality within 5 km in the same facies belt","citation":"Geologic map of the Alcorn quadrangle, east-central Kentucky | Charles L. Rice | 1972 (GQ-963)","walk_start":[37.57912,-84.00036],"source_zone_end":[37.58349,-84.00924]}},{"type":"Feature","geometry":{"type":"Point","coordinates":[-84.0131,37.6333]},"properties":{"id":3071,"rank":8,"priority":"TOP PRIORITY","score":81.9,"lat":37.6333,"lon":-84.0131,"county":"Estill","quad":"Panola","gq":"GQ-686","stream":"Unnamed hollow head, tributary to Henderson Branch","channel":"hollow head","nhd":"not in NHD \u2014 DEM-derived channel (likely ephemeral hollow)","contact_class":"VERIFIED TARGET CONTACT","geo_conf":"High","line_symbol":"Mbnc","polygon_pair":"Mb|Msla","contact_style":"CONTACT","unit_below":"Nada and Cowbell Members, undivided (Mbnc), Borden Fm","unit_above":"Renfro Member (Mbr on GQ-686)","interpretation":"Base of Renfro Member (Mbr) on top of combined Nada and Cowbell Members (Mbnc), GQ-686. Upper edge of Mbnc is the top of the Nada.","facies":"Along/east of the projected Locust Branch Fault trend: Renfro 6.3\u20139.7 m resting on Nada shale (Dever 1999, sections 88\u201395); brecciated dolomite with quartz bodies as far NE as Drip Rock; epigenetic Zn-Pb at Rock Lick Creek shows fluid flow on this trend.","elev_m":339.0,"da_cross_km2":0.026,"L_prim_km":8.1,"DA_prim_km2":1.26,"density":6.45,"pen_pct":11.0,"contact_slope_deg":30.9,"relief_1km_m":191.0,"incision_m":33.0,"slope200_deg":19.5,"grad300_pct":17.1,"grad_prim_pct":9.1,"prim_len_m":1204.0,"ext_len_m":2998.0,"S":0.595,"D":0.963,"E":0.945,"I":0.81,"Tt":0.616,"Rg":1.0,"G":1.0,"dist_outline_km":0.0,"doc_nearest":"Section 95 - Drip Rock (KY-89 roadcut)","doc_nearest_km":5.9,"doc_on_reach":"","report_on_reach":"","fault_dist_m":1917.0,"shares_reach_with_rank":null,"reasons":["Mapped Nada/Renfro contact on Panola GQ (verified from the map legend)","Concentrated source: 6.5 km of contact per km\u00b2 of drainage (little dilution)","Little Pennsylvanian sandstone upstream (11% of drainage) \u2014 fewer look-alike clasts","Steep slopes along the upstream contact (mean 31\u00b0) \u2014 active erosion/replenishment","Deeply incised channel at the contact (33 m below the \u00b1200 m mean surface)","Inside the KGS general Kentucky-agate area outline"],"negatives":["Steep reach (9.1%) \u2014 few bars; search pools, boulder lags and bank toes","Source channel is not in NHD \u2014 likely dry except after rain"],"evidence_quality":"B \u2014 verified contact inside KGS agate area; no measured section on this drainage","citation":"Geologic map of the Panola quadrangle, Estill and Madison Counties, Kentucky | Robert C. Greene | 1968 (GQ-686)","walk_start":[37.62656,-84.01635],"source_zone_end":[37.63317,-84.01404]}},{"type":"Feature","geometry":{"type":"Point","coordinates":[-83.8586,37.7654]},"properties":{"id":3474,"rank":9,"priority":"TOP PRIORITY","score":81.8,"lat":37.7654,"lon":-83.8586,"county":"Powell","quad":"Stanton","gq":"GQ-1182","stream":"Unnamed hollow head, tributary to Hardwick Creek","channel":"hollow head","nhd":"not in NHD \u2014 DEM-derived channel (likely ephemeral hollow)","contact_class":"VERIFIED TARGET CONTACT (combined-unit top)","geo_conf":"Moderate-high","line_symbol":"Mbna","polygon_pair":"Mb|Msla","contact_style":"SECONDARY","unit_below":"Renfro and Nada Members, undivided (Mbrn) \u2014 digital polygon Mb","unit_above":"St. Louis Limestone Member of Newman/Slade (Msla) above the combined Renfro+Nada unit (Mbrn)","interpretation":"Top of mapped Renfro+Nada unit (Mbrn), GQ-1182. Renfro commonly about 5 ft thick, so the target contact lies a few feet below this line.","facies":"Northeast part of the belt: Renfro thin (GQ legends: ~5\u201310 ft in Powell County) and mapped with the Nada; the Nada/Renfro contact lies only a few feet to ~10 m below the mapped line. Historic collecting centre (Irvine\u2013Estill\u2013Powell).","elev_m":319.0,"da_cross_km2":0.03,"L_prim_km":52.7,"DA_prim_km2":9.69,"density":5.44,"pen_pct":15.0,"contact_slope_deg":24.4,"relief_1km_m":178.0,"incision_m":30.0,"slope200_deg":17.0,"grad300_pct":22.1,"grad_prim_pct":8.1,"prim_len_m":1212.0,"ext_len_m":4022.0,"S":1.0,"D":0.858,"E":0.618,"I":0.72,"Tt":0.695,"Rg":1.0,"G":0.95,"dist_outline_km":0.0,"doc_nearest":"Section 95 - Drip Rock (KY-89 roadcut)","doc_nearest_km":20.8,"doc_on_reach":"","report_on_reach":"","fault_dist_m":384.0,"shares_reach_with_rank":null,"reasons":["Mapped top of the Renfro+Nada unit; target contact lies a few feet to ~10 m lower in the same channel","Large source supply: 52.7 km of mapped target contact drains into the primary search reach","Concentrated source: 5.4 km of contact per km\u00b2 of drainage (little dilution)","Little Pennsylvanian sandstone upstream (15% of drainage) \u2014 fewer look-alike clasts","Inside the KGS general Kentucky-agate area outline"],"negatives":["Nada/Renfro contact not drawn separately on this quadrangle","Steep reach (8.1%) \u2014 few bars; search pools, boulder lags and bank toes","Source channel is not in NHD \u2014 likely dry except after rain"],"evidence_quality":"B \u2014 verified contact inside KGS agate area; no measured section on this drainage","citation":"Geologic map of the Stanton quadrangle, Powell and Estill Counties, Kentucky | Gordon Whitney Weir | 1974 (GQ-1182)","walk_start":[37.77289,-83.86382],"source_zone_end":[37.76627,-83.85888]}},{"type":"Feature","geometry":{"type":"Point","coordinates":[-84.1621,37.5699]},"properties":{"id":1410,"rank":10,"priority":"TOP PRIORITY","score":81.4,"lat":37.5699,"lon":-84.1621,"county":"Madison","quad":"Bighill","gq":"GQ-900","stream":"Unnamed hollow head, tributary to Floyd Branch","channel":"hollow head","nhd":"not in NHD \u2014 DEM-derived channel (likely ephemeral hollow)","contact_class":"VERIFIED TARGET CONTACT","geo_conf":"High","line_symbol":"Mbna","polygon_pair":"Mb|Msla","contact_style":"CONTACT","unit_below":"Nada Member (Mbna), Borden Fm","unit_above":"Renfro Member (mapped Mbr on the GQ; merged into Slade Fm polygon Msla in KGS digital data)","interpretation":"Base of Renfro Member (Mbr) on top of Nada Member (Mbna), GQ-900.","facies":"West of the projected Locust Branch Fault trend: thick Renfro (16.7\u201317.5 m) with a cherty, geodiferous basal dolomite 1.5\u20135 m thick (Dever 1999, sections 83, 87); silica (chalcedony+quartz) geodes replacing upper Nada dolostone at KSPG Stop 6B.","elev_m":345.0,"da_cross_km2":0.016,"L_prim_km":30.9,"DA_prim_km2":6.97,"density":4.43,"pen_pct":9.0,"contact_slope_deg":27.9,"relief_1km_m":192.0,"incision_m":21.0,"slope200_deg":17.8,"grad300_pct":28.4,"grad_prim_pct":9.5,"prim_len_m":1201.0,"ext_len_m":2730.0,"S":0.932,"D":0.714,"E":0.794,"I":0.665,"Tt":0.59,"Rg":1.0,"G":1.0,"dist_outline_km":0.0,"doc_nearest":"Section 83 - Bighill (US-421 roadcut)","doc_nearest_km":5.4,"doc_on_reach":"","report_on_reach":"","fault_dist_m":4264.0,"shares_reach_with_rank":null,"reasons":["Mapped Nada/Renfro contact on Bighill GQ (verified from the map legend)","Large source supply: 30.9 km of mapped target contact drains into the primary search reach","Little Pennsylvanian sandstone upstream (9% of drainage) \u2014 fewer look-alike clasts","Steep slopes along the upstream contact (mean 28\u00b0) \u2014 active erosion/replenishment","Inside the KGS general Kentucky-agate area outline"],"negatives":["Steep reach (9.5%) \u2014 few bars; search pools, boulder lags and bank toes","Source channel is not in NHD \u2014 likely dry except after rain"],"evidence_quality":"B \u2014 verified contact inside KGS agate area; no measured section on this drainage","citation":"Geologic map of the Bighill quadrangle, east-central Kentucky | Gordon Whitney Weir, K. Y. Lee, and P.E. Cassity | 1971 (GQ-900)","walk_start":[37.57298,-84.15253],"source_zone_end":[37.56977,-84.16125]}},{"type":"Feature","geometry":{"type":"Point","coordinates":[-84.239,37.5385]},"properties":{"id":2796,"rank":11,"priority":"STRONG TARGET","score":81.3,"lat":37.5385,"lon":-84.239,"county":"Madison","quad":"Bighill","gq":"GQ-900","stream":"Unnamed hollow head, tributary to East Fork Silver Creek","channel":"hollow head","nhd":"not in NHD \u2014 DEM-derived channel (likely ephemeral hollow)","contact_class":"VERIFIED TARGET CONTACT","geo_conf":"High","line_symbol":"Mbna","polygon_pair":"Mb|Msla","contact_style":"CONTACT","unit_below":"Nada Member (Mbna), Borden Fm","unit_above":"Renfro Member (mapped Mbr on the GQ; merged into Slade Fm polygon Msla in KGS digital data)","interpretation":"Base of Renfro Member (Mbr) on top of Nada Member (Mbna), GQ-900.","facies":"West of the projected Locust Branch Fault trend: thick Renfro (16.7\u201317.5 m) with a cherty, geodiferous basal dolomite 1.5\u20135 m thick (Dever 1999, sections 83, 87); silica (chalcedony+quartz) geodes replacing upper Nada dolostone at KSPG Stop 6B.","elev_m":392.0,"da_cross_km2":0.023,"L_prim_km":16.3,"DA_prim_km2":2.74,"density":5.94,"pen_pct":15.0,"contact_slope_deg":26.2,"relief_1km_m":165.0,"incision_m":22.0,"slope200_deg":21.9,"grad300_pct":23.0,"grad_prim_pct":7.2,"prim_len_m":1212.0,"ext_len_m":4018.0,"S":0.767,"D":0.937,"E":0.708,"I":0.58,"Tt":0.762,"Rg":1.0,"G":1.0,"dist_outline_km":0.0,"doc_nearest":"KSPG 2013 Stop 6B - Bighill roadcut, US-421","doc_nearest_km":2.7,"doc_on_reach":"","report_on_reach":"","fault_dist_m":6101.0,"shares_reach_with_rank":null,"reasons":["Mapped Nada/Renfro contact on Bighill GQ (verified from the map legend)","Concentrated source: 5.9 km of contact per km\u00b2 of drainage (little dilution)","Little Pennsylvanian sandstone upstream (15% of drainage) \u2014 fewer look-alike clasts","Steep slopes along the upstream contact (mean 26\u00b0) \u2014 active erosion/replenishment","Inside the KGS general Kentucky-agate area outline","2.7 km from documented locality: KSPG 2013 Stop 6B - Bighill roadcut, US-421"],"negatives":["Source channel is not in NHD \u2014 likely dry except after rain"],"evidence_quality":"A \u2014 verified contact, documented technical locality within 5 km in the same facies belt","citation":"Geologic map of the Bighill quadrangle, east-central Kentucky | Gordon Whitney Weir, K. Y. Lee, and P.E. Cassity | 1971 (GQ-900)","walk_start":[37.54594,-84.24319],"source_zone_end":[37.53847,-84.23984]}},{"type":"Feature","geometry":{"type":"Point","coordinates":[-84.2332,37.5176]},"properties":{"id":695,"rank":12,"priority":"STRONG TARGET","score":81.0,"lat":37.5176,"lon":-84.2332,"county":"Rockcastle","quad":"Bighill","gq":"GQ-900","stream":"Unnamed hollow head, tributary to Clear Creek","channel":"hollow head","nhd":"not in NHD \u2014 DEM-derived channel (likely ephemeral hollow)","contact_class":"VERIFIED TARGET CONTACT","geo_conf":"High","line_symbol":"Mbna","polygon_pair":"Mb|Msla","contact_style":"CONTACT","unit_below":"Nada Member (Mbna), Borden Fm","unit_above":"Renfro Member (mapped Mbr on the GQ; merged into Slade Fm polygon Msla in KGS digital data)","interpretation":"Base of Renfro Member (Mbr) on top of Nada Member (Mbna), GQ-900.","facies":"West of the projected Locust Branch Fault trend: thick Renfro (16.7\u201317.5 m) with a cherty, geodiferous basal dolomite 1.5\u20135 m thick (Dever 1999, sections 83, 87); silica (chalcedony+quartz) geodes replacing upper Nada dolostone at KSPG Stop 6B.","elev_m":378.0,"da_cross_km2":0.013,"L_prim_km":24.7,"DA_prim_km2":5.39,"density":4.58,"pen_pct":34.0,"contact_slope_deg":23.9,"relief_1km_m":147.0,"incision_m":33.0,"slope200_deg":19.9,"grad300_pct":9.5,"grad_prim_pct":4.1,"prim_len_m":1202.0,"ext_len_m":4008.0,"S":0.874,"D":0.673,"E":0.596,"I":0.652,"Tt":0.995,"Rg":1.0,"G":1.0,"dist_outline_km":0.0,"doc_nearest":"KSPG 2013 Stop 6B - Bighill roadcut, US-421","doc_nearest_km":2.3,"doc_on_reach":"","report_on_reach":"","fault_dist_m":8473.0,"shares_reach_with_rank":null,"reasons":["Mapped Nada/Renfro contact on Bighill GQ (verified from the map legend)","Large source supply: 24.7 km of mapped target contact drains into the primary search reach","Deeply incised channel at the contact (33 m below the \u00b1200 m mean surface)","Inside the KGS general Kentucky-agate area outline","2.3 km from documented locality: KSPG 2013 Stop 6B - Bighill roadcut, US-421"],"negatives":["Source channel is not in NHD \u2014 likely dry except after rain"],"evidence_quality":"A \u2014 verified contact, documented technical locality within 5 km in the same facies belt","citation":"Geologic map of the Bighill quadrangle, east-central Kentucky | Gordon Whitney Weir, K. Y. Lee, and P.E. Cassity | 1971 (GQ-900)","walk_start":[37.50942,-84.23073],"source_zone_end":[37.51703,-84.23249]}},{"type":"Feature","geometry":{"type":"Point","coordinates":[-84.0446,37.6276]},"properties":{"id":2151,"rank":13,"priority":"STRONG TARGET","score":80.9,"lat":37.6276,"lon":-84.0446,"county":"Estill","quad":"Panola","gq":"GQ-686","stream":"Unnamed hollow head, tributary to Jenkins Branch","channel":"hollow head","nhd":"not in NHD \u2014 DEM-derived channel (likely ephemeral hollow)","contact_class":"VERIFIED TARGET CONTACT","geo_conf":"High","line_symbol":"Mbnc","polygon_pair":"Mb|Msla","contact_style":"CONTACT","unit_below":"Nada and Cowbell Members, undivided (Mbnc), Borden Fm","unit_above":"Renfro Member (Mbr on GQ-686)","interpretation":"Base of Renfro Member (Mbr) on top of combined Nada and Cowbell Members (Mbnc), GQ-686. Upper edge of Mbnc is the top of the Nada.","facies":"Along/east of the projected Locust Branch Fault trend: Renfro 6.3\u20139.7 m resting on Nada shale (Dever 1999, sections 88\u201395); brecciated dolomite with quartz bodies as far NE as Drip Rock; epigenetic Zn-Pb at Rock Lick Creek shows fluid flow on this trend.","elev_m":347.0,"da_cross_km2":0.019,"L_prim_km":9.5,"DA_prim_km2":1.49,"density":6.34,"pen_pct":1.0,"contact_slope_deg":27.7,"relief_1km_m":185.0,"incision_m":28.0,"slope200_deg":20.7,"grad300_pct":22.6,"grad_prim_pct":8.7,"prim_len_m":1216.0,"ext_len_m":3251.0,"S":0.633,"D":0.995,"E":0.785,"I":0.72,"Tt":0.65,"Rg":1.0,"G":1.0,"dist_outline_km":0.0,"doc_nearest":"Section 95 - Drip Rock (KY-89 roadcut)","doc_nearest_km":7.8,"doc_on_reach":"","report_on_reach":"","fault_dist_m":1112.0,"shares_reach_with_rank":null,"reasons":["Mapped Nada/Renfro contact on Panola GQ (verified from the map legend)","Concentrated source: 6.3 km of contact per km\u00b2 of drainage (little dilution)","Little Pennsylvanian sandstone upstream (1% of drainage) \u2014 fewer look-alike clasts","Steep slopes along the upstream contact (mean 28\u00b0) \u2014 active erosion/replenishment","Inside the KGS general Kentucky-agate area outline"],"negatives":["Steep reach (8.7%) \u2014 few bars; search pools, boulder lags and bank toes","Source channel is not in NHD \u2014 likely dry except after rain"],"evidence_quality":"B \u2014 verified contact inside KGS agate area; no measured section on this drainage","citation":"Geologic map of the Panola quadrangle, Estill and Madison Counties, Kentucky | Robert C. Greene | 1968 (GQ-686)","walk_start":[37.61869,-84.04],"source_zone_end":[37.62708,-84.0442]}},{"type":"Feature","geometry":{"type":"Point","coordinates":[-83.9683,37.5914]},"properties":{"id":5391,"rank":14,"priority":"STRONG TARGET","score":80.6,"lat":37.5914,"lon":-83.9683,"county":"Estill","quad":"Leighton","gq":"GQ-1495","stream":"Unnamed ravine / small hollow, tributary to Middle Fork Station Camp Creek","channel":"ravine / small hollow","nhd":"intermittent (NHD)","contact_class":"VERIFIED TARGET CONTACT (combined-unit top)","geo_conf":"Moderate-high","line_symbol":"Mbna","polygon_pair":"Mb|Msla","contact_style":"SECONDARY","unit_below":"Renfro and Nada Members, undivided (Mbrn) \u2014 digital polygon Mb","unit_above":"St. Louis Limestone Member of Newman/Slade (Msla) above the combined Renfro+Nada unit (Mbrn)","interpretation":"Top of mapped Renfro+Nada unit (Mbrn), GQ-1495. Nada: greenish and grayish-red shale with mid-unit glauconitic seam and silty dolomite beds near top.","facies":"Along/east of the projected Locust Branch Fault trend: Renfro 6.3\u20139.7 m resting on Nada shale (Dever 1999, sections 88\u201395); brecciated dolomite with quartz bodies as far NE as Drip Rock; epigenetic Zn-Pb at Rock Lick Creek shows fluid flow on this trend.","elev_m":301.0,"da_cross_km2":0.084,"L_prim_km":57.4,"DA_prim_km2":16.36,"density":3.51,"pen_pct":51.0,"contact_slope_deg":29.9,"relief_1km_m":203.0,"incision_m":41.0,"slope200_deg":21.2,"grad300_pct":13.4,"grad_prim_pct":7.8,"prim_len_m":1219.0,"ext_len_m":4015.0,"S":1.0,"D":0.48,"E":0.897,"I":0.94,"Tt":0.716,"Rg":1.0,"G":0.95,"dist_outline_km":0.0,"doc_nearest":"Section 95 - Drip Rock (KY-89 roadcut)","doc_nearest_km":0.8,"doc_on_reach":"","report_on_reach":"Middle Fork Station Camp Creek","fault_dist_m":6628.0,"shares_reach_with_rank":null,"reasons":["Mapped top of the Renfro+Nada unit; target contact lies a few feet to ~10 m lower in the same channel","Large source supply: 57.4 km of mapped target contact drains into the primary search reach","Steep slopes along the upstream contact (mean 30\u00b0) \u2014 active erosion/replenishment","Deeply incised channel at the contact (41 m below the \u00b1200 m mean surface)","Inside the KGS general Kentucky-agate area outline","0.8 km from documented locality: Section 95 - Drip Rock (KY-89 roadcut)"],"negatives":["Nada/Renfro contact not drawn separately on this quadrangle"],"evidence_quality":"B \u2014 verified contact inside KGS agate area; no measured section on this drainage","citation":"Geologic map of the Leighton quadrangle, east-central Kentucky | Donald C. Haney and Charles L. Rice | 1978 (GQ-1495)","walk_start":[37.59492,-83.97707],"source_zone_end":[37.5913,-83.96929]}},{"type":"Feature","geometry":{"type":"Point","coordinates":[-83.8496,37.6927]},"properties":{"id":5591,"rank":15,"priority":"STRONG TARGET","score":80.6,"lat":37.6927,"lon":-83.8496,"county":"Estill","quad":"Cobhill","gq":"GQ-1347","stream":"Unnamed ravine / small hollow, tributary to Furnace Fork","channel":"ravine / small hollow","nhd":"not in NHD \u2014 DEM-derived channel (likely ephemeral hollow)","contact_class":"VERIFIED TARGET CONTACT (combined-unit top)","geo_conf":"Moderate-high","line_symbol":"Mbna","polygon_pair":"Mb|Msla","contact_style":"SECONDARY","unit_below":"Renfro and Nada Members, undivided (Mbrn) \u2014 digital polygon Mb","unit_above":"St. Louis Limestone Member of Newman/Slade (Msla) above the combined Renfro+Nada unit (Mbrn)","interpretation":"Top of mapped Renfro+Nada unit (Mbrn), GQ-1347.","facies":"Northeast part of the belt: Renfro thin (GQ legends: ~5\u201310 ft in Powell County) and mapped with the Nada; the Nada/Renfro contact lies only a few feet to ~10 m below the mapped line. Historic collecting centre (Irvine\u2013Estill\u2013Powell).","elev_m":301.0,"da_cross_km2":0.096,"L_prim_km":118.0,"DA_prim_km2":25.9,"density":4.55,"pen_pct":23.0,"contact_slope_deg":30.2,"relief_1km_m":172.0,"incision_m":31.0,"slope200_deg":17.3,"grad300_pct":19.0,"grad_prim_pct":9.0,"prim_len_m":1217.0,"ext_len_m":3880.0,"S":1.0,"D":0.69,"E":0.911,"I":0.712,"Tt":0.624,"Rg":1.0,"G":0.95,"dist_outline_km":0.0,"doc_nearest":"Section 95 - Drip Rock (KY-89 roadcut)","doc_nearest_km":14.6,"doc_on_reach":"","report_on_reach":"","fault_dist_m":7198.0,"shares_reach_with_rank":null,"reasons":["Mapped top of the Renfro+Nada unit; target contact lies a few feet to ~10 m lower in the same channel","Large source supply: 118.0 km of mapped target contact drains into the primary search reach","Steep slopes along the upstream contact (mean 30\u00b0) \u2014 active erosion/replenishment","Deeply incised channel at the contact (31 m below the \u00b1200 m mean surface)","Inside the KGS general Kentucky-agate area outline"],"negatives":["Nada/Renfro contact not drawn separately on this quadrangle","Steep reach (9.0%) \u2014 few bars; search pools, boulder lags and bank toes","Source channel is not in NHD \u2014 likely dry except after rain"],"evidence_quality":"B \u2014 verified contact inside KGS agate area; no measured section on this drainage","citation":"Geologic map of the Cobhill quadrangle, east-central Kentucky | Donald C. Haney | 1976 (GQ-1347)","walk_start":[37.68766,-83.85744],"source_zone_end":[37.69218,-83.85112]}},{"type":"Feature","geometry":{"type":"Point","coordinates":[-83.9849,37.5741]},"properties":{"id":6235,"rank":16,"priority":"STRONG TARGET","score":79.6,"lat":37.5741,"lon":-83.9849,"county":"Jackson","quad":"Leighton","gq":"GQ-1495","stream":"Unnamed ravine / small hollow, tributary to Middle Fork Station Camp Creek","channel":"ravine / small hollow","nhd":"not in NHD \u2014 DEM-derived channel (likely ephemeral hollow)","contact_class":"VERIFIED TARGET CONTACT (combined-unit top)","geo_conf":"Moderate-high","line_symbol":"Mbna","polygon_pair":"Mb|Msla","contact_style":"SECONDARY","unit_below":"Renfro and Nada Members, undivided (Mbrn) \u2014 digital polygon Mb","unit_above":"St. Louis Limestone Member of Newman/Slade (Msla) above the combined Renfro+Nada unit (Mbrn)","interpretation":"Top of mapped Renfro+Nada unit (Mbrn), GQ-1495. Nada: greenish and grayish-red shale with mid-unit glauconitic seam and silty dolomite beds near top.","facies":"Along/east of the projected Locust Branch Fault trend: Renfro 6.3\u20139.7 m resting on Nada shale (Dever 1999, sections 88\u201395); brecciated dolomite with quartz bodies as far NE as Drip Rock; epigenetic Zn-Pb at Rock Lick Creek shows fluid flow on this trend.","elev_m":302.0,"da_cross_km2":0.171,"L_prim_km":37.5,"DA_prim_km2":11.37,"density":3.3,"pen_pct":52.0,"contact_slope_deg":30.0,"relief_1km_m":194.0,"incision_m":38.0,"slope200_deg":22.5,"grad300_pct":14.5,"grad_prim_pct":6.6,"prim_len_m":1214.0,"ext_len_m":4023.0,"S":0.983,"D":0.449,"E":0.898,"I":0.879,"Tt":0.806,"Rg":1.0,"G":0.95,"dist_outline_km":0.0,"doc_nearest":"Section 95 - Drip Rock (KY-89 roadcut)","doc_nearest_km":3.2,"doc_on_reach":"","report_on_reach":"Middle Fork Station Camp Creek","fault_dist_m":6874.0,"shares_reach_with_rank":null,"reasons":["Mapped top of the Renfro+Nada unit; target contact lies a few feet to ~10 m lower in the same channel","Large source supply: 37.5 km of mapped target contact drains into the primary search reach","Steep slopes along the upstream contact (mean 30\u00b0) \u2014 active erosion/replenishment","Deeply incised channel at the contact (38 m below the \u00b1200 m mean surface)","Inside the KGS general Kentucky-agate area outline"],"negatives":["Nada/Renfro contact not drawn separately on this quadrangle","Source channel is not in NHD \u2014 likely dry except after rain"],"evidence_quality":"B \u2014 verified contact inside KGS agate area; no measured section on this drainage","citation":"Geologic map of the Leighton quadrangle, east-central Kentucky | Donald C. Haney and Charles L. Rice | 1978 (GQ-1495)","walk_start":[37.5823,-83.9837],"source_zone_end":[37.57476,-83.98491]}},{"type":"Feature","geometry":{"type":"Point","coordinates":[-84.0551,37.5742]},"properties":{"id":4483,"rank":17,"priority":"STRONG TARGET","score":79.2,"lat":37.5742,"lon":-84.0551,"county":"Estill","quad":"Alcorn","gq":"GQ-963","stream":"Unnamed hollow head, tributary to Bicknell Branch","channel":"hollow head","nhd":"not in NHD \u2014 DEM-derived channel (likely ephemeral hollow)","contact_class":"VERIFIED TARGET CONTACT","geo_conf":"High","line_symbol":"Mbna","polygon_pair":"Mb|Msla","contact_style":"CONTACT","unit_below":"Nada Member (Mbna), Borden Fm","unit_above":"Renfro Member (mapped Mbr on the GQ; merged into Slade Fm polygon Msla in KGS digital data)","interpretation":"Base of Renfro Member (Mbr) on top of Nada Member (Mbna). GQ-963 maps Renfro separately; KGS digital compilation merged Renfro into the Slade Formation polygon (Msla), so this line is the mapped Nada/Renfro contact.","facies":"Along/east of the projected Locust Branch Fault trend: Renfro 6.3\u20139.7 m resting on Nada shale (Dever 1999, sections 88\u201395); brecciated dolomite with quartz bodies as far NE as Drip Rock; epigenetic Zn-Pb at Rock Lick Creek shows fluid flow on this trend.","elev_m":327.0,"da_cross_km2":0.049,"L_prim_km":20.0,"DA_prim_km2":4.81,"density":4.15,"pen_pct":35.0,"contact_slope_deg":31.9,"relief_1km_m":199.0,"incision_m":25.0,"slope200_deg":20.0,"grad300_pct":22.2,"grad_prim_pct":9.9,"prim_len_m":1206.0,"ext_len_m":2291.0,"S":0.82,"D":0.606,"E":0.997,"I":0.736,"Tt":0.558,"Rg":1.0,"G":1.0,"dist_outline_km":0.0,"doc_nearest":"Section 89 - Rock Lick Creek ('Platinum Mine' prospect)","doc_nearest_km":3.9,"doc_on_reach":"","report_on_reach":"","fault_dist_m":4708.0,"shares_reach_with_rank":null,"reasons":["Mapped Nada/Renfro contact on Alcorn GQ (verified from the map legend)","Steep slopes along the upstream contact (mean 32\u00b0) \u2014 active erosion/replenishment","Inside the KGS general Kentucky-agate area outline"],"negatives":["Steep reach (9.9%) \u2014 few bars; search pools, boulder lags and bank toes","Source channel is not in NHD \u2014 likely dry except after rain"],"evidence_quality":"A \u2014 verified contact, documented technical locality within 5 km in the same facies belt","citation":"Geologic map of the Alcorn quadrangle, east-central Kentucky | Charles L. Rice | 1972 (GQ-963)","walk_start":[37.58333,-84.05317],"source_zone_end":[37.57489,-84.05441]}},{"type":"Feature","geometry":{"type":"Point","coordinates":[-84.1929,37.5291]},"properties":{"id":1682,"rank":18,"priority":"STRONG TARGET","score":79.2,"lat":37.5291,"lon":-84.1929,"county":"Jackson","quad":"Bighill","gq":"GQ-900","stream":"Unnamed hollow head, tributary to Owsley Fork","channel":"hollow head","nhd":"not in NHD \u2014 DEM-derived channel (likely ephemeral hollow)","contact_class":"VERIFIED TARGET CONTACT","geo_conf":"High","line_symbol":"Mbna","polygon_pair":"Mb|Msla","contact_style":"CONTACT","unit_below":"Nada Member (Mbna), Borden Fm","unit_above":"Renfro Member (mapped Mbr on the GQ; merged into Slade Fm polygon Msla in KGS digital data)","interpretation":"Base of Renfro Member (Mbr) on top of Nada Member (Mbna), GQ-900.","facies":"West of the projected Locust Branch Fault trend: thick Renfro (16.7\u201317.5 m) with a cherty, geodiferous basal dolomite 1.5\u20135 m thick (Dever 1999, sections 83, 87); silica (chalcedony+quartz) geodes replacing upper Nada dolostone at KSPG Stop 6B.","elev_m":364.0,"da_cross_km2":0.017,"L_prim_km":15.6,"DA_prim_km2":4.22,"density":3.7,"pen_pct":13.0,"contact_slope_deg":33.2,"relief_1km_m":231.0,"incision_m":28.0,"slope200_deg":19.9,"grad300_pct":23.5,"grad_prim_pct":9.6,"prim_len_m":1212.0,"ext_len_m":4006.0,"S":0.757,"D":0.589,"E":1.0,"I":0.844,"Tt":0.583,"Rg":1.0,"G":1.0,"dist_outline_km":0.0,"doc_nearest":"Section 83 - Bighill (US-421 roadcut)","doc_nearest_km":0.1,"doc_on_reach":"Section 83 - Bighill (US-421 roadcut)","report_on_reach":"","fault_dist_m":8346.0,"shares_reach_with_rank":null,"reasons":["Mapped Nada/Renfro contact on Bighill GQ (verified from the map legend)","Little Pennsylvanian sandstone upstream (13% of drainage) \u2014 fewer look-alike clasts","Steep slopes along the upstream contact (mean 33\u00b0) \u2014 active erosion/replenishment","Inside the KGS general Kentucky-agate area outline","0.1 km from documented locality: Section 83 - Bighill (US-421 roadcut)"],"negatives":["Steep reach (9.6%) \u2014 few bars; search pools, boulder lags and bank toes","Source channel is not in NHD \u2014 likely dry except after rain"],"evidence_quality":"A \u2014 verified contact, documented technical locality within 5 km in the same facies belt","citation":"Geologic map of the Bighill quadrangle, east-central Kentucky | Gordon Whitney Weir, K. Y. Lee, and P.E. Cassity | 1971 (GQ-900)","walk_start":[37.53759,-84.18737],"source_zone_end":[37.52979,-84.19287]}},{"type":"Feature","geometry":{"type":"Point","coordinates":[-83.8854,37.6945]},"properties":{"id":5525,"rank":19,"priority":"STRONG TARGET","score":79.1,"lat":37.6945,"lon":-83.8854,"county":"Estill","quad":"Irvine","gq":"GQ-1285","stream":"Unnamed ravine / small hollow, tributary to Long Branch","channel":"ravine / small hollow","nhd":"not in NHD \u2014 DEM-derived channel (likely ephemeral hollow)","contact_class":"VERIFIED TARGET CONTACT (combined-unit top)","geo_conf":"Moderate-high","line_symbol":"Mbna","polygon_pair":"Mb|Msla","contact_style":"SECONDARY","unit_below":"Renfro and Nada Members, undivided (Mbrn) \u2014 digital polygon Mb","unit_above":"St. Louis Limestone Member of Newman/Slade (Msla) above the combined Renfro+Nada unit (Mbrn)","interpretation":"Top of mapped Renfro+Nada unit (Mbrn), GQ-1285. The Nada/Renfro contact itself is not drawn; it lies one Renfro thickness below this line (Renfro thickest NE, thinnest near Wagersville).","facies":"Northeast part of the belt: Renfro thin (GQ legends: ~5\u201310 ft in Powell County) and mapped with the Nada; the Nada/Renfro contact lies only a few feet to ~10 m below the mapped line. Historic collecting centre (Irvine\u2013Estill\u2013Powell).","elev_m":324.0,"da_cross_km2":0.092,"L_prim_km":16.5,"DA_prim_km2":2.97,"density":5.58,"pen_pct":29.0,"contact_slope_deg":31.7,"relief_1km_m":180.0,"incision_m":32.0,"slope200_deg":16.3,"grad300_pct":14.4,"grad_prim_pct":9.2,"prim_len_m":1217.0,"ext_len_m":3766.0,"S":0.771,"D":0.835,"E":0.985,"I":0.754,"Tt":0.61,"Rg":1.0,"G":0.95,"dist_outline_km":0.0,"doc_nearest":"Section 95 - Drip Rock (KY-89 roadcut)","doc_nearest_km":12.8,"doc_on_reach":"","report_on_reach":"","fault_dist_m":4442.0,"shares_reach_with_rank":null,"reasons":["Mapped top of the Renfro+Nada unit; target contact lies a few feet to ~10 m lower in the same channel","Concentrated source: 5.6 km of contact per km\u00b2 of drainage (little dilution)","Steep slopes along the upstream contact (mean 32\u00b0) \u2014 active erosion/replenishment","Deeply incised channel at the contact (32 m below the \u00b1200 m mean surface)","Inside the KGS general Kentucky-agate area outline"],"negatives":["Nada/Renfro contact not drawn separately on this quadrangle","Steep reach (9.2%) \u2014 few bars; search pools, boulder lags and bank toes","Source channel is not in NHD \u2014 likely dry except after rain"],"evidence_quality":"B \u2014 verified contact inside KGS agate area; no measured section on this drainage","citation":"Geologic map of the Irvine quadrangle, Estill County, Kentucky | Harry P. Hoge, Perry Braswell Wigley, and Fred R. Shawe | 1976 (GQ-1285)","walk_start":[37.68782,-83.87693],"source_zone_end":[37.6936,-83.88417]}},{"type":"Feature","geometry":{"type":"Point","coordinates":[-83.9565,37.6621]},"properties":{"id":5817,"rank":20,"priority":"STRONG TARGET","score":79.0,"lat":37.6621,"lon":-83.9565,"county":"Estill","quad":"Irvine","gq":"GQ-1285","stream":"Unnamed ravine / small hollow, tributary to Little Doe Creek","channel":"ravine / small hollow","nhd":"not in NHD \u2014 DEM-derived channel (likely ephemeral hollow)","contact_class":"VERIFIED TARGET CONTACT (combined-unit top)","geo_conf":"Moderate-high","line_symbol":"Mbna","polygon_pair":"Mb|Msla","contact_style":"SECONDARY","unit_below":"Renfro and Nada Members, undivided (Mbrn) \u2014 digital polygon Mb","unit_above":"St. Louis Limestone Member of Newman/Slade (Msla) above the combined Renfro+Nada unit (Mbrn)","interpretation":"Top of mapped Renfro+Nada unit (Mbrn), GQ-1285. The Nada/Renfro contact itself is not drawn; it lies one Renfro thickness below this line (Renfro thickest NE, thinnest near Wagersville).","facies":"Northeast part of the belt: Renfro thin (GQ legends: ~5\u201310 ft in Powell County) and mapped with the Nada; the Nada/Renfro contact lies only a few feet to ~10 m below the mapped line. Historic collecting centre (Irvine\u2013Estill\u2013Powell).","elev_m":331.0,"da_cross_km2":0.116,"L_prim_km":15.8,"DA_prim_km2":2.75,"density":5.75,"pen_pct":22.0,"contact_slope_deg":31.8,"relief_1km_m":184.0,"incision_m":30.0,"slope200_deg":17.8,"grad300_pct":14.6,"grad_prim_pct":10.3,"prim_len_m":1224.0,"ext_len_m":2602.0,"S":0.76,"D":0.885,"E":0.989,"I":0.75,"Tt":0.528,"Rg":1.0,"G":0.95,"dist_outline_km":0.0,"doc_nearest":"Section 95 - Drip Rock (KY-89 roadcut)","doc_nearest_km":7.2,"doc_on_reach":"","report_on_reach":"","fault_dist_m":2368.0,"shares_reach_with_rank":null,"reasons":["Mapped top of the Renfro+Nada unit; target contact lies a few feet to ~10 m lower in the same channel","Concentrated source: 5.7 km of contact per km\u00b2 of drainage (little dilution)","Steep slopes along the upstream contact (mean 32\u00b0) \u2014 active erosion/replenishment","Deeply incised channel at the contact (30 m below the \u00b1200 m mean surface)","Inside the KGS general Kentucky-agate area outline"],"negatives":["Nada/Renfro contact not drawn separately on this quadrangle","Steep reach (10.3%) \u2014 few bars; search pools, boulder lags and bank toes","Source channel is not in NHD \u2014 likely dry except after rain"],"evidence_quality":"B \u2014 verified contact inside KGS agate area; no measured section on this drainage","citation":"Geologic map of the Irvine quadrangle, Estill County, Kentucky | Harry P. Hoge, Perry Braswell Wigley, and Fred R. Shawe | 1976 (GQ-1285)","walk_start":[37.66552,-83.94723],"source_zone_end":[37.66265,-83.95506]}},{"type":"Feature","geometry":{"type":"Point","coordinates":[-83.9238,37.6521]},"properties":{"id":3989,"rank":21,"priority":"STRONG TARGET","score":79.0,"lat":37.6521,"lon":-83.9238,"county":"Estill","quad":"Irvine","gq":"GQ-1285","stream":"Unnamed hollow head, tributary to Big Doe Creek","channel":"hollow head","nhd":"not in NHD \u2014 DEM-derived channel (likely ephemeral hollow)","contact_class":"VERIFIED TARGET CONTACT (combined-unit top)","geo_conf":"Moderate-high","line_symbol":"Mbna","polygon_pair":"Mb|Msla","contact_style":"SECONDARY","unit_below":"Renfro and Nada Members, undivided (Mbrn) \u2014 digital polygon Mb","unit_above":"St. Louis Limestone Member of Newman/Slade (Msla) above the combined Renfro+Nada unit (Mbrn)","interpretation":"Top of mapped Renfro+Nada unit (Mbrn), GQ-1285. The Nada/Renfro contact itself is not drawn; it lies one Renfro thickness below this line (Renfro thickest NE, thinnest near Wagersville).","facies":"Northeast part of the belt: Renfro thin (GQ legends: ~5\u201310 ft in Powell County) and mapped with the Nada; the Nada/Renfro contact lies only a few feet to ~10 m below the mapped line. Historic collecting centre (Irvine\u2013Estill\u2013Powell).","elev_m":341.0,"da_cross_km2":0.038,"L_prim_km":24.0,"DA_prim_km2":4.08,"density":5.88,"pen_pct":16.0,"contact_slope_deg":32.0,"relief_1km_m":182.0,"incision_m":17.0,"slope200_deg":15.9,"grad300_pct":24.0,"grad_prim_pct":11.5,"prim_len_m":1204.0,"ext_len_m":4020.0,"S":0.867,"D":0.925,"E":0.999,"I":0.572,"Tt":0.438,"Rg":1.0,"G":0.95,"dist_outline_km":0.0,"doc_nearest":"Section 95 - Drip Rock (KY-89 roadcut)","doc_nearest_km":7.0,"doc_on_reach":"","report_on_reach":"","fault_dist_m":5044.0,"shares_reach_with_rank":null,"reasons":["Mapped top of the Renfro+Nada unit; target contact lies a few feet to ~10 m lower in the same channel","Large source supply: 24.0 km of mapped target contact drains into the primary search reach","Concentrated source: 5.9 km of contact per km\u00b2 of drainage (little dilution)","Little Pennsylvanian sandstone upstream (16% of drainage) \u2014 fewer look-alike clasts","Steep slopes along the upstream contact (mean 32\u00b0) \u2014 active erosion/replenishment","Inside the KGS general Kentucky-agate area outline"],"negatives":["Nada/Renfro contact not drawn separately on this quadrangle","Steep reach (11.5%) \u2014 few bars; search pools, boulder lags and bank toes","Source channel is not in NHD \u2014 likely dry except after rain"],"evidence_quality":"B \u2014 verified contact inside KGS agate area; no measured section on this drainage","citation":"Geologic map of the Irvine quadrangle, Estill County, Kentucky | Harry P. Hoge, Perry Braswell Wigley, and Fred R. Shawe | 1976 (GQ-1285)","walk_start":[37.6599,-83.92548],"source_zone_end":[37.65246,-83.92329]}},{"type":"Feature","geometry":{"type":"Point","coordinates":[-83.7545,37.7989]},"properties":{"id":1906,"rank":22,"priority":"STRONG TARGET","score":78.7,"lat":37.7989,"lon":-83.7545,"county":"Powell","quad":"Stanton","gq":"GQ-1182","stream":"Unnamed hollow head, tributary to Gladie Branch","channel":"hollow head","nhd":"not in NHD \u2014 DEM-derived channel (likely ephemeral hollow)","contact_class":"VERIFIED TARGET CONTACT (combined-unit top)","geo_conf":"Moderate-high","line_symbol":"Mbna","polygon_pair":"Mb|Msla","contact_style":"SECONDARY","unit_below":"Renfro and Nada Members, undivided (Mbrn) \u2014 digital polygon Mb","unit_above":"St. Louis Limestone Member of Newman/Slade (Msla) above the combined Renfro+Nada unit (Mbrn)","interpretation":"Top of mapped Renfro+Nada unit (Mbrn), GQ-1182. Renfro commonly about 5 ft thick, so the target contact lies a few feet below this line.","facies":"Northeast part of the belt: Renfro thin (GQ legends: ~5\u201310 ft in Powell County) and mapped with the Nada; the Nada/Renfro contact lies only a few feet to ~10 m below the mapped line. Historic collecting centre (Irvine\u2013Estill\u2013Powell).","elev_m":294.0,"da_cross_km2":0.018,"L_prim_km":26.0,"DA_prim_km2":3.92,"density":6.64,"pen_pct":31.0,"contact_slope_deg":18.0,"relief_1km_m":190.0,"incision_m":32.0,"slope200_deg":20.6,"grad300_pct":15.0,"grad_prim_pct":6.8,"prim_len_m":1217.0,"ext_len_m":4015.0,"S":0.887,"D":0.89,"E":0.3,"I":0.794,"Tt":0.789,"Rg":1.0,"G":0.95,"dist_outline_km":0.0,"doc_nearest":"Section 95 - Drip Rock (KY-89 roadcut)","doc_nearest_km":29.0,"doc_on_reach":"","report_on_reach":"","fault_dist_m":2416.0,"shares_reach_with_rank":null,"reasons":["Mapped top of the Renfro+Nada unit; target contact lies a few feet to ~10 m lower in the same channel","Large source supply: 26.0 km of mapped target contact drains into the primary search reach","Concentrated source: 6.6 km of contact per km\u00b2 of drainage (little dilution)","Deeply incised channel at the contact (32 m below the \u00b1200 m mean surface)","Inside the KGS general Kentucky-agate area outline"],"negatives":["Nada/Renfro contact not drawn separately on this quadrangle","Source channel is not in NHD \u2014 likely dry except after rain"],"evidence_quality":"B \u2014 verified contact inside KGS agate area; no measured section on this drainage","citation":"Geologic map of the Stanton quadrangle, Powell and Estill Counties, Kentucky | Gordon Whitney Weir | 1974 (GQ-1182)","walk_start":[37.7954,-83.74388],"source_zone_end":[37.79837,-83.75374]}},{"type":"Feature","geometry":{"type":"Point","coordinates":[-83.8931,37.7847]},"properties":{"id":4558,"rank":23,"priority":"STRONG TARGET","score":78.6,"lat":37.7847,"lon":-83.8931,"county":"Powell","quad":"Clay City","gq":"GQ-663","stream":"Unnamed ravine / small hollow, tributary to Hardwick Creek","channel":"ravine / small hollow","nhd":"not in NHD \u2014 DEM-derived channel (likely ephemeral hollow)","contact_class":"VERIFIED TARGET CONTACT","geo_conf":"High","line_symbol":"Mb","polygon_pair":"Mb|Msla","contact_style":"CONTACT","unit_below":"Borden Fm","unit_above":"Renfro Member","interpretation":"Base of Renfro Member (Mbr) on Nada Member (Mbna); GQ-663 legend maps Mbr, Mbna and Mbc separately. The KGS digital line carries the generic symbol Mb because Renfro was merged into the Slade polygon.","facies":"Northeast part of the belt: Renfro thin (GQ legends: ~5\u201310 ft in Powell County) and mapped with the Nada; the Nada/Renfro contact lies only a few feet to ~10 m below the mapped line. Historic collecting centre (Irvine\u2013Estill\u2013Powell).","elev_m":326.0,"da_cross_km2":0.051,"L_prim_km":109.5,"DA_prim_km2":25.93,"density":4.22,"pen_pct":11.0,"contact_slope_deg":25.1,"relief_1km_m":187.0,"incision_m":13.0,"slope200_deg":20.5,"grad300_pct":27.4,"grad_prim_pct":10.0,"prim_len_m":1227.0,"ext_len_m":4020.0,"S":1.0,"D":0.67,"E":0.654,"I":0.548,"Tt":0.549,"Rg":1.0,"G":1.0,"dist_outline_km":0.0,"doc_nearest":"Section 95 - Drip Rock (KY-89 roadcut)","doc_nearest_km":21.7,"doc_on_reach":"","report_on_reach":"","fault_dist_m":175.0,"shares_reach_with_rank":null,"reasons":["Mapped Nada/Renfro contact on Clay City GQ (verified from the map legend)","Large source supply: 109.5 km of mapped target contact drains into the primary search reach","Little Pennsylvanian sandstone upstream (11% of drainage) \u2014 fewer look-alike clasts","Steep slopes along the upstream contact (mean 25\u00b0) \u2014 active erosion/replenishment","Inside the KGS general Kentucky-agate area outline","Mapped fault 175 m away (reported only, not scored)"],"negatives":["Steep reach (10.0%) \u2014 few bars; search pools, boulder lags and bank toes","Source channel is not in NHD \u2014 likely dry except after rain"],"evidence_quality":"B \u2014 verified contact inside KGS agate area; no measured section on this drainage","citation":"Geologic map of the Clay City quadrangle, Powell and Estill Counties, Kentucky | George Clarke Simmons | 1967 (GQ-663)","walk_start":[37.79297,-83.88727],"source_zone_end":[37.78537,-83.89281]}},{"type":"Feature","geometry":{"type":"Point","coordinates":[-83.8446,37.7242]},"properties":{"id":6020,"rank":24,"priority":"STRONG TARGET","score":78.6,"lat":37.7242,"lon":-83.8446,"county":"Estill","quad":"Cobhill","gq":"GQ-1347","stream":"Unnamed ravine / small hollow, tributary to Furnace Fork","channel":"ravine / small hollow","nhd":"not in NHD \u2014 DEM-derived channel (likely ephemeral hollow)","contact_class":"VERIFIED TARGET CONTACT (combined-unit top)","geo_conf":"Moderate-high","line_symbol":"Mbna","polygon_pair":"Mb|Msla","contact_style":"SECONDARY","unit_below":"Renfro and Nada Members, undivided (Mbrn) \u2014 digital polygon Mb","unit_above":"St. Louis Limestone Member of Newman/Slade (Msla) above the combined Renfro+Nada unit (Mbrn)","interpretation":"Top of mapped Renfro+Nada unit (Mbrn), GQ-1347.","facies":"Northeast part of the belt: Renfro thin (GQ legends: ~5\u201310 ft in Powell County) and mapped with the Nada; the Nada/Renfro contact lies only a few feet to ~10 m below the mapped line. Historic collecting centre (Irvine\u2013Estill\u2013Powell).","elev_m":310.0,"da_cross_km2":0.138,"L_prim_km":57.3,"DA_prim_km2":13.56,"density":4.23,"pen_pct":23.0,"contact_slope_deg":28.7,"relief_1km_m":177.0,"incision_m":25.0,"slope200_deg":19.6,"grad300_pct":25.9,"grad_prim_pct":8.5,"prim_len_m":1214.0,"ext_len_m":4018.0,"S":1.0,"D":0.647,"E":0.837,"I":0.657,"Tt":0.662,"Rg":1.0,"G":0.95,"dist_outline_km":0.0,"doc_nearest":"Section 95 - Drip Rock (KY-89 roadcut)","doc_nearest_km":17.6,"doc_on_reach":"","report_on_reach":"","fault_dist_m":4356.0,"shares_reach_with_rank":null,"reasons":["Mapped top of the Renfro+Nada unit; target contact lies a few feet to ~10 m lower in the same channel","Large source supply: 57.3 km of mapped target contact drains into the primary search reach","Steep slopes along the upstream contact (mean 29\u00b0) \u2014 active erosion/replenishment","Inside the KGS general Kentucky-agate area outline"],"negatives":["Nada/Renfro contact not drawn separately on this quadrangle","Steep reach (8.5%) \u2014 few bars; search pools, boulder lags and bank toes","Source channel is not in NHD \u2014 likely dry except after rain"],"evidence_quality":"B \u2014 verified contact inside KGS agate area; no measured section on this drainage","citation":"Geologic map of the Cobhill quadrangle, east-central Kentucky | Donald C. Haney | 1976 (GQ-1347)","walk_start":[37.71908,-83.85316],"source_zone_end":[37.72374,-83.84548]}},{"type":"Feature","geometry":{"type":"Point","coordinates":[-83.9699,37.6147]},"properties":{"id":1588,"rank":25,"priority":"STRONG TARGET","score":78.5,"lat":37.6147,"lon":-83.9699,"county":"Estill","quad":"Leighton","gq":"GQ-1495","stream":"Unnamed hollow head, tributary to Middle Fork Station Camp Creek","channel":"hollow head","nhd":"not in NHD \u2014 DEM-derived channel (likely ephemeral hollow)","contact_class":"VERIFIED TARGET CONTACT (combined-unit top)","geo_conf":"Moderate-high","line_symbol":"Mbna","polygon_pair":"Mb|Msla","contact_style":"SECONDARY","unit_below":"Renfro and Nada Members, undivided (Mbrn) \u2014 digital polygon Mb","unit_above":"St. Louis Limestone Member of Newman/Slade (Msla) above the combined Renfro+Nada unit (Mbrn)","interpretation":"Top of mapped Renfro+Nada unit (Mbrn), GQ-1495. Nada: greenish and grayish-red shale with mid-unit glauconitic seam and silty dolomite beds near top.","facies":"Along/east of the projected Locust Branch Fault trend: Renfro 6.3\u20139.7 m resting on Nada shale (Dever 1999, sections 88\u201395); brecciated dolomite with quartz bodies as far NE as Drip Rock; epigenetic Zn-Pb at Rock Lick Creek shows fluid flow on this trend.","elev_m":307.0,"da_cross_km2":0.016,"L_prim_km":96.0,"DA_prim_km2":24.9,"density":3.85,"pen_pct":45.0,"contact_slope_deg":30.9,"relief_1km_m":219.0,"incision_m":21.0,"slope200_deg":22.5,"grad300_pct":23.2,"grad_prim_pct":9.4,"prim_len_m":1208.0,"ext_len_m":2339.0,"S":1.0,"D":0.542,"E":0.945,"I":0.759,"Tt":0.596,"Rg":1.0,"G":0.95,"dist_outline_km":0.0,"doc_nearest":"Section 95 - Drip Rock (KY-89 roadcut)","doc_nearest_km":2.0,"doc_on_reach":"","report_on_reach":"Middle Fork Station Camp Creek","fault_dist_m":5509.0,"shares_reach_with_rank":null,"reasons":["Mapped top of the Renfro+Nada unit; target contact lies a few feet to ~10 m lower in the same channel","Large source supply: 96.0 km of mapped target contact drains into the primary search reach","Steep slopes along the upstream contact (mean 31\u00b0) \u2014 active erosion/replenishment","Inside the KGS general Kentucky-agate area outline","2.0 km from documented locality: Section 95 - Drip Rock (KY-89 roadcut)"],"negatives":["Nada/Renfro contact not drawn separately on this quadrangle","Steep reach (9.4%) \u2014 few bars; search pools, boulder lags and bank toes","Source channel is not in NHD \u2014 likely dry except after rain"],"evidence_quality":"B \u2014 verified contact inside KGS agate area; no measured section on this drainage","citation":"Geologic map of the Leighton quadrangle, east-central Kentucky | Donald C. Haney and Charles L. Rice | 1978 (GQ-1495)","walk_start":[37.61024,-83.96286],"source_zone_end":[37.61422,-83.97063]}},{"type":"Feature","geometry":{"type":"Point","coordinates":[-83.9247,37.7223]},"properties":{"id":20,"rank":26,"priority":"STRONG TARGET","score":78.4,"lat":37.7223,"lon":-83.9247,"county":"Estill","quad":"Irvine","gq":"GQ-1285","stream":"Unnamed hollow head, tributary to Tickey Fork","channel":"hollow head","nhd":"not in NHD \u2014 DEM-derived channel (likely ephemeral hollow)","contact_class":"VERIFIED TARGET CONTACT (combined-unit top)","geo_conf":"Moderate-high","line_symbol":"Mbna","polygon_pair":"Mb|Msla","contact_style":"SECONDARY","unit_below":"Renfro and Nada Members, undivided (Mbrn) \u2014 digital polygon Mb","unit_above":"St. Louis Limestone Member of Newman/Slade (Msla) above the combined Renfro+Nada unit (Mbrn)","interpretation":"Top of mapped Renfro+Nada unit (Mbrn), GQ-1285. The Nada/Renfro contact itself is not drawn; it lies one Renfro thickness below this line (Renfro thickest NE, thinnest near Wagersville).","facies":"Northeast part of the belt: Renfro thin (GQ legends: ~5\u201310 ft in Powell County) and mapped with the Nada; the Nada/Renfro contact lies only a few feet to ~10 m below the mapped line. Historic collecting centre (Irvine\u2013Estill\u2013Powell).","elev_m":350.0,"da_cross_km2":0.01,"L_prim_km":51.9,"DA_prim_km2":13.35,"density":3.89,"pen_pct":14.0,"contact_slope_deg":33.4,"relief_1km_m":219.0,"incision_m":20.0,"slope200_deg":18.1,"grad300_pct":28.2,"grad_prim_pct":12.4,"prim_len_m":1219.0,"ext_len_m":4026.0,"S":1.0,"D":0.616,"E":1.0,"I":0.749,"Tt":0.4,"Rg":1.0,"G":0.95,"dist_outline_km":0.0,"doc_nearest":"Section 95 - Drip Rock (KY-89 roadcut)","doc_nearest_km":14.3,"doc_on_reach":"","report_on_reach":"","fault_dist_m":148.0,"shares_reach_with_rank":null,"reasons":["Mapped top of the Renfro+Nada unit; target contact lies a few feet to ~10 m lower in the same channel","Large source supply: 51.9 km of mapped target contact drains into the primary search reach","Little Pennsylvanian sandstone upstream (14% of drainage) \u2014 fewer look-alike clasts","Steep slopes along the upstream contact (mean 33\u00b0) \u2014 active erosion/replenishment","Inside the KGS general Kentucky-agate area outline","Mapped fault 148 m away (reported only, not scored)"],"negatives":["Nada/Renfro contact not drawn separately on this quadrangle","Steep reach (12.4%) \u2014 few bars; search pools, boulder lags and bank toes","Source channel is not in NHD \u2014 likely dry except after rain"],"evidence_quality":"B \u2014 verified contact inside KGS agate area; no measured section on this drainage","citation":"Geologic map of the Irvine quadrangle, Estill County, Kentucky | Harry P. Hoge, Perry Braswell Wigley, and Fred R. Shawe | 1976 (GQ-1285)","walk_start":[37.7157,-83.91591],"source_zone_end":[37.72187,-83.9245]}},{"type":"Feature","geometry":{"type":"Point","coordinates":[-83.8849,37.7149]},"properties":{"id":5806,"rank":27,"priority":"STRONG TARGET","score":78.4,"lat":37.7149,"lon":-83.8849,"county":"Estill","quad":"Irvine","gq":"GQ-1285","stream":"Unnamed ravine / small hollow, tributary to Cow Creek","channel":"ravine / small hollow","nhd":"not in NHD \u2014 DEM-derived channel (likely ephemeral hollow)","contact_class":"VERIFIED TARGET CONTACT (combined-unit top)","geo_conf":"Moderate-high","line_symbol":"Mbna","polygon_pair":"Mb|Msla","contact_style":"SECONDARY","unit_below":"Renfro and Nada Members, undivided (Mbrn) \u2014 digital polygon Mb","unit_above":"St. Louis Limestone Member of Newman/Slade (Msla) above the combined Renfro+Nada unit (Mbrn)","interpretation":"Top of mapped Renfro+Nada unit (Mbrn), GQ-1285. The Nada/Renfro contact itself is not drawn; it lies one Renfro thickness below this line (Renfro thickest NE, thinnest near Wagersville).","facies":"Northeast part of the belt: Renfro thin (GQ legends: ~5\u201310 ft in Powell County) and mapped with the Nada; the Nada/Renfro contact lies only a few feet to ~10 m below the mapped line. Historic collecting centre (Irvine\u2013Estill\u2013Powell).","elev_m":333.0,"da_cross_km2":0.116,"L_prim_km":43.7,"DA_prim_km2":13.04,"density":3.35,"pen_pct":26.0,"contact_slope_deg":31.8,"relief_1km_m":203.0,"incision_m":30.0,"slope200_deg":19.3,"grad300_pct":25.9,"grad_prim_pct":10.3,"prim_len_m":1224.0,"ext_len_m":4009.0,"S":1.0,"D":0.508,"E":0.991,"I":0.814,"Tt":0.526,"Rg":1.0,"G":0.95,"dist_outline_km":0.0,"doc_nearest":"Section 95 - Drip Rock (KY-89 roadcut)","doc_nearest_km":14.8,"doc_on_reach":"","report_on_reach":"","fault_dist_m":3231.0,"shares_reach_with_rank":null,"reasons":["Mapped top of the Renfro+Nada unit; target contact lies a few feet to ~10 m lower in the same channel","Large source supply: 43.7 km of mapped target contact drains into the primary search reach","Steep slopes along the upstream contact (mean 32\u00b0) \u2014 active erosion/replenishment","Deeply incised channel at the contact (30 m below the \u00b1200 m mean surface)","Inside the KGS general Kentucky-agate area outline"],"negatives":["Nada/Renfro contact not drawn separately on this quadrangle","Steep reach (10.3%) \u2014 few bars; search pools, boulder lags and bank toes","Source channel is not in NHD \u2014 likely dry except after rain"],"evidence_quality":"B \u2014 verified contact inside KGS agate area; no measured section on this drainage","citation":"Geologic map of the Irvine quadrangle, Estill County, Kentucky | Harry P. Hoge, Perry Braswell Wigley, and Fred R. Shawe | 1976 (GQ-1285)","walk_start":[37.71641,-83.89501],"source_zone_end":[37.71508,-83.88577]}},{"type":"Feature","geometry":{"type":"Point","coordinates":[-83.868,37.7079]},"properties":{"id":2424,"rank":28,"priority":"STRONG TARGET","score":78.2,"lat":37.7079,"lon":-83.868,"county":"Estill","quad":"Cobhill","gq":"GQ-1347","stream":"Unnamed hollow head, tributary to Furnace Fork","channel":"hollow head","nhd":"not in NHD \u2014 DEM-derived channel (likely ephemeral hollow)","contact_class":"VERIFIED TARGET CONTACT (combined-unit top)","geo_conf":"Moderate-high","line_symbol":"Mbna","polygon_pair":"Mb|Msla","contact_style":"SECONDARY","unit_below":"Renfro and Nada Members, undivided (Mbrn) \u2014 digital polygon Mb","unit_above":"St. Louis Limestone Member of Newman/Slade (Msla) above the combined Renfro+Nada unit (Mbrn)","interpretation":"Top of mapped Renfro+Nada unit (Mbrn), GQ-1347.","facies":"Northeast part of the belt: Renfro thin (GQ legends: ~5\u201310 ft in Powell County) and mapped with the Nada; the Nada/Renfro contact lies only a few feet to ~10 m below the mapped line. Historic collecting centre (Irvine\u2013Estill\u2013Powell).","elev_m":320.0,"da_cross_km2":0.021,"L_prim_km":81.2,"DA_prim_km2":18.36,"density":4.42,"pen_pct":24.0,"contact_slope_deg":29.8,"relief_1km_m":189.0,"incision_m":19.0,"slope200_deg":18.8,"grad300_pct":30.7,"grad_prim_pct":9.9,"prim_len_m":1222.0,"ext_len_m":4020.0,"S":1.0,"D":0.675,"E":0.891,"I":0.623,"Tt":0.559,"Rg":1.0,"G":0.95,"dist_outline_km":0.0,"doc_nearest":"Section 95 - Drip Rock (KY-89 roadcut)","doc_nearest_km":14.9,"doc_on_reach":"","report_on_reach":"","fault_dist_m":4882.0,"shares_reach_with_rank":null,"reasons":["Mapped top of the Renfro+Nada unit; target contact lies a few feet to ~10 m lower in the same channel","Large source supply: 81.2 km of mapped target contact drains into the primary search reach","Steep slopes along the upstream contact (mean 30\u00b0) \u2014 active erosion/replenishment","Inside the KGS general Kentucky-agate area outline"],"negatives":["Nada/Renfro contact not drawn separately on this quadrangle","Steep reach (9.9%) \u2014 few bars; search pools, boulder lags and bank toes","Source channel is not in NHD \u2014 likely dry except after rain"],"evidence_quality":"B \u2014 verified contact inside KGS agate area; no measured section on this drainage","citation":"Geologic map of the Cobhill quadrangle, east-central Kentucky | Donald C. Haney | 1976 (GQ-1347)","walk_start":[37.70697,-83.85844],"source_zone_end":[37.70828,-83.86723]}},{"type":"Feature","geometry":{"type":"Point","coordinates":[-84.099,37.5672]},"properties":{"id":3805,"rank":29,"priority":"STRONG TARGET","score":78.2,"lat":37.5672,"lon":-84.099,"county":"Madison","quad":"Alcorn","gq":"GQ-963","stream":"Unnamed hollow head, tributary to Long Branch","channel":"hollow head","nhd":"not in NHD \u2014 DEM-derived channel (likely ephemeral hollow)","contact_class":"VERIFIED TARGET CONTACT","geo_conf":"High","line_symbol":"Mbna","polygon_pair":"Mb|Msla","contact_style":"CONTACT","unit_below":"Nada Member (Mbna), Borden Fm","unit_above":"Renfro Member (mapped Mbr on the GQ; merged into Slade Fm polygon Msla in KGS digital data)","interpretation":"Base of Renfro Member (Mbr) on top of Nada Member (Mbna). GQ-963 maps Renfro separately; KGS digital compilation merged Renfro into the Slade Formation polygon (Msla), so this line is the mapped Nada/Renfro contact.","facies":"Along/east of the projected Locust Branch Fault trend: Renfro 6.3\u20139.7 m resting on Nada shale (Dever 1999, sections 88\u201395); brecciated dolomite with quartz bodies as far NE as Drip Rock; epigenetic Zn-Pb at Rock Lick Creek shows fluid flow on this trend.","elev_m":340.0,"da_cross_km2":0.035,"L_prim_km":35.6,"DA_prim_km2":9.01,"density":3.95,"pen_pct":37.0,"contact_slope_deg":25.7,"relief_1km_m":227.0,"incision_m":17.0,"slope200_deg":25.2,"grad300_pct":32.8,"grad_prim_pct":10.7,"prim_len_m":1217.0,"ext_len_m":2011.0,"S":0.969,"D":0.573,"E":0.686,"I":0.707,"Tt":0.501,"Rg":1.0,"G":1.0,"dist_outline_km":0.0,"doc_nearest":"Section 87 - Owsley Fork","doc_nearest_km":5.7,"doc_on_reach":"","report_on_reach":"","fault_dist_m":4188.0,"shares_reach_with_rank":null,"reasons":["Mapped Nada/Renfro contact on Alcorn GQ (verified from the map legend)","Large source supply: 35.6 km of mapped target contact drains into the primary search reach","Steep slopes along the upstream contact (mean 26\u00b0) \u2014 active erosion/replenishment","Inside the KGS general Kentucky-agate area outline"],"negatives":["Steep reach (10.7%) \u2014 few bars; search pools, boulder lags and bank toes","Source channel is not in NHD \u2014 likely dry except after rain"],"evidence_quality":"B \u2014 verified contact inside KGS agate area; no measured section on this drainage","citation":"Geologic map of the Alcorn quadrangle, east-central Kentucky | Charles L. Rice | 1972 (GQ-963)","walk_start":[37.57689,-84.09849],"source_zone_end":[37.56807,-84.09906]}},{"type":"Feature","geometry":{"type":"Point","coordinates":[-84.2579,37.5149]},"properties":{"id":1321,"rank":30,"priority":"STRONG TARGET","score":78.0,"lat":37.5149,"lon":-84.2579,"county":"Rockcastle","quad":"Berea","gq":"GQ-649","stream":"Unnamed hollow head, tributary to Davis Branch","channel":"hollow head","nhd":"not in NHD \u2014 DEM-derived channel (likely ephemeral hollow)","contact_class":"VERIFIED TARGET CONTACT","geo_conf":"High","line_symbol":"Mbna","polygon_pair":"Mb|Msla","contact_style":"CONTACT","unit_below":"Nada Member (Mbna), Borden Fm","unit_above":"Renfro Member (mapped Mbr on the GQ; merged into Slade Fm polygon Msla in KGS digital data)","interpretation":"Base of Renfro Member (Mbr) on top of Nada Member (Mbna), GQ-649. Glauconitic clayey siltstone seam (to 0.2 ft) marks top of Nada.","facies":"West of the projected Locust Branch Fault trend: thick Renfro (16.7\u201317.5 m) with a cherty, geodiferous basal dolomite 1.5\u20135 m thick (Dever 1999, sections 83, 87); silica (chalcedony+quartz) geodes replacing upper Nada dolostone at KSPG Stop 6B.","elev_m":401.0,"da_cross_km2":0.015,"L_prim_km":12.8,"DA_prim_km2":1.28,"density":9.98,"pen_pct":3.0,"contact_slope_deg":17.7,"relief_1km_m":140.0,"incision_m":28.0,"slope200_deg":19.5,"grad300_pct":7.8,"grad_prim_pct":4.9,"prim_len_m":1214.0,"ext_len_m":4013.0,"S":0.707,"D":0.988,"E":0.286,"I":0.563,"Tt":0.932,"Rg":1.0,"G":1.0,"dist_outline_km":0.0,"doc_nearest":"KSPG 2013 Stop 6B - Bighill roadcut, US-421","doc_nearest_km":4.4,"doc_on_reach":"","report_on_reach":"","fault_dist_m":8577.0,"shares_reach_with_rank":null,"reasons":["Mapped Nada/Renfro contact on Berea GQ (verified from the map legend)","Concentrated source: 10.0 km of contact per km\u00b2 of drainage (little dilution)","Little Pennsylvanian sandstone upstream (3% of drainage) \u2014 fewer look-alike clasts","Inside the KGS general Kentucky-agate area outline"],"negatives":["Source channel is not in NHD \u2014 likely dry except after rain"],"evidence_quality":"A \u2014 verified contact, documented technical locality within 5 km in the same facies belt","citation":"Geologic map of the Berea quadrangle, east-central Kentucky | Gordon Whitney Weir | 1967 (GQ-649)","walk_start":[37.50728,-84.26271],"source_zone_end":[37.51531,-84.25925]}},{"type":"Feature","geometry":{"type":"Point","coordinates":[-84.0314,37.6306]},"properties":{"id":878,"rank":31,"priority":"STRONG TARGET","score":78.0,"lat":37.6306,"lon":-84.0314,"county":"Estill","quad":"Panola","gq":"GQ-686","stream":"Unnamed hollow head, tributary to Jenkins Branch","channel":"hollow head","nhd":"not in NHD \u2014 DEM-derived channel (likely ephemeral hollow)","contact_class":"VERIFIED TARGET CONTACT","geo_conf":"High","line_symbol":"Mbnc","polygon_pair":"Mb|Msla","contact_style":"CONTACT","unit_below":"Nada and Cowbell Members, undivided (Mbnc), Borden Fm","unit_above":"Renfro Member (Mbr on GQ-686)","interpretation":"Base of Renfro Member (Mbr) on top of combined Nada and Cowbell Members (Mbnc), GQ-686. Upper edge of Mbnc is the top of the Nada.","facies":"Along/east of the projected Locust Branch Fault trend: Renfro 6.3\u20139.7 m resting on Nada shale (Dever 1999, sections 88\u201395); brecciated dolomite with quartz bodies as far NE as Drip Rock; epigenetic Zn-Pb at Rock Lick Creek shows fluid flow on this trend.","elev_m":350.0,"da_cross_km2":0.014,"L_prim_km":8.7,"DA_prim_km2":1.58,"density":5.5,"pen_pct":14.0,"contact_slope_deg":29.9,"relief_1km_m":210.0,"incision_m":25.0,"slope200_deg":21.3,"grad300_pct":26.1,"grad_prim_pct":11.0,"prim_len_m":1217.0,"ext_len_m":2759.0,"S":0.612,"D":0.871,"E":0.895,"I":0.776,"Tt":0.472,"Rg":1.0,"G":1.0,"dist_outline_km":0.0,"doc_nearest":"Section 95 - Drip Rock (KY-89 roadcut)","doc_nearest_km":7.0,"doc_on_reach":"","report_on_reach":"","fault_dist_m":750.0,"shares_reach_with_rank":null,"reasons":["Mapped Nada/Renfro contact on Panola GQ (verified from the map legend)","Concentrated source: 5.5 km of contact per km\u00b2 of drainage (little dilution)","Little Pennsylvanian sandstone upstream (14% of drainage) \u2014 fewer look-alike clasts","Steep slopes along the upstream contact (mean 30\u00b0) \u2014 active erosion/replenishment","Inside the KGS general Kentucky-agate area outline"],"negatives":["Steep reach (11.0%) \u2014 few bars; search pools, boulder lags and bank toes","Source channel is not in NHD \u2014 likely dry except after rain"],"evidence_quality":"B \u2014 verified contact inside KGS agate area; no measured section on this drainage","citation":"Geologic map of the Panola quadrangle, Estill and Madison Counties, Kentucky | Robert C. Greene | 1968 (GQ-686)","walk_start":[37.62153,-84.03128],"source_zone_end":[37.63017,-84.03093]}},{"type":"Feature","geometry":{"type":"Point","coordinates":[-84.1802,37.5551]},"properties":{"id":3184,"rank":32,"priority":"STRONG TARGET","score":78.0,"lat":37.5551,"lon":-84.1802,"county":"Madison","quad":"Bighill","gq":"GQ-900","stream":"Unnamed hollow head, tributary to Owsley Fork","channel":"hollow head","nhd":"not in NHD \u2014 DEM-derived channel (likely ephemeral hollow)","contact_class":"VERIFIED TARGET CONTACT","geo_conf":"High","line_symbol":"Mbna","polygon_pair":"Mb|Msla","contact_style":"CONTACT","unit_below":"Nada Member (Mbna), Borden Fm","unit_above":"Renfro Member (mapped Mbr on the GQ; merged into Slade Fm polygon Msla in KGS digital data)","interpretation":"Base of Renfro Member (Mbr) on top of Nada Member (Mbna), GQ-900.","facies":"West of the projected Locust Branch Fault trend: thick Renfro (16.7\u201317.5 m) with a cherty, geodiferous basal dolomite 1.5\u20135 m thick (Dever 1999, sections 83, 87); silica (chalcedony+quartz) geodes replacing upper Nada dolostone at KSPG Stop 6B.","elev_m":366.0,"da_cross_km2":0.027,"L_prim_km":59.3,"DA_prim_km2":21.63,"density":2.74,"pen_pct":14.0,"contact_slope_deg":31.5,"relief_1km_m":222.0,"incision_m":12.0,"slope200_deg":20.2,"grad300_pct":28.4,"grad_prim_pct":11.1,"prim_len_m":1224.0,"ext_len_m":4015.0,"S":1.0,"D":0.434,"E":0.975,"I":0.654,"Tt":0.47,"Rg":1.0,"G":1.0,"dist_outline_km":0.0,"doc_nearest":"Section 83 - Bighill (US-421 roadcut)","doc_nearest_km":3.2,"doc_on_reach":"","report_on_reach":"","fault_dist_m":5550.0,"shares_reach_with_rank":null,"reasons":["Mapped Nada/Renfro contact on Bighill GQ (verified from the map legend)","Large source supply: 59.3 km of mapped target contact drains into the primary search reach","Little Pennsylvanian sandstone upstream (14% of drainage) \u2014 fewer look-alike clasts","Steep slopes along the upstream contact (mean 32\u00b0) \u2014 active erosion/replenishment","Inside the KGS general Kentucky-agate area outline"],"negatives":["Steep reach (11.1%) \u2014 few bars; search pools, boulder lags and bank toes","Source channel is not in NHD \u2014 likely dry except after rain"],"evidence_quality":"A \u2014 verified contact, documented technical locality within 5 km in the same facies belt","citation":"Geologic map of the Bighill quadrangle, east-central Kentucky | Gordon Whitney Weir, K. Y. Lee, and P.E. Cassity | 1971 (GQ-900)","walk_start":[37.56045,-84.18628],"source_zone_end":[37.55528,-84.18082]}},{"type":"Feature","geometry":{"type":"Point","coordinates":[-84.037,37.5362]},"properties":{"id":452,"rank":33,"priority":"STRONG TARGET","score":77.9,"lat":37.5362,"lon":-84.037,"county":"Jackson","quad":"Alcorn","gq":"GQ-963","stream":"Unnamed hollow head, tributary to Rock Lick Creek","channel":"hollow head","nhd":"intermittent (NHD)","contact_class":"VERIFIED TARGET CONTACT","geo_conf":"High","line_symbol":"Mbna","polygon_pair":"Mb|Msla","contact_style":"CONTACT","unit_below":"Nada Member (Mbna), Borden Fm","unit_above":"Renfro Member (mapped Mbr on the GQ; merged into Slade Fm polygon Msla in KGS digital data)","interpretation":"Base of Renfro Member (Mbr) on top of Nada Member (Mbna). GQ-963 maps Renfro separately; KGS digital compilation merged Renfro into the Slade Formation polygon (Msla), so this line is the mapped Nada/Renfro contact.","facies":"Along/east of the projected Locust Branch Fault trend: Renfro 6.3\u20139.7 m resting on Nada shale (Dever 1999, sections 88\u201395); brecciated dolomite with quartz bodies as far NE as Drip Rock; epigenetic Zn-Pb at Rock Lick Creek shows fluid flow on this trend.","elev_m":303.0,"da_cross_km2":0.012,"L_prim_km":50.8,"DA_prim_km2":35.97,"density":1.41,"pen_pct":71.0,"contact_slope_deg":26.7,"relief_1km_m":176.0,"incision_m":38.0,"slope200_deg":22.4,"grad300_pct":11.0,"grad_prim_pct":3.9,"prim_len_m":1219.0,"ext_len_m":3065.0,"S":1.0,"D":0.158,"E":0.736,"I":0.824,"Tt":1.0,"Rg":1.0,"G":1.0,"dist_outline_km":0.0,"doc_nearest":"Section 89 - Rock Lick Creek ('Platinum Mine' prospect)","doc_nearest_km":0.7,"doc_on_reach":"Section 89 - Rock Lick Creek ('Platinum Mine' prospect)","report_on_reach":"Rock Lick Creek, South Fork Station Camp Creek","fault_dist_m":9029.0,"shares_reach_with_rank":null,"reasons":["Mapped Nada/Renfro contact on Alcorn GQ (verified from the map legend)","Large source supply: 50.8 km of mapped target contact drains into the primary search reach","Steep slopes along the upstream contact (mean 27\u00b0) \u2014 active erosion/replenishment","Deeply incised channel at the contact (38 m below the \u00b1200 m mean surface)","Moderate reach gradient (3.9%) \u2014 gravel bars likely","Inside the KGS general Kentucky-agate area outline","0.7 km from documented locality: Section 89 - Rock Lick Creek ('Platinum Mine' prospect)"],"negatives":["Diluted: only 1.4 km contact per km\u00b2 drainage","71% of drainage is Pennsylvanian sandstone/conglomerate \u2014 abundant non-target gravel"],"evidence_quality":"A \u2014 verified contact, documented technical locality within 5 km in the same facies belt","citation":"Geologic map of the Alcorn quadrangle, east-central Kentucky | Charles L. Rice | 1972 (GQ-963)","walk_start":[37.53888,-84.02686],"source_zone_end":[37.53676,-84.03577]}},{"type":"Feature","geometry":{"type":"Point","coordinates":[-83.9876,37.6019]},"properties":{"id":5535,"rank":34,"priority":"STRONG TARGET","score":77.9,"lat":37.6019,"lon":-83.9876,"county":"Estill","quad":"Leighton","gq":"GQ-1495","stream":"Unnamed ravine / small hollow, tributary to Middle Fork Station Camp Creek","channel":"ravine / small hollow","nhd":"not in NHD \u2014 DEM-derived channel (likely ephemeral hollow)","contact_class":"VERIFIED TARGET CONTACT (combined-unit top)","geo_conf":"Moderate-high","line_symbol":"Mbna","polygon_pair":"Mb|Msla","contact_style":"SECONDARY","unit_below":"Renfro and Nada Members, undivided (Mbrn) \u2014 digital polygon Mb","unit_above":"St. Louis Limestone Member of Newman/Slade (Msla) above the combined Renfro+Nada unit (Mbrn)","interpretation":"Top of mapped Renfro+Nada unit (Mbrn), GQ-1495. Nada: greenish and grayish-red shale with mid-unit glauconitic seam and silty dolomite beds near top.","facies":"Along/east of the projected Locust Branch Fault trend: Renfro 6.3\u20139.7 m resting on Nada shale (Dever 1999, sections 88\u201395); brecciated dolomite with quartz bodies as far NE as Drip Rock; epigenetic Zn-Pb at Rock Lick Creek shows fluid flow on this trend.","elev_m":315.0,"da_cross_km2":0.093,"L_prim_km":66.5,"DA_prim_km2":18.36,"density":3.62,"pen_pct":49.0,"contact_slope_deg":30.2,"relief_1km_m":192.0,"incision_m":31.0,"slope200_deg":20.0,"grad300_pct":15.7,"grad_prim_pct":9.2,"prim_len_m":1228.0,"ext_len_m":4015.0,"S":1.0,"D":0.501,"E":0.911,"I":0.781,"Tt":0.61,"Rg":1.0,"G":0.95,"dist_outline_km":0.0,"doc_nearest":"Section 95 - Drip Rock (KY-89 roadcut)","doc_nearest_km":2.1,"doc_on_reach":"","report_on_reach":"Middle Fork Station Camp Creek","fault_dist_m":4561.0,"shares_reach_with_rank":null,"reasons":["Mapped top of the Renfro+Nada unit; target contact lies a few feet to ~10 m lower in the same channel","Large source supply: 66.5 km of mapped target contact drains into the primary search reach","Steep slopes along the upstream contact (mean 30\u00b0) \u2014 active erosion/replenishment","Deeply incised channel at the contact (31 m below the \u00b1200 m mean surface)","Inside the KGS general Kentucky-agate area outline","2.1 km from documented locality: Section 95 - Drip Rock (KY-89 roadcut)"],"negatives":["Nada/Renfro contact not drawn separately on this quadrangle","Steep reach (9.2%) \u2014 few bars; search pools, boulder lags and bank toes","Source channel is not in NHD \u2014 likely dry except after rain"],"evidence_quality":"B \u2014 verified contact inside KGS agate area; no measured section on this drainage","citation":"Geologic map of the Leighton quadrangle, east-central Kentucky | Donald C. Haney and Charles L. Rice | 1978 (GQ-1495)","walk_start":[37.60082,-83.97502],"source_zone_end":[37.60184,-83.98676]}},{"type":"Feature","geometry":{"type":"Point","coordinates":[-84.1631,37.5511]},"properties":{"id":6284,"rank":35,"priority":"STRONG TARGET","score":77.8,"lat":37.5511,"lon":-84.1631,"county":"Jackson","quad":"Bighill","gq":"GQ-900","stream":"Unnamed ravine / small hollow, tributary to Floyd Branch","channel":"ravine / small hollow","nhd":"not in NHD \u2014 DEM-derived channel (likely ephemeral hollow)","contact_class":"VERIFIED TARGET CONTACT","geo_conf":"High","line_symbol":"Mbna","polygon_pair":"Mb|Msla","contact_style":"CONTACT","unit_below":"Nada Member (Mbna), Borden Fm","unit_above":"Renfro Member (mapped Mbr on the GQ; merged into Slade Fm polygon Msla in KGS digital data)","interpretation":"Base of Renfro Member (Mbr) on top of Nada Member (Mbna), GQ-900.","facies":"West of the projected Locust Branch Fault trend: thick Renfro (16.7\u201317.5 m) with a cherty, geodiferous basal dolomite 1.5\u20135 m thick (Dever 1999, sections 83, 87); silica (chalcedony+quartz) geodes replacing upper Nada dolostone at KSPG Stop 6B.","elev_m":348.0,"da_cross_km2":0.184,"L_prim_km":10.0,"DA_prim_km2":2.39,"density":4.18,"pen_pct":9.0,"contact_slope_deg":27.7,"relief_1km_m":218.0,"incision_m":31.0,"slope200_deg":19.5,"grad300_pct":19.4,"grad_prim_pct":7.8,"prim_len_m":1214.0,"ext_len_m":4023.0,"S":0.646,"D":0.674,"E":0.784,"I":0.881,"Tt":0.714,"Rg":1.0,"G":1.0,"dist_outline_km":0.0,"doc_nearest":"Section 83 - Bighill (US-421 roadcut)","doc_nearest_km":3.7,"doc_on_reach":"","report_on_reach":"","fault_dist_m":6264.0,"shares_reach_with_rank":null,"reasons":["Mapped Nada/Renfro contact on Bighill GQ (verified from the map legend)","Little Pennsylvanian sandstone upstream (9% of drainage) \u2014 fewer look-alike clasts","Steep slopes along the upstream contact (mean 28\u00b0) \u2014 active erosion/replenishment","Deeply incised channel at the contact (31 m below the \u00b1200 m mean surface)","Inside the KGS general Kentucky-agate area outline"],"negatives":["Source channel is not in NHD \u2014 likely dry except after rain"],"evidence_quality":"A \u2014 verified contact, documented technical locality within 5 km in the same facies belt","citation":"Geologic map of the Bighill quadrangle, east-central Kentucky | Gordon Whitney Weir, K. Y. Lee, and P.E. Cassity | 1971 (GQ-900)","walk_start":[37.56041,-84.16183],"source_zone_end":[37.55198,-84.16351]}},{"type":"Feature","geometry":{"type":"Point","coordinates":[-84.2263,37.4861]},"properties":{"id":4014,"rank":36,"priority":"STRONG TARGET","score":77.6,"lat":37.4861,"lon":-84.2263,"county":"Rockcastle","quad":"Johnetta","gq":"GQ-685","stream":"Unnamed hollow head, tributary to Anglin Fork","channel":"hollow head","nhd":"not in NHD \u2014 DEM-derived channel (likely ephemeral hollow)","contact_class":"VERIFIED TARGET CONTACT","geo_conf":"High","line_symbol":"Mbna","polygon_pair":"Mb|Mbr","contact_style":"CONTACT","unit_below":"Nada Member (Mbna), Borden Fm","unit_above":"Renfro Member (Mbr)","interpretation":"Base of Renfro Member (Mbr) on Nada Member (Mbna), GQ-685.","facies":"West of the projected Locust Branch Fault trend: thick Renfro (16.7\u201317.5 m) with a cherty, geodiferous basal dolomite 1.5\u20135 m thick (Dever 1999, sections 83, 87); silica (chalcedony+quartz) geodes replacing upper Nada dolostone at KSPG Stop 6B.","elev_m":369.0,"da_cross_km2":0.039,"L_prim_km":17.9,"DA_prim_km2":5.14,"density":3.47,"pen_pct":39.0,"contact_slope_deg":24.1,"relief_1km_m":159.0,"incision_m":43.0,"slope200_deg":23.1,"grad300_pct":11.2,"grad_prim_pct":3.7,"prim_len_m":1209.0,"ext_len_m":4000.0,"S":0.791,"D":0.501,"E":0.607,"I":0.781,"Tt":1.0,"Rg":1.0,"G":1.0,"dist_outline_km":0.0,"doc_nearest":"KSPG 2013 Stop 6B - Bighill roadcut, US-421","doc_nearest_km":4.9,"doc_on_reach":"","report_on_reach":"","fault_dist_m":12002.0,"shares_reach_with_rank":null,"reasons":["Mapped Nada/Renfro contact on Johnetta GQ (verified from the map legend)","Deeply incised channel at the contact (43 m below the \u00b1200 m mean surface)","Moderate reach gradient (3.7%) \u2014 gravel bars likely","Inside the KGS general Kentucky-agate area outline"],"negatives":["Source channel is not in NHD \u2014 likely dry except after rain"],"evidence_quality":"A \u2014 verified contact, documented technical locality within 5 km in the same facies belt","citation":"Geologic map of the Johnetta quadrangle, Rockcastle and Jackson Counties, Kentucky | James Louis Gualtieri | 1968 (GQ-685)","walk_start":[37.48962,-84.23146],"source_zone_end":[37.48641,-84.22547]}},{"type":"Feature","geometry":{"type":"Point","coordinates":[-84.0682,37.6083]},"properties":{"id":1309,"rank":37,"priority":"STRONG TARGET","score":77.5,"lat":37.6083,"lon":-84.0682,"county":"Estill","quad":"Alcorn","gq":"GQ-963","stream":"Unnamed hollow head, tributary to Horns River","channel":"hollow head","nhd":"not in NHD \u2014 DEM-derived channel (likely ephemeral hollow)","contact_class":"VERIFIED TARGET CONTACT","geo_conf":"High","line_symbol":"Mbna","polygon_pair":"Mb|Msla","contact_style":"CONTACT","unit_below":"Nada Member (Mbna), Borden Fm","unit_above":"Renfro Member (mapped Mbr on the GQ; merged into Slade Fm polygon Msla in KGS digital data)","interpretation":"Base of Renfro Member (Mbr) on top of Nada Member (Mbna). GQ-963 maps Renfro separately; KGS digital compilation merged Renfro into the Slade Formation polygon (Msla), so this line is the mapped Nada/Renfro contact.","facies":"Along/east of the projected Locust Branch Fault trend: Renfro 6.3\u20139.7 m resting on Nada shale (Dever 1999, sections 88\u201395); brecciated dolomite with quartz bodies as far NE as Drip Rock; epigenetic Zn-Pb at Rock Lick Creek shows fluid flow on this trend.","elev_m":345.0,"da_cross_km2":0.015,"L_prim_km":17.2,"DA_prim_km2":3.68,"density":4.67,"pen_pct":2.0,"contact_slope_deg":26.0,"relief_1km_m":197.0,"incision_m":21.0,"slope200_deg":19.5,"grad300_pct":29.7,"grad_prim_pct":10.3,"prim_len_m":1217.0,"ext_len_m":3972.0,"S":0.781,"D":0.771,"E":0.701,"I":0.687,"Tt":0.526,"Rg":1.0,"G":1.0,"dist_outline_km":0.0,"doc_nearest":"Section 89 - Rock Lick Creek ('Platinum Mine' prospect)","doc_nearest_km":7.9,"doc_on_reach":"","report_on_reach":"","fault_dist_m":2169.0,"shares_reach_with_rank":null,"reasons":["Mapped Nada/Renfro contact on Alcorn GQ (verified from the map legend)","Little Pennsylvanian sandstone upstream (2% of drainage) \u2014 fewer look-alike clasts","Steep slopes along the upstream contact (mean 26\u00b0) \u2014 active erosion/replenishment","Inside the KGS general Kentucky-agate area outline"],"negatives":["Steep reach (10.3%) \u2014 few bars; search pools, boulder lags and bank toes","Source channel is not in NHD \u2014 likely dry except after rain"],"evidence_quality":"B \u2014 verified contact inside KGS agate area; no measured section on this drainage","citation":"Geologic map of the Alcorn quadrangle, east-central Kentucky | Charles L. Rice | 1972 (GQ-963)","walk_start":[37.61016,-84.05959],"source_zone_end":[37.60875,-84.0678]}},{"type":"Feature","geometry":{"type":"Point","coordinates":[-84.1539,37.5265]},"properties":{"id":4709,"rank":38,"priority":"STRONG TARGET","score":77.5,"lat":37.5265,"lon":-84.1539,"county":"Jackson","quad":"Bighill","gq":"GQ-900","stream":"Unnamed ravine / small hollow, tributary to Owsley Fork","channel":"ravine / small hollow","nhd":"not in NHD \u2014 DEM-derived channel (likely ephemeral hollow)","contact_class":"VERIFIED TARGET CONTACT","geo_conf":"High","line_symbol":"Mbna","polygon_pair":"Mb|Msla","contact_style":"CONTACT","unit_below":"Nada Member (Mbna), Borden Fm","unit_above":"Renfro Member (mapped Mbr on the GQ; merged into Slade Fm polygon Msla in KGS digital data)","interpretation":"Base of Renfro Member (Mbr) on top of Nada Member (Mbna), GQ-900.","facies":"West of the projected Locust Branch Fault trend: thick Renfro (16.7\u201317.5 m) with a cherty, geodiferous basal dolomite 1.5\u20135 m thick (Dever 1999, sections 83, 87); silica (chalcedony+quartz) geodes replacing upper Nada dolostone at KSPG Stop 6B.","elev_m":341.0,"da_cross_km2":0.055,"L_prim_km":19.2,"DA_prim_km2":7.32,"density":2.62,"pen_pct":27.0,"contact_slope_deg":31.5,"relief_1km_m":219.0,"incision_m":24.0,"slope200_deg":18.3,"grad300_pct":18.0,"grad_prim_pct":7.0,"prim_len_m":1227.0,"ext_len_m":4016.0,"S":0.809,"D":0.395,"E":0.977,"I":0.791,"Tt":0.777,"Rg":1.0,"G":1.0,"dist_outline_km":0.0,"doc_nearest":"Section 87 - Owsley Fork","doc_nearest_km":1.8,"doc_on_reach":"","report_on_reach":"","fault_dist_m":9107.0,"shares_reach_with_rank":null,"reasons":["Mapped Nada/Renfro contact on Bighill GQ (verified from the map legend)","Steep slopes along the upstream contact (mean 32\u00b0) \u2014 active erosion/replenishment","Inside the KGS general Kentucky-agate area outline","1.8 km from documented locality: Section 87 - Owsley Fork"],"negatives":["Source channel is not in NHD \u2014 likely dry except after rain"],"evidence_quality":"A \u2014 verified contact, documented technical locality within 5 km in the same facies belt","citation":"Geologic map of the Bighill quadrangle, east-central Kentucky | Gordon Whitney Weir, K. Y. Lee, and P.E. Cassity | 1971 (GQ-900)","walk_start":[37.53362,-84.15719],"source_zone_end":[37.52671,-84.15451]}},{"type":"Feature","geometry":{"type":"Point","coordinates":[-83.7067,37.8532]},"properties":{"id":5104,"rank":39,"priority":"STRONG TARGET","score":77.4,"lat":37.8532,"lon":-83.7067,"county":"Powell","quad":"Slade","gq":"GQ-1183","stream":"Unnamed ravine / small hollow, tributary to Spaas Creek","channel":"ravine / small hollow","nhd":"not in NHD \u2014 DEM-derived channel (likely ephemeral hollow)","contact_class":"VERIFIED TARGET CONTACT (combined-unit top)","geo_conf":"Moderate-high","line_symbol":"Mbna","polygon_pair":"Mb|Msla","contact_style":"SECONDARY","unit_below":"Renfro and Nada Members, undivided (Mbrn) \u2014 digital polygon Mb","unit_above":"St. Louis Limestone Member of Newman/Slade (Msla) above the combined Renfro+Nada unit (Mbrn)","interpretation":"Top of mapped Renfro+Nada unit (Mbrn), GQ-1183 (Nada type locality). Renfro commonly about 10 ft thick.","facies":"Northeast part of the belt: Renfro thin (GQ legends: ~5\u201310 ft in Powell County) and mapped with the Nada; the Nada/Renfro contact lies only a few feet to ~10 m below the mapped line. Historic collecting centre (Irvine\u2013Estill\u2013Powell).","elev_m":272.0,"da_cross_km2":0.069,"L_prim_km":80.8,"DA_prim_km2":14.18,"density":5.7,"pen_pct":47.0,"contact_slope_deg":19.9,"relief_1km_m":182.0,"incision_m":39.0,"slope200_deg":25.3,"grad300_pct":10.8,"grad_prim_pct":5.3,"prim_len_m":1202.0,"ext_len_m":1902.0,"S":1.0,"D":0.794,"E":0.393,"I":0.848,"Tt":0.901,"Rg":0.75,"G":0.95,"dist_outline_km":3.5,"doc_nearest":"Section 95 - Drip Rock (KY-89 roadcut)","doc_nearest_km":36.4,"doc_on_reach":"","report_on_reach":"","fault_dist_m":9310.0,"shares_reach_with_rank":null,"reasons":["Mapped top of the Renfro+Nada unit; target contact lies a few feet to ~10 m lower in the same channel","Large source supply: 80.8 km of mapped target contact drains into the primary search reach","Concentrated source: 5.7 km of contact per km\u00b2 of drainage (little dilution)","Deeply incised channel at the contact (39 m below the \u00b1200 m mean surface)"],"negatives":["Nada/Renfro contact not drawn separately on this quadrangle","3.5 km outside the KGS general agate area","Source channel is not in NHD \u2014 likely dry except after rain"],"evidence_quality":"C \u2014 verified contact outside the documented agate area","citation":"Geologic map of the Slade quadrangle, east-central Kentucky | Gordon Whitney Weir | 1974 (GQ-1183)","walk_start":[37.85051,-83.71691],"source_zone_end":[37.85385,-83.70767]}},{"type":"Feature","geometry":{"type":"Point","coordinates":[-84.0604,37.6256]},"properties":{"id":2974,"rank":40,"priority":"STRONG TARGET","score":77.2,"lat":37.6256,"lon":-84.0604,"county":"Estill","quad":"Panola","gq":"GQ-686","stream":"Unnamed hollow head, tributary to Turkey Pen Branch","channel":"hollow head","nhd":"not in NHD \u2014 DEM-derived channel (likely ephemeral hollow)","contact_class":"VERIFIED TARGET CONTACT","geo_conf":"High","line_symbol":"Mbnc","polygon_pair":"Mb|Msla","contact_style":"CONTACT","unit_below":"Nada and Cowbell Members, undivided (Mbnc), Borden Fm","unit_above":"Renfro Member (Mbr on GQ-686)","interpretation":"Base of Renfro Member (Mbr) on top of combined Nada and Cowbell Members (Mbnc), GQ-686. Upper edge of Mbnc is the top of the Nada.","facies":"Along/east of the projected Locust Branch Fault trend: Renfro 6.3\u20139.7 m resting on Nada shale (Dever 1999, sections 88\u201395); brecciated dolomite with quartz bodies as far NE as Drip Rock; epigenetic Zn-Pb at Rock Lick Creek shows fluid flow on this trend.","elev_m":358.0,"da_cross_km2":0.025,"L_prim_km":5.7,"DA_prim_km2":0.9,"density":6.37,"pen_pct":5.0,"contact_slope_deg":26.5,"relief_1km_m":193.0,"incision_m":28.0,"slope200_deg":19.6,"grad300_pct":19.3,"grad_prim_pct":9.1,"prim_len_m":1219.0,"ext_len_m":4006.0,"S":0.513,"D":0.982,"E":0.723,"I":0.757,"Tt":0.621,"Rg":1.0,"G":1.0,"dist_outline_km":0.0,"doc_nearest":"Section 95 - Drip Rock (KY-89 roadcut)","doc_nearest_km":9.0,"doc_on_reach":"","report_on_reach":"","fault_dist_m":1825.0,"shares_reach_with_rank":null,"reasons":["Mapped Nada/Renfro contact on Panola GQ (verified from the map legend)","Concentrated source: 6.4 km of contact per km\u00b2 of drainage (little dilution)","Little Pennsylvanian sandstone upstream (5% of drainage) \u2014 fewer look-alike clasts","Steep slopes along the upstream contact (mean 26\u00b0) \u2014 active erosion/replenishment","Inside the KGS general Kentucky-agate area outline"],"negatives":["Steep reach (9.1%) \u2014 few bars; search pools, boulder lags and bank toes","Source channel is not in NHD \u2014 likely dry except after rain"],"evidence_quality":"B \u2014 verified contact inside KGS agate area; no measured section on this drainage","citation":"Geologic map of the Panola quadrangle, Estill and Madison Counties, Kentucky | Robert C. Greene | 1968 (GQ-686)","walk_start":[37.61775,-84.05317],"source_zone_end":[37.62548,-84.05967]}},{"type":"Feature","geometry":{"type":"Point","coordinates":[-83.9411,37.6296]},"properties":{"id":557,"rank":41,"priority":"MODERATE TARGET","score":77.2,"lat":37.6296,"lon":-83.9411,"county":"Estill","quad":"Irvine","gq":"GQ-1285","stream":"Unnamed hollow head, tributary to Jones Branch","channel":"hollow head","nhd":"not in NHD \u2014 DEM-derived channel (likely ephemeral hollow)","contact_class":"VERIFIED TARGET CONTACT (combined-unit top)","geo_conf":"Moderate-high","line_symbol":"Mbna","polygon_pair":"Mb|Msla","contact_style":"SECONDARY","unit_below":"Renfro and Nada Members, undivided (Mbrn) \u2014 digital polygon Mb","unit_above":"St. Louis Limestone Member of Newman/Slade (Msla) above the combined Renfro+Nada unit (Mbrn)","interpretation":"Top of mapped Renfro+Nada unit (Mbrn), GQ-1285. The Nada/Renfro contact itself is not drawn; it lies one Renfro thickness below this line (Renfro thickest NE, thinnest near Wagersville).","facies":"Northeast part of the belt: Renfro thin (GQ legends: ~5\u201310 ft in Powell County) and mapped with the Nada; the Nada/Renfro contact lies only a few feet to ~10 m below the mapped line. Historic collecting centre (Irvine\u2013Estill\u2013Powell).","elev_m":323.0,"da_cross_km2":0.012,"L_prim_km":27.2,"DA_prim_km2":5.19,"density":5.24,"pen_pct":21.0,"contact_slope_deg":30.4,"relief_1km_m":211.0,"incision_m":4.0,"slope200_deg":23.1,"grad300_pct":31.3,"grad_prim_pct":9.8,"prim_len_m":1226.0,"ext_len_m":2714.0,"S":0.899,"D":0.808,"E":0.918,"I":0.521,"Tt":0.563,"Rg":1.0,"G":0.95,"dist_outline_km":0.0,"doc_nearest":"Section 95 - Drip Rock (KY-89 roadcut)","doc_nearest_km":4.1,"doc_on_reach":"","report_on_reach":"","fault_dist_m":6141.0,"shares_reach_with_rank":null,"reasons":["Mapped top of the Renfro+Nada unit; target contact lies a few feet to ~10 m lower in the same channel","Large source supply: 27.2 km of mapped target contact drains into the primary search reach","Concentrated source: 5.2 km of contact per km\u00b2 of drainage (little dilution)","Steep slopes along the upstream contact (mean 30\u00b0) \u2014 active erosion/replenishment","Inside the KGS general Kentucky-agate area outline"],"negatives":["Nada/Renfro contact not drawn separately on this quadrangle","Weak incision at the contact (4 m)","Steep reach (9.8%) \u2014 few bars; search pools, boulder lags and bank toes","Source channel is not in NHD \u2014 likely dry except after rain"],"evidence_quality":"B \u2014 verified contact inside KGS agate area; no measured section on this drainage","citation":"Geologic map of the Irvine quadrangle, Estill County, Kentucky | Harry P. Hoge, Perry Braswell Wigley, and Fred R. Shawe | 1976 (GQ-1285)","walk_start":[37.63022,-83.948],"source_zone_end":[37.63002,-83.94053]}},{"type":"Feature","geometry":{"type":"Point","coordinates":[-84.254,37.5287]},"properties":{"id":900,"rank":42,"priority":"MODERATE TARGET","score":77.1,"lat":37.5287,"lon":-84.254,"county":"Madison","quad":"Berea","gq":"GQ-649","stream":"Unnamed hollow head, tributary to West Fork Silver Creek","channel":"hollow head","nhd":"not in NHD \u2014 DEM-derived channel (likely ephemeral hollow)","contact_class":"VERIFIED TARGET CONTACT","geo_conf":"High","line_symbol":"Mbna","polygon_pair":"Mb|Msla","contact_style":"CONTACT","unit_below":"Nada Member (Mbna), Borden Fm","unit_above":"Renfro Member (mapped Mbr on the GQ; merged into Slade Fm polygon Msla in KGS digital data)","interpretation":"Base of Renfro Member (Mbr) on top of Nada Member (Mbna), GQ-649. Glauconitic clayey siltstone seam (to 0.2 ft) marks top of Nada.","facies":"West of the projected Locust Branch Fault trend: thick Renfro (16.7\u201317.5 m) with a cherty, geodiferous basal dolomite 1.5\u20135 m thick (Dever 1999, sections 83, 87); silica (chalcedony+quartz) geodes replacing upper Nada dolostone at KSPG Stop 6B.","elev_m":398.0,"da_cross_km2":0.014,"L_prim_km":5.8,"DA_prim_km2":0.95,"density":6.06,"pen_pct":17.0,"contact_slope_deg":24.0,"relief_1km_m":178.0,"incision_m":32.0,"slope200_deg":21.6,"grad300_pct":16.2,"grad_prim_pct":6.7,"prim_len_m":1202.0,"ext_len_m":4000.0,"S":0.516,"D":0.942,"E":0.599,"I":0.756,"Tt":0.799,"Rg":1.0,"G":1.0,"dist_outline_km":0.0,"doc_nearest":"KSPG 2013 Stop 6B - Bighill roadcut, US-421","doc_nearest_km":3.8,"doc_on_reach":"","report_on_reach":"","fault_dist_m":7045.0,"shares_reach_with_rank":null,"reasons":["Mapped Nada/Renfro contact on Berea GQ (verified from the map legend)","Concentrated source: 6.1 km of contact per km\u00b2 of drainage (little dilution)","Little Pennsylvanian sandstone upstream (17% of drainage) \u2014 fewer look-alike clasts","Deeply incised channel at the contact (32 m below the \u00b1200 m mean surface)","Inside the KGS general Kentucky-agate area outline"],"negatives":["Source channel is not in NHD \u2014 likely dry except after rain"],"evidence_quality":"A \u2014 verified contact, documented technical locality within 5 km in the same facies belt","citation":"Geologic map of the Berea quadrangle, east-central Kentucky | Gordon Whitney Weir | 1967 (GQ-649)","walk_start":[37.53059,-84.26525],"source_zone_end":[37.52908,-84.25444]}},{"type":"Feature","geometry":{"type":"Point","coordinates":[-84.121,37.5641]},"properties":{"id":5544,"rank":43,"priority":"MODERATE TARGET","score":76.7,"lat":37.5641,"lon":-84.121,"county":"Jackson","quad":"Alcorn","gq":"GQ-963","stream":"Unnamed ravine / small hollow, tributary to Shirley Branch","channel":"ravine / small hollow","nhd":"not in NHD \u2014 DEM-derived channel (likely ephemeral hollow)","contact_class":"VERIFIED TARGET CONTACT","geo_conf":"High","line_symbol":"Mbna","polygon_pair":"Mb|Msla","contact_style":"CONTACT","unit_below":"Nada Member (Mbna), Borden Fm","unit_above":"Renfro Member (mapped Mbr on the GQ; merged into Slade Fm polygon Msla in KGS digital data)","interpretation":"Base of Renfro Member (Mbr) on top of Nada Member (Mbna). GQ-963 maps Renfro separately; KGS digital compilation merged Renfro into the Slade Formation polygon (Msla), so this line is the mapped Nada/Renfro contact.","facies":"Along/east of the projected Locust Branch Fault trend: Renfro 6.3\u20139.7 m resting on Nada shale (Dever 1999, sections 88\u201395); brecciated dolomite with quartz bodies as far NE as Drip Rock; epigenetic Zn-Pb at Rock Lick Creek shows fluid flow on this trend.","elev_m":342.0,"da_cross_km2":0.093,"L_prim_km":16.1,"DA_prim_km2":3.78,"density":4.25,"pen_pct":31.0,"contact_slope_deg":25.5,"relief_1km_m":228.0,"incision_m":24.0,"slope200_deg":22.5,"grad300_pct":28.1,"grad_prim_pct":8.9,"prim_len_m":1214.0,"ext_len_m":3664.0,"S":0.764,"D":0.631,"E":0.675,"I":0.794,"Tt":0.632,"Rg":1.0,"G":1.0,"dist_outline_km":0.0,"doc_nearest":"Section 87 - Owsley Fork","doc_nearest_km":4.6,"doc_on_reach":"","report_on_reach":"","fault_dist_m":4809.0,"shares_reach_with_rank":null,"reasons":["Mapped Nada/Renfro contact on Alcorn GQ (verified from the map legend)","Steep slopes along the upstream contact (mean 25\u00b0) \u2014 active erosion/replenishment","Inside the KGS general Kentucky-agate area outline"],"negatives":["Steep reach (8.9%) \u2014 few bars; search pools, boulder lags and bank toes","Source channel is not in NHD \u2014 likely dry except after rain"],"evidence_quality":"A \u2014 verified contact, documented technical locality within 5 km in the same facies belt","citation":"Geologic map of the Alcorn quadrangle, east-central Kentucky | Charles L. Rice | 1972 (GQ-963)","walk_start":[37.5719,-84.12291],"source_zone_end":[37.56466,-84.1216]}},{"type":"Feature","geometry":{"type":"Point","coordinates":[-83.9294,37.628]},"properties":{"id":3252,"rank":44,"priority":"MODERATE TARGET","score":76.7,"lat":37.628,"lon":-83.9294,"county":"Estill","quad":"Irvine","gq":"GQ-1285","stream":"Unnamed hollow head, tributary to Scrivner Branch","channel":"hollow head","nhd":"not in NHD \u2014 DEM-derived channel (likely ephemeral hollow)","contact_class":"VERIFIED TARGET CONTACT (combined-unit top)","geo_conf":"Moderate-high","line_symbol":"Mbna","polygon_pair":"Mb|Msla","contact_style":"SECONDARY","unit_below":"Renfro and Nada Members, undivided (Mbrn) \u2014 digital polygon Mb","unit_above":"St. Louis Limestone Member of Newman/Slade (Msla) above the combined Renfro+Nada unit (Mbrn)","interpretation":"Top of mapped Renfro+Nada unit (Mbrn), GQ-1285. The Nada/Renfro contact itself is not drawn; it lies one Renfro thickness below this line (Renfro thickest NE, thinnest near Wagersville).","facies":"Northeast part of the belt: Renfro thin (GQ legends: ~5\u201310 ft in Powell County) and mapped with the Nada; the Nada/Renfro contact lies only a few feet to ~10 m below the mapped line. Historic collecting centre (Irvine\u2013Estill\u2013Powell).","elev_m":315.0,"da_cross_km2":0.028,"L_prim_km":12.4,"DA_prim_km2":2.2,"density":5.62,"pen_pct":34.0,"contact_slope_deg":30.2,"relief_1km_m":213.0,"incision_m":26.0,"slope200_deg":22.0,"grad300_pct":27.6,"grad_prim_pct":9.7,"prim_len_m":1216.0,"ext_len_m":2126.0,"S":0.698,"D":0.824,"E":0.909,"I":0.8,"Tt":0.571,"Rg":1.0,"G":0.95,"dist_outline_km":0.0,"doc_nearest":"Section 95 - Drip Rock (KY-89 roadcut)","doc_nearest_km":4.6,"doc_on_reach":"","report_on_reach":"","fault_dist_m":6842.0,"shares_reach_with_rank":null,"reasons":["Mapped top of the Renfro+Nada unit; target contact lies a few feet to ~10 m lower in the same channel","Concentrated source: 5.6 km of contact per km\u00b2 of drainage (little dilution)","Steep slopes along the upstream contact (mean 30\u00b0) \u2014 active erosion/replenishment","Inside the KGS general Kentucky-agate area outline"],"negatives":["Nada/Renfro contact not drawn separately on this quadrangle","Steep reach (9.7%) \u2014 few bars; search pools, boulder lags and bank toes","Source channel is not in NHD \u2014 likely dry except after rain"],"evidence_quality":"B \u2014 verified contact inside KGS agate area; no measured section on this drainage","citation":"Geologic map of the Irvine quadrangle, Estill County, Kentucky | Harry P. Hoge, Perry Braswell Wigley, and Fred R. Shawe | 1976 (GQ-1285)","walk_start":[37.62256,-83.93789],"source_zone_end":[37.62758,-83.92998]}},{"type":"Feature","geometry":{"type":"Point","coordinates":[-83.8483,37.7471]},"properties":{"id":6356,"rank":45,"priority":"MODERATE TARGET","score":76.6,"lat":37.7471,"lon":-83.8483,"county":"Estill","quad":"Cobhill","gq":"GQ-1347","stream":"Unnamed ravine / small hollow, tributary to Furnace Fork","channel":"ravine / small hollow","nhd":"intermittent (NHD)","contact_class":"VERIFIED TARGET CONTACT (combined-unit top)","geo_conf":"Moderate-high","line_symbol":"Mbna","polygon_pair":"Mb|Msla","contact_style":"SECONDARY","unit_below":"Renfro and Nada Members, undivided (Mbrn) \u2014 digital polygon Mb","unit_above":"St. Louis Limestone Member of Newman/Slade (Msla) above the combined Renfro+Nada unit (Mbrn)","interpretation":"Top of mapped Renfro+Nada unit (Mbrn), GQ-1347.","facies":"Northeast part of the belt: Renfro thin (GQ legends: ~5\u201310 ft in Powell County) and mapped with the Nada; the Nada/Renfro contact lies only a few feet to ~10 m below the mapped line. Historic collecting centre (Irvine\u2013Estill\u2013Powell).","elev_m":327.0,"da_cross_km2":0.202,"L_prim_km":17.7,"DA_prim_km2":3.7,"density":4.78,"pen_pct":16.0,"contact_slope_deg":27.3,"relief_1km_m":164.0,"incision_m":35.0,"slope200_deg":16.8,"grad300_pct":12.2,"grad_prim_pct":7.9,"prim_len_m":1214.0,"ext_len_m":4018.0,"S":0.789,"D":0.751,"E":0.765,"I":0.742,"Tt":0.71,"Rg":1.0,"G":0.95,"dist_outline_km":0.0,"doc_nearest":"Section 95 - Drip Rock (KY-89 roadcut)","doc_nearest_km":19.5,"doc_on_reach":"","report_on_reach":"","fault_dist_m":1807.0,"shares_reach_with_rank":null,"reasons":["Mapped top of the Renfro+Nada unit; target contact lies a few feet to ~10 m lower in the same channel","Little Pennsylvanian sandstone upstream (16% of drainage) \u2014 fewer look-alike clasts","Steep slopes along the upstream contact (mean 27\u00b0) \u2014 active erosion/replenishment","Deeply incised channel at the contact (35 m below the \u00b1200 m mean surface)","Inside the KGS general Kentucky-agate area outline"],"negatives":["Nada/Renfro contact not drawn separately on this quadrangle"],"evidence_quality":"B \u2014 verified contact inside KGS agate area; no measured section on this drainage","citation":"Geologic map of the Cobhill quadrangle, east-central Kentucky | Donald C. Haney | 1976 (GQ-1347)","walk_start":[37.73821,-83.84736],"source_zone_end":[37.74543,-83.84796]}},{"type":"Feature","geometry":{"type":"Point","coordinates":[-83.8705,37.6287]},"properties":{"id":6455,"rank":46,"priority":"MODERATE TARGET","score":76.5,"lat":37.6287,"lon":-83.8705,"county":"Estill","quad":"Cobhill","gq":"GQ-1347","stream":"Unnamed ravine / small hollow, tributary to Buck Creek","channel":"ravine / small hollow","nhd":"not in NHD \u2014 DEM-derived channel (likely ephemeral hollow)","contact_class":"VERIFIED TARGET CONTACT (combined-unit top)","geo_conf":"Moderate-high","line_symbol":"Mbna","polygon_pair":"Mb|Msla","contact_style":"SECONDARY","unit_below":"Renfro and Nada Members, undivided (Mbrn) \u2014 digital polygon Mb","unit_above":"St. Louis Limestone Member of Newman/Slade (Msla) above the combined Renfro+Nada unit (Mbrn)","interpretation":"Top of mapped Renfro+Nada unit (Mbrn), GQ-1347.","facies":"Northeast part of the belt: Renfro thin (GQ legends: ~5\u201310 ft in Powell County) and mapped with the Nada; the Nada/Renfro contact lies only a few feet to ~10 m below the mapped line. Historic collecting centre (Irvine\u2013Estill\u2013Powell).","elev_m":289.0,"da_cross_km2":0.235,"L_prim_km":40.4,"DA_prim_km2":10.05,"density":4.02,"pen_pct":40.0,"contact_slope_deg":27.4,"relief_1km_m":178.0,"incision_m":23.0,"slope200_deg":16.7,"grad300_pct":27.0,"grad_prim_pct":8.3,"prim_len_m":1208.0,"ext_len_m":2796.0,"S":1.0,"D":0.576,"E":0.769,"I":0.64,"Tt":0.676,"Rg":1.0,"G":0.95,"dist_outline_km":0.0,"doc_nearest":"Section 95 - Drip Rock (KY-89 roadcut)","doc_nearest_km":9.0,"doc_on_reach":"","report_on_reach":"","fault_dist_m":10197.0,"shares_reach_with_rank":null,"reasons":["Mapped top of the Renfro+Nada unit; target contact lies a few feet to ~10 m lower in the same channel","Large source supply: 40.4 km of mapped target contact drains into the primary search reach","Steep slopes along the upstream contact (mean 27\u00b0) \u2014 active erosion/replenishment","Inside the KGS general Kentucky-agate area outline"],"negatives":["Nada/Renfro contact not drawn separately on this quadrangle","Steep reach (8.3%) \u2014 few bars; search pools, boulder lags and bank toes","Source channel is not in NHD \u2014 likely dry except after rain"],"evidence_quality":"B \u2014 verified contact inside KGS agate area; no measured section on this drainage","citation":"Geologic map of the Cobhill quadrangle, east-central Kentucky | Donald C. Haney | 1976 (GQ-1347)","walk_start":[37.63486,-83.87779],"source_zone_end":[37.62876,-83.8717]}},{"type":"Feature","geometry":{"type":"Point","coordinates":[-83.9452,37.5919]},"properties":{"id":1404,"rank":47,"priority":"MODERATE TARGET","score":76.5,"lat":37.5919,"lon":-83.9452,"county":"Estill","quad":"Leighton","gq":"GQ-1495","stream":"Unnamed hollow head, tributary to Sparks Branch","channel":"hollow head","nhd":"not in NHD \u2014 DEM-derived channel (likely ephemeral hollow)","contact_class":"VERIFIED TARGET CONTACT (combined-unit top)","geo_conf":"Moderate-high","line_symbol":"Mbna","polygon_pair":"Mb|Msla","contact_style":"SECONDARY","unit_below":"Renfro and Nada Members, undivided (Mbrn) \u2014 digital polygon Mb","unit_above":"St. Louis Limestone Member of Newman/Slade (Msla) above the combined Renfro+Nada unit (Mbrn)","interpretation":"Top of mapped Renfro+Nada unit (Mbrn), GQ-1495. Nada: greenish and grayish-red shale with mid-unit glauconitic seam and silty dolomite beds near top.","facies":"Along/east of the projected Locust Branch Fault trend: Renfro 6.3\u20139.7 m resting on Nada shale (Dever 1999, sections 88\u201395); brecciated dolomite with quartz bodies as far NE as Drip Rock; epigenetic Zn-Pb at Rock Lick Creek shows fluid flow on this trend.","elev_m":286.0,"da_cross_km2":0.016,"L_prim_km":18.3,"DA_prim_km2":5.18,"density":3.54,"pen_pct":55.0,"contact_slope_deg":30.9,"relief_1km_m":206.0,"incision_m":40.0,"slope200_deg":19.7,"grad300_pct":20.9,"grad_prim_pct":7.4,"prim_len_m":1207.0,"ext_len_m":1552.0,"S":0.797,"D":0.477,"E":0.945,"I":0.948,"Tt":0.741,"Rg":1.0,"G":0.95,"dist_outline_km":0.0,"doc_nearest":"Section 95 - Drip Rock (KY-89 roadcut)","doc_nearest_km":1.8,"doc_on_reach":"","report_on_reach":"","fault_dist_m":8382.0,"shares_reach_with_rank":null,"reasons":["Mapped top of the Renfro+Nada unit; target contact lies a few feet to ~10 m lower in the same channel","Steep slopes along the upstream contact (mean 31\u00b0) \u2014 active erosion/replenishment","Deeply incised channel at the contact (40 m below the \u00b1200 m mean surface)","Inside the KGS general Kentucky-agate area outline","1.8 km from documented locality: Section 95 - Drip Rock (KY-89 roadcut)"],"negatives":["Nada/Renfro contact not drawn separately on this quadrangle","Source channel is not in NHD \u2014 likely dry except after rain"],"evidence_quality":"B \u2014 verified contact inside KGS agate area; no measured section on this drainage","citation":"Geologic map of the Leighton quadrangle, east-central Kentucky | Donald C. Haney and Charles L. Rice | 1978 (GQ-1495)","walk_start":[37.59383,-83.93454],"source_zone_end":[37.59155,-83.94415]}},{"type":"Feature","geometry":{"type":"Point","coordinates":[-83.7221,37.8745]},"properties":{"id":5385,"rank":48,"priority":"MODERATE TARGET","score":76.4,"lat":37.8745,"lon":-83.7221,"county":"Powell","quad":"Slade","gq":"GQ-1183","stream":"Unnamed ravine / small hollow, tributary to Short Creek","channel":"ravine / small hollow","nhd":"not in NHD \u2014 DEM-derived channel (likely ephemeral hollow)","contact_class":"VERIFIED TARGET CONTACT (combined-unit top)","geo_conf":"Moderate-high","line_symbol":"Mbna","polygon_pair":"Mb|Msla","contact_style":"SECONDARY","unit_below":"Renfro and Nada Members, undivided (Mbrn) \u2014 digital polygon Mb","unit_above":"St. Louis Limestone Member of Newman/Slade (Msla) above the combined Renfro+Nada unit (Mbrn)","interpretation":"Top of mapped Renfro+Nada unit (Mbrn), GQ-1183 (Nada type locality). Renfro commonly about 10 ft thick.","facies":"Northeast part of the belt: Renfro thin (GQ legends: ~5\u201310 ft in Powell County) and mapped with the Nada; the Nada/Renfro contact lies only a few feet to ~10 m below the mapped line. Historic collecting centre (Irvine\u2013Estill\u2013Powell).","elev_m":297.0,"da_cross_km2":0.084,"L_prim_km":37.0,"DA_prim_km2":5.38,"density":6.89,"pen_pct":30.0,"contact_slope_deg":18.9,"relief_1km_m":184.0,"incision_m":32.0,"slope200_deg":25.5,"grad300_pct":15.2,"grad_prim_pct":6.7,"prim_len_m":1202.0,"ext_len_m":3105.0,"S":0.98,"D":0.896,"E":0.346,"I":0.773,"Tt":0.8,"Rg":0.75,"G":0.95,"dist_outline_km":4.9,"doc_nearest":"Section 95 - Drip Rock (KY-89 roadcut)","doc_nearest_km":37.4,"doc_on_reach":"","report_on_reach":"","fault_dist_m":11227.0,"shares_reach_with_rank":null,"reasons":["Mapped top of the Renfro+Nada unit; target contact lies a few feet to ~10 m lower in the same channel","Large source supply: 37.0 km of mapped target contact drains into the primary search reach","Concentrated source: 6.9 km of contact per km\u00b2 of drainage (little dilution)","Deeply incised channel at the contact (32 m below the \u00b1200 m mean surface)"],"negatives":["Nada/Renfro contact not drawn separately on this quadrangle","4.9 km outside the KGS general agate area","Source channel is not in NHD \u2014 likely dry except after rain"],"evidence_quality":"C \u2014 verified contact outside the documented agate area","citation":"Geologic map of the Slade quadrangle, east-central Kentucky | Gordon Whitney Weir | 1974 (GQ-1183)","walk_start":[37.86828,-83.72749],"source_zone_end":[37.87376,-83.72383]}},{"type":"Feature","geometry":{"type":"Point","coordinates":[-84.2557,37.5374]},"properties":{"id":1597,"rank":49,"priority":"MODERATE TARGET","score":76.4,"lat":37.5374,"lon":-84.2557,"county":"Madison","quad":"Berea","gq":"GQ-649","stream":"Unnamed hollow head, tributary to East Fork Silver Creek","channel":"hollow head","nhd":"not in NHD \u2014 DEM-derived channel (likely ephemeral hollow)","contact_class":"VERIFIED TARGET CONTACT","geo_conf":"High","line_symbol":"Mbna","polygon_pair":"Mb|Msla","contact_style":"CONTACT","unit_below":"Nada Member (Mbna), Borden Fm","unit_above":"Renfro Member (mapped Mbr on the GQ; merged into Slade Fm polygon Msla in KGS digital data)","interpretation":"Base of Renfro Member (Mbr) on top of Nada Member (Mbna), GQ-649. Glauconitic clayey siltstone seam (to 0.2 ft) marks top of Nada.","facies":"West of the projected Locust Branch Fault trend: thick Renfro (16.7\u201317.5 m) with a cherty, geodiferous basal dolomite 1.5\u20135 m thick (Dever 1999, sections 83, 87); silica (chalcedony+quartz) geodes replacing upper Nada dolostone at KSPG Stop 6B.","elev_m":408.0,"da_cross_km2":0.016,"L_prim_km":6.2,"DA_prim_km2":0.88,"density":7.04,"pen_pct":4.0,"contact_slope_deg":23.6,"relief_1km_m":172.0,"incision_m":28.0,"slope200_deg":22.0,"grad300_pct":19.5,"grad_prim_pct":7.5,"prim_len_m":1215.0,"ext_len_m":4013.0,"S":0.532,"D":0.985,"E":0.58,"I":0.682,"Tt":0.737,"Rg":1.0,"G":1.0,"dist_outline_km":0.0,"doc_nearest":"KSPG 2013 Stop 6B - Bighill roadcut, US-421","doc_nearest_km":4.0,"doc_on_reach":"","report_on_reach":"","fault_dist_m":6082.0,"shares_reach_with_rank":null,"reasons":["Mapped Nada/Renfro contact on Berea GQ (verified from the map legend)","Concentrated source: 7.0 km of contact per km\u00b2 of drainage (little dilution)","Little Pennsylvanian sandstone upstream (4% of drainage) \u2014 fewer look-alike clasts","Inside the KGS general Kentucky-agate area outline"],"negatives":["Source channel is not in NHD \u2014 likely dry except after rain"],"evidence_quality":"A \u2014 verified contact, documented technical locality within 5 km in the same facies belt","citation":"Geologic map of the Berea quadrangle, east-central Kentucky | Gordon Whitney Weir | 1967 (GQ-649)","walk_start":[37.54766,-84.25512],"source_zone_end":[37.53794,-84.2557]}},{"type":"Feature","geometry":{"type":"Point","coordinates":[-84.1531,37.5532]},"properties":{"id":5162,"rank":50,"priority":"MODERATE TARGET","score":76.4,"lat":37.5532,"lon":-84.1531,"county":"Jackson","quad":"Bighill","gq":"GQ-900","stream":"Unnamed ravine / small hollow, tributary to Floyd Branch","channel":"ravine / small hollow","nhd":"intermittent (NHD)","contact_class":"VERIFIED TARGET CONTACT","geo_conf":"High","line_symbol":"Mbna","polygon_pair":"Mb|Msla","contact_style":"CONTACT","unit_below":"Nada Member (Mbna), Borden Fm","unit_above":"Renfro Member (mapped Mbr on the GQ; merged into Slade Fm polygon Msla in KGS digital data)","interpretation":"Base of Renfro Member (Mbr) on top of Nada Member (Mbna), GQ-900.","facies":"West of the projected Locust Branch Fault trend: thick Renfro (16.7\u201317.5 m) with a cherty, geodiferous basal dolomite 1.5\u20135 m thick (Dever 1999, sections 83, 87); silica (chalcedony+quartz) geodes replacing upper Nada dolostone at KSPG Stop 6B.","elev_m":342.0,"da_cross_km2":0.072,"L_prim_km":7.6,"DA_prim_km2":1.71,"density":4.43,"pen_pct":24.0,"contact_slope_deg":26.8,"relief_1km_m":210.0,"incision_m":34.0,"slope200_deg":19.1,"grad300_pct":13.7,"grad_prim_pct":7.3,"prim_len_m":1202.0,"ext_len_m":4018.0,"S":0.579,"D":0.676,"E":0.738,"I":0.897,"Tt":0.755,"Rg":1.0,"G":1.0,"dist_outline_km":0.0,"doc_nearest":"Section 87 - Owsley Fork","doc_nearest_km":3.7,"doc_on_reach":"","report_on_reach":"","fault_dist_m":6277.0,"shares_reach_with_rank":null,"reasons":["Mapped Nada/Renfro contact on Bighill GQ (verified from the map legend)","Steep slopes along the upstream contact (mean 27\u00b0) \u2014 active erosion/replenishment","Deeply incised channel at the contact (34 m below the \u00b1200 m mean surface)","Inside the KGS general Kentucky-agate area outline"],"negatives":[],"evidence_quality":"A \u2014 verified contact, documented technical locality within 5 km in the same facies belt","citation":"Geologic map of the Bighill quadrangle, east-central Kentucky | Gordon Whitney Weir, K. Y. Lee, and P.E. Cassity | 1971 (GQ-900)","walk_start":[37.56241,-84.15519],"source_zone_end":[37.55442,-84.15255]}},{"type":"Feature","geometry":{"type":"Point","coordinates":[-83.8344,37.6768]},"properties":{"id":6042,"rank":51,"priority":"MODERATE TARGET","score":76.4,"lat":37.6768,"lon":-83.8344,"county":"Estill","quad":"Cobhill","gq":"GQ-1347","stream":"Unnamed ravine / small hollow, tributary to Sudders Fork","channel":"ravine / small hollow","nhd":"not in NHD \u2014 DEM-derived channel (likely ephemeral hollow)","contact_class":"VERIFIED TARGET CONTACT (combined-unit top)","geo_conf":"Moderate-high","line_symbol":"Mbna","polygon_pair":"Mb|Msla","contact_style":"SECONDARY","unit_below":"Renfro and Nada Members, undivided (Mbrn) \u2014 digital polygon Mb","unit_above":"St. Louis Limestone Member of Newman/Slade (Msla) above the combined Renfro+Nada unit (Mbrn)","interpretation":"Top of mapped Renfro+Nada unit (Mbrn), GQ-1347.","facies":"Northeast part of the belt: Renfro thin (GQ legends: ~5\u201310 ft in Powell County) and mapped with the Nada; the Nada/Renfro contact lies only a few feet to ~10 m below the mapped line. Historic collecting centre (Irvine\u2013Estill\u2013Powell).","elev_m":279.0,"da_cross_km2":0.142,"L_prim_km":23.5,"DA_prim_km2":5.64,"density":4.16,"pen_pct":45.0,"contact_slope_deg":27.5,"relief_1km_m":178.0,"incision_m":33.0,"slope200_deg":18.3,"grad300_pct":17.4,"grad_prim_pct":6.6,"prim_len_m":1226.0,"ext_len_m":3014.0,"S":0.861,"D":0.584,"E":0.774,"I":0.758,"Tt":0.805,"Rg":1.0,"G":0.95,"dist_outline_km":0.0,"doc_nearest":"Section 95 - Drip Rock (KY-89 roadcut)","doc_nearest_km":14.4,"doc_on_reach":"","report_on_reach":"","fault_dist_m":9284.0,"shares_reach_with_rank":null,"reasons":["Mapped top of the Renfro+Nada unit; target contact lies a few feet to ~10 m lower in the same channel","Large source supply: 23.5 km of mapped target contact drains into the primary search reach","Steep slopes along the upstream contact (mean 27\u00b0) \u2014 active erosion/replenishment","Deeply incised channel at the contact (33 m below the \u00b1200 m mean surface)","Inside the KGS general Kentucky-agate area outline"],"negatives":["Nada/Renfro contact not drawn separately on this quadrangle","Source channel is not in NHD \u2014 likely dry except after rain"],"evidence_quality":"B \u2014 verified contact inside KGS agate area; no measured section on this drainage","citation":"Geologic map of the Cobhill quadrangle, east-central Kentucky | Donald C. Haney | 1976 (GQ-1347)","walk_start":[37.6785,-83.8449],"source_zone_end":[37.67788,-83.83541]}},{"type":"Feature","geometry":{"type":"Point","coordinates":[-84.1709,37.5259]},"properties":{"id":2231,"rank":52,"priority":"MODERATE TARGET","score":76.2,"lat":37.5259,"lon":-84.1709,"county":"Jackson","quad":"Bighill","gq":"GQ-900","stream":"Unnamed hollow head, tributary to Owsley Fork","channel":"hollow head","nhd":"not in NHD \u2014 DEM-derived channel (likely ephemeral hollow)","contact_class":"VERIFIED TARGET CONTACT","geo_conf":"High","line_symbol":"Mbna","polygon_pair":"Mb|Msla","contact_style":"CONTACT","unit_below":"Nada Member (Mbna), Borden Fm","unit_above":"Renfro Member (mapped Mbr on the GQ; merged into Slade Fm polygon Msla in KGS digital data)","interpretation":"Base of Renfro Member (Mbr) on top of Nada Member (Mbna), GQ-900.","facies":"West of the projected Locust Branch Fault trend: thick Renfro (16.7\u201317.5 m) with a cherty, geodiferous basal dolomite 1.5\u20135 m thick (Dever 1999, sections 83, 87); silica (chalcedony+quartz) geodes replacing upper Nada dolostone at KSPG Stop 6B.","elev_m":340.0,"da_cross_km2":0.02,"L_prim_km":6.5,"DA_prim_km2":1.55,"density":4.18,"pen_pct":8.0,"contact_slope_deg":27.2,"relief_1km_m":215.0,"incision_m":36.0,"slope200_deg":22.4,"grad300_pct":10.0,"grad_prim_pct":7.1,"prim_len_m":1212.0,"ext_len_m":4001.0,"S":0.542,"D":0.677,"E":0.759,"I":0.926,"Tt":0.765,"Rg":1.0,"G":1.0,"dist_outline_km":0.0,"doc_nearest":"Section 83 - Bighill (US-421 roadcut)","doc_nearest_km":2.1,"doc_on_reach":"","report_on_reach":"","fault_dist_m":8880.0,"shares_reach_with_rank":null,"reasons":["Mapped Nada/Renfro contact on Bighill GQ (verified from the map legend)","Little Pennsylvanian sandstone upstream (8% of drainage) \u2014 fewer look-alike clasts","Steep slopes along the upstream contact (mean 27\u00b0) \u2014 active erosion/replenishment","Deeply incised channel at the contact (36 m below the \u00b1200 m mean surface)","Inside the KGS general Kentucky-agate area outline","2.1 km from documented locality: Section 83 - Bighill (US-421 roadcut)"],"negatives":["Source channel is not in NHD \u2014 likely dry except after rain"],"evidence_quality":"A \u2014 verified contact, documented technical locality within 5 km in the same facies belt","citation":"Geologic map of the Bighill quadrangle, east-central Kentucky | Gordon Whitney Weir, K. Y. Lee, and P.E. Cassity | 1971 (GQ-900)","walk_start":[37.53383,-84.16556],"source_zone_end":[37.5264,-84.1715]}},{"type":"Feature","geometry":{"type":"Point","coordinates":[-84.0335,37.5837]},"properties":{"id":6369,"rank":53,"priority":"MODERATE TARGET","score":76.2,"lat":37.5837,"lon":-84.0335,"county":"Estill","quad":"Alcorn","gq":"GQ-963","stream":"Unnamed ravine / small hollow","channel":"ravine / small hollow","nhd":"intermittent (NHD)","contact_class":"VERIFIED TARGET CONTACT","geo_conf":"High","line_symbol":"Mbna","polygon_pair":"Mb|Msla","contact_style":"CONTACT","unit_below":"Nada Member (Mbna), Borden Fm","unit_above":"Renfro Member (mapped Mbr on the GQ; merged into Slade Fm polygon Msla in KGS digital data)","interpretation":"Base of Renfro Member (Mbr) on top of Nada Member (Mbna). GQ-963 maps Renfro separately; KGS digital compilation merged Renfro into the Slade Formation polygon (Msla), so this line is the mapped Nada/Renfro contact.","facies":"Along/east of the projected Locust Branch Fault trend: Renfro 6.3\u20139.7 m resting on Nada shale (Dever 1999, sections 88\u201395); brecciated dolomite with quartz bodies as far NE as Drip Rock; epigenetic Zn-Pb at Rock Lick Creek shows fluid flow on this trend.","elev_m":324.0,"da_cross_km2":0.206,"L_prim_km":5.2,"DA_prim_km2":1.1,"density":4.74,"pen_pct":24.0,"contact_slope_deg":30.8,"relief_1km_m":204.0,"incision_m":40.0,"slope200_deg":20.4,"grad300_pct":16.5,"grad_prim_pct":9.6,"prim_len_m":1207.0,"ext_len_m":1590.0,"S":0.493,"D":0.724,"E":0.941,"I":0.944,"Tt":0.582,"Rg":1.0,"G":1.0,"dist_outline_km":0.0,"doc_nearest":"Section 89 - Rock Lick Creek ('Platinum Mine' prospect)","doc_nearest_km":4.6,"doc_on_reach":"","report_on_reach":"","fault_dist_m":4433.0,"shares_reach_with_rank":null,"reasons":["Mapped Nada/Renfro contact on Alcorn GQ (verified from the map legend)","Steep slopes along the upstream contact (mean 31\u00b0) \u2014 active erosion/replenishment","Deeply incised channel at the contact (40 m below the \u00b1200 m mean surface)","Inside the KGS general Kentucky-agate area outline"],"negatives":["Steep reach (9.6%) \u2014 few bars; search pools, boulder lags and bank toes"],"evidence_quality":"A \u2014 verified contact, documented technical locality within 5 km in the same facies belt","citation":"Geologic map of the Alcorn quadrangle, east-central Kentucky | Charles L. Rice | 1972 (GQ-963)","walk_start":[37.59062,-84.04202],"source_zone_end":[37.58413,-84.0348]}},{"type":"Feature","geometry":{"type":"Point","coordinates":[-83.8079,37.7157]},"properties":{"id":6832,"rank":54,"priority":"MODERATE TARGET","score":76.0,"lat":37.7157,"lon":-83.8079,"county":"Estill","quad":"Cobhill","gq":"GQ-1347","stream":"Unnamed ravine / small hollow, tributary to Wodward Creek","channel":"ravine / small hollow","nhd":"intermittent (NHD)","contact_class":"VERIFIED TARGET CONTACT (combined-unit top)","geo_conf":"Moderate-high","line_symbol":"Mbna","polygon_pair":"Mb|Msla","contact_style":"SECONDARY","unit_below":"Renfro and Nada Members, undivided (Mbrn) \u2014 digital polygon Mb","unit_above":"St. Louis Limestone Member of Newman/Slade (Msla) above the combined Renfro+Nada unit (Mbrn)","interpretation":"Top of mapped Renfro+Nada unit (Mbrn), GQ-1347.","facies":"Northeast part of the belt: Renfro thin (GQ legends: ~5\u201310 ft in Powell County) and mapped with the Nada; the Nada/Renfro contact lies only a few feet to ~10 m below the mapped line. Historic collecting centre (Irvine\u2013Estill\u2013Powell).","elev_m":288.0,"da_cross_km2":0.398,"L_prim_km":59.8,"DA_prim_km2":22.65,"density":2.64,"pen_pct":57.0,"contact_slope_deg":26.1,"relief_1km_m":171.0,"incision_m":37.0,"slope200_deg":18.5,"grad300_pct":11.3,"grad_prim_pct":5.2,"prim_len_m":1202.0,"ext_len_m":4013.0,"S":1.0,"D":0.352,"E":0.704,"I":0.787,"Tt":0.906,"Rg":1.0,"G":0.95,"dist_outline_km":0.0,"doc_nearest":"Section 95 - Drip Rock (KY-89 roadcut)","doc_nearest_km":19.0,"doc_on_reach":"","report_on_reach":"","fault_dist_m":5934.0,"shares_reach_with_rank":null,"reasons":["Mapped top of the Renfro+Nada unit; target contact lies a few feet to ~10 m lower in the same channel","Large source supply: 59.8 km of mapped target contact drains into the primary search reach","Steep slopes along the upstream contact (mean 26\u00b0) \u2014 active erosion/replenishment","Deeply incised channel at the contact (37 m below the \u00b1200 m mean surface)","Inside the KGS general Kentucky-agate area outline"],"negatives":["Nada/Renfro contact not drawn separately on this quadrangle"],"evidence_quality":"B \u2014 verified contact inside KGS agate area; no measured section on this drainage","citation":"Geologic map of the Cobhill quadrangle, east-central Kentucky | Donald C. Haney | 1976 (GQ-1347)","walk_start":[37.70654,-83.80878],"source_zone_end":[37.71388,-83.80733]}},{"type":"Feature","geometry":{"type":"Point","coordinates":[-83.838,37.7086]},"properties":{"id":5695,"rank":55,"priority":"MODERATE TARGET","score":75.9,"lat":37.7086,"lon":-83.838,"county":"Estill","quad":"Cobhill","gq":"GQ-1347","stream":"Unnamed ravine / small hollow, tributary to Furnace Fork","channel":"ravine / small hollow","nhd":"not in NHD \u2014 DEM-derived channel (likely ephemeral hollow)","contact_class":"VERIFIED TARGET CONTACT (combined-unit top)","geo_conf":"Moderate-high","line_symbol":"Mbna","polygon_pair":"Mb|Msla","contact_style":"SECONDARY","unit_below":"Renfro and Nada Members, undivided (Mbrn) \u2014 digital polygon Mb","unit_above":"St. Louis Limestone Member of Newman/Slade (Msla) above the combined Renfro+Nada unit (Mbrn)","interpretation":"Top of mapped Renfro+Nada unit (Mbrn), GQ-1347.","facies":"Northeast part of the belt: Renfro thin (GQ legends: ~5\u201310 ft in Powell County) and mapped with the Nada; the Nada/Renfro contact lies only a few feet to ~10 m below the mapped line. Historic collecting centre (Irvine\u2013Estill\u2013Powell).","elev_m":297.0,"da_cross_km2":0.104,"L_prim_km":15.2,"DA_prim_km2":3.05,"density":4.98,"pen_pct":36.0,"contact_slope_deg":32.3,"relief_1km_m":158.0,"incision_m":26.0,"slope200_deg":19.3,"grad300_pct":18.6,"grad_prim_pct":7.2,"prim_len_m":1224.0,"ext_len_m":4021.0,"S":0.75,"D":0.725,"E":1.0,"I":0.601,"Tt":0.764,"Rg":1.0,"G":0.95,"dist_outline_km":0.0,"doc_nearest":"Section 95 - Drip Rock (KY-89 roadcut)","doc_nearest_km":16.6,"doc_on_reach":"","report_on_reach":"","fault_dist_m":6144.0,"shares_reach_with_rank":null,"reasons":["Mapped top of the Renfro+Nada unit; target contact lies a few feet to ~10 m lower in the same channel","Steep slopes along the upstream contact (mean 32\u00b0) \u2014 active erosion/replenishment","Inside the KGS general Kentucky-agate area outline"],"negatives":["Nada/Renfro contact not drawn separately on this quadrangle","Source channel is not in NHD \u2014 likely dry except after rain"],"evidence_quality":"B \u2014 verified contact inside KGS agate area; no measured section on this drainage","citation":"Geologic map of the Cobhill quadrangle, east-central Kentucky | Donald C. Haney | 1976 (GQ-1347)","walk_start":[37.70744,-83.84912],"source_zone_end":[37.70825,-83.83888]}},{"type":"Feature","geometry":{"type":"Point","coordinates":[-84.0584,37.5669]},"properties":{"id":331,"rank":56,"priority":"MODERATE TARGET","score":75.8,"lat":37.5669,"lon":-84.0584,"county":"Estill","quad":"Alcorn","gq":"GQ-963","stream":"Unnamed hollow head, tributary to Kissey Branch","channel":"hollow head","nhd":"not in NHD \u2014 DEM-derived channel (likely ephemeral hollow)","contact_class":"VERIFIED TARGET CONTACT","geo_conf":"High","line_symbol":"Mbna","polygon_pair":"Mb|Msla","contact_style":"CONTACT","unit_below":"Nada Member (Mbna), Borden Fm","unit_above":"Renfro Member (mapped Mbr on the GQ; merged into Slade Fm polygon Msla in KGS digital data)","interpretation":"Base of Renfro Member (Mbr) on top of Nada Member (Mbna). GQ-963 maps Renfro separately; KGS digital compilation merged Renfro into the Slade Formation polygon (Msla), so this line is the mapped Nada/Renfro contact.","facies":"Along/east of the projected Locust Branch Fault trend: Renfro 6.3\u20139.7 m resting on Nada shale (Dever 1999, sections 88\u201395); brecciated dolomite with quartz bodies as far NE as Drip Rock; epigenetic Zn-Pb at Rock Lick Creek shows fluid flow on this trend.","elev_m":317.0,"da_cross_km2":0.012,"L_prim_km":9.5,"DA_prim_km2":2.3,"density":4.15,"pen_pct":24.0,"contact_slope_deg":23.8,"relief_1km_m":219.0,"incision_m":36.0,"slope200_deg":21.1,"grad300_pct":16.2,"grad_prim_pct":7.7,"prim_len_m":1219.0,"ext_len_m":3182.0,"S":0.634,"D":0.634,"E":0.588,"I":0.942,"Tt":0.726,"Rg":1.0,"G":1.0,"dist_outline_km":0.0,"doc_nearest":"Section 89 - Rock Lick Creek ('Platinum Mine' prospect)","doc_nearest_km":3.4,"doc_on_reach":"","report_on_reach":"","fault_dist_m":5147.0,"shares_reach_with_rank":null,"reasons":["Mapped Nada/Renfro contact on Alcorn GQ (verified from the map legend)","Deeply incised channel at the contact (36 m below the \u00b1200 m mean surface)","Inside the KGS general Kentucky-agate area outline"],"negatives":["Source channel is not in NHD \u2014 likely dry except after rain"],"evidence_quality":"A \u2014 verified contact, documented technical locality within 5 km in the same facies belt","citation":"Geologic map of the Alcorn quadrangle, east-central Kentucky | Charles L. Rice | 1972 (GQ-963)","walk_start":[37.57529,-84.063],"source_zone_end":[37.56727,-84.05924]}},{"type":"Feature","geometry":{"type":"Point","coordinates":[-83.8634,37.5916]},"properties":{"id":6806,"rank":57,"priority":"MODERATE TARGET","score":75.6,"lat":37.5916,"lon":-83.8634,"county":"Lee","quad":"Heidelberg","gq":"GQ-1340","stream":"Unnamed ravine / small hollow, tributary to Ross Creek","channel":"ravine / small hollow","nhd":"intermittent (NHD)","contact_class":"VERIFIED TARGET CONTACT (combined-unit top)","geo_conf":"Moderate-high","line_symbol":"Mbna","polygon_pair":"Mb|Msla","contact_style":"SECONDARY","unit_below":"Renfro and Nada Members, undivided (Mbrn) \u2014 digital polygon Mb","unit_above":"St. Louis Limestone Member of Newman/Slade (Msla) above the combined Renfro+Nada unit (Mbrn)","interpretation":"Top of mapped Renfro+Nada unit (Mbrn), GQ-1340.","facies":"Northeast part of the belt: Renfro thin (GQ legends: ~5\u201310 ft in Powell County) and mapped with the Nada; the Nada/Renfro contact lies only a few feet to ~10 m below the mapped line. Historic collecting centre (Irvine\u2013Estill\u2013Powell).","elev_m":261.0,"da_cross_km2":0.38,"L_prim_km":59.4,"DA_prim_km2":25.25,"density":2.35,"pen_pct":73.0,"contact_slope_deg":26.5,"relief_1km_m":178.0,"incision_m":41.0,"slope200_deg":20.1,"grad300_pct":14.3,"grad_prim_pct":5.6,"prim_len_m":1224.0,"ext_len_m":4016.0,"S":1.0,"D":0.291,"E":0.727,"I":0.851,"Tt":0.877,"Rg":1.0,"G":0.95,"dist_outline_km":0.0,"doc_nearest":"Section 95 - Drip Rock (KY-89 roadcut)","doc_nearest_km":8.9,"doc_on_reach":"","report_on_reach":"","fault_dist_m":13619.0,"shares_reach_with_rank":null,"reasons":["Mapped top of the Renfro+Nada unit; target contact lies a few feet to ~10 m lower in the same channel","Large source supply: 59.4 km of mapped target contact drains into the primary search reach","Steep slopes along the upstream contact (mean 27\u00b0) \u2014 active erosion/replenishment","Deeply incised channel at the contact (41 m below the \u00b1200 m mean surface)","Inside the KGS general Kentucky-agate area outline"],"negatives":["Nada/Renfro contact not drawn separately on this quadrangle","73% of drainage is Pennsylvanian sandstone/conglomerate \u2014 abundant non-target gravel"],"evidence_quality":"B \u2014 verified contact inside KGS agate area; no measured section on this drainage","citation":"Geologic map of the Heidelberg quadrangle, east-central Kentucky | Douglas F. B. Black | 1977 (GQ-1340)","walk_start":[37.59744,-83.86645],"source_zone_end":[37.59184,-83.86578]}},{"type":"Feature","geometry":{"type":"Point","coordinates":[-84.2664,37.5003]},"properties":{"id":2888,"rank":58,"priority":"MODERATE TARGET","score":75.5,"lat":37.5003,"lon":-84.2664,"county":"Rockcastle","quad":"Berea","gq":"GQ-649","stream":"Unnamed hollow head, tributary to Davis Branch","channel":"hollow head","nhd":"not in NHD \u2014 DEM-derived channel (likely ephemeral hollow)","contact_class":"VERIFIED TARGET CONTACT","geo_conf":"High","line_symbol":"Mbna","polygon_pair":"Mb|Msla","contact_style":"CONTACT","unit_below":"Nada Member (Mbna), Borden Fm","unit_above":"Renfro Member (mapped Mbr on the GQ; merged into Slade Fm polygon Msla in KGS digital data)","interpretation":"Base of Renfro Member (Mbr) on top of Nada Member (Mbna), GQ-649. Glauconitic clayey siltstone seam (to 0.2 ft) marks top of Nada.","facies":"West of the projected Locust Branch Fault trend: thick Renfro (16.7\u201317.5 m) with a cherty, geodiferous basal dolomite 1.5\u20135 m thick (Dever 1999, sections 83, 87); silica (chalcedony+quartz) geodes replacing upper Nada dolostone at KSPG Stop 6B.","elev_m":387.0,"da_cross_km2":0.024,"L_prim_km":4.8,"DA_prim_km2":0.67,"density":7.06,"pen_pct":4.0,"contact_slope_deg":25.1,"relief_1km_m":135.0,"incision_m":30.0,"slope200_deg":19.0,"grad300_pct":11.6,"grad_prim_pct":5.5,"prim_len_m":1210.0,"ext_len_m":4009.0,"S":0.472,"D":0.985,"E":0.653,"I":0.575,"Tt":0.887,"Rg":1.0,"G":1.0,"dist_outline_km":0.0,"doc_nearest":"KSPG 2013 Stop 6B - Bighill roadcut, US-421","doc_nearest_km":5.8,"doc_on_reach":"","report_on_reach":"","fault_dist_m":8623.0,"shares_reach_with_rank":null,"reasons":["Mapped Nada/Renfro contact on Berea GQ (verified from the map legend)","Concentrated source: 7.1 km of contact per km\u00b2 of drainage (little dilution)","Little Pennsylvanian sandstone upstream (4% of drainage) \u2014 fewer look-alike clasts","Steep slopes along the upstream contact (mean 25\u00b0) \u2014 active erosion/replenishment","Deeply incised channel at the contact (30 m below the \u00b1200 m mean surface)","Inside the KGS general Kentucky-agate area outline"],"negatives":["Small source supply (4.8 km of contact upstream of reach end)","Source channel is not in NHD \u2014 likely dry except after rain"],"evidence_quality":"B \u2014 verified contact inside KGS agate area; no measured section on this drainage","citation":"Geologic map of the Berea quadrangle, east-central Kentucky | Gordon Whitney Weir | 1967 (GQ-649)","walk_start":[37.4932,-84.26141],"source_zone_end":[37.49982,-84.26728]}},{"type":"Feature","geometry":{"type":"Point","coordinates":[-83.8078,37.6914]},"properties":{"id":6118,"rank":59,"priority":"MODERATE TARGET","score":75.5,"lat":37.6914,"lon":-83.8078,"county":"Estill","quad":"Cobhill","gq":"GQ-1347","stream":"Unnamed ravine / small hollow, tributary to Wodward Creek","channel":"ravine / small hollow","nhd":"not in NHD \u2014 DEM-derived channel (likely ephemeral hollow)","contact_class":"VERIFIED TARGET CONTACT (combined-unit top)","geo_conf":"Moderate-high","line_symbol":"Mbna","polygon_pair":"Mb|Msla","contact_style":"SECONDARY","unit_below":"Renfro and Nada Members, undivided (Mbrn) \u2014 digital polygon Mb","unit_above":"St. Louis Limestone Member of Newman/Slade (Msla) above the combined Renfro+Nada unit (Mbrn)","interpretation":"Top of mapped Renfro+Nada unit (Mbrn), GQ-1347.","facies":"Northeast part of the belt: Renfro thin (GQ legends: ~5\u201310 ft in Powell County) and mapped with the Nada; the Nada/Renfro contact lies only a few feet to ~10 m below the mapped line. Historic collecting centre (Irvine\u2013Estill\u2013Powell).","elev_m":273.0,"da_cross_km2":0.152,"L_prim_km":80.7,"DA_prim_km2":29.02,"density":2.78,"pen_pct":55.0,"contact_slope_deg":27.7,"relief_1km_m":157.0,"incision_m":36.0,"slope200_deg":19.0,"grad300_pct":9.8,"grad_prim_pct":5.9,"prim_len_m":1208.0,"ext_len_m":3109.0,"S":1.0,"D":0.357,"E":0.785,"I":0.726,"Tt":0.856,"Rg":1.0,"G":0.95,"dist_outline_km":0.0,"doc_nearest":"Section 95 - Drip Rock (KY-89 roadcut)","doc_nearest_km":17.3,"doc_on_reach":"","report_on_reach":"","fault_dist_m":8520.0,"shares_reach_with_rank":null,"reasons":["Mapped top of the Renfro+Nada unit; target contact lies a few feet to ~10 m lower in the same channel","Large source supply: 80.7 km of mapped target contact drains into the primary search reach","Steep slopes along the upstream contact (mean 28\u00b0) \u2014 active erosion/replenishment","Deeply incised channel at the contact (36 m below the \u00b1200 m mean surface)","Inside the KGS general Kentucky-agate area outline"],"negatives":["Nada/Renfro contact not drawn separately on this quadrangle","Source channel is not in NHD \u2014 likely dry except after rain"],"evidence_quality":"B \u2014 verified contact inside KGS agate area; no measured section on this drainage","citation":"Geologic map of the Cobhill quadrangle, east-central Kentucky | Donald C. Haney | 1976 (GQ-1347)","walk_start":[37.68439,-83.80951],"source_zone_end":[37.69088,-83.80968]}},{"type":"Feature","geometry":{"type":"Point","coordinates":[-84.0103,37.6345]},"properties":{"id":1584,"rank":60,"priority":"MODERATE TARGET","score":75.5,"lat":37.6345,"lon":-84.0103,"county":"Estill","quad":"Panola","gq":"GQ-686","stream":"Unnamed hollow head","channel":"hollow head","nhd":"not in NHD \u2014 DEM-derived channel (likely ephemeral hollow)","contact_class":"VERIFIED TARGET CONTACT","geo_conf":"High","line_symbol":"Mbnc","polygon_pair":"Mb|Msla","contact_style":"CONTACT","unit_below":"Nada and Cowbell Members, undivided (Mbnc), Borden Fm","unit_above":"Renfro Member (Mbr on GQ-686)","interpretation":"Base of Renfro Member (Mbr) on top of combined Nada and Cowbell Members (Mbnc), GQ-686. Upper edge of Mbnc is the top of the Nada.","facies":"Along/east of the projected Locust Branch Fault trend: Renfro 6.3\u20139.7 m resting on Nada shale (Dever 1999, sections 88\u201395); brecciated dolomite with quartz bodies as far NE as Drip Rock; epigenetic Zn-Pb at Rock Lick Creek shows fluid flow on this trend.","elev_m":339.0,"da_cross_km2":0.016,"L_prim_km":5.0,"DA_prim_km2":0.86,"density":5.86,"pen_pct":20.0,"contact_slope_deg":30.2,"relief_1km_m":181.0,"incision_m":29.0,"slope200_deg":17.6,"grad300_pct":13.8,"grad_prim_pct":10.2,"prim_len_m":1208.0,"ext_len_m":2355.0,"S":0.483,"D":0.908,"E":0.909,"I":0.722,"Tt":0.533,"Rg":1.0,"G":1.0,"dist_outline_km":0.0,"doc_nearest":"Section 95 - Drip Rock (KY-89 roadcut)","doc_nearest_km":5.8,"doc_on_reach":"","report_on_reach":"","fault_dist_m":2198.0,"shares_reach_with_rank":null,"reasons":["Mapped Nada/Renfro contact on Panola GQ (verified from the map legend)","Concentrated source: 5.9 km of contact per km\u00b2 of drainage (little dilution)","Little Pennsylvanian sandstone upstream (20% of drainage) \u2014 fewer look-alike clasts","Steep slopes along the upstream contact (mean 30\u00b0) \u2014 active erosion/replenishment","Inside the KGS general Kentucky-agate area outline"],"negatives":["Steep reach (10.2%) \u2014 few bars; search pools, boulder lags and bank toes","Source channel is not in NHD \u2014 likely dry except after rain"],"evidence_quality":"B \u2014 verified contact inside KGS agate area; no measured section on this drainage","citation":"Geologic map of the Panola quadrangle, Estill and Madison Counties, Kentucky | Robert C. Greene | 1968 (GQ-686)","walk_start":[37.62997,-84.00148],"source_zone_end":[37.63504,-84.00966]}},{"type":"Feature","geometry":{"type":"Point","coordinates":[-84.1166,37.5694]},"properties":{"id":5514,"rank":61,"priority":"MODERATE TARGET","score":75.3,"lat":37.5694,"lon":-84.1166,"county":"Madison","quad":"Alcorn","gq":"GQ-963","stream":"Unnamed ravine / small hollow, tributary to Shirley Branch","channel":"ravine / small hollow","nhd":"not in NHD \u2014 DEM-derived channel (likely ephemeral hollow)","contact_class":"VERIFIED TARGET CONTACT","geo_conf":"High","line_symbol":"Mbna","polygon_pair":"Mb|Msla","contact_style":"CONTACT","unit_below":"Nada Member (Mbna), Borden Fm","unit_above":"Renfro Member (mapped Mbr on the GQ; merged into Slade Fm polygon Msla in KGS digital data)","interpretation":"Base of Renfro Member (Mbr) on top of Nada Member (Mbna). GQ-963 maps Renfro separately; KGS digital compilation merged Renfro into the Slade Formation polygon (Msla), so this line is the mapped Nada/Renfro contact.","facies":"Along/east of the projected Locust Branch Fault trend: Renfro 6.3\u20139.7 m resting on Nada shale (Dever 1999, sections 88\u201395); brecciated dolomite with quartz bodies as far NE as Drip Rock; epigenetic Zn-Pb at Rock Lick Creek shows fluid flow on this trend.","elev_m":349.0,"da_cross_km2":0.091,"L_prim_km":4.2,"DA_prim_km2":0.74,"density":5.69,"pen_pct":12.0,"contact_slope_deg":25.8,"relief_1km_m":226.0,"incision_m":29.0,"slope200_deg":20.2,"grad300_pct":19.8,"grad_prim_pct":9.1,"prim_len_m":1207.0,"ext_len_m":2909.0,"S":0.444,"D":0.91,"E":0.69,"I":0.862,"Tt":0.618,"Rg":1.0,"G":1.0,"dist_outline_km":0.0,"doc_nearest":"Section 87 - Owsley Fork","doc_nearest_km":5.3,"doc_on_reach":"","report_on_reach":"","fault_dist_m":4252.0,"shares_reach_with_rank":null,"reasons":["Mapped Nada/Renfro contact on Alcorn GQ (verified from the map legend)","Concentrated source: 5.7 km of contact per km\u00b2 of drainage (little dilution)","Little Pennsylvanian sandstone upstream (12% of drainage) \u2014 fewer look-alike clasts","Steep slopes along the upstream contact (mean 26\u00b0) \u2014 active erosion/replenishment","Inside the KGS general Kentucky-agate area outline"],"negatives":["Small source supply (4.2 km of contact upstream of reach end)","Steep reach (9.1%) \u2014 few bars; search pools, boulder lags and bank toes","Source channel is not in NHD \u2014 likely dry except after rain"],"evidence_quality":"B \u2014 verified contact inside KGS agate area; no measured section on this drainage","citation":"Geologic map of the Alcorn quadrangle, east-central Kentucky | Charles L. Rice | 1972 (GQ-963)","walk_start":[37.57659,-84.10824],"source_zone_end":[37.5701,-84.11573]}},{"type":"Feature","geometry":{"type":"Point","coordinates":[-84.0052,37.5618]},"properties":{"id":6828,"rank":62,"priority":"MODERATE TARGET","score":75.3,"lat":37.5618,"lon":-84.0052,"county":"Jackson","quad":"Alcorn","gq":"GQ-963","stream":"Unnamed ravine / small hollow, tributary to South Fork Station Camp Creek","channel":"ravine / small hollow","nhd":"intermittent (NHD)","contact_class":"VERIFIED TARGET CONTACT","geo_conf":"High","line_symbol":"Mbna","polygon_pair":"Mb|Msla","contact_style":"CONTACT","unit_below":"Nada Member (Mbna), Borden Fm","unit_above":"Renfro Member (mapped Mbr on the GQ; merged into Slade Fm polygon Msla in KGS digital data)","interpretation":"Base of Renfro Member (Mbr) on top of Nada Member (Mbna). GQ-963 maps Renfro separately; KGS digital compilation merged Renfro into the Slade Formation polygon (Msla), so this line is the mapped Nada/Renfro contact.","facies":"Along/east of the projected Locust Branch Fault trend: Renfro 6.3\u20139.7 m resting on Nada shale (Dever 1999, sections 88\u201395); brecciated dolomite with quartz bodies as far NE as Drip Rock; epigenetic Zn-Pb at Rock Lick Creek shows fluid flow on this trend.","elev_m":304.0,"da_cross_km2":0.394,"L_prim_km":110.9,"DA_prim_km2":100.93,"density":1.1,"pen_pct":62.0,"contact_slope_deg":29.3,"relief_1km_m":194.0,"incision_m":38.0,"slope200_deg":21.4,"grad300_pct":16.7,"grad_prim_pct":8.5,"prim_len_m":848.0,"ext_len_m":848.0,"S":1.0,"D":0.086,"E":0.864,"I":0.886,"Tt":0.665,"Rg":1.0,"G":1.0,"dist_outline_km":0.0,"doc_nearest":"Section 89 - Rock Lick Creek ('Platinum Mine' prospect)","doc_nearest_km":3.4,"doc_on_reach":"","report_on_reach":"South Fork Station Camp Creek","fault_dist_m":7262.0,"shares_reach_with_rank":null,"reasons":["Mapped Nada/Renfro contact on Alcorn GQ (verified from the map legend)","Large source supply: 110.9 km of mapped target contact drains into the primary search reach","Steep slopes along the upstream contact (mean 29\u00b0) \u2014 active erosion/replenishment","Deeply incised channel at the contact (38 m below the \u00b1200 m mean surface)","Inside the KGS general Kentucky-agate area outline"],"negatives":["Diluted: only 1.1 km contact per km\u00b2 drainage","62% of drainage is Pennsylvanian sandstone/conglomerate \u2014 abundant non-target gravel","Steep reach (8.5%) \u2014 few bars; search pools, boulder lags and bank toes"],"evidence_quality":"A \u2014 verified contact, documented technical locality within 5 km in the same facies belt","citation":"Geologic map of the Alcorn quadrangle, east-central Kentucky | Charles L. Rice | 1972 (GQ-963)","walk_start":[37.56173,-83.99675],"source_zone_end":[37.56209,-84.00398]}},{"type":"Feature","geometry":{"type":"Point","coordinates":[-84.1289,37.5797]},"properties":{"id":1772,"rank":63,"priority":"MODERATE TARGET","score":75.3,"lat":37.5797,"lon":-84.1289,"county":"Madison","quad":"Bighill","gq":"GQ-900","stream":"Unnamed hollow head, tributary to Red Lick Creek","channel":"hollow head","nhd":"not in NHD \u2014 DEM-derived channel (likely ephemeral hollow)","contact_class":"VERIFIED TARGET CONTACT","geo_conf":"High","line_symbol":"Mbna","polygon_pair":"Mb|Msla","contact_style":"CONTACT","unit_below":"Nada Member (Mbna), Borden Fm","unit_above":"Renfro Member (mapped Mbr on the GQ; merged into Slade Fm polygon Msla in KGS digital data)","interpretation":"Base of Renfro Member (Mbr) on top of Nada Member (Mbna), GQ-900.","facies":"West of the projected Locust Branch Fault trend: thick Renfro (16.7\u201317.5 m) with a cherty, geodiferous basal dolomite 1.5\u20135 m thick (Dever 1999, sections 83, 87); silica (chalcedony+quartz) geodes replacing upper Nada dolostone at KSPG Stop 6B.","elev_m":353.0,"da_cross_km2":0.017,"L_prim_km":5.1,"DA_prim_km2":0.9,"density":5.67,"pen_pct":7.0,"contact_slope_deg":27.0,"relief_1km_m":211.0,"incision_m":25.0,"slope200_deg":20.2,"grad300_pct":23.3,"grad_prim_pct":10.1,"prim_len_m":1202.0,"ext_len_m":2279.0,"S":0.487,"D":0.923,"E":0.752,"I":0.777,"Tt":0.546,"Rg":1.0,"G":1.0,"dist_outline_km":0.0,"doc_nearest":"Section 87 - Owsley Fork","doc_nearest_km":6.3,"doc_on_reach":"","report_on_reach":"","fault_dist_m":3095.0,"shares_reach_with_rank":null,"reasons":["Mapped Nada/Renfro contact on Bighill GQ (verified from the map legend)","Concentrated source: 5.7 km of contact per km\u00b2 of drainage (little dilution)","Little Pennsylvanian sandstone upstream (7% of drainage) \u2014 fewer look-alike clasts","Steep slopes along the upstream contact (mean 27\u00b0) \u2014 active erosion/replenishment","Inside the KGS general Kentucky-agate area outline"],"negatives":["Steep reach (10.1%) \u2014 few bars; search pools, boulder lags and bank toes","Source channel is not in NHD \u2014 likely dry except after rain"],"evidence_quality":"B \u2014 verified contact inside KGS agate area; no measured section on this drainage","citation":"Geologic map of the Bighill quadrangle, east-central Kentucky | Gordon Whitney Weir, K. Y. Lee, and P.E. Cassity | 1971 (GQ-900)","walk_start":[37.58128,-84.13817],"source_zone_end":[37.57908,-84.1292]}},{"type":"Feature","geometry":{"type":"Point","coordinates":[-83.8949,37.7788]},"properties":{"id":1908,"rank":64,"priority":"MODERATE TARGET","score":75.2,"lat":37.7788,"lon":-83.8949,"county":"Powell","quad":"Clay City","gq":"GQ-663","stream":"Unnamed hollow head, tributary to Ballard Branch","channel":"hollow head","nhd":"not in NHD \u2014 DEM-derived channel (likely ephemeral hollow)","contact_class":"VERIFIED TARGET CONTACT","geo_conf":"High","line_symbol":"Mb","polygon_pair":"Mb|Msla","contact_style":"CONTACT","unit_below":"Borden Fm","unit_above":"Renfro Member","interpretation":"Base of Renfro Member (Mbr) on Nada Member (Mbna); GQ-663 legend maps Mbr, Mbna and Mbc separately. The KGS digital line carries the generic symbol Mb because Renfro was merged into the Slade polygon.","facies":"Northeast part of the belt: Renfro thin (GQ legends: ~5\u201310 ft in Powell County) and mapped with the Nada; the Nada/Renfro contact lies only a few feet to ~10 m below the mapped line. Historic collecting centre (Irvine\u2013Estill\u2013Powell).","elev_m":336.0,"da_cross_km2":0.018,"L_prim_km":12.0,"DA_prim_km2":2.3,"density":5.21,"pen_pct":4.0,"contact_slope_deg":24.6,"relief_1km_m":201.0,"incision_m":13.0,"slope200_deg":19.0,"grad300_pct":26.3,"grad_prim_pct":9.9,"prim_len_m":1207.0,"ext_len_m":4019.0,"S":0.69,"D":0.856,"E":0.632,"I":0.597,"Tt":0.557,"Rg":1.0,"G":1.0,"dist_outline_km":0.0,"doc_nearest":"Section 95 - Drip Rock (KY-89 roadcut)","doc_nearest_km":21.0,"doc_on_reach":"","report_on_reach":"","fault_dist_m":833.0,"shares_reach_with_rank":null,"reasons":["Mapped Nada/Renfro contact on Clay City GQ (verified from the map legend)","Concentrated source: 5.2 km of contact per km\u00b2 of drainage (little dilution)","Little Pennsylvanian sandstone upstream (4% of drainage) \u2014 fewer look-alike clasts","Inside the KGS general Kentucky-agate area outline"],"negatives":["Steep reach (9.9%) \u2014 few bars; search pools, boulder lags and bank toes","Source channel is not in NHD \u2014 likely dry except after rain"],"evidence_quality":"B \u2014 verified contact inside KGS agate area; no measured section on this drainage","citation":"Geologic map of the Clay City quadrangle, Powell and Estill Counties, Kentucky | George Clarke Simmons | 1967 (GQ-663)","walk_start":[37.78495,-83.90418],"source_zone_end":[37.77913,-83.89534]}},{"type":"Feature","geometry":{"type":"Point","coordinates":[-83.9293,37.7167]},"properties":{"id":4432,"rank":65,"priority":"MODERATE TARGET","score":75.1,"lat":37.7167,"lon":-83.9293,"county":"Estill","quad":"Irvine","gq":"GQ-1285","stream":"Unnamed hollow head, tributary to Campbell Creek","channel":"hollow head","nhd":"not in NHD \u2014 DEM-derived channel (likely ephemeral hollow)","contact_class":"VERIFIED TARGET CONTACT (combined-unit top)","geo_conf":"Moderate-high","line_symbol":"Mbna","polygon_pair":"Mb|Msla","contact_style":"SECONDARY","unit_below":"Renfro and Nada Members, undivided (Mbrn) \u2014 digital polygon Mb","unit_above":"St. Louis Limestone Member of Newman/Slade (Msla) above the combined Renfro+Nada unit (Mbrn)","interpretation":"Top of mapped Renfro+Nada unit (Mbrn), GQ-1285. The Nada/Renfro contact itself is not drawn; it lies one Renfro thickness below this line (Renfro thickest NE, thinnest near Wagersville).","facies":"Northeast part of the belt: Renfro thin (GQ legends: ~5\u201310 ft in Powell County) and mapped with the Nada; the Nada/Renfro contact lies only a few feet to ~10 m below the mapped line. Historic collecting centre (Irvine\u2013Estill\u2013Powell).","elev_m":357.0,"da_cross_km2":0.048,"L_prim_km":16.2,"DA_prim_km2":3.32,"density":4.88,"pen_pct":14.0,"contact_slope_deg":34.7,"relief_1km_m":195.0,"incision_m":23.0,"slope200_deg":17.1,"grad300_pct":24.0,"grad_prim_pct":12.6,"prim_len_m":1206.0,"ext_len_m":4018.0,"S":0.766,"D":0.773,"E":1.0,"I":0.699,"Tt":0.4,"Rg":1.0,"G":0.95,"dist_outline_km":0.0,"doc_nearest":"Section 95 - Drip Rock (KY-89 roadcut)","doc_nearest_km":13.6,"doc_on_reach":"","report_on_reach":"","fault_dist_m":122.0,"shares_reach_with_rank":null,"reasons":["Mapped top of the Renfro+Nada unit; target contact lies a few feet to ~10 m lower in the same channel","Little Pennsylvanian sandstone upstream (14% of drainage) \u2014 fewer look-alike clasts","Steep slopes along the upstream contact (mean 35\u00b0) \u2014 active erosion/replenishment","Inside the KGS general Kentucky-agate area outline","Mapped fault 122 m away (reported only, not scored)"],"negatives":["Nada/Renfro contact not drawn separately on this quadrangle","Steep reach (12.6%) \u2014 few bars; search pools, boulder lags and bank toes","Source channel is not in NHD \u2014 likely dry except after rain"],"evidence_quality":"B \u2014 verified contact inside KGS agate area; no measured section on this drainage","citation":"Geologic map of the Irvine quadrangle, Estill County, Kentucky | Harry P. Hoge, Perry Braswell Wigley, and Fred R. Shawe | 1976 (GQ-1285)","walk_start":[37.70734,-83.93418],"source_zone_end":[37.71605,-83.92928]}},{"type":"Feature","geometry":{"type":"Point","coordinates":[-84.2577,37.5196]},"properties":{"id":4527,"rank":66,"priority":"MODERATE TARGET","score":75.1,"lat":37.5196,"lon":-84.2577,"county":"Madison","quad":"Berea","gq":"GQ-649","stream":"Unnamed ravine / small hollow, tributary to West Fork Silver Creek","channel":"ravine / small hollow","nhd":"not in NHD \u2014 DEM-derived channel (likely ephemeral hollow)","contact_class":"VERIFIED TARGET CONTACT","geo_conf":"High","line_symbol":"Mbna","polygon_pair":"Mb|Msla","contact_style":"CONTACT","unit_below":"Nada Member (Mbna), Borden Fm","unit_above":"Renfro Member (mapped Mbr on the GQ; merged into Slade Fm polygon Msla in KGS digital data)","interpretation":"Base of Renfro Member (Mbr) on top of Nada Member (Mbna), GQ-649. Glauconitic clayey siltstone seam (to 0.2 ft) marks top of Nada.","facies":"West of the projected Locust Branch Fault trend: thick Renfro (16.7\u201317.5 m) with a cherty, geodiferous basal dolomite 1.5\u20135 m thick (Dever 1999, sections 83, 87); silica (chalcedony+quartz) geodes replacing upper Nada dolostone at KSPG Stop 6B.","elev_m":401.0,"da_cross_km2":0.05,"L_prim_km":8.7,"DA_prim_km2":1.31,"density":6.6,"pen_pct":16.0,"contact_slope_deg":20.0,"relief_1km_m":135.0,"incision_m":28.0,"slope200_deg":15.9,"grad300_pct":11.8,"grad_prim_pct":5.5,"prim_len_m":1209.0,"ext_len_m":4019.0,"S":0.611,"D":0.942,"E":0.4,"I":0.545,"Tt":0.885,"Rg":1.0,"G":1.0,"dist_outline_km":0.0,"doc_nearest":"KSPG 2013 Stop 6B - Bighill roadcut, US-421","doc_nearest_km":4.2,"doc_on_reach":"","report_on_reach":"","fault_dist_m":8059.0,"shares_reach_with_rank":null,"reasons":["Mapped Nada/Renfro contact on Berea GQ (verified from the map legend)","Concentrated source: 6.6 km of contact per km\u00b2 of drainage (little dilution)","Little Pennsylvanian sandstone upstream (16% of drainage) \u2014 fewer look-alike clasts","Inside the KGS general Kentucky-agate area outline"],"negatives":["Source channel is not in NHD \u2014 likely dry except after rain"],"evidence_quality":"A \u2014 verified contact, documented technical locality within 5 km in the same facies belt","citation":"Geologic map of the Berea quadrangle, east-central Kentucky | Gordon Whitney Weir | 1967 (GQ-649)","walk_start":[37.52201,-84.26828],"source_zone_end":[37.51982,-84.25931]}},{"type":"Feature","geometry":{"type":"Point","coordinates":[-84.1402,37.5633]},"properties":{"id":5161,"rank":67,"priority":"MODERATE TARGET","score":75.1,"lat":37.5633,"lon":-84.1402,"county":"Jackson","quad":"Bighill","gq":"GQ-900","stream":"Unnamed ravine / small hollow","channel":"ravine / small hollow","nhd":"not in NHD \u2014 DEM-derived channel (likely ephemeral hollow)","contact_class":"VERIFIED TARGET CONTACT","geo_conf":"High","line_symbol":"Mbna","polygon_pair":"Mb|Msla","contact_style":"CONTACT","unit_below":"Nada Member (Mbna), Borden Fm","unit_above":"Renfro Member (mapped Mbr on the GQ; merged into Slade Fm polygon Msla in KGS digital data)","interpretation":"Base of Renfro Member (Mbr) on top of Nada Member (Mbna), GQ-900.","facies":"West of the projected Locust Branch Fault trend: thick Renfro (16.7\u201317.5 m) with a cherty, geodiferous basal dolomite 1.5\u20135 m thick (Dever 1999, sections 83, 87); silica (chalcedony+quartz) geodes replacing upper Nada dolostone at KSPG Stop 6B.","elev_m":347.0,"da_cross_km2":0.072,"L_prim_km":7.0,"DA_prim_km2":1.21,"density":5.73,"pen_pct":7.0,"contact_slope_deg":22.9,"relief_1km_m":156.0,"incision_m":33.0,"slope200_deg":18.5,"grad300_pct":17.9,"grad_prim_pct":8.3,"prim_len_m":1222.0,"ext_len_m":3299.0,"S":0.558,"D":0.933,"E":0.544,"I":0.682,"Tt":0.679,"Rg":1.0,"G":1.0,"dist_outline_km":0.0,"doc_nearest":"Section 87 - Owsley Fork","doc_nearest_km":4.5,"doc_on_reach":"","report_on_reach":"","fault_dist_m":5080.0,"shares_reach_with_rank":null,"reasons":["Mapped Nada/Renfro contact on Bighill GQ (verified from the map legend)","Concentrated source: 5.7 km of contact per km\u00b2 of drainage (little dilution)","Little Pennsylvanian sandstone upstream (7% of drainage) \u2014 fewer look-alike clasts","Deeply incised channel at the contact (33 m below the \u00b1200 m mean surface)","Inside the KGS general Kentucky-agate area outline"],"negatives":["Steep reach (8.3%) \u2014 few bars; search pools, boulder lags and bank toes","Source channel is not in NHD \u2014 likely dry except after rain"],"evidence_quality":"A \u2014 verified contact, documented technical locality within 5 km in the same facies belt","citation":"Geologic map of the Bighill quadrangle, east-central Kentucky | Gordon Whitney Weir, K. Y. Lee, and P.E. Cassity | 1971 (GQ-900)","walk_start":[37.57289,-84.14121],"source_zone_end":[37.5642,-84.13973]}},{"type":"Feature","geometry":{"type":"Point","coordinates":[-83.91,37.6064]},"properties":{"id":2364,"rank":68,"priority":"MODERATE TARGET","score":74.9,"lat":37.6064,"lon":-83.91,"county":"Estill","quad":"Leighton","gq":"GQ-1495","stream":"Unnamed hollow head, tributary to Searcy Branch","channel":"hollow head","nhd":"not in NHD \u2014 DEM-derived channel (likely ephemeral hollow)","contact_class":"VERIFIED TARGET CONTACT (combined-unit top)","geo_conf":"Moderate-high","line_symbol":"Mbna","polygon_pair":"Mb|Msla","contact_style":"SECONDARY","unit_below":"Renfro and Nada Members, undivided (Mbrn) \u2014 digital polygon Mb","unit_above":"St. Louis Limestone Member of Newman/Slade (Msla) above the combined Renfro+Nada unit (Mbrn)","interpretation":"Top of mapped Renfro+Nada unit (Mbrn), GQ-1495. Nada: greenish and grayish-red shale with mid-unit glauconitic seam and silty dolomite beds near top.","facies":"Along/east of the projected Locust Branch Fault trend: Renfro 6.3\u20139.7 m resting on Nada shale (Dever 1999, sections 88\u201395); brecciated dolomite with quartz bodies as far NE as Drip Rock; epigenetic Zn-Pb at Rock Lick Creek shows fluid flow on this trend.","elev_m":296.0,"da_cross_km2":0.02,"L_prim_km":13.3,"DA_prim_km2":2.93,"density":4.53,"pen_pct":40.0,"contact_slope_deg":28.9,"relief_1km_m":197.0,"incision_m":33.0,"slope200_deg":21.1,"grad300_pct":17.1,"grad_prim_pct":8.0,"prim_len_m":1217.0,"ext_len_m":1650.0,"S":0.716,"D":0.649,"E":0.844,"I":0.835,"Tt":0.702,"Rg":1.0,"G":0.95,"dist_outline_km":0.0,"doc_nearest":"Section 95 - Drip Rock (KY-89 roadcut)","doc_nearest_km":4.9,"doc_on_reach":"","report_on_reach":"","fault_dist_m":9781.0,"shares_reach_with_rank":null,"reasons":["Mapped top of the Renfro+Nada unit; target contact lies a few feet to ~10 m lower in the same channel","Steep slopes along the upstream contact (mean 29\u00b0) \u2014 active erosion/replenishment","Deeply incised channel at the contact (33 m below the \u00b1200 m mean surface)","Inside the KGS general Kentucky-agate area outline"],"negatives":["Nada/Renfro contact not drawn separately on this quadrangle","Source channel is not in NHD \u2014 likely dry except after rain"],"evidence_quality":"B \u2014 verified contact inside KGS agate area; no measured section on this drainage","citation":"Geologic map of the Leighton quadrangle, east-central Kentucky | Donald C. Haney and Charles L. Rice | 1978 (GQ-1495)","walk_start":[37.60205,-83.91812],"source_zone_end":[37.60561,-83.90982]}},{"type":"Feature","geometry":{"type":"Point","coordinates":[-84.0283,37.5874]},"properties":{"id":6329,"rank":69,"priority":"MODERATE TARGET","score":74.8,"lat":37.5874,"lon":-84.0283,"county":"Estill","quad":"Alcorn","gq":"GQ-963","stream":"Unnamed ravine / small hollow, tributary to Sang Branch","channel":"ravine / small hollow","nhd":"intermittent (NHD)","contact_class":"VERIFIED TARGET CONTACT","geo_conf":"High","line_symbol":"Mbna","polygon_pair":"Mb|Msla","contact_style":"CONTACT","unit_below":"Nada Member (Mbna), Borden Fm","unit_above":"Renfro Member (mapped Mbr on the GQ; merged into Slade Fm polygon Msla in KGS digital data)","interpretation":"Base of Renfro Member (Mbr) on top of Nada Member (Mbna). GQ-963 maps Renfro separately; KGS digital compilation merged Renfro into the Slade Formation polygon (Msla), so this line is the mapped Nada/Renfro contact.","facies":"Along/east of the projected Locust Branch Fault trend: Renfro 6.3\u20139.7 m resting on Nada shale (Dever 1999, sections 88\u201395); brecciated dolomite with quartz bodies as far NE as Drip Rock; epigenetic Zn-Pb at Rock Lick Creek shows fluid flow on this trend.","elev_m":321.0,"da_cross_km2":0.194,"L_prim_km":6.3,"DA_prim_km2":1.64,"density":3.83,"pen_pct":31.0,"contact_slope_deg":30.5,"relief_1km_m":229.0,"incision_m":42.0,"slope200_deg":21.6,"grad300_pct":20.6,"grad_prim_pct":9.6,"prim_len_m":1217.0,"ext_len_m":1924.0,"S":0.535,"D":0.57,"E":0.923,"I":1.0,"Tt":0.581,"Rg":1.0,"G":1.0,"dist_outline_km":0.0,"doc_nearest":"Section 89 - Rock Lick Creek ('Platinum Mine' prospect)","doc_nearest_km":5.0,"doc_on_reach":"","report_on_reach":"","fault_dist_m":4047.0,"shares_reach_with_rank":null,"reasons":["Mapped Nada/Renfro contact on Alcorn GQ (verified from the map legend)","Steep slopes along the upstream contact (mean 30\u00b0) \u2014 active erosion/replenishment","Deeply incised channel at the contact (42 m below the \u00b1200 m mean surface)","Inside the KGS general Kentucky-agate area outline"],"negatives":["Steep reach (9.6%) \u2014 few bars; search pools, boulder lags and bank toes"],"evidence_quality":"B \u2014 verified contact inside KGS agate area; no measured section on this drainage","citation":"Geologic map of the Alcorn quadrangle, east-central Kentucky | Charles L. Rice | 1972 (GQ-963)","walk_start":[37.59701,-84.03067],"source_zone_end":[37.58812,-84.0283]}},{"type":"Feature","geometry":{"type":"Point","coordinates":[-84.0747,37.5732]},"properties":{"id":5057,"rank":70,"priority":"MODERATE TARGET","score":74.7,"lat":37.5732,"lon":-84.0747,"county":"Estill","quad":"Alcorn","gq":"GQ-963","stream":"Unnamed ravine / small hollow","channel":"ravine / small hollow","nhd":"not in NHD \u2014 DEM-derived channel (likely ephemeral hollow)","contact_class":"VERIFIED TARGET CONTACT","geo_conf":"High","line_symbol":"Mbna","polygon_pair":"Mb|Msla","contact_style":"CONTACT","unit_below":"Nada Member (Mbna), Borden Fm","unit_above":"Renfro Member (mapped Mbr on the GQ; merged into Slade Fm polygon Msla in KGS digital data)","interpretation":"Base of Renfro Member (Mbr) on top of Nada Member (Mbna). GQ-963 maps Renfro separately; KGS digital compilation merged Renfro into the Slade Formation polygon (Msla), so this line is the mapped Nada/Renfro contact.","facies":"Along/east of the projected Locust Branch Fault trend: Renfro 6.3\u20139.7 m resting on Nada shale (Dever 1999, sections 88\u201395); brecciated dolomite with quartz bodies as far NE as Drip Rock; epigenetic Zn-Pb at Rock Lick Creek shows fluid flow on this trend.","elev_m":342.0,"da_cross_km2":0.068,"L_prim_km":4.1,"DA_prim_km2":0.78,"density":5.21,"pen_pct":4.0,"contact_slope_deg":32.6,"relief_1km_m":185.0,"incision_m":27.0,"slope200_deg":18.3,"grad300_pct":19.7,"grad_prim_pct":9.4,"prim_len_m":1202.0,"ext_len_m":2316.0,"S":0.438,"D":0.857,"E":1.0,"I":0.709,"Tt":0.596,"Rg":1.0,"G":1.0,"dist_outline_km":0.0,"doc_nearest":"Section 89 - Rock Lick Creek ('Platinum Mine' prospect)","doc_nearest_km":4.9,"doc_on_reach":"","report_on_reach":"","fault_dist_m":3815.0,"shares_reach_with_rank":null,"reasons":["Mapped Nada/Renfro contact on Alcorn GQ (verified from the map legend)","Concentrated source: 5.2 km of contact per km\u00b2 of drainage (little dilution)","Little Pennsylvanian sandstone upstream (4% of drainage) \u2014 fewer look-alike clasts","Steep slopes along the upstream contact (mean 33\u00b0) \u2014 active erosion/replenishment","Inside the KGS general Kentucky-agate area outline"],"negatives":["Small source supply (4.1 km of contact upstream of reach end)","Steep reach (9.4%) \u2014 few bars; search pools, boulder lags and bank toes","Source channel is not in NHD \u2014 likely dry except after rain"],"evidence_quality":"A \u2014 verified contact, documented technical locality within 5 km in the same facies belt","citation":"Geologic map of the Alcorn quadrangle, east-central Kentucky | Charles L. Rice | 1972 (GQ-963)","walk_start":[37.58166,-84.07294],"source_zone_end":[37.57377,-84.07438]}},{"type":"Feature","geometry":{"type":"Point","coordinates":[-84.0617,37.5451]},"properties":{"id":3689,"rank":71,"priority":"MODERATE TARGET","score":74.6,"lat":37.5451,"lon":-84.0617,"county":"Jackson","quad":"Alcorn","gq":"GQ-963","stream":"Unnamed hollow head, tributary to Rock Lick Creek","channel":"hollow head","nhd":"intermittent (NHD)","contact_class":"VERIFIED TARGET CONTACT","geo_conf":"High","line_symbol":"Mbna","polygon_pair":"Mb|Msla","contact_style":"CONTACT","unit_below":"Nada Member (Mbna), Borden Fm","unit_above":"Renfro Member (mapped Mbr on the GQ; merged into Slade Fm polygon Msla in KGS digital data)","interpretation":"Base of Renfro Member (Mbr) on top of Nada Member (Mbna). GQ-963 maps Renfro separately; KGS digital compilation merged Renfro into the Slade Formation polygon (Msla), so this line is the mapped Nada/Renfro contact.","facies":"Along/east of the projected Locust Branch Fault trend: Renfro 6.3\u20139.7 m resting on Nada shale (Dever 1999, sections 88\u201395); brecciated dolomite with quartz bodies as far NE as Drip Rock; epigenetic Zn-Pb at Rock Lick Creek shows fluid flow on this trend.","elev_m":308.0,"da_cross_km2":0.034,"L_prim_km":31.5,"DA_prim_km2":28.76,"density":1.1,"pen_pct":72.0,"contact_slope_deg":24.2,"relief_1km_m":173.0,"incision_m":40.0,"slope200_deg":21.7,"grad300_pct":5.4,"grad_prim_pct":3.0,"prim_len_m":1219.0,"ext_len_m":4006.0,"S":0.937,"D":0.131,"E":0.612,"I":0.829,"Tt":1.0,"Rg":1.0,"G":1.0,"dist_outline_km":0.0,"doc_nearest":"Section 89 - Rock Lick Creek ('Platinum Mine' prospect)","doc_nearest_km":2.3,"doc_on_reach":"Section 89 - Rock Lick Creek ('Platinum Mine' prospect)","report_on_reach":"Rock Lick Creek","fault_dist_m":7132.0,"shares_reach_with_rank":null,"reasons":["Mapped Nada/Renfro contact on Alcorn GQ (verified from the map legend)","Large source supply: 31.5 km of mapped target contact drains into the primary search reach","Deeply incised channel at the contact (40 m below the \u00b1200 m mean surface)","Moderate reach gradient (3.0%) \u2014 gravel bars likely","Inside the KGS general Kentucky-agate area outline","2.3 km from documented locality: Section 89 - Rock Lick Creek ('Platinum Mine' prospect)"],"negatives":["Diluted: only 1.1 km contact per km\u00b2 drainage","72% of drainage is Pennsylvanian sandstone/conglomerate \u2014 abundant non-target gravel"],"evidence_quality":"A \u2014 verified contact, documented technical locality within 5 km in the same facies belt","citation":"Geologic map of the Alcorn quadrangle, east-central Kentucky | Charles L. Rice | 1972 (GQ-963)","walk_start":[37.54273,-84.05093],"source_zone_end":[37.54438,-84.05924]}},{"type":"Feature","geometry":{"type":"Point","coordinates":[-83.7525,37.8782]},"properties":{"id":644,"rank":72,"priority":"MODERATE TARGET","score":74.5,"lat":37.8782,"lon":-83.7525,"county":"Powell","quad":"Means","gq":"GQ-1324","stream":"Unnamed hollow head, tributary to Right Fork Cane Creek","channel":"hollow head","nhd":"not in NHD \u2014 DEM-derived channel (likely ephemeral hollow)","contact_class":"VERIFIED TARGET CONTACT (combined-unit top)","geo_conf":"Moderate-high","line_symbol":"Mbna","polygon_pair":"Mb|Msla","contact_style":"SECONDARY","unit_below":"Renfro and Nada Members, undivided (Mbrn) \u2014 digital polygon Mb","unit_above":"St. Louis Limestone Member of Newman/Slade (Msla) above the combined Renfro+Nada unit (Mbrn)","interpretation":"Top of mapped Renfro+Nada unit (Mbrn), GQ-1324. Target contact lies one Renfro thickness below this line.","facies":"Northeast part of the belt: Renfro thin (GQ legends: ~5\u201310 ft in Powell County) and mapped with the Nada; the Nada/Renfro contact lies only a few feet to ~10 m below the mapped line. Historic collecting centre (Irvine\u2013Estill\u2013Powell).","elev_m":307.0,"da_cross_km2":0.013,"L_prim_km":101.6,"DA_prim_km2":15.39,"density":6.6,"pen_pct":25.0,"contact_slope_deg":18.1,"relief_1km_m":190.0,"incision_m":21.0,"slope200_deg":21.9,"grad300_pct":20.6,"grad_prim_pct":7.7,"prim_len_m":1209.0,"ext_len_m":4026.0,"S":1.0,"D":0.914,"E":0.306,"I":0.656,"Tt":0.726,"Rg":0.75,"G":0.95,"dist_outline_km":4.7,"doc_nearest":"Section 95 - Drip Rock (KY-89 roadcut)","doc_nearest_km":36.3,"doc_on_reach":"","report_on_reach":"","fault_dist_m":10491.0,"shares_reach_with_rank":null,"reasons":["Mapped top of the Renfro+Nada unit; target contact lies a few feet to ~10 m lower in the same channel","Large source supply: 101.6 km of mapped target contact drains into the primary search reach","Concentrated source: 6.6 km of contact per km\u00b2 of drainage (little dilution)"],"negatives":["Nada/Renfro contact not drawn separately on this quadrangle","4.7 km outside the KGS general agate area","Source channel is not in NHD \u2014 likely dry except after rain"],"evidence_quality":"C \u2014 verified contact outside the documented agate area","citation":"Geologic map of the Means quadrangle, east-central Kentucky | Gordon Whitney Weir | 1976 (GQ-1324)","walk_start":[37.87406,-83.76042],"source_zone_end":[37.87837,-83.75341]}},{"type":"Feature","geometry":{"type":"Point","coordinates":[-83.8554,37.7992]},"properties":{"id":6017,"rank":73,"priority":"MODERATE TARGET","score":74.5,"lat":37.7992,"lon":-83.8554,"county":"Powell","quad":"Stanton","gq":"GQ-1182","stream":"Unnamed ravine / small hollow, tributary to Hatton Creek","channel":"ravine / small hollow","nhd":"not in NHD \u2014 DEM-derived channel (likely ephemeral hollow)","contact_class":"VERIFIED TARGET CONTACT (combined-unit top)","geo_conf":"Moderate-high","line_symbol":"Mbna","polygon_pair":"Mb|Msla","contact_style":"SECONDARY","unit_below":"Renfro and Nada Members, undivided (Mbrn) \u2014 digital polygon Mb","unit_above":"St. Louis Limestone Member of Newman/Slade (Msla) above the combined Renfro+Nada unit (Mbrn)","interpretation":"Top of mapped Renfro+Nada unit (Mbrn), GQ-1182. Renfro commonly about 5 ft thick, so the target contact lies a few feet below this line.","facies":"Northeast part of the belt: Renfro thin (GQ legends: ~5\u201310 ft in Powell County) and mapped with the Nada; the Nada/Renfro contact lies only a few feet to ~10 m below the mapped line. Historic collecting centre (Irvine\u2013Estill\u2013Powell).","elev_m":339.0,"da_cross_km2":0.137,"L_prim_km":9.5,"DA_prim_km2":1.71,"density":5.57,"pen_pct":4.0,"contact_slope_deg":27.1,"relief_1km_m":171.0,"incision_m":30.0,"slope200_deg":17.7,"grad300_pct":18.8,"grad_prim_pct":9.0,"prim_len_m":1219.0,"ext_len_m":4012.0,"S":0.634,"D":0.915,"E":0.756,"I":0.697,"Tt":0.627,"Rg":1.0,"G":0.95,"dist_outline_km":0.0,"doc_nearest":"Section 95 - Drip Rock (KY-89 roadcut)","doc_nearest_km":24.4,"doc_on_reach":"","report_on_reach":"","fault_dist_m":2623.0,"shares_reach_with_rank":null,"reasons":["Mapped top of the Renfro+Nada unit; target contact lies a few feet to ~10 m lower in the same channel","Concentrated source: 5.6 km of contact per km\u00b2 of drainage (little dilution)","Little Pennsylvanian sandstone upstream (4% of drainage) \u2014 fewer look-alike clasts","Steep slopes along the upstream contact (mean 27\u00b0) \u2014 active erosion/replenishment","Inside the KGS general Kentucky-agate area outline"],"negatives":["Nada/Renfro contact not drawn separately on this quadrangle","Steep reach (9.0%) \u2014 few bars; search pools, boulder lags and bank toes","Source channel is not in NHD \u2014 likely dry except after rain"],"evidence_quality":"B \u2014 verified contact inside KGS agate area; no measured section on this drainage","citation":"Geologic map of the Stanton quadrangle, Powell and Estill Counties, Kentucky | Gordon Whitney Weir | 1974 (GQ-1182)","walk_start":[37.8062,-83.86286],"source_zone_end":[37.79953,-83.85633]}},{"type":"Feature","geometry":{"type":"Point","coordinates":[-84.2103,37.516]},"properties":{"id":5376,"rank":74,"priority":"MODERATE TARGET","score":74.4,"lat":37.516,"lon":-84.2103,"county":"Rockcastle","quad":"Bighill","gq":"GQ-900","stream":"Unnamed ravine / small hollow, tributary to Clear Creek","channel":"ravine / small hollow","nhd":"not in NHD \u2014 DEM-derived channel (likely ephemeral hollow)","contact_class":"VERIFIED TARGET CONTACT","geo_conf":"High","line_symbol":"Mbna","polygon_pair":"Mb|Msla","contact_style":"CONTACT","unit_below":"Nada Member (Mbna), Borden Fm","unit_above":"Renfro Member (mapped Mbr on the GQ; merged into Slade Fm polygon Msla in KGS digital data)","interpretation":"Base of Renfro Member (Mbr) on top of Nada Member (Mbna), GQ-900.","facies":"West of the projected Locust Branch Fault trend: thick Renfro (16.7\u201317.5 m) with a cherty, geodiferous basal dolomite 1.5\u20135 m thick (Dever 1999, sections 83, 87); silica (chalcedony+quartz) geodes replacing upper Nada dolostone at KSPG Stop 6B.","elev_m":371.0,"da_cross_km2":0.083,"L_prim_km":13.9,"DA_prim_km2":3.23,"density":4.29,"pen_pct":37.0,"contact_slope_deg":24.1,"relief_1km_m":133.0,"incision_m":26.0,"slope200_deg":17.9,"grad300_pct":5.8,"grad_prim_pct":2.5,"prim_len_m":1209.0,"ext_len_m":4008.0,"S":0.727,"D":0.624,"E":0.607,"I":0.514,"Tt":1.0,"Rg":1.0,"G":1.0,"dist_outline_km":0.0,"doc_nearest":"KSPG 2013 Stop 6B - Bighill roadcut, US-421","doc_nearest_km":1.4,"doc_on_reach":"","report_on_reach":"","fault_dist_m":9285.0,"shares_reach_with_rank":null,"reasons":["Mapped Nada/Renfro contact on Bighill GQ (verified from the map legend)","Moderate reach gradient (2.5%) \u2014 gravel bars likely","Inside the KGS general Kentucky-agate area outline","1.4 km from documented locality: KSPG 2013 Stop 6B - Bighill roadcut, US-421"],"negatives":["Source channel is not in NHD \u2014 likely dry except after rain"],"evidence_quality":"A \u2014 verified contact, documented technical locality within 5 km in the same facies belt","citation":"Geologic map of the Bighill quadrangle, east-central Kentucky | Gordon Whitney Weir, K. Y. Lee, and P.E. Cassity | 1971 (GQ-900)","walk_start":[37.51443,-84.2215],"source_zone_end":[37.51526,-84.21061]}},{"type":"Feature","geometry":{"type":"Point","coordinates":[-83.9167,37.6198]},"properties":{"id":5197,"rank":75,"priority":"MODERATE TARGET","score":74.4,"lat":37.6198,"lon":-83.9167,"county":"Estill","quad":"Leighton","gq":"GQ-1495","stream":"Unnamed ravine / small hollow, tributary to Station Camp Creek","channel":"ravine / small hollow","nhd":"not in NHD \u2014 DEM-derived channel (likely ephemeral hollow)","contact_class":"VERIFIED TARGET CONTACT (combined-unit top)","geo_conf":"Moderate-high","line_symbol":"Mbna","polygon_pair":"Mb|Msla","contact_style":"SECONDARY","unit_below":"Renfro and Nada Members, undivided (Mbrn) \u2014 digital polygon Mb","unit_above":"St. Louis Limestone Member of Newman/Slade (Msla) above the combined Renfro+Nada unit (Mbrn)","interpretation":"Top of mapped Renfro+Nada unit (Mbrn), GQ-1495. Nada: greenish and grayish-red shale with mid-unit glauconitic seam and silty dolomite beds near top.","facies":"Along/east of the projected Locust Branch Fault trend: Renfro 6.3\u20139.7 m resting on Nada shale (Dever 1999, sections 88\u201395); brecciated dolomite with quartz bodies as far NE as Drip Rock; epigenetic Zn-Pb at Rock Lick Creek shows fluid flow on this trend.","elev_m":292.0,"da_cross_km2":0.073,"L_prim_km":10.4,"DA_prim_km2":2.08,"density":5.03,"pen_pct":43.0,"contact_slope_deg":26.4,"relief_1km_m":212.0,"incision_m":35.0,"slope200_deg":22.2,"grad300_pct":20.5,"grad_prim_pct":8.1,"prim_len_m":1209.0,"ext_len_m":1587.0,"S":0.656,"D":0.711,"E":0.72,"I":0.906,"Tt":0.689,"Rg":1.0,"G":0.95,"dist_outline_km":0.0,"doc_nearest":"Section 95 - Drip Rock (KY-89 roadcut)","doc_nearest_km":4.9,"doc_on_reach":"","report_on_reach":"","fault_dist_m":8214.0,"shares_reach_with_rank":null,"reasons":["Mapped top of the Renfro+Nada unit; target contact lies a few feet to ~10 m lower in the same channel","Concentrated source: 5.0 km of contact per km\u00b2 of drainage (little dilution)","Steep slopes along the upstream contact (mean 26\u00b0) \u2014 active erosion/replenishment","Deeply incised channel at the contact (35 m below the \u00b1200 m mean surface)","Inside the KGS general Kentucky-agate area outline"],"negatives":["Nada/Renfro contact not drawn separately on this quadrangle","Steep reach (8.1%) \u2014 few bars; search pools, boulder lags and bank toes","Source channel is not in NHD \u2014 likely dry except after rain"],"evidence_quality":"B \u2014 verified contact inside KGS agate area; no measured section on this drainage","citation":"Geologic map of the Leighton quadrangle, east-central Kentucky | Donald C. Haney and Charles L. Rice | 1978 (GQ-1495)","walk_start":[37.61448,-83.92508],"source_zone_end":[37.61894,-83.91652]}},{"type":"Feature","geometry":{"type":"Point","coordinates":[-83.9682,37.6673]},"properties":{"id":422,"rank":76,"priority":"MODERATE TARGET","score":74.4,"lat":37.6673,"lon":-83.9682,"county":"Estill","quad":"Irvine","gq":"GQ-1285","stream":"Unnamed hollow head","channel":"hollow head","nhd":"not in NHD \u2014 DEM-derived channel (likely ephemeral hollow)","contact_class":"VERIFIED TARGET CONTACT (combined-unit top)","geo_conf":"Moderate-high","line_symbol":"Mbna","polygon_pair":"Mb|Msla","contact_style":"SECONDARY","unit_below":"Renfro and Nada Members, undivided (Mbrn) \u2014 digital polygon Mb","unit_above":"St. Louis Limestone Member of Newman/Slade (Msla) above the combined Renfro+Nada unit (Mbrn)","interpretation":"Top of mapped Renfro+Nada unit (Mbrn), GQ-1285. The Nada/Renfro contact itself is not drawn; it lies one Renfro thickness below this line (Renfro thickest NE, thinnest near Wagersville).","facies":"Northeast part of the belt: Renfro thin (GQ legends: ~5\u201310 ft in Powell County) and mapped with the Nada; the Nada/Renfro contact lies only a few feet to ~10 m below the mapped line. Historic collecting centre (Irvine\u2013Estill\u2013Powell).","elev_m":340.0,"da_cross_km2":0.012,"L_prim_km":6.5,"DA_prim_km2":0.96,"density":6.71,"pen_pct":19.0,"contact_slope_deg":33.7,"relief_1km_m":185.0,"incision_m":28.0,"slope200_deg":20.2,"grad300_pct":18.7,"grad_prim_pct":10.4,"prim_len_m":1201.0,"ext_len_m":2255.0,"S":0.542,"D":0.932,"E":1.0,"I":0.727,"Tt":0.521,"Rg":1.0,"G":0.95,"dist_outline_km":0.0,"doc_nearest":"Section 95 - Drip Rock (KY-89 roadcut)","doc_nearest_km":7.7,"doc_on_reach":"","report_on_reach":"","fault_dist_m":1320.0,"shares_reach_with_rank":null,"reasons":["Mapped top of the Renfro+Nada unit; target contact lies a few feet to ~10 m lower in the same channel","Concentrated source: 6.7 km of contact per km\u00b2 of drainage (little dilution)","Little Pennsylvanian sandstone upstream (19% of drainage) \u2014 fewer look-alike clasts","Steep slopes along the upstream contact (mean 34\u00b0) \u2014 active erosion/replenishment","Inside the KGS general Kentucky-agate area outline"],"negatives":["Nada/Renfro contact not drawn separately on this quadrangle","Steep reach (10.4%) \u2014 few bars; search pools, boulder lags and bank toes","Source channel is not in NHD \u2014 likely dry except after rain"],"evidence_quality":"B \u2014 verified contact inside KGS agate area; no measured section on this drainage","citation":"Geologic map of the Irvine quadrangle, Estill County, Kentucky | Harry P. Hoge, Perry Braswell Wigley, and Fred R. Shawe | 1976 (GQ-1285)","walk_start":[37.67461,-83.97157],"source_zone_end":[37.66734,-83.96915]}},{"type":"Feature","geometry":{"type":"Point","coordinates":[-84.0099,37.5282]},"properties":{"id":1852,"rank":77,"priority":"MODERATE TARGET","score":74.3,"lat":37.5282,"lon":-84.0099,"county":"Jackson","quad":"Alcorn","gq":"GQ-963","stream":"Unnamed hollow head, tributary to South Fork Station Camp Creek","channel":"hollow head","nhd":"intermittent (NHD)","contact_class":"VERIFIED TARGET CONTACT","geo_conf":"High","line_symbol":"Mbna","polygon_pair":"Mb|Msla","contact_style":"CONTACT","unit_below":"Nada Member (Mbna), Borden Fm","unit_above":"Renfro Member (mapped Mbr on the GQ; merged into Slade Fm polygon Msla in KGS digital data)","interpretation":"Base of Renfro Member (Mbr) on top of Nada Member (Mbna). GQ-963 maps Renfro separately; KGS digital compilation merged Renfro into the Slade Formation polygon (Msla), so this line is the mapped Nada/Renfro contact.","facies":"Along/east of the projected Locust Branch Fault trend: Renfro 6.3\u20139.7 m resting on Nada shale (Dever 1999, sections 88\u201395); brecciated dolomite with quartz bodies as far NE as Drip Rock; epigenetic Zn-Pb at Rock Lick Creek shows fluid flow on this trend.","elev_m":287.0,"da_cross_km2":0.018,"L_prim_km":25.4,"DA_prim_km2":54.67,"density":0.46,"pen_pct":57.0,"contact_slope_deg":30.4,"relief_1km_m":179.0,"incision_m":36.0,"slope200_deg":20.8,"grad300_pct":10.8,"grad_prim_pct":3.5,"prim_len_m":1207.0,"ext_len_m":1582.0,"S":0.881,"D":0.048,"E":0.922,"I":0.804,"Tt":1.0,"Rg":1.0,"G":1.0,"dist_outline_km":0.0,"doc_nearest":"Section 89 - Rock Lick Creek ('Platinum Mine' prospect)","doc_nearest_km":2.7,"doc_on_reach":"","report_on_reach":"Rock Lick Creek, South Fork Station Camp Creek","fault_dist_m":10777.0,"shares_reach_with_rank":null,"reasons":["Mapped Nada/Renfro contact on Alcorn GQ (verified from the map legend)","Large source supply: 25.4 km of mapped target contact drains into the primary search reach","Steep slopes along the upstream contact (mean 30\u00b0) \u2014 active erosion/replenishment","Deeply incised channel at the contact (36 m below the \u00b1200 m mean surface)","Moderate reach gradient (3.5%) \u2014 gravel bars likely","Inside the KGS general Kentucky-agate area outline","2.7 km from documented locality: Section 89 - Rock Lick Creek ('Platinum Mine' prospect)"],"negatives":["Diluted: only 0.5 km contact per km\u00b2 drainage"],"evidence_quality":"A \u2014 verified contact, documented technical locality within 5 km in the same facies belt","citation":"Geologic map of the Alcorn quadrangle, east-central Kentucky | Charles L. Rice | 1972 (GQ-963)","walk_start":[37.53727,-84.01312],"source_zone_end":[37.52928,-84.0105]}},{"type":"Feature","geometry":{"type":"Point","coordinates":[-84.0244,37.6291]},"properties":{"id":3111,"rank":78,"priority":"MODERATE TARGET","score":74.2,"lat":37.6291,"lon":-84.0244,"county":"Estill","quad":"Panola","gq":"GQ-686","stream":"Unnamed hollow head, tributary to Jenkins Branch","channel":"hollow head","nhd":"not in NHD \u2014 DEM-derived channel (likely ephemeral hollow)","contact_class":"VERIFIED TARGET CONTACT","geo_conf":"High","line_symbol":"Mbnc","polygon_pair":"Mb|Msla","contact_style":"CONTACT","unit_below":"Nada and Cowbell Members, undivided (Mbnc), Borden Fm","unit_above":"Renfro Member (Mbr on GQ-686)","interpretation":"Base of Renfro Member (Mbr) on top of combined Nada and Cowbell Members (Mbnc), GQ-686. Upper edge of Mbnc is the top of the Nada.","facies":"Along/east of the projected Locust Branch Fault trend: Renfro 6.3\u20139.7 m resting on Nada shale (Dever 1999, sections 88\u201395); brecciated dolomite with quartz bodies as far NE as Drip Rock; epigenetic Zn-Pb at Rock Lick Creek shows fluid flow on this trend.","elev_m":347.0,"da_cross_km2":0.026,"L_prim_km":4.1,"DA_prim_km2":0.62,"density":6.59,"pen_pct":5.0,"contact_slope_deg":30.1,"relief_1km_m":182.0,"incision_m":25.0,"slope200_deg":18.8,"grad300_pct":12.8,"grad_prim_pct":11.4,"prim_len_m":1203.0,"ext_len_m":2324.0,"S":0.439,"D":0.983,"E":0.907,"I":0.673,"Tt":0.444,"Rg":1.0,"G":1.0,"dist_outline_km":0.0,"doc_nearest":"Section 95 - Drip Rock (KY-89 roadcut)","doc_nearest_km":6.4,"doc_on_reach":"","report_on_reach":"","fault_dist_m":842.0,"shares_reach_with_rank":null,"reasons":["Mapped Nada/Renfro contact on Panola GQ (verified from the map legend)","Concentrated source: 6.6 km of contact per km\u00b2 of drainage (little dilution)","Little Pennsylvanian sandstone upstream (5% of drainage) \u2014 fewer look-alike clasts","Steep slopes along the upstream contact (mean 30\u00b0) \u2014 active erosion/replenishment","Inside the KGS general Kentucky-agate area outline"],"negatives":["Small source supply (4.1 km of contact upstream of reach end)","Steep reach (11.4%) \u2014 few bars; search pools, boulder lags and bank toes","Source channel is not in NHD \u2014 likely dry except after rain"],"evidence_quality":"B \u2014 verified contact inside KGS agate area; no measured section on this drainage","citation":"Geologic map of the Panola quadrangle, Estill and Madison Counties, Kentucky | Robert C. Greene | 1968 (GQ-686)","walk_start":[37.61887,-84.02572],"source_zone_end":[37.62784,-84.02445]}},{"type":"Feature","geometry":{"type":"Point","coordinates":[-83.9045,37.5312]},"properties":{"id":7131,"rank":79,"priority":"MODERATE TARGET","score":74.2,"lat":37.5312,"lon":-83.9045,"county":"Jackson","quad":"Leighton","gq":"GQ-1495","stream":"Ash Gut Branch","channel":"branch","nhd":"intermittent (NHD)","contact_class":"VERIFIED TARGET CONTACT (combined-unit top)","geo_conf":"Moderate-high","line_symbol":"Mbna","polygon_pair":"Mb|Msla","contact_style":"SECONDARY","unit_below":"Renfro and Nada Members, undivided (Mbrn) \u2014 digital polygon Mb","unit_above":"St. Louis Limestone Member of Newman/Slade (Msla) above the combined Renfro+Nada unit (Mbrn)","interpretation":"Top of mapped Renfro+Nada unit (Mbrn), GQ-1495. Nada: greenish and grayish-red shale with mid-unit glauconitic seam and silty dolomite beds near top.","facies":"Along/east of the projected Locust Branch Fault trend: Renfro 6.3\u20139.7 m resting on Nada shale (Dever 1999, sections 88\u201395); brecciated dolomite with quartz bodies as far NE as Drip Rock; epigenetic Zn-Pb at Rock Lick Creek shows fluid flow on this trend.","elev_m":239.0,"da_cross_km2":0.872,"L_prim_km":260.7,"DA_prim_km2":232.19,"density":1.12,"pen_pct":71.0,"contact_slope_deg":29.7,"relief_1km_m":197.0,"incision_m":39.0,"slope200_deg":23.0,"grad300_pct":9.9,"grad_prim_pct":4.6,"prim_len_m":736.0,"ext_len_m":736.0,"S":1.0,"D":0.056,"E":0.884,"I":0.908,"Tt":0.955,"Rg":1.0,"G":0.95,"dist_outline_km":0.0,"doc_nearest":"Section 95 - Drip Rock (KY-89 roadcut)","doc_nearest_km":9.1,"doc_on_reach":"","report_on_reach":"Station Camp Creek","fault_dist_m":15201.0,"shares_reach_with_rank":null,"reasons":["Mapped top of the Renfro+Nada unit; target contact lies a few feet to ~10 m lower in the same channel","Large source supply: 260.7 km of mapped target contact drains into the primary search reach","Steep slopes along the upstream contact (mean 30\u00b0) \u2014 active erosion/replenishment","Deeply incised channel at the contact (39 m below the \u00b1200 m mean surface)","Inside the KGS general Kentucky-agate area outline"],"negatives":["Nada/Renfro contact not drawn separately on this quadrangle","Diluted: only 1.1 km contact per km\u00b2 drainage","71% of drainage is Pennsylvanian sandstone/conglomerate \u2014 abundant non-target gravel"],"evidence_quality":"B \u2014 verified contact inside KGS agate area; no measured section on this drainage","citation":"Geologic map of the Leighton quadrangle, east-central Kentucky | Donald C. Haney and Charles L. Rice | 1978 (GQ-1495)","walk_start":[37.53493,-83.90799],"source_zone_end":[37.53144,-83.90565]}},{"type":"Feature","geometry":{"type":"Point","coordinates":[-83.8819,37.6781]},"properties":{"id":551,"rank":80,"priority":"MODERATE TARGET","score":74.1,"lat":37.6781,"lon":-83.8819,"county":"Estill","quad":"Irvine","gq":"GQ-1285","stream":"Unnamed hollow head, tributary to Long Branch","channel":"hollow head","nhd":"not in NHD \u2014 DEM-derived channel (likely ephemeral hollow)","contact_class":"VERIFIED TARGET CONTACT (combined-unit top)","geo_conf":"Moderate-high","line_symbol":"Mbna","polygon_pair":"Mb|Msla","contact_style":"SECONDARY","unit_below":"Renfro and Nada Members, undivided (Mbrn) \u2014 digital polygon Mb","unit_above":"St. Louis Limestone Member of Newman/Slade (Msla) above the combined Renfro+Nada unit (Mbrn)","interpretation":"Top of mapped Renfro+Nada unit (Mbrn), GQ-1285. The Nada/Renfro contact itself is not drawn; it lies one Renfro thickness below this line (Renfro thickest NE, thinnest near Wagersville).","facies":"Northeast part of the belt: Renfro thin (GQ legends: ~5\u201310 ft in Powell County) and mapped with the Nada; the Nada/Renfro contact lies only a few feet to ~10 m below the mapped line. Historic collecting centre (Irvine\u2013Estill\u2013Powell).","elev_m":312.0,"da_cross_km2":0.012,"L_prim_km":10.0,"DA_prim_km2":1.55,"density":6.45,"pen_pct":10.0,"contact_slope_deg":27.8,"relief_1km_m":210.0,"incision_m":12.0,"slope200_deg":20.6,"grad300_pct":31.8,"grad_prim_pct":10.1,"prim_len_m":1209.0,"ext_len_m":2151.0,"S":0.646,"D":0.965,"E":0.79,"I":0.618,"Tt":0.54,"Rg":1.0,"G":0.95,"dist_outline_km":0.0,"doc_nearest":"Section 95 - Drip Rock (KY-89 roadcut)","doc_nearest_km":11.5,"doc_on_reach":"","report_on_reach":"","fault_dist_m":5774.0,"shares_reach_with_rank":null,"reasons":["Mapped top of the Renfro+Nada unit; target contact lies a few feet to ~10 m lower in the same channel","Concentrated source: 6.4 km of contact per km\u00b2 of drainage (little dilution)","Little Pennsylvanian sandstone upstream (10% of drainage) \u2014 fewer look-alike clasts","Steep slopes along the upstream contact (mean 28\u00b0) \u2014 active erosion/replenishment","Inside the KGS general Kentucky-agate area outline"],"negatives":["Nada/Renfro contact not drawn separately on this quadrangle","Steep reach (10.1%) \u2014 few bars; search pools, boulder lags and bank toes","Source channel is not in NHD \u2014 likely dry except after rain"],"evidence_quality":"B \u2014 verified contact inside KGS agate area; no measured section on this drainage","citation":"Geologic map of the Irvine quadrangle, Estill County, Kentucky | Harry P. Hoge, Perry Braswell Wigley, and Fred R. Shawe | 1976 (GQ-1285)","walk_start":[37.68103,-83.87223],"source_zone_end":[37.67857,-83.8814]}},{"type":"Feature","geometry":{"type":"Point","coordinates":[-83.8451,37.6136]},"properties":{"id":6636,"rank":81,"priority":"MODERATE TARGET","score":74.1,"lat":37.6136,"lon":-83.8451,"county":"Lee","quad":"Heidelberg","gq":"GQ-1340","stream":"Unnamed ravine / small hollow, tributary to Kentucky River","channel":"ravine / small hollow","nhd":"intermittent (NHD)","contact_class":"VERIFIED TARGET CONTACT (combined-unit top)","geo_conf":"Moderate-high","line_symbol":"Mbna","polygon_pair":"Mb|Msla","contact_style":"SECONDARY","unit_below":"Renfro and Nada Members, undivided (Mbrn) \u2014 digital polygon Mb","unit_above":"St. Louis Limestone Member of Newman/Slade (Msla) above the combined Renfro+Nada unit (Mbrn)","interpretation":"Top of mapped Renfro+Nada unit (Mbrn), GQ-1340.","facies":"Northeast part of the belt: Renfro thin (GQ legends: ~5\u201310 ft in Powell County) and mapped with the Nada; the Nada/Renfro contact lies only a few feet to ~10 m below the mapped line. Historic collecting centre (Irvine\u2013Estill\u2013Powell).","elev_m":258.0,"da_cross_km2":0.292,"L_prim_km":71.1,"DA_prim_km2":30.65,"density":2.32,"pen_pct":70.0,"contact_slope_deg":27.4,"relief_1km_m":173.0,"incision_m":34.0,"slope200_deg":17.5,"grad300_pct":13.6,"grad_prim_pct":6.1,"prim_len_m":1217.0,"ext_len_m":1532.0,"S":1.0,"D":0.275,"E":0.771,"I":0.757,"Tt":0.843,"Rg":1.0,"G":0.95,"dist_outline_km":0.0,"doc_nearest":"Section 95 - Drip Rock (KY-89 roadcut)","doc_nearest_km":10.7,"doc_on_reach":"","report_on_reach":"","fault_dist_m":12990.0,"shares_reach_with_rank":null,"reasons":["Mapped top of the Renfro+Nada unit; target contact lies a few feet to ~10 m lower in the same channel","Large source supply: 71.1 km of mapped target contact drains into the primary search reach","Steep slopes along the upstream contact (mean 27\u00b0) \u2014 active erosion/replenishment","Deeply incised channel at the contact (34 m below the \u00b1200 m mean surface)","Inside the KGS general Kentucky-agate area outline"],"negatives":["Nada/Renfro contact not drawn separately on this quadrangle","70% of drainage is Pennsylvanian sandstone/conglomerate \u2014 abundant non-target gravel"],"evidence_quality":"B \u2014 verified contact inside KGS agate area; no measured section on this drainage","citation":"Geologic map of the Heidelberg quadrangle, east-central Kentucky | Douglas F. B. Black | 1977 (GQ-1340)","walk_start":[37.6114,-83.85612],"source_zone_end":[37.61386,-83.84696]}},{"type":"Feature","geometry":{"type":"Point","coordinates":[-83.9351,37.7629]},"properties":{"id":539,"rank":82,"priority":"MODERATE TARGET","score":74.1,"lat":37.7629,"lon":-83.9351,"county":"Estill","quad":"Clay City","gq":"GQ-663","stream":"Unnamed hollow head, tributary to White Oak Creek","channel":"hollow head","nhd":"not in NHD \u2014 DEM-derived channel (likely ephemeral hollow)","contact_class":"VERIFIED TARGET CONTACT","geo_conf":"High","line_symbol":"Mb","polygon_pair":"Mb|Msla","contact_style":"CONTACT","unit_below":"Borden Fm","unit_above":"Renfro Member","interpretation":"Base of Renfro Member (Mbr) on Nada Member (Mbna); GQ-663 legend maps Mbr, Mbna and Mbc separately. The KGS digital line carries the generic symbol Mb because Renfro was merged into the Slade polygon.","facies":"Northeast part of the belt: Renfro thin (GQ legends: ~5\u201310 ft in Powell County) and mapped with the Nada; the Nada/Renfro contact lies only a few feet to ~10 m below the mapped line. Historic collecting centre (Irvine\u2013Estill\u2013Powell).","elev_m":372.0,"da_cross_km2":0.012,"L_prim_km":5.2,"DA_prim_km2":0.89,"density":5.82,"pen_pct":1.0,"contact_slope_deg":28.0,"relief_1km_m":177.0,"incision_m":20.0,"slope200_deg":19.7,"grad300_pct":18.9,"grad_prim_pct":10.0,"prim_len_m":1208.0,"ext_len_m":4000.0,"S":0.49,"D":0.967,"E":0.8,"I":0.6,"Tt":0.548,"Rg":1.0,"G":1.0,"dist_outline_km":0.0,"doc_nearest":"Section 95 - Drip Rock (KY-89 roadcut)","doc_nearest_km":18.5,"doc_on_reach":"","report_on_reach":"","fault_dist_m":1424.0,"shares_reach_with_rank":null,"reasons":["Mapped Nada/Renfro contact on Clay City GQ (verified from the map legend)","Concentrated source: 5.8 km of contact per km\u00b2 of drainage (little dilution)","Little Pennsylvanian sandstone upstream (1% of drainage) \u2014 fewer look-alike clasts","Steep slopes along the upstream contact (mean 28\u00b0) \u2014 active erosion/replenishment","Inside the KGS general Kentucky-agate area outline"],"negatives":["Steep reach (10.0%) \u2014 few bars; search pools, boulder lags and bank toes","Source channel is not in NHD \u2014 likely dry except after rain"],"evidence_quality":"B \u2014 verified contact inside KGS agate area; no measured section on this drainage","citation":"Geologic map of the Clay City quadrangle, Powell and Estill Counties, Kentucky | George Clarke Simmons | 1967 (GQ-663)","walk_start":[37.75829,-83.94592],"source_zone_end":[37.76325,-83.93595]}},{"type":"Feature","geometry":{"type":"Point","coordinates":[-83.9109,37.5624]},"properties":{"id":6878,"rank":83,"priority":"MODERATE TARGET","score":74.0,"lat":37.5624,"lon":-83.9109,"county":"Estill","quad":"Leighton","gq":"GQ-1495","stream":"Unnamed ravine / small hollow, tributary to Station Camp Creek","channel":"ravine / small hollow","nhd":"intermittent (NHD)","contact_class":"VERIFIED TARGET CONTACT (combined-unit top)","geo_conf":"Moderate-high","line_symbol":"Mbna","polygon_pair":"Mb|Msla","contact_style":"SECONDARY","unit_below":"Renfro and Nada Members, undivided (Mbrn) \u2014 digital polygon Mb","unit_above":"St. Louis Limestone Member of Newman/Slade (Msla) above the combined Renfro+Nada unit (Mbrn)","interpretation":"Top of mapped Renfro+Nada unit (Mbrn), GQ-1495. Nada: greenish and grayish-red shale with mid-unit glauconitic seam and silty dolomite beds near top.","facies":"Along/east of the projected Locust Branch Fault trend: Renfro 6.3\u20139.7 m resting on Nada shale (Dever 1999, sections 88\u201395); brecciated dolomite with quartz bodies as far NE as Drip Rock; epigenetic Zn-Pb at Rock Lick Creek shows fluid flow on this trend.","elev_m":258.0,"da_cross_km2":0.435,"L_prim_km":289.4,"DA_prim_km2":239.76,"density":1.21,"pen_pct":71.0,"contact_slope_deg":29.6,"relief_1km_m":213.0,"incision_m":39.0,"slope200_deg":22.9,"grad300_pct":16.4,"grad_prim_pct":6.0,"prim_len_m":1041.0,"ext_len_m":1041.0,"S":1.0,"D":0.061,"E":0.882,"I":0.958,"Tt":0.854,"Rg":1.0,"G":0.95,"dist_outline_km":0.0,"doc_nearest":"Section 95 - Drip Rock (KY-89 roadcut)","doc_nearest_km":6.1,"doc_on_reach":"","report_on_reach":"","fault_dist_m":12629.0,"shares_reach_with_rank":null,"reasons":["Mapped top of the Renfro+Nada unit; target contact lies a few feet to ~10 m lower in the same channel","Large source supply: 289.4 km of mapped target contact drains into the primary search reach","Steep slopes along the upstream contact (mean 30\u00b0) \u2014 active erosion/replenishment","Deeply incised channel at the contact (39 m below the \u00b1200 m mean surface)","Inside the KGS general Kentucky-agate area outline"],"negatives":["Nada/Renfro contact not drawn separately on this quadrangle","Diluted: only 1.2 km contact per km\u00b2 drainage","71% of drainage is Pennsylvanian sandstone/conglomerate \u2014 abundant non-target gravel"],"evidence_quality":"B \u2014 verified contact inside KGS agate area; no measured section on this drainage","citation":"Geologic map of the Leighton quadrangle, east-central Kentucky | Donald C. Haney and Charles L. Rice | 1978 (GQ-1495)","walk_start":[37.56391,-83.92083],"source_zone_end":[37.56224,-83.91207]}},{"type":"Feature","geometry":{"type":"Point","coordinates":[-83.9476,37.601]},"properties":{"id":5970,"rank":84,"priority":"MODERATE TARGET","score":74.0,"lat":37.601,"lon":-83.9476,"county":"Estill","quad":"Leighton","gq":"GQ-1495","stream":"Unnamed ravine / small hollow","channel":"ravine / small hollow","nhd":"not in NHD \u2014 DEM-derived channel (likely ephemeral hollow)","contact_class":"VERIFIED TARGET CONTACT (combined-unit top)","geo_conf":"Moderate-high","line_symbol":"Mbna","polygon_pair":"Mb|Msla","contact_style":"SECONDARY","unit_below":"Renfro and Nada Members, undivided (Mbrn) \u2014 digital polygon Mb","unit_above":"St. Louis Limestone Member of Newman/Slade (Msla) above the combined Renfro+Nada unit (Mbrn)","interpretation":"Top of mapped Renfro+Nada unit (Mbrn), GQ-1495. Nada: greenish and grayish-red shale with mid-unit glauconitic seam and silty dolomite beds near top.","facies":"Along/east of the projected Locust Branch Fault trend: Renfro 6.3\u20139.7 m resting on Nada shale (Dever 1999, sections 88\u201395); brecciated dolomite with quartz bodies as far NE as Drip Rock; epigenetic Zn-Pb at Rock Lick Creek shows fluid flow on this trend.","elev_m":306.0,"da_cross_km2":0.132,"L_prim_km":5.6,"DA_prim_km2":0.91,"density":6.09,"pen_pct":34.0,"contact_slope_deg":30.1,"relief_1km_m":180.0,"incision_m":36.0,"slope200_deg":20.5,"grad300_pct":13.1,"grad_prim_pct":8.5,"prim_len_m":1207.0,"ext_len_m":1625.0,"S":0.507,"D":0.88,"E":0.905,"I":0.801,"Tt":0.66,"Rg":1.0,"G":0.95,"dist_outline_km":0.0,"doc_nearest":"Section 95 - Drip Rock (KY-89 roadcut)","doc_nearest_km":1.5,"doc_on_reach":"","report_on_reach":"","fault_dist_m":7810.0,"shares_reach_with_rank":null,"reasons":["Mapped top of the Renfro+Nada unit; target contact lies a few feet to ~10 m lower in the same channel","Concentrated source: 6.1 km of contact per km\u00b2 of drainage (little dilution)","Steep slopes along the upstream contact (mean 30\u00b0) \u2014 active erosion/replenishment","Deeply incised channel at the contact (36 m below the \u00b1200 m mean surface)","Inside the KGS general Kentucky-agate area outline","1.5 km from documented locality: Section 95 - Drip Rock (KY-89 roadcut)"],"negatives":["Nada/Renfro contact not drawn separately on this quadrangle","Steep reach (8.5%) \u2014 few bars; search pools, boulder lags and bank toes","Source channel is not in NHD \u2014 likely dry except after rain"],"evidence_quality":"B \u2014 verified contact inside KGS agate area; no measured section on this drainage","citation":"Geologic map of the Leighton quadrangle, east-central Kentucky | Donald C. Haney and Charles L. Rice | 1978 (GQ-1495)","walk_start":[37.60987,-83.94158],"source_zone_end":[37.60171,-83.94668]}},{"type":"Feature","geometry":{"type":"Point","coordinates":[-83.9836,37.5528]},"properties":{"id":6034,"rank":85,"priority":"MODERATE TARGET","score":73.9,"lat":37.5528,"lon":-83.9836,"county":"Jackson","quad":"Leighton","gq":"GQ-1495","stream":"Unnamed ravine / small hollow","channel":"ravine / small hollow","nhd":"not in NHD \u2014 DEM-derived channel (likely ephemeral hollow)","contact_class":"VERIFIED TARGET CONTACT (combined-unit top)","geo_conf":"Moderate-high","line_symbol":"Mbna","polygon_pair":"Mb|Msla","contact_style":"SECONDARY","unit_below":"Renfro and Nada Members, undivided (Mbrn) \u2014 digital polygon Mb","unit_above":"St. Louis Limestone Member of Newman/Slade (Msla) above the combined Renfro+Nada unit (Mbrn)","interpretation":"Top of mapped Renfro+Nada unit (Mbrn), GQ-1495. Nada: greenish and grayish-red shale with mid-unit glauconitic seam and silty dolomite beds near top.","facies":"Along/east of the projected Locust Branch Fault trend: Renfro 6.3\u20139.7 m resting on Nada shale (Dever 1999, sections 88\u201395); brecciated dolomite with quartz bodies as far NE as Drip Rock; epigenetic Zn-Pb at Rock Lick Creek shows fluid flow on this trend.","elev_m":291.0,"da_cross_km2":0.14,"L_prim_km":122.0,"DA_prim_km2":104.01,"density":1.17,"pen_pct":61.0,"contact_slope_deg":29.4,"relief_1km_m":215.0,"incision_m":43.0,"slope200_deg":22.1,"grad300_pct":14.7,"grad_prim_pct":7.3,"prim_len_m":839.0,"ext_len_m":839.0,"S":1.0,"D":0.09,"E":0.871,"I":0.983,"Tt":0.749,"Rg":1.0,"G":0.95,"dist_outline_km":0.0,"doc_nearest":"Section 89 - Rock Lick Creek ('Platinum Mine' prospect)","doc_nearest_km":4.7,"doc_on_reach":"","report_on_reach":"South Fork Station Camp Creek","fault_dist_m":8933.0,"shares_reach_with_rank":null,"reasons":["Mapped top of the Renfro+Nada unit; target contact lies a few feet to ~10 m lower in the same channel","Large source supply: 122.0 km of mapped target contact drains into the primary search reach","Steep slopes along the upstream contact (mean 29\u00b0) \u2014 active erosion/replenishment","Deeply incised channel at the contact (43 m below the \u00b1200 m mean surface)","Inside the KGS general Kentucky-agate area outline"],"negatives":["Nada/Renfro contact not drawn separately on this quadrangle","Diluted: only 1.2 km contact per km\u00b2 drainage","61% of drainage is Pennsylvanian sandstone/conglomerate \u2014 abundant non-target gravel","Source channel is not in NHD \u2014 likely dry except after rain"],"evidence_quality":"B \u2014 verified contact inside KGS agate area; no measured section on this drainage","citation":"Geologic map of the Leighton quadrangle, east-central Kentucky | Donald C. Haney and Charles L. Rice | 1978 (GQ-1495)","walk_start":[37.55868,-83.98307],"source_zone_end":[37.55362,-83.98282]}},{"type":"Feature","geometry":{"type":"Point","coordinates":[-84.0105,37.5551]},"properties":{"id":7060,"rank":86,"priority":"MODERATE TARGET","score":73.7,"lat":37.5551,"lon":-84.0105,"county":"Jackson","quad":"Alcorn","gq":"GQ-963","stream":"Unnamed branch","channel":"branch","nhd":"intermittent (NHD)","contact_class":"VERIFIED TARGET CONTACT","geo_conf":"High","line_symbol":"Mbna","polygon_pair":"Mb|Msla","contact_style":"CONTACT","unit_below":"Nada Member (Mbna), Borden Fm","unit_above":"Renfro Member (mapped Mbr on the GQ; merged into Slade Fm polygon Msla in KGS digital data)","interpretation":"Base of Renfro Member (Mbr) on top of Nada Member (Mbna). GQ-963 maps Renfro separately; KGS digital compilation merged Renfro into the Slade Formation polygon (Msla), so this line is the mapped Nada/Renfro contact.","facies":"Along/east of the projected Locust Branch Fault trend: Renfro 6.3\u20139.7 m resting on Nada shale (Dever 1999, sections 88\u201395); brecciated dolomite with quartz bodies as far NE as Drip Rock; epigenetic Zn-Pb at Rock Lick Creek shows fluid flow on this trend.","elev_m":303.0,"da_cross_km2":0.708,"L_prim_km":98.0,"DA_prim_km2":97.62,"density":1.0,"pen_pct":62.0,"contact_slope_deg":29.0,"relief_1km_m":195.0,"incision_m":36.0,"slope200_deg":19.8,"grad300_pct":10.3,"grad_prim_pct":9.8,"prim_len_m":671.0,"ext_len_m":671.0,"S":1.0,"D":0.08,"E":0.852,"I":0.862,"Tt":0.566,"Rg":1.0,"G":1.0,"dist_outline_km":0.0,"doc_nearest":"Section 89 - Rock Lick Creek ('Platinum Mine' prospect)","doc_nearest_km":2.6,"doc_on_reach":"","report_on_reach":"South Fork Station Camp Creek","fault_dist_m":7844.0,"shares_reach_with_rank":null,"reasons":["Mapped Nada/Renfro contact on Alcorn GQ (verified from the map legend)","Large source supply: 98.0 km of mapped target contact drains into the primary search reach","Steep slopes along the upstream contact (mean 29\u00b0) \u2014 active erosion/replenishment","Deeply incised channel at the contact (36 m below the \u00b1200 m mean surface)","Inside the KGS general Kentucky-agate area outline","2.6 km from documented locality: Section 89 - Rock Lick Creek ('Platinum Mine' prospect)"],"negatives":["Diluted: only 1.0 km contact per km\u00b2 drainage","62% of drainage is Pennsylvanian sandstone/conglomerate \u2014 abundant non-target gravel","Steep reach (9.8%) \u2014 few bars; search pools, boulder lags and bank toes"],"evidence_quality":"A \u2014 verified contact, documented technical locality within 5 km in the same facies belt","citation":"Geologic map of the Alcorn quadrangle, east-central Kentucky | Charles L. Rice | 1972 (GQ-963)","walk_start":[37.55239,-84.00505],"source_zone_end":[37.55377,-84.00997]}},{"type":"Feature","geometry":{"type":"Point","coordinates":[-83.9187,37.7421]},"properties":{"id":5071,"rank":87,"priority":"MODERATE TARGET","score":73.6,"lat":37.7421,"lon":-83.9187,"county":"Estill","quad":"Irvine","gq":"GQ-1285","stream":"Unnamed ravine / small hollow, tributary to Tickey Fork","channel":"ravine / small hollow","nhd":"not in NHD \u2014 DEM-derived channel (likely ephemeral hollow)","contact_class":"VERIFIED TARGET CONTACT (combined-unit top)","geo_conf":"Moderate-high","line_symbol":"Mbna","polygon_pair":"Mb|Msla","contact_style":"SECONDARY","unit_below":"Renfro and Nada Members, undivided (Mbrn) \u2014 digital polygon Mb","unit_above":"St. Louis Limestone Member of Newman/Slade (Msla) above the combined Renfro+Nada unit (Mbrn)","interpretation":"Top of mapped Renfro+Nada unit (Mbrn), GQ-1285. The Nada/Renfro contact itself is not drawn; it lies one Renfro thickness below this line (Renfro thickest NE, thinnest near Wagersville).","facies":"Northeast part of the belt: Renfro thin (GQ legends: ~5\u201310 ft in Powell County) and mapped with the Nada; the Nada/Renfro contact lies only a few feet to ~10 m below the mapped line. Historic collecting centre (Irvine\u2013Estill\u2013Powell).","elev_m":357.0,"da_cross_km2":0.068,"L_prim_km":15.3,"DA_prim_km2":3.25,"density":4.72,"pen_pct":12.0,"contact_slope_deg":33.3,"relief_1km_m":177.0,"incision_m":18.0,"slope200_deg":17.8,"grad300_pct":28.9,"grad_prim_pct":10.7,"prim_len_m":1204.0,"ext_len_m":4013.0,"S":0.752,"D":0.753,"E":1.0,"I":0.577,"Tt":0.5,"Rg":1.0,"G":0.95,"dist_outline_km":0.0,"doc_nearest":"Section 95 - Drip Rock (KY-89 roadcut)","doc_nearest_km":16.5,"doc_on_reach":"","report_on_reach":"","fault_dist_m":987.0,"shares_reach_with_rank":null,"reasons":["Mapped top of the Renfro+Nada unit; target contact lies a few feet to ~10 m lower in the same channel","Little Pennsylvanian sandstone upstream (12% of drainage) \u2014 fewer look-alike clasts","Steep slopes along the upstream contact (mean 33\u00b0) \u2014 active erosion/replenishment","Inside the KGS general Kentucky-agate area outline"],"negatives":["Nada/Renfro contact not drawn separately on this quadrangle","Steep reach (10.7%) \u2014 few bars; search pools, boulder lags and bank toes","Source channel is not in NHD \u2014 likely dry except after rain"],"evidence_quality":"B \u2014 verified contact inside KGS agate area; no measured section on this drainage","citation":"Geologic map of the Irvine quadrangle, Estill County, Kentucky | Harry P. Hoge, Perry Braswell Wigley, and Fred R. Shawe | 1976 (GQ-1285)","walk_start":[37.73425,-83.9224],"source_zone_end":[37.74192,-83.91936]}},{"type":"Feature","geometry":{"type":"Point","coordinates":[-83.9424,37.6553]},"properties":{"id":1673,"rank":88,"priority":"MODERATE TARGET","score":73.6,"lat":37.6553,"lon":-83.9424,"county":"Estill","quad":"Irvine","gq":"GQ-1285","stream":"Unnamed hollow head, tributary to Big Doe Creek","channel":"hollow head","nhd":"not in NHD \u2014 DEM-derived channel (likely ephemeral hollow)","contact_class":"VERIFIED TARGET CONTACT (combined-unit top)","geo_conf":"Moderate-high","line_symbol":"Mbna","polygon_pair":"Mb|Msla","contact_style":"SECONDARY","unit_below":"Renfro and Nada Members, undivided (Mbrn) \u2014 digital polygon Mb","unit_above":"St. Louis Limestone Member of Newman/Slade (Msla) above the combined Renfro+Nada unit (Mbrn)","interpretation":"Top of mapped Renfro+Nada unit (Mbrn), GQ-1285. The Nada/Renfro contact itself is not drawn; it lies one Renfro thickness below this line (Renfro thickest NE, thinnest near Wagersville).","facies":"Northeast part of the belt: Renfro thin (GQ legends: ~5\u201310 ft in Powell County) and mapped with the Nada; the Nada/Renfro contact lies only a few feet to ~10 m below the mapped line. Historic collecting centre (Irvine\u2013Estill\u2013Powell).","elev_m":329.0,"da_cross_km2":0.017,"L_prim_km":5.9,"DA_prim_km2":0.79,"density":7.45,"pen_pct":15.0,"contact_slope_deg":31.3,"relief_1km_m":175.0,"incision_m":24.0,"slope200_deg":18.9,"grad300_pct":17.2,"grad_prim_pct":8.9,"prim_len_m":1212.0,"ext_len_m":4004.0,"S":0.519,"D":0.946,"E":0.965,"I":0.636,"Tt":0.636,"Rg":1.0,"G":0.95,"dist_outline_km":0.0,"doc_nearest":"Section 95 - Drip Rock (KY-89 roadcut)","doc_nearest_km":6.7,"doc_on_reach":"","report_on_reach":"","fault_dist_m":3699.0,"shares_reach_with_rank":null,"reasons":["Mapped top of the Renfro+Nada unit; target contact lies a few feet to ~10 m lower in the same channel","Concentrated source: 7.5 km of contact per km\u00b2 of drainage (little dilution)","Little Pennsylvanian sandstone upstream (15% of drainage) \u2014 fewer look-alike clasts","Steep slopes along the upstream contact (mean 31\u00b0) \u2014 active erosion/replenishment","Inside the KGS general Kentucky-agate area outline"],"negatives":["Nada/Renfro contact not drawn separately on this quadrangle","Steep reach (8.9%) \u2014 few bars; search pools, boulder lags and bank toes","Source channel is not in NHD \u2014 likely dry except after rain"],"evidence_quality":"B \u2014 verified contact inside KGS agate area; no measured section on this drainage","citation":"Geologic map of the Irvine quadrangle, Estill County, Kentucky | Harry P. Hoge, Perry Braswell Wigley, and Fred R. Shawe | 1976 (GQ-1285)","walk_start":[37.66418,-83.93732],"source_zone_end":[37.65528,-83.94153]}},{"type":"Feature","geometry":{"type":"Point","coordinates":[-83.9519,37.5457]},"properties":{"id":6124,"rank":89,"priority":"MODERATE TARGET","score":73.6,"lat":37.5457,"lon":-83.9519,"county":"Jackson","quad":"Leighton","gq":"GQ-1495","stream":"Unnamed ravine / small hollow, tributary to Cavanaugh Creek","channel":"ravine / small hollow","nhd":"not in NHD \u2014 DEM-derived channel (likely ephemeral hollow)","contact_class":"VERIFIED TARGET CONTACT (combined-unit top)","geo_conf":"Moderate-high","line_symbol":"Mbna","polygon_pair":"Mb|Msla","contact_style":"SECONDARY","unit_below":"Renfro and Nada Members, undivided (Mbrn) \u2014 digital polygon Mb","unit_above":"St. Louis Limestone Member of Newman/Slade (Msla) above the combined Renfro+Nada unit (Mbrn)","interpretation":"Top of mapped Renfro+Nada unit (Mbrn), GQ-1495. Nada: greenish and grayish-red shale with mid-unit glauconitic seam and silty dolomite beds near top.","facies":"Along/east of the projected Locust Branch Fault trend: Renfro 6.3\u20139.7 m resting on Nada shale (Dever 1999, sections 88\u201395); brecciated dolomite with quartz bodies as far NE as Drip Rock; epigenetic Zn-Pb at Rock Lick Creek shows fluid flow on this trend.","elev_m":275.0,"da_cross_km2":0.153,"L_prim_km":41.2,"DA_prim_km2":32.7,"density":1.26,"pen_pct":78.0,"contact_slope_deg":27.5,"relief_1km_m":181.0,"incision_m":37.0,"slope200_deg":20.7,"grad300_pct":15.1,"grad_prim_pct":4.6,"prim_len_m":1204.0,"ext_len_m":1917.0,"S":1.0,"D":0.141,"E":0.775,"I":0.821,"Tt":0.954,"Rg":1.0,"G":0.95,"dist_outline_km":0.0,"doc_nearest":"Section 95 - Drip Rock (KY-89 roadcut)","doc_nearest_km":5.9,"doc_on_reach":"","report_on_reach":"South Fork Station Camp Creek","fault_dist_m":11153.0,"shares_reach_with_rank":null,"reasons":["Mapped top of the Renfro+Nada unit; target contact lies a few feet to ~10 m lower in the same channel","Large source supply: 41.2 km of mapped target contact drains into the primary search reach","Steep slopes along the upstream contact (mean 27\u00b0) \u2014 active erosion/replenishment","Deeply incised channel at the contact (37 m below the \u00b1200 m mean surface)","Inside the KGS general Kentucky-agate area outline"],"negatives":["Nada/Renfro contact not drawn separately on this quadrangle","Diluted: only 1.3 km contact per km\u00b2 drainage","78% of drainage is Pennsylvanian sandstone/conglomerate \u2014 abundant non-target gravel","Source channel is not in NHD \u2014 likely dry except after rain"],"evidence_quality":"B \u2014 verified contact inside KGS agate area; no measured section on this drainage","citation":"Geologic map of the Leighton quadrangle, east-central Kentucky | Donald C. Haney and Charles L. Rice | 1978 (GQ-1495)","walk_start":[37.55422,-83.94997],"source_zone_end":[37.54651,-83.95142]}},{"type":"Feature","geometry":{"type":"Point","coordinates":[-84.002,37.5372]},"properties":{"id":7140,"rank":90,"priority":"MODERATE TARGET","score":73.5,"lat":37.5372,"lon":-84.002,"county":"Jackson","quad":"Alcorn","gq":"GQ-963","stream":"Unnamed branch, tributary to South Fork Station Camp Creek","channel":"branch","nhd":"intermittent (NHD)","contact_class":"VERIFIED TARGET CONTACT","geo_conf":"High","line_symbol":"Mbna","polygon_pair":"Mb|Msla","contact_style":"CONTACT","unit_below":"Nada Member (Mbna), Borden Fm","unit_above":"Renfro Member (mapped Mbr on the GQ; merged into Slade Fm polygon Msla in KGS digital data)","interpretation":"Base of Renfro Member (Mbr) on top of Nada Member (Mbna). GQ-963 maps Renfro separately; KGS digital compilation merged Renfro into the Slade Formation polygon (Msla), so this line is the mapped Nada/Renfro contact.","facies":"Along/east of the projected Locust Branch Fault trend: Renfro 6.3\u20139.7 m resting on Nada shale (Dever 1999, sections 88\u201395); brecciated dolomite with quartz bodies as far NE as Drip Rock; epigenetic Zn-Pb at Rock Lick Creek shows fluid flow on this trend.","elev_m":298.0,"da_cross_km2":0.902,"L_prim_km":90.1,"DA_prim_km2":95.24,"density":0.95,"pen_pct":62.0,"contact_slope_deg":28.7,"relief_1km_m":185.0,"incision_m":42.0,"slope200_deg":21.7,"grad300_pct":10.2,"grad_prim_pct":9.9,"prim_len_m":579.0,"ext_len_m":579.0,"S":1.0,"D":0.076,"E":0.834,"I":0.874,"Tt":0.558,"Rg":1.0,"G":1.0,"dist_outline_km":0.0,"doc_nearest":"Section 89 - Rock Lick Creek ('Platinum Mine' prospect)","doc_nearest_km":3.0,"doc_on_reach":"","report_on_reach":"South Fork Station Camp Creek","fault_dist_m":9953.0,"shares_reach_with_rank":null,"reasons":["Mapped Nada/Renfro contact on Alcorn GQ (verified from the map legend)","Large source supply: 90.1 km of mapped target contact drains into the primary search reach","Steep slopes along the upstream contact (mean 29\u00b0) \u2014 active erosion/replenishment","Deeply incised channel at the contact (42 m below the \u00b1200 m mean surface)","Inside the KGS general Kentucky-agate area outline"],"negatives":["Diluted: only 0.9 km contact per km\u00b2 drainage","62% of drainage is Pennsylvanian sandstone/conglomerate \u2014 abundant non-target gravel","Steep reach (9.9%) \u2014 few bars; search pools, boulder lags and bank toes"],"evidence_quality":"A \u2014 verified contact, documented technical locality within 5 km in the same facies belt","citation":"Geologic map of the Alcorn quadrangle, east-central Kentucky | Charles L. Rice | 1972 (GQ-963)","walk_start":[37.54156,-84.00435],"source_zone_end":[37.53863,-84.00266]}},{"type":"Feature","geometry":{"type":"Point","coordinates":[-84.2882,37.5088]},"properties":{"id":2562,"rank":91,"priority":"MODERATE TARGET","score":73.5,"lat":37.5088,"lon":-84.2882,"county":"Rockcastle","quad":"Berea","gq":"GQ-649","stream":"Unnamed hollow head, tributary to Little Clear Creek","channel":"hollow head","nhd":"not in NHD \u2014 DEM-derived channel (likely ephemeral hollow)","contact_class":"VERIFIED TARGET CONTACT","geo_conf":"High","line_symbol":"Mbna","polygon_pair":"Mb|Msla","contact_style":"CONTACT","unit_below":"Nada Member (Mbna), Borden Fm","unit_above":"Renfro Member (mapped Mbr on the GQ; merged into Slade Fm polygon Msla in KGS digital data)","interpretation":"Base of Renfro Member (Mbr) on top of Nada Member (Mbna), GQ-649. Glauconitic clayey siltstone seam (to 0.2 ft) marks top of Nada.","facies":"West of the projected Locust Branch Fault trend: thick Renfro (16.7\u201317.5 m) with a cherty, geodiferous basal dolomite 1.5\u20135 m thick (Dever 1999, sections 83, 87); silica (chalcedony+quartz) geodes replacing upper Nada dolostone at KSPG Stop 6B.","elev_m":403.0,"da_cross_km2":0.022,"L_prim_km":30.8,"DA_prim_km2":4.48,"density":6.87,"pen_pct":0.0,"contact_slope_deg":14.7,"relief_1km_m":97.0,"incision_m":-4.0,"slope200_deg":14.4,"grad300_pct":19.5,"grad_prim_pct":6.7,"prim_len_m":1204.0,"ext_len_m":4019.0,"S":0.932,"D":1.0,"E":0.134,"I":0.06,"Tt":0.799,"Rg":1.0,"G":1.0,"dist_outline_km":0.0,"doc_nearest":"KSPG 2013 Stop 6B - Bighill roadcut, US-421","doc_nearest_km":7.1,"doc_on_reach":"","report_on_reach":"","fault_dist_m":7008.0,"shares_reach_with_rank":null,"reasons":["Mapped Nada/Renfro contact on Berea GQ (verified from the map legend)","Large source supply: 30.8 km of mapped target contact drains into the primary search reach","Concentrated source: 6.9 km of contact per km\u00b2 of drainage (little dilution)","Little Pennsylvanian sandstone upstream (0% of drainage) \u2014 fewer look-alike clasts","Inside the KGS general Kentucky-agate area outline"],"negatives":["Gentle slopes on upstream contact (mean 15\u00b0) \u2014 slow replenishment","Weak incision at the contact (-4 m)","Source channel is not in NHD \u2014 likely dry except after rain"],"evidence_quality":"B \u2014 verified contact inside KGS agate area; no measured section on this drainage","citation":"Geologic map of the Berea quadrangle, east-central Kentucky | Gordon Whitney Weir | 1967 (GQ-649)","walk_start":[37.51134,-84.29785],"source_zone_end":[37.50933,-84.28865]}},{"type":"Feature","geometry":{"type":"Point","coordinates":[-83.8203,37.7941]},"properties":{"id":4574,"rank":92,"priority":"MODERATE TARGET","score":73.4,"lat":37.7941,"lon":-83.8203,"county":"Powell","quad":"Stanton","gq":"GQ-1182","stream":"Unnamed ravine / small hollow, tributary to Cat Creek","channel":"ravine / small hollow","nhd":"intermittent (NHD)","contact_class":"VERIFIED TARGET CONTACT (combined-unit top)","geo_conf":"Moderate-high","line_symbol":"Mbna","polygon_pair":"Mb|Msla","contact_style":"SECONDARY","unit_below":"Renfro and Nada Members, undivided (Mbrn) \u2014 digital polygon Mb","unit_above":"St. Louis Limestone Member of Newman/Slade (Msla) above the combined Renfro+Nada unit (Mbrn)","interpretation":"Top of mapped Renfro+Nada unit (Mbrn), GQ-1182. Renfro commonly about 5 ft thick, so the target contact lies a few feet below this line.","facies":"Northeast part of the belt: Renfro thin (GQ legends: ~5\u201310 ft in Powell County) and mapped with the Nada; the Nada/Renfro contact lies only a few feet to ~10 m below the mapped line. Historic collecting centre (Irvine\u2013Estill\u2013Powell).","elev_m":323.0,"da_cross_km2":0.052,"L_prim_km":44.1,"DA_prim_km2":12.66,"density":3.48,"pen_pct":31.0,"contact_slope_deg":19.8,"relief_1km_m":182.0,"incision_m":32.0,"slope200_deg":18.1,"grad300_pct":14.6,"grad_prim_pct":8.5,"prim_len_m":1217.0,"ext_len_m":4000.0,"S":1.0,"D":0.518,"E":0.389,"I":0.762,"Tt":0.66,"Rg":1.0,"G":0.95,"dist_outline_km":0.0,"doc_nearest":"Section 95 - Drip Rock (KY-89 roadcut)","doc_nearest_km":25.2,"doc_on_reach":"","report_on_reach":"","fault_dist_m":902.0,"shares_reach_with_rank":null,"reasons":["Mapped top of the Renfro+Nada unit; target contact lies a few feet to ~10 m lower in the same channel","Large source supply: 44.1 km of mapped target contact drains into the primary search reach","Deeply incised channel at the contact (32 m below the \u00b1200 m mean surface)","Inside the KGS general Kentucky-agate area outline"],"negatives":["Nada/Renfro contact not drawn separately on this quadrangle","Steep reach (8.5%) \u2014 few bars; search pools, boulder lags and bank toes"],"evidence_quality":"B \u2014 verified contact inside KGS agate area; no measured section on this drainage","citation":"Geologic map of the Stanton quadrangle, Powell and Estill Counties, Kentucky | Gordon Whitney Weir | 1974 (GQ-1182)","walk_start":[37.79978,-83.81204],"source_zone_end":[37.79551,-83.8204]}},{"type":"Feature","geometry":{"type":"Point","coordinates":[-83.8417,37.6092]},"properties":{"id":6765,"rank":93,"priority":"MODERATE TARGET","score":73.4,"lat":37.6092,"lon":-83.8417,"county":"Lee","quad":"Heidelberg","gq":"GQ-1340","stream":"Unnamed ravine / small hollow, tributary to Ross Creek","channel":"ravine / small hollow","nhd":"intermittent (NHD)","contact_class":"VERIFIED TARGET CONTACT (combined-unit top)","geo_conf":"Moderate-high","line_symbol":"Mbna","polygon_pair":"Mb|Msla","contact_style":"SECONDARY","unit_below":"Renfro and Nada Members, undivided (Mbrn) \u2014 digital polygon Mb","unit_above":"St. Louis Limestone Member of Newman/Slade (Msla) above the combined Renfro+Nada unit (Mbrn)","interpretation":"Top of mapped Renfro+Nada unit (Mbrn), GQ-1340.","facies":"Northeast part of the belt: Renfro thin (GQ legends: ~5\u201310 ft in Powell County) and mapped with the Nada; the Nada/Renfro contact lies only a few feet to ~10 m below the mapped line. Historic collecting centre (Irvine\u2013Estill\u2013Powell).","elev_m":264.0,"da_cross_km2":0.355,"L_prim_km":79.7,"DA_prim_km2":30.13,"density":2.64,"pen_pct":69.0,"contact_slope_deg":26.7,"relief_1km_m":154.0,"incision_m":34.0,"slope200_deg":19.1,"grad300_pct":14.0,"grad_prim_pct":6.5,"prim_len_m":1211.0,"ext_len_m":1637.0,"S":1.0,"D":0.317,"E":0.737,"I":0.695,"Tt":0.813,"Rg":1.0,"G":0.95,"dist_outline_km":0.0,"doc_nearest":"Section 95 - Drip Rock (KY-89 roadcut)","doc_nearest_km":10.9,"doc_on_reach":"","report_on_reach":"","fault_dist_m":13532.0,"shares_reach_with_rank":null,"reasons":["Mapped top of the Renfro+Nada unit; target contact lies a few feet to ~10 m lower in the same channel","Large source supply: 79.7 km of mapped target contact drains into the primary search reach","Steep slopes along the upstream contact (mean 27\u00b0) \u2014 active erosion/replenishment","Deeply incised channel at the contact (34 m below the \u00b1200 m mean surface)","Inside the KGS general Kentucky-agate area outline"],"negatives":["Nada/Renfro contact not drawn separately on this quadrangle","69% of drainage is Pennsylvanian sandstone/conglomerate \u2014 abundant non-target gravel"],"evidence_quality":"B \u2014 verified contact inside KGS agate area; no measured section on this drainage","citation":"Geologic map of the Heidelberg quadrangle, east-central Kentucky | Douglas F. B. Black | 1977 (GQ-1340)","walk_start":[37.60956,-83.85461],"source_zone_end":[37.60962,-83.84329]}},{"type":"Feature","geometry":{"type":"Point","coordinates":[-84.2527,37.4643]},"properties":{"id":3077,"rank":94,"priority":"MODERATE TARGET","score":73.4,"lat":37.4643,"lon":-84.2527,"county":"Rockcastle","quad":"Wildie","gq":"GQ-684","stream":"Unnamed hollow head, tributary to Clear Creek","channel":"hollow head","nhd":"not in NHD \u2014 DEM-derived channel (likely ephemeral hollow)","contact_class":"PROBABLE STRATIGRAPHIC EQUIVALENT","geo_conf":"Moderate","line_symbol":"Mbw","polygon_pair":"Mb|Mbr","contact_style":"CONTACT","unit_below":"Wildie Member (Mbw), Borden Fm","unit_above":"Renfro Member (Mbr)","interpretation":"Base of Renfro Member on Wildie Member (Mbw), GQ-684; upper-Nada stratigraphic equivalent.","facies":"Rockcastle County Wildie belt: upper-Nada lithosome (Wildie Member) beneath the Renfro south of the arbitrary Berea cutoff; quartz geodes documented in Renfro/Muldraugh-equivalent carbonates nearby.","elev_m":349.0,"da_cross_km2":0.026,"L_prim_km":186.7,"DA_prim_km2":35.98,"density":5.19,"pen_pct":18.0,"contact_slope_deg":22.3,"relief_1km_m":157.0,"incision_m":49.0,"slope200_deg":22.5,"grad300_pct":9.5,"grad_prim_pct":3.9,"prim_len_m":1209.0,"ext_len_m":4001.0,"S":1.0,"D":0.726,"E":0.515,"I":0.776,"Tt":1.0,"Rg":1.0,"G":0.85,"dist_outline_km":0.0,"doc_nearest":"KSPG 2013 Stop 6B - Bighill roadcut, US-421","doc_nearest_km":8.0,"doc_on_reach":"","report_on_reach":"","fault_dist_m":10017.0,"shares_reach_with_rank":null,"reasons":["Large source supply: 186.7 km of mapped target contact drains into the primary search reach","Concentrated source: 5.2 km of contact per km\u00b2 of drainage (little dilution)","Little Pennsylvanian sandstone upstream (18% of drainage) \u2014 fewer look-alike clasts","Deeply incised channel at the contact (49 m below the \u00b1200 m mean surface)","Moderate reach gradient (3.9%) \u2014 gravel bars likely","Inside the KGS general Kentucky-agate area outline"],"negatives":["Wildie Member = upper-Nada equivalent under a different name (probable, not verified)","Source channel is not in NHD \u2014 likely dry except after rain"],"evidence_quality":"C \u2014 probable equivalent","citation":"Geologic map of the Wildie quadrangle, Garrard and Rockcastle Counties, Kentucky | James Louis Gualtieri | 1968 (GQ-684)","walk_start":[37.46295,-84.26274],"source_zone_end":[37.46509,-84.25407]}},{"type":"Feature","geometry":{"type":"Point","coordinates":[-84.2783,37.4538]},"properties":{"id":3781,"rank":95,"priority":"MODERATE TARGET","score":73.3,"lat":37.4538,"lon":-84.2783,"county":"Rockcastle","quad":"Wildie","gq":"GQ-684","stream":"Unnamed hollow head, tributary to Scaffold Cane Branch","channel":"hollow head","nhd":"not in NHD \u2014 DEM-derived channel (likely ephemeral hollow)","contact_class":"PROBABLE STRATIGRAPHIC EQUIVALENT","geo_conf":"Moderate","line_symbol":"Mbw","polygon_pair":"Mb|Mbr","contact_style":"CONTACT","unit_below":"Wildie Member (Mbw), Borden Fm","unit_above":"Renfro Member (Mbr)","interpretation":"Base of Renfro Member on Wildie Member (Mbw), GQ-684; upper-Nada stratigraphic equivalent.","facies":"Rockcastle County Wildie belt: upper-Nada lithosome (Wildie Member) beneath the Renfro south of the arbitrary Berea cutoff; quartz geodes documented in Renfro/Muldraugh-equivalent carbonates nearby.","elev_m":339.0,"da_cross_km2":0.035,"L_prim_km":39.1,"DA_prim_km2":8.05,"density":4.86,"pen_pct":6.0,"contact_slope_deg":20.3,"relief_1km_m":154.0,"incision_m":40.0,"slope200_deg":20.9,"grad300_pct":10.6,"grad_prim_pct":3.6,"prim_len_m":1209.0,"ext_len_m":4004.0,"S":0.994,"D":0.793,"E":0.414,"I":0.763,"Tt":1.0,"Rg":1.0,"G":0.85,"dist_outline_km":0.0,"doc_nearest":"KSPG 2013 Stop 6B - Bighill roadcut, US-421","doc_nearest_km":10.2,"doc_on_reach":"","report_on_reach":"","fault_dist_m":8291.0,"shares_reach_with_rank":null,"reasons":["Large source supply: 39.1 km of mapped target contact drains into the primary search reach","Little Pennsylvanian sandstone upstream (6% of drainage) \u2014 fewer look-alike clasts","Deeply incised channel at the contact (40 m below the \u00b1200 m mean surface)","Moderate reach gradient (3.6%) \u2014 gravel bars likely","Inside the KGS general Kentucky-agate area outline"],"negatives":["Wildie Member = upper-Nada equivalent under a different name (probable, not verified)","Source channel is not in NHD \u2014 likely dry except after rain"],"evidence_quality":"C \u2014 probable equivalent","citation":"Geologic map of the Wildie quadrangle, Garrard and Rockcastle Counties, Kentucky | James Louis Gualtieri | 1968 (GQ-684)","walk_start":[37.44715,-84.28072],"source_zone_end":[37.45379,-84.27958]}},{"type":"Feature","geometry":{"type":"Point","coordinates":[-83.7643,37.8627]},"properties":{"id":3401,"rank":96,"priority":"MODERATE TARGET","score":73.3,"lat":37.8627,"lon":-83.7643,"county":"Powell","quad":"Stanton","gq":"GQ-1182","stream":"Unnamed hollow head, tributary to Right Fork Cane Creek","channel":"hollow head","nhd":"not in NHD \u2014 DEM-derived channel (likely ephemeral hollow)","contact_class":"VERIFIED TARGET CONTACT (combined-unit top)","geo_conf":"Moderate-high","line_symbol":"Mbna","polygon_pair":"Mb|Msla","contact_style":"SECONDARY","unit_below":"Renfro and Nada Members, undivided (Mbrn) \u2014 digital polygon Mb","unit_above":"St. Louis Limestone Member of Newman/Slade (Msla) above the combined Renfro+Nada unit (Mbrn)","interpretation":"Top of mapped Renfro+Nada unit (Mbrn), GQ-1182. Renfro commonly about 5 ft thick, so the target contact lies a few feet below this line.","facies":"Northeast part of the belt: Renfro thin (GQ legends: ~5\u201310 ft in Powell County) and mapped with the Nada; the Nada/Renfro contact lies only a few feet to ~10 m below the mapped line. Historic collecting centre (Irvine\u2013Estill\u2013Powell).","elev_m":310.0,"da_cross_km2":0.03,"L_prim_km":121.5,"DA_prim_km2":18.67,"density":6.51,"pen_pct":23.0,"contact_slope_deg":18.2,"relief_1km_m":201.0,"incision_m":13.0,"slope200_deg":22.8,"grad300_pct":23.0,"grad_prim_pct":8.5,"prim_len_m":1206.0,"ext_len_m":4001.0,"S":1.0,"D":0.921,"E":0.312,"I":0.599,"Tt":0.665,"Rg":0.75,"G":0.95,"dist_outline_km":2.9,"doc_nearest":"Section 95 - Drip Rock (KY-89 roadcut)","doc_nearest_km":34.3,"doc_on_reach":"","report_on_reach":"","fault_dist_m":8509.0,"shares_reach_with_rank":null,"reasons":["Mapped top of the Renfro+Nada unit; target contact lies a few feet to ~10 m lower in the same channel","Large source supply: 121.5 km of mapped target contact drains into the primary search reach","Concentrated source: 6.5 km of contact per km\u00b2 of drainage (little dilution)"],"negatives":["Nada/Renfro contact not drawn separately on this quadrangle","Steep reach (8.5%) \u2014 few bars; search pools, boulder lags and bank toes","2.9 km outside the KGS general agate area","Source channel is not in NHD \u2014 likely dry except after rain"],"evidence_quality":"C \u2014 verified contact outside the documented agate area","citation":"Geologic map of the Stanton quadrangle, Powell and Estill Counties, Kentucky | Gordon Whitney Weir | 1974 (GQ-1182)","walk_start":[37.86547,-83.76921],"source_zone_end":[37.86353,-83.76429]}},{"type":"Feature","geometry":{"type":"Point","coordinates":[-84.1653,37.5708]},"properties":{"id":890,"rank":97,"priority":"MODERATE TARGET","score":73.3,"lat":37.5708,"lon":-84.1653,"county":"Madison","quad":"Bighill","gq":"GQ-900","stream":"Unnamed hollow head, tributary to Red Lick Creek","channel":"hollow head","nhd":"not in NHD \u2014 DEM-derived channel (likely ephemeral hollow)","contact_class":"VERIFIED TARGET CONTACT","geo_conf":"High","line_symbol":"Mbna","polygon_pair":"Mb|Msla","contact_style":"CONTACT","unit_below":"Nada Member (Mbna), Borden Fm","unit_above":"Renfro Member (mapped Mbr on the GQ; merged into Slade Fm polygon Msla in KGS digital data)","interpretation":"Base of Renfro Member (Mbr) on top of Nada Member (Mbna), GQ-900.","facies":"West of the projected Locust Branch Fault trend: thick Renfro (16.7\u201317.5 m) with a cherty, geodiferous basal dolomite 1.5\u20135 m thick (Dever 1999, sections 83, 87); silica (chalcedony+quartz) geodes replacing upper Nada dolostone at KSPG Stop 6B.","elev_m":351.0,"da_cross_km2":0.014,"L_prim_km":3.2,"DA_prim_km2":0.59,"density":5.45,"pen_pct":1.0,"contact_slope_deg":33.6,"relief_1km_m":176.0,"incision_m":24.0,"slope200_deg":17.0,"grad300_pct":23.3,"grad_prim_pct":9.6,"prim_len_m":1206.0,"ext_len_m":1902.0,"S":0.388,"D":0.906,"E":1.0,"I":0.647,"Tt":0.579,"Rg":1.0,"G":1.0,"dist_outline_km":0.0,"doc_nearest":"Section 83 - Bighill (US-421 roadcut)","doc_nearest_km":5.3,"doc_on_reach":"","report_on_reach":"","fault_dist_m":4095.0,"shares_reach_with_rank":null,"reasons":["Mapped Nada/Renfro contact on Bighill GQ (verified from the map legend)","Concentrated source: 5.5 km of contact per km\u00b2 of drainage (little dilution)","Little Pennsylvanian sandstone upstream (1% of drainage) \u2014 fewer look-alike clasts","Steep slopes along the upstream contact (mean 34\u00b0) \u2014 active erosion/replenishment","Inside the KGS general Kentucky-agate area outline"],"negatives":["Small source supply (3.2 km of contact upstream of reach end)","Steep reach (9.6%) \u2014 few bars; search pools, boulder lags and bank toes","Source channel is not in NHD \u2014 likely dry except after rain"],"evidence_quality":"B \u2014 verified contact inside KGS agate area; no measured section on this drainage","citation":"Geologic map of the Bighill quadrangle, east-central Kentucky | Gordon Whitney Weir, K. Y. Lee, and P.E. Cassity | 1971 (GQ-900)","walk_start":[37.58002,-84.16811],"source_zone_end":[37.57131,-84.1655]}},{"type":"Feature","geometry":{"type":"Point","coordinates":[-83.9465,37.6472]},"properties":{"id":424,"rank":98,"priority":"MODERATE TARGET","score":73.3,"lat":37.6472,"lon":-83.9465,"county":"Estill","quad":"Irvine","gq":"GQ-1285","stream":"Unnamed hollow head, tributary to Jones Branch","channel":"hollow head","nhd":"not in NHD \u2014 DEM-derived channel (likely ephemeral hollow)","contact_class":"VERIFIED TARGET CONTACT (combined-unit top)","geo_conf":"Moderate-high","line_symbol":"Mbna","polygon_pair":"Mb|Msla","contact_style":"SECONDARY","unit_below":"Renfro and Nada Members, undivided (Mbrn) \u2014 digital polygon Mb","unit_above":"St. Louis Limestone Member of Newman/Slade (Msla) above the combined Renfro+Nada unit (Mbrn)","interpretation":"Top of mapped Renfro+Nada unit (Mbrn), GQ-1285. The Nada/Renfro contact itself is not drawn; it lies one Renfro thickness below this line (Renfro thickest NE, thinnest near Wagersville).","facies":"Northeast part of the belt: Renfro thin (GQ legends: ~5\u201310 ft in Powell County) and mapped with the Nada; the Nada/Renfro contact lies only a few feet to ~10 m below the mapped line. Historic collecting centre (Irvine\u2013Estill\u2013Powell).","elev_m":326.0,"da_cross_km2":0.012,"L_prim_km":13.6,"DA_prim_km2":2.22,"density":6.12,"pen_pct":19.0,"contact_slope_deg":28.9,"relief_1km_m":180.0,"incision_m":-3.0,"slope200_deg":21.9,"grad300_pct":26.6,"grad_prim_pct":8.5,"prim_len_m":1214.0,"ext_len_m":3740.0,"S":0.722,"D":0.933,"E":0.844,"I":0.356,"Tt":0.663,"Rg":1.0,"G":0.95,"dist_outline_km":0.0,"doc_nearest":"Section 95 - Drip Rock (KY-89 roadcut)","doc_nearest_km":5.7,"doc_on_reach":"","report_on_reach":"","fault_dist_m":4237.0,"shares_reach_with_rank":null,"reasons":["Mapped top of the Renfro+Nada unit; target contact lies a few feet to ~10 m lower in the same channel","Concentrated source: 6.1 km of contact per km\u00b2 of drainage (little dilution)","Little Pennsylvanian sandstone upstream (19% of drainage) \u2014 fewer look-alike clasts","Steep slopes along the upstream contact (mean 29\u00b0) \u2014 active erosion/replenishment","Inside the KGS general Kentucky-agate area outline"],"negatives":["Nada/Renfro contact not drawn separately on this quadrangle","Weak incision at the contact (-3 m)","Steep reach (8.5%) \u2014 few bars; search pools, boulder lags and bank toes","Source channel is not in NHD \u2014 likely dry except after rain"],"evidence_quality":"B \u2014 verified contact inside KGS agate area; no measured section on this drainage","citation":"Geologic map of the Irvine quadrangle, Estill County, Kentucky | Harry P. Hoge, Perry Braswell Wigley, and Fred R. Shawe | 1976 (GQ-1285)","walk_start":[37.63787,-83.94451],"source_zone_end":[37.64674,-83.94596]}},{"type":"Feature","geometry":{"type":"Point","coordinates":[-83.9144,37.642]},"properties":{"id":4993,"rank":99,"priority":"MODERATE TARGET","score":73.2,"lat":37.642,"lon":-83.9144,"county":"Estill","quad":"Irvine","gq":"GQ-1285","stream":"Unnamed ravine / small hollow","channel":"ravine / small hollow","nhd":"not in NHD \u2014 DEM-derived channel (likely ephemeral hollow)","contact_class":"VERIFIED TARGET CONTACT (combined-unit top)","geo_conf":"Moderate-high","line_symbol":"Mbna","polygon_pair":"Mb|Msla","contact_style":"SECONDARY","unit_below":"Renfro and Nada Members, undivided (Mbrn) \u2014 digital polygon Mb","unit_above":"St. Louis Limestone Member of Newman/Slade (Msla) above the combined Renfro+Nada unit (Mbrn)","interpretation":"Top of mapped Renfro+Nada unit (Mbrn), GQ-1285. The Nada/Renfro contact itself is not drawn; it lies one Renfro thickness below this line (Renfro thickest NE, thinnest near Wagersville).","facies":"Northeast part of the belt: Renfro thin (GQ legends: ~5\u201310 ft in Powell County) and mapped with the Nada; the Nada/Renfro contact lies only a few feet to ~10 m below the mapped line. Historic collecting centre (Irvine\u2013Estill\u2013Powell).","elev_m":325.0,"da_cross_km2":0.065,"L_prim_km":6.8,"DA_prim_km2":1.14,"density":5.99,"pen_pct":31.0,"contact_slope_deg":32.1,"relief_1km_m":166.0,"incision_m":19.0,"slope200_deg":19.3,"grad300_pct":15.2,"grad_prim_pct":7.8,"prim_len_m":1207.0,"ext_len_m":4000.0,"S":0.553,"D":0.891,"E":1.0,"I":0.547,"Tt":0.718,"Rg":1.0,"G":0.95,"dist_outline_km":0.0,"doc_nearest":"Section 95 - Drip Rock (KY-89 roadcut)","doc_nearest_km":6.6,"doc_on_reach":"","report_on_reach":"","fault_dist_m":6438.0,"shares_reach_with_rank":null,"reasons":["Mapped top of the Renfro+Nada unit; target contact lies a few feet to ~10 m lower in the same channel","Concentrated source: 6.0 km of contact per km\u00b2 of drainage (little dilution)","Steep slopes along the upstream contact (mean 32\u00b0) \u2014 active erosion/replenishment","Inside the KGS general Kentucky-agate area outline"],"negatives":["Nada/Renfro contact not drawn separately on this quadrangle","Source channel is not in NHD \u2014 likely dry except after rain"],"evidence_quality":"B \u2014 verified contact inside KGS agate area; no measured section on this drainage","citation":"Geologic map of the Irvine quadrangle, Estill County, Kentucky | Harry P. Hoge, Perry Braswell Wigley, and Fred R. Shawe | 1976 (GQ-1285)","walk_start":[37.63851,-83.90665],"source_zone_end":[37.64267,-83.91418]}},{"type":"Feature","geometry":{"type":"Point","coordinates":[-84.2731,37.4771]},"properties":{"id":903,"rank":100,"priority":"MODERATE TARGET","score":73.1,"lat":37.4771,"lon":-84.2731,"county":"Rockcastle","quad":"Wildie","gq":"GQ-684","stream":"Unnamed hollow head, tributary to Todd Branch","channel":"hollow head","nhd":"not in NHD \u2014 DEM-derived channel (likely ephemeral hollow)","contact_class":"PROBABLE STRATIGRAPHIC EQUIVALENT","geo_conf":"Moderate","line_symbol":"Mbw","polygon_pair":"Mb|Mbr","contact_style":"CONTACT","unit_below":"Wildie Member (Mbw), Borden Fm","unit_above":"Renfro Member (Mbr)","interpretation":"Base of Renfro Member on Wildie Member (Mbw), GQ-684; upper-Nada stratigraphic equivalent.","facies":"Rockcastle County Wildie belt: upper-Nada lithosome (Wildie Member) beneath the Renfro south of the arbitrary Berea cutoff; quartz geodes documented in Renfro/Muldraugh-equivalent carbonates nearby.","elev_m":369.0,"da_cross_km2":0.014,"L_prim_km":29.0,"DA_prim_km2":4.46,"density":6.5,"pen_pct":2.0,"contact_slope_deg":20.8,"relief_1km_m":143.0,"incision_m":33.0,"slope200_deg":20.1,"grad300_pct":8.2,"grad_prim_pct":5.0,"prim_len_m":1201.0,"ext_len_m":4008.0,"S":0.916,"D":0.992,"E":0.441,"I":0.639,"Tt":0.922,"Rg":1.0,"G":0.85,"dist_outline_km":0.0,"doc_nearest":"KSPG 2013 Stop 6B - Bighill roadcut, US-421","doc_nearest_km":7.9,"doc_on_reach":"","report_on_reach":"","fault_dist_m":7972.0,"shares_reach_with_rank":null,"reasons":["Large source supply: 29.0 km of mapped target contact drains into the primary search reach","Concentrated source: 6.5 km of contact per km\u00b2 of drainage (little dilution)","Little Pennsylvanian sandstone upstream (2% of drainage) \u2014 fewer look-alike clasts","Deeply incised channel at the contact (33 m below the \u00b1200 m mean surface)","Inside the KGS general Kentucky-agate area outline"],"negatives":["Wildie Member = upper-Nada equivalent under a different name (probable, not verified)","Source channel is not in NHD \u2014 likely dry except after rain"],"evidence_quality":"C \u2014 probable equivalent","citation":"Geologic map of the Wildie quadrangle, Garrard and Rockcastle Counties, Kentucky | James Louis Gualtieri | 1968 (GQ-684)","walk_start":[37.47788,-84.26129],"source_zone_end":[37.47705,-84.27218]}},{"type":"Feature","geometry":{"type":"Point","coordinates":[-83.8628,37.7267]},"properties":{"id":6263,"rank":101,"priority":"MODERATE TARGET","score":73.0,"lat":37.7267,"lon":-83.8628,"county":"Estill","quad":"Cobhill","gq":"GQ-1347","stream":"Unnamed ravine / small hollow, tributary to Furnace Fork","channel":"ravine / small hollow","nhd":"not in NHD \u2014 DEM-derived channel (likely ephemeral hollow)","contact_class":"VERIFIED TARGET CONTACT (combined-unit top)","geo_conf":"Moderate-high","line_symbol":"Mbna","polygon_pair":"Mb|Msla","contact_style":"SECONDARY","unit_below":"Renfro and Nada Members, undivided (Mbrn) \u2014 digital polygon Mb","unit_above":"St. Louis Limestone Member of Newman/Slade (Msla) above the combined Renfro+Nada unit (Mbrn)","interpretation":"Top of mapped Renfro+Nada unit (Mbrn), GQ-1347.","facies":"Northeast part of the belt: Renfro thin (GQ legends: ~5\u201310 ft in Powell County) and mapped with the Nada; the Nada/Renfro contact lies only a few feet to ~10 m below the mapped line. Historic collecting centre (Irvine\u2013Estill\u2013Powell).","elev_m":322.0,"da_cross_km2":0.18,"L_prim_km":8.6,"DA_prim_km2":1.71,"density":5.04,"pen_pct":33.0,"contact_slope_deg":32.0,"relief_1km_m":166.0,"incision_m":30.0,"slope200_deg":17.9,"grad300_pct":19.9,"grad_prim_pct":8.6,"prim_len_m":1207.0,"ext_len_m":4016.0,"S":0.609,"D":0.742,"E":1.0,"I":0.681,"Tt":0.658,"Rg":1.0,"G":0.95,"dist_outline_km":0.0,"doc_nearest":"Section 95 - Drip Rock (KY-89 roadcut)","doc_nearest_km":16.9,"doc_on_reach":"","report_on_reach":"","fault_dist_m":3399.0,"shares_reach_with_rank":null,"reasons":["Mapped top of the Renfro+Nada unit; target contact lies a few feet to ~10 m lower in the same channel","Concentrated source: 5.0 km of contact per km\u00b2 of drainage (little dilution)","Steep slopes along the upstream contact (mean 32\u00b0) \u2014 active erosion/replenishment","Inside the KGS general Kentucky-agate area outline"],"negatives":["Nada/Renfro contact not drawn separately on this quadrangle","Steep reach (8.6%) \u2014 few bars; search pools, boulder lags and bank toes","Source channel is not in NHD \u2014 likely dry except after rain"],"evidence_quality":"B \u2014 verified contact inside KGS agate area; no measured section on this drainage","citation":"Geologic map of the Cobhill quadrangle, east-central Kentucky | Donald C. Haney | 1976 (GQ-1347)","walk_start":[37.71844,-83.86272],"source_zone_end":[37.72583,-83.86286]}},{"type":"Feature","geometry":{"type":"Point","coordinates":[-84.0161,37.6037]},"properties":{"id":5436,"rank":102,"priority":"MODERATE TARGET","score":72.9,"lat":37.6037,"lon":-84.0161,"county":"Estill","quad":"Alcorn","gq":"GQ-963","stream":"Unnamed ravine / small hollow, tributary to Red Lick Creek","channel":"ravine / small hollow","nhd":"intermittent (NHD)","contact_class":"VERIFIED TARGET CONTACT","geo_conf":"High","line_symbol":"Mbna","polygon_pair":"Mb|Msla","contact_style":"CONTACT","unit_below":"Nada Member (Mbna), Borden Fm","unit_above":"Renfro Member (mapped Mbr on the GQ; merged into Slade Fm polygon Msla in KGS digital data)","interpretation":"Base of Renfro Member (Mbr) on top of Nada Member (Mbna). GQ-963 maps Renfro separately; KGS digital compilation merged Renfro into the Slade Formation polygon (Msla), so this line is the mapped Nada/Renfro contact.","facies":"Along/east of the projected Locust Branch Fault trend: Renfro 6.3\u20139.7 m resting on Nada shale (Dever 1999, sections 88\u201395); brecciated dolomite with quartz bodies as far NE as Drip Rock; epigenetic Zn-Pb at Rock Lick Creek shows fluid flow on this trend.","elev_m":331.0,"da_cross_km2":0.087,"L_prim_km":404.2,"DA_prim_km2":162.95,"density":2.48,"pen_pct":9.0,"contact_slope_deg":28.8,"relief_1km_m":222.0,"incision_m":23.0,"slope200_deg":20.0,"grad300_pct":23.5,"grad_prim_pct":11.9,"prim_len_m":1144.0,"ext_len_m":1144.0,"S":1.0,"D":0.184,"E":0.842,"I":0.788,"Tt":0.404,"Rg":1.0,"G":1.0,"dist_outline_km":0.0,"doc_nearest":"Section 95 - Drip Rock (KY-89 roadcut)","doc_nearest_km":4.6,"doc_on_reach":"","report_on_reach":"","fault_dist_m":2604.0,"shares_reach_with_rank":null,"reasons":["Mapped Nada/Renfro contact on Alcorn GQ (verified from the map legend)","Large source supply: 404.2 km of mapped target contact drains into the primary search reach","Little Pennsylvanian sandstone upstream (9% of drainage) \u2014 fewer look-alike clasts","Steep slopes along the upstream contact (mean 29\u00b0) \u2014 active erosion/replenishment","Inside the KGS general Kentucky-agate area outline"],"negatives":["Steep reach (11.9%) \u2014 few bars; search pools, boulder lags and bank toes"],"evidence_quality":"A \u2014 verified contact, documented technical locality within 5 km in the same facies belt","citation":"Geologic map of the Alcorn quadrangle, east-central Kentucky | Charles L. Rice | 1972 (GQ-963)","walk_start":[37.6077,-84.02616],"source_zone_end":[37.6044,-84.01678]}},{"type":"Feature","geometry":{"type":"Point","coordinates":[-84.1813,37.5296]},"properties":{"id":5684,"rank":103,"priority":"MODERATE TARGET","score":72.9,"lat":37.5296,"lon":-84.1813,"county":"Jackson","quad":"Bighill","gq":"GQ-900","stream":"Unnamed ravine / small hollow, tributary to Owsley Fork","channel":"ravine / small hollow","nhd":"not in NHD \u2014 DEM-derived channel (likely ephemeral hollow)","contact_class":"VERIFIED TARGET CONTACT","geo_conf":"High","line_symbol":"Mbna","polygon_pair":"Mb|Msla","contact_style":"CONTACT","unit_below":"Nada Member (Mbna), Borden Fm","unit_above":"Renfro Member (mapped Mbr on the GQ; merged into Slade Fm polygon Msla in KGS digital data)","interpretation":"Base of Renfro Member (Mbr) on top of Nada Member (Mbna), GQ-900.","facies":"West of the projected Locust Branch Fault trend: thick Renfro (16.7\u201317.5 m) with a cherty, geodiferous basal dolomite 1.5\u20135 m thick (Dever 1999, sections 83, 87); silica (chalcedony+quartz) geodes replacing upper Nada dolostone at KSPG Stop 6B.","elev_m":357.0,"da_cross_km2":0.103,"L_prim_km":3.6,"DA_prim_km2":0.83,"density":4.31,"pen_pct":0.0,"contact_slope_deg":34.5,"relief_1km_m":197.0,"incision_m":31.0,"slope200_deg":19.0,"grad300_pct":14.2,"grad_prim_pct":9.0,"prim_len_m":1212.0,"ext_len_m":4011.0,"S":0.409,"D":0.718,"E":1.0,"I":0.801,"Tt":0.627,"Rg":1.0,"G":1.0,"dist_outline_km":0.0,"doc_nearest":"Section 83 - Bighill (US-421 roadcut)","doc_nearest_km":1.1,"doc_on_reach":"","report_on_reach":"","fault_dist_m":8349.0,"shares_reach_with_rank":null,"reasons":["Mapped Nada/Renfro contact on Bighill GQ (verified from the map legend)","Little Pennsylvanian sandstone upstream (0% of drainage) \u2014 fewer look-alike clasts","Steep slopes along the upstream contact (mean 35\u00b0) \u2014 active erosion/replenishment","Deeply incised channel at the contact (31 m below the \u00b1200 m mean surface)","Inside the KGS general Kentucky-agate area outline","1.1 km from documented locality: Section 83 - Bighill (US-421 roadcut)"],"negatives":["Small source supply (3.6 km of contact upstream of reach end)","Steep reach (9.0%) \u2014 few bars; search pools, boulder lags and bank toes","Source channel is not in NHD \u2014 likely dry except after rain"],"evidence_quality":"A \u2014 verified contact, documented technical locality within 5 km in the same facies belt","citation":"Geologic map of the Bighill quadrangle, east-central Kentucky | Gordon Whitney Weir, K. Y. Lee, and P.E. Cassity | 1971 (GQ-900)","walk_start":[37.53943,-84.18141],"source_zone_end":[37.53023,-84.18108]}},{"type":"Feature","geometry":{"type":"Point","coordinates":[-83.9557,37.596]},"properties":{"id":6949,"rank":104,"priority":"MODERATE TARGET","score":72.8,"lat":37.596,"lon":-83.9557,"county":"Estill","quad":"Leighton","gq":"GQ-1495","stream":"Unnamed branch, tributary to Middle Fork Station Camp Creek","channel":"branch","nhd":"not in NHD \u2014 DEM-derived channel (likely ephemeral hollow)","contact_class":"VERIFIED TARGET CONTACT (combined-unit top)","geo_conf":"Moderate-high","line_symbol":"Mbna","polygon_pair":"Mb|Msla","contact_style":"SECONDARY","unit_below":"Renfro and Nada Members, undivided (Mbrn) \u2014 digital polygon Mb","unit_above":"St. Louis Limestone Member of Newman/Slade (Msla) above the combined Renfro+Nada unit (Mbrn)","interpretation":"Top of mapped Renfro+Nada unit (Mbrn), GQ-1495. Nada: greenish and grayish-red shale with mid-unit glauconitic seam and silty dolomite beds near top.","facies":"Along/east of the projected Locust Branch Fault trend: Renfro 6.3\u20139.7 m resting on Nada shale (Dever 1999, sections 88\u201395); brecciated dolomite with quartz bodies as far NE as Drip Rock; epigenetic Zn-Pb at Rock Lick Creek shows fluid flow on this trend.","elev_m":306.0,"da_cross_km2":0.52,"L_prim_km":7.1,"DA_prim_km2":1.59,"density":4.49,"pen_pct":44.0,"contact_slope_deg":32.5,"relief_1km_m":173.0,"incision_m":37.0,"slope200_deg":20.4,"grad300_pct":12.8,"grad_prim_pct":6.8,"prim_len_m":1208.0,"ext_len_m":3082.0,"S":0.565,"D":0.634,"E":1.0,"I":0.793,"Tt":0.793,"Rg":1.0,"G":0.95,"dist_outline_km":0.0,"doc_nearest":"Section 95 - Drip Rock (KY-89 roadcut)","doc_nearest_km":0.8,"doc_on_reach":"","report_on_reach":"Middle Fork Station Camp Creek","fault_dist_m":7352.0,"shares_reach_with_rank":null,"reasons":["Mapped top of the Renfro+Nada unit; target contact lies a few feet to ~10 m lower in the same channel","Steep slopes along the upstream contact (mean 33\u00b0) \u2014 active erosion/replenishment","Deeply incised channel at the contact (37 m below the \u00b1200 m mean surface)","Inside the KGS general Kentucky-agate area outline","0.8 km from documented locality: Section 95 - Drip Rock (KY-89 roadcut)"],"negatives":["Nada/Renfro contact not drawn separately on this quadrangle","Source channel is not in NHD \u2014 likely dry except after rain"],"evidence_quality":"B \u2014 verified contact inside KGS agate area; no measured section on this drainage","citation":"Geologic map of the Leighton quadrangle, east-central Kentucky | Donald C. Haney and Charles L. Rice | 1978 (GQ-1495)","walk_start":[37.60586,-83.95375],"source_zone_end":[37.59671,-83.95549]}},{"type":"Feature","geometry":{"type":"Point","coordinates":[-84.1691,37.5686]},"properties":{"id":3115,"rank":105,"priority":"MODERATE TARGET","score":72.7,"lat":37.5686,"lon":-84.1691,"county":"Madison","quad":"Bighill","gq":"GQ-900","stream":"Unnamed hollow head, tributary to Owsley Fork","channel":"hollow head","nhd":"not in NHD \u2014 DEM-derived channel (likely ephemeral hollow)","contact_class":"VERIFIED TARGET CONTACT","geo_conf":"High","line_symbol":"Mbna","polygon_pair":"Mb|Msla","contact_style":"CONTACT","unit_below":"Nada Member (Mbna), Borden Fm","unit_above":"Renfro Member (mapped Mbr on the GQ; merged into Slade Fm polygon Msla in KGS digital data)","interpretation":"Base of Renfro Member (Mbr) on top of Nada Member (Mbna), GQ-900.","facies":"West of the projected Locust Branch Fault trend: thick Renfro (16.7\u201317.5 m) with a cherty, geodiferous basal dolomite 1.5\u20135 m thick (Dever 1999, sections 83, 87); silica (chalcedony+quartz) geodes replacing upper Nada dolostone at KSPG Stop 6B.","elev_m":357.0,"da_cross_km2":0.026,"L_prim_km":4.0,"DA_prim_km2":0.78,"density":5.14,"pen_pct":1.0,"contact_slope_deg":34.9,"relief_1km_m":177.0,"incision_m":23.0,"slope200_deg":18.6,"grad300_pct":26.2,"grad_prim_pct":10.3,"prim_len_m":1217.0,"ext_len_m":3873.0,"S":0.435,"D":0.854,"E":1.0,"I":0.635,"Tt":0.525,"Rg":1.0,"G":1.0,"dist_outline_km":0.0,"doc_nearest":"Section 83 - Bighill (US-421 roadcut)","doc_nearest_km":5.0,"doc_on_reach":"","report_on_reach":"","fault_dist_m":4250.0,"shares_reach_with_rank":null,"reasons":["Mapped Nada/Renfro contact on Bighill GQ (verified from the map legend)","Concentrated source: 5.1 km of contact per km\u00b2 of drainage (little dilution)","Little Pennsylvanian sandstone upstream (1% of drainage) \u2014 fewer look-alike clasts","Steep slopes along the upstream contact (mean 35\u00b0) \u2014 active erosion/replenishment","Inside the KGS general Kentucky-agate area outline"],"negatives":["Small source supply (4.0 km of contact upstream of reach end)","Steep reach (10.3%) \u2014 few bars; search pools, boulder lags and bank toes","Source channel is not in NHD \u2014 likely dry except after rain"],"evidence_quality":"A \u2014 verified contact, documented technical locality within 5 km in the same facies belt","citation":"Geologic map of the Bighill quadrangle, east-central Kentucky | Gordon Whitney Weir, K. Y. Lee, and P.E. Cassity | 1971 (GQ-900)","walk_start":[37.57024,-84.18116],"source_zone_end":[37.56871,-84.1699]}},{"type":"Feature","geometry":{"type":"Point","coordinates":[-84.2027,37.528]},"properties":{"id":6838,"rank":106,"priority":"MODERATE TARGET","score":72.6,"lat":37.528,"lon":-84.2027,"county":"Madison","quad":"Bighill","gq":"GQ-900","stream":"Unnamed ravine / small hollow, tributary to Red Lick Branch","channel":"ravine / small hollow","nhd":"intermittent (NHD)","contact_class":"VERIFIED TARGET CONTACT","geo_conf":"High","line_symbol":"Mbna","polygon_pair":"Mb|Msla","contact_style":"CONTACT","unit_below":"Nada Member (Mbna), Borden Fm","unit_above":"Renfro Member (mapped Mbr on the GQ; merged into Slade Fm polygon Msla in KGS digital data)","interpretation":"Base of Renfro Member (Mbr) on top of Nada Member (Mbna), GQ-900.","facies":"West of the projected Locust Branch Fault trend: thick Renfro (16.7\u201317.5 m) with a cherty, geodiferous basal dolomite 1.5\u20135 m thick (Dever 1999, sections 83, 87); silica (chalcedony+quartz) geodes replacing upper Nada dolostone at KSPG Stop 6B.","elev_m":370.0,"da_cross_km2":0.402,"L_prim_km":7.1,"DA_prim_km2":2.52,"density":2.82,"pen_pct":26.0,"contact_slope_deg":30.6,"relief_1km_m":201.0,"incision_m":39.0,"slope200_deg":21.0,"grad300_pct":18.2,"grad_prim_pct":8.3,"prim_len_m":1227.0,"ext_len_m":4002.0,"S":0.564,"D":0.428,"E":0.93,"I":0.925,"Tt":0.681,"Rg":1.0,"G":1.0,"dist_outline_km":0.0,"doc_nearest":"Section 83 - Bighill (US-421 roadcut)","doc_nearest_km":0.8,"doc_on_reach":"KSPG 2013 Stop 6B - Bighill roadcut, US-421","report_on_reach":"","fault_dist_m":8286.0,"shares_reach_with_rank":null,"reasons":["Mapped Nada/Renfro contact on Bighill GQ (verified from the map legend)","Steep slopes along the upstream contact (mean 31\u00b0) \u2014 active erosion/replenishment","Deeply incised channel at the contact (39 m below the \u00b1200 m mean surface)","Inside the KGS general Kentucky-agate area outline","0.8 km from documented locality: Section 83 - Bighill (US-421 roadcut)"],"negatives":["Steep reach (8.3%) \u2014 few bars; search pools, boulder lags and bank toes"],"evidence_quality":"A \u2014 verified contact, documented technical locality within 5 km in the same facies belt","citation":"Geologic map of the Bighill quadrangle, east-central Kentucky | Gordon Whitney Weir, K. Y. Lee, and P.E. Cassity | 1971 (GQ-900)","walk_start":[37.53507,-84.21032],"source_zone_end":[37.52843,-84.20378]}},{"type":"Feature","geometry":{"type":"Point","coordinates":[-84.0047,37.6076]},"properties":{"id":5255,"rank":107,"priority":"MODERATE TARGET","score":72.4,"lat":37.6076,"lon":-84.0047,"county":"Estill","quad":"Alcorn","gq":"GQ-963","stream":"Unnamed ravine / small hollow","channel":"ravine / small hollow","nhd":"not in NHD \u2014 DEM-derived channel (likely ephemeral hollow)","contact_class":"VERIFIED TARGET CONTACT","geo_conf":"High","line_symbol":"Mbna","polygon_pair":"Mb|Msla","contact_style":"CONTACT","unit_below":"Nada Member (Mbna), Borden Fm","unit_above":"Renfro Member (mapped Mbr on the GQ; merged into Slade Fm polygon Msla in KGS digital data)","interpretation":"Base of Renfro Member (Mbr) on top of Nada Member (Mbna). GQ-963 maps Renfro separately; KGS digital compilation merged Renfro into the Slade Formation polygon (Msla), so this line is the mapped Nada/Renfro contact.","facies":"Along/east of the projected Locust Branch Fault trend: Renfro 6.3\u20139.7 m resting on Nada shale (Dever 1999, sections 88\u201395); brecciated dolomite with quartz bodies as far NE as Drip Rock; epigenetic Zn-Pb at Rock Lick Creek shows fluid flow on this trend.","elev_m":325.0,"da_cross_km2":0.076,"L_prim_km":439.6,"DA_prim_km2":171.78,"density":2.56,"pen_pct":9.0,"contact_slope_deg":29.1,"relief_1km_m":265.0,"incision_m":18.0,"slope200_deg":24.2,"grad300_pct":34.8,"grad_prim_pct":11.6,"prim_len_m":1184.0,"ext_len_m":1184.0,"S":1.0,"D":0.183,"E":0.853,"I":0.726,"Tt":0.432,"Rg":1.0,"G":1.0,"dist_outline_km":0.0,"doc_nearest":"Section 95 - Drip Rock (KY-89 roadcut)","doc_nearest_km":3.7,"doc_on_reach":"","report_on_reach":"","fault_dist_m":2956.0,"shares_reach_with_rank":null,"reasons":["Mapped Nada/Renfro contact on Alcorn GQ (verified from the map legend)","Large source supply: 439.6 km of mapped target contact drains into the primary search reach","Little Pennsylvanian sandstone upstream (9% of drainage) \u2014 fewer look-alike clasts","Steep slopes along the upstream contact (mean 29\u00b0) \u2014 active erosion/replenishment","Inside the KGS general Kentucky-agate area outline"],"negatives":["Steep reach (11.6%) \u2014 few bars; search pools, boulder lags and bank toes","Source channel is not in NHD \u2014 likely dry except after rain"],"evidence_quality":"A \u2014 verified contact, documented technical locality within 5 km in the same facies belt","citation":"Geologic map of the Alcorn quadrangle, east-central Kentucky | Charles L. Rice | 1972 (GQ-963)","walk_start":[37.61546,-84.00501],"source_zone_end":[37.60808,-84.00531]}},{"type":"Feature","geometry":{"type":"Point","coordinates":[-83.8711,37.8005]},"properties":{"id":5602,"rank":108,"priority":"MODERATE TARGET","score":72.4,"lat":37.8005,"lon":-83.8711,"county":"Powell","quad":"Stanton","gq":"GQ-1182","stream":"Unnamed ravine / small hollow, tributary to Hardwick Creek","channel":"ravine / small hollow","nhd":"intermittent (NHD)","contact_class":"VERIFIED TARGET CONTACT (combined-unit top)","geo_conf":"Moderate-high","line_symbol":"Mbna","polygon_pair":"Mb|Msla","contact_style":"SECONDARY","unit_below":"Renfro and Nada Members, undivided (Mbrn) \u2014 digital polygon Mb","unit_above":"St. Louis Limestone Member of Newman/Slade (Msla) above the combined Renfro+Nada unit (Mbrn)","interpretation":"Top of mapped Renfro+Nada unit (Mbrn), GQ-1182. Renfro commonly about 5 ft thick, so the target contact lies a few feet below this line.","facies":"Northeast part of the belt: Renfro thin (GQ legends: ~5\u201310 ft in Powell County) and mapped with the Nada; the Nada/Renfro contact lies only a few feet to ~10 m below the mapped line. Historic collecting centre (Irvine\u2013Estill\u2013Powell).","elev_m":348.0,"da_cross_km2":0.097,"L_prim_km":6.6,"DA_prim_km2":1.12,"density":5.9,"pen_pct":7.0,"contact_slope_deg":29.0,"relief_1km_m":167.0,"incision_m":24.0,"slope200_deg":17.5,"grad300_pct":24.3,"grad_prim_pct":9.7,"prim_len_m":1214.0,"ext_len_m":4011.0,"S":0.547,"D":0.96,"E":0.848,"I":0.607,"Tt":0.574,"Rg":1.0,"G":0.95,"dist_outline_km":0.0,"doc_nearest":"Section 95 - Drip Rock (KY-89 roadcut)","doc_nearest_km":24.0,"doc_on_reach":"","report_on_reach":"","fault_dist_m":2223.0,"shares_reach_with_rank":null,"reasons":["Mapped top of the Renfro+Nada unit; target contact lies a few feet to ~10 m lower in the same channel","Concentrated source: 5.9 km of contact per km\u00b2 of drainage (little dilution)","Little Pennsylvanian sandstone upstream (7% of drainage) \u2014 fewer look-alike clasts","Steep slopes along the upstream contact (mean 29\u00b0) \u2014 active erosion/replenishment","Inside the KGS general Kentucky-agate area outline"],"negatives":["Nada/Renfro contact not drawn separately on this quadrangle","Steep reach (9.7%) \u2014 few bars; search pools, boulder lags and bank toes"],"evidence_quality":"B \u2014 verified contact inside KGS agate area; no measured section on this drainage","citation":"Geologic map of the Stanton quadrangle, Powell and Estill Counties, Kentucky | Gordon Whitney Weir | 1974 (GQ-1182)","walk_start":[37.79097,-83.87305],"source_zone_end":[37.79975,-83.87109]}},{"type":"Feature","geometry":{"type":"Point","coordinates":[-83.9917,37.6088]},"properties":{"id":1768,"rank":109,"priority":"MODERATE TARGET","score":72.4,"lat":37.6088,"lon":-83.9917,"county":"Estill","quad":"Leighton","gq":"GQ-1495","stream":"Unnamed hollow head, tributary to Edwards Branch","channel":"hollow head","nhd":"not in NHD \u2014 DEM-derived channel (likely ephemeral hollow)","contact_class":"VERIFIED TARGET CONTACT (combined-unit top)","geo_conf":"Moderate-high","line_symbol":"Mbna","polygon_pair":"Mb|Msla","contact_style":"SECONDARY","unit_below":"Renfro and Nada Members, undivided (Mbrn) \u2014 digital polygon Mb","unit_above":"St. Louis Limestone Member of Newman/Slade (Msla) above the combined Renfro+Nada unit (Mbrn)","interpretation":"Top of mapped Renfro+Nada unit (Mbrn), GQ-1495. Nada: greenish and grayish-red shale with mid-unit glauconitic seam and silty dolomite beds near top.","facies":"Along/east of the projected Locust Branch Fault trend: Renfro 6.3\u20139.7 m resting on Nada shale (Dever 1999, sections 88\u201395); brecciated dolomite with quartz bodies as far NE as Drip Rock; epigenetic Zn-Pb at Rock Lick Creek shows fluid flow on this trend.","elev_m":316.0,"da_cross_km2":0.017,"L_prim_km":15.0,"DA_prim_km2":3.27,"density":4.59,"pen_pct":46.0,"contact_slope_deg":31.9,"relief_1km_m":200.0,"incision_m":7.0,"slope200_deg":23.0,"grad300_pct":23.2,"grad_prim_pct":8.1,"prim_len_m":1202.0,"ext_len_m":4014.0,"S":0.747,"D":0.643,"E":0.994,"I":0.52,"Tt":0.691,"Rg":1.0,"G":0.95,"dist_outline_km":0.0,"doc_nearest":"Section 95 - Drip Rock (KY-89 roadcut)","doc_nearest_km":2.7,"doc_on_reach":"","report_on_reach":"Middle Fork Station Camp Creek","fault_dist_m":3874.0,"shares_reach_with_rank":null,"reasons":["Mapped top of the Renfro+Nada unit; target contact lies a few feet to ~10 m lower in the same channel","Steep slopes along the upstream contact (mean 32\u00b0) \u2014 active erosion/replenishment","Inside the KGS general Kentucky-agate area outline","2.7 km from documented locality: Section 95 - Drip Rock (KY-89 roadcut)"],"negatives":["Nada/Renfro contact not drawn separately on this quadrangle","Weak incision at the contact (7 m)","Steep reach (8.1%) \u2014 few bars; search pools, boulder lags and bank toes","Source channel is not in NHD \u2014 likely dry except after rain"],"evidence_quality":"B \u2014 verified contact inside KGS agate area; no measured section on this drainage","citation":"Geologic map of the Leighton quadrangle, east-central Kentucky | Donald C. Haney and Charles L. Rice | 1978 (GQ-1495)","walk_start":[37.61052,-83.98075],"source_zone_end":[37.60844,-83.99125]}},{"type":"Feature","geometry":{"type":"Point","coordinates":[-83.9341,37.5407]},"properties":{"id":2289,"rank":110,"priority":"MODERATE TARGET","score":72.3,"lat":37.5407,"lon":-83.9341,"county":"Jackson","quad":"Leighton","gq":"GQ-1495","stream":"Unnamed hollow head, tributary to Mill Seat Branch","channel":"hollow head","nhd":"not in NHD \u2014 DEM-derived channel (likely ephemeral hollow)","contact_class":"VERIFIED TARGET CONTACT (combined-unit top)","geo_conf":"Moderate-high","line_symbol":"Mbna","polygon_pair":"Mb|Msla","contact_style":"SECONDARY","unit_below":"Renfro and Nada Members, undivided (Mbrn) \u2014 digital polygon Mb","unit_above":"St. Louis Limestone Member of Newman/Slade (Msla) above the combined Renfro+Nada unit (Mbrn)","interpretation":"Top of mapped Renfro+Nada unit (Mbrn), GQ-1495. Nada: greenish and grayish-red shale with mid-unit glauconitic seam and silty dolomite beds near top.","facies":"Along/east of the projected Locust Branch Fault trend: Renfro 6.3\u20139.7 m resting on Nada shale (Dever 1999, sections 88\u201395); brecciated dolomite with quartz bodies as far NE as Drip Rock; epigenetic Zn-Pb at Rock Lick Creek shows fluid flow on this trend.","elev_m":250.0,"da_cross_km2":0.02,"L_prim_km":219.7,"DA_prim_km2":151.57,"density":1.45,"pen_pct":64.0,"contact_slope_deg":29.2,"relief_1km_m":185.0,"incision_m":48.0,"slope200_deg":21.1,"grad300_pct":9.1,"grad_prim_pct":7.2,"prim_len_m":570.0,"ext_len_m":570.0,"S":1.0,"D":0.09,"E":0.861,"I":0.876,"Tt":0.757,"Rg":1.0,"G":0.95,"dist_outline_km":0.0,"doc_nearest":"Section 95 - Drip Rock (KY-89 roadcut)","doc_nearest_km":6.9,"doc_on_reach":"","report_on_reach":"South Fork Station Camp Creek","fault_dist_m":12610.0,"shares_reach_with_rank":null,"reasons":["Mapped top of the Renfro+Nada unit; target contact lies a few feet to ~10 m lower in the same channel","Large source supply: 219.7 km of mapped target contact drains into the primary search reach","Steep slopes along the upstream contact (mean 29\u00b0) \u2014 active erosion/replenishment","Deeply incised channel at the contact (48 m below the \u00b1200 m mean surface)","Inside the KGS general Kentucky-agate area outline"],"negatives":["Nada/Renfro contact not drawn separately on this quadrangle","Diluted: only 1.4 km contact per km\u00b2 drainage","64% of drainage is Pennsylvanian sandstone/conglomerate \u2014 abundant non-target gravel","Source channel is not in NHD \u2014 likely dry except after rain"],"evidence_quality":"B \u2014 verified contact inside KGS agate area; no measured section on this drainage","citation":"Geologic map of the Leighton quadrangle, east-central Kentucky | Donald C. Haney and Charles L. Rice | 1978 (GQ-1495)","walk_start":[37.54014,-83.92814],"source_zone_end":[37.54026,-83.93266]}},{"type":"Feature","geometry":{"type":"Point","coordinates":[-83.7265,37.7853]},"properties":{"id":5588,"rank":111,"priority":"MODERATE TARGET","score":72.3,"lat":37.7853,"lon":-83.7265,"county":"Powell","quad":"Slade","gq":"GQ-1183","stream":"Unnamed ravine / small hollow, tributary to South Fork Red River","channel":"ravine / small hollow","nhd":"not in NHD \u2014 DEM-derived channel (likely ephemeral hollow)","contact_class":"VERIFIED TARGET CONTACT (combined-unit top)","geo_conf":"Moderate-high","line_symbol":"Mbna","polygon_pair":"Mb|Msla","contact_style":"SECONDARY","unit_below":"Renfro and Nada Members, undivided (Mbrn) \u2014 digital polygon Mb","unit_above":"St. Louis Limestone Member of Newman/Slade (Msla) above the combined Renfro+Nada unit (Mbrn)","interpretation":"Top of mapped Renfro+Nada unit (Mbrn), GQ-1183 (Nada type locality). Renfro commonly about 10 ft thick.","facies":"Northeast part of the belt: Renfro thin (GQ legends: ~5\u201310 ft in Powell County) and mapped with the Nada; the Nada/Renfro contact lies only a few feet to ~10 m below the mapped line. Historic collecting centre (Irvine\u2013Estill\u2013Powell).","elev_m":272.0,"da_cross_km2":0.096,"L_prim_km":115.1,"DA_prim_km2":49.79,"density":2.31,"pen_pct":70.0,"contact_slope_deg":22.7,"relief_1km_m":195.0,"incision_m":30.0,"slope200_deg":20.6,"grad300_pct":8.9,"grad_prim_pct":4.9,"prim_len_m":1219.0,"ext_len_m":4009.0,"S":1.0,"D":0.233,"E":0.534,"I":0.784,"Tt":0.932,"Rg":1.0,"G":0.95,"dist_outline_km":0.0,"doc_nearest":"Section 95 - Drip Rock (KY-89 roadcut)","doc_nearest_km":29.6,"doc_on_reach":"","report_on_reach":"","fault_dist_m":1841.0,"shares_reach_with_rank":null,"reasons":["Mapped top of the Renfro+Nada unit; target contact lies a few feet to ~10 m lower in the same channel","Large source supply: 115.1 km of mapped target contact drains into the primary search reach","Inside the KGS general Kentucky-agate area outline"],"negatives":["Nada/Renfro contact not drawn separately on this quadrangle","70% of drainage is Pennsylvanian sandstone/conglomerate \u2014 abundant non-target gravel","Source channel is not in NHD \u2014 likely dry except after rain"],"evidence_quality":"B \u2014 verified contact inside KGS agate area; no measured section on this drainage","citation":"Geologic map of the Slade quadrangle, east-central Kentucky | Gordon Whitney Weir | 1974 (GQ-1183)","walk_start":[37.78617,-83.73588],"source_zone_end":[37.78413,-83.72757]}},{"type":"Feature","geometry":{"type":"Point","coordinates":[-83.8995,37.7359]},"properties":{"id":5844,"rank":112,"priority":"MODERATE TARGET","score":72.2,"lat":37.7359,"lon":-83.8995,"county":"Estill","quad":"Irvine","gq":"GQ-1285","stream":"Unnamed ravine / small hollow, tributary to Rogers Fork","channel":"ravine / small hollow","nhd":"not in NHD \u2014 DEM-derived channel (likely ephemeral hollow)","contact_class":"VERIFIED TARGET CONTACT (combined-unit top)","geo_conf":"Moderate-high","line_symbol":"Mbna","polygon_pair":"Mb|Msla","contact_style":"SECONDARY","unit_below":"Renfro and Nada Members, undivided (Mbrn) \u2014 digital polygon Mb","unit_above":"St. Louis Limestone Member of Newman/Slade (Msla) above the combined Renfro+Nada unit (Mbrn)","interpretation":"Top of mapped Renfro+Nada unit (Mbrn), GQ-1285. The Nada/Renfro contact itself is not drawn; it lies one Renfro thickness below this line (Renfro thickest NE, thinnest near Wagersville).","facies":"Northeast part of the belt: Renfro thin (GQ legends: ~5\u201310 ft in Powell County) and mapped with the Nada; the Nada/Renfro contact lies only a few feet to ~10 m below the mapped line. Historic collecting centre (Irvine\u2013Estill\u2013Powell).","elev_m":350.0,"da_cross_km2":0.119,"L_prim_km":18.1,"DA_prim_km2":5.63,"density":3.21,"pen_pct":25.0,"contact_slope_deg":31.3,"relief_1km_m":196.0,"incision_m":27.0,"slope200_deg":17.4,"grad300_pct":19.4,"grad_prim_pct":10.1,"prim_len_m":1217.0,"ext_len_m":4018.0,"S":0.794,"D":0.488,"E":0.963,"I":0.754,"Tt":0.544,"Rg":1.0,"G":0.95,"dist_outline_km":0.0,"doc_nearest":"Section 95 - Drip Rock (KY-89 roadcut)","doc_nearest_km":16.4,"doc_on_reach":"","report_on_reach":"","fault_dist_m":1041.0,"shares_reach_with_rank":null,"reasons":["Mapped top of the Renfro+Nada unit; target contact lies a few feet to ~10 m lower in the same channel","Steep slopes along the upstream contact (mean 31\u00b0) \u2014 active erosion/replenishment","Inside the KGS general Kentucky-agate area outline"],"negatives":["Nada/Renfro contact not drawn separately on this quadrangle","Steep reach (10.1%) \u2014 few bars; search pools, boulder lags and bank toes","Source channel is not in NHD \u2014 likely dry except after rain"],"evidence_quality":"B \u2014 verified contact inside KGS agate area; no measured section on this drainage","citation":"Geologic map of the Irvine quadrangle, Estill County, Kentucky | Harry P. Hoge, Perry Braswell Wigley, and Fred R. Shawe | 1976 (GQ-1285)","walk_start":[37.73018,-83.89103],"source_zone_end":[37.73525,-83.89876]}},{"type":"Feature","geometry":{"type":"Point","coordinates":[-83.9785,37.6701]},"properties":{"id":4127,"rank":113,"priority":"MODERATE TARGET","score":72.1,"lat":37.6701,"lon":-83.9785,"county":"Estill","quad":"Irvine","gq":"GQ-1285","stream":"Unnamed hollow head, tributary to Scrivener Branch","channel":"hollow head","nhd":"not in NHD \u2014 DEM-derived channel (likely ephemeral hollow)","contact_class":"VERIFIED TARGET CONTACT (combined-unit top)","geo_conf":"Moderate-high","line_symbol":"Mbna","polygon_pair":"Mb|Msla","contact_style":"SECONDARY","unit_below":"Renfro and Nada Members, undivided (Mbrn) \u2014 digital polygon Mb","unit_above":"St. Louis Limestone Member of Newman/Slade (Msla) above the combined Renfro+Nada unit (Mbrn)","interpretation":"Top of mapped Renfro+Nada unit (Mbrn), GQ-1285. The Nada/Renfro contact itself is not drawn; it lies one Renfro thickness below this line (Renfro thickest NE, thinnest near Wagersville).","facies":"Northeast part of the belt: Renfro thin (GQ legends: ~5\u201310 ft in Powell County) and mapped with the Nada; the Nada/Renfro contact lies only a few feet to ~10 m below the mapped line. Historic collecting centre (Irvine\u2013Estill\u2013Powell).","elev_m":345.0,"da_cross_km2":0.041,"L_prim_km":10.9,"DA_prim_km2":2.04,"density":5.34,"pen_pct":13.0,"contact_slope_deg":34.2,"relief_1km_m":206.0,"incision_m":8.0,"slope200_deg":19.2,"grad300_pct":30.4,"grad_prim_pct":13.3,"prim_len_m":1203.0,"ext_len_m":1541.0,"S":0.666,"D":0.848,"E":1.0,"I":0.551,"Tt":0.4,"Rg":1.0,"G":0.95,"dist_outline_km":0.0,"doc_nearest":"Section 95 - Drip Rock (KY-89 roadcut)","doc_nearest_km":8.2,"doc_on_reach":"","report_on_reach":"","fault_dist_m":598.0,"shares_reach_with_rank":null,"reasons":["Mapped top of the Renfro+Nada unit; target contact lies a few feet to ~10 m lower in the same channel","Concentrated source: 5.3 km of contact per km\u00b2 of drainage (little dilution)","Little Pennsylvanian sandstone upstream (13% of drainage) \u2014 fewer look-alike clasts","Steep slopes along the upstream contact (mean 34\u00b0) \u2014 active erosion/replenishment","Inside the KGS general Kentucky-agate area outline"],"negatives":["Nada/Renfro contact not drawn separately on this quadrangle","Weak incision at the contact (8 m)","Steep reach (13.3%) \u2014 few bars; search pools, boulder lags and bank toes","Source channel is not in NHD \u2014 likely dry except after rain"],"evidence_quality":"B \u2014 verified contact inside KGS agate area; no measured section on this drainage","citation":"Geologic map of the Irvine quadrangle, Estill County, Kentucky | Harry P. Hoge, Perry Braswell Wigley, and Fred R. Shawe | 1976 (GQ-1285)","walk_start":[37.66192,-83.98252],"source_zone_end":[37.66976,-83.97925]}},{"type":"Feature","geometry":{"type":"Point","coordinates":[-83.6976,37.8838]},"properties":{"id":6346,"rank":114,"priority":"MODERATE TARGET","score":72.0,"lat":37.8838,"lon":-83.6976,"county":"Menifee","quad":"Frenchburg","gq":"GQ-1390","stream":"Unnamed ravine / small hollow, tributary to Camp Branch","channel":"ravine / small hollow","nhd":"not in NHD \u2014 DEM-derived channel (likely ephemeral hollow)","contact_class":"VERIFIED TARGET CONTACT (combined-unit top)","geo_conf":"Moderate-high","line_symbol":"Mbna","polygon_pair":"Mb|Msla","contact_style":"SECONDARY","unit_below":"Renfro and Nada Members, undivided (Mbrn) \u2014 digital polygon Mb","unit_above":"St. Louis Limestone Member of Newman/Slade (Msla) above the combined Renfro+Nada unit (Mbrn)","interpretation":"Top of mapped Renfro+Nada unit (Mbrn), GQ-1390. Target contact lies one Renfro thickness below this line.","facies":"Northeast part of the belt: Renfro thin (GQ legends: ~5\u201310 ft in Powell County) and mapped with the Nada; the Nada/Renfro contact lies only a few feet to ~10 m below the mapped line. Historic collecting centre (Irvine\u2013Estill\u2013Powell).","elev_m":284.0,"da_cross_km2":0.2,"L_prim_km":42.7,"DA_prim_km2":7.81,"density":5.47,"pen_pct":46.0,"contact_slope_deg":20.2,"relief_1km_m":154.0,"incision_m":42.0,"slope200_deg":25.5,"grad300_pct":8.2,"grad_prim_pct":3.5,"prim_len_m":1222.0,"ext_len_m":4018.0,"S":1.0,"D":0.764,"E":0.409,"I":0.764,"Tt":1.0,"Rg":0.5,"G":0.95,"dist_outline_km":6.8,"doc_nearest":"Section 95 - Drip Rock (KY-89 roadcut)","doc_nearest_km":39.5,"doc_on_reach":"","report_on_reach":"","fault_dist_m":12759.0,"shares_reach_with_rank":null,"reasons":["Mapped top of the Renfro+Nada unit; target contact lies a few feet to ~10 m lower in the same channel","Large source supply: 42.7 km of mapped target contact drains into the primary search reach","Concentrated source: 5.5 km of contact per km\u00b2 of drainage (little dilution)","Deeply incised channel at the contact (42 m below the \u00b1200 m mean surface)","Moderate reach gradient (3.5%) \u2014 gravel bars likely"],"negatives":["Nada/Renfro contact not drawn separately on this quadrangle","6.8 km outside the KGS general agate area","Source channel is not in NHD \u2014 likely dry except after rain"],"evidence_quality":"C \u2014 verified contact outside the documented agate area","citation":"Geologic map of the Frenchburg quadrangle, east-central Kentucky | Harry P. Hoge | 1977 (GQ-1390)","walk_start":[37.87846,-83.70498],"source_zone_end":[37.88371,-83.69952]}},{"type":"Feature","geometry":{"type":"Point","coordinates":[-83.7376,37.7637]},"properties":{"id":5094,"rank":115,"priority":"MODERATE TARGET","score":72.0,"lat":37.7637,"lon":-83.7376,"county":"Powell","quad":"Slade","gq":"GQ-1183","stream":"Unnamed ravine / small hollow, tributary to Stump Cave Branch","channel":"ravine / small hollow","nhd":"not in NHD \u2014 DEM-derived channel (likely ephemeral hollow)","contact_class":"VERIFIED TARGET CONTACT (combined-unit top)","geo_conf":"Moderate-high","line_symbol":"Mbna","polygon_pair":"Mb|Msla","contact_style":"SECONDARY","unit_below":"Renfro and Nada Members, undivided (Mbrn) \u2014 digital polygon Mb","unit_above":"St. Louis Limestone Member of Newman/Slade (Msla) above the combined Renfro+Nada unit (Mbrn)","interpretation":"Top of mapped Renfro+Nada unit (Mbrn), GQ-1183 (Nada type locality). Renfro commonly about 10 ft thick.","facies":"Northeast part of the belt: Renfro thin (GQ legends: ~5\u201310 ft in Powell County) and mapped with the Nada; the Nada/Renfro contact lies only a few feet to ~10 m below the mapped line. Historic collecting centre (Irvine\u2013Estill\u2013Powell).","elev_m":239.0,"da_cross_km2":0.069,"L_prim_km":61.1,"DA_prim_km2":27.21,"density":2.25,"pen_pct":65.0,"contact_slope_deg":21.0,"relief_1km_m":160.0,"incision_m":34.0,"slope200_deg":21.0,"grad300_pct":3.3,"grad_prim_pct":1.7,"prim_len_m":1217.0,"ext_len_m":4009.0,"S":1.0,"D":0.282,"E":0.451,"I":0.712,"Tt":1.0,"Rg":1.0,"G":0.95,"dist_outline_km":0.0,"doc_nearest":"Section 95 - Drip Rock (KY-89 roadcut)","doc_nearest_km":27.2,"doc_on_reach":"","report_on_reach":"","fault_dist_m":325.0,"shares_reach_with_rank":null,"reasons":["Mapped top of the Renfro+Nada unit; target contact lies a few feet to ~10 m lower in the same channel","Large source supply: 61.1 km of mapped target contact drains into the primary search reach","Deeply incised channel at the contact (34 m below the \u00b1200 m mean surface)","Moderate reach gradient (1.7%) \u2014 gravel bars likely","Inside the KGS general Kentucky-agate area outline"],"negatives":["Nada/Renfro contact not drawn separately on this quadrangle","65% of drainage is Pennsylvanian sandstone/conglomerate \u2014 abundant non-target gravel","Source channel is not in NHD \u2014 likely dry except after rain"],"evidence_quality":"B \u2014 verified contact inside KGS agate area; no measured section on this drainage","citation":"Geologic map of the Slade quadrangle, east-central Kentucky | Gordon Whitney Weir | 1974 (GQ-1183)","walk_start":[37.77202,-83.73923],"source_zone_end":[37.76824,-83.7394]}},{"type":"Feature","geometry":{"type":"Point","coordinates":[-83.9633,37.5538]},"properties":{"id":5704,"rank":116,"priority":"MODERATE TARGET","score":72.0,"lat":37.5538,"lon":-83.9633,"county":"Jackson","quad":"Leighton","gq":"GQ-1495","stream":"Unnamed ravine / small hollow","channel":"ravine / small hollow","nhd":"not in NHD \u2014 DEM-derived channel (likely ephemeral hollow)","contact_class":"VERIFIED TARGET CONTACT (combined-unit top)","geo_conf":"Moderate-high","line_symbol":"Mbna","polygon_pair":"Mb|Msla","contact_style":"SECONDARY","unit_below":"Renfro and Nada Members, undivided (Mbrn) \u2014 digital polygon Mb","unit_above":"St. Louis Limestone Member of Newman/Slade (Msla) above the combined Renfro+Nada unit (Mbrn)","interpretation":"Top of mapped Renfro+Nada unit (Mbrn), GQ-1495. Nada: greenish and grayish-red shale with mid-unit glauconitic seam and silty dolomite beds near top.","facies":"Along/east of the projected Locust Branch Fault trend: Renfro 6.3\u20139.7 m resting on Nada shale (Dever 1999, sections 88\u201395); brecciated dolomite with quartz bodies as far NE as Drip Rock; epigenetic Zn-Pb at Rock Lick Creek shows fluid flow on this trend.","elev_m":274.0,"da_cross_km2":0.105,"L_prim_km":144.0,"DA_prim_km2":109.78,"density":1.31,"pen_pct":61.0,"contact_slope_deg":29.3,"relief_1km_m":187.0,"incision_m":37.0,"slope200_deg":19.8,"grad300_pct":11.1,"grad_prim_pct":7.2,"prim_len_m":723.0,"ext_len_m":723.0,"S":1.0,"D":0.099,"E":0.866,"I":0.84,"Tt":0.759,"Rg":1.0,"G":0.95,"dist_outline_km":0.0,"doc_nearest":"Section 95 - Drip Rock (KY-89 roadcut)","doc_nearest_km":4.9,"doc_on_reach":"","report_on_reach":"South Fork Station Camp Creek","fault_dist_m":9817.0,"shares_reach_with_rank":null,"reasons":["Mapped top of the Renfro+Nada unit; target contact lies a few feet to ~10 m lower in the same channel","Large source supply: 144.0 km of mapped target contact drains into the primary search reach","Steep slopes along the upstream contact (mean 29\u00b0) \u2014 active erosion/replenishment","Deeply incised channel at the contact (37 m below the \u00b1200 m mean surface)","Inside the KGS general Kentucky-agate area outline"],"negatives":["Nada/Renfro contact not drawn separately on this quadrangle","Diluted: only 1.3 km contact per km\u00b2 drainage","61% of drainage is Pennsylvanian sandstone/conglomerate \u2014 abundant non-target gravel","Source channel is not in NHD \u2014 likely dry except after rain"],"evidence_quality":"B \u2014 verified contact inside KGS agate area; no measured section on this drainage","citation":"Geologic map of the Leighton quadrangle, east-central Kentucky | Donald C. Haney and Charles L. Rice | 1978 (GQ-1495)","walk_start":[37.55712,-83.95778],"source_zone_end":[37.55418,-83.96242]}},{"type":"Feature","geometry":{"type":"Point","coordinates":[-84.2596,37.4466]},"properties":{"id":3055,"rank":117,"priority":"MODERATE TARGET","score":72.0,"lat":37.4466,"lon":-84.2596,"county":"Rockcastle","quad":"Wildie","gq":"GQ-684","stream":"Unnamed hollow head, tributary to Clear Creek","channel":"hollow head","nhd":"intermittent (NHD)","contact_class":"PROBABLE STRATIGRAPHIC EQUIVALENT","geo_conf":"Moderate","line_symbol":"Mbw","polygon_pair":"Mb|Mbr","contact_style":"CONTACT","unit_below":"Wildie Member (Mbw), Borden Fm","unit_above":"Renfro Member (Mbr)","interpretation":"Base of Renfro Member on Wildie Member (Mbw), GQ-684; upper-Nada stratigraphic equivalent.","facies":"Rockcastle County Wildie belt: upper-Nada lithosome (Wildie Member) beneath the Renfro south of the arbitrary Berea cutoff; quartz geodes documented in Renfro/Muldraugh-equivalent carbonates nearby.","elev_m":339.0,"da_cross_km2":0.026,"L_prim_km":220.1,"DA_prim_km2":43.06,"density":5.11,"pen_pct":21.0,"contact_slope_deg":22.7,"relief_1km_m":146.0,"incision_m":43.0,"slope200_deg":25.3,"grad300_pct":6.8,"grad_prim_pct":3.7,"prim_len_m":1207.0,"ext_len_m":4002.0,"S":1.0,"D":0.666,"E":0.533,"I":0.737,"Tt":1.0,"Rg":1.0,"G":0.85,"dist_outline_km":0.0,"doc_nearest":"KSPG 2013 Stop 6B - Bighill roadcut, US-421","doc_nearest_km":10.1,"doc_on_reach":"","report_on_reach":"","fault_dist_m":8195.0,"shares_reach_with_rank":null,"reasons":["Large source supply: 220.1 km of mapped target contact drains into the primary search reach","Concentrated source: 5.1 km of contact per km\u00b2 of drainage (little dilution)","Deeply incised channel at the contact (43 m below the \u00b1200 m mean surface)","Moderate reach gradient (3.7%) \u2014 gravel bars likely","Inside the KGS general Kentucky-agate area outline"],"negatives":["Wildie Member = upper-Nada equivalent under a different name (probable, not verified)"],"evidence_quality":"C \u2014 probable equivalent","citation":"Geologic map of the Wildie quadrangle, Garrard and Rockcastle Counties, Kentucky | James Louis Gualtieri | 1968 (GQ-684)","walk_start":[37.44529,-84.27062],"source_zone_end":[37.44669,-84.26108]}},{"type":"Feature","geometry":{"type":"Point","coordinates":[-83.9696,37.6557]},"properties":{"id":4821,"rank":118,"priority":"MODERATE TARGET","score":71.9,"lat":37.6557,"lon":-83.9696,"county":"Estill","quad":"Irvine","gq":"GQ-1285","stream":"Unnamed ravine / small hollow","channel":"ravine / small hollow","nhd":"not in NHD \u2014 DEM-derived channel (likely ephemeral hollow)","contact_class":"VERIFIED TARGET CONTACT (combined-unit top)","geo_conf":"Moderate-high","line_symbol":"Mbna","polygon_pair":"Mb|Msla","contact_style":"SECONDARY","unit_below":"Renfro and Nada Members, undivided (Mbrn) \u2014 digital polygon Mb","unit_above":"St. Louis Limestone Member of Newman/Slade (Msla) above the combined Renfro+Nada unit (Mbrn)","interpretation":"Top of mapped Renfro+Nada unit (Mbrn), GQ-1285. The Nada/Renfro contact itself is not drawn; it lies one Renfro thickness below this line (Renfro thickest NE, thinnest near Wagersville).","facies":"Northeast part of the belt: Renfro thin (GQ legends: ~5\u201310 ft in Powell County) and mapped with the Nada; the Nada/Renfro contact lies only a few feet to ~10 m below the mapped line. Historic collecting centre (Irvine\u2013Estill\u2013Powell).","elev_m":331.0,"da_cross_km2":0.059,"L_prim_km":6.3,"DA_prim_km2":0.93,"density":6.75,"pen_pct":18.0,"contact_slope_deg":28.5,"relief_1km_m":179.0,"incision_m":28.0,"slope200_deg":21.7,"grad300_pct":17.2,"grad_prim_pct":11.0,"prim_len_m":1202.0,"ext_len_m":1968.0,"S":0.535,"D":0.938,"E":0.823,"I":0.705,"Tt":0.477,"Rg":1.0,"G":0.95,"dist_outline_km":0.0,"doc_nearest":"Section 95 - Drip Rock (KY-89 roadcut)","doc_nearest_km":6.5,"doc_on_reach":"","report_on_reach":"","fault_dist_m":2385.0,"shares_reach_with_rank":null,"reasons":["Mapped top of the Renfro+Nada unit; target contact lies a few feet to ~10 m lower in the same channel","Concentrated source: 6.8 km of contact per km\u00b2 of drainage (little dilution)","Little Pennsylvanian sandstone upstream (18% of drainage) \u2014 fewer look-alike clasts","Steep slopes along the upstream contact (mean 28\u00b0) \u2014 active erosion/replenishment","Inside the KGS general Kentucky-agate area outline"],"negatives":["Nada/Renfro contact not drawn separately on this quadrangle","Steep reach (11.0%) \u2014 few bars; search pools, boulder lags and bank toes","Source channel is not in NHD \u2014 likely dry except after rain"],"evidence_quality":"B \u2014 verified contact inside KGS agate area; no measured section on this drainage","citation":"Geologic map of the Irvine quadrangle, Estill County, Kentucky | Harry P. Hoge, Perry Braswell Wigley, and Fred R. Shawe | 1976 (GQ-1285)","walk_start":[37.6477,-83.97629],"source_zone_end":[37.65494,-83.97033]}},{"type":"Feature","geometry":{"type":"Point","coordinates":[-83.9532,37.5708]},"properties":{"id":6716,"rank":119,"priority":"MODERATE TARGET","score":71.9,"lat":37.5708,"lon":-83.9532,"county":"Jackson","quad":"Leighton","gq":"GQ-1495","stream":"Unnamed ravine / small hollow","channel":"ravine / small hollow","nhd":"intermittent (NHD)","contact_class":"VERIFIED TARGET CONTACT (combined-unit top)","geo_conf":"Moderate-high","line_symbol":"Mbna","polygon_pair":"Mb|Msla","contact_style":"SECONDARY","unit_below":"Renfro and Nada Members, undivided (Mbrn) \u2014 digital polygon Mb","unit_above":"St. Louis Limestone Member of Newman/Slade (Msla) above the combined Renfro+Nada unit (Mbrn)","interpretation":"Top of mapped Renfro+Nada unit (Mbrn), GQ-1495. Nada: greenish and grayish-red shale with mid-unit glauconitic seam and silty dolomite beds near top.","facies":"Along/east of the projected Locust Branch Fault trend: Renfro 6.3\u20139.7 m resting on Nada shale (Dever 1999, sections 88\u201395); brecciated dolomite with quartz bodies as far NE as Drip Rock; epigenetic Zn-Pb at Rock Lick Creek shows fluid flow on this trend.","elev_m":288.0,"da_cross_km2":0.333,"L_prim_km":153.0,"DA_prim_km2":111.68,"density":1.37,"pen_pct":60.0,"contact_slope_deg":29.3,"relief_1km_m":193.0,"incision_m":35.0,"slope200_deg":18.7,"grad300_pct":11.4,"grad_prim_pct":7.6,"prim_len_m":886.0,"ext_len_m":886.0,"S":1.0,"D":0.102,"E":0.864,"I":0.848,"Tt":0.729,"Rg":1.0,"G":0.95,"dist_outline_km":0.0,"doc_nearest":"Section 95 - Drip Rock (KY-89 roadcut)","doc_nearest_km":3.1,"doc_on_reach":"","report_on_reach":"South Fork Station Camp Creek","fault_dist_m":9065.0,"shares_reach_with_rank":null,"reasons":["Mapped top of the Renfro+Nada unit; target contact lies a few feet to ~10 m lower in the same channel","Large source supply: 153.0 km of mapped target contact drains into the primary search reach","Steep slopes along the upstream contact (mean 29\u00b0) \u2014 active erosion/replenishment","Deeply incised channel at the contact (35 m below the \u00b1200 m mean surface)","Inside the KGS general Kentucky-agate area outline"],"negatives":["Nada/Renfro contact not drawn separately on this quadrangle","Diluted: only 1.4 km contact per km\u00b2 drainage","60% of drainage is Pennsylvanian sandstone/conglomerate \u2014 abundant non-target gravel"],"evidence_quality":"B \u2014 verified contact inside KGS agate area; no measured section on this drainage","citation":"Geologic map of the Leighton quadrangle, east-central Kentucky | Donald C. Haney and Charles L. Rice | 1978 (GQ-1495)","walk_start":[37.56397,-83.95071],"source_zone_end":[37.56995,-83.95182]}},{"type":"Feature","geometry":{"type":"Point","coordinates":[-83.9673,37.5694]},"properties":{"id":7218,"rank":120,"priority":"MODERATE TARGET","score":71.9,"lat":37.5694,"lon":-83.9673,"county":"Jackson","quad":"Leighton","gq":"GQ-1495","stream":"Unnamed branch","channel":"branch","nhd":"intermittent (NHD)","contact_class":"VERIFIED TARGET CONTACT (combined-unit top)","geo_conf":"Moderate-high","line_symbol":"Mbna","polygon_pair":"Mb|Msla","contact_style":"SECONDARY","unit_below":"Renfro and Nada Members, undivided (Mbrn) \u2014 digital polygon Mb","unit_above":"St. Louis Limestone Member of Newman/Slade (Msla) above the combined Renfro+Nada unit (Mbrn)","interpretation":"Top of mapped Renfro+Nada unit (Mbrn), GQ-1495. Nada: greenish and grayish-red shale with mid-unit glauconitic seam and silty dolomite beds near top.","facies":"Along/east of the projected Locust Branch Fault trend: Renfro 6.3\u20139.7 m resting on Nada shale (Dever 1999, sections 88\u201395); brecciated dolomite with quartz bodies as far NE as Drip Rock; epigenetic Zn-Pb at Rock Lick Creek shows fluid flow on this trend.","elev_m":290.0,"da_cross_km2":1.352,"L_prim_km":136.1,"DA_prim_km2":108.12,"density":1.26,"pen_pct":61.0,"contact_slope_deg":29.4,"relief_1km_m":158.0,"incision_m":42.0,"slope200_deg":22.3,"grad300_pct":5.9,"grad_prim_pct":6.1,"prim_len_m":1069.0,"ext_len_m":1069.0,"S":1.0,"D":0.095,"E":0.871,"I":0.777,"Tt":0.839,"Rg":1.0,"G":0.95,"dist_outline_km":0.0,"doc_nearest":"Section 95 - Drip Rock (KY-89 roadcut)","doc_nearest_km":3.1,"doc_on_reach":"","report_on_reach":"South Fork Station Camp Creek","fault_dist_m":8272.0,"shares_reach_with_rank":null,"reasons":["Mapped top of the Renfro+Nada unit; target contact lies a few feet to ~10 m lower in the same channel","Large source supply: 136.1 km of mapped target contact drains into the primary search reach","Steep slopes along the upstream contact (mean 29\u00b0) \u2014 active erosion/replenishment","Deeply incised channel at the contact (42 m below the \u00b1200 m mean surface)","Inside the KGS general Kentucky-agate area outline"],"negatives":["Nada/Renfro contact not drawn separately on this quadrangle","Diluted: only 1.3 km contact per km\u00b2 drainage","61% of drainage is Pennsylvanian sandstone/conglomerate \u2014 abundant non-target gravel"],"evidence_quality":"B \u2014 verified contact inside KGS agate area; no measured section on this drainage","citation":"Geologic map of the Leighton quadrangle, east-central Kentucky | Donald C. Haney and Charles L. Rice | 1978 (GQ-1495)","walk_start":[37.56114,-83.96667],"source_zone_end":[37.56692,-83.96711]}}]}